:020000040800F2
:1000000028290020CD01000865490008AD2D000811
:10001000FD48000875030008615900080000000051
:100020000000000000000000000000001D5000085B
:10003000DD03000800000000F14B000875500008C7
:10004000E7010008E7010008E7010008E7010008F0
:10005000E7010008E7010008010B0008190B000880
:10006000310B0008E7010008490B0008E701000810
:100070007903000889030008E7010008E701000888
:10008000E7010008E701000871030008E701000824
:10009000E7010008E7010008E7010008610B00081C
:1000A000E701000811510008E7010008E701000816
:1000B000E70100080152000805520008E7010008A6
:1000C000E7010008E7010008E7010008654C0008A7
:1000D000E701000841590008E701000851590008EC
:1000E000E7010008E7010008E7010008E701000850
:1000F000E7010008E7010008E7010008E701000840
:10010000E7010008E7010008E7010008E70100082F
:10011000E7010008E7010008E7010008E70100081F
:10012000E7010008E7010008E7010008E70100080F
:1001300000F002F800F03AF80AA090E8000C8244BF
:100140008344AAF10107DA4501D100F02FF8AFF29C
:10015000090EBAE80F0013F0010F18BFFB1A43F0A5
:100160000103184734F1000054F10000103A24BF95
:1001700078C878C1FAD8520724BF30C830C144BF0C
:1001800004680C607047000000230024002500264E
:10019000103A28BF78C1FBD8520728BF30C148BFEA
:1001A0000B6070471FB51FBD10B510BD00F0A6F85D
:1001B0001146FFF7F7FF06F049F800F0C4F803B462
:1001C000FFF7F2FF03BC00F0CBF8000009488047BE
:1001D00009480047FEE7FEE7FEE7FEE7FEE7FEE729
:1001E000FEE7FEE7FEE7FEE704480549054A064B41
:1001F000704700000D51000831010008282300203D
:1002000028290020282500202825002040EA010375
:1002100010B59B070FD1042A0DD310C808C9121FAF
:100220009C42F8D020BA19BA884201D9012010BDE9
:100230004FF0FF3010BD1AB1D30703D0521C07E0B6
:10024000002010BD10F8013B11F8014B1B1B07D11A
:1002500010F8013B11F8014B1B1B01D1921EF1D18B
:10026000184610BD4FF000020429C0F0128010F0B3
:10027000030C00F01B80CCF1040CBCF1020F18BF82
:1002800000F8012BA8BF20F8022BA1EB0C0100F015
:100290000DB85FEAC17C24BF00F8012B00F8012BE8
:1002A00048BF00F8012B70474FF0000200B513461D
:1002B00094469646203922BFA0E80C50A0E80C5086
:1002C000B1F12001BFF4F7AF090728BFA0E80C5037
:1002D00048BF0CC05DF804EB890028BF40F8042B30
:1002E00008BF704748BF20F8022B11F0804F18BF9D
:1002F00000F8012B7047704770477047754600F053
:100300002BF8AE4605006946534620F007008546A7
:1003100018B020B5FFF768FFBDE820404FF0000699
:100320004FF000074FF000084FF0000BAC46ACE870
:10033000C009ACE8C009ACE8C009ACE8C00921F0CC
:1003400007018D46704710B50446AFF30080204684
:10035000BDE81040FFF733BF004870472800002079
:1003600001491820ABBEFEE72600020070470000DE
:1003700070470000FFE7FEE780B540F2C800C2F218
:10038000000000F0FFFD80BD7047000084B00390C6
:100390000291019200930398C16B026C012090407E
:1003A00048600098039909684860039840681028DD
:1003B00009D1FFE7019803990968886002980399B9
:1003C0000968C86008E00298039909688860019884
:1003D00003990968C860FFE704B0704770470000E0
:1003E00010B59AB08C4686461D981C99CDF864E0ED
:1003F000CDF860C017928DF85B308DF85A108DF8EB
:1004000059009DF85900012804D0FFE79DF85900D4
:1004100060B9FFE719986A460021516037211160E1
:100420003C210522C82305F0A5FDFFE79DF85900F2
:1004300002280CD1FFE719986A4600215160372144
:1004400011603C212322C82305F094FDFFE7199891
:100450006A461D2151602121116047F2AE61C0F64C
:1004600000015522052305F027FC49F62410C0F6AB
:10047000000006F08FFC1898002106F0B2FE40B98B
:10048000FFE7189880F0004006F000FFADF8560036
:1004900005E0189806F0FAFEADF85600FFE7BDF843
:1004A000560005F0E3FD1490149806F099FC0B211A
:1004B0004843C0F16C00ADF84E001898002106F0DA
:1004C00090FE68B9FFE71998BDF84E1008396B46E1
:1004D0000F221A608AB22D21322305F043FCFFE778
:1004E00019981499BDF84E20EC460F230693CCF8CA
:1004F00000303223079305F081FD0699079B199878
:100500006A4611602E216D2205F02CFC1898089087
:1005100006F0BCFE06F0F6FE0146089807F052F819
:100520000021C4F2201106F081FF129012980021E0
:1005300006F057FE38B9FFE7129880F0004006F049
:10054000C1FE119004E0129806F0BCFE1190FFE786
:10055000119805F08BFD1090199810996B460F2299
:100560001A607322322305F049FD9DF85B00C00735
:1005700078B1FFE719986A461D2151602121116069
:100580004BF20001C0F600019622052305F094FB12
:10059000FFE79DF85A00C00708B3FFE719986A46BD
:1005A0001D215160212111604AF68601C0F600012B
:1005B0009622052305F080FB49F23420C0F60000A6
:1005C00006F0E8FB19986A460F2111604FF27E0190
:1005D000C0F600018F22322305F010FDFFE79DF8E1
:1005E0005B00C0439DF85A108843C007A0B1FFE7E5
:1005F0009DF8590078B9FFE719986A461D215160A6
:10060000212111604AF20C11C0F600019622052347
:1006100005F052FBFFE7FFE79DF85A00C0070028EE
:100620004CD1FFE7179806F031FEADF83E00BDF85B
:100630003E0005F01BFD0E90149806F0D1FB0B2137
:100640004843C0F1AD00ADF8360019980E99BDF8D9
:100650003620EC460F230493CCF800303223059368
:1006600005F0CCFC0499059B19986A4611602E216F
:10067000AE2205F077FB1798039006F007FE06F010
:1006800041FE0146039806F09DFF0021C4F22011AF
:1006900006F0CCFE0C900C9806F014FE0B900B9814
:1006A00005F0E4FC049A059B0A9019980A99EC4617
:1006B000CCF80020B42205F0A1FCFFE748F2C450BA
:1006C000C0F6000006F066FB4FF28900C0F600009D
:1006D0000990199809996B460F221A607D223F23D1
:1006E00005F08CFC1AB010BD80B58AB00990ADF849
:1006F000221009986A460021516037211160D921E2
:1007000003912322FF2305F035FC039A09986B46D9
:100710001D2159602121196047F64861C0F600018A
:10072000052305F0C9FA49F62410C0F6000006F0CA
:1007300031FBBDF82200ADF82000BDF8200005F027
:1007400095FC0790079806F04BFB0B214843C0F13E
:10075000FA00ADF81A0009980799BDF81A20EC467E
:100760000F230493CCF80030322305F047FC48F205
:10077000C450C0F6000006F00DFB049A4FF283004F
:10078000C0F600000590099805996B461A60E822AA
:100790003F2305F033FC0AB080BD000080B58CB06B
:1007A00084460E988DF82FC00A91ADF82620ADF83A
:1007B00024308DF82300BDF8240006F0BBFD07901F
:1007C000079806F063FDADF81A000A986B46002101
:1007D000596037221A600522462305F0CBFB9DF8AD
:1007E0002F00C00778B9FFE70A986A461D215160BB
:1007F0001221116048F61E61C0F60001192205237E
:1008000005F05AFA0EE00A986A461D21516023212C
:1008100011604EF69001C0F600011422052305F088
:100820004BFAFFE749F62410C0F6000006F0B2FAD2
:10083000BDF81A000590059805F018FC049004987E
:1008400006F0CEFA0B214843C0F13A00ADF80E0095
:100850009DF82300C00798B1FFE749F23420C0F6A5
:10086000000006F097FA0A986A460F2111604FF2CD
:100870007E01C0F600010C22322305F0BFFB0BE025
:100880000A980499BDF80E20EC460F23CCF80030EE
:10089000322305F0B3FBFFE748F2C450C0F6000076
:1008A00006F078FA4FF28E00C0F6000002900A9827
:1008B00002996B460F221A600E223F2305F09EFB21
:1008C0000CB080BD80B584B005208DF80F000020ED
:1008D0008DF80600FFE79DF806009DF80F1088428E
:1008E0005CDAFFE79DF8061040F20800C2F2000053
:1008F00050F82100029002990868496802F07AFED7
:10090000B0FA80F040098DF807009DF8070000F06C
:1009100001000299097A01F0010188422DD1FFE717
:100920000299C8680130C8600298C0680A2823D3B9
:10093000FFE70299C8680138C8609DF8070000F019
:1009400001000299497A01F00101884213D0FFE7C2
:100950009DF80700C00730B1FFE702990120C87277
:100960000299487206E002990120887202990020DB
:100970004872FFE7FFE7FFE703E002990020C86045
:10098000FFE79DF80700029900F001000872FFE7F9
:100990009DF8060001308DF806009CE704B080BD8C
:1009A00070B540F2102EC2F2000E41F20000C4F207
:1009B0000100CEF8000041F21001CEF8041000242E
:1009C0008EF809408EF80A408EF80B40CEF80C40A5
:1009D00040F2302CC2F2000CCCF8000042F22005AC
:1009E000CCF804508CF809408CF80A408CF80B4085
:1009F000CCF80C4040F22021C2F2000140F6004346
:100A0000C4F201030B6040F201124A604C728C7216
:100A1000CC72CC6040F20022C2F20002136040F2BD
:100A20000223536054729472D472D46040F29C03D7
:100A3000C2F2000340F60006C4F201061E605D60CB
:100A40005C729C72DC72DC6040F26424C2F20004CE
:100A5000C4F808E0206040F2040EC0F2044EC4F86E
:100A600004E040F2402EC2F2000ECEF808C0CEF8EC
:100A7000000040F2080CC0F2084CCEF804C040F26E
:100A80004C2CC2F2000CCCF80830CCF8000010233B
:100A9000C0F21043CCF8043040F27023C2F20003DD
:100AA000996018602021C0F22041596040F258211D
:100AB000C2F200018A6008604020C0F240404860F5
:100AC00070BD000040F29401C2F2000100204860B5
:100AD0007047000080B540F20040C4F2000002F010
:100AE00049FF400840F29401C2F200014880B1F988
:100AF00002000A88801A48604888088080BD00008B
:100B000080B5012002F0DEFC20B1FFE7012002F0F9
:100B1000EFFBFFE780BD000080B5022002F0D2FCB1
:100B200020B1FFE7022002F0E3FBFFE780BD0000F9
:100B300080B5042002F0C6FC20B1FFE7042002F0DB
:100B4000D7FBFFE780BD000080B5102002F0BAFCA3
:100B500020B1FFE7102002F0CBFBFFE780BD0000D3
:100B600080B5202002F0AEFC20B1FFE7202002F08B
:100B7000BFFBFFE780BD000081B0EFF3108072B6CD
:100B80000090FFE7FEE7000080B582B0EFF3108031
:100B900072B60190FFE742F20C00C4F20200006856
:100BA000C00708B1FFE7F6E706F03AF942F20C0099
:100BB000C4F2020000688006002809D5FFE742F26F
:100BC0000C01C4F20201086840F020000860FFE751
:100BD00042F21001C4F20201086840F0020008600D
:100BE00042F21402C4F202024FF60040C0F60100C5
:100BF0001060086840F040000860FFE742F20C0017
:100C0000C4F2020000688006002801D4FFE7F5E77F
:100C100042F20C01C4F202012020086042F21001ED
:100C2000C4F20201086820F00200086005F006FB2B
:100C300062B6012002B080BD80B540F2AC00C2F2C5
:100C400000000078C00718B9FFE705F095FAFFE744
:100C500040F2AC00C2F2000080BD000080B586B05A
:100C600040F2AC00C2F200004078C007002800F05B
:100C7000AE80FFE7FFF788FF20B9FFE701208DF87E
:100C80001300A8E0EFF3108072B60590FFE742F280
:100C90000C00C4F202000068C00708B1FFE7F6E7E5
:100CA00006F0BEF842F20C00C4F2020000688006B2
:100CB000002809D5FFE742F20C01C4F202010868DE
:100CC00040F020000860FFE742F21001C4F2020188
:100CD000086840F00100086040F2AC00C2F2000079
:100CE00004300390052002900020ADF80600FFE7D5
:100CF000BDF806000299B0EB410F53D2FFE703980D
:100D00000088BDF806204FF60041C0F6010121F829
:100D10001200039802300390FFE742F20C00C4F285
:100D200002000068800600281ED4FFE742F20C0093
:100D3000C4F2020000684007002814D5FFE705F060
:100D40007DFA42F21001C4F20201086820F00100AD
:100D5000086042F20C01C4F2020104200860012084
:100D60008DF8130037E0D8E742F20C01C4F202011B
:100D700020200860BDF80600029A6FF0010101EB27
:100D80004201884207D1FFE740F2AC01C2F2000104
:100D900001204870FFE7FFE7BDF806000130ADF81D
:100DA0000600A5E742F21001C4F20201086820F033
:100DB0000100086005F042FA40F2AC01C2F2000105
:100DC0000020487062B601208DF8130003E0002077
:100DD0008DF81300FFE79DF8130006B080BD0000FA
:100DE00083B0019000208DF80300019890F8210055
:100DF00002280DD0FFE7019904208863FFE70199DD
:100E0000002081F82000FFE701208DF80B0021E091
:100E100001980168086820F00E00086001980168D8
:100E2000086820F0010008600198C16B026C012085
:100E300090404860FFE70199012081F82100FFE719
:100E40000199002081F82000FFE79DF803008DF84C
:100E50000B00FFE79DF80B0003B0704780B588B02A
:100E6000079000208DF81B00079890F821000228B9
:100E700007D0FFE707990420886301208DF81B0045
:100E800076E007980168086820F00E00086007986F
:100E90000168086820F001000860079800680821D0
:100EA000C4F20201884203D1FFE70120059047E028
:100EB000079800681C21C4F20201884203D1FFE7B1
:100EC0001020049039E0079800683021C4F2020134
:100ED000884204D1FFE74FF4807003902AE007981E
:100EE00000684421C4F20201884204D1FFE74FF4B4
:100EF000805002901BE0079800685821C4F202015C
:100F0000884204D1FFE74FF4803001900CE007984D
:100F100001686C22C4F202024FF08070914208BF57
:100F20004FF480100190FFE701980290FFE70298CC
:100F30000390FFE703980490FFE704980590FFE70C
:100F400005980421C4F2020108600799012081F884
:100F50002100FFE70799002081F82000FFE70798AC
:100F6000406B20B1FFE70798416B8847FFE7FFE739
:100F70009DF81B0008B080BD81B000900098806B88
:100F800001B0704780B58EB00D900D98C06B0068B1
:100F90000C900D98006800680B900C980D99096CE6
:100FA000C8404007002875D5FFE79DF82C00400792
:100FB00000286FD5FFE70D980068006880060028BC
:100FC00007D4FFE70D980168086820F00400086066
:100FD000FFE70D9800680821C4F20201884203D19E
:100FE000FFE704200A9047E00D9800681C21C4F236
:100FF0000201884203D1FFE74020099039E00D98B3
:1010000000683021C4F20201884204D1FFE74FF4A6
:10101000806008902AE00D9800684421C4F2020123
:10102000884204D1FFE74FF4804007901BE00D9801
:1010300000685821C4F20201884204D1FFE74FF44E
:10104000802006900CE00D9801686C22C4F2020228
:101050004FF08060914208BF4FF480000690FFE798
:1010600006980790FFE707980890FFE7089809900F
:10107000FFE709980A90FFE70A980421C4F20201E9
:1010800008600D98C06A20B1FFE70D98C16A8847D3
:10109000FFE7B8E00C980D99096CC840800700285C
:1010A00040F18080FFE79DF82C008007002879D56B
:1010B000FFE70D9800680068800600280BD4FFE762
:1010C0000D980168086820F00A0008600D99012059
:1010D00081F82100FFE70D9800680821C4F20201A1
:1010E000884203D1FFE70220059047E00D98006891
:1010F0001C21C4F20201884203D1FFE720200490A2
:1011000039E00D9800683021C4F20201884204D110
:10111000FFE74FF4007003902AE00D980068442127
:10112000C4F20201884204D1FFE74FF4005002905C
:101130001BE00D9800685821C4F20201884204D1D6
:10114000FFE74FF4003001900CE00D9801686C222D
:10115000C4F202024FF00070914208BF4FF4001039
:101160000190FFE701980290FFE702980390FFE7E4
:1011700003980490FFE704980590FFE70598042181
:10118000C4F202010860FFE70D99002081F82000F9
:10119000FFE70D98806A20B1FFE70D98816A8847C4
:1011A000FFE72FE00C980D99096CC8400007002854
:1011B00027D5FFE79DF82C000007002821D5FFE781
:1011C0000D980168086820F00E0008600D98C26B49
:1011D000016C012000FA01F151600D9988630D99AD
:1011E00081F82100FFE70D99002081F82000FFE73A
:1011F0000D98006B20B1FFE70D98016B8847FFE762
:10120000FFE7FFE7FFE70EB080BD000083B001906D
:1012100000200090019820B9FFE701208DF80B0015
:1012200047E0019908684FF6F872CBF6FD7210445A
:101230004CF6CD42CCF6CC42A0FB02026FF003008C
:1012400000EA9200086401990020C4F20200C86319
:101250000199022081F8210001980068006800903F
:10126000009843F6F0718843009001994868D1F8DE
:1012700008C0CB680A6940EA0C00184310434A6969
:1012800010438A691043C9690143009808430090DC
:101290000098019909680860019900208863019A03
:1012A000012182F82110019981F820008DF80B00AE
:1012B000FFE79DF80B0003B07047000080B586B0D3
:1012C000049003910292019300208DF80300FFE740
:1012D000049890F82000012804D1FFE702208DF83F
:1012E00017004CE00499012081F82000FFE7FFE798
:1012F000049890F82100012832D1FFE704990220D8
:1013000081F8210004990020886304980168086826
:1013100020F00100086004980399029A019BFFF7EE
:1013200035F80498C06A38B1FFE704980168086886
:1013300040F00E0008600CE004980168086820F096
:101340000400086004980168086840F00A0008601A
:10135000FFE704980168086840F00100086009E0B0
:10136000FFE70499002081F82000FFE702208DF8B4
:101370000300FFE79DF803008DF81700FFE79DF8D5
:10138000170006B080BD000080B584B0039000F067
:10139000ADF90290039801900198013048B1FFE740
:1013A00040F22100C2F20000017801980844019047
:1013B000FFE7FFE700F09AF90299401A0199884285
:1013C00001D2FFE7F6E704B080BD000090B00F90B7
:1013D0000E9100200D900990FFE70E9800680D997E
:1013E000C840002800F07F81FFE70D990120884068
:1013F0000C900E9800680C9908400B900B980C9973
:10140000884240F06C81FFE70E9840680590002804
:1014100051D0FFE7059801283AD0FFE70598022848
:101420003FD0FFE7059803285FD0FFE70598112814
:1014300032D0FFE70598122838D0FFE70598002141
:10144000C1F21101884236D0FFE705980021C1F2B0
:10145000120188422FD0FFE705980021C1F2210137
:10146000884228D0FFE705980021C1F22201884276
:1014700021D0FFE705980021C1F2310188421AD03E
:10148000FFE705980021C1F23201884213D02FE016
:101490000E98C06809902CE00E98C068043009903E
:1014A00027E00E98C0680830099022E00E98C068C6
:1014B0000C3009901DE00E98806818B9FFE70420F1
:1014C000099011E00E988068012806D1FFE70820F6
:1014D00009900C980F99086105E0082009900C9874
:1014E0000F994861FFE7FFE703E00020099000E063
:1014F000FFE70B98FF2803D8FFE70F98049003E05D
:101500000F9804300490FFE7049808900B98FF2888
:1015100004D8FFE70D988000039006E00D996FF066
:101520001F0000EB81000390FFE7039807900898E5
:101530000068079A0F219140884309999140084318
:10154000089908600E98C079C006002840F1C6804E
:10155000FFE7FFE741F21800C4F20200016841F022
:1015600001010160006800F0010006900698FFE7A5
:101570000D9820F003000821C4F2010140580A90A0
:101580000D9800F0030081000F2000FA01F10A9885
:1015900088430A900F9840F60001C4F20101884286
:1015A00003D1FFE70020029026E00F9840F60041AB
:1015B000C4F20101884203D1FFE70120019018E045
:1015C0000F9841F20001C4F20101884203D1FFE704
:1015D000022000900AE00F9941F20042C4F2010299
:1015E0000420914208BF03200090FFE7009801907B
:1015F000FFE701980290FFE702980D9901F00301BF
:10160000890000FA01F10A9808430A900A980D9996
:1016100021F003010822C4F2010288500E9880795B
:10162000C006002809D5FFE70B9A40F20841C4F232
:10163000010108681043086008E00B9A40F2084175
:10164000C4F20101086890430860FFE70E988079B2
:101650008006002809D5FFE70B9A40F20C41C4F23E
:10166000010108681043086008E00B9A40F20C4141
:10167000C4F20101086890430860FFE70E98807982
:101680008007002809D5FFE70B9A40F20441C4F215
:10169000010108681043086008E00B9A40F2044119
:1016A000C4F20101086890430860FFE70E98807952
:1016B000C00748B1FFE70B9A40F20041C4F20101B4
:1016C00008681043086008E00B9A40F20041C4F239
:1016D0000101086890430860FFE7FFE7FFE70D9806
:1016E00001300D9079E610B07047000042F22030D2
:1016F000C2F200000068704740F22100C2F2000010
:10170000027842F22031C2F20001086810440860F9
:101710007047000080B542F20001C4F2020108687F
:1017200040F010000860032000F096F8012000F05F
:1017300005F800F03BF8002080BD000080B582B0C5
:10174000009040F20000C2F20000006840F2210167
:10175000C2F200010A784FF47A71B1FBF2F1B0FBEA
:10176000F1F000F057FE20B1FFE701208DF80700EF
:1017700018E000980F280DD8FFE700994FF0FF30D0
:10178000002200F04FF8009840F22401C2F200015C
:10179000086003E001208DF8070003E000208DF8C9
:1017A0000700FFE79DF8070002B080BD83B0FFE7A8
:1017B00041F21800C4F20200016841F00101016029
:1017C000006800F0010002900298FFE7FFE741F295
:1017D0001C00C4F20200016841F080510160006801
:1017E00000F0805001900198FFE7FFE70421C4F268
:1017F000010108680090009820F0E06000900098D7
:1018000040F00070009000980860FFE703B0704758
:1018100080B582B08DF807009DF9070004F01AF931
:1018200002B080BD80B586B08DF817000491039298
:101830000020029004F04EF902909DF917000190EB
:1018400002980499039A03F09DF90146019804F067
:10185000F3F906B080BD000080B582B00190019818
:1018600004F00CFA02B080BD80B586B00490002070
:101870000390029004980078C007002800F0AC8024
:10188000FFE700208DF8070041F21C00C4F20200BF
:101890000068C000002813D4FFE7FFE741F21C00F6
:1018A000C4F20200016841F080510160006800F05C
:1018B000805000900098FFE701208DF80700FFE7B7
:1018C00047F20000C4F200000068C005002822D4DE
:1018D000FFE747F20001C4F20001086840F480709D
:1018E0000860FFF703FF0390FFE747F20000C4F230
:1018F00000000068C00500280CD4FFE7FFF7F6FEE3
:101900000399401A652804D3FFE703208DF81700D8
:101910008AE0EAE7FFE741F22000C4F20200006833
:1019200000F4407002900298E0B3FFE70298049937
:10193000496801F44071884234D0FFE741F2200148
:10194000C4F20201086820F44070029040F2404264
:10195000C4F242220120106000201060029808604A
:101960009DF80800C007E0B1FFE7FFF7BFFE039056
:10197000FFE741F22000C4F202000068800700285F
:101980000ED4FFE7FFF7B2FE0399401A41F2893106
:10199000884204D3FFE703208DF8170044E0E8E70E
:1019A000FFE7FFE741F22001C4F20201086820F4DA
:1019B0004070049A5268104308609DF8070001289F
:1019C00009D1FFE741F21C01C4F20201086820F0CE
:1019D00080500860FFE7FFE7049800788007002840
:1019E0000CD5FFE741F20401C4F20201086820F4BB
:1019F0004040049A926810430860FFE7049800781A
:101A0000C00600280CD5FFE741F20401C4F2020130
:101A1000086820F48000049AD26810430860FFE749
:101A200000208DF81700FFE79DF8170006B080BD75
:101A300080B584B002900191029820B9FFE701209F
:101A40008DF80F001BE1019842F20001C4F202017F
:101A5000096801F00701884216D9FFE742F2000049
:101A6000C4F20200016821F00701019A11430160EC
:101A7000006800F007000199884204D0FFE70120C8
:101A80008DF80F00FBE0FFE7029800788007002840
:101A90002AD5FFE7029800784007002809D5FFE71C
:101AA00041F20401C4F20201086840F4E0600860F9
:101AB000FFE7029800780007002809D5FFE741F208
:101AC0000401C4F20201086840F460500860FFE7B6
:101AD00041F20401C4F20201086820F0F000029A09
:101AE000926810430860FFE702980078C00700285A
:101AF00060D0FFE70298406801280ED1FFE741F26D
:101B00000000C4F2020000688003002804D4FFE74C
:101B100001208DF80F00B2E021E002984068022811
:101B20000ED1FFE741F20000C4F20200006880011C
:101B3000002804D4FFE701208DF80F009FE00DE09E
:101B400041F20000C4F2020000688007002804D4BB
:101B5000FFE701208DF80F0091E0FFE7FFE741F27A
:101B60000401C4F20201086820F00300029A5268DE
:101B700010430860FFF7BAFD0090FFE741F2040050
:101B8000C4F20200006800F00C0002994968B0EB52
:101B9000810F0ED0FFE7FFF7A9FD0099401A41F22F
:101BA0008931884204D3FFE703208DF80F0066E0F7
:101BB000E4E7FFE7019842F20001C4F2020109687C
:101BC00001F00701884216D2FFE742F20000C4F29A
:101BD0000200016821F00701019A114301600068C9
:101BE00000F007000199884204D0FFE701208DF83A
:101BF0000F0044E0FFE702980078400700280CD56A
:101C0000FFE741F20401C4F20201086820F4E06039
:101C1000029AD26810430860FFE702980078000734
:101C200000280DD5FFE741F20401C4F20201086863
:101C300020F46050029A126940EAC2000860FFE78F
:101C400000F04CF841F20401C4F202010968C9B283
:101C50000A0947F62861C0F60001895CC84040F2D5
:101C60000001C2F20001086040F22400C2F200004C
:101C70000068FFF763FD00208DF80F00FFE79DF877
:101C80000F0004B080BD000040F20000C2F200006E
:101C90000068704780B5FFF7F7FF41F20401C4F216
:101CA00002010968C1F3022247F63861C0F600015B
:101CB000895CC84080BD000080B5FFF7E5FF41F2B8
:101CC0000401C4F202010968C1F3C22247F6386177
:101CD000C0F60001895CC84080BD000086B00020CD
:101CE0000590049003900290019041F20400C4F228
:101CF000020000680590059800F00C000146009174
:101D000000283FD0FFE70098042804D0FFE70098A0
:101D1000082806D037E041F60030C0F2B700019045
:101D200037E00598C0F383414AF2FA00C0F600009C
:101D3000405C02909DF81600C007C0B1FFE741F279
:101D40000400C4F202000068C0F340414AF20A10E5
:101D5000C0F60000405C0490029841F60031C0F2E9
:101D6000B70148430499B0FBF1F0039007E00298F3
:101D700040F60011C0F23D0148430390FFE703988D
:101D8000019006E0FFE741F20020C0F27A000190E6
:101D9000FFE7019806B0704780B586B004900498BC
:101DA00020B9FFE701208DF817002EE30498007892
:101DB000C007002800F0AE80FFE741F20400C4F243
:101DC0000200006800F00C00042813D0FFE741F285
:101DD0000400C4F20200006800F00C0008281BD1C7
:101DE000FFE741F20400C4F202000068C0030028CB
:101DF00012D5FFE741F20000C4F202000068800340
:101E0000002808D5FFE70498406820B9FFE70120C3
:101E10008DF81700F9E27CE0FFE704984068B0F520
:101E2000803F09D1FFE741F20001C4F202010868D6
:101E300040F48030086032E00498406868B9FFE7F9
:101E400041F20001C4F20201086820F48030086009
:101E5000086820F48020086020E004984068B0F50D
:101E6000A02F0DD1FFE741F20001C4F20201086882
:101E700040F480200860086840F4803008600CE07E
:101E800041F20001C4F20201086820F480300860C9
:101E9000086820F480200860FFE7FFE7FFE7FFE71E
:101EA00004984068D0B1FFE7FFF720FC0390FFE7FC
:101EB00041F20000C4F202000068800300280CD444
:101EC000FFE7FFF713FC0399401A652804D3FFE7E7
:101ED00003208DF8170098E2EAE719E0FFF706FC07
:101EE0000390FFE741F20000C4F2020000688003A3
:101EF00000280CD5FFE7FFF7F9FB0399401A652886
:101F000004D3FFE703208DF817007EE2EAE7FFE73E
:101F1000FFE7FFE7049800788007002840F18D80F4
:101F2000FFE741F20400C4F20200006810F00C0F59
:101F300013D0FFE741F20400C4F20200006800F091
:101F40000C00082829D1FFE741F20400C4F2020086
:101F50000068C003002820D4FFE741F20000C4F26B
:101F6000020000688007002809D5FFE7049800698F
:101F7000012804D0FFE701208DF8170045E241F267
:101F80000001C4F20201086820F0F800049A5269C6
:101F900040EAC2000860FFE74EE00498006958B3C9
:101FA000FFE70021C4F2422101200860FFF79EFBF9
:101FB0000390FFE741F20000C4F2020000688007CE
:101FC00000280CD4FFE7FFF791FB0399401A032880
:101FD00004D3FFE703208DF8170016E2EAE741F289
:101FE0000001C4F20201086820F0F800049A526966
:101FF00040EAC20008601EE00021C4F24221002035
:102000000860FFF773FB0390FFE741F20000C4F2A2
:1020100002000068800700280CD5FFE7FFF766FB89
:102020000399401A032804D3FFE703208DF8170013
:10203000EBE1EAE7FFE7FFE7FFE704980078000736
:10204000002848D5FFE70498806918B3FFE740F2FD
:102050008041C4F2422101200860FFF747FB039052
:10206000FFE741F22400C4F2020000688007002864
:102070000CD4FFE7FFF73AFB0399401A032804D377
:10208000FFE703208DF81700BFE1EAE7012002F027
:10209000B1FD1FE040F28041C4F2422100200860FF
:1020A000FFF724FB0390FFE741F22400C4F2020093
:1020B0000068800700280CD5FFE7FFF717FB03999E
:1020C000401A032804D3FFE703208DF817009CE192
:1020D000EAE7FFE7FFE7049800784007002840F1AF
:1020E000D880FFE700208DF8070041F21C00C4F201
:1020F00002000068C000002813D4FFE7FFE741F2A8
:102100001C00C4F20200016841F0805101600068C7
:1021100000F0805000900098FFE701208DF8070044
:10212000FFE747F20000C4F200000068C005002885
:1021300022D4FFE747F20001C4F20001086840F42E
:1021400080700860FFF7D2FA0390FFE747F20000C3
:10215000C4F200000068C00500280CD4FFE7FFF7B8
:10216000C5FA0399401A652804D3FFE703208DF8C8
:1021700017004AE1EAE7FFE7FFE70498C068012893
:1021800009D1FFE741F22001C4F20201086840F0E2
:102190000100086031E00498C06868B9FFE741F2C7
:1021A0002001C4F20201086820F0010008600868FC
:1021B00020F0040008601FE00498C06805280DD1D5
:1021C000FFE741F22001C4F20201086840F0040078
:1021D0000860086840F0010008600CE041F220014E
:1021E000C4F20201086820F001000860086820F0CD
:1021F00004000860FFE7FFE7FFE7FFE70498C06817
:10220000E0B1FFE7FFF772FA0390FFE741F2200029
:10221000C4F202000068800700280ED4FFE7FFF731
:1022200065FA0399401A41F28931884204D3FFE7E5
:1022300003208DF81700E8E0E8E71BE0FFF756FA07
:102240000390FFE741F22000C4F20200006880071B
:1022500000280ED5FFE7FFF749FA0399401A41F22B
:102260008931884204D3FFE703208DF81700CCE0C2
:10227000E8E7FFE79DF80700012809D1FFE741F2F1
:102280001C01C4F20201086820F080500860FFE7DA
:10229000FFE70498C069002800F0B380FFE741F22F
:1022A0000400C4F20200006800F00C00082800F0EE
:1022B0008280FFE70498C06902285CD1FFE76021B3
:1022C000C4F2422100200860FFF710FA0390FFE7F4
:1022D00041F20000C4F202000068800100280CD521
:1022E000FFE7FFF703FA0399401A032804D3FFE737
:1022F00003208DF8170088E0EAE70498006AB0F53B
:10230000803F0CD1FFE741F20401C4F202010868EA
:1023100020F40030049A926810430860FFE741F20D
:102320000401C4F20201086820F47410049B1A6AC4
:102330005B6A1A43104308606021C4F24221012005
:102340000860FFF7D3F90390FFE741F20000C4F201
:1023500002000068800100280CD4FFE7FFF7C6F9EF
:102360000399401A032804D3FFE703208DF81700D0
:102370004BE0EAE71EE06021C4F242210020086041
:10238000FFF7B4F90390FFE741F20000C4F2020046
:102390000068800100280CD5FFE7FFF7A7F9039933
:1023A000401A032804D3FFE703208DF817002CE020
:1023B000EAE7FFE724E00498C069012804D1FFE7B9
:1023C00001208DF8170020E041F20400C4F2020061
:1023D00000680290029800F480300499096A8842EB
:1023E00008D1FFE7029800F470100499496A884206
:1023F00004D0FFE701208DF8170006E0FFE7FFE7B4
:10240000FFE700208DF81700FFE79DF8170006B0E2
:1024100080BD000080B582B00190019802F000FEFE
:1024200002B080BD82B00190ADF8021002B07047DA
:1024300081B0009001B0704781B0009001B070474A
:1024400080B584B00290FFE7FFE70298006850E88B
:10245000030F20F0C0000190FFE701990298026885
:1024600042E803100028F0D1FFE7FFE70298006878
:1024700040690006002832D5FFE7FFE7FFE7029832
:10248000006850E8050F20F080000090FFE70099F9
:102490000298026842E805100028F0D1FFE7FFE744
:1024A0000298806BD0B1FFE70298816B00204863EF
:1024B0000298806BFEF794FC78B1FFE70298806B7E
:1024C000FEF75AFD202807D1FFE702991020486443
:1024D00003208DF80F000CE0FFE7FFE7FFE702990C
:1024E0000020C884029A202182F841108DF80F0044
:1024F000FFE79DF80F0004B080BD000081B00090A0
:1025000001B0704781B0009001B0704780B592B0C3
:102510001190119800680068109011980068C068C8
:102520000F901198006840690E9000200D900C905B
:10253000109800F00F000D900D9888B9FFE79DF8F6
:102540004000800600280AD5FFE79DF83C00800681
:10255000002804D5FFE7119803F094F8E9E1FFE7BC
:102560000D98002800F0C280FFE79DF83800C007F2
:1025700038B9FFE7BDF83C0010F4907F00F0B6805A
:10258000FFE79DF84000C00758B1FFE79DF83D0008
:10259000C00730B1FFE71199486C40F00100486472
:1025A000FFE79DF84000400700280BD5FFE79DF8A6
:1025B0003800C00730B1FFE71199486C40F00200C5
:1025C0004864FFE79DF84000800700280BD5FFE72F
:1025D0009DF83800C00730B1FFE71199486C40F012
:1025E00004004864FFE79DF840000007002811D56B
:1025F000FFE79DF83C008006002805D4FFE79DF822
:102600003800C00730B1FFE71199486C40F008006E
:102610004864FFE71198406C002866D0FFE79DF8FA
:102620004000800600280AD5FFE79DF83C008006A0
:10263000002804D5FFE7119803F024F8FFE711986C
:1026400000684069C0F380100C901198406C00073E
:10265000002804D4FFE70C9800283ED0FFE711982B
:1026600002F05CFF119800684069400600282FD5F1
:10267000FFE7FFE7FFE71198006850E8050F20F03B
:1026800040000B90FFE70B991198026842E8051093
:102690000028F0D1FFE7FFE71198C06B98B1FFE782
:1026A0001198C16B45F2ED30C0F6000048631198F7
:1026B000C06BFEF7D3FB28B1FFE71198C06B416BED
:1026C0008847FFE703E01198816D8847FFE703E043
:1026D0001198816D8847FFE706E01198816D884762
:1026E000119900204864FFE7FFE722E11198006B91
:1026F000012840F0FE80FFE79DF84000C00600285A
:1027000040F1F780FFE79DF83C00C006002840F14B
:10271000F080FFE7FFE700200A901198006800684A
:102720000A901198006840680A900A98FFE711988B
:10273000006840694006002840F18180FFE7119859
:10274000C06B00684068ADF82600BDF82600002880
:1027500074D0FFE7BDF826001199898D88426DDAA3
:10276000FFE7BDF826001199C8851198C06B8069F4
:10277000202858D0FFE7FFE7FFE71198006850E8EE
:10278000030F20F480700890FFE708991198026801
:1027900042E803100028F0D1FFE7FFE7FFE7FFE77B
:1027A0001198006850E8050F20F001000790FFE73E
:1027B00007991198026842E805100028F0D1FFE758
:1027C000FFE7FFE7FFE71198006850E8050F20F0EA
:1027D00040000690FFE706991198026842E805104C
:1027E0000028F0D1FFE7FFE71199202081F842008F
:1027F000119900200863FFE7FFE71198006850E88F
:10280000030F20F010000590FFE70599119802686A
:1028100042E803100028F0D1FFE7FFE71198C06BF2
:10282000FEF7DEFAFFE71199022048631198C26EA5
:10283000818DC38DC91A89B29047FFE779E011995C
:10284000888DC98D401AADF812001198C08D0028EE
:102850004ED0FFE7BDF81200002849D0FFE7FFE7A0
:10286000FFE71198006850E8030F20F49070039080
:10287000FFE703991198026842E803100028F0D19D
:10288000FFE7FFE7FFE7FFE71198006850E8050F53
:1028900020F001000290FFE702991198026842E8D7
:1028A00005100028F0D1FFE7FFE71199202081F8FB
:1028B0004200119900200863FFE7FFE711980068C4
:1028C00050E8030F20F010000190FFE701991198E4
:1028D000026842E803100028F0D1FFE7FFE71199F2
:1028E000022048631198C26EBDF812109047FFE7AE
:1028F0001FE09DF84000000600280AD5FFE79DF87C
:102900003C000006002804D5FFE7119802F0CEFF36
:102910000FE09DF84000400600280AD5FFE79DF82B
:102920003C004006002804D5FFE7119802F040FE65
:10293000FFE712B080BD000080B582B00090009823
:1029400020B9FFE701208DF807004EE0009880696C
:1029500008B1FFE700E0FFE7009890F84100B0B948
:10296000FFE70099002081F84000009802F050FE37
:102970000098006F38B9FFE7009942F6F510C0F6ED
:1029800000000867FFE70098016F8847FFE700999C
:10299000242081F8410000980168C86820F40050A4
:1029A000C860009802F024FF00980168086920F4CC
:1029B0009040086100980168486920F02A00486149
:1029C00000980168C86840F40050C8600099002071
:1029D0004864009A202182F84110009A82F842103F
:1029E000009948638DF80700FFE79DF8070002B0E3
:1029F00080BD000080B594B013900020129011901B
:102A000010900F901398006843F60001C4F2010182
:102A1000884244D1FFE7FFE741F21800C4F2020008
:102A2000016841F480410160006800F480400E902C
:102A30000E98FFE7FFE741F21800C4F202000168B8
:102A400041F004010160006800F004000D900D9851
:102A5000FFE74FF400700F900220089010900320C1
:102A6000129040F60000C4F2010006900FA90791F1
:102A7000FEF7ACFC069807994FF480620F92002293
:102A8000099210921192FEF7A1FC0899099A25204B
:102A90000A90FEF7C7FE0A98FEF7BAFE70E0139898
:102AA000006844F60001C4F20001884267D1FFE7E4
:102AB000FFE741F21C00C4F20200016841F48021EA
:102AC0000160006800F480200C900C98FFE7FFE79D
:102AD00041F21800C4F20200016841F008010160EF
:102AE000006800F008000B900B98FFE74FF480603F
:102AF0000F90022010900320129040F60040C4F284
:102B0000010002900FA90391FEF760FC029803995F
:102B10004FF400620F920022049210921192FEF77D
:102B200055FC049940F2C800C2F2000005901C2236
:102B3000C4F2020202601022426081608022C26000
:102B4000016141618161C161FEF760FB18B1FFE77E
:102B5000FEF712F8FFE7FFE7139840F2C801C2F250
:102B60000001816313984862FFE72720019002214A
:102B70000022FEF757FE0198FEF74AFEFFE7FFE747
:102B800014B080BD87B005908DF81310039200201B
:102B90008DF80B00039848B9FFE70599486C40F0A1
:102BA0002000486401208DF81B0078E0059890F81B
:102BB0004100202842D1FFE79DF813000146019112
:102BC0000C2831D80199DFE801F0070B0F13171B10
:102BD0001F232F2F2F272B000398059988642CE0A3
:102BE00003980599C86428E003980599086524E0CE
:102BF00003980599486520E00398059988651CE0CD
:102C000003980599C86518E003980599086614E0CB
:102C100003980599486610E00398059908670CE049
:102C200003980599486708E00599486C40F0200032
:102C3000486401208DF80B00FFE72BE0059890F821
:102C40004100E8B9FFE79DF81300014600910B2809
:102C500004D0FFE700980C2804D007E003980599FA
:102C600008670CE003980599486708E00599486CE7
:102C700040F02000486401208DF80B00FFE708E0D9
:102C80000599486C40F02000486401208DF80B0045
:102C9000FFE7FFE79DF80B008DF81B00FFE79DF8AD
:102CA0001B0007B07047000081B0009001B0704772
:102CB00081B0009001B0704780B586B00490039158
:102CC000ADF80A20049890F8410020285DD1FFE774
:102CD000039820B1FFE7BDF80A0020B9FFE7012003
:102CE0008DF8170055E0039804990862BDF80A00B2
:102CF00004998884BDF80A000499C88404990020C6
:102D00004864049A212182F8411004998A6B45F2A3
:102D10008941C0F60001916204998A6B45F2055120
:102D2000C0F60001D16204998A6B45F20D41C0F6EC
:102D3000000111630499896B486303A8019004980A
:102D40000268806B019909680432BDF80A30FEF709
:102D5000B5FA049801686FF040000860FFE7FFE7EC
:102D60000498006850E8050F40F080000090FFE7ED
:102D700000990498026842E805100028F0D1FFE7A6
:102D8000FFE700208DF8170003E002208DF8170000
:102D9000FFE79DF8170006B080BD000081B00090ED
:102DA00001B0704781B0009001B07047FFE7FEE7C7
:102DB00080B58CB06946312048608020086040F2C0
:102DC0002030C2F2000009904BF27A71C0F6000187
:102DD00040220892062302F06FFF099800220A920F
:102DE000114603F0E1FF089909980A9A6B465A6068
:102DF00019604FF48073114603F0BCF80A980B90E9
:102E0000FFE70B98012853DCFFE740F26421C2F290
:102E1000000102910868496800F022FC40F240215C
:102E2000C2F2000103910868496800F019FC40F201
:102E30004C21C2F2000104910868496800F010FCBE
:102E400040F27021C2F2000105910868496800F063
:102E500007FC40F25821C2F2000106910868496857
:102E600000F0FEFB4FF47A70079000F0BFFF02996C
:102E70000868496800F0CCFB03990868496800F0CD
:102E8000C7FB04990868496800F0C2FB0599086807
:102E9000496800F0BDFB06990868496800F0B8FB76
:102EA000079800F0A3FFFFE70B9801300B90A8E70D
:102EB0000CB080BD80B584B00390029100208DF8E5
:102EC000070042F20040C4F2010000F053F8009005
:102ED00042F60000C4F2010000F04CF801460098F0
:102EE0000843B0B9FFE70298006850B1FFE70398C4
:102EF000406820F4702002990968084303994860EB
:102F000006E00398406820F4702003994860FFE7CA
:102F100003E001208DF80700FFE79DF8070004B0EB
:102F200080BD000080B584B00390029100208DF830
:102F30000700039800F01EF898B9FFE7039840686F
:102F400020F4807002994968084303994860039807
:102F5000806820F40060029909680843039988603A
:102F600003E001208DF80700FFE79DF8070004B09B
:102F700080BD000081B000900098806800F00100E2
:102F800001B0704780B584B00390029100208DF8A5
:102F900007000298406808B1FFE7FFE70398FFF7D2
:102FA000E9FF80BBFFE70298406860B1FFE7039844
:102FB000406820F46840029A5168926811430843BF
:102FC0000399486009E00398406820F4684002993A
:102FD0004968084303994860FFE7039880684FF603
:102FE000FD61CFF6F1710840029A1168D368126949
:102FF000194311430843039988600398029949686B
:1030000000F00AF803E001208DF80700FFE79DF8C3
:10301000070004B080BD000082B0019000910198CB
:10302000C06A20F47000009908430199C86202B098
:103030007047000084B003900291019203980299B6
:1030400001F4407100EB91102C3000900098006862
:10305000029901F01F021F2191408843019901F05C
:103060001F01914008430099086004B070470000B8
:1030700084B00390029101920398029901F00071CB
:1030800000EBD1500C300090009800680299C1F319
:1030900004520721914088430199914008430099C7
:1030A000086004B07047000082B00190019A41F2BC
:1030B0001400C4F202000168114301600068019924
:1030C00008400090009802B07047000082B0019064
:1030D000019A41F21C00C4F2020001681143016030
:1030E0000068019908400090009802B07047000005
:1030F00082B00190019A41F21800C4F20200016806
:10310000114301600068019908400090009802B0E6
:103110007047000082B00190019A41F21800C4F299
:1031200002000168114301600068019908400090A5
:10313000009802B07047000082B00190019A41F2FD
:103140001800C4F20200016811430160006801998F
:1031500008400090009802B07047000082B00190D3
:10316000019A41F21800C4F20200016811430160A3
:103170000068019908400090009802B07047000074
:1031800083B00290019100920298019947F6406342
:10319000C0F60003194411F8011C405820F44050B7
:1031A000009908430299019A1A4412F8012C885098
:1031B00003B0704783B00290019100920298019988
:1031C00047F64063C0F60003194411F8011C40584B
:1031D00044F210018843009908430299019A1A4465
:1031E00012F8012C885003B07047000083B00290A1
:1031F000019100920298019947F64063C0F60003DE
:10320000194411F8011C405820F08000009908432F
:103210000299019A1A4412F8012C885003B07047A1
:1032200083B00290019100920298019947F64063A1
:10323000C0F60003194411F8011C405820F4406006
:10324000009908430299019A1A4412F8012C8850F7
:1032500003B0704783B002900191009202980199E7
:1032600047F64063C0F60003194411F8011C4058AA
:1032700020F02000009908430299019A1A4412F89C
:10328000012C885003B0704783B0029001910092E6
:103290000298019947F64063C0F60003194411F8FB
:1032A000011C405820F04000009908430299019AFF
:1032B0001A4412F8012C885003B0704783B0029072
:1032C000019100920298019947F64063C0F600030D
:1032D000194411F8011C405820F44070009908432B
:1032E0000299019A1A4412F8012C885003B07047D1
:1032F00081B00090009840F21441C4F201010860CE
:1033000001B0704781B00090009A40F20441C4F2CD
:10331000010108689043086001B0704781B00090D7
:10332000009A40F20C41C4F2010108689043086021
:1033300001B0704781B00090009A40F20041C4F2A1
:10334000010108689043086001B0704781B00090A7
:10335000009A40F20841C4F20101086890430860F5
:1033600001B0704781B00090009A40F20441C4F26D
:10337000010108681043086001B0704781B00090F7
:10338000009A40F20C41C4F2010108681043086041
:1033900001B0704781B00090009A40F20041C4F241
:1033A000010108681043086001B0704781B00090C7
:1033B000009A40F20841C4F2010108681043086015
:1033C00001B0704780B584B0039000208DF80B00E9
:1033D00003980079002867D0FFE703980068002869
:1033E00061D0FFE7039840790146019140B1FFE7C2
:1033F000019801280DD0FFE70198022812D01AE0A9
:1034000003980068FFF77EFF03980068FFF7C2FF8C
:1034100015E003980068FFF78DFF03980068FFF739
:10342000A1FF0CE003980068FFF7B4FF0398006861
:10343000FFF798FF03E001208DF80B00FFE70398EA
:10344000807978B3FFE703988079014600910128DD
:1034500008D0FFE7009802280DD0FFE70098032866
:1034600012D01AE003980068FFF758FF039800682D
:10347000FFF79CFF15E003980068FFF767FF0398CC
:103480000068FFF77BFF0CE003980068FFF78EFFF2
:1034900003980068FFF772FF03E001208DF80B002E
:1034A000FFE7FFE7FFE708E003980068FFF742FF48
:1034B00003980068FFF726FFFFE79DF80B0004B0B4
:1034C00080BD000081B0009040F21440C4F20100C1
:1034D000006800990840401AB0FA80F0400901B035
:1034E000704700000421C4F2010108680122C0F203
:1034F000007210430860704782B0019000919DF8FF
:1035000000000821C4F2010151F82000009A4FEA9E
:10351000124C20EA1240019B9CFAACFCBCFA8CFCD9
:1035200003FA0CF31843D2B241F8220002B07047FC
:1035300080B586B0059004910498B0F8010003901E
:10354000039890FAA0F0B0FA80F00290FFE7039899
:103550000299C840002849D0FFE703980299C84063
:10356000C00700283ED0FFE70298072806D8FFE7EB
:10357000029940F201108840019009E00298A0F100
:1035800008014FF00110884040F080600190FFE793
:1035900004984068082807D1FFE705980199049A24
:1035A000126900F0DFF8FFE705980199049A526864
:1035B00000F08EF804984068012805D0FFE70498D1
:1035C000406809280DD1FFE705980199049A92688F
:1035D00000F0DEF805980199049AD26800F092F89C
:1035E000FFE7FFE7029801300290B0E7002006B045
:1035F00080BD000082B00190009101988068BDF804
:1036000001100840401AB0FA80F0400902B070473B
:1036100082B001900091BDF801000199486102B0AB
:103620007047000082B001900091BDF8010001993F
:10363000486102B07047000082B001900091BDF86F
:1036400001000199486102B07047000082B001900A
:103650000091BDF801000199486102B07047000077
:1036600082B001900091BDF801000199086102B09B
:103670007047000082B001900091BDF801000199EF
:10368000086102B07047000082B001900091BDF85F
:1036900001000199086102B07047000084B00390F6
:1036A0000291019203989DF80B1008440090009934
:1036B0000868029A92FAA2F2B2FA82F293000F22FA
:1036C0009A409043019A9A401043086004B07047B2
:1036D00084B003900291019203989DF80B10084466
:1036E000009000990868029A92FAA2F2B2FA82F265
:1036F00093000F229A409043019A9A401043086029
:1037000004B0704784B003900291019203989DF831
:103710000B100844009000990868029A92FAA2F2ED
:10372000B2FA82F2930004229A409043019A9A409E
:103730001043086004B0704783B00290019100927A
:103740000298C06801990A0A20EA1120009992FAA9
:10375000A2F2B2FA82F2914008430299C86003B023
:103760007047000083B00290019100920298C068F7
:1037700001990A0A20EA1120009992FAA2F2B2FAFB
:1037800082F2914008430299C86003B0704700007C
:1037900084B003900291019203989DF80B100844A5
:1037A000009000990868029A92FAA2F2B2FA82F2A4
:1037B000930003229A409043019A9A401043086074
:1037C00004B0704784B0039002910398C0680190E0
:1037D000BDF809000090019A009802EA00019043A8
:1037E00040EA01400399086104B0704781B000903D
:1037F0000099086840F04000086001B07047000080
:1038000080B584B00390029101208DF807000398E1
:1038100000F046F8C0BBFFE7039800684FF6BF71A1
:103820008843029A00921168D2F804E0D2F808C0E6
:10383000D36841EA0E0141EA0C01194313691943A7
:103840005369194393691943D3691943126A1143A0
:103850000843039908600398406820F00400029927
:10386000C98A0843039948600298006AB0F5005F6E
:1038700006D1FFE703980299496A00F019F8FFE7BB
:1038800000208DF80700FFE79DF8070004B080BD19
:1038900081B0009000988068C0B2C00901B0704744
:1038A00081B0009000980068C0F3801001B07047AC
:1038B00082B001900091BDF800000199086102B04A
:1038C0007047000083B002908DF8071002980C300A
:1038D00000909DF807000099087003B07047000041
:1038E0004EF21001CEF20001086840F002000860BC
:1038F0007047000081B0009000996FF001000861EE
:1039000001B0704781B000900099086820F08000F5
:10391000086001B07047000081B00090009988688D
:1039200020F08000886001B07047000081B00090F6
:103930000099086840F00100086001B0704700007D
:1039400081B000900099C86840F00100C86001B0E3
:103950007047000081B000900099486940F0010074
:10396000486101B07047000081B000900098406A43
:1039700001B0704781B000900098406A01B0704774
:1039800081B000900098406A01B070478AB00990F9
:10399000089107920898012803D1FFE700200490BE
:1039A00030E00898042803D1FFE70120039026E0C7
:1039B0000898102803D1FFE7022002901CE0089825
:1039C000402803D1FFE70320019012E00898B0F5EA
:1039D000807F03D1FFE70420009007E008990620CC
:1039E000B1F5806F08BF05200090FFE700980190B7
:1039F000FFE701980290FFE702980390FFE7039822
:103A00000490FFE704988DF81B0009989DF81B208F
:103A10004EF67A01C0F60001895C08441830059022
:103A2000059800689DF81B204EF68801C0F600013D
:103A30008A5C032191408843BDF81E1091400843E1
:103A4000059908600AB070478AB0099008910792FA
:103A50000898012803D1FFE70020049030E008987F
:103A6000042803D1FFE70120039026E008981028DE
:103A700003D1FFE7022002901CE00898402803D100
:103A8000FFE70320019012E00898B0F5807F03D192
:103A9000FFE70420009007E008990620B1F5806F49
:103AA00008BF05200090FFE700980190FFE701980C
:103AB0000290FFE702980390FFE703980490FFE766
:103AC00004988DF81B0009989DF81B204EF67A018A
:103AD000C0F60001895C084418300590059800681C
:103AE0009DF81B204EF68801C0F600018A5CF0218B
:103AF00091408843BDF81E10914008430599086025
:103B00000AB0704789B0089007910692079801287B
:103B100003D1FFE70020049030E00798042803D188
:103B2000FFE70120039026E00798102803D1FFE764
:103B3000022002901CE00798402803D1FFE70320F1
:103B4000019012E00798B0F5807F03D1FFE70420D1
:103B5000009007E007990620B1F5806F08BF0520A7
:103B60000090FFE700980190FFE701980290FFE7BF
:103B700002980390FFE703980490FFE704988DF8FC
:103B800017000898006A9DF817204EF68101C0F6CC
:103B900000018A5C0A2191408843069991400843BC
:103BA0000899086209B070478AB009900891079295
:103BB0000898012803D1FFE70020049030E008981E
:103BC000042803D1FFE70120039026E0089810287D
:103BD00003D1FFE7022002901CE00898402803D19F
:103BE000FFE70320019012E00898B0F5807F03D131
:103BF000FFE70420009007E008990620B1F5806FE8
:103C000008BF05200090FFE700980190FFE70198AA
:103C10000290FFE702980390FFE703980490FFE704
:103C200004988DF81B0009989DF81B204EF67A0128
:103C3000C0F60001895C08441830059005980068BA
:103C40009DF81B204EF68801C0F600018A5C0C210D
:103C500091408843BDF81E109140084305990860C3
:103C60000AB0704780B584B0039002910398006851
:103C70000190039842F60041C4F20101884215D038
:103C8000FFE70398B0F1804F10D0FFE7039840F2B0
:103C90000041C4F20001884208D0FFE7039840F6D3
:103CA0000001C4F20001884208D1FFE7019820F02A
:103CB00070000299496808430190FFE7039842F6B3
:103CC0000041C4F20101884215D0FFE70398B0F12A
:103CD000804F10D0FFE7039840F20041C4F200018A
:103CE000884208D0FFE7039840F60001C4F20001C3
:103CF000884208D1FFE7019820F440700299C96812
:103D000008430190FFE7019803990860039802991E
:103D1000896800F021F803980299098800F048F8B2
:103D2000039842F60041C4F20101884206D1FFE740
:103D300003980299096900F043F8FFE70398FFF739
:103D400009FE002004B080BD81B000900098006999
:103D500000F0010001B0704782B00190009100981E
:103D60000199C86202B0704782B001900091019839
:103D7000806844F2070188430099084301998860EC
:103D800002B0704782B0019000910098019948629A
:103D900002B0704782B0019000910198806820F0D5
:103DA0000700009908430199886002B0704700003D
:103DB00082B00190009100980199886202B070472A
:103DC00082B00190009100980199086302B0704799
:103DD00082B0019000910198406820F07000009935
:103DE00008430199486002B07047000082B001901A
:103DF0004EF21000CEF2000000680090009801988A
:103E0000013020B1FFE7019801300190FFE7FFE7A3
:103E1000019870B1FFE74EF21000CEF2000000688A
:103E2000C003002804D5FFE7019801380190FFE79F
:103E3000EEE702B07047000080B540F21020C2F2F9
:103E40000000807AC00748B1FFE700F0CBF840F2ED
:103E50001021C2F2000100208872FFE740F220200A
:103E6000C2F20000807AC00748B1FFE700F0E0F836
:103E700040F22021C2F2000100208872FFE780BDDD
:103E800080B584B0012102910222084602F02EFF83
:103E90000298032141F27072039202F027FF039A05
:103EA0000298042102F022FF02980621082202F063
:103EB0001DFF02980E210022019202F017FF019AC5
:103EC000029840F2012102F011FF029840F2022113
:103ED0000B2202F00BFF029840F203214FF4C8724C
:103EE00002F004FF02984FF40171172202F0FEFE67
:103EF000039A029840F2052102F0F8FE029840F27F
:103F0000062140F6025202F0F1FE00F091F840F274
:103F10000040C4F20000FFF733FD019B029A014606
:103F2000039840F2043CC2F2000CACF8001040F2DE
:103F3000EC21C2F200010B608B71CA71888004B061
:103F400080BD000080B582B08DF8070040F2EC2003
:103F5000C2F20000C07998B9FFE79DF8070038B9B0
:103F6000FFE74FF400510122104602F0BFFE06E0C9
:103F700001204FF40051022202F0B8FEFFE7FFE7F4
:103F80009DF8070040F2EC21C2F20001887102B0F6
:103F900080BD000081B0ADF80200BDF9021040F212
:103FA000EC20C2F2000001600068B0F1FF3F07DCC6
:103FB000FFE740F2EC21C2F2000100200860FFE7B9
:103FC00040F2EC21C2F2000108688988884207DDCE
:103FD000FFE740F2EC21C2F2000188880860FFE7A9
:103FE00001B0704780B582B040F2EC20C2F2000010
:103FF00000900021C1718079FFF7A4FF009801684B
:1040000048F68900C8F6880081FB00200144480971
:1040100000EBD17064214843ADF80600BDF80620DE
:1040200001204FF4405102F061FE02B080BD00005B
:1040300080B582B0012001904FF40051052202F0BA
:1040400055FE019840F2EC21C2F20001C87102B0A5
:1040500080BD000080B592B00020049011901090B7
:104060000F900E900D900C900B900A900990089074
:104070000790069005904FF400700190FFF74AF802
:104080001020FFF747F8049840F20441059106908C
:1040900041F20000C4F2010005A9FFF749FA01F05E
:1040A000F9FC049A022100F095FC014612200090D0
:1040B00001F03AFD009801F06DFC04981090119009
:1040C00042F20040C4F20100029010A9FEF72AFF5C
:1040D000049902980F910FA9FEF7ECFE049902983B
:1040E0004FF460220A920B910C910D910E910AA946
:1040F000FEF748FF019902980C22C0F26002039279
:10410000FEF798FF02980399049AFEF7B1FF12B0E8
:1041100080BD000080B590B0002003900F900E90FD
:104120000D900C900B900A900990089007900690C3
:10413000059004904FF48060FEF7ECFF1020FEF72E
:10414000E9FF039840F608010491059041F2000050
:10415000C4F2010004A9FFF7EBF901F09BFC039AFC
:10416000022100F037FC01461220009001F0DCFC37
:10417000009801F00FFC03980E900F9042F600009B
:10418000C4F2010001900EA9FEF7CCFE039901983C
:104190004FF4602209920A910B910C910D9109A99B
:1041A000FEF7F0FE01984FF400710D22C0F290026C
:1041B0000292FEF73FFF01980299039AFEF758FF1B
:1041C00010B080BD80B584B00120FEF76DFF0C20DB
:1041D0000190002202921146FDF724FB0198FDF7A1
:1041E00017FB01F05FFC029A114600F029FC014622
:1041F0000D20039001F0BAFC039801F0E3FB04B03A
:1042000080BD000010B59EB0002015901D901C9040
:104210001B901A9019901890179010200490FEF798
:1042200067FF20200590FEF763FF04200790FEF74C
:104230005FFF08201290FEF75BFF41F20000C4F21E
:1042400001000A904CF2FF01C0F27F410091FFF79C
:10425000E9F940F60000C4F20100089040F60901B7
:10426000C0F201410191FFF7DDF940F60040C4F2D0
:1042700001000D904DF2F441C0F2F0410291FFF7C0
:10428000D1F9009A0A981599179201220F92189263
:104290000222149219921A9117A90391FFF748F973
:1042A0000399DDF83CC0149B159ADDF804E00898EA
:1042B000CDF85CE0CDF860C019931A92FFF738F999
:1042C0000399079A089842F220030B9317931892C8
:1042D000FFF72EF90399DDF83CC0149B159ADDF821
:1042E00008E00D98CDF85CE0CDF860C019931A9203
:1042F000FFF71EF90399079A0D980123C0F20143B5
:1043000017931892FFF714F915984FF07061FFF7A3
:10431000F3F814980121C0F20F01FFF7EDF814989B
:104320000121C0F2F001FFF7E7F80F984FF4702178
:10433000FFF7E2F80F984FF47001FFF7DDF8079AE6
:104340000F9815991C928DF874008DF875108DF8E2
:1043500076001CA80690FFF735F8049B0F99159A74
:1043600006981C938DF874108DF875208DF87610D2
:10437000FFF728F8059B0F99159A06981C938DF85E
:1043800074108DF875208DF87610FFF71BF80F99D3
:10439000159A06981C918DF874108DF875208DF87B
:1043A0007610FFF70FF80F99149B159A06981C9337
:1043B0008DF874108DF875208DF87610FFF702F8DF
:1043C000079A089840F20441FFF768F90A98129A90
:1043D00041F210010991FFF761F90A980B99129ABD
:1043E000FFF75CF90D98129A40F201110C91FFF75A
:1043F00055F90D98129A40F202210E91FFF74EF9ED
:1044000009990A980F9AFFF797F90A980B990F9A4A
:10441000FFF792F90C990D980F9AFFF78DF90D9807
:104420000E990F9AFFF788F901F02CFB1499159A51
:1044300000F09AFA01460620109001F053FB109804
:1044400001F090FA01F01EFB1499159A00F08CFA15
:1044500001460720119001F045FB119801F082FA06
:1044600001F010FB1499159A00F07EFA014612989B
:1044700001F038FB129801F075FA01F003FB149972
:10448000159A00F071FA01460A20139001F02AFBF8
:10449000139801F067FA01F0F5FA1499159A00F0F3
:1044A00063FA01461720169001F01CFB169801F0E4
:1044B00059FA1EB010BD000080B596B00CA8069049
:1044C00028210491FBF7F0FE002005900B900A9044
:1044D0000990089007904FF48050FEF72DFE0820B9
:1044E000FEF72AFE059842F6280107910921089156
:1044F0000321019109910A9040F60040C4F20100A5
:1045000007A9FFF715F8FEF7EDFF01990020C4F2A7
:10451000020000901022FEF74DFE00980199059AC6
:10452000FEF72EFE00980199059AFEF793FE00987B
:104530000199059AFEF7A8FE009801998022FEF7DE
:1045400055FE00980199059AFEF7B8FE009801996A
:10455000059AFEF765FE01F0ADFA059A0221039176
:1045600000F0A4FA01462320029001F021FB0298FA
:1045700001F040FA039B049A059806990C904FF4B9
:10458000827CCDF834C00E900F93012310934FF42A
:10459000007311931292139014900A20159043F215
:1045A0000000C4F20100FFF72BF916B080BD000037
:1045B00080B588B000200190079006900590049087
:1045C00003904FF40060FEF7C9FD01F07BFA019AF9
:1045D000114600F0A1FA01461920009001F00AFBF3
:1045E000009801F01FFA01984FF4E151ADF80C105A
:1045F000049042F20F7105910690079042F6004038
:10460000C4F20100029003A9FFF72CFB0298FFF708
:1046100079F901990298FFF7A7FB01990298FFF732
:10462000D7FB0298FFF778F908B080BD80B590B04D
:10463000002004900F900E900D900C900B900A901B
:10464000099008900790069001200190FEF73EFD2A
:1046500004200090FEF782FD009840F2033106919D
:10466000079040F60000C4F2010006A9FEF760FFC3
:104670004FF0804005900321FFF78CFB01990598CE
:104680004FF480320292FFF781F90199049A05985C
:10469000FFF78AFA0199049A0598FFF7D5F901996D
:1046A000049A0598FFF72EFA029A059810210391B3
:1046B000FFF76CF90399049A0598FFF775FA0399C7
:1046C000049A0598FFF7C0F90399049A0598FFF733
:1046D00019FA04990598ADF82C100C914FF6FF7259
:1046E0000D920E910BA9FFF7BDFA0598FFF70AF995
:1046F00004990598FFF76CFB0598FFF70DF910B0CA
:1047000080BD000080B592B00020069011901090FE
:104710000F900E900D900C900B900A9009900890BD
:1047200002200190FEF7D2FC04200090FEF716FD57
:1047300000984CF2C0010891099040F60000C4F2C4
:10474000010008A9FEF7F4FE01F0BCF90199069AF0
:1047500000F0E2F901461D20029001F04BFA0298A8
:1047600001F060F940F20040C4F20000079001211E
:104770000391FFF70FFB039907984FF480320492DF
:10478000FFF704F90399069A0798FFF70DFA0399C2
:10479000069A0798FFF758F90399069A0798FFF7C2
:1047A000B1F9049A079810210591FFF7EFF80599E0
:1047B000069A0798FFF7F8F90599069A0798FFF700
:1047C00043F90599069A0798FFF79CF90699079807
:1047D000ADF834100E914FF6FF720F9210910DA9A3
:1047E000FFF740FA0798FFF78DF806990798FFF74B
:1047F000EFFA0798FFF790F812B080BD80B588B047
:1048000000200190079006900590049003900420EA
:10481000FEF75CFC01F056F9019A022100F07CF9E8
:1048200001461E20009001F0E5F9009801F0FAF829
:1048300001984821ADF80C1004904FF47A7105915D
:10484000069040F60000C4F20000029003A9FFF7B2
:1048500009FA0298FFF756F801990298FFF784FACF
:1048600001990298FFF7B4FA0298FFF755F808B0DB
:1048700080BD000080B582B040F20C10C2F2000092
:10488000019043F60001C4F2010101604FF4E131EF
:10489000416000218160C16001610C22426181613F
:1048A000C161FEF749F818B1FFE7FCF765F9FFE7CA
:1048B00002B080BD80B582B040F28410C2F2000028
:1048C000019044F60001C4F2000101604FF49641EA
:1048D00041604FF4805181600021C1604FF48062DB
:1048E00002610C2242618161C161FEF725F818B1B5
:1048F000FFE7FCF741F9FFE702B080BDFFE7FEE705
:1049000040F21C00C2F2000000680078C00750B9F5
:10491000FFE740F2D821C2F200014FF49660086030
:10492000322048600EE040F21C00C2F20000016834
:10493000CA6840F2D821C2F200010A60006800692A
:104940004860FFE740F2D821C2F2000100208860F1
:10495000C8608874C87440F29101C2F20001087006
:1049600070470000FFE7FEE788B0079006910592C8
:10497000079800F0070004900498C0F1070005288C
:1049800003D3FFE70420019004E00498C0F107007E
:104990000190FFE70198039004980430062803D89B
:1049A000FFE70020009003E0049803380090FFE741
:1049B0000098029006980399012202FA01F1013948
:1049C0000840029B984005999A40013A11400843DB
:1049D00008B0704788B0079006910592079800F0DC
:1049E000070004900498C0F10700052803D3FFE7EF
:1049F0000420019004E00498C0F107000190FFE753
:104A00000198039004980430062803D8FFE700209B
:104A1000009003E0049803380090FFE700980290AC
:104A200006980399012202FA01F101390840029B1C
:104A3000984005999A40013A1140084308B07047E0
:104A400088B0079006910592079800F0070004903F
:104A50000498C0F10700052803D3FFE70420019064
:104A600004E00498C0F107000190FFE7019803906B
:104A700004980430062803D8FFE70020009003E0E4
:104A8000049803380090FFE7009802900698039975
:104A9000012202FA01F101390840029B9840059970
:104AA0009A40013A1140084308B0704788B0079017
:104AB00006910592079800F0070004900498C0F151
:104AC0000700052803D3FFE70420019004E00498C1
:104AD000C0F107000190FFE70198039004980430AB
:104AE000062803D8FFE70020009003E0049803386D
:104AF0000090FFE70098029006980399012202FABD
:104B000001F101390840029B984005999A40013A09
:104B10001140084308B0704788B00790069105928D
:104B2000079800F0070004900498C0F107000528DA
:104B300003D3FFE70420019004E00498C0F10700CC
:104B40000190FFE70198039004980430062803D8E9
:104B5000FFE70020009003E0049803380090FFE78F
:104B60000098029006980399012202FA01F1013996
:104B70000840029B984005999A40013A1140084329
:104B800008B0704788B0079006910592079800F02A
:104B9000070004900498C0F10700052803D3FFE73D
:104BA0000420019004E00498C0F107000190FFE7A1
:104BB0000198039004980430062803D8FFE70020EA
:104BC000009003E0049803380090FFE700980290FB
:104BD00006980399012202FA01F101390840029B6B
:104BE000984005999A40013A1140084308B070472F
:104BF0007047000082B00190019840F20001C2F2BB
:104C000000010968C90844F6D352C1F26202A1FB4F
:104C10000221890948430090FFE700BFFFE70098A1
:104C2000411E00910028F8D1FFE702B07047000054
:104C300082B0ADF80600BDF9060040F20631C2F2BE
:104C40000001B1F90020801A0090009B40F2103260
:104C5000C2F20002106818441060BDF80600088017
:104C600002B070477047000080B582B08DF8070031
:104C700000F022F900F034F99DF8070000F0FAF88E
:104C800000F010F902B080BD80B582B08DF8070049
:104C900000F012F900F01AF99DF8070000F0EAF8A8
:104CA00000F000F902B080BD80B586B000F022F9B6
:104CB00000F0A2F90A20049000F0A8F900F092F99F
:104CC0003220059000F0A2F9FD200390FFF7CCFF01
:104CD0001220FFF7D9FFAE20FFF7C6FFB320FFF782
:104CE000C3FF9120FFF7D0FFCA20FFF7BDFF3F2091
:104CF000FFF7CAFFA220FFF7B7FF00200190FFF7E0
:104D0000C3FFA120FFF7B0FF0198FFF7BDFFA02070
:104D10000290FFF7A9FF1420FFF7B6FF1120FFF75D
:104D2000B3FFB520FFF7A0FF0198FFF7ADFFAB2061
:104D3000FFF79AFF0120FFF7A7FFB420FFF794FFCA
:104D40000298FFF7A1FF0398FFF79EFFC120FFF72E
:104D50008BFFFF20FFF798FFC720FFF785FF0F208D
:104D6000FFF792FFB920FFF77FFFB120FFF77CFF2D
:104D7000E220FFF789FFD120FFF776FF8220FFF7BF
:104D800083FF2020FFF780FFBB20FFF76DFF1F2070
:104D9000FFF77AFFB620FFF767FF0820FFF774FFE1
:104DA000BE20FFF761FF0720FFF76EFFA620FFF789
:104DB0005BFFA920FFF758FF049800F027F9AF2008
:104DC000FFF752FF059800F021F906B080BD000002
:104DD00080B582B0019000915C20FFF745FF00F0A4
:104DE0006BF800F073F80198009900F02BF800F0D0
:104DF00059F802B080BD000080B582B08DF8070080
:104E00008DF806108DF805208DF804301520FFF779
:104E10002BFF9DF807001C30C0B2FFF735FF9DF84F
:104E200006001C30C0B2FFF72FFF7520FFF71CFFF4
:104E30009DF80500FFF728FF9DF80400FFF724FF09
:104E400002B080BD80B584B0039002910020019033
:104E5000FFE70198029988420AD2FFE70398019977
:104E6000405C00F007F8FFE7019801300190F0E79F
:104E700004B080BD80B582B08DF807009DF80710A2
:104E800043F20000C4F20100FEF71CFDFFE743F20D
:104E90000000C4F20100FEF7FBFC08B1FFE7F6E7F3
:104EA00002B080BD80B540F60040C4F2010041F27E
:104EB0001001FEF7DFFB80BD80B540F60040C4F274
:104EC000010041F21001FEF7B7FB80BD80B540F64E
:104ED0000040C4F2010044F24001FEF7CBFB80BD6C
:104EE00080B540F60040C4F2010044F24001FEF7F4
:104EF000A3FB80BD10B590B040F60040C4F20100A5
:104F00000A9041F210010991FEF796FB0A9844F2CB
:104F100040010191FEF790FB0A9848F2800104914C
:104F2000FEF78AFB0A98099A002107910F910E91CA
:104F30000D910C910B910B92012202920C92022284
:104F400003920D920E910BA90891FEF7F1FADDF88C
:104F500008C0039B079A0899DDF804E00A98CDF889
:104F60002CE0CDF830C00D930E92FEF7E1FADDF89B
:104F700008C0039B079A0899DDF810E00A98CDF85D
:104F80002CE0CDF830C00D930E92FEF7D1FA079ABF
:104F900008990A9840F608030B93092305930C938C
:104FA000032306930D930E92FEF7C2FADDF814C0A8
:104FB000069B079A08990A9842F2200ECDF82CE039
:104FC000CDF830C00D930E92FEF7B2FA09990A9807
:104FD000FEF750FB43F20000C4F20100FEF706FCAE
:104FE00010B010BD80B540F60040C4F2010048F298
:104FF0008001FEF73FFB80BD80B540F60040C4F263
:10500000010048F28001FEF717FB80BD80B582B039
:1050100001900198FEF7EAFE02B080BD70470000E3
:1050200080B582B0009000980138B0F1807F03D342
:10503000FFE70120019019E0009801384EF21401B9
:10504000CEF2000108604FF0FF300F2100F0F4FDB8
:105050004EF21801CEF20001002008604EF210025C
:10506000CEF20002072111600190FFE7019802B023
:1050700080BD000080B5FCF73FFB80BD80B596B0D9
:105080000CA801902821FBF70FF901980023029347
:105090000B930A930993089307930693059304933C
:1050A000039301220C924FF480310D910E931092D4
:1050B0000222139214914FF480111591FCF76CFEAB
:1050C00018B1FFE7FBF758FDFFE70F20079002211B
:1050D0000891002009904FF480620A920B9007A873
:1050E000FCF7A6FC18B1FFE7FBF746FDFFE702203F
:1050F00003904FF40040059003A8FCF7B5FB18B1EE
:10510000FFE7FBF739FDFFE716B080BD70470000F1
:1051100080B542F60040C4F20100FEF715FE0028FB
:105120006CD0FFE740F2FE10C2F200000078C0072A
:1051300048B9FFE740F25821C2F200010868496807
:10514000FEF740FBFFE740F2EC20C2F20000C0791E
:1051500048B9FFE740F27021C2F2000108684968CF
:10516000FEF730FBFFE740F2EC20C2F20000C0790E
:10517000012809D1FFE740F26421C2F2000108686A
:105180004968FEF71FFBFFE740F22000C2F2000073
:105190000078C00748B1FFE740F21431C2F20001C5
:1051A0000A78012090430870FFE740F28800C2F2BD
:1051B00000000078C00748B1FFE740F28901C2F261
:1051C00000010A78012090430870FFE740F2FC10CC
:1051D000C2F200000078C00748B1FFE740F2FD11BD
:1051E000C2F200010A78012090430870FFE742F6FE
:1051F0000040C4F20100FEF77DFBFFE780BD000028
:105200007047000080B582B040F60000C4F2000094
:10521000FEF79AFD002800F0E680FFE740F6000068
:10522000C4F20000FEF766FB40F21630C2F2000046
:105230000088C00728B9FFE7FEF7FEFDFBF742FB39
:10524000C9E04FF08040FEF78FFB014640F28C0032
:10525000C2F200000160B0F90000FFF7E9FC40F283
:105260001030C2F20000006801F02FFE002200237F
:10527000C3F6707301F040FE01F0F6FD40F2083114
:10528000C2F20001086040F29100C2F20000007812
:1052900001282BD1FFE740F2EC20C2F20000C079D8
:1052A00020BBFFE740F21030C2F20000006840F27D
:1052B000D821C2F20001C9684942884216DCFFE7E2
:1052C00040F2D820C2F20000C07CC00770B9FFE7EE
:1052D00001200190FEF736FE019840F2D821C2F27B
:1052E00000014A7C01324A74C874FFE740F2910021
:1052F000C2F20000007838BBFFE740F2EC20C2F2B7
:105300000000C07900BBFFE740F21030C2F200009D
:10531000006840F2D821C2F20001896849428842FF
:1053200012DCFFE740F2D820C2F20000807CC00708
:1053300050B9FFE740F2D821C2F20001087C0130E9
:10534000087401208874FFE740F29100C2F2000067
:105350000078012821D1FFE740F2EC20C2F20000E2
:10536000C079D0B9FFE740F21030C2F20000006807
:10537000002812D4FFE740F2EC20C2F2000080794E
:1053800058B1FFE700200090FEF7DCFD009840F2E6
:10539000D821C2F20001C874FFE740F29100C2F2C6
:1053A00000000078B0B9FFE740F2EC20C2F2000044
:1053B000C07978B9FFE740F21030C2F2000000680F
:1053C000002807D4FFE740F2D821C2F200010020F4
:1053D0008874FFE7FFE740F21631C2F20001088847
:1053E00001300880FFE702B080BD000080B582B0C8
:1053F00001900198406A009000990020C8850099AA
:10540000C8840098816D884702B080BD80B584B0A3
:105410000390002002900398406A01900198006870
:105420004069C0B2C0090290019890F8410021285B
:105430000AD1FFE7029838B1FFE701990020C8843C
:10544000019800F0C9F8FFE7019800684069C0F3CF
:1054500080100290019890F8420022280AD1FFE7BC
:10546000029838B1FFE701990020C885019800F043
:1054700055F8FFE70199486C40F010004864019826
:10548000816D884704B080BD80B584B003900398D7
:10549000406A0290039800680068800600282AD4B9
:1054A000FFE702990020C884FFE7FFE70298006841
:1054B00050E8050F20F080000190FFE70199029865
:1054C000026842E805100028F0D1FFE7FFE7FFE798
:1054D000FFE70298006850E8030F40F0400000909A
:1054E000FFE700990298026842E803100028F0D113
:1054F000FFE7FFE703E00298C16C8847FFE704B0CD
:1055000080BD000080B582B001900198406A009093
:105510000098816C884702B080BD000084B0039081
:10552000FFE7FFE70398006850E8030F20F490704E
:105530000290FFE702990398026842E803100028EE
:10554000F0D1FFE7FFE7FFE7FFE70398006850E8C7
:10555000050F20F001000190FFE701990398026810
:1055600042E805100028F0D1FFE7FFE70398006B41
:10557000012814D1FFE7FFE7FFE70398006850E830
:10558000030F20F010000090FFE7009903980268D5
:1055900042E803100028F0D1FFE7FFE7FFE7039997
:1055A000202081F8420003990020086304B070476E
:1055B00080B582B0019001980168C86820F0400071
:1055C000C8600199202081F841000198C16C88478A
:1055D000002002B080BD000082B00190FFE7FFE72D
:1055E0000198006850E8030F20F0C0000090FFE72A
:1055F00000990198026842E803100028F0D1FFE703
:10560000FFE70199202081F8410002B070470000B7
:1056100081B00090009942F6A550C0F60000886461
:10562000009942F69D50C0F60000C864009942F609
:10563000B140C0F600000865009942F6A940C0F6E6
:1056400000004865009942F20550C0F600008865E8
:10565000009942F23140C0F60000C865009942F25C
:10566000FD40C0F600000866009942F23940C0F6DD
:1056700000004866009942F22540C0F60000C86666
:1056800001B0704780B586B00490049890F842004D
:10569000222840F0A480FFE704988068B0F5805F7E
:1056A00015D1FFE70498006988B9FFE7002003904F
:1056B0000498806A02900498006840686FF35F2045
:1056C000029908800499886A0230886225E004986B
:1056D000806A03900020029004988068B0F5805F93
:1056E00008D0FFE70498806850B9FFE70498006984
:1056F00030B9FFE70498006840680399087007E034
:1057000004980068406800F07F0003990870FFE784
:105710000499886A01308862FFE70499C88D0138CE
:10572000C8850004002856D1FFE704980168C868BE
:1057300020F02000C86004980168C86820F48070D8
:10574000C86004980168486920F001004861049924
:10575000202081F842000499002048630498006BDF
:10576000012830D1FFE7049900200863FFE7FFE735
:105770000498006850E8030F20F010000190FFE744
:1057800001990498026842E803100028F0D1FFE76D
:10579000FFE7049800680068C00600280ED5FFE700
:1057A000FFE70020009004980068006800900498CB
:1057B0000068406800900098FFE7FFE70498C26E19
:1057C000818D904703E00498416D8847FFE70020F2
:1057D0008DF8170007E000208DF8170003E0022085
:1057E0008DF81700FFE79DF8170006B080BD000098
:1057F00080B584B0039003980068006920F440509D
:10580000039A1168D26810430861039988680A698D
:10581000496910430843029003980068C06841F248
:105820000C6188430299084303990968C86003988A
:105830000068406920F44070039A1168926910432F
:1058400048610398006843F60001C4F201018842F0
:1058500004D1FFE7FCF730FA019003E0FCF71AFAF5
:105860000190FFE7019819214843039A1168526893
:105870009200B0FBF2FC48F21F52C5F2EB12ACFBF7
:1058800002304309642003FB10CC322000EB0C10E3
:10589000A0FB0202F02000EA521000EB0310C2F35A
:1058A00043121044886004B080BD000083B00190B2
:1058B000019890F8410021283AD1FFE701988068CB
:1058C000B0F5805F13D1FFE70198006978B9FFE771
:1058D0000198006A0090009800886FF35F2001999A
:1058E000096848600199086A0230086208E0019A74
:1058F000106A411C11620078019909684860FFE74D
:105900000199C88C0138C884000468B9FFE7019880
:105910000168C86820F08000C86001980168C86804
:1059200040F04000C860FFE700208DF80B0003E066
:1059300002208DF80B00FFE79DF80B0003B07047C5
:1059400080B540F20C10C2F20000FCF7DFFD80BD14
:1059500080B540F28410C2F20000FCF7D7FD80BD94
:10596000FFE7FEE781B08DF803009DF903000028F2
:105970000ED4FFE79DF9031001F01F0201209040B3
:105980004A094EF20011CEF2000141F82200FFE771
:1059900001B0704781B08DF803009DF90300002825
:1059A0000ED4FFE79DF9031001F01F020120904083
:1059B0004A094EF20011CEF2000141F82200FFE741
:1059C00001B0704781B08DF803009DF903000028F5
:1059D0000ED4FFE79DF9031001F01F020120904053
:1059E0004A094EF20011CEF2000141F82200FFE711
:1059F00001B0704781B08DF803009DF903000028C5
:105A00000ED4FFE79DF9031001F01F020120904022
:105A10004A094EF20011CEF2000141F82200FFE7E0
:105A200001B0704781B08DF803009DF90300002894
:105A30000ED4FFE79DF9031001F01F0201209040F2
:105A40004A094EF20011CEF2000141F82200FFE7B0
:105A500001B0704781B08DF803009DF90300002864
:105A60000ED4FFE79DF9031001F01F0201209040C2
:105A70004A094EF20011CEF2000141F82200FFE780
:105A800001B070474EF60C50CEF200000068C0F333
:105A9000022070474EF60C50CEF200000068C0F3B2
:105AA000022070474EF60C50CEF200000068C0F3A2
:105AB000022070474EF60C50CEF200000068C0F392
:105AC000022070474EF60C50CEF200000068C0F382
:105AD000022070474EF60C50CEF200000068C0F372
:105AE0000220704782B08DF8070000919DF90700F1
:105AF00000280AD4FFE7009800019DF907104EF234
:105B00000042CEF2000288540BE0009800019DF89C
:105B1000071001F00F014EF61452CEF20002885425
:105B2000FFE702B07047000082B08DF807000091D7
:105B30009DF9070000280AD4FFE7009800019DF9AD
:105B400007104EF20042CEF2000288540BE000989B
:105B500000019DF8071001F00F014EF61452CEF22D
:105B600000028854FFE702B07047000082B08DF851
:105B7000070000919DF9070000280AD4FFE700986C
:105B800000019DF907104EF20042CEF20002885447
:105B90000BE0009800019DF8071001F00F014EF690
:105BA0001452CEF200028854FFE702B070470000A2
:105BB00082B08DF8070000919DF9070000280AD4F3
:105BC000FFE7009800019DF907104EF20042CEF267
:105BD000000288540BE0009800019DF8071001F0C6
:105BE0000F014EF61452CEF200028854FFE702B0C5
:105BF0007047000082B08DF8070000919DF9070002
:105C000000280AD4FFE7009800019DF907104EF222
:105C10000042CEF2000288540BE0009800019DF88B
:105C2000071001F00F014EF61452CEF20002885414
:105C3000FFE702B07047000082B08DF807000091C6
:105C40009DF9070000280AD4FFE7009800019DF99C
:105C500007104EF20042CEF2000288540BE000988A
:105C600000019DF8071001F00F014EF61452CEF21C
:105C700000028854FFE702B07047000083B0029032
:105C8000029800F0070000904EF60C51CEF2000191
:105C90000868019001984FF6FF02104001900198AA
:105CA000009A40EA02200022C0F2FA52104301900A
:105CB0000198086003B0704710B586B08C468646E0
:105CC00009980899CDF814E0CDF810C0ADF80E2071
:105CD000ADF80C30ADF80A10ADF808000020ADF8B2
:105CE0000600BDF80C00ADF80400FFE7BDF80400A5
:105CF000BDF80C10BDF808201144884230DAFFE7E7
:105D0000BDF80E00ADF80200FFE7BDF80200BDF8D7
:105D10000E10BDF80A20114488421ADAFFE70598F0
:105D2000BDF80210BDF80420049BBDF806C033F88E
:105D30001C30C3F3071300F0B9F8BDF806000130BA
:105D4000ADF80600FFE7BDF802000130ADF8020033
:105D5000DBE7FFE7BDF804000130ADF80400C5E75C
:105D600006B010BD80B588B084460A98CDF81CC036
:105D70008DF81B10ADF81820ADF816308DF8150011
:105D800040F2C400C2F20000006808B9FFE78AE0F0
:105D900040F2C400C2F2000001680A7A9DF81B10AC
:105DA000891A8DF81B10016849689DF81B2001EBCA
:105DB000C201049100680068039004980088ADF85F
:105DC0000A00049880788DF809000498C0788DF84E
:105DD0000800049840798DF80700049880798DF8C0
:105DE000060000208DF805008DF804008DF80300F2
:105DF0008DF802008DF80300FFE79DF803009DF881
:105E0000081088424FDAFFE700208DF80200FFE714
:105E10009DF802009DF8091088423DDAFFE79DF8E1
:105E20000500411C8DF80510400750B9FFE70398A5
:105E3000BDF80A104A1CADF80A20405C8DF8040039
:105E4000FFE79DF804000006002818D5FFE7079833
:105E5000BDF818109DF9072011449DF80220114447
:105E6000BDF816209DF906301A449DF803301A44F7
:105E70009DF8153089B292B200F018F800E0FFE703
:105E80009DF8040040008DF80400FFE79DF8020033
:105E900001308DF80200BBE7FFE79DF803000130F9
:105EA0008DF80300A9E708B080BD000083B0029020
:105EB000ADF80610ADF804208DF80330BDF80600EB
:105EC00040F20601C2F200010988013988420BDC68
:105ED000FFE7BDF8040040F20401C2F200010988A6
:105EE0000139884201DDFFE741E0BDF8040040F2DE
:105EF0000601C2F200010988BDF8062000FB01205E
:105F000000EBD07121F00101401A012817D1FFE701
:105F10000299BDF8040040F20602C2F200021288A3
:105F2000BDF8063000FB023000EBD0704210885CF8
:105F300000F0F0009DF803301843885417E00299F0
:105F4000BDF8040040F20602C2F200021288BDF859
:105F5000063000FB023000EBD0704210885C00F08D
:105F60000F009DF8033040EA03108854FFE703B0A8
:105F70007047000010B586B08C468646099808998F
:105F8000CDF814E0ADF812C0ADF81020ADF80E3029
:105F9000ADF80C108DF80B00BDF81200ADF808003C
:105FA000FFE7BDF80800BDF80E10884223DCFFE7CC
:105FB000BDF81000ADF80600FFE7BDF80600BDF81B
:105FC0000C10884210DCFFE70598BDF80810BDF8FA
:105FD00006209DF80B30FFF769FFFFE7BDF80600CC
:105FE0000130ADF80600E8E7FFE7BDF80800013032
:105FF000ADF80800D5E706B010BD000080B586B04A
:1060000084460898CDF814C00491ADF80E20ADF880
:106010000C308DF80B00FFE70498007820B3FFE701
:10602000059804990978BDF80E20BDF80C309DF84C
:106030000BC0EE46CEF800C0FFF794FEBDF80E0090
:1060400040F2C401C2F2000109684968049A12785A
:1060500001EBC20111F8FC1C08440130ADF80E0040
:10606000049801300490D7E706B080BD88B0069050
:1060700000200590FFE705980A280CD8FFE7059A4D
:1060800040F2F821C2F2000100208854FFE7059891
:1060900001300590EFE70698049000208DF80F007E
:1060A0004CF60020C3F69A300290069840B9FFE7FC
:1060B00040F2F820C2F2000030210170079058E051
:1060C00000208DF80700FFE70498029988420AD261
:1060D000FFE702984CF6CD41CCF6CC41A0FB011075
:1060E000C0080290F0E7029818B9FFE7012002907B
:1060F000FFE7FFE704990120009031B9FFE702981C
:10610000002818BF01200090FFE70098C00750B397
:10611000FFE7FFE70498029988420AD3FFE79DF85A
:106120000F0001308DF80F0002990498401A049076
:10613000F0E79DF80F0030309DF80720511C8DF8D6
:10614000071040F2F821C2F20001885400208DF8B7
:106150000F0002984CF6CD41CCF6CC41A0FB0110CB
:10616000C0080290C6E740F2F820C2F20000079093
:10617000FFE7079808B0704785B0EFF3108072B65C
:1061800004900020039040F2AC01C2F200010A1D0D
:10619000029205220192486048610090FFE7009852
:1061A0000199884214D2FFE700994FF60040C0F6EB
:1061B000010000EB810003900398006802990860D9
:1061C000029804300290FFE7009801300090E6E763
:1061D00040F2AC00C2F20000406845F27861C1F2C2
:1061E0003421884213D1FFE740F2AC00C2F2000034
:1061F000406944F22131C8F26571884207D1FFE756
:1062000040F2AC01C2F200010120087012E040F23D
:10621000AC01C2F2000145F27860C1F2342048605E
:1062200044F22130C8F265704861012048700020B6
:106230000870FFE762B605B07047000042F2100137
:10624000C4F20201802008607047000080B58EB063
:10625000002008900D90FBF75DFAFEF70FFFFDF7A9
:10626000D1FFFDF7AFFFFDF7F5FEFDF753FFFEF79A
:1062700023F9FEF7DBF9FEF745FAFEF7FBFAFEF726
:1062800019FBFEF7BBFAFEF793F940F60000C4F2E3
:10629000010040F60801FDF7E3F9FAF781FBFDF78D
:1062A000EFFDFEF701FD40F60000C4F2000006908D
:1062B000FDF746FB0698FDF739FB4FF08040FDF7F0
:1062C00035FB40F20040C4F20000FDF72FFB42F620
:1062D0000040C4F201000790FDF732FB0798FDF77C
:1062E00025FBFCF765FDFDF7FBFA08988DF83300F8
:1062F000FEF706FB4FF4FA7000F046FCFFE7FAF7F2
:10630000E9FB40F29100C2F20000007888B9FFE793
:1063100040F24021C2F2000108684968FDF7A0F987
:1063200040F24C21C2F2000108684968FDF770F99B
:10633000FFE740F29100C2F200000078012811D17D
:10634000FFE740F24C21C2F2000108684968FDF7FE
:1063500087F940F24021C2F2000108684968FDF760
:1063600057F9FFE740F2EC20C2F20000C07948B9CB
:10637000FFE740F26421C2F2000108684968FDF7B6
:106380006FF9FFE740F2EC20C2F20000C07901286B
:1063900009D1FFE740F27021C2F2000108684968A4
:1063A000FDF75EF9FFE740F2FE10C2F20000007850
:1063B000C00748B1FFE740F25821C2F20001086867
:1063C0004968FDF74DF9FFE740F23020C2F20000C6
:1063D000807AC00700283ED0FFE740F2EC20C2F2EE
:1063E0000000C07901282FD1FFE740F29101C2F2ED
:1063F00000010878B0FA80F04009087040F290017E
:10640000C2F200010020087040F22002C2F2000235
:106410000121117040F28801C2F20001087040F2BF
:10642000FC11C2F20001087040F21431C2F2000106
:10643000087040F28901C2F20001087040F2FD11BB
:10644000C2F200010870FFE740F23021C2F2000101
:1064500000208872FFE740F29C00C2F20000807AC0
:10646000C007002878D0FFE740F29000C2F2000099
:106470000078012854D0FFE740F29000C2F20000FB
:10648000007890B9FFE740F22001C2F2000100203D
:10649000087040F21431C2F20001087040F2880125
:1064A000C2F2000101200870FFE740F29000C2F242
:1064B00000000078022820D1FFE740F22001C2F25C
:1064C00000010020087040F28801C2F2000108704B
:1064D00040F2FC11C2F20001087040F21431C2F225
:1064E0000001087040F28901C2F20001087040F218
:1064F000FD11C2F200010870FFE740F29000C2F205
:1065000000000178013101700078032807DBFFE704
:1065100040F29001C2F2000100200870FFE7FFE79F
:10652000FAF78AFB40F2D821C2F200010A6840F271
:106530001C00C2F200000368DA6049680268116159
:10654000016801204870FAF789FB40F29C01C2F211
:10655000000100208872FFE740F20020C2F2000034
:10656000807AC00700284BD0FFE740F29000C2F2CB
:106570000000007801283CD1FFE740F2FC11C2F294
:1065800000010120087040F28802C2F200020021DE
:10659000117040F29002C2F200020221117040F22A
:1065A000FE11C2F200010A789043087040F2910097
:1065B000C2F20000007838B9FFE740F2D821C2F2F9
:1065C000000100200874FFE740F29100C2F20000D1
:1065D0000078012807D1FFE740F2D821C2F200017C
:1065E00000204874FFE74FF080400021FDF7CAFB10
:1065F000FFE740F20021C2F2000100208872FFE7AD
:1066000040F29400C2F2000040680128C0F2D78036
:10661000FFE740F29000C2F20000007800285FD14E
:10662000FFE740F29100C2F20000007848BBFFE7AC
:1066300040F21431C2F200010120087040F2D8206B
:10664000C2F200000068B0F5FA6F08DAFFE740F226
:10665000D821C2F20001086864300860FFE740F208
:10666000D820C2F200000068B0F5FA6F08DDFFE73D
:1066700040F2D821C2F200014FF4FA600860FFE74F
:1066800025E040F21431C2F200010120087040F20E
:10669000D820C2F200004068C72808DCFFE740F2BB
:1066A000D821C2F2000148680A304860FFE740F292
:1066B000D820C2F200004068C92807DBFFE740F29B
:1066C000D821C2F20001C8204860FFE7FFE7FAF7CF
:1066D000F9F940F21431C2F2000100200870FFE71E
:1066E00040F29000C2F200000078022866D1FFE775
:1066F00040F29100C2F20000007858BBFFE740F280
:10670000FD11C2F200010120087040F2D820C2F24F
:106710000000806846F2A711884208DCFFE740F2DB
:10672000D821C2F20001886819308860FFE740F282
:10673000D820C2F20000806846F2A911884208DB26
:10674000FFE740F2D821C2F2000146F2A8108860AB
:10675000FFE72AE040F2FD11C2F2000101200870BB
:1067600040F2D820C2F20000C06846F2A711884269
:1067700008DCFFE740F2D821C2F20001C8681930F6
:10678000C860FFE740F2D820C2F20000C06846F2BD
:10679000A911884208DBFFE740F2D821C2F20001CC
:1067A00046F2A810C860FFE7FFE7FAF78BF940F25E
:1067B000FD11C2F2000100200870FFE7FFE740F280
:1067C0009400C2F200004068B0F1FF3F00F3CE80B9
:1067D000FFE740F29000C2F20000007800285ED18E
:1067E000FFE740F29100C2F20000007838BBFFE7FB
:1067F00040F21431C2F200010120087040F2D820AA
:10680000C2F200000068012808DBFFE740F2D8214F
:10681000C2F20001086864380860FFE740F2D8203F
:10682000C2F200000068B0F1FF3F07DCFFE740F272
:10683000D821C2F2000100200860FFE726E040F204
:106840001431C2F200010120087040F2D820C2F2D7
:1068500000004068012808DBFFE740F2D821C2F2BF
:10686000000148680A384860FFE740F2D820C2F2C9
:1068700000004068B0F1FF3F07DCFFE740F2D8219D
:10688000C2F2000100204860FFE7FFE7FAF71AF9BB
:1068900040F21431C2F2000100200870FFE740F21C
:1068A0009000C2F20000007802285ED1FFE740F2BB
:1068B0009100C2F20000007838BBFFE740F2FD1102
:1068C000C2F200010120087040F2D820C2F200009C
:1068D0008068012808DBFFE740F2D821C2F20001FE
:1068E000886819388860FFE740F2D820C2F20000BB
:1068F0008068B0F1FF3F07DCFFE740F2D821C2F229
:10690000000100208860FFE726E040F2FD11C2F29E
:1069100000010120087040F2D820C2F20000C068D7
:10692000012808DBFFE740F2D821C2F20001C86865
:106930001938C860FFE740F2D820C2F20000C068F2
:10694000B0F1FF3F07DCFFE740F2D821C2F20001BF
:106950000020C860FFE7FFE7FAF7B4F840F2FD1146
:10696000C2F2000100200870FFE7FFE740F291004B
:10697000C2F20000007838B9FFE740F2D820C2F236
:1069800000000068059006E040F2D820C2F2000046
:1069900040680590FFE705980B90BDF92C00FDF7C6
:1069A000F9FA40F29100C2F2000004900078002849
:1069B00018BF0120BDF82C3040F21431C2F20001A2
:1069C000097801F001016A46116040F22031C2F2FB
:1069D00000014FF4FA62F9F7E1FE0498007838B943
:1069E000FFE740F2D820C2F200008068039006E082
:1069F00040F2D820C2F20000C0680390FFE703987D
:106A00000A900A9800F061FA00220023C3F670731E
:106A100000F072FA00F028FA40F20832C2F20002E6
:106A2000506040F28900C2F2000040F2FD13C2F251
:106A3000000340F29001C2F2000191F800E01168F9
:106A4000526800781B78EC46CCF804E003F00103B0
:106A5000CCF8003000F0010340F22030C2F2000018
:106A6000F9F7BEFC40F29100C2F20000007838B99C
:106A7000FFE740F2D820C2F20000007C029006E05E
:106A800040F2D820C2F20000407C0290FFE702985A
:106A90008DF827009DF8271040F22030C2F2000048
:106AA000F9F722FE42F22030C2F20000006840F204
:106AB0007C21C2F20001096888421BD0FFE742F244
:106AC0002030C2F200000068C00798B9FFE740F22A
:106AD0002030C2F200000022114600F065F942F2B7
:106AE0002030C2F20000006840F27C21C2F20001B6
:106AF0000860FFE7FFF703BC80B582B040F2802159
:106B0000C2F200010191002081F84800FAF7EEFD81
:106B10000199486402B080BD40F28021C2F20001B8
:106B2000012081F85200704783B00290ADF8061042
:106B30004FF6FF70ADF80200FFE7BDF80600411EFA
:106B4000ADF80610D8B1FFE70298411C0291007819
:106B5000BDF8021048408DF805009DF80300ADF81F
:106B600002009DF805104FF29800C0F6000030F8C2
:106B70001110BDF802004840ADF80200DDE7BDF895
:106B8000020003B07047000080B584B0039040F667
:106B90000040C4F2010040F20441FCF757FD40F20E
:106BA0008410C2F20000019046F61932C0F60002CD
:106BB00001210291FBF7E6FF019846F6F922C0F6A3
:106BC00000020321FBF7DEFF0298039940F28022C6
:106BD000C2F20002D16404B080BD000080B58AB06A
:106BE0000890ADF81E100692FFE740F28020C2F236
:106BF000000090F84900012804D1FFE70120FAF7CE
:106C0000C3FBF2E740F28020C2F2000003900121B2
:106C1000029180F8491002304021F9F723FB0399D3
:106C2000002004900880FAF761FD059040F60040CE
:106C3000C4F2010040F20441FCF726FD0298FAF785
:106C4000A3FB0399049881F852000899BDF81E200F
:106C500040F28410C2F20000FCF72EF8FFE740F289
:106C60008020C2F2000090F8520020BBFFE7012014
:106C7000FAF78AFBFAF73AFD0599401A0699884215
:106C800018D9FFE740F28410C2F20000FBF7D8FBEE
:106C900040F60040C4F2010040F20441FCF7D6FC8B
:106CA00040F28021C2F20001002081F849008DF8F5
:106CB000270017E0D3E701200190FAF765FB40F6C3
:106CC0000040C4F2010040F20441FCF7BFFC01980F
:106CD00040F28022C2F20002002182F849108DF8B1
:106CE0002700FFE79DF827000AB080BD80B584B07B
:106CF0008DF80E00ADF80C10ADF80A209DF80E10BE
:106D000040F21830C2F2000001900170062141707B
:106D10009DF80D208270BDF80C20C2709DF80B20EC
:106D20000271BDF80A204271FFF7FEFE024601988B
:106D300040F2D421C2F200010A800A8882714978A7
:106D4000C17108216422FFF749FF0120ADF8080056
:106D5000BDF8080020B9FFE700208DF80F0015E00E
:106D600040F28020C2F20000811C40F21830C2F2D2
:106D700000000822F9F74AFA20B9FFE701208DF850
:106D80000F0003E000208DF80F00FFE79DF80F00D3
:106D900004B080BD81B00090009840F2C401C2F2FE
:106DA0000001086001B0704780B582B00190ADF875
:106DB0000210ADF800203F2100227F231046FEF78D
:106DC0001BF80198BDF8001000EBC110BDF80210CF
:106DD00008444FF40051FDF7FBFF02B080BD0000F6
:106DE00082B001900020ADF80200FFE70198007822
:106DF00090B1FFE701980078C02804DBFFE7019815
:106E000001300190FFE7BDF802000130ADF802004B
:106E1000019801300190E9E7BDF8020002B0704727
:106E2000FFE742F20C00C4F202000068C00708B19C
:106E3000FFE7F6E742F21000C4F202000068000625
:106E400000280FD5FFE742F20401C4F2020140F22C
:106E50002310C4F26750086048F6AB10CCF6EF5030
:106E60000860FFE77047000021F0004201F0004396
:106E7000A2F16052B2F5801F28BFD2F17F6C0BD90E
:106E80005FEA001C43EAC20242EB507018BF704731
:106E900028BF20F001007047B2F5801FBCBF184624
:106EA00070474FEA410C1CF5001F02D2084600F063
:106EB00084BB70B500F0CAF800000089FFF7F6BF88
:106EC0004FF00040A0F58000704710F0004248BF2E
:106ED0004042B0FA80F310FA03F10AD0C3F11D0367
:106EE00003F5806302EB03524FEA415002EBD121DC
:106EF00070474FF00000704770B5DFF848C11CEADA
:106F0000111E1EBF1CEA13159EEA0C0F95EA0C0F0A
:106F100000F06F8081EA03044EEAD47EAE4421EA99
:106F20004C1123EA4C1341F4801143F48013AEF169
:106F30007F7EA1FB024CA0FB0365361955EB0C05C7
:106F4000A1FB034C4CF10003A0FB021C16EB0C064A
:106F5000654153F10003094218BF46F0010613F4DE
:106F6000007F0BD14FEA03314FEA053041EA15515A
:106F700040EA165034036FF003020AE04FEAC321DF
:106F80004FEAC52041EA555140EA5650F4026FF0ED
:106F9000020202EB2E4201EB025585EACE710AD0C5
:106FA0005FEA440C18BF24F0004450F1000041F1A6
:106FB000000120EAD47040F2FE7C624500D270BD30
:106FC000A84214BF4FF080444FF04044002E08BF49
:106FD0000024BEF1806FA8BFA1F1C041BDE87040A0
:106FE00080F2828001F1C04101F000414FF00000C9
:106FF00070470CEA13159EEA0C0F18BF95EA0C0FA8
:1070000006D081EA030E4FF000000EF0004170BD83
:1070100000F01CF88900013E00F007B800F009B844
:107020004FEA430C5FEA5C5C08D081EA030100F0A0
:107030005BB84FEA410C5FEA5C5CF6D102494FF065
:10704000000070470000FF070000F87F0EF1020EFD
:107050002EF0030E5EF8046B364205D4012A43EB92
:10706000030515F5001F12D8012841EB010C1CF592
:10707000001F0CD80ED14FEAD17C0CEB4C0C0CF15C
:10708000020C15F5001F08BF4CEBD37C04E04FF059
:10709000080C01E04FEAD37C0CEB4C0526FA05F610
:1070A00006F00706B6F1040C06D20EEB860CBDE81E
:1070B00070404CF0010C6047DFE80CF0090B020255
:1070C0004FF00041A1F500214FF0000070BD1946BE
:1070D0001046012851EB010418BFD4F5001484BFF9
:1070E000002001F0004170BD0808A0F500114FEA32
:1070F0003101704790EA010F48BF81F0004100F173
:107100006882421A3CBF801A89184FEAD052A2EB1B
:10711000D1534FF07F4C1CEA410F18BF9CEA026F1D
:1071200000F03B804FF0004C4CEA00204CEA01217B
:1071300021FA03FC10EB0C0C1ED202F1FF325FEAC5
:107140001C2040EBC25038BF70471CF07F0F4FEA45
:10715000400C18BFBCF17F4F38BF7047C3F120030C
:10716000994008BF20F00100BCF17F4F38BF704745
:10717000A0F1C04000F021BA4FEA3C00000A40EB09
:10718000C25028BF1CF0FF0F4FEA400CE6D018BFDA
:10719000BCF17F4F38BF7047EAE79CEA026F05D029
:1071A00010EA5C0F08BF00F00040704710B500F017
:1071B000BEF900BF64FBBE3E10B500F033F80CBF53
:1071C0000120002010BD10B500F02CF814BF0120E4
:1071D000002010BD10B500F0C1F88CBF01200020C8
:1071E00010BD10B500F0BAF82CBF0120002010BD72
:1071F00010B500F0E7F894BF0120002010BD10B5D5
:1072000000F0E0F834BF0120002010BD401058BF4E
:10721000C0F14040491058BFC1F140418142EFF3F5
:107220000080704750EA010C00F113801CF5000F3C
:1072300058BFBCF5000F01D48842704707D710F53E
:10724000000F58BF11F5000F15D4884270478942CE
:1072500070471CF5000F04D5BCF5000FF7D581422F
:1072600070474FF0807C1CEB400F38BF1CEB410F88
:1072700001D28142704710B500F059F992244900BB
:107280004FF000504FF08051FFF7C0BF41000B0E90
:10729000D3F19E0208D950F400034FEA032323FAE6
:1072A00002F048BF4042704710B500F040F900BFFF
:1072B00049922480002070476FF0004282EA20004B
:1072C00070470000C10DD1F19E0206DB4FEA00239A
:1072D00043F0004323FA02F07047004207D54FEA1B
:1072E0004001B1F1FE4F02D24FF00000704710B5DF
:1072F00000F01DF949922480002070476FEA2000B9
:107300007047000010F0004148BF4042B0FA80F3DF
:1073100010FA03F2C3F19D030BD051EAC35101EB04
:107320001220530638BF704700F1010008BF20F05B
:1073300001007047B0FA80F310FA03F2C3F19D0325
:107340000AD0D90501EB1220530638BF704700F16F
:10735000010008BF20F001007047000050EA010C56
:1073600000F113801CF5000F58BFBCF5000F01D4CD
:107370008842704707D710F5000F58BF11F5000F6E
:1073800015D488427047894270471CF5000F04D518
:10739000BCF5000FF7D5814270474FF0807C1CEBA5
:1073A000400F38BF1CEB410F01D28142704710B52E
:1073B00000F0BDF8922449004FF080504FF000518A
:1073C000FFF724BF50EA010C00F113801CF5000FF9
:1073D00058BFBCF5000F01D48842704707D710F59D
:1073E000000F58BF11F5000F15D48842704789422D
:1073F00070471CF5000F04D5BCF5000FF7D581428E
:1074000070474FF0807C1CEB400F38BF1CEB410FE6
:1074100001D28142704710B500F089F892244900EA
:107420004FF000504FF08051FFF7F0BE4FF47F0C4B
:107430001CEAD0121EBF1CEAD11392EA0C0F93EA89
:107440000C0F00F0478090EA010F48BF42F48072B1
:107450004FF0004C4CEA00204CEA012102EB030201
:10746000A0FB0113A2F50002002918BF43F001039D
:107470005B0028BF4FEA330342EB22425FEA132C42
:107480004CEBC2502EBFBCEB436FB2F57C0F704784
:107490004FEA036CBCF1004F08BF20F00100B2F5C9
:1074A0007C0F38BF70470BD582F0FF0212F5803F8A
:1074B000C8BF704700F1C040D8BF00F0004070471F
:1074C00000F5000C5FEA4C0C48BF7047B0F1C040BB
:1074D00000F073B80CEAD11390EA010F48BF42F4F0
:1074E0008072624538BF634504D280EA010000F033
:1074F0000040704710B500F01AF800BF8900013E47
:1075000000F007B800F009B85FEA410C5FEA1C6CB4
:1075100008D080EA010000F050B85FEA400C5FEA52
:107520001C6CF6D14FF00040A0F5800070470EF1C2
:10753000020E2EF0030E5EF8044B244204D44FEAF0
:107540004102B2F17F4F11D84FEA4003B3F17F4FB0
:107550000CD80ED14FEAD07C0CEB4C0C0CF1020C89
:10756000B2F17F4F08BF4CEBD17C04E04FF0080C28
:1075700001E04FEAD17C0CEB4C0324FA03F404F055
:107580000704B4F1040C06D20EEB840CBDE81040E5
:107590004CF0010C6047DFE80CF0070802024FF0E6
:1075A0000040A0F5800010BD0846420018BFD2F18F
:1075B000807288BF00F0004010BDFF2141EAD0502A
:1075C000C005704790EA010F48BF81F000413FF5C8
:1075D00098AD421A04D882F00042A0EB0200114498
:1075E0004FEAD052A2EBD1534FF07F4C1CEA410F2F
:1075F00018BF9CEA026F4AD04FF0004C4CEA0020C2
:107600004CEA012121FA03FCB0EB0C0C0FD412F070
:10761000FE0F36D05FEA4C001DD5001240EBC25081
:1076200038BF70471CF03F0F18BF70470BE05FEA90
:107630001C20A2F1010240EBC25038BF70471CF081
:107640007F0F18BF7047C3F12003994014BF401E3D
:1076500020F0010070474FEA1223800808BF7047EE
:10766000B0FA80FCA2EB0C02CCF1280C60FA0CF012
:1076700093EA122F04BF00EBC25070474FEAC37069
:107680007047130A5FEADC1008BF7047F6E79CEA10
:10769000026F04D010EA5C0F08BF0020704710B5DD
:1076A000FFF745FF40DFF63E81F0004070470000E5
:1076B00000000000FF00FF00FF00FF00FF00FF00D0
:1076C000FF00FF00FF00FF00FF00FF00FF00FF00C2
:1076D000FF000000000000000000000000000000AB
:1076E000000000000000000000000000000000009A
:1076F000000000000000FF0000000000000000008B
:107700000000000000000000000000000000000079
:107710000000FF000000000000000000000000006A
:107720000000000000000000000000000000000059
:107730000000000000000000FF000000000000004A
:107740000000000000000000000000000000000039
:1077500000000000FF00000000000000000000002A
:1077600000000000000000000000FF00000000001A
:1077700000000000000000000000FF00000000000A
:1077800000000000000000000000000000000000F9
:10779000000000000000FF000000000000000000EA
:1077A00000000000000000000000FF00FF00FF00DC
:1077B000000000000000000000000000FF000000CA
:1077C00000000000000000000000000000000000B9
:1077D0000000000000000000FF00000000000000AA
:1077E000000000000000000000000000FF00FF009B
:1077F000FF00000000000000000000000000FF008B
:107800000000000000000000000000000000000078
:1078100000000000000000000000FF000000000069
:10782000000000000000000000000000FF00FF005A
:10783000FF00FF00FF00000000000000000000004B
:10784000FF00000000000000000000000000000039
:10785000000000000000000000000000FF00000029
:107860000000000000000000000000000000FF0019
:10787000FF00FF00FF00FF0000000000000000000C
:107880000000FF00000000000000000000000000F9
:107890000000000000000000000000000000FF00E9
:1078A0000000000000000000000000000000FF00D9
:1078B000FF00FF00FF00FF00FF00FF0000000000CE
:1078C00000000000FF0000000000000000000000B9
:1078D00000000000000000000000000000000000A8
:1078E000FF00000000000000000000000000000099
:1078F000FF00FF00FF00FF00FF00FF00FF0000008F
:10790000000000000000FF00000000000000000078
:107910000000000000000000000000000000000067
:107920000000FF0000000000000000000000000058
:10793000FF00FF00FF00FF00FF00FF00FF00FF004F
:10794000FF00000000000000FF0000000000000039
:107950000000000000000000000000000000000027
:1079600000000000FF000000000000000000000018
:107970000000FF00FF00FF00FF00FF00FF00FF000E
:10798000FF00FF00000000000000FF0000000000FA
:1079900000000000000000000000000000000000E7
:1079A000000000000000FF000000000000000000D8
:1079B000000000000000000000000000FF000000C8
:1079C000000000000000000000000000FF000000B8
:1079D00000000000000000000000000000000000A7
:1079E0000000000000000000FF0000000000000098
:1079F0000000000000000000000000000000FF0088
:107A00000000000000000000000000000000FF0077
:107A10000000000000000000000000000000000066
:107A200000000000000000000000FF000000000057
:107A30000000000000000000000000000000000046
:107A4000FF00000000000000000000000000000037
:107A5000FF00000000000000000000000000000027
:107A6000000000000000000000000000FF00000017
:107A70000000000000000000000000000000000006
:107A80000000FF00000000000000000000000000F7
:107A90000000FF00000000000000000000000000E7
:107AA0000000000000000000000000000000FF00D7
:107AB00000000000000000000000000000000000C6
:107AC00000000000FF0000000000000000000000B7
:107AD00000000000FF0000000000000000000000A7
:107AE0000000000000000000000000000000000096
:107AF000FF00000000000000000000000000000087
:107B0000000000000000FF00000000000000000076
:107B1000000000000000FF00000000000000000066
:107B20000000000000000000000000000000000055
:107B30000000FF0000000000000000000000000046
:107B40000000000000000000FF0000000000000036
:107B50000000FF00FF00FF00FF00FF00FF00FF002C
:107B6000FF00FF00FF00FF00FF00FF00FF00FF001D
:107B7000FF00FF00FF00FF00FF00FF00000000000B
:107B80000000FF00FF00FF00FF00FF00FF00FF00FC
:107B9000FF00FF00FF0000000000000000000000E8
:107BA00000000000000000000000000000000000D5
:107BB000000000000000000000000000FF000000C6
:107BC00000000000FF00FF00FF00FF00FF00FF00BB
:107BD000FF00FF00FF00FF000000000000000000A9
:107BE0000000000000000000000000000000000095
:107BF0000000000000000000000000000000FF0086
:107C00000000000000000000FF00FF00FF00FF0078
:107C1000FF00FF00FF000000FF0000000000000068
:107C20000000000000000000000000000000000054
:107C30000000000000000000000000000000000044
:107C4000FF000000000000000000FF00FF00FF0038
:107C5000FF00FF00FF00FF000000FF000000000029
:107C60000000000000000000000000000000000014
:107C70000000000000000000000000000000000004
:107C80000000FF0000000000000000000000FF00F6
:107C9000FF00FF00FF00FF0000000000FF000000E9
:107CA00000000000000000000000000000000000D4
:107CB00000000000000000000000000000000000C4
:107CC00000000000FF0000000000000000000000B5
:107CD000FF00FF00FF00FF00FF0000000000FF00AA
:107CE0000000000000000000000000000000000094
:107CF0000000000000000000000000000000000084
:107D0000000000000000FF00000000000000000074
:107D100000000000FF00FF00FF0000000000000066
:107D2000FF000000FF00FF00FF00FF00FF00FF005A
:107D3000FF00FF00FF00FF00FF00FF00FF00FF004B
:107D4000FF00FF00FF000000FF0000000000000037
:107D5000000000000000FF00FF00FF000000000026
:107D600000000000FF000000000000000000000014
:107D70000000000000000000000000000000000003
:107D80000000000000000000FF00000000000000F4
:107D900000000000000000000000FF0000000000E4
:107DA0000000000000000000FF00000000000000D4
:107DB00000000000000000000000000000000000C3
:107DC0000000000000000000FF00000000000000B4
:107DD00000000000000000000000000000000000A3
:107DE000000000000000000000000000FF00FF0095
:107DF000FF00FF00FF00FF00FF00FF00FF00FF008B
:107E0000FF00FF00FF00FF00FF0000000000000077
:107E10000000000000000000000000000000000062
:107E20000000000000000000000000000000000052
:107E30000102030406070809000000000102030410
:107E4000081C3044586C8000000000000000000056
:107E50000000000000000000000000000000000022
:107E60000000000000000000000000000000000012
:107E70000000000000000000000000000000000002
:107E800000000000000000000000000000000000F2
:107E900000000000000000000000000000000000E2
:107EA00000000000000000000000000000000000D2
:107EB00000000000000000000000000000000000C2
:107EC00000000000000000000000000000000000B2
:107ED00000000000000000000000000000000000A2
:107EE0000000000000000000000000000000000092
:107EF0000000000000000000000000000000000082
:107F00000000000000000000000000000000000071
:107F10000000000000000000000000000000000061
:107F20000000000000000000000000000000000051
:107F30000000000000000000000000000000000041
:107F40000000000000000000000000000000000031
:107F50000000000000000000000000000000000021
:107F60000000000000000000000000000000000011
:107F70000000000000000000000000000000000001
:107F800000000000000000000000000000000000F1
:107F900000000000000000000000000000000000E1
:107FA00000000000000000000000000000000000D1
:107FB00000000000000000000000000000000000C1
:107FC00000000000000000000000000000000000B1
:107FD00000000000000000000000000000000000A1
:107FE0000000000000000000000000000000000091
:107FF0000000000000000000000000000000000081
:108000000000000000000000000000000000000070
:108010000000000000000000000000000000000060
:108020000000000000000000000000000000000050
:108030000000000000000000000000000000000040
:108040000000000000000000000000000000000030
:108050000000000000000000000000000000000020
:108060000000000000000000000000000000000010
:108070000000000000000000000000000000000000
:1080800000000000000000000000000000000000F0
:1080900000000000000000000000000000000000E0
:1080A00000000000000000000000000000000000D0
:1080B00000000000000000000000000000000000C0
:1080C00000000000000000000000000000000000B0
:1080D00000000000000000000000000000000000A0
:1080E0000000000000000000000000000000000090
:1080F0000000000000000000000000000000000080
:10810000000000000000000000000000000000006F
:10811000000000000000000000000000000000005F
:10812000000000000000000000000000000000004F
:10813000000000000000000000000000000000003F
:10814000000000000000000000000000000000002F
:10815000000000000000000000000000000000001F
:10816000000000000000000000000000000000000F
:1081700000000000000000000000000000000000FF
:1081800000000000000000000000000000000000EF
:1081900000000000000000000000000000000000DF
:1081A00000000000000000000000000000000000CF
:1081B00000000000000000000000000000000000BF
:1081C00000000000000000000000000000000000AF
:1081D000000000000000000000000000000000009F
:1081E000000000000000000000000000000000008F
:1081F000000000000000000000000000000000007F
:10820000000000000000000000000000000000006E
:10821000000000000000000000000000000000005E
:10822000000000000000000000000000000000004E
:10823000000000000000000000000000000000003E
:10824000000000000000000000000000000000002E
:10825000000000000000000000000000000000001E
:10826000000000000000000000000000000000000E
:1082700000000000000000000000000000000000FE
:1082800000000000000000000000000000000000EE
:1082900000000000000000000000000000000000DE
:1082A00000000000000000000000000000000000CE
:1082B00000000000000000000000000000000000BE
:1082C00000000000000000000000000000000000AE
:1082D000000000000000000000000000000000009E
:1082E000000000000000000000000000000000008E
:1082F000000000000000000000000000000000007E
:10830000000000000000000000000000000000006D
:10831000000000000000000000000000000000005D
:10832000000000000000000000000000000000004D
:10833000000000000000000000000000000000003D
:10834000000000000000000000000000000000002D
:10835000000000000000000000000000000000001D
:10836000000000000000000000000000000000000D
:10837000FF00FF00FF00FF00FF00FF00FF00FF0005
:10838000FF00FF00FF00FF00FF00FF00FF00FF00F5
:10839000FF00FF00FF00FF00FF00FF00FF00FF00E5
:1083A000FF00FF00FF00FF00FF00FF0000000000D3
:1083B00000000000000000000000000000000000BD
:1083C00000000000000000000000000000000000AD
:1083D000000000000000000000000000000000009D
:1083E000000000000000000000000000000000008D
:1083F00000000000000000000000FF00FF00FF0080
:10840000FF00FF00FF00FF00FF00FF00FF00FF0074
:10841000FF00FF00FF00FF00FF00FF00FF00FF0064
:10842000FF00FF00FF00FF00FF00FF00FF00FF0054
:10843000FF00FF00FF00000000000000000000003F
:10844000000000000000000000000000000000002C
:10845000000000000000000000000000000000001C
:10846000000000000000000000000000000000000C
:108470000000000000000000FF00FF00FF00FF0000
:10848000FF00FF00FF00FF00FF00FF00FF00FF00F4
:10849000FF00FF00FF00FF00FF00FF00FF00FF00E4
:1084A000FF00FF00FF00FF00FF00FF00FF00FF00D4
:1084B000FF00FF00000000000000000000000000BE
:1084C00000000000000000000000000000000000AC
:1084D000000000000000000000000000000000009C
:1084E000000000000000000000000000000000008C
:1084F000000000000000000000000000000000007C
:108500000000FF00FF00FF00FF00FF00FF00FF0072
:10851000FF00FF00FF00FF00FF00FF00FF00FF0063
:10852000FF00FF00FF00FF00FF00FF00FF00FF0053
:10853000FF00FF00FF00FF00FF00FF00FF00000042
:10854000000000000000000000000000000000002B
:10855000000000000000000000000000000000001B
:10856000000000000000000000000000000000000B
:1085700000000000000000000000000000000000FB
:10858000FF00FF00FF00FF00FF00FF00FF00FF00F3
:10859000FF00FF00FF00FF00FF00FF00FF00FF00E3
:1085A000FF00FF00FF00FF00FF00FF00FF00FF00D3
:1085B000FF00FF00FF00FF00FF00FF0000000000C1
:1085C00000000000D48500080E8900082000C100CA
:1085D0000A000000FAF066AFAFAA23E5041E3E21B0
:1085E0000064A4D75D27E5A08BCBA0C06AA9A55ADB
:1085F00027D8A0213E4200E0F080122244888076F5
:10860000E318C76EE1084213E0744213223F64840A
:10861000220E2E1395297CE0F421E8863E3A216C47
:10862000C62EFC842210887463174E2E7463178440
:108630005C90418009B0C180F83E83066C007442B2
:108640003201C07328AECBFC1E60C5127A2CC0F973
:10865000145E451F80773860811380F93451453F9F
:1086600080FD149E491FC0FD149E490E00759A148A
:1086700009E88E00EE8913E448BB80F9084213E054
:108680003E102048911E00EC914384893980E2100D
:1086900084A7E0C6D9D3A548BB80CEC992A549B965
:1086A000007B3861873780F2529723807938618761
:1086B000378C4CF88913C488B9806CE0C1C7C0FD01
:1086C0006A4211C0EE891224488E00C70912428600
:1086D0000C00C70AD5AAC89100CD2308522CC0C6E9
:1086E00088A181020E00F4A844C7E0EAAAB08884F9
:1086F000422210D555706A90FE903CFA146760C112
:10870000041665147E7C6117001C0813A8D0A13FD5
:10871000747F17007A11F4211F779A1627C09E00E4
:10872000C08102E64891772000C2109F100F1111FE
:108730001EC104165185B7E10842109FECA952AF43
:10874000E0DCC9122EE074631700D99451790E0051
:10875000771A1427C08780DB108F00F49F1F004119
:108760000F90411780CC891227E0CE251420C70A2C
:10877000D36440CD4216CCCE2514208E00FC899FB8
:10878000806928924CFF80C9229258CD80FF060C48
:10879000183060FFFC890A264B3C00FC610780FA18
:1087A000920870C6912181043C0021823EAA9AAAB7
:1087B00071C06E50414E60EE8912245740EE88F031
:1087C00020E0D6A952AFE0D6A952A55540F040F11D
:1087D00017C0E689D26FE0E20FA1F8FC4E1F00DC63
:1087E000C58B1DC07E88F12CE07060A243C8B180AB
:1087F000FA281E8A1F80F2289C8A1F80FC61084389
:10880000807E48912448915DFA291C921FC0BEA722
:108810001CAAABC0F4446087C0E69952A64CB38052
:1088200029ED32A54C9967DE4A28D24CC07E48918A
:108830002244B380C699B3A548BB80EE8913E448AF
:10884000BB80722861862F80FE89122448BB80F18C
:108850002452710E007C610841E0FA9A482087009A
:10886000C689214282180073EAA9AAA7006E90A0C7
:1088700082893B80EE89122448915DEE891121C0E6
:108880008380D6A952A54ABF80D6A952A54A95553C
:10889000F14081E2245F00E70A13A8D1BD80C2083D
:1088A0001E8A1F80F4427087C0DCC98B162C7700AB
:1088B0007E289E4929C0F02FA2FC0FA1E8C62EFCFD
:1088C0005F1F80F92450F07E4892245740FA2FA071
:1088D0007CBDCB2ABCF84C1F80E699532CE03803B2
:1088E0009A654CB380DA8624DC7E48912CE0C6D9A8
:1088F000D2AEE0EE89F22EE0FC631F80FE89122EDC
:10890000E053E8A472487F500FA2FA07C0000000AD
:10891000000007000100000001070703FA00010042
:1089200002020703FA00020004080702F900060029
:10893000050A0701F9000D0005080701F9001200FA
:1089400005070701FA00170001020703FA001800E3
:1089500002080703FA001A0002080702FA001C00C6
:1089600005040701FA001F0005050701FB002300AD
:10897000010307030000240004010702FD00250095
:10898000010107030000260004090702F9002B007B
:1089900005080701F900300005070701FA00350056
:1089A00005080701F9003A0005080701F9003F0032
:1089B00005070701FA00440005080701F90049000E
:1089C00005080701F9004E0005080701F9005300EA
:1089D00005080701F900580005080701F9005D00C6
:1089E00001040703FD005E0002050702FD006000B0
:1089F00005050701FC00640005030701FC00660093
:108A000005050701FC006A0005070701FA006F0071
:108A100006080701F900750006070700FA007B0049
:108A200006070700FA00810006070700FA00870022
:108A300006070700FA008D0006070700FA009300FA
:108A400006070700FA00990007070700FA00A000D0
:108A500007070700FA00A70005070701FA00AC00A6
:108A600007070700FA00B30007070700FA00BA007B
:108A700005070701FA00BF0007070700FA00C60054
:108A800007070700FA00CD0006070700FA00D30029
:108A900005070701FA00D80006090700FA00DF0001
:108AA00007070700FA00E60005070701FA00EB00D8
:108AB00005070701FA00F00007070700FA00F700B2
:108AC00007070700FA00FE0007070700FA00050184
:108AD00006070700FA000B0107070700FA0012015A
:108AE00005070701FA001701020A0703F9001A0136
:108AF00004090702F9001F01020A0702F900220116
:108B000004030702FA0024010701070002002501FF
:108B100002020703F900260107050700FC002B01EC
:108B200006080700F900310105050701FC003501C1
:108B300007080700F9003C0105050701FC0040019A
:108B400005080701F900450107070700FC004C0173
:108B500007080700F900530105080701F90058014B
:108B6000040A0701F9005D0106080701F900630125
:108B700005080701F900680107050700FC006D0101
:108B800007050700FC00720105050701FC007601DE
:108B900006070700FC007C0107070700FC008301B3
:108BA00005050701FC00870105050701FC008B0195
:108BB00006070700FA00910107050700FC0096016F
:108BC00006050700FC009A0107050700FC009F014D
:108BD00006050700FC00A30106070700FC00A90129
:108BE00005050701FC00AD01030A0702F900B10108
:108BF00001090703F900B301030A0702F900B701ED
:108C000005020701FD00B90107080901F900C001CB
:108C100007070700FC00C70105050701FC00CB01A1
:108C200006050701FC00CF0107070700FC00D6017D
:108C3000060A0701F900DE0107050700FC00E30151
:108C400007060700FC00E90107050700FC00EE012C
:108C500007050700FC00F30107060700FC00F90107
:108C600007050700FC00FE0107050700FC000302E2
:108C700006050701FC00070205050701FC000B02C1
:108C800007050700FC00100207050700FC0015029D
:108C900007070700FA001C0206070701FA00220274
:108CA00006070701FA00280205070701FA002D024E
:108CB00007080700FA00340206070701FA003A0223
:108CC00006070701FA00400205070701FA004502FE
:108CD00007070700FA004C0207080700F9005302D3
:108CE00006070701FA00590207070700FA006002A9
:108CF00007070700FA00670207070700FA006E027D
:108D000006070701FA00740207070700FA007B0252
:108D100006070701FA00810205070701FA0086022B
:108D200006070701FA008C0207070700FA00930202
:108D300006070701FA00990207070700FA00A002D8
:108D400007080700FA00A70207070700FA00AE02AB
:108D500007070700FA00B50207080700FA00BC027F
:108D600007070700FA00C30207070700FA00CA0254
:108D700006070701FA00D00205070701FA00D5022D
:108D800007070700FA00DC0206070701FA00E20203
:108D900006050701FC00E60205080701F900EB02E1
:108DA00005050701FC00EF0206050701FC00F302C0
:108DB00007060700FC00F90206050701FC00FD029A
:108DC00006050701FC00010305050701FC0005037A
:108DD00007050700FC000A0307070700FA00110354
:108DE00006050701FC00150307050700FC001A0330
:108DF00007050700FC001F0307050700FC0024030C
:108E000005050701FC00280307050700FC002D03EA
:108E100006080701F900330306070701FA00FF00FF
:108E200000000000FF00FF00FF0000000000000045
:108E30000000000000000000000000000000000032
:108E4000FF00FF000000FF00FF0000000000000026
:108E50000000000000000000000000000000000012
:108E60000000FF00FF00FF00FF00FF000000000007
:108E700000000000000000000000000000000000F2
:108E800000000000FF00FF00FF00FF00FF000000E7
:108E900000000000000000000000000000000000D2
:108EA000000000000000FF00FF000000FF00FF00C6
:108EB00000000000000000000000000000000000B2
:108EC000000000000000FF00FF00FF0000000000A5
:108ED000FF00FF0000000000000000000000000094
:108EE000000000000000FF00FF00FF000000000085
:108EF00000000000FF00FF00000000000000000074
:108F0000000000000000FF00FF00FF000000000064
:108F10000000000000000000FF00FF000000000053
:108F20000000000000000000FF00FF00FF00000044
:108F3000000000000000000000000000FF00FF0033
:108F400000000000000000000000FF00FF00000023
:108F50000000000000000000000000000000000011
:108F6000FF00FF000000000000000000FF00FF0005
:108F700000000000000000000000000000000000F1
:108F80000000FF00FF00FF00000000000000FF00E5
:108F9000FF000000000000000000000000000000D2
:108FA00000000000FF00FF000000FF00FF000000C5
:108FB000FF00FF00000000000000000000000000B3
:108FC00000000000FF00FF00FF0000000000FF00A5
:108FD000FF00FF00FF00FF00000000000000000095
:108FE000000000000000FF00FF00FF00FF00FF0086
:108FF0000000FF00FF00FF00FF0000000000000075
:109000000000000000000000FF00FF000000000062
:109010000000FF00FF000000FF00FF000000000054
:1090200000000000000000000000FF00FF00000042
:10903000000000000000FF00FF000000FF00000033
:109040000000000000000000000000000000FF0021
:10905000FF0000000000000000000000FF00FF0013
:10906000FF00000000000000000000000000000001
:10907000FF00FF00000000000000000000000000F2
:10908000FF00FF00000000000000000000000000E2
:1090900000000000FF00FF000000000000000000D2
:1090A00000000000FF00FF000000000000000000C2
:1090B000000000000000FF00FF00000000000000B2
:1090C0000000000000000000FF00FF0000000000A2
:1090D00000000000000000000000FF000000000091
:1090E000000000000000000000000000FF00FF0082
:1090F0000000000000000000000000000000FF0071
:10910000000000000000000000000000000000005F
:10911000FF00FF0000000000000000000000000051
:109120000000FF0000000000000000000000000040
:1091300000000000FF00FF00000000000000000031
:10914000000000000000FF00000000000000000020
:10915000000000000000FF00FF00FF00FF00FF0014
:1091600000000000000000000000FF000000000000
:109170000000000000000000FF00FF0000000000F1
:10918000FF00FF00FF000000000000000000FF00E3
:1091900000000000000000000000FF00FF000000D1
:1091A0000000000000000000FF00FF00FF000000C2
:1091B0000000FF000000000000000000FF00FF00B2
:1091C0000000000000000000000000000000FF00A0
:1091D000FF00FF00FF00FF00FF00FF00FF00FF0097
:1091E000FF00000000000000000000000000000080
:1091F000000000000000FF00FF00FF00FF00FF0074
:10920000FF00FF0000000000000000000000000060
:109210000000000000000000000000000000FF004F
:10922000FF00FF0000000000000000000000000040
:1092300000000000449200082C96000820007E00E8
:1092400012000000FFFFD21F80EC89122440363646
:10925000367F7F36FFFF3C3C3C0018FFFE3C1F1F63
:1092600083468DF0C1830061224486673711224C0A
:10927000703C7E6060307BDFCEFF7FC9243766CCD8
:10928000CCCC6631CE6633333366C81818FFFF3C4A
:109290003C66181818FFFF181818186B48FFFFC015
:1092A000F0020C1860C3060C3061830C18200038E3
:1092B000FBBE3C78F1E3C7DDF1C038F360C1830643
:1092C0000C18FDF83CFEC70303060C1870E3FFFF03
:1092D0007CFE0303031E1E070303FE7C1C38B164DF
:1092E000D9BFFF3E7C7E3F180FC7F31C0603C3FFA8
:1092F0009F800F3F306060DCFEE3C3637E3CFFFF76
:10930000C3030606060C0C0C1838FB1E3C6F9F634B
:10931000C78FF1C03C7EE6C3C3E77F3B060EFCF07F
:10932000F00F6C001AD2000183870E0F80E01C033F
:10933000FFFFC0000FFFFCC0780F01E0F9E3C18020
:109340007CFEC7030E1C00000030301E1F1CDC6CAE
:10935000767B6DB6DB6FF3FC0633F8783C07C038DC
:109360000581B0360FE1FC71DF7FEF80FF3FE6192A
:10937000867F1FE61D8360FFFFF01FBFD8F83C0605
:1093800003018061BFC7C0FE3FE6198360D8360D78
:109390008361BFEFE0FFFFD86DB7C3E1B0C361FFEA
:1093A000FFE0FFFFD86DB7C3E1B0C0607C3E001F97
:1093B0009FE61B06C0300C7F1FE19FE3F0F7FBD850
:1093C000CC6633F9FCC6637BFDE0FFF30C30C30CC5
:1093D00033FFC01FC7F0300C0300CC330CC73F87EE
:1093E000C0F7BDE661B0781F06E198633CFF3CFC26
:1093F0007E0C06030180C66331FFFFE0E0FE3DC73F
:109400003DE7BCD79BB37660DE3FC780E1FE3DE31E
:109410003C66CCDD99B31E63DE3BC3001F07F1C77A
:10942000707C0780F01F0771C7F07C00FE7F986C8E
:10943000361BF9F8C0607C3E001F07F1C7707C073F
:1094400080F01F0771C7F07C0C33FE7F80FC7F1813
:10945000CC6673F1F0CC637DFE603FBFF0780F0304
:10946000F83F83C3FFBF80FFFFF67B3D98C06030AD
:10947000183F1F80F1FE3D8330660CC198330660B3
:10948000C7F07C00FBFF7DC318C3183606C0500E22
:1094900001C01000FBFEF60D936EDBB7ADEE7B8EC8
:1094A000E318F3FCF738FC1E0301E0CC73BCFF3C6F
:1094B000F3FCF738CC1E0780C0300C0FC3F0FEFE63
:1094C000C6CC18183063C3FFFFFFCCCCCCCCCCFF8C
:1094D000010306060C0C181830306060C080FF33A2
:1094E00033333333FF1071E36C7040FFFFFC88802F
:1094F0007E3F8FCFEE361BFEFFE0380601BC7F9C1F
:10950000760D8371FFEEF03FBFF8783C0705FE7ED5
:109510000380E018F67FB8EC1B06E39FF3FC3E3FA8
:10952000B0FFFFFE01FE7E1F3F307E7E30303030C8
:10953000FEFE3FBFF9D86C3739FC7603018FC7C0F8
:10954000E070180DC7F3998CC6637BFDE018180016
:10955000787818181818FFFF18603FFC30C30C30DB
:10956000C30FFF80E070180DE6F3E1E0F86E73F9C9
:10957000E0787818181818181818FFFFFD9FF99B45
:1095800033666CCDBDFFBFEE7F98CC66331BDFEF3B
:109590003E3FB8F83C1F1DFC7CEF1FF9C3B03606F8
:1095A000E1DFF378600C03E07C001EEFFF87606C66
:1095B0000DC39FF0F600C0180F81F077BFCF0603F0
:1095C0000183F9FC3FFFC3FC3FC3FFFC606060FE0A
:1095D000FE606060617F3EE77398CC663319FE7F62
:1095E000FBFF7CC618C1B036038070F1FE3DBB376F
:1095F00063F8770EE18CF7FBCD8383C3BBDFEFF31A
:10960000FCF618CC330781E0300C060FC3F0FFFFE7
:1096100030C30C7FFF376666CC666673FFFFFFF0D2
:10962000CE6666336666EC707CF3C0C00000000056
:109630000B0001000000030B0B04F60005000705FA
:109640000B02F6000A00080C0B01F6001600070ECC
:109650000B02F5002300070B0B02F6002D00080A91
:109660000B01F700370003050B04F6003900040E68
:109670000B05F6004000040E0B02F6004700080739
:109680000B02F6004E0008090B02F8005700030514
:109690000B03FF00590009020B01FB005C000202F2
:1096A0000B04FF005D00070F0B02F4006B00070CBA
:1096B0000B02F5007600070B0B02F6008000080C89
:1096C0000B01F5008C00080C0B02F5009800070A4E
:1096D0000B02F700A100090B0B01F600AE00080C0D
:1096E0000B02F500BA00080B0B01F600C500070CD1
:1096F0000B02F500D000080C0B02F500DC0002089C
:109700000B04F900DE00030B0B03F900E30009086A
:109710000B01F800EC0009060B01F900F300090841
:109720000B01F800FC00080B0B02F6000701090F03
:109730000B01F50018010B0B0B00F60028010A0BBA
:109740000B01F6003601090B0B01F60043010A0B71
:109750000B00F6005101090B0B01F6005E01090B2D
:109760000B01F6006B010A0B0B01F6007901090BE6
:109770000B01F6008601060B0B03F6008F010A0BA6
:109780000B01F6009D010A0B0B01F600AB01090B62
:109790000B01F600B8010B0B0B00F600C8010B0B18
:1097A0000B00F600D8010B0B0B00F600E801090BCB
:1097B0000B01F600F5010B0E0B00F6000902090B78
:1097C0000B01F6001602090B0B01F6002302090B30
:1097D0000B01F60030020B0B0B00F60040020B0BE6
:1097E0000B00F60050020A0B0B00F6005E020A0B9B
:1097F0000B00F6006C020A0B0B00F6007A02080B55
:109800000B02F6008502040E0B05F6008C02070F12
:109810000B02F4009A02040E0B02F600A1020706E6
:109820000B02F500A7020B020B000300AA020303C0
:109830000B03F500AC0209080B01F900B5020A0B95
:109840000B00F600C30209080B01F900CC020A0B59
:109850000B01F600DA0209080B01F900E302080B1C
:109860000B02F600EE02090C0B01F900FC02090BD9
:109870000B01F6000903080B0B02F6001403060F98
:109880000B02F6002003090B0B01F6002D03080B59
:109890000B02F60038030B080B00F900430309081C
:1098A0000B01F9004C0309080B01F90055030B0CDF
:1098B0000B00F90066030B0C0B00F9007703090895
:1098C0000B01F900800308080B02F9008803080B5C
:1098D0000B01F600930309080B01F9009C030B0828
:1098E0000B00F900A7030B080B00F900B2030908ED
:1098F0000B01F900BB030A0C0B00F900CA030708AF
:109900000B02F900D103040E0B03F600D803020E7C
:109910000B05F600DC03040E0B04F600E303090458
:109920000B01FA0034990008029E000820007E0016
:1099300016000000FFFFFE487EEFDFBF744019866F
:1099400067FDFF330CC333FEFF99866190101F1F24
:10995000DEFF3F83C0FC1F09FCFEF7F1E04038103A
:109960007C30C620C640C6407C80399C013E0363E3
:10997000026304630C3E081C0E01F83B83B83F01F0
:10998000E03E6776E3EE1CF3C7FE3F70FFF418631A
:109990001C738E38E38E1870C3060861830E38710D
:1099A000C71C71C638E31840213E45283870E7FFD0
:1099B000E70E1CFC9CFFC0FC08C4231084621188C5
:1099C000003E3F9DDC7E3F1F8FC7E3F1DDCFE3E02C
:1099D00008FFF39CE739CE73803E3FB8FC70381C1B
:1099E0001C1C1C1C1C0FF7F83C7FE7E7070C0E073C
:1099F00007E7E77E3C0E1E1E2E2E4E4E8EFFFF0EFC
:109A00000E0E7F3F90180DE7FB9E070381F1FFE7E5
:109A1000C03E3F9CFC0EE7FBDFC7E3F1DDEFE3E078
:109A2000FFFFC0E0E0607030381C0C0E0703803F81
:109A30001FEE3F87E3CFC7FBCFE1F87F3DFE3F003E
:109A40003E3FBDDC7E3F1FDEFF3B81F9CFE3C0FC24
:109A50000007E0FC0007E5E00083C7DF0C0780F8A3
:109A60001F0180FFFFC0000FFFFC00703F03E038C4
:109A70007DF1E080003E3FB8FC70381C1C1C1C0EC1
:109A8000000381C003F00FFC1E0E380270E9631959
:109A9000C219C611C633C63263FE73DC3C001FF820
:109AA00007F00700F00F80F81D819C19C38C3FE779
:109AB000FE706607E070FF9FFB83F07E0FFF3FF7AD
:109AC00006E0FC1F83FFEFF81F83FE78E707E00E38
:109AD00000E00E00E0070778F3FE1F80FF8FFCE038
:109AE000EE0EE07E07E07E07E07E0EE0EFFCFF80FA
:109AF000FFFFF81C0E07FBFDC0E070381FFFF8FFEA
:109B0000FFF81C0E07FBFDC0E070381C0E000F872D
:109B1000F9E3B83E01C038FF1FE06E0DE39FD0F2BD
:109B2000E0FC1F83F07E0FFFFFFF07E0FC1F83F0C8
:109B30007E0EFFFFFFFFFE0707070707070707E780
:109B4000E7E77E3CE0EE1CE38E70EE0FC0FE0F7088
:109B5000E70E38E1CE0EE0E0E0E0E0E0E0E0E0E05B
:109B6000E0E0E0FFFFF87FE1FF87FE1FEC7FB37EC0
:109B7000CDFB37ECDF9E7E79F9E7E79CE0FE1FC363
:109B8000FC7FCFD9FBBF37E7FC7F87F0FE0E0F814C
:109B9000FF1E3CE0EE03F01F80FC07E03B839E3C91
:109BA0007FC0F800FF9FFB87F07E0FC3FFF7FCE04C
:109BB0001C0380700E000F81FF1E3CE0EE03F01FBF
:109BC00080FC07E1BB8F9E3C7FE0FB8008FF8FFCA1
:109BD000E0EE0EE0EE0EFFCFFCE0EE0EE0EE0EE06B
:109BE000F03F0FFBC7F07E01FC1FF03F00FC1DC7DC
:109BF000BFE1F8FFFFC70381C0E070381C0E070308
:109C000081C0E0FC1F83F07E0FC1F83F07E0FC1F1E
:109C1000C7BFE1F060670E70E30C30C39C198198F8
:109C20001F80F00F00F0060061C3B8E19C70CE3CCD
:109C3000E336719B30ED98367C1B3C0F1E078F017D
:109C4000C380E18070E78E39C1F81F80F00700F013
:109C50001F819C39C70E70E0E0FC39C718C3B836C5
:109C600007C0700E01C0380700E0FFFFC0E0E0F061
:109C70007070707838381FFFF8FFEEEEEEEEEEEE03
:109C8000EFF0861086108430843080FF7777777706
:109C900077777FF0181C3C3E366663C3FFC0CC3F2D
:109CA0001FEE380E3F9EEE3B9EFF9EE0E0380E0317
:109CB000BCFFBCEE1F87E1F87F3BFEEF001F3FDCDF
:109CC0007C0E070380E37F8F000381C0E777FBBF33
:109CD0008FC7E3F1FDEFF3B83E3F9CDC3FFFFF8110
:109CE000C37F8F003BDDFFB9CE739CE7003BBFDD38
:109CF000FC7E3F1F8FEF7F9DC0FC77F1F0E0703856
:109D00001DEFFF9F8FC7E3F1F8FC7E38FC7FFFFF5C
:109D1000FE770777777777777FE0E070381C7E777C
:109D200073F1F8FE7739DC6E38FFFFFFFFFEEF7B43
:109D3000FFFE39F8E7E39F8E7E39F8E7E39F8E70E8
:109D4000EF7FF8FC7E3F1F8FC7E3F1C01E1FE73B8C
:109D500087E1F87E1DCE7F8780EF3FEF3B87E1F8FC
:109D60007E1FCEFFBBCE0380E038003BBFFDFC7EF4
:109D70003F1F8FEF7F9DC0E070381CEFFF38E38EF0
:109D800038E3803E3FB8FC0FC3FC3FC7FF1F0073A2
:109D9000BFF739CE739E70E3F1F8FC7E3F1F8FC78B
:109DA000FFBDC0E1986739CC330DC3E0781E0700D2
:109DB000E31D9E667999E677B8D2C3CF0F3C3CF09D
:109DC0007380739CE3F0781E0781E0FC739CE0E1F4
:109DD000D86739CE330EC3E0781E0300C070380E4A
:109DE00000FEFE0E1C383870E0FFFF3766666EE638
:109DF00066666730FFFF80CE6666677666666EC011
:109E0000718E00000000050001000000030D060235
:109E1000F400050007050901F4000A000A0C0A0015
:109E2000F5001900090F0A01F3002A00100D1000B7
:109E3000F40044000C0D0D01F40058000305050169
:109E4000F4005A0006110601F4006700061106002E
:109E5000F400740005060701F400780007080B02FF
:109E6000F9007F0003050401FF00810005020600E0
:109E7000FB00830003020401FF008400050D0500C0
:109E8000F4008D00090D0A01F4009C00050D0A0282
:109E9000F400A500090D0A01F400B400080D0A0140
:109EA000F400C100080D0A02F400CE00090D0A01F9
:109EB000F400DD00090D0A01F400EC00090D0A00B0
:109EC000F400FB000A0D0A00F4000C01090D0A0160
:109ED000F4001B0103090401F8001F01030C040135
:109EE000F800240109090B01F8002F0109060B01F4
:109EF000FA00360109090B01F8004101090D0B01B7
:109F0000F4005001100F1200F4006E010C0D0D0052
:109F1000F40082010B0D0D01F40094010C0D0D01F4
:109F2000F400A8010C0D0D01F400BC01090D0C0199
:109F3000F400CB01090D0B01F400DA010B0D0E0149
:109F4000F400EC010B0D0D01F400FE01030D060100
:109F5000F4000302080D0A01F40010020C0D0D01BB
:109F6000F4002402080D0B01F40031020E0D100163
:109F7000F40048020B0D0E01F4005A020D0D0E0103
:109F8000F40070020B0D0C01F40082020D0E0E01A4
:109F9000F40099020C0D0D01F400AD020B0D0C0143
:109FA000F400BF02090D0C02F400CE020B0D0D01EE
:109FB000F400E0020C0D0C00F400F402110D11008D
:109FC000F40010030C0D0C00F40024030B0D0C0125
:109FD000F4003603090D0B01F400450304110601DA
:109FE000F4004E03050D0500F400570304110600AC
:109FF000F400600308080B01F40068030A010A007A
:10A0000004006A0303020500F4006B030A0A0A0154
:10A01000F70078030A0D0B01F4008903090A0A010D
:10A02000F7009503090D0B01F400A403090A0A01C6
:10A03000F700B003050D0601F400B903090E0B018A
:10A04000F700C903090D0B01F400D803030D050146
:10A05000F400DD0304110500F400E603090D0A0114
:10A06000F400F503030D0501F400FA030E0A1001D4
:10A07000F7000C04090A0B01F70018040A0A0B0187
:10A08000F70025040A0E0B01F7003704090E0B0137
:10A09000F7004704060A0701F7004F04090A0A01FE
:10A0A000F7005B04050C0601F5006304090A0B01C7
:10A0B000F7006F040A0A0A00F7007C040E0A0E007B
:10A0C000F7008E040A0A0A00F7009B040A0E0A0031
:10A0D000F700AD04080A0901F700B70404110701ED
:10A0E000F400C00401110502F400C30404110702C6
:10A0F000F400CC0408020900FC0002030405060772
:10A1000008090A0B0C0D0E0F1010010200000000D0
:10A11000000000000000000000000000000000003F
:10A12000000000000000000000000000000000002F
:10A13000000000000000000000000000000000001F
:10A14000000000000000000000000000000000000F
:10A1500000000000000000000000000000000000FF
:10A1600000000000000000000000000000000000EF
:10A1700000000000000000000000000000000000DF
:10A1800000000000000000000000000000000000CF
:10A1900000000000000000000000000000000000BF
:10A1A00000000000000000000000000000000000AF
:10A1B000000000000000000000000000000000009F
:10A1C000000000000000000000000000000000008F
:10A1D000000000000000000000000000000000007F
:10A1E000000000000000000000000000000000006F
:10A1F000000000000000000000000000000000005F
:10A20000000000000000000000000000000000004E
:10A21000000000000000000000000000000000003E
:10A22000000000000000000000000000000000002E
:10A23000000000000000000000000000000000001E
:10A24000000000000000000000000000000000000E
:10A2500000000000000000000000000000000000FE
:10A2600000000000000000000000000000000000EE
:10A2700000000000000000000000000000000000DE
:10A2800000000000000000000000000000000000CE
:10A2900000000000000000000000000000000000BE
:10A2A00000000000000000000000000000000000AE
:10A2B000000000000000000000000000000000009E
:10A2C000000000000000000000000000000000008E
:10A2D000000000000000000000000000000000007E
:10A2E000000000000000000000000000000000006E
:10A2F000000000000000000000000000000000005E
:10A30000000000000000000000000000000000004D
:10A31000000000000000000000000000000000003D
:10A32000000000000000000000000000000000002D
:10A33000000000000000000000000000000000001D
:10A34000000000000000000000000000000000000D
:10A3500000000000000000000000000000000000FD
:10A3600000000000000000000000000000000000ED
:10A3700000000000000000000000000000000000DD
:10A3800000000000000000000000000000000000CD
:10A3900000000000000000000000000000000000BD
:10A3A00000000000000000000000000000000000AD
:10A3B000000000000000000000000000000000009D
:10A3C000000000000000000000000000000000008D
:10A3D000000000000000000000000000000000007D
:10A3E000000000000000000000000000000000006D
:10A3F000000000000000000000000000000000005D
:10A40000000000000000000000000000000000004C
:10A41000000000000000000000000000000000003C
:10A42000000000000000000000000000000000002C
:10A43000000000000000000000000000000000001C
:10A44000000000000000000000000000000000000C
:10A4500000000000000000000000000000000000FC
:10A4600000000000000000000000000000000000EC
:10A4700000000000000000000000000000000000DC
:10A4800000000000000000000000000000000000CC
:10A4900000000000000000000000000000000000BC
:10A4A00000000000000000000000000000000000AC
:10A4B000000000000000000000000000000000009C
:10A4C000000000000000000000000000000000008C
:10A4D000000000000000000000000000000000007C
:10A4E000000000000000000000000000000000006C
:10A4F000000000000000000000000000000000005C
:10A50000000000000000000000000000000000004B
:10A51000000000000000000000000000000000003B
:10A52000000000000000000000000000000000002B
:10A53000000000000000000000000000000000001B
:10A54000FF0000000000000000000000000000000C
:10A5500000000000000000000000000000000000FB
:10A5600000000000000000000000000000000000EB
:10A5700000000000000000000000000000000000DB
:10A580000000FF00000000000000000000000000CC
:10A5900000000000000000000000000000000000BB
:10A5A00000000000000000000000000000000000AB
:10A5B000FF00FF00FF00FF00FF00FF00FF00FF00A3
:10A5C000FF000000FF000000FF00FF00FF00FF0091
:10A5D000FF00FF00FF00FF00FF00FF00FF00FF0083
:10A5E000FF00FF00FF00FF00FF00FF00FF00FF0073
:10A5F000FF00FF000000000000000000000000005D
:10A60000000000000000FF0000000000000000004B
:10A61000000000000000000000000000000000003A
:10A62000000000000000000000000000000000002A
:10A630000000FF00FF00000000000000000000001C
:10A64000FF00FF0000000000FF0000000000FF000E
:10A65000FF000000000000000000000000000000FB
:10A6600000000000000000000000000000000000EA
:10A6700000000000FF00FF000000000000000000DC
:10A680000000FF00FF00FF000000FF000000FF00CF
:10A69000FF00FF00000000000000000000000000BC
:10A6A00000000000000000000000000000000000AA
:10A6B000000000000000FF00FF000000000000009C
:10A6C000000000000000FF00FF00FF00FF00FF008F
:10A6D000FF00FF000000000000000000000000007C
:10A6E000000000000000000000000000000000006A
:10A6F0000000000000000000FF00FF00000000005C
:10A7000000000000000000000000FF00FF00FF004C
:10A71000FF00FF000000000000000000000000003B
:10A720000000000000000000000000000000000029
:10A7300000000000000000000000FF00FF0000001B
:10A740000000000000000000000000000000FF000A
:10A75000FF00FF00000000000000000000000000FB
:10A7600000000000000000000000000000000000E9
:10A77000000000000000000000000000FF00FF00DB
:10A7800000000000000000000000000000000000C9
:10A7900000000000000000000000000000000000B9
:10A7A00000000000000000000000000000000000A9
:10A7B0000000000000000000000000000000FF009A
:10A7C000FF0000000000000000000000FF00FF008C
:10A7D000FF00FF00FF00FF00FF00FF00FF00000080
:10A7E0000000000000000000000000000000000069
:10A7F0000000000000000000000000000000000059
:10A80000FF00FF000000000000000000000000004A
:10A810000000000000000000000000000000000038
:10A820000000000000000000000000000000000028
:10A830000000000000000000000000000000000018
:10A840000000FF00FF00FF00FF00FF00FF00FF000F
:10A85000FF00FF00FF00FF00FF00FF00FF00FF0000
:10A86000FF00FF00FF00FF00FF00FF00FF00FF00F0
:10A87000FF00FF00FF00FF00FF00FF00FF00FF00E0
:10A88000FF00FF00FF0000000000000000000000CB
:10A8900000000000000000000000000000000000B8
:10A8A00000000000000000000000000000000000A8
:10A8B0000000000000000000000000000000000098
:10A8C0000000000000000000000000000000000088
:10A8D0000000000000000000000000000000000078
:10A8E0000000000000000000000000000000000068
:10A8F0000000000000000000000000000000000058
:10A900000000000000000000000000000000000047
:10A910000000000000000000000000000000000037
:10A920000000000000000000000000000000000027
:10A930000000000000000000000000000000000017
:10A940000000000000000000000000000000000007
:10A9500000000000000000000000000000000000F7
:10A9600000000000000000000000000000000000E7
:10A9700000000000000000000000000000000000D7
:10A9800000000000000000000000000000000000C7
:10A9900000000000000000000000000000000000B7
:10A9A00000000000000000000000000000000000A7
:10A9B0000000000000000000000000000000000097
:10A9C0000000000000000000000000000000000087
:10A9D0000000000000000000000000000000000077
:10A9E0000000000000000000000000000000000067
:10A9F0000000000000000000000000000000000057
:10AA00000000000000000000000000000000000046
:10AA10000000000000000000000000000000000036
:10AA20000000000000000000000000000000000026
:10AA30000000000000000000000000000000000016
:10AA40000000000000000000000000000000000006
:10AA500000000000000000000000000000000000F6
:10AA600000000000000000000000000000000000E6
:10AA700000000000000000000000000000000000D6
:10AA800000000000000000000000000000000000C6
:10AA900000000000000000000000000000000000B6
:10AAA00000000000000000000000FF0000000000A7
:10AAB0000000000000000000000000000000000096
:10AAC0000000000000000000000000000000000086
:10AAD0000000000000000000000000000000000076
:10AAE000000000000000000000000000FF00000067
:10AAF0000000000000000000000000000000000056
:10AB00000000000000000000000000000000000045
:10AB10000000000000000000000000000000000035
:10AB20000000000000000000000000000000FF0026
:10AB30000000000000000000000000000000000015
:10AB40000000000000000000000000000000000005
:10AB500000000000000000000000000000000000F5
:10AB60000000000000000000FF00FF0000000000E7
:10AB7000FF0000000000FF00FF00000000000000D8
:10AB800000000000000000000000000000000000C5
:10AB900000000000000000000000000000000000B5
:10ABA00000000000000000000000FF00FF00FF00A8
:10ABB0000000FF000000FF00FF00FF000000000099
:10ABC0000000000000000000000000000000000085
:10ABD0000000000000000000000000000000000075
:10ABE0000000000000000000000000000000FF0066
:10ABF000FF00FF00FF00FF00FF00FF00000000005B
:10AC00000000000000000000000000000000000044
:10AC10000000000000000000000000000000000034
:10AC20000000000000000000000000000000000024
:10AC30000000FF00FF00FF00FF00FF000000000019
:10AC40000000000000000000000000000000000004
:10AC500000000000000000000000000000000000F4
:10AC600000000000000000000000000000000000E4
:10AC7000000000000000FF00FF00FF0000000000D7
:10AC800000000000000000000000000000000000C4
:10AC900000000000000000000000000000000000B4
:10ACA00000000000000000000000000000000000A4
:10ACB00000000000000000000000FF000000000095
:10ACC0000000000000000000000000000000000084
:10ACD0000000000000000000000000000000000074
:10ACE0000000000000000000000000000000000064
:10ACF00000000000FF00FF00FF00FF00FF00FF005A
:10AD0000FF00FF00FF000000000000000000000046
:10AD10000000000000000000000000000000000033
:10AD200000000000000000000000FF00FF00FF0026
:10AD3000FF00FF00FF00FF00FF00FF00FF00FF001B
:10AD4000FF00FF00FF00FF00FF00FF00FF00FF000B
:10AD5000FF00FF00FF00FF00FF00FF00FF00FF00FB
:10AD6000FF00FF00FF00FF00FF00FF00FF000000EA
:10AD700000000000000000000000000000000000D3
:10AD800000000000000000000000000000000000C3
:10AD900000000000000000000000000000000000B3
:10ADA000000000000000000000000000FF00FF00A5
:10ADB0000000000000000000000000000000000093
:10ADC0000000000000000000000000000000000083
:10ADD0000000000000000000000000000000000073
:10ADE0000000000000000000000000000000FF0064
:10ADF000FF00000000000000000000000000000054
:10AE00000000000000000000000000000000000042
:10AE10000000000000000000000000000000000032
:10AE20000000000000000000000000000000000022
:10AE3000FF00FF0000000000000000000000000014
:10AE40000000000000000000000000000000000002
:10AE500000000000000000000000000000000000F2
:10AE600000000000000000000000000000000000E2
:10AE70000000FF00FF0000000000000000000000D4
:10AE800000000000000000000000000000000000C2
:10AE900000000000000000000000000000000000B2
:10AEA00000000000000000000000000000000000A2
:10AEB00000000000FF00FF00000000000000000094
:10AEC0000000000000000000000000000000000082
:10AED0000000000000000000000000000000000072
:10AEE0000000000000000000000000000000000062
:10AEF000000000000000FF00FF0000000000000054
:10AF00000000000000000000000000000000000041
:10AF10000000000000000000000000000000000031
:10AF20000000000000000000000000000000000021
:10AF30000000000000000000FF00FF000000000013
:10AF40000000000000000000000000000000000001
:10AF500000000000000000000000000000000000F1
:10AF600000000000000000000000000000000000E1
:10AF700000000000000000000000FF00FF000000D3
:10AF800000000000000000000000000000000000C1
:10AF900000000000000000000000000000000000B1
:10AFA00000000000000000000000000000000000A1
:10AFB000000000000000000000000000FF00FF0093
:10AFC000FF00FF00FF00FF00FF00FF00FF00FF0089
:10AFD000FF00FF00FF00FF00FF00FF00FF00FF0079
:10AFE000FF00FF00FF00FF00FF00FF00FF00FF0069
:10AFF000FF00FF00FF00FF00FF00FF00FF00FF0059
:10B000000000000000000000000000000000000040
:10B0100000000000FF000000000000000000000031
:10B020000000000000000000000000000000000020
:10B030000000000000000000000000000000000010
:10B040000000000000000000000000000000000000
:10B05000000000000000FF000000000000000000F1
:10B0600000000000000000000000000000000000E0
:10B0700000000000000000000000000000000000D0
:10B0800000000000000000000000000000000000C0
:10B090000000000000000000FF00000000000000B1
:10B0A00000000000000000000000000000000000A0
:10B0B0000000000000000000000000000000000090
:10B0C0000000000000000000000000000000000080
:10B0D00000000000000000000000FF000000000071
:10B0E0000000000000000000000000000000000060
:10B0F0000000000000000000000000000000000050
:10B10000000000000000000000000000000000003F
:10B1100000000000FF00FF0000000000FF00000032
:10B120000000FF00FF000000000000000000000021
:10B13000000000000000000000000000000000000F
:10B1400000000000000000000000000000000000FF
:10B15000000000000000FF00FF00FF000000FF00F3
:10B160000000FF00FF00FF000000000000000000E2
:10B1700000000000000000000000000000000000CF
:10B1800000000000000000000000000000000000BF
:10B1900000000000000000000000FF00FF00FF00B2
:10B1A000FF00FF00FF00FF000000000000000000A3
:10B1B000000000000000000000000000000000008F
:10B1C000000000000000000000000000000000007F
:10B1D0000000000000000000000000000000FF0070
:10B1E000FF00FF00FF00FF00000000000000000063
:10B1F000000000000000000000000000000000004F
:10B20000000000000000000000000000000000003E
:10B21000000000000000000000000000000000002E
:10B220000000FF00FF00FF00000000000000000021
:10B23000000000000000000000000000000000000E
:10B2400000000000000000000000000000000000FE
:10B2500000000000000000000000000000000000EE
:10B2600000000000000000000000000000000000DE
:10B2700000000000000000000000000000000000CE
:10B2800000000000000000000000000000000000BE
:10B2900000000000000000000000000000000000AE
:10B2A000FF00FF00FF00FF00FF00FF00FF00FF00A6
:10B2B000FF0000000000000000000000000000008F
:10B2C000000000000000000000000000000000007E
:10B2D000000000000000000000000000000000006E
:10B2E000000000000000000000000000000000005E
:10B2F000000000000000000000000000000000004E
:10B30000000000000000000000000000000000003D
:10B31000000000000000000000000000000000002D
:10B32000000000000000000000000000000000001D
:10B33000000000000000000000000000000000000D
:10B3400000000000000000000000000000000000FD
:10B3500000000000000000000000000000000000ED
:10B3600000000000000000000000000000000000DD
:10B3700000000000000000000000000000000000CD
:10B3800000000000000000000000000000000000BD
:10B3900000000000000000000000000000000000AD
:10B3A000000000000000000000000000000000009D
:10B3B000000000000000000000000000000000008D
:10B3C000000000000000000000000000000000007D
:10B3D000000000000000000000000000000000006D
:10B3E000000000000000000000000000000000005D
:10B3F000000000000000000000000000000000004D
:10B40000000000000000000000000000000000003C
:10B41000000000000000000000000000000000002C
:10B42000000000000000000000000000000000001C
:10B43000000000000000000000000000000000000C
:10B4400000000000000000000000000000000000FC
:10B4500000000000000000000000000000000000EC
:10B4600000000000000000000000000000000000DC
:10B4700000000000000000000000000000000000CC
:10B4800000000000000000000000000000000000BC
:10B4900000000000000000000000000000000000AC
:10B4A00000000000FF00FF00FF00FF00FF00FF00A2
:10B4B000FF00FF00FF00FF00FF00FF00FF00FF0094
:10B4C000FF00FF00FF00FF00FF00FF00FF00FF0084
:10B4D000FF00FF00FF00FF00FF00FF00FF00FF0074
:10B4E000FF00FF00FF00FF00000000000000000060
:10B4F000000000000000000000000000000000004C
:10B50000000000000000000000000000000000003B
:10B51000000000000000000000000000000000002B
:10B52000000000000000FF00FF000000000000001D
:10B53000000000000000000000000000000000000B
:10B5400000000000000000000000000000000000FB
:10B5500000000000000000000000000000000000EB
:10B560000000000000000000FF00FF0000000000DD
:10B5700000000000000000000000000000000000CB
:10B5800000000000000000000000000000000000BB
:10B5900000000000000000000000000000000000AB
:10B5A00000000000000000000000FF00FF0000009D
:10B5B000000000000000000000000000000000008B
:10B5C000000000000000000000000000000000007B
:10B5D000000000000000000000000000000000006B
:10B5E000000000000000000000000000FF00FF005D
:10B5F000000000000000000000000000000000004B
:10B60000000000000000000000000000000000003A
:10B61000000000000000000000000000000000002A
:10B620000000000000000000000000000000FF001B
:10B63000FF0000000000000000000000000000000B
:10B6400000000000000000000000000000000000FA
:10B6500000000000000000000000000000000000EA
:10B6600000000000000000000000000000000000DA
:10B67000FF00FF00000000000000000000000000CC
:10B6800000000000000000000000000000000000BA
:10B6900000000000000000000000000000000000AA
:10B6A000000000000000000000000000000000009A
:10B6B0000000FF00FF00000000000000000000008C
:10B6C000000000000000000000000000000000007A
:10B6D000000000000000000000000000000000006A
:10B6E000000000000000000000000000000000005A
:10B6F00000000000FF00FF0000000000000000004C
:10B700000000000000000000000000000000000039
:10B710000000000000000000000000000000000029
:10B720000000000000000000000000000000000019
:10B73000000000000000FF00FF00FF00FF00FF000E
:10B74000FF00FF00FF00FF00FF00FF00FF00FF0001
:10B75000FF00FF00FF00FF00FF00FF00FF00FF00F1
:10B76000FF00FF00FF00FF00FF00FF00FF00FF00E1
:10B77000FF00FF00FF00FF00FF00000000000000CE
:10B7800000000000000000000000000000000000B9
:10B7900000000000000000000000000000000000A9
:10B7A0000000000000000000000000000000000099
:10B7B0000000000000000000000000000000000089
:10B7C0000000000000000000000000000000000079
:10B7D0000000000000000000000000000000000069
:10B7E0000000FF00FF00FF00FF00FF00FF00FF0060
:10B7F000FF00FF00FF00FF00FF00FF00FF00FF0051
:10B80000FF00FF00FF00FF00FF00FF00FF00FF0040
:10B81000FF00FF00FF00FF00FF00FF00FF00FF0030
:10B82000FF00FF00FF00FF00FF00FF00FF00FF0020
:10B83000FF00FF00FF00000000000000000000000B
:10B8400000000000000000000000000000000000F8
:10B8500000000000000000000000000000000000E8
:10B8600000000000000000000000000000000000D8
:10B8700000000000000000000000000000000000C8
:10B8800000000000000000000000000000000000B8
:10B8900000000000000000000000000000000000A8
:10B8A0000000000000000000000000000000000098
:10B8B0000000000000000000000000000000000088
:10B8C0000000000000000000000000000000000078
:10B8D0000000000000000000000000000000000068
:10B8E000FF00FF00FF00FF00FF00FF00FF00FF0060
:10B8F000FF00FF00FF00FF00FF00FF00FF00FF0050
:10B90000FF00FF00FF00FF00FF00FF00FF00FF003F
:10B91000FF00FF00FF00FF00FF00FF00FF00FF002F
:10B92000FF00FF00FF00FF00FF00FF00FF00FF001F
:10B93000FF00FF00FF00000000000000000000000A
:10B9400000000000000000000000000000000000F7
:10B9500000000000000000000000000000000000E7
:10B9600000000000000000000000000000000000D7
:10B9700000000000000000000000000000000000C7
:10B9800000000000000000000000000000000000B7
:10B9900000000000000000000000000000000000A7
:10B9A0000000000000000000000000000000000097
:10B9B0000000000000000000000000000000000087
:10B9C0000000000000000000000000000000000077
:10B9D0000000000000000000000000000000FF0068
:10B9E000FF00FF00FF00FF00FF00FF00FF00FF005F
:10B9F000FF00FF00FF00FF00FF00FF00FF00FF004F
:10BA0000FF00FF00FF00FF00FF00FF00FF00FF003E
:10BA1000FF00FF00FF00FF00FF00FF00FF00FF002E
:10BA2000FF00FF00FF00FF00FF00FF00FF00FF001E
:10BA3000FF00FF0000000000000000000000000008
:10BA400000000000000000000000000000000000F6
:10BA500000000000000000000000000000000000E6
:10BA600000000000000000000000000000000000D6
:10BA700000000000000000000000000000000000C6
:10BA800000000000000000000000000000000000B6
:10BA900000000000000000000000000000000000A6
:10BAA0000000000000000000000000000000000096
:10BAB0000000000000000000000000000000000086
:10BAC0000000000000000000000000000000000076
:10BAD000000000000000000000000000FF00FF0068
:10BAE000FF00FF00FF00FF00FF00FF00FF00FF005E
:10BAF000FF00FF00FF00FF00FF00FF00FF00FF004E
:10BB0000FF00FF00FF00FF00FF00FF00FF00FF003D
:10BB1000FF00FF00FF00FF00FF00FF00FF00FF002D
:10BB2000FF00FF00FF00FF00FF00FF00FF00FF001D
:10BB3000FF00000000000000000000000000000006
:10BB400000000000000000000000000000000000F5
:10BB500000000000000000000000000000000000E5
:10BB600000000000000000000000000000000000D5
:10BB700000000000000000000000000000000000C5
:10BB800000000000000000000000000000000000B5
:10BB900000000000000000000000000000000000A5
:10BBA0000000000000000000000000000000000095
:10BBB0000000000000000000000000000000000085
:10BBC0000000000000000000000000000000000075
:10BBD000000000000000000000000000FF00FF0067
:10BBE000FF00FF00FF00FF00FF00FF00FF00FF005D
:10BBF000FF00FF00FF00FF00FF00FF00FF00FF004D
:10BC0000FF00FF00FF00FF00FF00FF00FF00FF003C
:10BC1000FF00FF00FF00FF00FF00FF00FF00FF002C
:10BC2000FF00FF00FF00FF00FF00FF00FF00FF001C
:10BC3000FF00000000000000000000000000000005
:10BC400000000000000000000000000000000000F4
:10BC500000000000000000000000000000000000E4
:10BC600000000000000000000000000000000000D4
:10BC700000000000000000000000000000000000C4
:10BC800000000000000000000000000000000000B4
:10BC900000000000000000000000000000000000A4
:10BCA0000000000000000000000000000000000094
:10BCB0000000000000000000000000000000000084
:10BCC0000000000000000000000000000000000074
:10BCD0000000000000000000000000000000000064
:10BCE0000000000000000000000000000000000054
:10BCF0000000000000000000000000000000000044
:10BD00000000000000000000000000000000000033
:10BD10000000000000000000000000000000000023
:10BD2000FF00FF00FF00FF00FF00FF00FF00FF001B
:10BD30000000000000000000000000000000000003
:10BD400000000000000000000000000000000000F3
:10BD500000000000000000000000000000000000E3
:10BD600000000000000000000000000000000000D3
:10BD700000000000000000000000FF00FF00FF00C6
:10BD8000FF00FF00FF00FF00FF00FF00FF00FF00BB
:10BD9000FF00FF00FF00FF00FF00000000000000A8
:10BDA0000000000000000000000000000000000093
:10BDB00000000000000000000000FF00FF00FF0086
:10BDC000FF00FF00FF00FF00FF00FF00FF00FF007B
:10BDD000FF00FF00FF00FF00FF00FF00FF00FF006B
:10BDE000FF00FF00FF00FF00FF00FF00FF00FF005B
:10BDF000FF00FF00FF00FF00FF00FF00FF00FF004B
:10BE0000FF00FF00FF00FF00FF00FF00FF00FF003A
:10BE1000FF00FF00FF00FF00FF0000000000FF0028
:10BE2000FF00FF00FF00FF00FF00FF00FF00FF001A
:10BE3000FF00FF00FF00FF00FF00FF00FF00FF000A
:10BE4000FF00FF00FF00FF00FF00FF00FF00FF00FA
:10BE5000FF00FF00FF00FF00FF00FF00FF00FF00EA
:10BE6000FF00FF00FF00FF00FF00FF00FF00FF00DA
:10BE7000FF00FF00FF00FF00FF00FF00FF00FF00CA
:10BE8000FF00FF00FF00FF00FF00FF00FF00FF00BA
:10BE9000FF00FF00FF00FF00FF00000000000000A7
:10BEA0000000000000000000000000000000000092
:10BEB0000000000000000000FF00FF00FF00FF0086
:10BEC000FF00FF00FF00FF00FF00FF00FF00FF007A
:10BED000FF00FF00FF00FF00FF00FF00FF00FF006A
:10BEE000FF00FF00FF00FF00FF00FF00FF00FF005A
:10BEF000FF00FF00FF00FF00FF00FF00FF00FF004A
:10BF0000FF00FF00FF00FF00FF00FF00FF00FF0039
:10BF1000FF00FF00FF00FF0000000000FF00FF0027
:10BF2000FF00FF00FF00FF00FF00FF00FF00FF0019
:10BF3000FF00FF00FF00FF00FF00FF00FF00FF0009
:10BF4000FF00FF00FF00FF00FF00FF00FF00FF00F9
:10BF5000FF00FF00FF00FF00FF00FF00FF00FF00E9
:10BF6000FF00FF00FF00FF00FF00FF00FF00FF00D9
:10BF7000FF00FF00FF00FF00FF00FF00FF00FF00C9
:10BF8000FF00FF00FF00FF00FF00FF00FF00FF00B9
:10BF9000FF00FF00FF00FF00FF00000000000000A6
:10BFA0000000000000000000000000000000000091
:10BFB0000000000000000000FF00FF00FF00FF0085
:10BFC000FF00FF00FF00FF00FF00FF00FF00FF0079
:10BFD000FF00FF00FF00FF00FF00FF00FF00FF0069
:10BFE000FF00FF00FF00FF00FF00FF00FF00FF0059
:10BFF000FF00FF00FF00FF00FF00FF00FF00FF0049
:10C00000FF00FF00FF00FF00FF00FF00FF00FF0038
:10C01000FF00FF00FF00000000000000FF00FF0025
:10C02000FF00FF00FF00FF00FF00FF00FF00FF0018
:10C03000FF00FF00FF00FF00FF00FF00FF00FF0008
:10C04000FF00FF00FF00FF00FF00FF00FF00FF00F8
:10C05000FF00FF00FF00FF00FF00FF00FF00FF00E8
:10C06000FF00FF00FF00FF00FF00FF00FF00FF00D8
:10C07000FF00FF00FF00FF00FF00FF00FF00FF00C8
:10C08000FF00FF00FF00FF00FF00FF00FF00FF00B8
:10C09000FF00FF00FF00FF00FF00000000000000A5
:10C0A0000000000000000000000000000000000090
:10C0B000000000000000FF00FF00FF00FF00FF0085
:10C0C000FF00FF00FF00FF00FF00FF00FF00FF0078
:10C0D000FF00FF00FF00FF00FF00FF00FF00FF0068
:10C0E000FF00FF00FF00FF00FF00FF00FF00FF0058
:10C0F000FF00FF00FF00FF00FF00FF00FF00FF0048
:10C10000FF00FF00FF00FF00FF00FF00FF00FF0037
:10C11000FF00FF00FF0000000000FF00FF00FF0025
:10C12000FF00FF00FF00FF00FF00FF00FF00FF0017
:10C13000FF00FF00FF00FF00FF00FF00FF00FF0007
:10C14000FF00FF00FF00FF00FF00FF00FF00FF00F7
:10C15000FF00FF00FF00FF00FF00FF00FF00FF00E7
:10C16000FF00FF00FF00FF00FF00FF00FF00FF00D7
:10C17000FF00FF00FF00FF00FF00FF00FF00FF00C7
:10C18000FF00FF00FF00FF00FF00FF00FF00FF00B7
:10C19000FF00FF00FF00FF00FF00000000000000A4
:10C1A000000000000000000000000000000000008F
:10C1B00000000000FF00FF00FF00FF00FF00FF0085
:10C1C000FF00FF00FF00FF00FF00FF00FF00FF0077
:10C1D000FF00FF00FF00FF00FF00FF00FF00FF0067
:10C1E000FF00FF00FF00FF00FF00FF00FF00FF0057
:10C1F000FF00FF00FF00FF00FF00FF00FF00FF0047
:10C20000FF00FF00FF00FF00FF00FF00FF00FF0036
:10C21000FF00FF0000000000FF00FF00FF00FF0024
:10C22000FF00FF00FF00FF00FF00FF00FF00FF0016
:10C23000FF00FF00FF00FF00FF00FF00FF00FF0006
:10C24000FF00FF00FF00FF00FF00FF00FF00FF00F6
:10C25000FF00FF00FF00FF00FF00FF00FF00FF00E6
:10C26000FF00FF00FF00FF00FF00FF00FF00FF00D6
:10C27000FF00FF00FF00FF00FF00FF00FF00FF00C6
:10C28000FF00FF00FF00FF00FF00FF00FF00FF00B6
:10C29000FF00FF00FF00FF00FF00000000000000A3
:10C2A000000000000000000000000000000000008E
:10C2B000000000000000000000000000000000007E
:10C2C0000000FF00FF00FF00FF00FF00FF00FF0075
:10C2D000FF00FF00FF00FF00FF00FF00FF00FF0066
:10C2E000FF000000000000000000FF00FF00FF0052
:10C2F000FF00FF00FF00FF00FF00FF000000000044
:10C30000000000000000000000000000000000002D
:10C31000000000000000000000000000000000001D
:10C32000000000000000000000000000000000000D
:10C3300000000000000000000000000000000000FD
:10C3400000000000000000000000000000000000ED
:10C3500000000000000000000000FF00FF00FF00E0
:10C36000FF00FF00FF00FF00FF00FF00FF00FF00D5
:10C37000FF00FF00FF00FF00FF00FF00FF00FF00C5
:10C38000FF00FF00FF00FF00FF00FF00FF00FF00B5
:10C39000FF00FF00FF00FF00FF00000000000000A2
:10C3A000000000000000000000000000000000008D
:10C3B000000000000000000000000000000000007D
:10C3C000FF00FF00FF00FF00FF00FF00FF00FF0075
:10C3D000FF00FF000000FF00FF00FF00FF00FF0064
:10C3E000FF00FF00FF00000000000000FF00FF0052
:10C3F000FF00FF00FF00FF00FF00FF00FF00FF0045
:10C40000000000000000000000000000000000002C
:10C41000000000000000000000000000000000001C
:10C42000000000000000000000000000000000000C
:10C4300000000000000000000000000000000000FC
:10C4400000000000000000000000000000000000EC
:10C4500000000000000000000000FF00FF00FF00DF
:10C46000FF00FF00FF00FF00FF00FF00FF00FF00D4
:10C47000FF00FF00FF00FF00FF00FF00FF00FF00C4
:10C48000FF00FF00FF00FF00FF00FF00FF00FF00B4
:10C49000FF00FF00FF00FF00FF00FF00FF00FF00A4
:10C4A000FF00FF00FF00FF00FF00FF00FF00FF0094
:10C4B000FF00FF00FF00FF00FF00FF00FF00FF0084
:10C4C000FF00FF00FF00FF00FF00FF00FF00FF0074
:10C4D000FF00000000000000FF00FF00FF00FF0061
:10C4E000FF00FF00FF00FF00FF0000000000FF0052
:10C4F000FF00FF00FF00FF00FF00FF00FF00FF0044
:10C50000FF0000000000000000000000000000002C
:10C51000000000000000000000000000000000001B
:10C52000000000000000FF00FF00FF00FF00FF0010
:10C53000FF00FF00FF00FF00FF00FF00FF00FF0003
:10C54000FF00FF00FF0000000000000000000000EE
:10C5500000000000000000000000FF00FF00FF00DE
:10C56000FF00FF00FF00FF00FF00FF00FF00FF00D3
:10C57000FF00FF00FF00FF00FF00FF00FF00FF00C3
:10C58000FF00FF00FF00FF00FF00FF00FF00FF00B3
:10C59000FF00FF00FF00FF00FF00FF00FF00FF00A3
:10C5A000FF00FF00FF00FF00FF00FF00FF00FF0093
:10C5B000FF00FF00FF00FF00FF00FF00FF00FF0083
:10C5C000FF00FF00FF00FF00FF00FF00FF00FF0073
:10C5D000000000000000000000000000FF00FF005D
:10C5E000FF00FF00FF00FF00FF00FF000000000051
:10C5F0000000FF00FF00FF00FF00FF00FF00FF0042
:10C60000FF00FF00FF00000000000000000000002D
:10C61000000000000000000000000000000000001A
:10C62000000000000000FF00FF00FF00FF00FF000F
:10C63000FF00FF00FF00FF00FF00FF00FF00FF0002
:10C64000FF00FF00FF0000000000000000000000ED
:10C6500000000000000000000000FF00FF00FF00DD
:10C66000FF00FF00FF00FF00FF00FF00FF00FF00D2
:10C67000FF00FF00FF00FF00FF00FF00FF00FF00C2
:10C68000FF00FF00FF00FF00FF00FF00FF00FF00B2
:10C69000FF00FF00FF00FF00FF00FF00FF00FF00A2
:10C6A000FF00FF00FF00FF00FF00FF00FF00FF0092
:10C6B000FF00FF00FF00FF00FF00FF00FF00FF0082
:10C6C000FF00FF00FF00FF00FF00FF00FF00000071
:10C6D0000000000000000000000000000000FF005B
:10C6E000FF00FF00FF00FF00FF00FF00FF00FF0052
:10C6F00000000000FF00FF00FF00FF00FF00FF0040
:10C70000FF00FF00FF00FF00FF000000000000002E
:10C710000000000000000000000000000000000019
:10C72000000000000000FF00FF00FF00FF00FF000E
:10C73000FF00FF00FF00FF00FF00FF00FF00FF0001
:10C74000FF00FF00FF0000000000000000000000EC
:10C7500000000000000000000000FF00FF00FF00DC
:10C76000FF00FF00FF00FF00FF00FF00FF00FF00D1
:10C77000FF00FF00FF00FF00FF00FF00FF00FF00C1
:10C78000FF00FF00FF00FF00FF00FF00FF00FF00B1
:10C79000FF00FF00FF00FF00FF00FF00FF00FF00A1
:10C7A000FF00FF00FF00FF00FF00FF00FF00FF0091
:10C7B000FF00FF00FF00FF00FF00FF00FF00FF0081
:10C7C000FF00FF00FF00FF00FF00FF00000000006F
:10C7D0000000000000000000000000000000000059
:10C7E0000000FF00FF00FF00FF00FF00FF00FF0050
:10C7F000FF00FF000000FF00FF00FF00FF00FF0040
:10C80000FF00FF00FF00FF00FF00FF00000000002E
:10C810000000000000000000000000000000000018
:10C82000000000000000FF00FF00FF00FF00FF000D
:10C83000FF00FF00FF00FF00FF00FF00FF00FF0000
:10C84000FF00FF00FF0000000000000000000000EB
:10C8500000000000000000000000FF00FF00FF00DB
:10C86000FF00FF00FF00FF00FF00FF00FF00FF00D0
:10C87000FF00FF00FF00FF00FF00000000000000BD
:10C8800000000000000000000000000000000000A8
:10C890000000000000000000000000000000000098
:10C8A0000000000000000000000000000000000088
:10C8B0000000000000000000000000000000000078
:10C8C0000000000000000000000000000000000068
:10C8D0000000000000000000000000000000000058
:10C8E000000000000000FF00FF00FF00FF00FF004D
:10C8F000FF00FF00FF0000000000FF00FF00FF003E
:10C90000FF00FF00FF00FF00FF00FF00FF00FF002F
:10C910000000000000000000000000000000000017
:10C92000000000000000FF00FF00FF00FF00FF000C
:10C93000FF00FF00FF00FF00FF00FF00FF00FF00FF
:10C94000FF00FF00FF0000000000000000000000EA
:10C9500000000000000000000000FF00FF00FF00DA
:10C96000FF00FF00FF00FF00FF00FF00FF00FF00CF
:10C97000FF00FF00FF00FF00FF00000000000000BC
:10C9800000000000000000000000000000000000A7
:10C990000000000000000000000000000000000097
:10C9A0000000000000000000000000000000000087
:10C9B0000000000000000000000000000000000077
:10C9C0000000000000000000000000000000000067
:10C9D0000000000000000000000000000000000057
:10C9E0000000000000000000FF00FF00FF00FF004B
:10C9F000FF00FF00FF00FF00FF000000FF00FF003E
:10CA0000FF00FF00FF00FF00FF00FF00FF00FF002E
:10CA1000FF00000000000000000000000000000017
:10CA2000000000000000FF00FF00FF00FF00FF000B
:10CA3000FF00FF00FF00FF00FF00FF00FF00FF00FE
:10CA4000FF00FF00FF00FF000000000000000000EA
:10CA500000000000000000000000FF00FF00FF00D9
:10CA6000FF00FF00FF00FF00FF00FF00FF00FF00CE
:10CA7000FF00FF00FF00FF00FF00FF00FF00FF00BE
:10CA8000FF00FF00FF00FF00FF00FF00FF00FF00AE
:10CA9000FF00FF00FF00FF00FF00FF00FF00FF009E
:10CAA000FF00FF00FF00FF00FF00FF00FF00FF008E
:10CAB000FF00FF00FF00FF00FF00FF00FF00FF007E
:10CAC000FF00FF00FF00FF00FF00FF00FF0000006D
:10CAD0000000000000000000000000000000000056
:10CAE000000000000000000000000000FF00FF0048
:10CAF000FF00FF00FF00FF00FF00FF000000FF003D
:10CB0000FF00FF00FF00FF00FF00FF00FF00FF002D
:10CB1000FF00FF00FF000000000000000000000018
:10CB2000000000000000FF00FF00FF00FF00FF000A
:10CB3000FF00FF00FF00FF00FF00FF00FF00FF00FD
:10CB4000FF00FF00FF00FF00FF00FF00FF00FF00ED
:10CB5000FF00FF00FF00FF00FF00FF00FF00FF00DD
:10CB6000FF00FF00FF00FF00FF00FF00FF00FF00CD
:10CB7000FF00FF00FF00FF00FF00FF00FF00FF00BD
:10CB8000FF00FF00FF00FF00FF00FF00FF00FF00AD
:10CB9000FF00FF00FF00FF00FF00FF00FF00FF009D
:10CBA000FF00FF00FF00FF00FF00FF00FF00FF008D
:10CBB000FF00FF00FF00FF00FF00FF00FF00FF007D
:10CBC000FF00FF00FF00FF00FF00FF00FF00FF006D
:10CBD0000000000000000000000000000000000055
:10CBE0000000000000000000000000000000FF0046
:10CBF000FF00FF00FF00FF00FF00FF00FF00FF003D
:10CC0000FF00FF00FF00FF00FF00FF00FF00FF002C
:10CC1000FF00FF00FF00FF00FF0000000000000019
:10CC2000000000000000FF00FF00FF00FF00FF0009
:10CC3000FF00FF00FF00FF00FF00FF00FF00FF00FC
:10CC4000FF00FF00FF00FF00FF00FF00FF00FF00EC
:10CC5000FF00FF00FF00FF00FF00FF00FF00FF00DC
:10CC6000FF00FF00FF00FF00FF00FF00FF00FF00CC
:10CC7000FF00FF00FF00FF00FF00FF00FF00FF00BC
:10CC8000FF00FF00FF00FF00FF00FF00FF00FF00AC
:10CC9000FF00FF00FF00FF00FF00FF00FF00FF009C
:10CCA000FF00FF00FF00FF00FF00FF00FF00FF008C
:10CCB000FF00FF00FF00FF00FF00FF00FF00FF007C
:10CCC000FF00FF00FF00FF00FF00FF00FF00FF006C
:10CCD000FF00000000000000000000000000000055
:10CCE0000000000000000000000000000000000044
:10CCF0000000FF00FF00FF00FF00FF00FF00FF003B
:10CD0000FF00FF00FF00FF00FF00FF00FF00FF002B
:10CD1000FF00FF00FF00FF00FF00FF000000000019
:10CD2000000000000000FF00FF00FF00FF00FF0008
:10CD3000FF00FF00FF00FF00FF00FF00FF00FF00FB
:10CD4000FF00FF00FF00FF00FF00FF00FF00FF00EB
:10CD5000FF00FF00FF00FF00FF00FF00FF00FF00DB
:10CD6000FF00FF00FF00FF00FF00FF00FF00FF00CB
:10CD7000FF00FF00FF00FF00FF00FF00FF00FF00BB
:10CD8000FF00FF00FF00FF00FF00FF00FF00FF00AB
:10CD9000FF00FF00FF00FF00FF00FF00FF00FF009B
:10CDA000FF00FF00FF00FF00FF00FF00FF00FF008B
:10CDB000FF00FF00FF00FF00FF00FF00FF00FF007B
:10CDC000FF00FF00FF00FF00FF00FF00FF00FF006B
:10CDD000FF00FF0000000000000000000000000055
:10CDE0000000000000000000000000000000000043
:10CDF000000000000000FF00FF00FF00FF00FF0038
:10CE0000FF00FF00FF00FF00FF00FF00FF00FF002A
:10CE1000FF00FF00FF00FF00FF00FF00FF00FF001A
:10CE2000000000000000FF00FF00FF00FF00FF0007
:10CE3000FF00FF00FF00FF00FF00FF00FF00FF00FA
:10CE4000FF00FF00FF00FF00FF00FF00FF00FF00EA
:10CE5000FF00FF00FF00FF00FF00FF00FF00FF00DA
:10CE6000FF00FF00FF00FF00FF00FF00FF00FF00CA
:10CE7000FF00FF00FF00FF00FF00FF00FF00FF00BA
:10CE8000FF00FF00FF00FF00FF00FF00FF00FF00AA
:10CE9000FF00FF00FF00FF00FF00FF00FF00000099
:10CEA0000000000000000000000000000000000082
:10CEB000000000000000FF00FF00FF00FF00FF0077
:10CEC000FF00FF00FF00FF00FF00FF00FF00FF006A
:10CED000FF00FF0000000000000000000000000054
:10CEE0000000000000000000000000000000000042
:10CEF0000000000000000000FF00FF00FF00FF0036
:10CF0000FF00FF00FF00FF00FF00FF00FF00FF0029
:10CF1000FF00FF00FF00FF00FF00FF00FF00FF0019
:10CF2000FF0000000000FF00FF00FF00FF00FF0007
:10CF3000FF00FF00FF00FF00FF00FF00FF00FF00F9
:10CF4000FF00FF00FF0000000000000000000000E4
:10CF500000000000000000000000000000000000D1
:10CF600000000000000000000000000000000000C1
:10CF700000000000000000000000FF00FF00FF00B4
:10CF8000FF00FF00FF00FF00FF00FF00FF00FF00A9
:10CF9000FF00FF00FF00FF00FF0000000000000096
:10CFA0000000000000000000000000000000000081
:10CFB0000000000000000000FF00FF00FF00FF0075
:10CFC000FF00FF00FF00FF00FF00FF00FF00FF0069
:10CFD000FF00FF0000000000000000000000000053
:10CFE0000000000000000000000000000000000041
:10CFF00000000000FF00FF00FF00FF00FF00FF0037
:10D00000FF00FF00FF00FF00FF00FF00FF00FF0028
:10D01000FF00FF00FF00FF00FF00FF00FF00FF0018
:10D02000000000000000FF00FF00FF00FF00FF0005
:10D03000FF00FF00FF00FF00FF00FF00FF00FF00F8
:10D04000FF00FF00FF0000000000000000000000E3
:10D0500000000000000000000000000000000000D0
:10D0600000000000000000000000000000000000C0
:10D0700000000000000000000000FF00FF00FF00B3
:10D08000FF00FF00FF00FF00FF00FF00FF00FF00A8
:10D09000FF00FF00FF00FF00FF0000000000000095
:10D0A0000000000000000000000000000000000080
:10D0B0000000000000000000FF00FF00FF00FF0074
:10D0C000FF00FF00FF00FF00FF00FF00FF00FF0068
:10D0D000FF00FF0000000000000000000000000052
:10D0E0000000000000000000000000000000FF0041
:10D0F000FF00FF00FF00FF00FF00FF00FF00FF0038
:10D10000FF00FF00FF00FF00FF00FF00FF00FF0027
:10D11000FF00FF00FF00FF00FF00FF00FF00000016
:10D12000000000000000FF00FF00FF00FF00FF0004
:10D13000FF00FF00FF00FF00FF00FF00FF00FF00F7
:10D14000FF00FF00FF0000000000000000000000E2
:10D1500000000000000000000000000000000000CF
:10D1600000000000000000000000000000000000BF
:10D1700000000000000000000000FF00FF00FF00B2
:10D18000FF00FF00FF00FF00FF00FF00FF00FF00A7
:10D19000FF00FF00FF00FF00FF0000000000000094
:10D1A000000000000000000000000000000000007F
:10D1B0000000000000000000FF00FF00FF00FF0073
:10D1C000FF00FF00FF00FF00FF00FF00FF00FF0067
:10D1D000FF00FF0000000000000000000000000051
:10D1E00000000000000000000000FF00FF00FF0042
:10D1F000FF00FF00FF00FF00FF00FF00FF00FF0037
:10D20000FF00FF00FF00FF00FF00FF00FF00FF0026
:10D21000FF00FF00FF00FF00FF00FF000000000014
:10D22000000000000000FF00FF00FF00FF00FF0003
:10D23000FF00FF00FF00FF00FF00FF00FF00FF00F6
:10D24000FF00FF00FF0000000000000000000000E1
:10D2500000000000000000000000000000000000CE
:10D2600000000000000000000000000000000000BE
:10D2700000000000000000000000FF00FF00FF00B1
:10D28000FF00FF00FF00FF00FF00FF00FF00FF00A6
:10D29000FF00FF00FF00FF00FF0000000000000093
:10D2A000000000000000000000000000000000007E
:10D2B0000000000000000000FF00FF00FF00FF0072
:10D2C000FF00FF00FF00FF00FF00FF00FF00FF0066
:10D2D000FF00FF0000000000000000000000000050
:10D2E00000000000FF00FF00FF00FF00FF00FF0044
:10D2F000FF00FF00FF00FF00FF00FF00FF00FF0036
:10D30000FF00FF00FF00FF00FF00FF00FF00FF0025
:10D31000FF00FF00FF00FF00FF0000000000000012
:10D32000000000000000FF00FF00FF00FF00FF0002
:10D33000FF00FF00FF00FF00FF00FF00FF00FF00F5
:10D34000FF00FF00FF0000000000000000000000E0
:10D3500000000000000000000000000000000000CD
:10D3600000000000000000000000000000000000BD
:10D3700000000000000000000000FF00FF00FF00B0
:10D38000FF00FF00FF00FF00FF00FF00FF00FF00A5
:10D39000FF00FF00FF00FF00FF0000000000000092
:10D3A000000000000000000000000000000000007D
:10D3B0000000000000000000FF00FF00FF00FF0071
:10D3C000FF00FF00FF00FF00FF00FF00FF00FF0065
:10D3D000FF00FF000000000000000000000000004F
:10D3E000FF00FF00FF00FF00FF00FF00FF00FF0045
:10D3F000FF00FF00FF00FF00FF00FF00FF00FF0035
:10D40000FF00FF00FF00FF00FF00FF00FF00FF0024
:10D41000FF00FF00FF00FF00000000000000000010
:10D42000000000000000FF00FF00FF00FF00FF0001
:10D43000FF00FF00FF00FF00FF00FF00FF00FF00F4
:10D44000FF00FF00FF0000000000000000000000DF
:10D4500000000000000000000000000000000000CC
:10D4600000000000000000000000000000000000BC
:10D4700000000000000000000000FF00FF00FF00AF
:10D48000FF00FF00FF00FF00FF00FF00FF00FF00A4
:10D49000FF00FF00FF00FF00FF0000000000000091
:10D4A000000000000000000000000000000000007C
:10D4B0000000000000000000FF00FF00FF00FF0070
:10D4C000FF00FF00FF00FF00FF00FF00FF00FF0064
:10D4D000FF00FF00000000000000FF00FF00FF0051
:10D4E000FF00FF00FF00FF00FF00FF00FF00FF0044
:10D4F000FF00FF00FF00FF00FF00FF00FF00FF0034
:10D50000FF00FF00FF00FF00FF00FF00FF00FF0023
:10D51000FF00FF00FF00000000000000000000000E
:10D52000000000000000FF00FF00FF00FF00FF0000
:10D53000FF00FF00FF00FF00FF00FF00FF00FF00F3
:10D54000FF00FF00FF0000000000000000000000DE
:10D5500000000000000000000000000000000000CB
:10D5600000000000000000000000000000000000BB
:10D5700000000000000000000000FF00FF00FF00AE
:10D58000FF00FF00FF00FF00FF00FF00FF00FF00A3
:10D59000FF00FF00FF00FF00FF0000000000000090
:10D5A000000000000000000000000000000000007B
:10D5B0000000000000000000FF00FF00FF00FF006F
:10D5C000FF00FF00FF00FF00FF00FF00FF00FF0063
:10D5D000FF00FF0000000000FF00FF00FF00FF0051
:10D5E000FF00FF00FF00FF00FF00FF00FF00FF0043
:10D5F000FF00FF00FF00FF00FF00FF00FF00FF0033
:10D60000FF00FF00FF00FF00FF00FF00FF00FF0022
:10D61000FF00FF000000000000000000000000000C
:10D62000000000000000FF00FF00FF00FF00FF00FF
:10D63000FF00FF00FF00FF00FF00FF00FF00FF00F2
:10D64000FF00FF00FF0000000000000000000000DD
:10D6500000000000000000000000000000000000CA
:10D6600000000000000000000000000000000000BA
:10D6700000000000000000000000FF00FF00FF00AD
:10D68000FF00FF00FF00FF00FF00FF00FF00FF00A2
:10D69000FF00FF00FF00FF00FF000000000000008F
:10D6A000000000000000000000000000000000007A
:10D6B0000000000000000000FF00FF00FF00FF006E
:10D6C000FF00FF00FF00FF00FF00FF00FF00FF0062
:10D6D000FF00FF00000000000000FF00FF00FF004F
:10D6E000FF00FF00FF00FF00FF00FF00FF00FF0042
:10D6F000FF00FF00FF00FF00FF00FF00FF00FF0032
:10D70000FF00FF00FF00FF00FF00FF00FF00FF0021
:10D71000FF0000000000000000000000000000000A
:10D72000000000000000FF00FF00FF00FF00FF00FE
:10D73000FF00FF00FF00FF00FF00FF00FF00FF00F1
:10D74000FF00FF00FF0000000000000000000000DC
:10D7500000000000000000000000000000000000C9
:10D7600000000000000000000000000000000000B9
:10D7700000000000000000000000000000000000A9
:10D780000000000000000000000000000000000099
:10D790000000000000000000000000000000000089
:10D7A0000000000000000000000000000000000079
:10D7B0000000000000000000000000000000000069
:10D7C0000000000000000000000000000000000059
:10D7D0000000000000000000000000000000000049
:10D7E0000000000000000000000000000000000039
:10D7F0000000000000000000000000000000000029
:10D800000000000000000000000000000000000018
:10D810000000000000000000000000000000000008
:10D8200000000000000000000000000000000000F8
:10D8300000000000000000000000000000000000E8
:10D8400000000000000000000000000000000000D8
:10D8500000000000000000000000000000000000C8
:10D8600000000000000000000000000000000000B8
:10D8700000000000000000000000000000000000A8
:10D880000000000000000000000000000000000098
:10D890000000000000000000000000000000000088
:10D8A0000000000000000000000000000000000078
:10D8B0000000000000000000000000000000000068
:10D8C0000000000000000000000000000000000058
:10D8D0000000000000000000000000000000000048
:10D8E0000000000000000000000000000000000038
:10D8F0000000000000000000000000000000000028
:10D900000000000000000000000000000000000017
:10D910000000000000000000000000000000000007
:10D9200000000000000000000000000000000000F7
:10D9300000000000000000000000000000000000E7
:10D9400000000000000000000000000000000000D7
:10D9500000000000000000000000000000000000C7
:10D9600000000000000000000000000000000000B7
:10D9700000000000000000000000000000000000A7
:10D980000000000000000000000000000000000097
:10D990000000000000000000000000000000000087
:10D9A0000000000000000000000000000000000077
:10D9B0000000000000000000000000000000000067
:10D9C0000000000000000000000000000000000057
:10D9D0000000000000000000000000000000000047
:10D9E0000000000000000000000000000000000037
:10D9F0000000000000000000000000000000000027
:10DA00000000000000000000000000000000000016
:10DA10000000000000000000000000000000000006
:10DA200000000000000000000000000000000000F6
:10DA300000000000000000000000000000000000E6
:10DA400000000000000000000000000000000000D6
:10DA500000000000000000000000000000000000C6
:10DA600000000000000000000000000000000000B6
:10DA700000000000000000000000000000000000A6
:10DA80000000000000000000000000000000000096
:10DA90000000000000000000000000000000000086
:10DAA0000000000000000000000000000000000076
:10DAB0000000000000000000000000000000000066
:10DAC0000000000000000000000000000000000056
:10DAD0000000000000000000000000000000000046
:10DAE0000000000000000000000000000000000036
:10DAF0000000000000000000000000000000000026
:10DB00000000000000000000000000000000000015
:10DB10000000000000000000000000000000000005
:10DB200000000000000000000000000000000000F5
:10DB300000000000000000000000000000000000E5
:10DB400000000000000000000000000000000000D5
:10DB500000000000000000000000000000000000C5
:10DB600000000000000000000000000000000000B5
:10DB700000000000000000000000000000000000A5
:10DB80000000000000000000000000000000000095
:10DB90000000000000000000000000000000000085
:10DBA0000000000000000000000000000000000075
:10DBB0000000000000000000000000000000000065
:10DBC0000000000000000000000000000000000055
:10DBD0000000000000000000000000000000000045
:10DBE0000000000000000000000000000000000035
:10DBF0000000000000000000000000000000000025
:10DC00000000000000000000000000000000000014
:10DC10000000000000000000000000000000000004
:10DC200000000000000000000000000000000000F4
:10DC300000000000000000000000000000000000E4
:10DC400000000000000000000000000000000000D4
:10DC500000000000000000000000000000000000C4
:10DC600000000000000000000000000000000000B4
:10DC700000000000000000000000000000000000A4
:10DC80000000000000000000000000000000000094
:10DC90000000000000000000000000000000000084
:10DCA0000000000000000000000000000000000074
:10DCB0000000000000000000000000000000000064
:10DCC0000000000000000000000000000000000054
:10DCD0000000000000000000000000000000000044
:10DCE0000000000000000000000000000000000034
:10DCF0000000000000000000000000000000000024
:10DD00000000000000000000000000000000000013
:10DD10000000000000000000000000000000000003
:10DD200000000000000000000000000000000000F3
:10DD300000000000000000000000000000000000E3
:10DD400000000000000000000000000000000000D3
:10DD500000000000000000000000000000000000C3
:10DD600000000000000000000000000000000000B3
:10DD700000000000000000000000000000000000A3
:10DD80000000000000000000000000000000000093
:10DD90000000000000000000000000000000000083
:10DDA0000000000000000000000000000000000073
:10DDB0000000000000000000000000000000000063
:10DDC0000000000000000000000000000000000053
:10DDD0000000000000000000000000000000000043
:10DDE0000000000000000000000000000000000033
:10DDF0000000000000000000000000000000000023
:10DE00000000000000000000000000000000000012
:10DE10000000000000000000000000000000000002
:10DE200000000000000000000000000000000000F2
:10DE300000000000000000000000000000000000E2
:10DE400000000000000000000000000000000000D2
:10DE500000000000000000000000000000000000C2
:10DE600000000000000000000000000000000000B2
:10DE700000000000000000000000000000000000A2
:10DE80000000000000000000000000000000000092
:10DE90000000000000000000000000000000000082
:10DEA0000000000000000000000000000000000072
:10DEB0000000000000000000FF00FF00FF00FF0066
:10DEC000FF00FF00FF00FF00FF00FF00FF00FF005A
:10DED000FF00FF0000000000000000000000000044
:10DEE000FF00FF00FF00FF00FF00FF00FF00FF003A
:10DEF000FF00FF00FF00FF00FF0000000000000027
:10DF00000000000000000000FF00FF00FF00FF0015
:10DF1000FF00FF00FF00FF00FF00FF00FF00FF0009
:10DF20000000000000000000000000000000FF00F2
:10DF3000FF000000000000000000000000000000E2
:10DF40000000FF00FF0000000000000000000000D3
:10DF500000000000000000000000000000000000C1
:10DF600000000000000000000000000000000000B1
:10DF700000000000000000000000000000000000A1
:10DF80000000000000000000000000000000000091
:10DF90000000000000000000000000000000000081
:10DFA0000000000000000000000000000000000071
:10DFB0000000000000000000FF00FF00FF00FF0065
:10DFC000FF00FF00FF00FF00FF00FF00FF00FF0059
:10DFD000FF00FF0000000000000000000000000043
:10DFE000FF00FF00FF00FF00FF00FF00FF00FF0039
:10DFF000FF00FF00FF00FF00FF0000000000000026
:10E00000000000000000FF00FF00FF00FF00FF0015
:10E01000FF00FF00FF00FF00FF00FF00FF00FF0008
:10E020000000000000000000000000000000FF00F1
:10E03000FF000000000000000000000000000000E1
:10E040000000FF00FF0000000000000000000000D2
:10E0500000000000000000000000000000000000C0
:10E0600000000000000000000000000000000000B0
:10E0700000000000000000000000000000000000A0
:10E080000000000000000000000000000000000090
:10E090000000000000000000000000000000000080
:10E0A0000000000000000000000000000000000070
:10E0B0000000000000000000FF00FF00FF00FF0064
:10E0C000FF00FF00FF00FF00FF00FF00FF00FF0058
:10E0D000FF00FF0000000000000000000000000042
:10E0E000FF00FF0000000000000000000000000032
:10E0F0000000000000000000000000000000000020
:10E10000000000000000FF00FF00FF00FF00FF0014
:10E11000FF00FF00FF00FF00FF00FF00FF00FF0007
:10E120000000000000000000000000000000FF00F0
:10E13000FF000000000000000000000000000000E0
:10E140000000FF00FF0000000000000000000000D1
:10E1500000000000000000000000000000000000BF
:10E1600000000000000000000000000000000000AF
:10E17000000000000000000000000000000000009F
:10E18000000000000000000000000000000000008F
:10E19000000000000000000000000000000000007F
:10E1A000000000000000000000000000000000006F
:10E1B000000000000000000000000000000000005F
:10E1C00000000000FF00FF00000000000000000051
:10E1D000000000000000000000000000000000003F
:10E1E000FF00FF0000000000000000000000000031
:10E1F000000000000000000000000000000000001F
:10E20000000000000000FF00FF0000000000000010
:10E2100000000000000000000000000000000000FE
:10E220000000000000000000000000000000FF00EF
:10E23000FF000000000000000000000000000000DF
:10E240000000FF00FF0000000000000000000000D0
:10E2500000000000000000000000000000000000BE
:10E2600000000000000000000000000000000000AE
:10E27000000000000000000000000000000000009E
:10E28000000000000000000000000000000000008E
:10E29000000000000000000000000000000000007E
:10E2A000000000000000000000000000000000006E
:10E2B000000000000000000000000000000000005E
:10E2C00000000000FF00FF00000000000000000050
:10E2D000000000000000000000000000000000003E
:10E2E000FF00FF00FF00FF00FF00FF00FF00FF0036
:10E2F000FF00FF00FF00FF00000000000000000022
:10E30000000000000000FF00FF000000000000000F
:10E3100000000000000000000000000000000000FD
:10E320000000000000000000000000000000FF00EE
:10E33000FF00FF00FF00FF00FF00FF00FF00FF00E5
:10E34000FF00FF00FF0000000000000000000000D0
:10E3500000000000000000000000000000000000BD
:10E3600000000000000000000000000000000000AD
:10E37000000000000000000000000000000000009D
:10E38000000000000000000000000000000000008D
:10E39000000000000000000000000000000000007D
:10E3A000000000000000000000000000000000006D
:10E3B000000000000000000000000000000000005D
:10E3C00000000000FF00FF0000000000000000004F
:10E3D000000000000000000000000000000000003D
:10E3E000FF00FF00FF00FF00FF00FF00FF00FF0035
:10E3F000FF00FF00FF00FF00000000000000000021
:10E40000000000000000FF00FF000000000000000E
:10E4100000000000000000000000000000000000FC
:10E420000000000000000000000000000000FF00ED
:10E43000FF00FF00FF00FF00FF00FF00FF00FF00E4
:10E44000FF00FF00FF0000000000000000000000CF
:10E4500000000000000000000000000000000000BC
:10E4600000000000000000000000000000000000AC
:10E47000000000000000000000000000000000009C
:10E48000000000000000000000000000000000008C
:10E49000000000000000000000000000000000007C
:10E4A000000000000000000000000000000000006C
:10E4B000000000000000000000000000000000005C
:10E4C00000000000FF00FF0000000000000000004E
:10E4D000000000000000000000000000000000003C
:10E4E000FF00FF000000000000000000000000002E
:10E4F000000000000000000000000000000000001C
:10E50000000000000000FF00FF000000000000000D
:10E5100000000000000000000000000000000000FB
:10E520000000000000000000000000000000FF00EC
:10E53000FF000000000000000000000000000000DC
:10E540000000FF00FF0000000000000000000000CD
:10E5500000000000000000000000000000000000BB
:10E5600000000000000000000000000000000000AB
:10E57000000000000000000000000000000000009B
:10E58000000000000000000000000000000000008B
:10E59000000000000000000000000000000000007B
:10E5A000000000000000000000000000000000006B
:10E5B000000000000000000000000000000000005B
:10E5C00000000000FF00FF0000000000000000004D
:10E5D000000000000000000000000000000000003B
:10E5E000FF00FF000000000000000000000000002D
:10E5F000000000000000000000000000000000001B
:10E60000000000000000FF00FF00FF00FF00FF000F
:10E61000FF00FF00FF00FF00FF00FF00FF00FF0002
:10E620000000000000000000000000000000FF00EB
:10E63000FF000000000000000000000000000000DB
:10E640000000FF00FF0000000000000000000000CC
:10E6500000000000000000000000000000000000BA
:10E6600000000000000000000000000000000000AA
:10E67000000000000000000000000000000000009A
:10E68000000000000000000000000000000000008A
:10E69000000000000000000000000000000000007A
:10E6A000000000000000000000000000000000006A
:10E6B000000000000000000000000000000000005A
:10E6C00000000000FF00FF0000000000000000004C
:10E6D000000000000000000000000000000000003A
:10E6E000FF00FF00FF00FF00FF00FF00FF00FF0032
:10E6F000FF00FF00FF00FF00FF000000000000001F
:10E70000000000000000FF00FF00FF00FF00FF000E
:10E71000FF00FF00FF00FF00FF00FF00FF00FF0001
:10E720000000000000000000000000000000FF00EA
:10E73000FF000000000000000000000000000000DA
:10E740000000FF00FF0000000000000000000000CB
:10E7500000000000000000000000000000000000B9
:10E7600000000000000000000000000000000000A9
:10E770000000000000000000000000000000000099
:10E780000000000000000000000000000000000089
:10E790000000000000000000000000000000000079
:10E7A0000000000000000000000000000000000069
:10E7B0000000000000000000000000000000000059
:10E7C00000000000FF00FF0000000000000000004B
:10E7D0000000000000000000000000000000000039
:10E7E000FF00FF00FF00FF00FF00FF00FF00FF0031
:10E7F000FF00FF00FF00FF00FF000000000000001E
:10E800000000000000000000FF00FF00FF00FF000C
:10E81000FF00FF00FF00FF00FF00FF00FF00FF0000
:10E820000000000000000000000000000000FF00E9
:10E83000FF000000000000000000000000000000D9
:10E840000000FF00FF0000000000000000000000CA
:10E8500000000000000000000000000000000000B8
:10E8600000000000000000000000000000000000A8
:10E870000000000000000000000000000000040490
:10E880000400020406080A0C00000800000008004A
:10E89000000000000000FF00FF00FF00FF00FF007D
:10E8A000FF00FF00FF00FF00FF000000000000006D
:10E8B0000000000000000000000000000000000058
:10E8C0000000000000000000000000000000000048
:10E8D000000000000000000000000000FF00000039
:10E8E0000000000000000000000000000000FF0029
:10E8F0000000000000000000000000000000000018
:10E900000000000000000000000000000000000007
:10E9100000000000000000000000000000000000F7
:10E920000000FF00000000000000000000000000E8
:10E9300000000000FF0000000000000000000000D8
:10E9400000000000000000000000000000000000C7
:10E9500000000000000000000000000000000000B7
:10E960000000000000000000FF00000000000000A8
:10E9700000000000000000000000FF000000000098
:10E980000000000000000000000000000000000087
:10E990000000000000000000000000000000000077
:10E9A0000000000000000000000000000000FF0068
:10E9B0000000000000000000000000000000000057
:10E9C000FF00000000000000000000000000000048
:10E9D0000000000000000000000000000000000037
:10E9E0000000000000000000000000000000000027
:10E9F00000000000FF000000000000000000000018
:10EA0000FF00FF00FF00FF00FF00FF00000000000C
:10EA100000000000000000000000FF0000000000F7
:10EA2000000000000000000000000000FF000000E7
:10EA300000000000000000000000FF00FF00FF00D9
:10EA4000FF00FF00FF00FF000000000000000000CA
:10EA5000FF000000000000000000000000000000B7
:10EA6000FF000000000000000000000000000000A7
:10EA7000FF00FF00FF00000000000000FF00FF009B
:10EA8000FF00FF000000000000000000FF00000089
:10EA9000000000000000FF00000000000000000077
:10EAA000000000000000FF00000000000000000067
:10EAB000000000000000FF00FF00FF000000000059
:10EAC0000000FF0000000000000000000000000047
:10EAD0000000FF000000000000000000FF00FF0039
:10EAE000000000000000000000000000FF00000027
:10EAF00000000000000000000000FF00FF00FF0019
:10EB0000FF00FF0000000000FF0000000000FF0009
:10EB1000FF00FF00FF00FF00FF00000000000000FA
:10EB20000000FF00000000000000000000000000E6
:10EB30000000FF00000000000000000000000000D6
:10EB4000FF00FF00FF00FF00FF000000FF00FF00CC
:10EB5000FF00FF00FF000000000000000000FF00B9
:10EB60000000000000000000FF00000000000000A6
:10EB70000000000000000000FF0000000000000096
:10EB800000000000FF00FF00FF00FF00FF00FF008B
:10EB9000FF000000FF000000000000000000000077
:10EBA00000000000FF000000000000000000FF0067
:10EBB000FF00000000000000000000000000FF0057
:10EBC00000000000000000000000FF00FF00FF0048
:10EBD000FF00FF00FF00FF000000FF00000000003A
:10EBE000FF00FF00FF00FF00FF00FF00000000002B
:10EBF00000000000FF000000000000000000000016
:10EC000000000000FF000000000000000000000005
:10EC1000000000000000FF00000000000000FF00F6
:10EC2000FF00FF00FF00FF000000000000000000E8
:10EC3000FF000000000000000000FF0000000000D6
:10EC400000000000000000000000FF0000000000C5
:10EC5000000000000000000000000000FF000000B5
:10EC6000000000000000FF000000000000000000A5
:10EC7000000000000000FF00000000000000000095
:10EC8000FF00FF0000000000000000000000000086
:10EC9000FF00000000000000000000000000000075
:10ECA0000000FF000000000000000000FF00000066
:10ECB0000000FF00FF00FF00FF00FF00FF0000005A
:10ECC000000000000000FF00000000000000000045
:10ECD000000000000000FF00000000000000000035
:10ECE0000000000000000000FF0000000000000025
:10ECF000FF00FF00FF00FF00FF0000000000000019
:10ED00000000FF000000000000000000FF00000005
:10ED1000000000000000000000000000FF000000F4
:10ED20000000000000000000000000000000FF00E4
:10ED30000000000000000000FF00000000000000D4
:10ED40000000000000000000FF00000000000000C4
:10ED50000000FF00FF0000000000000000000000B5
:10ED60000000FF00000000000000000000000000A4
:10ED700000000000FF000000000000000000FF0095
:10ED800000000000FF00FF00FF00FF00FF00FF0089
:10ED90000000000000000000FF0000000000000074
:10EDA0000000000000000000FF0000000000000064
:10EDB00000000000000000000000FF000000000054
:10EDC0000000FF00FF00FF00FF00FF000000000048
:10EDD00000000000FF000000000000000000FF0035
:10EDE0000000000000000000FF00FF00FF00FF0027
:10EDF000FF00FF00FF000000000000000000000016
:10EE0000FF000000000000000000FF000000000004
:10EE100000000000000000000000FF0000000000F3
:10EE200000000000FF00FF00000000000000FF00E5
:10EE3000FF00FF00FF00FF00FF00FF0000000000D8
:10EE4000000000000000FF000000000000000000C3
:10EE5000FF0000000000FF00FF00FF00FF00FF00B8
:10EE6000FF000000000000000000FF0000000000A4
:10EE7000000000000000FF00FF00FF00FF00FF0097
:10EE8000000000000000000000000000FF00000083
:10EE900000000000FF00FF00FF00FF00FF00000077
:10EEA000000000000000FF00000000000000000063
:10EEB000FF0000000000000000000000FF00FF0055
:10EEC000FF00FF00FF000000000000000000000045
:10EED0000000FF000000000000000000FF00000034
:10EEE000000000000000000000000000FF00000023
:10EEF000000000000000FF00FF0000000000000014
:10EF000000000000FF00FF00FF0000000000000004
:10EF10000000000000000000FF00000000000000F2
:10EF20000000FF0000000000FF00FF00FF00FF00E6
:10EF3000FF00FF000000000000000000FF000000D4
:10EF400000000000000000000000FF00FF00FF00C4
:10EF50000000000000000000000000000000FF00B2
:10EF6000000000000000FF00FF00FF00FF00FF00A6
:10EF70000000000000000000FF0000000000000092
:10EF80000000FF0000000000000000000000000082
:10EF90000000FF00FF00FF00FF00FF00FF00FF0078
:10EFA000FF00FF00FF000000000000000000000064
:10EFB000FF00000000000000000000000000FF0053
:10EFC0000000000000000000FF0000000000000042
:10EFD0000000000000000000000000000000000031
:10EFE0000000000000000000000000000000000021
:10EFF0000000000000000000FF0000000000000012
:10F0000000000000FF00000000000000FF00000002
:10F0100000000000000000000000000000000000F0
:10F0200000000000000000000000000000000000E0
:10F0300000000000000000000000000000000000D0
:10F04000FF00FF00FF00FF00FF00FF00FF00FF00C8
:10F05000FF000000000000000000000000000000B1
:10F0600000000000000000000000000000000000A0
:10F0700000000000000000000000000000002D2D36
:10F080002D2D00D0A8D0A22E00D09CD09C00312FD6
:10F09000D09CD098D09D00000000C1C081C140012B
:10F0A00001C3C003800241C201C6C006800741C738
:10F0B0000005C1C581C4400401CCC00C800D41CD08
:10F0C000000FC1CF81CE400E000AC1CA81CB400BD8
:10F0D00001C9C009800841C801D8C018801941D9A8
:10F0E000001BC1DB81DA401A001EC1DE81DF401F38
:10F0F00001DDC01D801C41DC0014C1D481D5401548
:10F1000001D7C017801641D601D2C012801341D357
:10F110000011C1D181D0401001F0C030803141F1E7
:10F120000033C1F381F240320036C1F681F7403737
:10F1300001F5C035803441F4003CC1FC81FD403D07
:10F1400001FFC03F803E41FE01FAC03A803B41FBD7
:10F150000039C1F981F840380028C1E881E9402927
:10F1600001EBC02B802A41EA01EEC02E802F41EF37
:10F17000002DC1ED81EC402C01E4C024802541E547
:10F180000027C1E781E640260022C1E281E3402357
:10F1900001E1C021802041E001A0C060806141A167
:10F1A0000063C1A381A240620066C1A681A7406737
:10F1B00001A5C065806441A4006CC1AC81AD406D07
:10F1C00001AFC06F806E41AE01AAC06A806B41ABD7
:10F1D0000069C1A981A840680078C1B881B94079A7
:10F1E00001BBC07B807A41BA01BEC07E807F41BF37
:10F1F000007DC1BD81BC407C01B4C074807541B547
:10F200000077C1B781B640760072C1B281B3407356
:10F2100001B1C071807041B00050C19081914051E6
:10F220000193C053805241920196C0568057419736
:10F230000055C19581944054019CC05C805D419D06
:10F24000005FC19F819E405E005AC19A819B405BD6
:10F250000199C059805841980188C0488049418926
:10F26000004BC18B818A404A004EC18E818F404F36
:10F27000018DC04D804C418C0044C1848185404546
:10F280000187C047804641860182C0428043418356
:10F290000041C18181804040B8F200080000002098
:10F2A000280000006C010008E0F20008280000209F
:10F2B00000290000880100080024F400400000013B
:10F2C0001002002030020020200200200002002056
:10F2D0009C000020AC000020010100001000000094
:0400000508000131BD
:00000001FF
