:020000040800F2
:10000000D8270020CD01000825310008D90C0008B0
:10001000BD300008DD020008E53C000800000000DB
:100020000000000000000000000000003D39000852
:10003000E5020008000000001D34000841390008F6
:10004000E7010008E7010008E7010008E7010008F0
:10005000E7010008E7010008090A0008210A000872
:10006000390A0008E7010008510A0008E701000802
:10007000E7010008E1020008E7010008E7010008C5
:10008000E7010008E7010008D5020008E7010008C1
:10009000E7010008E7010008E7010008690A000815
:1000A000E7010008E7010008E7010008E701000890
:1000B000D53A0008D93A0008E7010008E70100082E
:1000C000E7010008E7010008E7010008853500089E
:1000D000E7010008DD3C0008E7010008E13C0008FA
:1000E000E7010008E7010008E7010008E701000850
:1000F0002D3B0008E7010008E7010008D9020008CD
:10010000E7010008E7010008E7010008E70100082F
:10011000E7010008E7010008DD3A0008053B000898
:10012000E7010008E7010008E7010008E70100080F
:1001300000F002F800F03AF80AA090E8000C8244BF
:100140008344AAF10107DA4501D100F02FF8AFF29C
:10015000090EBAE80F0013F0010F18BFFB1A43F0A5
:10016000010318476C9F00008C9F0000103A24BFC9
:1001700078C878C1FAD8520724BF30C830C144BF0C
:1001800004680C607047000000230024002500264E
:10019000103A28BF78C1FBD8520728BF30C148BFEA
:1001A0000B6070471FB51FBD10B510BD00F058F8AB
:1001B0001146FFF7F7FF04F035FA00F076F803B4C4
:1001C000FFF7F2FF03BC00F07DF80000094880470C
:1001D00009480047FEE7FEE7FEE7FEE7FEE7FEE729
:1001E000FEE7FEE7FEE7FEE704480549054A064B41
:1001F00070470000D13A000831010008D8210020E2
:10020000D8270020D8230020D82300204FF0000258
:1002100000B5134694469646203922BFA0E80C50FC
:10022000A0E80C50B1F12001BFF4F7AF090728BFD7
:10023000A0E80C5048BF0CC05DF804EB890028BF53
:1002400040F8042B08BF704748BF20F8022B11F07C
:10025000804F18BF00F8012B7047704770477047F8
:10026000754600F02BF8AE4605006946534620F06F
:100270000700854618B020B5FFF7B6FFBDE820405F
:100280004FF000064FF000074FF000084FF0000B52
:10029000AC46ACE8C009ACE8C009ACE8C009ACE8C1
:1002A000C00921F007018D46704710B50446AFF331
:1002B00000802046BDE81040FFF781BF004870472E
:1002C0002800002001491820ABBEFEE726000200EE
:1002D000704700007047000070470000FFE7FEE72E
:1002E000704700007047000010B59AB08C468646F3
:1002F0001D981C99CDF864E0CDF860C017928DF878
:100300005B308DF85A108DF859009DF8590001287E
:1003100004D0FFE79DF8590060B9FFE719986A46D5
:1003200000215160372111603C210522C82304F0CF
:100330000DF8FFE79DF8590002280CD1FFE7199846
:100340006A4600215160372111603C212322C823D5
:1003500003F0FCFFFFE719986A461D215160212137
:10036000116045F2F671C0F600015522052303F035
:100370008FFE47F66C20C0F6000004F0AFFD189821
:10038000002104F0D2FF40B9FFE7189880F0004048
:1003900005F020F8ADF8560005E0189805F01AF8B9
:1003A000ADF85600FFE7BDF8560004F04BF8149086
:1003B000149804F0B9FD0B214843C0F16C00ADF86E
:1003C0004E001898002104F0B0FF68B9FFE71998B3
:1003D000BDF84E1008396B460F221A608AB22D21E3
:1003E000322303F0ABFEFFE719981499BDF84E20B5
:1003F000EC460F230693CCF800303223079303F02A
:10040000E9FF0699079B19986A4611602E216D2213
:1004100003F094FE1898089004F0DCFF05F016F83D
:100420000146089805F072F90021C4F2201105F088
:10043000A1F812901298002104F077FF38B9FFE775
:10044000129880F0004004F0E1FF119004E012984F
:1004500004F0DCFF1190FFE7119803F0F3FF109018
:10046000199810996B460F221A607322322303F0F9
:10047000B1FF9DF85B00C00778B1FFE719986A46A5
:100480001D2151602121116049F23611C0F6000191
:100490009622052303F0FCFDFFE79DF85A00C007F4
:1004A00008B3FFE719986A461D21516021211160A8
:1004B00048F6BC11C0F600019622052303F0E8FDC2
:1004C00047F27C30C0F6000004F008FD19986A4637
:1004D0000F2111604AF2B401C0F600018F223223CD
:1004E00003F078FFFFE79DF85B00C0439DF85A10CA
:1004F0008843C007A0B1FFE79DF8590078B9FFE72E
:1005000019986A461D2151602121116048F242214B
:10051000C0F600019622052303F0BAFDFFE7FFE7CE
:100520009DF85A00C00700284CD1FFE7179804F047
:1005300051FFADF83E00BDF83E0003F083FF0E9082
:10054000149804F0F1FC0B214843C0F1AD00ADF864
:10055000360019980E99BDF83620EC460F23049307
:10056000CCF800303223059303F034FF0499059B47
:1005700019986A4611602E21AE2203F0DFFD17980C
:10058000039004F027FF04F061FF0146039805F093
:10059000BDF80021C4F2201104F0ECFF0C900C987F
:1005A00004F034FF0B900B9803F04CFF049A059B6A
:1005B0000A9019980A99EC46CCF80020B42203F06E
:1005C00009FFFFE746F20C70C0F6000004F086FC5D
:1005D0004AF2BF00C0F600000990199809996B46CD
:1005E0000F221A607D223F2303F0F4FE1AB010BDE3
:1005F00080B58AB00990ADF8221009986A460021AA
:10060000516037211160D92103912322FF2303F088
:100610009DFE039A09986B461D215960212119609E
:1006200045F69071C0F60001052303F031FD47F651
:100630006C20C0F6000004F051FCBDF82200ADF8BB
:100640002000BDF8200003F0FDFE0790079804F09D
:100650006BFC0B214843C0F1FA00ADF81A00099871
:100660000799BDF81A20EC460F230493CCF800300C
:10067000322303F0AFFE46F20C70C0F6000004F027
:100680002DFC049A4AF2B900C0F6000005900998C2
:1006900005996B461A60E8223F2303F09BFE0AB0DF
:1006A00080BD000080B58CB084460E988DF82FC0B8
:1006B0000A91ADF82620ADF824308DF82300BDF85E
:1006C000240004F0DBFE0790079804F083FEADF8E9
:1006D0001A000A986B460021596037221A600522D9
:1006E000462303F033FE9DF82F00C00778B9FFE7DB
:1006F0000A986A461D2151601221116046F6667102
:10070000C0F600011922052303F0C2FC0EE00A988E
:100710006A461D2151602321116049F6C601C0F6C9
:1007200000011422052303F0B3FCFFE747F66C2019
:10073000C0F6000004F0D2FBBDF81A000590059841
:1007400003F080FE0490049804F0EEFB0B21484374
:10075000C0F13A00ADF80E009DF82300C00798B133
:10076000FFE747F27C30C0F6000004F0B7FB0A98C0
:100770006A460F2111604AF2B401C0F600010C2252
:10078000322303F027FE0BE00A980499BDF80E20EF
:10079000EC460F23CCF80030322303F01BFEFFE7BA
:1007A00046F20C70C0F6000004F098FB4AF2C40058
:1007B000C0F6000002900A9802996B460F221A6058
:1007C0000E223F2303F006FE0CB080BD80B584B03E
:1007D00005208DF80F0000208DF80600FFE79DF83A
:1007E00006009DF80F1088425CDAFFE79DF80610BE
:1007F00040F20800C2F2000050F821000290029975
:100800000868496800F03AFFB0FA80F040098DF8B6
:1008100007009DF8070000F001000299097A01F035
:10082000010188422DD1FFE70299C8680130C860F4
:100830000298C0680A2823D3FFE70299C8680138E4
:10084000C8609DF8070000F001000299497A01F0A4
:100850000101884213D0FFE79DF80700C00730B1BF
:10086000FFE702990120C8720299487206E00299D6
:1008700001208872029900204872FFE7FFE7FFE736
:1008800003E002990020C860FFE79DF80700029985
:1008900000F001000872FFE79DF8060001308DF8B6
:1008A00006009CE704B080BD70B540F2E00EC2F2D5
:1008B000000E41F20000C4F20100CEF8000041F247
:1008C0001001CEF8041000248EF809408EF80A407A
:1008D0008EF80B40CEF80C4040F2001CC2F2000C27
:1008E000CCF8000042F22005CCF804508CF8094006
:1008F0008CF80A408CF80B40CCF80C4040F2F00128
:10090000C2F2000140F60043C4F201030B6040F262
:1009100001124A604C728C72CC72CC6040F2D002F0
:10092000C2F20002136040F20223536054729472C8
:10093000D472D46040F29C03C2F2000340F6000679
:10094000C4F201061E605D605C729C72DC72DC6049
:1009500040F23414C2F20004C4F808E0206040F20F
:10096000040EC0F2044EC4F804E040F2101EC2F2BD
:10097000000ECEF808C0CEF8000040F2080CC0F21D
:10098000084CCEF804C040F21C1CC2F2000CCCF89B
:100990000830CCF800001023C0F21043CCF804302B
:1009A00040F24013C2F20003996018602021C0F2A7
:1009B0002041596040F22811C2F200018A600860AB
:1009C0004020C0F24040486070BD000040F29401F9
:1009D000C2F20001002048607047000080B540F27C
:1009E0000040C4F2000001F019F9400840F29401FF
:1009F000C2F200014880B1F902000A88801A4860FA
:100A00004888088080BD000080B5012000F07EFD90
:100A100020B1FFE7012000F08FFCFFE780BD000060
:100A200080B5022000F072FD20B1FFE7022000F047
:100A300083FCFFE780BD000080B5042000F066FD68
:100A400020B1FFE7042000F077FCFFE780BD000045
:100A500080B5102000F05AFD20B1FFE7102000F013
:100A60006BFCFFE780BD000080B5202000F04EFD4C
:100A700020B1FFE7202000F05FFCFFE780BD000011
:100A800080B582B0EFF3108072B60190FFE742F2BA
:100A90000C00C4F202000068C00708B1FFE7F6E7E7
:100AA00004F062FA42F20C00C4F202000068800610
:100AB000002809D5FFE742F20C01C4F202010868E0
:100AC00040F020000860FFE742F21001C4F202018A
:100AD000086840F00200086042F21402C4F2020208
:100AE0004FF60000C0F603001060086840F04000B8
:100AF0000860FFE742F20C00C4F2020000688006C2
:100B0000002801D4FFE7F5E742F20C01C4F202012C
:100B10002020086042F21001C4F20201086820F0AF
:100B20000200086003F076FD62B6012002B080BDCD
:100B300080B540F2AC00C2F200000078C00718B9DE
:100B4000FFE703F005FDFFE740F2AC00C2F2000052
:100B500080BD000080B586B040F2AC00C2F200005B
:100B60004078C007002800F0AE80FFE7FFF788FF5D
:100B700020B9FFE701208DF81300A8E0EFF3108003
:100B800072B60590FFE742F20C00C4F20200006862
:100B9000C00708B1FFE7F6E704F0E6F942F20C00FF
:100BA000C4F2020000688006002809D5FFE742F27F
:100BB0000C01C4F20201086840F020000860FFE761
:100BC00042F21001C4F20201086840F0010008601E
:100BD00040F2AC00C2F20000043003900520029005
:100BE0000020ADF80600FFE7BDF806000299B0EB63
:100BF000410F53D2FFE703980088BDF806204FF657
:100C00000001C0F6030121F812000398023003909E
:100C1000FFE742F20C00C4F20200006880060028E0
:100C20001ED4FFE742F20C00C4F202000068400745
:100C3000002814D5FFE703F0EDFC42F21001C4F2E6
:100C40000201086820F00100086042F20C01C4F2C1
:100C500002010420086001208DF8130037E0D8E776
:100C600042F20C01C4F2020120200860BDF8060027
:100C7000029A6FF0010101EB4201884207D1FFE7C0
:100C800040F2AC01C2F2000101204870FFE7FFE72B
:100C9000BDF806000130ADF80600A5E742F21001EC
:100CA000C4F20201086820F00100086003F0B2FC01
:100CB00040F2AC01C2F200010020487062B601208F
:100CC0008DF8130003E000208DF81300FFE79DF876
:100CD000130006B080BD0000FFE7FEE780B586B0D8
:100CE0000590049100208DF80F00059842F2004114
:100CF000C4F20101884212D1FFE742F20040C4F27F
:100D0000010000F05DF8019042F60000C4F201001D
:100D100000F056F8014601980843029007E043F6B8
:100D20000040C4F2010000F04BF80290FFE7029887
:100D3000B0B9FFE70498006850B1FFE70598406834
:100D400020F470200499096808430599486006E07A
:100D50000598406820F4702005994860FFE703E09B
:100D600001208DF80F00FFE79DF80F0006B080BD51
:100D700080B584B00390029100208DF8070003989D
:100D800000F01EF898B9FFE70398406820F48070DF
:100D9000029949680843039948600398806820F4E1
:100DA00000600299096808430399886003E0012004
:100DB0008DF80700FFE79DF8070004B080BD000034
:100DC00081B000900098806800F0010001B0704789
:100DD00080B584B00390029100208DF8070002983E
:100DE000406808B1FFE7FFE70398FFF7E9FF80BB22
:100DF000FFE70298406860B1FFE70398406820F47D
:100E00006840029A51689268114308430399486008
:100E100009E00398406820F4684002994968084353
:100E200003994860FFE7039880684FF6FD61CFF6AD
:100E3000F1710840029A1168D3681269194311438D
:100E400008430399886003980299496800F00AF8FA
:100E500003E001208DF80700FFE79DF8070004B0CC
:100E600080BD000082B0019000910198C06A20F41A
:100E70007000009908430199C86202B070470000F1
:100E800084B00390029101920398029901F4407199
:100E900000EB91102C30009000980068029901F04E
:100EA0001F021F2191408843019901F01F019140C9
:100EB00008430099086004B07047000084B00390B4
:100EC000029101920398029901F0007100EBD15058
:100ED0000C300090009800680299C1F30452072179
:100EE000914088430199914008430099086004B0FB
:100EF0007047000082B00190019A41F21400C4F2E0
:100F000002000168114301600068019908400090E7
:100F1000009802B07047000082B00190019A41F23F
:100F20001C00C4F2020001681143016000680199CD
:100F300008400090009802B07047000082B0019015
:100F4000019A41F21C00C4F20200016811430160E1
:100F50000068019908400090009802B070470000B6
:100F600082B00190019A41F21C00C4F202000168B3
:100F7000114301600068019908400090009802B098
:100F80007047000082B00190019A41F21C00C4F247
:100F90000200016811430160006801990840009057
:100FA000009802B07047000082B00190019A41F2AF
:100FB0001800C4F202000168114301600068019941
:100FC00008400090009802B07047000082B0019085
:100FD000019A41F21800C4F2020001681143016055
:100FE0000068019908400090009802B07047000026
:100FF00082B00190019A41F21800C4F20200016827
:10100000114301600068019908400090009802B007
:101010007047000082B00190019A41F21800C4F2BA
:1010200002000168114301600068019908400090C6
:10103000009802B07047000082B00190019A41F21E
:101040001800C4F2020001681143016000680199B0
:1010500008400090009802B07047000082B00190F4
:10106000019A41F21800C4F20200016811430160C4
:101070000068019908400090009802B07047000095
:1010800082B00190019A41F21800C4F20200016896
:10109000114301600068019908400090009802B077
:1010A0007047000084B00390029101920398029966
:1010B000C1F3034100EB8100083000900098006804
:1010C00040F6FF718843019908430099086004B015
:1010D0007047000082B001900091009800F010016C
:1010E000042000FA01F2019908689043086002B0F8
:1010F0007047000082B001900091009800F010014C
:10110000012000FA01F2019908681043086002B05A
:101110007047000080B584B00390029101920020D6
:101120008DF803000198406808B1FFE7FFE70398D6
:10113000029900F03BF880BBFFE701984068D0B10E
:10114000FFE703980068029901F0100240F6FA7177
:1011500091408843019B1968D3F804E0D3F808C094
:10116000DB6841EA0E0141EA0C0119439140084352
:101170000399086010E003980068029901F01002DA
:10118000FA2191408843019B1968DB68194391401B
:10119000084303990860FFE703E001208DF803008E
:1011A000FFE79DF8030004B080BD000082B001900D
:1011B000009101980068009901F01001C84000F00A
:1011C000010002B07047000083B0029001910092CC
:1011D0000298019945F68873C0F60003194411F886
:1011E000011C405820F44050009908430299019A8C
:1011F0001A4412F8012C885003B0704783B0029053
:10120000019100920298019945F68873C0F6000397
:10121000194411F8011C405844F210018843009908
:1012200008430299019A1A4412F8012C885003B01D
:101230007047000083B002900191009202980199DA
:1012400045F68873C0F60003194411F8011C405894
:1012500020F08000009908430299019A1A4412F87C
:10126000012C885003B0704783B002900191009226
:101270000298019945F68873C0F60003194411F8E5
:10128000011C405820F44060009908430299019ADB
:101290001A4412F8012C885003B0704783B00290B2
:1012A000019100920298019945F68873C0F60003F7
:1012B000194411F8011C405820F0200000990843FF
:1012C0000299019A1A4412F8012C885003B0704711
:1012D00083B00290019100920298019945F68873BB
:1012E000C0F60003194411F8011C405820F04000DA
:1012F000009908430299019A1A4412F8012C885067
:1013000003B0704783B00290019100920298019956
:1013100045F68873C0F60003194411F8011C4058C3
:1013200020F44070009908430299019A1A4412F877
:10133000012C885003B0704781B00090009840F2B3
:101340001441C4F20101086001B0704781B00090FF
:10135000009A40F20441C4F2010108689043086019
:1013600001B0704781B00090009A40F20C41C4F285
:10137000010108689043086001B0704781B0009097
:10138000009A40F20041C4F20101086890430860ED
:1013900001B0704781B00090009A40F20841C4F259
:1013A000010108689043086001B0704781B0009067
:1013B000009A40F20441C4F2010108681043086039
:1013C00001B0704781B00090009A40F20C41C4F225
:1013D000010108681043086001B0704781B00090B7
:1013E000009A40F20041C4F201010868104308600D
:1013F00001B0704781B00090009A40F20841C4F2F9
:10140000010108681043086001B0704780B584B0DE
:10141000039000208DF80B0003980079002867D016
:10142000FFE703980068002861D0FFE70398407940
:101430000146019140B1FFE7019801280DD0FFE777
:101440000198022812D01AE003980068FFF77EFF87
:1014500003980068FFF7C2FF15E003980068FFF7E4
:101460008DFF03980068FFF7A1FF0CE00398006868
:10147000FFF7B4FF03980068FFF798FF03E001202F
:101480008DF80B00FFE70398807978B3FFE70398A6
:10149000807901460091012808D0FFE700980228D2
:1014A0000DD0FFE70098032812D01AE003980068D7
:1014B000FFF758FF03980068FFF79CFF15E00398BB
:1014C0000068FFF767FF03980068FFF77BFF0CE0F9
:1014D00003980068FFF78EFF03980068FFF772FF1C
:1014E00003E001208DF80B00FFE7FFE7FFE708E0CE
:1014F00003980068FFF742FF03980068FFF726FF94
:10150000FFE79DF80B0004B080BD000081B00090A3
:1015100040F21440C4F20100006800990840401AEB
:10152000B0FA80F0400901B07047000042F20000BC
:10153000C4F20200006800F00700704781B000901C
:1015400042F20001C4F20201086820F00700009A8C
:101550001043086001B070470421C4F2010108681B
:101560000122C0F200721043086070470421C4F2E7
:1015700001010868022262F31A60086070470000E7
:1015800082B0019000919DF800000821C4F2010191
:1015900051F82000009A4FEA124C20EA1240019BB9
:1015A0009CFAACFCBCFA8CFC03FA0CF31843D2B2E4
:1015B00041F8220002B0704780B586B005900491D2
:1015C0000498B0F801000390039890FAA0F0B0FAE4
:1015D00080F00290FFE703980299C840002849D0A4
:1015E000FFE703980299C840C00700283ED0FFE7F4
:1015F0000298072806D8FFE7029940F201108840B8
:10160000019009E00298A0F108014FF00110884014
:1016100040F080600190FFE704984068082807D1F7
:10162000FFE705980199049A126900F0DFF8FFE7D7
:1016300005980199049A526800F08EF80498406861
:10164000012805D0FFE70498406809280DD1FFE77D
:1016500005980199049A926800F0DEF805980199BE
:10166000049AD26800F092F8FFE7FFE70298013091
:101670000290B0E7002006B080BD000082B001906B
:10168000009101988068BDF801100840401AB0FA36
:1016900080F0400902B0704782B001900091BDF81F
:1016A00001000199486102B07047000082B00190CA
:1016B0000091BDF801000199486102B07047000037
:1016C00082B001900091BDF801000199486102B01B
:1016D0007047000082B001900091BDF801000199AF
:1016E000486102B07047000082B001900091BDF8DF
:1016F00001000199086102B07047000082B00190BA
:101700000091BDF801000199086102B07047000026
:1017100082B001900091BDF801000199086102B00A
:101720007047000084B003900291019203989DF8E5
:101730000B100844009000990868029A92FAA2F2ED
:10174000B2FA82F293000F229A409043019A9A4093
:101750001043086004B0704784B003900291019276
:1017600003989DF80B100844009000990868029AAD
:1017700092FAA2F2B2FA82F293000F229A409043B8
:10178000019A9A401043086004B0704784B00390F7
:101790000291019203989DF80B1008440090009963
:1017A0000868029A92FAA2F2B2FA82F29300042234
:1017B0009A409043019A9A401043086004B07047E1
:1017C00083B00290019100920298C06801990A0AC0
:1017D00020EA1120009992FAA2F2B2FA82F2914024
:1017E00008430299C86003B07047000083B00290BC
:1017F000019100920298C06801990A0A20EA11201A
:10180000009992FAA2F2B2FA82F291400843029948
:10181000C86003B07047000084B003900291019249
:1018200003989DF80B100844009000990868029AEC
:1018300092FAA2F2B2FA82F2930003229A40904303
:10184000019A9A401043086004B0704784B0039036
:1018500002910398C0680190BDF809000090019AB8
:10186000009802EA0001904340EA014003990861B0
:1018700004B0704780B582B0019001984FF47A713E
:1018800000F002F802B080BD82B001900091019892
:101890000099B0FBF1F001384EF21401CEF20001D4
:1018A00008604EF21801CEF20001002008604EF2EE
:1018B0001001CEF200010520086002B07047000060
:1018C00041F20400C4F20200006800F0F00070472A
:1018D00041F20400C4F20200006800F4E0607047C6
:1018E00041F20400C4F20200006800F46050704746
:1018F00041F20400C4F20200006800F00C007047DE
:1019000041F20400C4F20200006800F00C007047CD
:1019100080B582B0019001F0BBFD0199086001988B
:10192000006801F07DFD019948600198406801F070
:101930008BFD019988600198406801F097FD01993D
:10194000C86002B080BD000041F20001C4F2020193
:10195000086840F4803008607047000041F20000E1
:10196000C4F202000068C0F34040704782B00190AA
:10197000009141F20401C4F20201086820F47C10D5
:10198000019A02F44032009B1A431043086002B0EF
:101990007047000041F20001C4F20201086840F003
:1019A000807008607047000041F20400C4F2020039
:1019B000006800F48030704741F20400C4F2020075
:1019C000006800F47010704741F20400C4F2020095
:1019D0000068C0F34040704741F20000C4F20200CA
:1019E0000068C0F34060704781B0009041F204018C
:1019F000C4F20201086820F44040009A10430860D5
:101A000001B0704781B0009041F20401C4F20201BC
:101A1000086820F0F000009A1043086001B0704799
:101A200081B0009041F20401C4F20201086820F480
:101A3000E060009A1043086001B0704781B00090E8
:101A400041F20401C4F20201086820F46050009AD7
:101A50001043086001B0704781B0009041F204016A
:101A6000C4F20201086820F00300009A10430860E5
:101A700001B0704781B000900099086840F04000C4
:101A8000086001B07047000080B584B003900291F7
:101A900001208DF80700039800F04CF8C0BBFFE769
:101AA000039800684FF6BF718843029A009211684C
:101AB000D2F804E0D2F808C0D36841EA0E0141EA46
:101AC0000C01194313691943536919439369194365
:101AD000D3691943126A11430843039908600398B4
:101AE000406820F004000299C98A084303994860BD
:101AF0000298006AB0F5005F06D1FFE703980299EB
:101B0000496A00F01FF8FFE700208DF80700FFE7A3
:101B10000399C86920F40060C8619DF8070004B00B
:101B200080BD000081B0009000988068C0B2C009FC
:101B300001B0704781B0009000980068C0F3801039
:101B400001B0704782B001900091BDF8000001998A
:101B5000086102B07047000083B002908DF8071052
:101B600002980C3000909DF807000099087003B0AF
:101B7000704700004EF21001CEF20001086840F0FC
:101B8000020008607047000081B00090009840F2A9
:101B90000001C2F20001086001B0704781B00090FE
:101BA00000996FF00100086101B0704781B00090AA
:101BB0000099086820F08000086001B070470000BC
:101BC00081B000900099886820F08000886001B0A2
:101BD0007047000081B000900099086840F0010053
:101BE000086001B07047000081B000900099C8689B
:101BF00040F00100C86001B07047000081B0009063
:101C00000099486940F00100486101B07047000048
:101C100081B000900098406A01B0704781B0009098
:101C20000098406A01B0704781B000900098406A07
:101C300001B070478AB0099008910792089801286E
:101C400003D1FFE70020049030E00898042803D176
:101C5000FFE70120039026E00898102803D1FFE752
:101C6000022002901CE00898402803D1FFE70320DF
:101C7000019012E00898B0F5807F03D1FFE70420BF
:101C8000009007E008990620B1F5806F08BF052095
:101C90000090FFE700980190FFE701980290FFE7AE
:101CA00002980390FFE703980490FFE704988DF8EB
:101CB0001B0009989DF81B2049F6B001C0F60001F1
:101CC000895C084418300590059800689DF81B2031
:101CD00049F6BE01C0F600018A5C032191408843A9
:101CE000BDF81E1091400843059908600AB070477E
:101CF0008AB00990089107920898012803D1FFE75C
:101D00000020049030E00898042803D1FFE7012068
:101D1000039026E00898102803D1FFE702200290E4
:101D20001CE00898402803D1FFE70320019012E04F
:101D30000898B0F5807F03D1FFE70420009007E00A
:101D400008990620B1F5806F08BF05200090FFE7D5
:101D500000980190FFE701980290FFE70298039036
:101D6000FFE703980490FFE704988DF81B0009989B
:101D70009DF81B2049F6B001C0F60001895C0844BB
:101D800018300590059800689DF81B2049F6BE01A3
:101D9000C0F600018A5CF02191408843BDF81E1016
:101DA00091400843059908600AB0704789B00890CF
:101DB000079106920798012803D1FFE700200490BD
:101DC00030E00798042803D1FFE70120039026E0C4
:101DD0000798102803D1FFE7022002901CE0079823
:101DE000402803D1FFE70320019012E00798B0F5E7
:101DF000807F03D1FFE70420009007E007990620C9
:101E0000B1F5806F08BF05200090FFE700980190B2
:101E1000FFE701980290FFE702980390FFE703981D
:101E20000490FFE704988DF817000898006A9DF861
:101E3000172049F6B701C0F600018A5C0A219140DB
:101E400088430699914008430899086209B0704791
:101E50008AB00990089107920898012803D1FFE7FA
:101E60000020049030E00898042803D1FFE7012007
:101E7000039026E00898102803D1FFE70220029083
:101E80001CE00898402803D1FFE70320019012E0EE
:101E90000898B0F5807F03D1FFE70420009007E0A9
:101EA00008990620B1F5806F08BF05200090FFE774
:101EB00000980190FFE701980290FFE702980390D5
:101EC000FFE703980490FFE704988DF81B0009983A
:101ED0009DF81B2049F6B001C0F60001895C08445A
:101EE00018300590059800689DF81B2049F6BE0142
:101EF000C0F600018A5C0C2191408843BDF81E1099
:101F000091400843059908600AB0704780B584B0D5
:101F100003900291039800680190039842F60041F3
:101F2000C4F20101884225D0FFE7039843F2004143
:101F3000C4F2010188421DD0FFE70398B0F1804F41
:101F400018D0FFE7039840F20041C4F20001884234
:101F500010D0FFE7039840F60001C4F20001884268
:101F600008D0FFE7039840F60041C4F20001884220
:101F700008D1FFE7019820F07000029949680843F2
:101F80000190FFE7039842F60041C4F20101884244
:101F900025D0FFE7039843F20041C4F201018842D3
:101FA0001DD0FFE70398B0F1804F18D0FFE70398EA
:101FB00040F20041C4F20001884210D0FFE70398CC
:101FC00040F60001C4F20001884208D0FFE7039800
:101FD00040F60041C4F20001884208D1FFE70198B1
:101FE00020F440700299C96808430190FFE7019806
:101FF0000399086003980299896800F029F803980A
:102000000299098800F050F8039842F60041C4F2A2
:102010000101884208D0FFE7039843F20041C4F26F
:102020000101884206D1FFE703980299096900F08F
:1020300043F8FFE70398FFF7E1FD002004B080BDFF
:1020400081B000900098006900F0010001B0704775
:1020500082B00190009100980199C86202B0704767
:1020600082B0019000910198806844F20701884392
:10207000009908430199886002B0704782B00190CE
:10208000009100980199486202B0704782B00190B7
:1020900000910198806820F0070000990843019999
:1020A000886002B07047000082B0019000910098F3
:1020B0000199886202B0704782B001900091009847
:1020C0000199086302B0704782B0019000910198B5
:1020D000406820F07000009908430199486002B000
:1020E0007047000081B000900099086920F490408A
:1020F00008610099486920F02A00486101B07047E2
:1021000081B000900099C86840F40050C86001B0E8
:102110007047000080B588B00790069101208DF8C7
:10212000170000200490079800F070F8002869D18B
:10213000FFE70798C06841F20C618843069A51682E
:10214000D36812691943114308430799C860079877
:102150000699896800F098F807980699496900F08F
:1021600085F86846FFF7D4FB079843F60001C4F2F0
:102170000101884203D1FFE70398049030E00798FB
:1021800044F20041C4F20001884203D1FFE7029803
:10219000049024E0079844F60001C4F2000188424C
:1021A00003D1FFE70298049018E0079844F6004135
:1021B000C4F20001884203D1FFE7029804900CE0CA
:1021C000079845F20001C4F20001884203D1FFE7FD
:1021D0000298049000E0FFE7FFE7FFE7FFE7FFE773
:1021E000049870B1FFE70698006850B1FFE700203F
:1021F0008DF8170007980499069A126800F00EF8F7
:10220000FFE7FFE79DF8170008B080BD81B00090A0
:102210000098C068C0F3403001B0704783B00290AE
:102220000191009201981921484300998900B0FB5F
:10223000F1F348F21F51C5F2EB11A3FB0120420953
:10224000642002FB1033322000EB0310A0FB0101DD
:10225000F02000EA511000EB0210C1F343110844D2
:1022600080B20299886003B07047000082B001908C
:1022700000910198406920F4407000990843019949
:10228000486102B07047000082B00190009101984F
:10229000006920F44050009908430199086102B098
:1022A0007047000082B001904EF21000CEF20000A4
:1022B0000068009000980198013020B1FFE7019874
:1022C00001300190FFE7FFE7019870B1FFE74EF2A0
:1022D0001000CEF200000068C003002804D5FFE71C
:1022E000019801380190FFE7EEE702B07047000067
:1022F00080B540F2E000C2F20000807AC00748B129
:10230000FFE700F019F940F2E001C2F200010020FD
:102310008872FFE740F2F000C2F20000807AC00746
:1023200048B1FFE700F022F940F2F001C2F20001EB
:1023300000208872FFE780BD80B540F29411C2F2A0
:10234000000140F60000C4F2010008600123C0F261
:1023500001434B6040F2A410C2F2000041F20002BF
:10236000C4F20102026040F2020CC0F2024CC0F85A
:1023700004C040F2B41CC2F2000CCCF80020CCF82F
:10238000043040F2C41CC2F2000CCCF8002048F229
:102390008003CCF8043040F28C13C2F200031A60C0
:1023A00044F240025A6040F29C1CC2F2000C40F61B
:1023B0000042C4F20102CCF800208023C0F2804326
:1023C000CCF8043040F2AC1CC2F2000CCCF8002077
:1023D0004023C0F24043CCF8043040F2BC13C2F2B8
:1023E00000031A602022C0F220425A6040F2C40268
:1023F000C2F20002116040F28811C2F200010860CE
:1024000000F0B4F840F26011C2F200010020086050
:1024100040F682728A8088710120C87140F20040C3
:10242000C4F20000FFF700FC40F27811C2F2000194
:10243000088047F20040C4F200000121C0F21021E0
:10244000FEF758FE80BD000080B582B08DF8070011
:1024500040F26010C2F20000C07958BBFFE79DF85F
:10246000070098B9FFE740F2C400C2F2000001681B
:1024700008684968FFF74CF940F28810C2F2000082
:10248000016808684968FFF725F912E040F2C400C6
:10249000C2F20000016808684968FFF71BF940F2C2
:1024A0008810C2F20000016808684968FFF730F937
:1024B000FFE7FFE79DF8070040F26011C2F200015C
:1024C000887102B080BD000080B582B0ADF8060012
:1024D000BDF9061040F26010C2F200000160006811
:1024E000B0F1FF3F07DCFFE740F26011C2F20001EC
:1024F00000200860FFE740F26011C2F200010868A6
:102500008988884207DDFFE740F26011C2F20001CE
:1025100088880860FFE740F26010C2F2000002689D
:1025200047F20040C4F200000121C0F21021FEF782
:10253000B9FD02B080BD000080B582B040F26010ED
:10254000C2F2000001900021C1718079FFF77CFF89
:102550000198026847F20040C4F200000121C0F275
:102560001021FEF79FFD02B080BD000080B540F253
:10257000C400C2F20000016808684968FFF7AAF8C1
:1025800040F28810C2F20000016808684968FFF74D
:10259000A1F840F26011C2F200010120C87180BDB3
:1025A00080B592B000200490119010900F900E9082
:1025B0000D900C900B900A9009900890079006904F
:1025C00005904FF400700190FEF712FD1020FEF709
:1025D0000FFD049840F204410591069041F200007D
:1025E000C4F2010005A9FEF7E7FF01F01DFC049A03
:1025F000114600F005FE01461220009001F080FC1B
:10260000009801F089FB04981090119042F200406C
:10261000C4F20100029010A9FEF7AAFB04990298E7
:102620000F910FA9FEF75AFB049902984FF460220C
:102630000A920B910C910D910E910AA9FEF7C8FB1D
:10264000019902980C22C0F260020392FEF718FC76
:1026500002980399049AFEF731FC12B080BD000085
:1026600080B590B0002003900F900E900D900C90CC
:102670000B900A900990089007900690059004909E
:102680004FF48060FEF7B4FC1020FEF7B1FC039815
:1026900040F608010491059041F20000C4F20100E7
:1026A00004A9FEF789FF01F0BFFB039A114600F071
:1026B000A7FD01461220009001F022FC009801F0D5
:1026C0002BFB03980E900F9042F60000C4F201001D
:1026D00001900EA9FEF74CFB039901984FF460227C
:1026E00009920A910B910C910D9109A9FEF770FBCB
:1026F00001984FF400710D22C0F290020292FEF791
:10270000BFFB01980299039AFEF7D8FB10B080BD79
:1027100080B590B0002003900F900E900D900C901B
:102720000B900A90099008900790069005900490ED
:102730004FF40040FEF75CFC1020FEF759FC0398B4
:1027400040F202210491059041F20000C4F2010020
:1027500004A9FEF731FF01F067FB039A114600F070
:102760004FFD01462F20009001F0CAFB009801F0B8
:10277000D3FA03980E900F9043F60040C4F2010084
:1027800001900EA9FEF7F4FA039901984FF4602224
:1027900009920A910B910C910D9109A9FEF718FB72
:1027A00001984FF400710B22C0F230020292FEF742
:1027B00067FB01980299039AFEF780FB10B080BD79
:1027C00080B58CB0002000900B900A900990089082
:1027D000079006900590049003904FF00050FEF78C
:1027E000ADFB0420FEF716FC009841F210010391A6
:1027F000049040F60000C4F2010003A9FEF7DCFEDD
:1028000000983821089109900B9047F20040C4F2DB
:10281000000002900121C0F21021019108AAFEF7E8
:1028200079FC01990298FEF755FC0CB080BD0000C0
:1028300080B582B00120FEF75DFB01F0FDFA0022B9
:10284000114600F013FD01460D20019001F07AFBC6
:10285000019801F079FA02B080BD000010B59EB079
:10286000002015901D901C901B901A9019901890A4
:10287000179010200490FEF7A9FB20200590FEF78A
:10288000A5FB04200890FEF7A1FB08201390FEF79B
:102890009DFB41F20000C4F201000B904CF2FF01DD
:1028A000C0F27F410091FEF701FF40F60000C4F244
:1028B0000100099040F60901C0F201410191FEF7C3
:1028C000F5FE40F60040C4F201000E904DF2F441D6
:1028D000C0F2F0410291FEF7E9FE009A0B981599BB
:1028E00017920122109218920222069219921A91BE
:1028F00017A90391FEF760FE0399069BDDF840C01F
:10290000159ADDF804E00998CDF85CE0CDF860C0D8
:1029100019931A92FEF750FE0399089A099842F209
:1029200020030C9317931892FEF746FE0399069B1B
:10293000DDF840C0159ADDF808E00E98CDF85CE0AF
:10294000CDF860C019931A92FEF736FE0399089AE3
:102950000E980123C0F2014317931892FEF72CFE44
:1029600015984FF07061FEF70BFE06980121C0F23A
:102970000F01FEF705FE06980121C0F2F001FEF7F7
:10298000FFFD10984FF47021FEF7FAFD10984FF4F8
:102990007001FEF7F5FD089A109815991C928DF8B4
:1029A00074008DF875108DF876001CA80790FEF75E
:1029B0002DFD049B1099159A07981C938DF874109F
:1029C0008DF875208DF87610FEF720FD059B109987
:1029D000159A07981C938DF874108DF875208DF852
:1029E0007610FEF713FD1099159A07981C918DF833
:1029F00074108DF875208DF87610FEF707FD069B94
:102A00001099159A07981C938DF874108DF87520FD
:102A10008DF87610FEF7FAFC089A099840F2044106
:102A2000FEF780FE0B98139A41F210010A91FEF70F
:102A300079FE0B980C99139AFEF774FE0E98139A70
:102A400040F201110D91FEF76DFE0E98139A40F2BF
:102A500002210F91FEF766FE0A990B98109AFEF775
:102A6000AFFE0B980C99109AFEF7AAFE0D990E98DE
:102A7000109AFEF7A5FE0E980F99109AFEF7A0FE89
:102A800001F0CAF9159A114600F084FB01460620B0
:102A9000119001F013FA119801F026F901F0BCF938
:102AA000159A114600F076FB01460720129001F0BE
:102AB00005FA129801F018F901F0AEF9159A1146CD
:102AC00000F068FB0146139801F0F8F9139801F043
:102AD0000BF901F0A1F9159A114600F05BFB0146D4
:102AE0000A20149001F0EAF9149801F0FDF801F0C1
:102AF00093F9159A114600F04DFB014617201690E8
:102B000001F0DCF9169801F0EFF81EB010BD0000DE
:102B100080B596B00CA8069028210491FDF776FBAD
:102B2000002005900B900A900990089007904FF4B0
:102B30008050FEF781FA0820FEF77EFA059842F6EB
:102B400028010791092108910321029109910A9016
:102B500040F60040C4F2010007A9FEF72DFDFEF784
:102B6000FBFC02990020C4F2020001901022FEF743
:102B700045FB01980299059AFEF726FB01980299F8
:102B8000059AFEF78BFB01980299059AFEF7A0FBC8
:102B9000019802998022FEF74DFB01980299059A4F
:102BA000FEF7B0FB01980299059AFEF75DFB01F074
:102BB0004BF9059A114600F08FFB01462320039044
:102BC00001F0E2F9039801F0D7F8049A0598069904
:102BD0000C904FF482730D930E9002230F930123F8
:102BE00010934FF4007311931292139014900A20D3
:102BF000159043F20000C4F20100FEF745FF16B045
:102C000080BD000080B592B0002006901190109019
:102C10000F900E900D900C900B900A9009900890D8
:102C200001200390FEF79CF904200190FEF716FAAC
:102C3000019840F203310891099040F60000C4F277
:102C4000010008A9FEF7B8FC01F006F9069A114642
:102C500000F078FB01461C20029001F0B7F90298C1
:102C600001F0A2F84FF0804007900321FFF70EFA21
:102C7000039907984FF480320492FEF7DBFF039923
:102C8000069A0798FFF7E4F80399069A0798FFF762
:102C90002FF80399069A0798FFF788F8049A07987F
:102CA00010210591FEF7C6FF0599069A0798FFF7D0
:102CB000CFF80599069A0798FFF71AF80599069A2A
:102CC0000798FFF773F806990798ADF834100E913E
:102CD0004FF6FF720F9210910DA9FFF717F90798A1
:102CE000FEF764FF06990798FFF7EEF90798FEF7DD
:102CF00067FF12B080BD000080B592B00020069042
:102D0000119010900F900E900D900C900B900A90D7
:102D1000099008900220FEF723F904200190FEF7A5
:102D20009DF901984CF2C0010891099040F600000D
:102D3000C4F2010008A9FEF73FFC01F08DF8069AE5
:102D4000114600F0FFFA01461D20029001F03EF905
:102D5000029801F029F840F20040C4F20000079008
:102D600001210391FFF792F9039907984FF48032FC
:102D70000492FEF75FFF0399069A0798FFF768F839
:102D80000399069A0798FEF7B3FF0399069A0798E6
:102D9000FFF70CF8049A079810210591FEF74AFFF7
:102DA0000599069A0798FFF753F80599069A079828
:102DB000FEF79EFF0599069A0798FEF7F7FF06991A
:102DC0000798ADF834100E914FF6FF720F921091E4
:102DD0000DA9FFF79BF80798FEF7E8FE06990798FC
:102DE000FFF772F90798FEF7EBFE12B080BD000006
:102DF00080B588B00020019007900690059004905F
:102E000003901020FEF7ACF801F026F8019A114665
:102E100000F098FA01463620009001F0D7F80098AB
:102E200000F0C2FF01984821ADF80C1004904FF457
:102E30007A70059041F20000C4F20000029003A9EC
:102E4000FFF764F80298FEF7B1FE01990298FFF7C8
:102E50003BF90298FEF7B4FE08B080BD80B588B09B
:102E60000020019007900690059004900390202088
:102E7000FEF776F800F0F0FF019A114600F062FAD2
:102E800001463720009001F0A1F8009800F08CFF77
:102E900001984821ADF80C1004904FF47A70059019
:102EA00041F20040C4F20000029003A9FFF72EF89F
:102EB0000298FEF77BFE01990298FFF705F9029848
:102EC000FEF77EFE08B080BD80B588B0002001907E
:102ED000079006900590049003904FF40050FEF781
:102EE000BDF800F0B9FF019A114600F02BFA014637
:102EF0002C20009001F06AF8009800F055FF01982E
:102F000040F60F61ADF80C10049001210591069078
:102F1000079043F20040C4F20100029003A9FEF7BB
:102F2000F5FF0298FEF742FE01990298FFF798F824
:102F300001990298FFF7C8F80298FEF741FE08B021
:102F400080BD000080B592B00020049011901090D8
:102F50000F900E900D900C900B900A900990089095
:102F6000079006904FF48040FEF78AF80420009006
:102F7000FEF786F804980221C0F202410691092169
:102F8000079103210891099040F60000C4F2010066
:102F9000029006A90191FEF70FFB009A0199029891
:102FA0000423C0F2044306930792FEF705FB00F0EA
:102FB0005BFF049A114600F0FBF9014625200390BF
:102FC00001F026F8039800F007FF04984FF4E13170
:102FD0000B910C900D900E900C210F911090119070
:102FE00043F60000C4F2010005900BA9FFF792F828
:102FF0000598FFF777F80598FFF782F812B080BDC3
:1030000080B592B000200490119010900F900E9017
:103010000D900C900B900A900990089007900690E4
:103020004FF48020FDF7AEFF0820FEF729F8049842
:103030000421C0F20441069109210791032108915E
:10304000099040F60040C4F20100029006A90191E7
:10305000FEF7B2FA019902980822C0F208420692DD
:1030600004220792FEF7A8FA00F0FEFE049A114629
:1030700000F09EF901462720039000F0C9FF039855
:1030800000F0AAFE04984FF4E1310B910C900D90E2
:103090000E900C210F911090119044F60000C4F294
:1030A000000005900BA9FFF735F80598FFF71AF80F
:1030B0000598FFF725F812B080BD0000FFE7FEE796
:1030C00040F21C00C2F2000000680078C00750B94E
:1030D000FFE740F24C11C2F200014FF49660086025
:1030E000322048600EE040F21C00C2F2000001688D
:1030F000CA6840F24C11C2F200010A60006800691F
:103100004860FFE740F24C11C2F2000100208860E5
:10311000C8608874C87440F29101C2F2000108705E
:1031200070470000FFE7FEE788B007900691059220
:10313000079800F0070004900498C0F107000528E4
:1031400003D3FFE70420019004E00498C0F10700D6
:103150000190FFE70198039004980430062803D8F3
:10316000FFE70020009003E0049803380090FFE799
:103170000098029006980399012202FA01F10139A0
:103180000840029B984005999A40013A1140084333
:1031900008B0704788B0079006910592079800F034
:1031A000070004900498C0F10700052803D3FFE747
:1031B0000420019004E00498C0F107000190FFE7AB
:1031C0000198039004980430062803D8FFE70020F4
:1031D000009003E0049803380090FFE70098029005
:1031E00006980399012202FA01F101390840029B75
:1031F000984005999A40013A1140084308B0704739
:1032000088B0079006910592079800F00700049097
:103210000498C0F10700052803D3FFE704200190BC
:1032200004E00498C0F107000190FFE701980390C3
:1032300004980430062803D8FFE70020009003E03C
:10324000049803380090FFE70098029006980399CD
:10325000012202FA01F101390840029B98400599C8
:103260009A40013A1140084308B0704788B007906F
:1032700006910592079800F0070004900498C0F1A9
:103280000700052803D3FFE70420019004E0049819
:10329000C0F107000190FFE7019803900498043003
:1032A000062803D8FFE70020009003E004980338C5
:1032B0000090FFE70098029006980399012202FA15
:1032C00001F101390840029B984005999A40013A62
:1032D0001140084308B0704788B0079006910592E6
:1032E000079800F0070004900498C0F10700052833
:1032F00003D3FFE70420019004E00498C0F1070025
:103300000190FFE70198039004980430062803D841
:10331000FFE70020009003E0049803380090FFE7E7
:103320000098029006980399012202FA01F10139EE
:103330000840029B984005999A40013A1140084381
:1033400008B0704788B0079006910592079800F082
:10335000070004900498C0F10700052803D3FFE795
:103360000420019004E00498C0F107000190FFE7F9
:103370000198039004980430062803D8FFE7002042
:10338000009003E0049803380090FFE70098029053
:1033900006980399012202FA01F101390840029BC3
:1033A000984005999A40013A1140084308B0704787
:1033B00088B0079006910592079800F007000490E6
:1033C0000498C0F10700052803D3FFE7042001900B
:1033D00004E00498C0F107000190FFE70198039012
:1033E00004980430062803D8FFE70020009003E08B
:1033F000049803380090FFE700980290069803991C
:10340000012202FA01F101390840029B9840059916
:103410009A40013A1140084308B0704770470000D5
:1034200080B582B0019001980090FEF749FA0146FC
:103430000098C9B20A0945F67071C0F60001895CAE
:10344000C84002B080BD000080B582B001900198F4
:103450000090FEF73DFA014600980A0A45F6807191
:10346000C0F60001895CC84002B080BD80B582B062
:10347000019001980090FEF733FA01460098CA0ABD
:1034800045F68071C0F60001895CC84002B080BD7D
:1034900080B582B000200190FEF732FA014600911B
:1034A00040B1FFE7009804280AD0FFE700980828F9
:1034B0000CD00FE041F20020C0F27A0001900FE042
:1034C00041F20020C0F27A00019009E000F00CF80F
:1034D000019005E041F20020C0F27A000190FFE780
:1034E000019802B080BD000080B584B00020039038
:1034F0000290FEF759FA02900298019028B1FFE776
:103500000198B0F5803F06D010E040F60010C0F200
:103510003D00039010E0FEF757FA411C41F20020F5
:10352000C0F27A00B0FBF1F0039005E040F6001025
:10353000C0F23D000390FFE703980090FEF73CFACD
:1035400002460098022101EB9241484304B080BD3D
:1035500082B0ADF80600BDF9060040F27A11C2F261
:103560000001B1F90020801A0090009B40F2841203
:10357000C2F20002106818441060BDF8060008800E
:1035800002B070477047000080B582B08DF8070028
:1035900000F022F900F034F99DF8070000F0FAF885
:1035A00000F010F902B080BD80B582B08DF8070040
:1035B00000F012F900F01AF99DF8070000F0EAF89F
:1035C00000F000F902B080BD80B586B000F022F9AD
:1035D00000F0A2F90A20049000F0A8F900F092F996
:1035E0003220059000F0A2F9FD200390FFF7CCFFF8
:1035F0001220FFF7D9FFAE20FFF7C6FFB320FFF779
:10360000C3FF9120FFF7D0FFCA20FFF7BDFF3F2087
:10361000FFF7CAFFA220FFF7B7FF00200190FFF7D6
:10362000C3FFA120FFF7B0FF0198FFF7BDFFA02067
:103630000290FFF7A9FF1420FFF7B6FF1120FFF754
:10364000B3FFB520FFF7A0FF0198FFF7ADFFAB2058
:10365000FFF79AFF0120FFF7A7FFB420FFF794FFC1
:103660000298FFF7A1FF0398FFF79EFFC120FFF725
:103670008BFFFF20FFF798FFC720FFF785FF0F2084
:10368000FFF792FFB920FFF77FFFB120FFF77CFF24
:10369000E220FFF789FFD120FFF776FF8220FFF7B6
:1036A00083FF2020FFF780FFBB20FFF76DFF1F2067
:1036B000FFF77AFFB620FFF767FF0820FFF774FFD8
:1036C000BE20FFF761FF0720FFF76EFFA620FFF780
:1036D0005BFFA920FFF758FF049800F027F9AF20FF
:1036E000FFF752FF059800F021F906B080BD0000F9
:1036F00080B582B0019000915C20FFF745FF00F09B
:103700006BF800F073F80198009900F02BF800F0C6
:1037100059F802B080BD000080B582B08DF8070076
:103720008DF806108DF805208DF804301520FFF770
:103730002BFF9DF807001C30C0B2FFF735FF9DF846
:1037400006001C30C0B2FFF72FFF7520FFF71CFFEB
:103750009DF80500FFF728FF9DF80400FFF724FF00
:1037600002B080BD80B584B003900291002001902A
:10377000FFE70198029988420AD2FFE7039801996E
:10378000405C00F007F8FFE7019801300190F0E796
:1037900004B080BD80B582B08DF807009DF8071099
:1037A00043F20000C4F20100FEF7D6F9FFE743F24E
:1037B0000000C4F20100FEF7B5F908B1FFE7F6E733
:1037C00002B080BD80B540F60040C4F2010041F275
:1037D0001001FDF793FF80BD80B540F60040C4F2B4
:1037E000010041F21001FDF76BFF80BD80B540F68E
:1037F0000040C4F2010044F24001FDF77FFF80BDAC
:1038000080B540F60040C4F2010044F24001FDF7EB
:1038100057FF80BD10B590B040F60040C4F20100E3
:103820000A9041F210010991FDF74AFF0A9844F20B
:1038300040010191FDF744FF0A9848F2800104918C
:10384000FDF73EFF0A98099A002107910F910E910A
:103850000D910C910B910B92012202920C9202227B
:1038600003920D920E910BA90891FDF7A5FEDDF8CC
:1038700008C0039B079A0899DDF804E00A98CDF880
:103880002CE0CDF830C00D930E92FDF795FEDDF8DB
:1038900008C0039B079A0899DDF810E00A98CDF854
:1038A0002CE0CDF830C00D930E92FDF785FE079AFF
:1038B00008990A9840F608030B93092305930C9383
:1038C000032306930D930E92FDF776FEDDF814C0E8
:1038D000069B079A08990A9842F2200ECDF82CE030
:1038E000CDF830C00D930E92FDF766FE09990A9847
:1038F000FDF704FF43F20000C4F20100FEF7BAF83E
:1039000010B010BD80B540F60040C4F2010048F28E
:103910008001FDF7F3FE80BD80B540F60040C4F2A3
:10392000010048F28001FDF7CBFE80BD80B582B07A
:1039300001900198FEF7B6FC02B080BD7047000010
:1039400080B540F2D011C2F2000108680130086071
:1039500047F6D501C2F2E96148434FEAF00048F664
:103960003711C0F24101884266D8FFE740F2CE002D
:10397000C2F200000078C00748B9FFE740F2281102
:10398000C2F2000108684968FDF760FFFFE740F2F6
:103990006010C2F20000C07948B9FFE740F2401160
:1039A000C2F2000108684968FDF750FFFFE740F2E6
:1039B0006010C2F20000C079012809D1FFE740F28F
:1039C0003411C2F2000108684968FDF73FFFFFE7C4
:1039D00040F22000C2F200000078C00748B1FFE7C3
:1039E00040F2CC11C2F200010A7801209043087025
:1039F000FFE740F28800C2F200000078C00748B13B
:103A0000FFE740F28901C2F200010A7801209043E9
:103A10000870FFE740F2CC00C2F200000078C00757
:103A200048B1FFE740F2CD01C2F200010A7801205F
:103A300090430870FFE7FFE780BD000080B582B0CB
:103A40000220FDF77BFDFFE7FDF770FD022801D0A6
:103A5000FFE7F9E7FDF778FFFFE7FDF77FFF0128B4
:103A600001D0FFE7F9E74FF480304FF4E011FDF7A4
:103A70007DFFFDF78FFFFFE7FDF7AEFF012801D0C7
:103A8000FFE7F9E700200190FDF7BCFF4FF48060ED
:103A9000FDF7C6FF0198FDF7D1FF0220FDF7DCFF1F
:103AA000FFE7FDF725FF082801D0FFE7F9E74AF215
:103AB0000020C0F24A400090FDF7DCFE0098FEF7BF
:103AC00063F84FF40040FDF78FFF02B080BD0000A7
:103AD00070470000704700007047000080B541F259
:103AE0000000C4F20000FEF7ABFA48B1FFE7FCF7B4
:103AF0006DFE41F20000C4F20000FEF74FF8FFE750
:103B000080BD000080B541F20040C4F20000FEF725
:103B100097FA48B1FFE7FEF7EBFB41F20040C4F231
:103B20000000FEF73BF8FFE780BD000080B582B0E3
:103B300043F20040C4F20100FEF782FA002800F0D0
:103B4000CA80FFE74FF08040FEF762F8014640F27E
:103B50008C00C2F200000160B0F90000FFF7F8FC31
:103B600040F28410C2F20000006801F052FA002214
:103B70000023C3F6707301F063FA01F019FA40F202
:103B80007C11C2F20001086040F29100C2F2000014
:103B9000007801282BD1FFE740F26010C2F200004C
:103BA000C07920BBFFE740F28410C2F20000006839
:103BB00040F24C11C2F20001C9684942884216DC49
:103BC000FFE740F24C10C2F20000C07CC00770B9A1
:103BD000FFE701200190FEF737FC019840F24C11FD
:103BE000C2F200014A7C01324A74C874FFE740F215
:103BF0009100C2F20000007838BBFFE740F260108D
:103C0000C2F20000C07900BBFFE740F28410C2F2AC
:103C10000000006840F24C11C2F20001896849427C
:103C2000884212DCFFE740F24C10C2F20000807CB8
:103C3000C00750B9FFE740F24C11C2F20001087C06
:103C40000130087401208874FFE740F29100C2F24D
:103C50000000007801281AD1FFE740F26010C2F29C
:103C60000000C07998B9FFE740F28410C2F200006A
:103C7000006800280BD4FFE700200090FEF7E4FB6B
:103C8000009840F24C11C2F20001C874FFE740F204
:103C90009100C2F200000078B0B9FFE740F2601076
:103CA000C2F20000C07978B9FFE740F28410C2F296
:103CB00000000068002807D4FFE740F24C11C2F270
:103CC000000100208874FFE743F20040C4F20100C5
:103CD000FDF764FFFFE702B080BD00007047000001
:103CE00070470000FFE7FEE781B08DF803009DF903
:103CF000030000280ED4FFE79DF9031001F01F0216
:103D0000012090404A094EF20011CEF2000141F824
:103D10002200FFE701B0704781B08DF803009DF9E4
:103D2000030000280ED4FFE79DF9031001F01F02E5
:103D3000012090404A094EF20011CEF2000141F8F4
:103D40002200FFE701B0704781B08DF803009DF9B4
:103D5000030000280ED4FFE79DF9031001F01F02B5
:103D6000012090404A094EF20011CEF2000141F8C4
:103D70002200FFE701B0704781B08DF803009DF984
:103D8000030000280ED4FFE79DF9031001F01F0285
:103D9000012090404A094EF20011CEF2000141F894
:103DA0002200FFE701B0704781B08DF803009DF954
:103DB000030000280ED4FFE79DF9031001F01F0255
:103DC000012090404A094EF20011CEF2000141F864
:103DD0002200FFE701B0704781B08DF803009DF924
:103DE000030000280ED4FFE79DF9031001F01F0225
:103DF000012090404A094EF20011CEF2000141F834
:103E00002200FFE701B070474EF60C50CEF20000E2
:103E10000068C0F3022070474EF60C50CEF200004E
:103E20000068C0F3022070474EF60C50CEF200003E
:103E30000068C0F3022070474EF60C50CEF200002E
:103E40000068C0F3022070474EF60C50CEF200001E
:103E50000068C0F3022070474EF60C50CEF200000E
:103E60000068C0F3022070474EF60C50CEF20000FE
:103E70000068C0F30220704782B08DF807000091FF
:103E80009DF9070000280AD4FFE7009800019DF97A
:103E900007104EF20042CEF2000288540BE0009868
:103EA00000019DF8071001F00F014EF61452CEF2FA
:103EB00000028854FFE702B07047000082B08DF81E
:103EC000070000919DF9070000280AD4FFE7009839
:103ED00000019DF907104EF20042CEF20002885414
:103EE0000BE0009800019DF8071001F00F014EF65D
:103EF0001452CEF200028854FFE702B0704700006F
:103F000082B08DF8070000919DF9070000280AD4BF
:103F1000FFE7009800019DF907104EF20042CEF233
:103F2000000288540BE0009800019DF8071001F092
:103F30000F014EF61452CEF200028854FFE702B091
:103F40007047000082B08DF8070000919DF90700CE
:103F500000280AD4FFE7009800019DF907104EF2EF
:103F60000042CEF2000288540BE0009800019DF858
:103F7000071001F00F014EF61452CEF200028854E1
:103F8000FFE702B07047000082B08DF80700009193
:103F90009DF9070000280AD4FFE7009800019DF969
:103FA00007104EF20042CEF2000288540BE0009857
:103FB00000019DF8071001F00F014EF61452CEF2E9
:103FC00000028854FFE702B07047000082B08DF80D
:103FD000070000919DF9070000280AD4FFE7009828
:103FE00000019DF907104EF20042CEF20002885403
:103FF0000BE0009800019DF8071001F00F014EF64C
:104000001452CEF200028854FFE702B0704700005D
:1040100082B08DF8070000919DF9070000280AD4AE
:10402000FFE7009800019DF907104EF20042CEF222
:10403000000288540BE0009800019DF8071001F081
:104040000F014EF61452CEF200028854FFE702B080
:104050007047000083B00290029800F007000090C3
:104060004EF60C51CEF200010868019001984FF60F
:10407000FF02104001900198009A40EA02200022BD
:10408000C0F2FA52104301900198086003B07047E3
:1040900010B586B08C46864609980899CDF814E08C
:1040A000CDF810C0ADF80E20ADF80C30ADF80A1008
:1040B000ADF808000020ADF80600BDF80C00ADF822
:1040C0000400FFE7BDF80400BDF80C10BDF808209F
:1040D0001144884230DAFFE7BDF80E00ADF8020067
:1040E000FFE7BDF80200BDF80E10BDF80A2011442C
:1040F00088421ADAFFE70598BDF80210BDF80420DF
:10410000049BBDF806C033F81C30C3F3071300F05E
:10411000B9F8BDF806000130ADF80600FFE7BDF8BC
:1041200002000130ADF80200DBE7FFE7BDF8040054
:104130000130ADF80400C5E706B010BD80B588B009
:1041400084460A98CDF81CC08DF81B10ADF81820D5
:10415000ADF816308DF8150040F2C800C2F200002C
:10416000006808B9FFE78AE040F2C800C2F2000028
:1041700001680A7A9DF81B10891A8DF81B100168D6
:1041800049689DF81B2001EBC2010491006800689A
:10419000039004980088ADF80A00049880788DF8A0
:1041A00009000498C0788DF80800049840798DF8CB
:1041B0000700049880798DF8060000208DF805002E
:1041C0008DF804008DF803008DF802008DF80300CF
:1041D000FFE79DF803009DF8081088424FDAFFE7DB
:1041E00000208DF80200FFE79DF802009DF80910FD
:1041F00088423DDAFFE79DF80500411C8DF8051067
:10420000400750B9FFE70398BDF80A104A1CADF803
:104210000A20405C8DF80400FFE79DF804000006CA
:10422000002818D5FFE70798BDF818109DF907205A
:1042300011449DF802201144BDF816209DF9063066
:104240001A449DF803301A449DF8153089B292B291
:1042500000F018F800E0FFE79DF8040040008DF83A
:104260000400FFE79DF8020001308DF80200BBE773
:10427000FFE79DF8030001308DF80300A9E708B0BF
:1042800080BD000083B00290ADF80610ADF80420A8
:104290008DF80330BDF8060040F20601C2F20001BD
:1042A0000988013988420BDCFFE7BDF8040040F2C1
:1042B0000401C2F2000109880139884201DDFFE7EB
:1042C00041E0BDF8040040F20601C2F20001098895
:1042D000BDF8062000FB012000EBD07121F00101A8
:1042E000401A012817D1FFE70299BDF8040040F2F7
:1042F0000602C2F200021288BDF8063000FB02304E
:1043000000EBD0704210885C00F0F0009DF80330A4
:104310001843885417E00299BDF8040040F20602E1
:10432000C2F200021288BDF8063000FB023000EB3A
:10433000D0704210885C00F00F009DF8033040EA16
:1043400003108854FFE703B07047000010B586B033
:104350008C46864609980899CDF814E0ADF812C04D
:10436000ADF81020ADF80E30ADF80C108DF80B0044
:10437000BDF81200ADF80800FFE7BDF80800BDF871
:104380000E10884223DCFFE7BDF81000ADF80600F0
:10439000FFE7BDF80600BDF80C10884210DCFFE70F
:1043A0000598BDF80810BDF806209DF80B30FFF702
:1043B00069FFFFE7BDF806000130ADF80600E8E749
:1043C000FFE7BDF808000130ADF80800D5E706B0FA
:1043D00010BD000080B586B084460898CDF814C0A2
:1043E0000491ADF80E20ADF80C308DF80B00FFE70E
:1043F0000498007820B3FFE7059804990978BDF880
:104400000E20BDF80C309DF80BC0EE46CEF800C073
:10441000FFF794FEBDF80E0040F2C801C2F20001A1
:1044200009684968049A127801EBC20111F8FC1C72
:1044300008440130ADF80E00049801300490D7E72D
:1044400006B080BD88B0069000200590FFE7059873
:104450000A280CD8FFE7059A40F26C11C2F200015D
:1044600000208854FFE7059801300590EFE7069893
:10447000049000208DF80F004CF60020C3F69A300F
:104480000290069840B9FFE740F26C10C2F20000BB
:1044900030210170079058E000208DF80700FFE7F9
:1044A0000498029988420AD2FFE702984CF6CD415F
:1044B000CCF6CC41A0FB0110C0080290F0E70298B6
:1044C00018B9FFE701200290FFE7FFE704990120F8
:1044D000009031B9FFE70298002818BF0120009032
:1044E000FFE70098C00750B3FFE7FFE70498029981
:1044F00088420AD3FFE79DF80F0001308DF80F00C6
:1045000002990498401A0490F0E79DF80F003030AB
:104510009DF80720511C8DF8071040F26C11C2F273
:104520000001885400208DF80F0002984CF6CD4110
:10453000CCF6CC41A0FB0110C0080290C6E740F2C7
:104540006C10C2F200000790FFE7079808B07047B0
:1045500085B0EFF3108072B604900020039040F213
:10456000AC01C2F200010A1D0292052201924860CC
:1045700048610090FFE700980199884214D2FFE754
:1045800000994FF60000C0F6030000EB8100039095
:104590000398006802990860029804300290FFE7CF
:1045A000009801300090E6E740F2AC00C2F2000053
:1045B000406845F27861C1F23421884213D1FFE7A7
:1045C00040F2AC00C2F20000406944F22131C8F26E
:1045D0006571884207D1FFE740F2AC01C2F20001E9
:1045E0000120087012E040F2AC01C2F2000145F275
:1045F0007860C1F23420486044F22130C8F265701E
:1046000048610120487000200870FFE762B605B0DD
:104610007047000042F21001C4F2020180200860DD
:104620007047000080B590B000200A900F900120E4
:10463000FCF7BAFC4FF08050FCF76EFC0320FFF74C
:1046400009FDFFF7E1FB0A9A0F21FEF76DFD014618
:104650004FF0FF30FFF710FCFCF788FFFFF7EEF993
:10466000FEF7FCF8FEF7E4F8FDF79AFFFDF7F8FF18
:10467000FEF74EF8FEF7A4F8FEF74AFAFEF7C2FA84
:10468000FEF73AFBFEF75EFCFEF7BAFCFEF7B0FB66
:10469000FEF7E4FBFEF718FC40F60000C4F2010050
:1046A00040F60801FDF720F8FCF7FEF8FDF744FEA0
:1046B000FEF78AFF43F20040C4F201000790FDF7C5
:1046C00093FA0798FDF786FA41F20000C4F2000061
:1046D0000890FDF789FA0898FDF77CFA41F200404E
:1046E000C4F200000990FDF77FFA0998FDF772FA0D
:1046F0004FF08040FDF76EFA40F20040C4F2000037
:10470000FDF768FAFDF736FA0A988DF83B00FEF7D8
:10471000D7FCFFE7FCF762F940F29100C2F200001B
:10472000007888B9FFE740F21011C2F20001086872
:104730004968FCF7D9FF40F21C11C2F20001086879
:104740004968FCF7A9FFFFE740F29100C2F20000C0
:104750000078012811D1FFE740F21C11C2F20001DC
:1047600008684968FCF7C0FF40F21011C2F200016E
:1047700008684968FCF790FFFFE740F26010C2F25A
:104780000000C07948B9FFE740F23411C2F20001DD
:1047900008684968FCF7A8FFFFE740F26010C2F222
:1047A0000000C079012809D1FFE740F24011C2F2B0
:1047B000000108684968FCF797FFFFE740F2CE0068
:1047C000C2F200000078C00748B1FFE740F22811AC
:1047D000C2F2000108684968FCF786FFFFE740F273
:1047E0000010C2F20000807AC00700283ED0FFE728
:1047F00040F26010C2F20000C07901282FD1FFE71B
:1048000040F29101C2F200010878B0FA80F040094C
:10481000087040F29001C2F200010020087040F2DE
:104820002002C2F200020121117040F28801C2F29E
:104830000001087040F2CC01C2F20001087040F2A1
:10484000CC11C2F20001087040F28901C2F20001ED
:10485000087040F2CD01C2F200010870FFE740F29B
:104860000011C2F2000100208872FFE740F29C00B4
:10487000C2F20000807AC007002878D0FFE740F23B
:104880009000C2F200000078012854D0FFE740F207
:104890009000C2F20000007890B9FFE740F22001DA
:1048A000C2F200010020087040F2CC11C2F20001F7
:1048B000087040F28801C2F2000101200870FFE791
:1048C00040F29000C2F200000078022820D1FFE7F9
:1048D00040F22001C2F200010020087040F288017D
:1048E000C2F20001087040F2CC01C2F2000108706F
:1048F00040F2CC11C2F20001087040F28901C2F20C
:104900000001087040F2CD01C2F200010870FFE71B
:1049100040F29000C2F2000001780131017000788D
:10492000032807DBFFE740F29001C2F200010020FC
:104930000870FFE7FFE7FCF7FBF840F24C11C2F20A
:1049400000010A6840F21C00C2F200000368DA604D
:10495000496802681161016801204870FCF7FAF8A3
:1049600040F29C01C2F2000100208872FFE740F291
:10497000D000C2F20000807AC00700284BD0FFE7C9
:1049800040F29000C2F20000007801283CD1FFE71D
:1049900040F2CC01C2F200010120087040F288020E
:1049A000C2F200020021117040F29002C2F2000235
:1049B0000221117040F2CE01C2F200010A78904348
:1049C000087040F29100C2F20000007838B9FFE7A9
:1049D00040F24C11C2F2000100200874FFE740F2DF
:1049E0009100C2F200000078012807D1FFE740F2F1
:1049F0004C11C2F2000100204874FFE74FF08040E4
:104A00000021FDF73BFBFFE740F2D001C2F20001BD
:104A100000208872FFE740F29400C2F20000406874
:104A2000B0F1FF3F00F3D780FFE740F29000C2F201
:104A30000000007800285FD1FFE740F29100C2F249
:104A40000000007848BBFFE740F2CC11C2F2000141
:104A50000120087040F24C10C2F200000068B0F56E
:104A6000FA6F08DAFFE740F24C11C2F20001086861
:104A700064300860FFE740F24C10C2F200000068AA
:104A8000B0F5FA6F08DDFFE740F24C11C2F2000109
:104A90004FF4FA600860FFE725E040F2CC11C2F263
:104AA00000010120087040F24C10C2F20000406882
:104AB000C72808DCFFE740F24C11C2F20001486849
:104AC0000A304860FFE740F24C10C2F20000406834
:104AD000C92807DBFFE740F24C11C2F20001C820F1
:104AE0004860FFE7FFE7FBF771FF40F2CC11C2F22D
:104AF000000100200870FFE740F29000C2F20000C1
:104B00000078022866D1FFE740F29100C2F200006F
:104B1000007858BBFFE740F2CD01C2F2000101204E
:104B2000087040F24C10C2F20000806846F2A711F3
:104B3000884208DCFFE740F24C11C2F200018868AD
:104B400019308860FFE740F24C10C2F20000806824
:104B500046F2A911884208DBFFE740F24C11C2F28D
:104B6000000146F2A8108860FFE72AE040F2CD017C
:104B7000C2F200010120087040F24C10C2F20000A5
:104B8000C06846F2A711884208DCFFE740F24C11EA
:104B9000C2F20001C8681930C860FFE740F24C104B
:104BA000C2F20000C06846F2A911884208DBFFE7A4
:104BB00040F24C11C2F2000146F2A810C860FFE7B3
:104BC000FFE7FBF703FF40F2CD01C2F20001002036
:104BD0000870FFE7FFE740F29400C2F2000040686F
:104BE0000128C0F2CE80FFE740F29000C2F2000040
:104BF000007800285ED1FFE740F29100C2F2000089
:104C0000007838BBFFE740F2CC11C2F2000101206E
:104C1000087040F24C10C2F200000068012808DB66
:104C2000FFE740F24C11C2F20001086864380860E6
:104C3000FFE740F24C10C2F200000068B0F1FF3F05
:104C400007DCFFE740F24C11C2F2000100200860CF
:104C5000FFE726E040F2CC11C2F20001012008700B
:104C600040F24C10C2F200004068012808DBFFE768
:104C700040F24C11C2F2000148680A384860FFE770
:104C800040F24C10C2F200004068B0F1FF3F07DC78
:104C9000FFE740F24C11C2F2000100204860FFE73C
:104CA000FFE7FBF793FE40F2CC11C2F200010020B7
:104CB0000870FFE740F29000C2F20000007802287E
:104CC0005ED1FFE740F29100C2F20000007838BBED
:104CD000FFE740F2CD01C2F200010120087040F26E
:104CE0004C10C2F200008068012808DBFFE740F2A8
:104CF0004C11C2F20001886819388860FFE740F261
:104D00004C10C2F200008068B0F1FF3F07DCFFE703
:104D100040F24C11C2F2000100208860FFE726E05B
:104D200040F2CD01C2F200010120087040F24C10A7
:104D3000C2F20000C068012808DBFFE740F24C1116
:104D4000C2F20001C8681938C860FFE740F24C1091
:104D5000C2F20000C068B0F1FF3F07DCFFE740F29D
:104D60004C11C2F200010020C860FFE7FFE7FBF72B
:104D70002DFE40F2CD01C2F2000100200870FFE7D5
:104D8000FFE740F24C10C2F20000B0F90000FDF75E
:104D90009BFB40F29100C2F20000007838B9FFE7B7
:104DA00040F24C10C2F200000068069006E040F2AB
:104DB0004C10C2F2000040680690FFE706980D9084
:104DC000BDF93400FDF780FB40F29100C2F2000013
:104DD00005900078002818BF0120BDF8343040F25B
:104DE000CC11C2F20001097801F001016A4611609C
:104DF00040F2D411C2F200014FF4FA62FBF752FC08
:104E00000598007838B9FFE740F24C10C2F2000074
:104E10008068049006E040F24C10C2F20000C068C6
:104E20000490FFE704980C900C9800F0F2F8002230
:104E30000023C3F6707300F003F900F0B9F840F2F4
:104E40007C12C2F20002506040F28900C2F20000FF
:104E500040F2CD03C2F2000340F29001C2F2000121
:104E600091F800E01168526800781B78EC46CCF8A5
:104E700004E003F00103CCF8003000F0010340F23D
:104E8000D410C2F20000FBF72FFA40F29100C2F2F8
:104E90000000007838B9FFE740F24C10C2F2000081
:104EA000007C039006E040F24C10C2F20000407C0F
:104EB0000390FFE703988DF82F009DF82F1040F224
:104EC000D410C2F200000290FBF792FB029800227D
:104ED000114600F00DF8FFF71DBC000081B00090F6
:104EE000009840F2C801C2F20001086001B07047AA
:104EF00080B582B00190ADF80210ADF800203F21DE
:104F000000227F231046FEF707FC0198BDF8001031
:104F100000EBC110BDF8021008444FF40051FEF739
:104F2000E7FB02B080BD000082B001900020ADF828
:104F30000200FFE70198007890B1FFE70198007840
:104F4000C02804DBFFE7019801300190FFE7BDF8BE
:104F500002000130ADF80200019801300190E9E74C
:104F6000BDF8020002B07047FFE742F20C00C4F245
:104F700002000068C00708B1FFE7F6E742F2100040
:104F8000C4F202000068000600280FD5FFE742F2D5
:104F90000401C4F2020140F22310C4F26750086019
:104FA00048F6AB10CCF6EF500860FFE77047000002
:104FB00021F0004201F00043A2F16052B2F5801FDF
:104FC00028BFD2F17F6C0BD95FEA001C43EAC20212
:104FD00042EB507018BF704728BF20F001007047A7
:104FE000B2F5801FBCBF184670474FEA410C1CF554
:104FF000001F02D2084600F084BB70B500F0CAF86A
:1050000000000089FFF7F6BF4FF00040A0F58000D8
:10501000704710F0004248BF4042B0FA80F310FAE7
:1050200003F10AD0C3F11D0303F5806302EB0352C1
:105030004FEA415002EBD12170474FF0000070471A
:1050400070B5DFF848C11CEA111E1EBF1CEA13151B
:105050009EEA0C0F95EA0C0F00F06F8081EA0304C2
:105060004EEAD47EAE4421EA4C1123EA4C1341F4BB
:10507000801143F48013AEF17F7EA1FB024CA0FBB4
:105080000365361955EB0C05A1FB034C4CF10003ED
:10509000A0FB021C16EB0C06654153F1000309420C
:1050A00018BF46F0010613F4007F0BD14FEA03311D
:1050B0004FEA053041EA155140EA165034036FF0CB
:1050C00003020AE04FEAC3214FEAC52041EA5551E5
:1050D00040EA5650F4026FF0020202EB2E4201EB5E
:1050E000025585EACE710AD05FEA440C18BF24F05D
:1050F000004450F1000041F1000120EAD47040F278
:10510000FE7C624500D270BDA84214BF4FF08044BF
:105110004FF04044002E08BF0024BEF1806FA8BFAE
:10512000A1F1C041BDE8704080F2828001F1C04130
:1051300001F000414FF0000070470CEA13159EEAA1
:105140000C0F18BF95EA0C0F06D081EA030E4FF042
:1051500000000EF0004170BD00F01CF88900013E17
:1051600000F007B800F009B84FEA430C5FEA5C5C56
:1051700008D081EA030100F05BB84FEA410C5FEA16
:105180005C5CF6D102494FF0000070470000FF0759
:105190000000F87F0EF1020E2EF0030E5EF8046B95
:1051A000364205D4012A43EB030515F5001F12D83A
:1051B000012841EB010C1CF5001F0CD80ED14FEA61
:1051C000D17C0CEB4C0C0CF1020C15F5001F08BF48
:1051D0004CEBD37C04E04FF0080C01E04FEAD37CA9
:1051E0000CEB4C0526FA05F606F00706B6F1040CA2
:1051F00006D20EEB860CBDE870404CF0010C604707
:10520000DFE80CF0090B02024FF00041A1F500218C
:105210004FF0000070BD19461046012851EB010403
:1052200018BFD4F5001484BF002001F0004170BD08
:105230000808A0F500114FEA3101704790EA010F0C
:1052400048BF81F0004100F16882421A3CBF801AD9
:1052500089184FEAD052A2EBD1534FF07F4C1CEA91
:10526000410F18BF9CEA026F00F03B804FF0004CEA
:105270004CEA00204CEA012121FA03FC10EB0C0C53
:105280001ED202F1FF325FEA1C2040EBC25038BF51
:1052900070471CF07F0F4FEA400C18BFBCF17F4FE6
:1052A00038BF7047C3F12003994008BF20F00100C8
:1052B000BCF17F4F38BF7047A0F1C04000F021BA69
:1052C0004FEA3C00000A40EBC25028BF1CF0FF0F21
:1052D0004FEA400CE6D018BFBCF17F4F38BF704793
:1052E000EAE79CEA026F05D010EA5C0F08BF00F005
:1052F0000040704710B500F0BEF900BF64FBBE3E31
:1053000010B500F033F80CBF0120002010BD10B51F
:1053100000F02CF814BF0120002010BD10B500F0E3
:10532000C1F88CBF0120002010BD10B500F0BAF804
:105330002CBF0120002010BD10B500F0E7F894BF8D
:105340000120002010BD10B500F0E0F834BF0120AE
:10535000002010BD401058BFC0F14040491058BF58
:10536000C1F140418142EFF30080704750EA010CE7
:1053700000F113801CF5000F58BFBCF5000F01D4DD
:105380008842704707D710F5000F58BF11F5000F7E
:1053900015D488427047894270471CF5000F04D528
:1053A000BCF5000FF7D5814270474FF0807C1CEBB5
:1053B000400F38BF1CEB410F01D28142704710B53E
:1053C00000F059F9922449004FF000504FF08051FD
:1053D000FFF7C0BF41000B0ED3F19E0208D950F475
:1053E00000034FEA032323FA02F048BF404270470C
:1053F00010B500F040F900BF4992248000207047AA
:105400006FF0004282EA200070470000C10DD1F128
:105410009E0206DB4FEA002343F0004323FA02F02A
:105420007047004207D54FEA4001B1F1FE4F02D26A
:105430004FF00000704710B500F01DF9499224802C
:10544000002070476FEA20007047000010F0004114
:1054500048BF4042B0FA80F310FA03F2C3F19D0353
:105460000BD051EAC35101EB1220530638BF7047ED
:1054700000F1010008BF20F001007047B0FA80F38E
:1054800010FA03F2C3F19D030AD0D90501EB1220F3
:10549000530638BF704700F1010008BF20F001003B
:1054A0007047000050EA010C00F113801CF5000F5A
:1054B00058BFBCF5000F01D48842704707D710F5DC
:1054C000000F58BF11F5000F15D48842704789426C
:1054D00070471CF5000F04D5BCF5000FF7D58142CD
:1054E00070474FF0807C1CEB400F38BF1CEB410F26
:1054F00001D28142704710B500F0BDF892244900F6
:105500004FF080504FF00051FFF724BF50EA010CDC
:1055100000F113801CF5000F58BFBCF5000F01D43B
:105520008842704707D710F5000F58BF11F5000FDC
:1055300015D488427047894270471CF5000F04D586
:10554000BCF5000FF7D5814270474FF0807C1CEB13
:10555000400F38BF1CEB410F01D28142704710B59C
:1055600000F089F8922449004FF000504FF080512C
:10557000FFF7F0BE4FF47F0C1CEAD0121EBF1CEAEE
:10558000D11392EA0C0F93EA0C0F00F0478090EAD7
:10559000010F48BF42F480724FF0004C4CEA0020EB
:1055A0004CEA012102EB0302A0FB0113A2F5000269
:1055B000002918BF43F001035B0028BF4FEA330303
:1055C00042EB22425FEA132C4CEBC2502EBFBCEBE5
:1055D000436FB2F57C0F70474FEA036CBCF1004F8C
:1055E00008BF20F00100B2F57C0F38BF70470BD523
:1055F00082F0FF0212F5803FC8BF704700F1C04043
:10560000D8BF00F00040704700F5000C5FEA4C0C7A
:1056100048BF7047B0F1C04000F073B80CEAD11336
:1056200090EA010F48BF42F48072624538BF63457B
:1056300004D280EA010000F00040704710B500F08D
:105640001AF800BF8900013E00F007B800F009B861
:105650005FEA410C5FEA1C6C08D080EA010000F0B0
:1056600050B85FEA400C5FEA1C6CF6D14FF0004086
:10567000A0F5800070470EF1020E2EF0030E5EF8CA
:10568000044B244204D44FEA4102B2F17F4F11D8B7
:105690004FEA4003B3F17F4F0CD80ED14FEAD07CD4
:1056A0000CEB4C0C0CF1020CB2F17F4F08BF4CEB31
:1056B000D17C04E04FF0080C01E04FEAD17C0CEB08
:1056C0004C0324FA03F404F00704B4F1040C06D2EA
:1056D0000EEB840CBDE810404CF0010C6047DFE895
:1056E0000CF0070802024FF00040A0F5800010BD4A
:1056F0000846420018BFD2F1807288BF00F0004017
:1057000010BDFF2141EAD050C005704790EA010F5B
:1057100048BF81F000413FF598AD421A04D882F0AD
:105720000042A0EB020011444FEAD052A2EBD15349
:105730004FF07F4C1CEA410F18BF9CEA026F4AD021
:105740004FF0004C4CEA00204CEA012121FA03FC06
:10575000B0EB0C0C0FD412F0FE0F36D05FEA4C0009
:105760001DD5001240EBC25038BF70471CF03F0FF0
:1057700018BF70470BE05FEA1C20A2F1010240EB6A
:10578000C25038BF70471CF07F0F18BF7047C3F17D
:105790002003994014BF401E20F0010070474FEADB
:1057A0001223800808BF7047B0FA80FCA2EB0C02FD
:1057B000CCF1280C60FA0CF093EA122F04BF00EB36
:1057C000C25070474FEAC3707047130A5FEADC109B
:1057D00008BF7047F6E79CEA026F04D010EA5C0F3E
:1057E00008BF0020704710B5FFF745FF40DFF63EC9
:1057F00081F000407047000000000000FF00FF0043
:10580000FF00FF00FF00FF00FF00FF00FF00FF00A0
:10581000FF00FF00FF00FF00FF000000000000008D
:105820000000000000000000000000000000000078
:105830000000000000000000000000000000FF0069
:105840000000000000000000000000000000000058
:1058500000000000000000000000FF000000000049
:105860000000000000000000000000000000000038
:105870000000000000000000000000000000000028
:10588000FF00000000000000000000000000000019
:10589000000000000000000000000000FF00000009
:1058A00000000000000000000000000000000000F8
:1058B0000000FF00000000000000000000000000E9
:1058C0000000FF00000000000000000000000000D9
:1058D0000000000000000000000000000000FF00C9
:1058E00000000000000000000000000000000000B8
:1058F0000000FF00FF00FF000000000000000000AB
:1059000000000000FF000000000000000000000098
:105910000000000000000000000000000000000087
:10592000FF00000000000000000000000000000078
:1059300000000000FF00FF00FF000000000000006A
:10594000000000000000FF00000000000000000058
:105950000000000000000000000000000000000047
:105960000000FF0000000000000000000000000038
:1059700000000000FF00FF00FF00FF00FF0000002C
:105980000000000000000000FF0000000000000018
:105990000000000000000000000000000000000007
:1059A00000000000FF0000000000000000000000F8
:1059B000000000000000FF00FF00FF00FF00FF00EC
:1059C00000000000000000000000FF0000000000D8
:1059D00000000000000000000000000000000000C7
:1059E000000000000000FF000000000000000000B8
:1059F000000000000000FF00FF00FF00FF00FF00AC
:105A0000FF00FF000000000000000000FF00000099
:105A10000000000000000000000000000000000086
:105A20000000000000000000FF0000000000000077
:105A30000000000000000000FF00FF00FF00FF006A
:105A4000FF00FF00FF000000000000000000FF005A
:105A50000000000000000000000000000000000046
:105A600000000000000000000000FF000000000037
:105A70000000000000000000FF00FF00FF00FF002A
:105A8000FF00FF00FF00FF00FF000000000000001B
:105A9000FF00000000000000000000000000000007
:105AA000000000000000000000000000FF000000F7
:105AB00000000000000000000000FF00FF00FF00E9
:105AC000FF00FF00FF00FF00FF00FF0000000000DC
:105AD0000000FF00000000000000000000000000C7
:105AE0000000000000000000000000000000FF00B7
:105AF00000000000000000000000000000000000A6
:105B000000000000FF000000000000000000000096
:105B100000000000FF000000000000000000000086
:105B20000000000000000000000000000000000075
:105B3000FF00000000000000000000000000000066
:105B4000000000000000FF00000000000000000056
:105B5000000000000000FF00000000000000000046
:105B60000000000000000000000000000000000035
:105B70000000FF0000000000000000000000000026
:105B80000000000000000000FF0000000000000016
:105B90000000000000000000FF0000000000000006
:105BA00000000000000000000000000000000000F5
:105BB00000000000FF0000000000000000000000E6
:105BC00000000000000000000000FF0000000000D6
:105BD00000000000000000000000FF0000000000C6
:105BE00000000000000000000000000000000000B5
:105BF000000000000000FF000000000000000000A6
:105C0000000000000000000000000000FF00000095
:105C1000000000000000000000000000FF00000085
:105C20000000000000000000000000000000000074
:105C30000000000000000000FF0000000000000065
:105C40000000000000000000000000000000FF0055
:105C50000000000000000000000000000000FF0045
:105C60000000000000000000000000000000000034
:105C700000000000000000000000FF000000000025
:105C80000000000000000000000000000000000014
:105C9000FF000000000000000000FF00FF00FF0008
:105CA000FF00FF00FF00FF00FF00FF00FF00FF00FC
:105CB000FF00FF00FF00FF00FF00FF00FF00FF00EC
:105CC000FF00FF00000000000000FF00FF00FF00D9
:105CD000FF00FF00FF00FF00FF00FF00FF000000CB
:105CE00000000000000000000000000000000000B4
:105CF00000000000000000000000000000000000A4
:105D000000000000FF00000000000000FF00FF0096
:105D1000FF00FF00FF00FF00FF00FF00FF00FF008B
:105D20000000000000000000000000000000000073
:105D30000000000000000000000000000000000063
:105D4000000000000000FF00000000000000000054
:105D5000FF00FF00FF00FF00FF00FF00FF0000004A
:105D6000FF00000000000000000000000000000034
:105D70000000000000000000000000000000000023
:105D80000000000000000000FF0000000000000014
:105D90000000FF00FF00FF00FF00FF00FF00FF000A
:105DA0000000FF00000000000000000000000000F4
:105DB00000000000000000000000000000000000E3
:105DC00000000000000000000000FF0000000000D4
:105DD000000000000000FF00FF00FF00FF00FF00C8
:105DE00000000000FF0000000000000000000000B4
:105DF00000000000000000000000000000000000A3
:105E0000000000000000000000000000FF00000093
:105E10000000000000000000FF00FF00FF00FF0086
:105E2000FF0000000000FF00000000000000000074
:105E30000000000000000000000000000000000062
:105E40000000000000000000000000000000FF0053
:105E5000000000000000000000000000FF00FF0044
:105E6000FF00000000000000FF000000FF00FF0036
:105E7000FF00FF00FF00FF00FF00FF00FF00FF002A
:105E8000FF00FF00FF00FF00FF00FF00FF00000019
:105E9000FF00000000000000000000000000FF0004
:105EA000FF00FF000000000000000000FF000000F5
:105EB00000000000000000000000000000000000E2
:105EC00000000000000000000000000000000000D2
:105ED000FF000000000000000000000000000000C3
:105EE0000000FF00000000000000000000000000B3
:105EF000FF000000000000000000000000000000A3
:105F00000000000000000000000000000000000091
:105F1000FF00000000000000000000000000000082
:105F20000000000000000000000000000000000071
:105F300000000000FF00FF00FF00FF00FF00FF0067
:105F4000FF00FF00FF00FF00FF00FF00FF00FF0059
:105F5000FF00000000000000000000000000000042
:105F60000000000000000000000000000000000031
:105F700000000000000000000102030406070809F9
:105F80000000000001020304081C3044586C80002B
:105F90000000000000000000000000000000000001
:105FA00000000000000000000000000000000000F1
:105FB00000000000000000000000000000000000E1
:105FC00000000000000000000000000000000000D1
:105FD00000000000000000000000000000000000C1
:105FE00000000000000000000000000000000000B1
:105FF00000000000000000000000000000000000A1
:106000000000000000000000000000000000000090
:106010000000000000000000000000000000000080
:106020000000000000000000000000000000000070
:106030000000000000000000000000000000000060
:106040000000000000000000000000000000000050
:106050000000000000000000000000000000000040
:106060000000000000000000000000000000000030
:106070000000000000000000000000000000000020
:106080000000000000000000000000000000000010
:106090000000000000000000000000000000000000
:1060A00000000000000000000000000000000000F0
:1060B00000000000000000000000000000000000E0
:1060C00000000000000000000000000000000000D0
:1060D00000000000000000000000000000000000C0
:1060E00000000000000000000000000000000000B0
:1060F00000000000000000000000000000000000A0
:10610000000000000000000000000000000000008F
:10611000000000000000000000000000000000007F
:10612000000000000000000000000000000000006F
:10613000000000000000000000000000000000005F
:10614000000000000000000000000000000000004F
:10615000000000000000000000000000000000003F
:10616000000000000000000000000000000000002F
:10617000000000000000000000000000000000001F
:10618000000000000000000000000000000000000F
:1061900000000000000000000000000000000000FF
:1061A00000000000000000000000000000000000EF
:1061B00000000000000000000000000000000000DF
:1061C00000000000000000000000000000000000CF
:1061D00000000000000000000000000000000000BF
:1061E00000000000000000000000000000000000AF
:1061F000000000000000000000000000000000009F
:10620000000000000000000000000000000000008E
:10621000000000000000000000000000000000007E
:10622000000000000000000000000000000000006E
:10623000000000000000000000000000000000005E
:10624000000000000000000000000000000000004E
:10625000000000000000000000000000000000003E
:10626000000000000000000000000000000000002E
:10627000000000000000000000000000000000001E
:10628000000000000000000000000000000000000E
:1062900000000000000000000000000000000000FE
:1062A00000000000000000000000000000000000EE
:1062B00000000000000000000000000000000000DE
:1062C00000000000000000000000000000000000CE
:1062D00000000000000000000000000000000000BE
:1062E00000000000000000000000000000000000AE
:1062F000000000000000000000000000000000009E
:10630000000000000000000000000000000000008D
:10631000000000000000000000000000000000007D
:10632000000000000000000000000000000000006D
:10633000000000000000000000000000000000005D
:10634000000000000000000000000000000000004D
:10635000000000000000000000000000000000003D
:10636000000000000000000000000000000000002D
:10637000000000000000000000000000000000001D
:10638000000000000000000000000000000000000D
:1063900000000000000000000000000000000000FD
:1063A00000000000000000000000000000000000ED
:1063B00000000000000000000000000000000000DD
:1063C00000000000000000000000000000000000CD
:1063D00000000000000000000000000000000000BD
:1063E00000000000000000000000000000000000AD
:1063F000000000000000000000000000000000009D
:10640000000000000000000000000000000000008C
:10641000000000000000000000000000000000007C
:10642000000000000000000000000000000000006C
:10643000000000000000000000000000000000005C
:10644000000000000000000000000000000000004C
:10645000000000000000000000000000000000003C
:10646000000000000000000000000000000000002C
:10647000000000000000000000000000000000001C
:10648000000000000000000000000000000000000C
:1064900000000000000000000000000000000000FC
:1064A00000000000000000000000000000000000EC
:1064B0000000000000000000FF00FF00FF00FF00E0
:1064C000FF00FF00FF00FF00FF00FF00FF00FF00D4
:1064D000FF00FF00FF00FF00FF00FF00FF00FF00C4
:1064E000FF00FF00FF00FF00FF00FF00FF00FF00B4
:1064F000FF00FF000000000000000000000000009E
:10650000000000000000000000000000000000008B
:10651000000000000000000000000000000000007B
:10652000000000000000000000000000000000006B
:10653000000000000000000000000000000000005B
:106540000000FF00FF00FF00FF00FF00FF00FF0052
:10655000FF00FF00FF00FF00FF00FF00FF00FF0043
:10656000FF00FF00FF00FF00FF00FF00FF00FF0033
:10657000FF00FF00FF00FF00FF00FF00FF00000022
:10658000000000000000000000000000000000000B
:1065900000000000000000000000000000000000FB
:1065A00000000000000000000000000000000000EB
:1065B00000000000000000000000000000000000DB
:1065C000FF00FF00FF00FF00FF00FF00FF00FF00D3
:1065D000FF00FF00FF00FF00FF00FF00FF00FF00C3
:1065E000FF00FF00FF00FF00FF00FF00FF00FF00B3
:1065F000FF00FF00FF00FF00FF00FF0000000000A1
:10660000000000000000000000000000000000008A
:10661000000000000000000000000000000000007A
:10662000000000000000000000000000000000006A
:10663000000000000000000000000000000000005A
:1066400000000000000000000000FF00FF00FF004D
:10665000FF00FF00FF00FF00FF00FF00FF00FF0042
:10666000FF00FF00FF00FF00FF00FF00FF00FF0032
:10667000FF00FF00FF00FF00FF00FF00FF00FF0022
:10668000FF00FF00FF00000000000000000000000D
:1066900000000000000000000000000000000000FA
:1066A00000000000000000000000000000000000EA
:1066B00000000000000000000000000000000000DA
:1066C0000000000000000000FF00FF00FF00FF00CE
:1066D000FF00FF00FF00FF00FF00FF00FF00FF00C2
:1066E000FF00FF00FF00FF00FF00FF00FF00FF00B2
:1066F000FF00FF00FF00FF00FF00FF00FF00FF00A2
:10670000FF00FF0000000000000000001C67000800
:10671000566A00082000C1000A000000FAF066AFC7
:10672000AFAA23E5041E3E210064A4D75D27E5A09F
:106730008BCBA0C06AA9A55A27D8A0213E4200E071
:10674000F080122244888076E318C76EE108421375
:10675000E0744213223F6484220E2E1395297CE0BC
:10676000F421E8863E3A216CC62EFC8422108874FF
:1067700063174E2E746317845C90418009B0C1800A
:10678000F83E83066C0074423201C07328AECBFC25
:106790001E60C5127A2CC0F9145E451F80773860E0
:1067A000811380F93451453F80FD149E491FC0FD7F
:1067B000149E490E00759A1409E88E00EE8913E4C0
:1067C00048BB80F9084213E03E102048911E00ECBF
:1067D000914384893980E21084A7E0C6D9D3A548C3
:1067E000BB80CEC992A549B9007B3861873780F25A
:1067F0005297238079386187378C4CF88913C48885
:10680000B9806CE0C1C7C0FD6A4211C0EE89122494
:10681000488E00C7091242860C00C70AD5AAC89143
:1068200000CD2308522CC0C688A181020E00F4A816
:1068300044C7E0EAAAB08884422210D555706A9015
:10684000FE903CFA146760C1041665147E7C6117E3
:10685000001C0813A8D0A13F747F17007A11F421FF
:106860001F779A1627C09E00C08102E648917720C4
:1068700000C2109F100F11111EC104165185B7E1FF
:106880000842109FECA952AFE0DCC9122EE07463FD
:106890001700D99451790E00771A1427C08780DB2E
:1068A000108F00F49F1F00410F90411780CC891278
:1068B00027E0CE251420C70AD36440CD4216CCCEA3
:1068C0002514208E00FC899F806928924CFF80C986
:1068D000229258CD80FF060C183060FFFC890A26F2
:1068E0004B3C00FC610780FA920870C6912181043C
:1068F0003C0021823EAA9AAA71C06E50414E60EEC1
:106900008912245740EE88F020E0D6A952AFE0D695
:10691000A952A55540F040F117C0E689D26FE0E2D8
:106920000FA1F8FC4E1F00DCC58B1DC07E88F12C2A
:10693000E07060A243C8B180FA281E8A1F80F22846
:106940009C8A1F80FC610843807E48912448915DA9
:10695000FA291C921FC0BEA71CAAABC0F4446087D2
:10696000C0E69952A64CB38029ED32A54C9967DE5A
:106970004A28D24CC07E48912244B380C699B3A520
:1069800048BB80EE8913E448BB80722861862F8063
:10699000FE89122448BB80F12452710E007C6108EC
:1069A00041E0FA9A48208700C68921428218007384
:1069B000EAA9AAA7006E90A082893B80EE891224E2
:1069C00048915DEE891121C08380D6A952A54ABFA6
:1069D00080D6A952A54A9555F14081E2245F00E78F
:1069E0000A13A8D1BD80C2081E8A1F80F442708796
:1069F000C0DCC98B162C77007E289E4929C0F02F59
:106A0000A2FC0FA1E8C62EFC5F1F80F92450F07E87
:106A10004892245740FA2FA07CBDCB2ABCF84C1FCB
:106A200080E699532CE038039A654CB380DA8624CB
:106A3000DC7E48912CE0C6D9D2AEE0EE89F22EE0A1
:106A4000FC631F80FE89122EE053E8A472487F5039
:106A50000FA2FA07C00000000000070001000000BC
:106A600001070703FA00010002020703FA0002000F
:106A700004080702F9000600050A0701F9000D00E5
:106A800005080701F900120005070701FA001700C1
:106A900001020703FA00180002080703FA001A00AF
:106AA00002080702FA001C0005040701FA001F0093
:106AB00005050701FB002300010307030000240074
:106AC00004010702FD002500010107030000260064
:106AD00004090702F9002B0005080701F90030003E
:106AE00005070701FA00350005080701F9003A001B
:106AF00005080701F9003F0005070701FA004400F7
:106B000005080701F900490005080701F9004E00D2
:106B100005080701F900530005080701F9005800AE
:106B200005080701F9005D0001040703FD005E0090
:106B300002050702FD00600005050701FC00640076
:106B400005030701FC00660005050701FC006A005B
:106B500005070701FA006F0006080701F900750034
:106B600006070700FA007B0006070700FA0081000D
:106B700006070700FA00870006070700FA008D00E5
:106B800006070700FA00930006070700FA009900BD
:106B900007070700FA00A00007070700FA00A70090
:106BA00005070701FA00AC0007070700FA00B30069
:106BB00007070700FA00BA0005070701FA00BF003F
:106BC00007070700FA00C60007070700FA00CD0014
:106BD00006070700FA00D30005070701FA00D800EE
:106BE00006090700FA00DF0007070700FA00E600C1
:106BF00005070701FA00EB0005070701FA00F0009E
:106C000007070700FA00F70007070700FA00FE0071
:106C100007070700FA00050106070700FA000B0145
:106C200007070700FA00120105070701FA0017011C
:106C3000020A0703F9001A0104090702F9001F01FB
:106C4000020A0702F900220104030702FA002401E4
:106C5000070107000200250102020703F9002601CF
:106C600007050700FC002B0106080700F9003101A9
:106C700005050701FC00350107080700F9003C0184
:106C800005050701FC00400105080701F900450161
:106C900007070700FC004C0107080700F900530133
:106CA00005080701F9005801040A0701F9005D0110
:106CB00006080701F900630105080701F9006801EA
:106CC00007050700FC006D0107050700FC007201C5
:106CD00005050701FC00760106070700FC007C01A2
:106CE00007070700FC00830105050701FC00870179
:106CF00005050701FC008B0106070700FA0091015A
:106D000007050700FC00960106050700FC009A0134
:106D100007050700FC009F0106050700FC00A30112
:106D200006070700FC00A90105050701FC00AD01ED
:106D3000030A0702F900B10101090703F900B301D1
:106D4000030A0702F900B70105020701FD00B901B6
:106D500007080901F900C00107070700FC00C70187
:106D600005050701FC00CB0106050701FC00CF016A
:106D700007070700FC00D601060A0701F900DE013B
:106D800007050700FC00E30107060700FC00E90116
:106D900007050700FC00EE0107050700FC00F301F2
:106DA00007060700FC00F90107050700FC00FE01CB
:106DB00007050700FC00030206050701FC000702A7
:106DC00005050701FC000B0207050700FC00100287
:106DD00007050700FC00150207070700FA001C0260
:106DE00006070701FA00220206070701FA00280237
:106DF00005070701FA002D0207080700FA00340210
:106E000006070701FA003A0206070701FA004002E6
:106E100005070701FA00450207070700FA004C02C0
:106E200007080700F900530206070701FA00590294
:106E300007070700FA00600207070700FA00670269
:106E400007070700FA006E0206070701FA0074023E
:106E500007070700FA007B0206070701FA00810214
:106E600005070701FA00860206070701FA008C02EF
:106E700007070700FA00930206070701FA009902C4
:106E800007070700FA00A00207080700FA00A70298
:106E900007070700FA00AE0207070700FA00B5026D
:106EA00007080700FA00BC0207070700FA00C30240
:106EB00007070700FA00CA0206070701FA00D00216
:106EC00005070701FA00D50207070700FA00DC02F0
:106ED00006070701FA00E20206050701FC00E602C8
:106EE00005080701F900EB0205050701FC00EF02A8
:106EF00006050701FC00F30207060700FC00F90283
:106F000006050701FC00FD0206050701FC00010360
:106F100005050701FC00050307050700FC000A033F
:106F200007070700FA00110306050701FC00150317
:106F300007050700FC001A0307050700FC001F03F4
:106F400007050700FC00240305050701FC002803D2
:106F500007050700FC002D0306080701F9003303AD
:106F600006070701FA00FF0000000000FF00FF0015
:106F7000FF00000000000000000000000000000012
:106F80000000000000000000FF00FF000000FF0004
:106F9000FF000000000000000000000000000000F2
:106FA00000000000000000000000FF00FF00FF00E4
:106FB000FF00FF00000000000000000000000000D3
:106FC000000000000000000000000000FF00FF00C3
:106FD000FF00FF00FF0000000000000000000000B4
:106FE0000000000000000000000000000000FF00A2
:106FF000FF000000FF00FF00000000000000000094
:107000000000000000000000000000000000FF0081
:10701000FF00FF0000000000FF00FF000000000074
:107020000000000000000000000000000000FF0061
:10703000FF00FF000000000000000000FF00FF0054
:107040000000000000000000000000000000FF0041
:10705000FF00FF0000000000000000000000000032
:10706000FF00FF0000000000000000000000000022
:10707000FF00FF00FF000000000000000000000013
:1070800000000000FF00FF00000000000000000002
:107090000000FF00FF0000000000000000000000F2
:1070A0000000000000000000FF00FF0000000000E2
:1070B00000000000FF00FF000000000000000000D2
:1070C00000000000000000000000FF00FF00FF00C3
:1070D000000000000000FF00FF00000000000000B2
:1070E000000000000000000000000000FF00FF00A2
:1070F0000000FF00FF000000FF00FF000000000094
:10710000000000000000000000000000FF00FF0081
:10711000FF0000000000FF00FF00FF00FF00FF0075
:107120000000000000000000000000000000FF0060
:10713000FF00FF00FF00FF000000FF00FF00FF0056
:10714000FF00000000000000000000000000000040
:10715000FF00FF00000000000000FF00FF00000033
:10716000FF00FF0000000000000000000000000021
:107170000000FF00FF000000000000000000FF0012
:10718000FF000000FF000000000000000000000001
:10719000000000000000FF00FF00000000000000F1
:1071A00000000000FF00FF00FF00000000000000E2
:1071B0000000000000000000FF00FF0000000000D1
:1071C0000000000000000000FF00FF0000000000C1
:1071D000000000000000000000000000FF00FF00B1
:1071E000000000000000000000000000FF00FF00A1
:1071F0000000000000000000000000000000FF0090
:10720000FF0000000000000000000000000000007F
:10721000FF00FF0000000000000000000000000070
:107220000000FF000000000000000000000000005F
:1072300000000000FF00FF00000000000000000050
:10724000000000000000FF0000000000000000003F
:107250000000000000000000FF00FF000000000030
:1072600000000000000000000000FF00000000001F
:10727000000000000000000000000000FF00FF0010
:107280000000000000000000000000000000FF00FF
:107290000000000000000000000000000000FF00EF
:1072A000FF00FF00FF00FF000000000000000000E2
:1072B0000000FF00000000000000000000000000CF
:1072C000FF00FF0000000000FF00FF00FF000000C3
:1072D000000000000000FF000000000000000000AF
:1072E0000000FF00FF0000000000000000000000A0
:1072F000FF00FF00FF0000000000FF000000000092
:1073000000000000FF00FF0000000000000000007F
:10731000000000000000FF00FF00FF00FF00FF0072
:10732000FF00FF00FF00FF00FF0000000000000062
:107330000000000000000000000000000000FF004E
:10734000FF00FF00FF00FF00FF00FF000000000043
:10735000000000000000000000000000000000002D
:10736000000000000000FF00FF00FF000000000020
:107370000000000000000000000000008C73000806
:107380007477000820007E0012000000FFFFD21F6B
:1073900080EC891224403636367F7F36FFFF3C3C36
:1073A0003C0018FFFE3C1F1F83468DF0C183006127
:1073B000224486673711224C703C7E6060307BDF50
:1073C000CEFF7FC9243766CCCCCC6631CE66333352
:1073D0003366C81818FFFF3C3C66181818FFFF18E2
:1073E0001818186B48FFFFC0F0020C1860C3060C99
:1073F0003061830C18200038FBBE3C78F1E3C7DD18
:10740000F1C038F360C183060C18FDF83CFEC703D9
:1074100003060C1870E3FFFF7CFE0303031E1E0728
:107420000303FE7C1C38B164D9BFFF3E7C7E3F184D
:107430000FC7F31C0603C3FF9F800F3F306060DC63
:10744000FEE3C3637E3CFFFFC3030606060C0C0C81
:107450001838FB1E3C6F9F63C78FF1C03C7EE6C3AC
:10746000C3E77F3B060EFCF0F00F6C001AD2000160
:1074700083870E0F80E01C03FFFFC0000FFFFCC0DE
:10748000780F01E0F9E3C1807CFEC7030E1C000009
:107490000030301E1F1CDC6C767B6DB6DB6FF3FC9E
:1074A0000633F8783C07C0380581B0360FE1FC712F
:1074B000DF7FEF80FF3FE619867F1FE61D8360FFB9
:1074C000FFF01FBFD8F83C0603018061BFC7C0FEB4
:1074D0003FE6198360D8360D8361BFEFE0FFFFD828
:1074E0006DB7C3E1B0C361FFFFE0FFFFD86DB7C365
:1074F000E1B0C0607C3E001F9FE61B06C0300C7FE1
:107500001FE19FE3F0F7FBD8CC6633F9FCC6637B41
:10751000FDE0FFF30C30C30C33FFC01FC7F0300C8D
:107520000300CC330CC73F87C0F7BDE661B0781FBE
:1075300006E198633CFF3CFC7E0C06030180C663B9
:1075400031FFFFE0E0FE3DC73DE7BCD79BB376606F
:10755000DE3FC780E1FE3DE33C66CCDD99B31E63B0
:10756000DE3BC3001F07F1C7707C0780F01F077167
:10757000C7F07C00FE7F986C361BF9F8C0607C3E3B
:10758000001F07F1C7707C0780F01F0771C7F07CF0
:107590000C33FE7F80FC7F18CC6673F1F0CC637DEA
:1075A000FE603FBFF0780F03F83F83C3FFBF80FF4B
:1075B000FFF67B3D98C06030183F1F80F1FE3D8391
:1075C00030660CC198330660C7F07C00FBFF7DC3BA
:1075D00018C3183606C0500E01C01000FBFEF60D91
:1075E000936EDBB7ADEE7B8EE318F3FCF738FC1E31
:1075F0000301E0CC73BCFF3CF3FCF738CC1E0780E2
:10760000C0300C0FC3F0FEFEC6CC18183063C3FFA9
:10761000FFFFCCCCCCCCCCFF010306060C0C181819
:1076200030306060C080FF3333333333FF1071E399
:107630006C7040FFFFFC88807E3F8FCFEE361BFED4
:10764000FFE0380601BC7F9C760D8371FFEEF03FB2
:10765000BFF8783C0705FE7E0380E018F67FB8ECA3
:107660001B06E39FF3FC3E3FB0FFFFFE01FE7E1FC3
:107670003F307E7E30303030FEFE3FBFF9D86C3771
:1076800039FC7603018FC7C0E070180DC7F3998CE1
:10769000C6637BFDE0181800787818181818FFFFEB
:1076A00018603FFC30C30C30C30FFF80E070180D32
:1076B000E6F3E1E0F86E73F9E07878181818181816
:1076C0001818FFFFFD9FF99B33666CCDBDFFBFEE21
:1076D0007F98CC66331BDFEF3E3FB8F83C1F1DFCA4
:1076E0007CEF1FF9C3B03606E1DFF378600C03E0EE
:1076F0007C001EEFFF87606C0DC39FF0F600C01882
:107700000F81F077BFCF06030183F9FC3FFFC3FC75
:107710003FC3FFFC606060FEFE606060617F3EE72B
:107720007398CC663319FE7FFBFF7CC618C1B03658
:10773000038070F1FE3DBB3763F8770EE18CF7FBF9
:10774000CD8383C3BBDFEFF3FCF618CC330781E0B6
:10775000300C060FC3F0FFFF30C30C7FFF376666A7
:10776000CC666673FFFFFFF0CE6666336666EC702C
:107770007CF3C0C0000000000B0001000000030B00
:107780000B04F600050007050B02F6000A00080CC2
:107790000B01F6001600070E0B02F5002300070B85
:1077A0000B02F6002D00080A0B01F7003700030555
:1077B0000B04F6003900040E0B05F6004000040E21
:1077C0000B02F600470008070B02F6004E000809FE
:1077D0000B02F800570003050B03FF0059000902D4
:1077E0000B01FB005C0002020B04FF005D00070FB1
:1077F0000B02F4006B00070C0B02F5007600070B80
:107800000B02F6008000080C0B01F5008C00080C40
:107810000B02F5009800070A0B02F700A100090B04
:107820000B01F600AE00080C0B02F500BA00080BC5
:107830000B01F600C500070C0B02F500D000080C88
:107840000B02F500DC0002080B04F900DE00030B5C
:107850000B03F900E30009080B01F800EC0009062E
:107860000B01F900F30009080B01F800FC00080BFC
:107870000B02F6000701090F0B01F50018010B0BB5
:107880000B00F60028010A0B0B01F6003601090B6C
:107890000B01F60043010A0B0B00F6005101090B26
:1078A0000B01F6005E01090B0B01F6006B010A0BE0
:1078B0000B01F6007901090B0B01F6008601060B9E
:1078C0000B03F6008F010A0B0B01F6009D010A0B5A
:1078D0000B01F600AB01090B0B01F600B8010B0B15
:1078E0000B00F600C8010B0B0B00F600D8010B0BC8
:1078F0000B00F600E801090B0B01F600F5010B0E79
:107900000B00F6000902090B0B01F6001602090B29
:107910000B01F6002302090B0B01F60030020B0BE2
:107920000B00F60040020B0B0B00F60050020A0B96
:107930000B00F6005E020A0B0B00F6006C020A0B4D
:107940000B00F6007A02080B0B02F6008502040E0B
:107950000B05F6008C02070F0B02F4009A02040ECE
:107960000B02F600A10207060B02F500A7020B02AC
:107970000B000300AA0203030B03F500AC02090885
:107980000B01F900B5020A0B0B00F600C30209084F
:107990000B01F900CC020A0B0B01F600DA02090810
:1079A0000B01F900E302080B0B02F600EE02090CD2
:1079B0000B01F900FC02090B0B01F6000903080B8F
:1079C0000B02F6001403060F0B02F6002003090B4E
:1079D0000B01F6002D03080B0B02F60038030B0811
:1079E0000B00F900430309080B01F9004C030908D7
:1079F0000B01F90055030B0C0B00F90066030B0C8F
:107A00000B00F900770309080B01F900800308084F
:107A10000B02F9008803080B0B01F6009303090819
:107A20000B01F9009C030B080B00F900A7030B08DE
:107A30000B00F900B20309080B01F900BB030A0CA3
:107A40000B00F900CA0307080B02F900D103040E6A
:107A50000B03F600D803020E0B05F600DC03040E40
:107A60000B04F600E30309040B01FA007C7A00081A
:107A70004A7F000820007E0016000000FFFFFE483D
:107A80007EEFDFBF7440198667FDFF330CC333FE02
:107A9000FF99866190101F1FDEFF3F83C0FC1F0906
:107AA000FCFEF7F1E04038107C30C620C640C640EE
:107AB0007C80399C013E0363026304630C3E081C16
:107AC0000E01F83B83B83F01E03E6776E3EE1CF31E
:107AD000C7FE3F70FFF418631C738E38E38E187076
:107AE000C3060861830E3871C71C71C638E318409D
:107AF000213E45283870E7FFE70E1CFC9CFFC0FCC8
:107B000008C4231084621188003E3F9DDC7E3F1F25
:107B10008FC7E3F1DDCFE3E008FFF39CE739CE73D5
:107B2000803E3FB8FC70381C1C1C1C1C1C0FF7F856
:107B30003C7FE7E7070C0E0707E7E77E3C0E1E1EBB
:107B40002E2E4E4E8EFFFF0E0E0E7F3F90180DE72D
:107B5000FB9E070381F1FFE7C03E3F9CFC0EE7FB65
:107B6000DFC7E3F1DDEFE3E0FFFFC0E0E06070308E
:107B7000381C0C0E0703803F1FEE3F87E3CFC7FB87
:107B8000CFE1F87F3DFE3F003E3FBDDC7E3F1FDE84
:107B9000FF3B81F9CFE3C0FC0007E0FC0007E5E014
:107BA0000083C7DF0C0780F81F0180FFFFC0000FB4
:107BB000FFFC00703F03E0387DF1E080003E3FB8FD
:107BC000FC70381C1C1C1C0E000381C003F00FFC51
:107BD0001E0E380270E96319C219C611C633C632C7
:107BE00063FE73DC3C001FF807F00700F00F80F81D
:107BF0001D819C19C38C3FE7FE706607E070FF9FF4
:107C0000FB83F07E0FFF3FF706E0FC1F83FFEFF8DA
:107C10001F83FE78E707E00E00E00E00E00707781C
:107C2000F3FE1F80FF8FFCE0EE0EE07E07E07E0794
:107C3000E07E0EE0EFFCFF80FFFFF81C0E07FBFD6F
:107C4000C0E070381FFFF8FFFFF81C0E07FBFDC0F7
:107C5000E070381C0E000F87F9E3B83E01C038FF12
:107C60001FE06E0DE39FD0F2E0FC1F83F07E0FFF5C
:107C7000FFFF07E0FC1F83F07E0EFFFFFFFFFE0704
:107C800007070707070707E7E7E77E3CE0EE1CE387
:107C90008E70EE0FC0FE0F70E70E38E1CE0EE0E002
:107CA000E0E0E0E0E0E0E0E0E0E0E0FFFFF87FE1DE
:107CB000FF87FE1FEC7FB37ECDFB37ECDF9E7E7926
:107CC000F9E7E79CE0FE1FC3FC7FCFD9FBBF37E796
:107CD000FC7F87F0FE0E0F81FF1E3CE0EE03F01FDD
:107CE00080FC07E03B839E3C7FC0F800FF9FFB8742
:107CF000F07E0FC3FFF7FCE01C0380700E000F81C5
:107D0000FF1E3CE0EE03F01F80FC07E1BB8F9E3CB2
:107D10007FE0FB8008FF8FFCE0EE0EE0EE0EFFCF71
:107D2000FCE0EE0EE0EE0EE0F03F0FFBC7F07E0150
:107D3000FC1FF03F00FC1DC7BFE1F8FFFFC7038138
:107D4000C0E070381C0E070381C0E0FC1F83F07E8A
:107D50000FC1F83F07E0FC1FC7BFE1F060670E707E
:107D6000E30C30C39C1981981F80F00F00F00600CF
:107D700061C3B8E19C70CE3CE336719B30ED983620
:107D80007C1B3C0F1E078F01C380E18070E78E399A
:107D9000C1F81F80F00700F01F819C39C70E70E00A
:107DA000E0FC39C718C3B83607C0700E01C03807E9
:107DB00000E0FFFFC0E0E0F07070707838381FFF1F
:107DC000F8FFEEEEEEEEEEEEEFF086108610843069
:107DD000843080FF7777777777777FF0181C3C3E89
:107DE000366663C3FFC0CC3F1FEE380E3F9EEE3BAE
:107DF0009EFF9EE0E0380E03BCFFBCEE1F87E1F85B
:107E00007F3BFEEF001F3FDC7C0E070380E37F8F8C
:107E1000000381C0E777FBBF8FC7E3F1FDEFF3B845
:107E20003E3F9CDC3FFFFF81C37F8F003BDDFFB9FE
:107E3000CE739CE7003BBFDDFC7E3F1F8FEF7F9D35
:107E4000C0FC77F1F0E070381DEFFF9F8FC7E3F1C2
:107E5000F8FC7E38FC7FFFFFFE7707777777777730
:107E60007FE0E070381C7E7773F1F8FE7739DC6EC6
:107E700038FFFFFFFFFEEF7BFFFE39F8E7E39F8E41
:107E80007E39F8E7E39F8E70EF7FF8FC7E3F1F8F0F
:107E9000C7E3F1C01E1FE73B87E1F87E1DCE7F8759
:107EA00080EF3FEF3B87E1F87E1FCEFFBBCE038024
:107EB000E038003BBFFDFC7E3F1F8FEF7F9DC0E0A1
:107EC00070381CEFFF38E38E38E3803E3FB8FC0F7C
:107ED000C3FC3FC7FF1F0073BFF739CE739E70E32B
:107EE000F1F8FC7E3F1F8FC7FFBDC0E1986739CC1A
:107EF000330DC3E0781E0700E31D9E667999E6778F
:107F0000B8D2C3CF0F3C3CF07380739CE3F0781E73
:107F10000781E0FC739CE0E1D86739CE330EC3E003
:107F2000781E0300C070380E00FEFE0E1C3838703C
:107F3000E0FFFF3766666EE666666730FFFF80CE5D
:107F40006666677666666EC0718E0000000005008A
:107F500001000000030D0602F400050007050901F9
:107F6000F4000A000A0C0A00F5001900090F0A01C2
:107F7000F3002A00100D1000F40044000C0D0D0158
:107F8000F400580003050501F4005A00061106012B
:107F9000F400670006110600F400740005060701EE
:107FA000F400780007080B02F9007F0003050401C4
:107FB000FF00810005020600FB00830003020401AC
:107FC000FF008400050D0500F4008D00090D0A0175
:107FD000F4009C00050D0A02F400A500090D0A0139
:107FE000F400B400080D0A01F400C100080D0A02F3
:107FF000F400CE00090D0A01F400DD00090D0A01AC
:10800000F400EC00090D0A00F400FB000A0D0A0060
:10801000F4000C01090D0A01F4001B01030904011D
:10802000F8001F01030C0401F800240109090B01E9
:10803000F8002F0109060B01FA00360109090B01AE
:10804000F8004101090D0B01F4005001100F12005E
:10805000F4006E010C0D0D00F40082010B0D0D01FA
:10806000F40094010C0D0D01F400A8010C0D0D019C
:10807000F400BC01090D0C01F400CB01090D0B014A
:10808000F400DA010B0D0E01F400EC010B0D0D01F3
:10809000F400FE01030D0601F4000302080D0A01BD
:1080A000F40010020C0D0D01F4002402080D0B0168
:1080B000F40031020E0D1001F40048020B0D0E0108
:1080C000F4005A020D0D0E01F40070020B0D0C01AC
:1080D000F40082020D0E0E01F40099020C0D0D0148
:1080E000F400AD020B0D0C01F400BF02090D0C02EF
:1080F000F400CE020B0D0D01F400E0020C0D0C009B
:10810000F400F402110D1100F40010030C0D0C002A
:10811000F40024030B0D0C01F4003603090D0B01D0
:10812000F400450304110601F4004E03050D05009B
:10813000F400570304110600F400600308080B0163
:10814000F40068030A010A0004006A030302050040
:10815000F4006B030A0A0A01F70078030A0D0B0109
:10816000F4008903090A0A01F7009503090D0B01C0
:10817000F400A403090A0A01F700B003050D060183
:10818000F400B903090E0B01F700C903090D0B0137
:10819000F400D803030D0501F400DD03041105000C
:1081A000F400E603090D0A01F400F503030D0501CF
:1081B000F400FA030E0A1001F7000C04090A0B017F
:1081C000F70018040A0A0B01F70025040A0E0B0138
:1081D000F7003704090E0B01F7004704060A0701F0
:1081E000F7004F04090A0A01F7005B04050C0601B9
:1081F000F5006304090A0B01F7006F040A0A0A007C
:10820000F7007C040E0A0E00F7008E040A0A0A002A
:10821000F7009B040A0E0A00F700AD04080A0901E2
:10822000F700B70404110701F400C00401110502AE
:10823000F400C30404110702F400CC04080209008E
:10824000FC00000000000000000000000000000032
:10825000000000000000000000000000000000001E
:10826000000000000000000000000000000000000E
:1082700000000000000000000000000000000000FE
:1082800000000000000000000000000000000000EE
:1082900000000000000000000000000000000000DE
:1082A00000000000000000000000000000000000CE
:1082B00000000000000000000000000000000000BE
:1082C00000000000000000000000000000000000AE
:1082D000000000000000000000000000000000009E
:1082E000000000000000000000000000000000008E
:1082F000000000000000000000000000000000007E
:10830000000000000000000000000000000000006D
:10831000000000000000000000000000000000005D
:10832000000000000000000000000000000000004D
:10833000000000000000000000000000000000003D
:10834000000000000000000000000000000000002D
:10835000000000000000000000000000000000001D
:10836000000000000000000000000000000000000D
:1083700000000000000000000000000000000000FD
:1083800000000000000000000000000000000000ED
:1083900000000000000000000000000000000000DD
:1083A00000000000000000000000000000000000CD
:1083B00000000000000000000000000000000000BD
:1083C00000000000000000000000000000000000AD
:1083D000000000000000000000000000000000009D
:1083E000000000000000000000000000000000008D
:1083F000000000000000000000000000000000007D
:10840000000000000000000000000000000000006C
:10841000000000000000000000000000000000005C
:10842000000000000000000000000000000000004C
:10843000000000000000000000000000000000003C
:10844000000000000000000000000000000000002C
:10845000000000000000000000000000000000001C
:10846000000000000000000000000000000000000C
:1084700000000000000000000000000000000000FC
:1084800000000000000000000000000000000000EC
:1084900000000000000000000000000000000000DC
:1084A00000000000000000000000000000000000CC
:1084B00000000000000000000000000000000000BC
:1084C00000000000000000000000000000000000AC
:1084D000000000000000000000000000000000009C
:1084E000000000000000000000000000000000008C
:1084F000000000000000000000000000000000007C
:10850000000000000000000000000000000000006B
:10851000000000000000000000000000000000005B
:10852000000000000000000000000000000000004B
:10853000000000000000000000000000000000003B
:10854000000000000000000000000000000000002B
:10855000000000000000000000000000000000001B
:10856000000000000000000000000000000000000B
:1085700000000000000000000000000000000000FB
:1085800000000000000000000000000000000000EB
:1085900000000000000000000000000000000000DB
:1085A00000000000000000000000000000000000CB
:1085B00000000000000000000000000000000000BB
:1085C00000000000000000000000000000000000AB
:1085D000000000000000000000000000000000009B
:1085E000000000000000000000000000000000008B
:1085F000000000000000000000000000000000007B
:10860000000000000000000000000000000000006A
:10861000000000000000000000000000000000005A
:10862000000000000000000000000000000000004A
:10863000000000000000000000000000000000003A
:10864000000000000000000000000000000000002A
:10865000000000000000000000000000000000001A
:10866000000000000000000000000000000000000A
:10867000000000000000FF000000000000000000FB
:1086800000000000000000000000000000000000EA
:1086900000000000000000000000000000000000DA
:1086A00000000000000000000000000000000000CA
:1086B0000000000000000000FF00000000000000BB
:1086C00000000000000000000000000000000000AA
:1086D000000000000000000000000000000000009A
:1086E000000000000000FF00FF00FF00FF00FF008F
:1086F000FF00FF00FF00FF000000FF000000FF0080
:10870000FF00FF00FF00FF00FF00FF00FF00FF0071
:10871000FF00FF00FF00FF00FF00FF00FF00FF0061
:10872000FF00FF00FF00FF00FF000000000000004E
:10873000000000000000000000000000FF0000003A
:108740000000000000000000000000000000000029
:108750000000000000000000000000000000000019
:108760000000000000000000FF00FF00000000000B
:10877000000000000000FF00FF0000000000FF00FC
:1087800000000000FF00FF000000000000000000EB
:1087900000000000000000000000000000000000D9
:1087A00000000000000000000000FF00FF000000CB
:1087B0000000000000000000FF00FF00FF000000BC
:1087C000FF000000FF00FF00FF00000000000000AD
:1087D0000000000000000000000000000000000099
:1087E000000000000000000000000000FF00FF008B
:1087F000000000000000000000000000FF00FF007B
:10880000FF00FF00FF00FF00FF000000000000006D
:108810000000000000000000000000000000000058
:108820000000000000000000000000000000FF0049
:10883000FF00000000000000000000000000000039
:10884000FF00FF00FF00FF00FF000000000000002D
:108850000000000000000000000000000000000018
:108860000000000000000000000000000000000008
:10887000FF00FF00000000000000000000000000FA
:1088800000000000FF00FF00FF00000000000000EB
:1088900000000000000000000000000000000000D8
:1088A00000000000000000000000000000000000C8
:1088B0000000FF00FF0000000000000000000000BA
:1088C00000000000000000000000000000000000A8
:1088D0000000000000000000000000000000000098
:1088E0000000000000000000000000000000000088
:1088F00000000000FF00FF0000000000000000007A
:108900000000FF00FF00FF00FF00FF00FF00FF006E
:10891000FF00FF0000000000000000000000000059
:108920000000000000000000000000000000000047
:10893000000000000000FF00FF0000000000000039
:108940000000000000000000000000000000000027
:108950000000000000000000000000000000000017
:108960000000000000000000000000000000000007
:108970000000000000000000FF00FF00FF00FF00FB
:10898000FF00FF00FF00FF00FF00FF00FF00FF00EF
:10899000FF00FF00FF00FF00FF00FF00FF00FF00DF
:1089A000FF00FF00FF00FF00FF00FF00FF00FF00CF
:1089B000FF00FF00FF00FF00FF00FF0000000000BD
:1089C00000000000000000000000000000000000A7
:1089D0000000000000000000000000000000000097
:1089E0000000000000000000000000000000000087
:1089F0000000000000000000000000000000000077
:108A00000000000000000000000000000000000066
:108A10000000000000000000000000000000000056
:108A20000000000000000000000000000000000046
:108A30000000000000000000000000000000000036
:108A40000000000000000000000000000000000026
:108A50000000000000000000000000000000000016
:108A60000000000000000000000000000000000006
:108A700000000000000000000000000000000000F6
:108A800000000000000000000000000000000000E6
:108A900000000000000000000000000000000000D6
:108AA00000000000000000000000000000000000C6
:108AB00000000000000000000000000000000000B6
:108AC00000000000000000000000000000000000A6
:108AD0000000000000000000000000000000000096
:108AE0000000000000000000000000000000000086
:108AF0000000000000000000000000000000000076
:108B00000000000000000000000000000000000065
:108B10000000000000000000000000000000000055
:108B20000000000000000000000000000000000045
:108B30000000000000000000000000000000000035
:108B40000000000000000000000000000000000025
:108B50000000000000000000000000000000000015
:108B60000000000000000000000000000000000005
:108B700000000000000000000000000000000000F5
:108B800000000000000000000000000000000000E5
:108B900000000000000000000000000000000000D5
:108BA00000000000000000000000000000000000C5
:108BB00000000000000000000000000000000000B5
:108BC00000000000000000000000000000000000A5
:108BD0000000000000000000000000000000000095
:108BE000FF00000000000000000000000000000086
:108BF0000000000000000000000000000000000075
:108C00000000000000000000000000000000000064
:108C10000000000000000000000000000000000054
:108C20000000FF0000000000000000000000000045
:108C30000000000000000000000000000000000034
:108C40000000000000000000000000000000000024
:108C50000000000000000000000000000000000014
:108C600000000000FF000000000000000000000005
:108C700000000000000000000000000000000000F4
:108C800000000000000000000000000000000000E4
:108C90000000000000000000000000000000FF00D5
:108CA000FF0000000000FF0000000000FF00FF00C8
:108CB00000000000000000000000000000000000B4
:108CC00000000000000000000000000000000000A4
:108CD0000000000000000000000000000000000094
:108CE000FF00FF00FF000000FF000000FF00FF008A
:108CF000FF00000000000000000000000000000075
:108D00000000000000000000000000000000000063
:108D10000000000000000000000000000000000053
:108D200000000000FF00FF00FF00FF00FF00FF0049
:108D3000FF00000000000000000000000000000034
:108D40000000000000000000000000000000000023
:108D50000000000000000000000000000000000013
:108D60000000000000000000FF00FF00FF00FF0007
:108D7000FF000000000000000000000000000000F4
:108D800000000000000000000000000000000000E3
:108D900000000000000000000000000000000000D3
:108DA000000000000000000000000000FF00FF00C5
:108DB000FF000000000000000000000000000000B4
:108DC00000000000000000000000000000000000A3
:108DD0000000000000000000000000000000000093
:108DE0000000000000000000000000000000000083
:108DF000FF00000000000000000000000000000074
:108E00000000000000000000000000000000000062
:108E10000000000000000000000000000000000052
:108E200000000000000000000000FF00FF00FF0045
:108E3000FF00FF00FF00FF00FF00FF000000000038
:108E40000000000000000000000000000000000022
:108E50000000000000000000000000000000000012
:108E6000FF00FF00FF00FF00FF00FF00FF00FF000A
:108E7000FF00FF00FF00FF00FF00FF00FF00FF00FA
:108E8000FF00FF00FF00FF00FF00FF00FF00FF00EA
:108E9000FF00FF00FF00FF00FF00FF00FF00FF00DA
:108EA000FF00FF00000000000000000000000000C4
:108EB00000000000000000000000000000000000B2
:108EC00000000000000000000000000000000000A2
:108ED0000000000000000000000000000000000092
:108EE0000000FF00FF000000000000000000000084
:108EF0000000000000000000000000000000000072
:108F00000000000000000000000000000000000061
:108F10000000000000000000000000000000000051
:108F200000000000FF00FF00000000000000000043
:108F30000000000000000000000000000000000031
:108F40000000000000000000000000000000000021
:108F50000000000000000000000000000000000011
:108F6000000000000000FF00FF0000000000000003
:108F700000000000000000000000000000000000F1
:108F800000000000000000000000000000000000E1
:108F900000000000000000000000000000000000D1
:108FA0000000000000000000FF00FF0000000000C3
:108FB00000000000000000000000000000000000B1
:108FC00000000000000000000000000000000000A1
:108FD0000000000000000000000000000000000091
:108FE00000000000000000000000FF00FF00000083
:108FF0000000000000000000000000000000000071
:109000000000000000000000000000000000000060
:109010000000000000000000000000000000000050
:10902000000000000000000000000000FF00FF0042
:109030000000000000000000000000000000000030
:109040000000000000000000000000000000000020
:109050000000000000000000000000000000000010
:109060000000000000000000000000000000FF0001
:10907000FF000000000000000000000000000000F1
:1090800000000000000000000000000000000000E0
:1090900000000000000000000000000000000000D0
:1090A00000000000000000000000000000000000C0
:1090B000FF00FF00000000000000000000000000B2
:1090C00000000000000000000000000000000000A0
:1090D0000000000000000000000000000000000090
:1090E0000000000000000000000000000000000080
:1090F0000000FF00FF00FF00FF00FF00FF00FF0077
:10910000FF00FF00FF00FF00FF00FF00FF00FF0067
:10911000FF00FF00FF00FF00FF00FF00FF00FF0057
:10912000FF00FF00FF00FF00FF00FF00FF00FF0047
:10913000FF00FF00FF000000000000000000000032
:1091400000000000000000000000FF000000000020
:10915000000000000000000000000000000000000F
:1091600000000000000000000000000000000000FF
:1091700000000000000000000000000000000000EF
:10918000000000000000000000000000FF000000E0
:1091900000000000000000000000000000000000CF
:1091A00000000000000000000000000000000000BF
:1091B00000000000000000000000000000000000AF
:1091C0000000000000000000000000000000FF00A0
:1091D000000000000000000000000000000000008F
:1091E000000000000000000000000000000000007F
:1091F000000000000000000000000000000000006F
:10920000000000000000000000000000000000005E
:10921000FF0000000000000000000000000000004F
:10922000000000000000000000000000000000003E
:10923000000000000000000000000000000000002E
:1092400000000000000000000000FF00FF00000020
:109250000000FF0000000000FF00FF000000000011
:1092600000000000000000000000000000000000FE
:1092700000000000000000000000000000000000EE
:10928000000000000000000000000000FF00FF00E0
:10929000FF000000FF000000FF00FF00FF000000D3
:1092A00000000000000000000000000000000000BE
:1092B00000000000000000000000000000000000AE
:1092C000000000000000000000000000000000009E
:1092D000FF00FF00FF00FF00FF00FF00FF00000095
:1092E000000000000000000000000000000000007E
:1092F000000000000000000000000000000000006E
:10930000000000000000000000000000000000005D
:1093100000000000FF00FF00FF00FF00FF00000052
:10932000000000000000000000000000000000003D
:10933000000000000000000000000000000000002D
:10934000000000000000000000000000000000001D
:109350000000000000000000FF00FF00FF00000010
:1093600000000000000000000000000000000000FD
:1093700000000000000000000000000000000000ED
:1093800000000000000000000000000000000000DD
:1093900000000000000000000000000000000000CD
:1093A00000000000000000000000000000000000BD
:1093B00000000000000000000000000000000000AD
:1093C000000000000000000000000000000000009D
:1093D000000000000000FF00FF00FF00FF00FF0092
:1093E000FF00FF00FF00FF00000000000000000081
:1093F000000000000000000000000000000000006D
:10940000000000000000000000000000000000005C
:10941000000000000000000000000000000000004C
:10942000000000000000000000000000000000003C
:10943000000000000000000000000000000000002C
:10944000000000000000000000000000000000001C
:10945000000000000000000000000000000000000C
:1094600000000000000000000000000000000000FC
:1094700000000000000000000000000000000000EC
:1094800000000000000000000000000000000000DC
:1094900000000000000000000000000000000000CC
:1094A00000000000000000000000000000000000BC
:1094B00000000000000000000000000000000000AC
:1094C000000000000000000000000000000000009C
:1094D000000000000000000000000000000000008C
:1094E000000000000000000000000000000000007C
:1094F000000000000000000000000000000000006C
:10950000000000000000000000000000000000005B
:10951000000000000000000000000000000000004B
:10952000000000000000000000000000000000003B
:10953000000000000000000000000000000000002B
:10954000000000000000000000000000000000001B
:10955000000000000000000000000000000000000B
:1095600000000000000000000000000000000000FB
:1095700000000000000000000000000000000000EB
:1095800000000000000000000000000000000000DB
:1095900000000000000000000000000000000000CB
:1095A00000000000000000000000000000000000BB
:1095B00000000000000000000000000000000000AB
:1095C000000000000000000000000000000000009B
:1095D00000000000000000000000FF00FF00FF008E
:1095E000FF00FF00FF00FF00FF00FF00FF00FF0083
:1095F000FF00FF00FF00FF00FF00FF00FF00FF0073
:10960000FF00FF00FF00FF00FF00FF00FF00FF0062
:10961000FF00FF00FF00FF00FF00FF00FF00000051
:10962000000000000000000000000000000000003A
:10963000000000000000000000000000000000002A
:10964000000000000000000000000000000000001A
:10965000000000000000000000000000FF00FF000C
:1096600000000000000000000000000000000000FA
:1096700000000000000000000000000000000000EA
:1096800000000000000000000000000000000000DA
:109690000000000000000000000000000000FF00CB
:1096A000FF000000000000000000000000000000BB
:1096B00000000000000000000000000000000000AA
:1096C000000000000000000000000000000000009A
:1096D000000000000000000000000000000000008A
:1096E000FF00FF000000000000000000000000007C
:1096F000000000000000000000000000000000006A
:109700000000000000000000000000000000000059
:109710000000000000000000000000000000000049
:109720000000FF00FF00000000000000000000003B
:109730000000000000000000000000000000000029
:109740000000000000000000000000000000000019
:109750000000000000000000000000000000000009
:1097600000000000FF00FF000000000000000000FB
:1097700000000000000000000000000000000000E9
:1097800000000000000000000000000000000000D9
:1097900000000000000000000000000000000000C9
:1097A000000000000000FF00FF00000000000000BB
:1097B00000000000000000000000000000000000A9
:1097C0000000000000000000000000000000000099
:1097D0000000000000000000000000000000000089
:1097E0000000000000000000FF00FF00000000007B
:1097F0000000000000000000000000000000000069
:109800000000000000000000000000000000000058
:109810000000000000000000000000000000000048
:1098200000000000000000000000FF00FF0000003A
:109830000000000000000000000000000000000028
:109840000000000000000000000000000000000018
:109850000000000000000000000000000000000008
:10986000000000000000000000000000FF00FF00FA
:10987000FF00FF00FF00FF00FF00FF00FF00FF00F0
:10988000FF00FF00FF00FF00FF00FF00FF00FF00E0
:10989000FF00FF00FF00FF00FF00FF00FF00FF00D0
:1098A000FF00FF00FF00FF00FF00FF00FF00FF00C0
:1098B0000000000004040400020406080A0C000072
:1098C000080000000800000000000000FF00FF008A
:1098D000FF00FF00FF00FF00FF00FF00FF00FF0090
:1098E0000000000000000000000000000000000078
:1098F0000000000000000000000000000000000068
:109900000000000000000000000000000000000057
:109910000000FF0000000000000000000000000048
:1099200000000000FF000000000000000000000038
:109930000000000000000000000000000000000027
:109940000000000000000000000000000000000017
:109950000000000000000000FF0000000000000008
:1099600000000000000000000000FF0000000000F8
:1099700000000000000000000000000000000000E7
:1099800000000000000000000000000000000000D7
:109990000000000000000000000000000000FF00C8
:1099A00000000000000000000000000000000000B7
:1099B000FF000000000000000000000000000000A8
:1099C0000000000000000000000000000000000097
:1099D0000000000000000000000000000000000087
:1099E00000000000FF000000000000000000000078
:1099F000000000000000FF00000000000000000068
:109A00000000000000000000000000000000000056
:109A10000000000000000000000000000000000046
:109A200000000000000000000000FF000000000037
:109A3000000000000000FF00FF00FF00FF00FF002B
:109A4000FF00000000000000000000000000000017
:109A5000FF00000000000000000000000000000007
:109A60000000FF00000000000000000000000000F7
:109A7000FF00FF00FF00FF00FF00FF00FF000000ED
:109A8000000000000000FF000000000000000000D7
:109A9000000000000000FF000000000000000000C7
:109AA000000000000000FF00FF00FF0000000000B9
:109AB0000000FF00FF00FF00FF00000000000000AA
:109AC0000000FF000000000000000000FF00000098
:109AD000000000000000000000000000FF00000087
:109AE000000000000000000000000000FF00FF0078
:109AF000FF00000000000000FF0000000000000068
:109B00000000000000000000FF0000000000000056
:109B10000000FF00FF000000000000000000000047
:109B20000000FF0000000000000000000000000036
:109B3000FF00FF00FF00FF00FF0000000000FF002B
:109B400000000000FF00FF00FF00FF00FF00FF001B
:109B50000000000000000000FF0000000000000006
:109B60000000000000000000FF00000000000000F6
:109B7000000000000000FF00FF00FF00FF00FF00EA
:109B80000000FF00FF00FF00FF00FF0000000000DA
:109B900000000000FF000000000000000000FF00C7
:109BA0000000000000000000000000000000FF00B6
:109BB00000000000000000000000FF00FF00FF00A8
:109BC000FF00FF00FF00FF000000FF00000000009A
:109BD00000000000000000000000FF000000000086
:109BE00000000000FF00FF00000000000000000077
:109BF00000000000FF000000000000000000000066
:109C0000FF00FF00FF00FF00FF00FF00FF0000005B
:109C1000FF0000000000FF00FF00FF00FF00FF004A
:109C2000FF000000000000000000FF000000000036
:109C300000000000000000000000FF000000000025
:109C4000000000000000000000000000FF00000015
:109C500000000000FF00FF00FF00FF00FF00000009
:109C6000000000000000FF000000000000000000F5
:109C7000FF000000000000000000000000000000E5
:109C8000FF000000000000000000000000000000D5
:109C90000000FF000000000000000000FF000000C6
:109CA000000000000000000000000000FF000000B5
:109CB000000000000000FF00FF00000000000000A6
:109CC000000000000000FF00000000000000000095
:109CD0000000000000000000FF0000000000000085
:109CE0000000FF0000000000FF00FF00FF00FF0079
:109CF000FF00FF000000000000000000FF00000067
:109D0000000000000000000000000000FF00000054
:109D10000000000000000000000000000000FF0044
:109D2000000000000000FF00FF00FF00FF00FF0038
:109D30000000000000000000FF0000000000000024
:109D40000000FF0000000000000000000000000014
:109D50000000FF0000000000000000000000000004
:109D600000000000FF000000000000000000FF00F5
:109D70000000000000000000000000000000FF00E4
:109D80000000000000000000FF00FF0000000000D5
:109D90000000000000000000FF00000000000000C4
:109DA00000000000000000000000FF0000000000B4
:109DB00000000000FF0000000000FF00FF00FF00A7
:109DC000FF00FF00FF000000000000000000FF0097
:109DD0000000000000000000000000000000FF0084
:109DE0000000000000000000000000000000000073
:109DF000FF00000000000000FF00FF00FF00FF0068
:109E0000FF000000000000000000FF000000000054
:109E100000000000FF000000000000000000FF0044
:109E2000FF00FF00FF00FF00FF00FF000000000038
:109E3000000000000000FF00000000000000000023
:109E4000FF00000000000000000000000000000013
:109E5000FF000000000000000000FF00FF00000005
:109E600000000000FF00FF00FF00FF00FF00FF00F8
:109E7000FF0000000000000000000000FF000000E4
:109E8000000000000000FF0000000000FF00FF00D5
:109E9000FF00FF00FF00FF000000000000000000C6
:109EA000FF0000000000000000000000FF00FF00B5
:109EB000FF00FF00FF0000000000000000000000A5
:109EC0000000FF00000000000000FF00FF00FF0096
:109ED000FF00FF000000000000000000FF00000085
:109EE000000000000000FF00000000000000000073
:109EF0000000FF00FF00FF00FF00FF000000000067
:109F00000000000000000000FF0000000000000052
:109F10000000FF0000000000000000000000000042
:109F20000000FF000000000000000000FF00FF0034
:109F300000000000000000000000FF00FF00FF0024
:109F40000000000000000000000000000000FF0012
:109F50000000000000000000FF0000000000FF0003
:109F6000FF00FF00FF00FF00FF00000000000000F6
:109F70000000FF00000000000000000000000000E2
:109F8000FF00FF00FF0000000000000000000000D4
:109F900000000000FF00000000000000FF00FF00C4
:109FA000FF00FF00FF000000000000000000FF00B5
:109FB0000000000000000000FF00000000000000A2
:109FC0000000000000000000FF00FF00FF00FF0095
:109FD000FF00FF00FF00FF00FF00FF000000000087
:109FE000000000000000FF00000000000000000072
:109FF00000000000FF000000000000000000FF0063
:10A000000000000000000000000000000000000050
:10A010000000000000000000000000000000000040
:10A020000000000000000000000000000000FF0031
:10A0300000000000000000000000FF000000000021
:10A040000000FF0000000000000000000000000011
:10A050000000000000000000000000000000000000
:10A0600000000000000000000000000000000000F0
:10A07000000000000000FF00FF00FF00FF00FF00E5
:10A08000FF00FF00FF00FF000000000000000000D4
:10A0900000000000000000000000000000000000C0
:10A0A00000000000000000000000000000000000B0
:10A0B000000000002D2D2D2D00D0A8D0A22E00D004
:10A0C0009CD09C00312FD09CD098D09D00000000E7
:10A0D000F0A0000800000020280000006C0100082B
:10A0E00018A1000828000020B027000088010008FF
:10A0F0000024F40040000001E000002000010020E6
:10A10000F0000020D00000209C000020AC000020C7
:08A11000010000000000000046
:0400000508000131BD
:00000001FF
