ISO-10303-21;
HEADER;
FILE_DESCRIPTION (( 'STEP AP203' ),
    '1' );
FILE_NAME ('Накладка лицевой панели (3D print).STEP',
    '2026-04-16T06:53:22',
    ( '' ),
    ( '' ),
    'SwSTEP 2.0',
    'SolidWorks 2020',
    '' );
FILE_SCHEMA (( 'CONFIG_CONTROL_DESIGN' ));
ENDSEC;

DATA;
#1 = CARTESIAN_POINT ( 'NONE',  ( 2.074954986571962312, -57.07508182525601370, 1.450001532400348792 ) ) ;
#2 = ORIENTED_EDGE ( 'NONE', *, *, #3954, .F. ) ;
#3 = ORIENTED_EDGE ( 'NONE', *, *, #4868, .F. ) ;
#4 = EDGE_CURVE ( 'NONE', #2945, #2873, #5034, .T. ) ;
#5 = AXIS2_PLACEMENT_3D ( 'NONE', #3795, #1603, #1190 ) ;
#6 = CARTESIAN_POINT ( 'NONE',  ( -39.16045748684096850, -40.49992961723538087, 1.450000807877520614 ) ) ;
#7 = CARTESIAN_POINT ( 'NONE',  ( -52.20836668985239015, -37.99971724957600117, 3.000000000000000000 ) ) ;
#8 = VECTOR ( 'NONE', #3702, 1000.000000000000000 ) ;
#9 = EDGE_CURVE ( 'NONE', #234, #3244, #4447, .T. ) ;
#10 = CIRCLE ( 'NONE', #4285, 1.749999999999994671 ) ;
#11 = VECTOR ( 'NONE', #4153, 1000.000000000000000 ) ;
#12 = CYLINDRICAL_SURFACE ( 'NONE', #5454, 0.5000000000000004441 ) ;
#13 = VERTEX_POINT ( 'NONE', #1907 ) ;
#14 = DIRECTION ( 'NONE',  ( -3.608224830031757968E-15, -0.9999999999999990008, 4.371140888484446938E-08 ) ) ;
#15 = AXIS2_PLACEMENT_3D ( 'NONE', #2791, #2880, #2035 ) ;
#16 = CARTESIAN_POINT ( 'NONE',  ( 39.16013196753240777, -8.499931335448993153, 3.000000000000000000 ) ) ;
#17 = CARTESIAN_POINT ( 'NONE',  ( -61.00000000000001421, -61.00000000000000711, 0.000000000000000000 ) ) ;
#18 = DIRECTION ( 'NONE',  ( -0.000000000000000000, -0.000000000000000000, -1.000000000000000000 ) ) ;
#19 = CARTESIAN_POINT ( 'NONE',  ( -39.16013196753240777, -3.499931335448993597, 3.000000000000000000 ) ) ;
#20 = VERTEX_POINT ( 'NONE', #5440 ) ;
#21 = LINE ( 'NONE', #2589, #714 ) ;
#22 = DIRECTION ( 'NONE',  ( -4.180742545671762101E-15, -4.371140887755362005E-08, -0.9999999999999992228 ) ) ;
#23 = ORIENTED_EDGE ( 'NONE', *, *, #5334, .T. ) ;
#24 = CARTESIAN_POINT ( 'NONE',  ( -39.16034355507910902, -33.49992961816254677, 1.450000501897658278 ) ) ;
#25 = VECTOR ( 'NONE', #3394, 1000.000000000000000 ) ;
#26 = VERTEX_POINT ( 'NONE', #19 ) ;
#27 = ORIENTED_EDGE ( 'NONE', *, *, #2804, .F. ) ;
#28 = ORIENTED_EDGE ( 'NONE', *, *, #1790, .T. ) ;
#29 = EDGE_CURVE ( 'NONE', #4336, #2873, #5055, .T. ) ;
#30 = FACE_BOUND ( 'NONE', #4233, .T. ) ;
#31 = AXIS2_PLACEMENT_3D ( 'NONE', #4815, #2083, #2980 ) ;
#32 = CARTESIAN_POINT ( 'NONE',  ( -55.92498635059416046, -14.44500776255643437, 28.04134375730104622 ) ) ;
#33 = ORIENTED_EDGE ( 'NONE', *, *, #2676, .T. ) ;
#34 = VERTEX_POINT ( 'NONE', #1455 ) ;
#35 = EDGE_CURVE ( 'NONE', #615, #2563, #3588, .T. ) ;
#36 = VERTEX_POINT ( 'NONE', #2675 ) ;
#37 = AXIS2_PLACEMENT_3D ( 'NONE', #608, #5493, #5524 ) ;
#38 = LINE ( 'NONE', #5383, #5040 ) ;
#39 = AXIS2_PLACEMENT_3D ( 'NONE', #4889, #4832, #3150 ) ;
#40 = LINE ( 'NONE', #1848, #4723 ) ;
#41 = AXIS2_PLACEMENT_3D ( 'NONE', #2703, #3585, #3987 ) ;
#42 = LINE ( 'NONE', #934, #2712 ) ;
#43 = DIRECTION ( 'NONE',  ( 0.000000000000000000, 0.9999999999999991118, -4.371140887755362005E-08 ) ) ;
#44 = DIRECTION ( 'NONE',  ( -0.000000000000000000, 0.000000000000000000, -1.000000000000000000 ) ) ;
#45 = DIRECTION ( 'NONE',  ( 1.000000000000000000, 0.000000000000000000, 0.000000000000000000 ) ) ;
#46 = ORIENTED_EDGE ( 'NONE', *, *, #939, .F. ) ;
#47 = CARTESIAN_POINT ( 'NONE',  ( 39.16013196753240777, -3.499931335448993597, 3.000000000000000000 ) ) ;
#48 = CARTESIAN_POINT ( 'NONE',  ( 17.49999999999998224, -24.75000000000002487, 0.000000000000000000 ) ) ;
#49 = VERTEX_POINT ( 'NONE', #4609 ) ;
#50 = DIRECTION ( 'NONE',  ( 0.000000000000000000, -0.9999999999999991118, 4.371140905831675080E-08 ) ) ;
#51 = ORIENTED_EDGE ( 'NONE', *, *, #3663, .F. ) ;
#52 = EDGE_LOOP ( 'NONE', ( #5479, #2196, #5348, #5716, #5625, #3819, #2186, #5685, #2526, #1449, #4540, #4967, #1472, #5259, #806, #304, #4924, #4876, #1388, #224, #5606, #4657, #5120, #5350, #2825, #640, #1127, #1104, #1054, #464, #1709, #5491 ) ) ;
#53 = ORIENTED_EDGE ( 'NONE', *, *, #4457, .F. ) ;
#54 = DIRECTION ( 'NONE',  ( 1.000000000000000000, 0.000000000000000000, 0.000000000000000000 ) ) ;
#55 = CARTESIAN_POINT ( 'NONE',  ( 39.16013196753240777, -2.499931335448993597, 1.449999146843730990 ) ) ;
#56 = DIRECTION ( 'NONE',  ( -0.000000000000000000, -0.000000000000000000, -1.000000000000000000 ) ) ;
#57 = ORIENTED_EDGE ( 'NONE', *, *, #3203, .T. ) ;
#58 = AXIS2_PLACEMENT_3D ( 'NONE', #4886, #4020, #888 ) ;
#59 = ORIENTED_EDGE ( 'NONE', *, *, #4528, .F. ) ;
#60 = CIRCLE ( 'NONE', #2853, 3.999999999999996447 ) ;
#61 = FACE_OUTER_BOUND ( 'NONE', #2848, .T. ) ;
#62 = EDGE_CURVE ( 'NONE', #133, #133, #2555, .T. ) ;
#63 = DIRECTION ( 'NONE',  ( 0.000000000000000000, -0.9999999999999991118, 4.371140887245352218E-08 ) ) ;
#64 = EDGE_CURVE ( 'NONE', #3098, #5574, #1521, .T. ) ;
#65 = DIRECTION ( 'NONE',  ( -0.000000000000000000, -0.000000000000000000, -1.000000000000000000 ) ) ;
#66 = EDGE_CURVE ( 'NONE', #5294, #1471, #1010, .T. ) ;
#67 = CARTESIAN_POINT ( 'NONE',  ( -53.71248359946253004, -43.92592313267459048, 28.04134375730104622 ) ) ;
#68 = PLANE ( 'NONE',  #4441 ) ;
#69 = CARTESIAN_POINT ( 'NONE',  ( -42.83908474956610490, -7.499931335448991376, 1.449999365401114293 ) ) ;
#70 = DIRECTION ( 'NONE',  ( 0.000000000000000000, -0.9999999999999991118, 4.371140887245369423E-08 ) ) ;
#71 = CARTESIAN_POINT ( 'NONE',  ( -30.50012207031303291, -35.50007057189900195, 1.450000589326601252 ) ) ;
#72 = ORIENTED_EDGE ( 'NONE', *, *, #5580, .F. ) ;
#73 = LINE ( 'NONE', #5504, #4044 ) ;
#74 = VERTEX_POINT ( 'NONE', #2207 ) ;
#75 = ORIENTED_EDGE ( 'NONE', *, *, #500, .T. ) ;
#76 = CYLINDRICAL_SURFACE ( 'NONE', #2730, 2.999999999999995559 ) ;
#77 = VECTOR ( 'NONE', #741, 1000.000000000000227 ) ;
#78 = CARTESIAN_POINT ( 'NONE',  ( 48.77500206014519080, -33.14931592906049218, 1.450000486571217273 ) ) ;
#79 = DIRECTION ( 'NONE',  ( -1.000000000000000000, 0.000000000000000000, 0.000000000000000000 ) ) ;
#80 = CIRCLE ( 'NONE', #3338, 12.50000000000000355 ) ;
#81 = ORIENTED_EDGE ( 'NONE', *, *, #1016, .T. ) ;
#82 = ORIENTED_EDGE ( 'NONE', *, *, #1875, .T. ) ;
#83 = EDGE_LOOP ( 'NONE', ( #1929, #1681, #2957, #33, #831, #436 ) ) ;
#84 = LINE ( 'NONE', #930, #577 ) ;
#85 = CARTESIAN_POINT ( 'NONE',  ( -39.16032727911196076, -32.49992961829499905, 3.000000000000000000 ) ) ;
#86 = VECTOR ( 'NONE', #813, 1000.000000000000000 ) ;
#87 = CARTESIAN_POINT ( 'NONE',  ( -37.99999999999997158, 24.00000000000002842, 0.000000000000000000 ) ) ;
#88 = VECTOR ( 'NONE', #3275, 1000.000000000000000 ) ;
#89 = VECTOR ( 'NONE', #1768, 1000.000000000000000 ) ;
#90 = DIRECTION ( 'NONE',  ( 0.000000000000000000, 0.000000000000000000, -1.000000000000000000 ) ) ;
#91 = CARTESIAN_POINT ( 'NONE',  ( -39.16034355507807874, -33.49992961816254677, 1.450000501897658278 ) ) ;
#92 = CARTESIAN_POINT ( 'NONE',  ( 0.000000000000000000, -15.99999999999998579, 0.000000000000000000 ) ) ;
#93 = EDGE_CURVE ( 'NONE', #1867, #826, #4787, .T. ) ;
#94 = EDGE_CURVE ( 'NONE', #626, #626, #3297, .T. ) ;
#95 = AXIS2_PLACEMENT_3D ( 'NONE', #1812, #4950, #3597 ) ;
#96 = AXIS2_PLACEMENT_3D ( 'NONE', #4742, #1739, #4429 ) ;
#97 = CYLINDRICAL_SURFACE ( 'NONE', #3738, 12.50000000000000000 ) ;
#98 = CARTESIAN_POINT ( 'NONE',  ( -42.63478316982463667, -2.499931335448995373, 0.000000000000000000 ) ) ;
#99 = CARTESIAN_POINT ( 'NONE',  ( -36.56205575617909176, -1.999931335448993597, 0.000000000000000000 ) ) ;
#100 = ORIENTED_EDGE ( 'NONE', *, *, #5465, .T. ) ;
#101 = CARTESIAN_POINT ( 'NONE',  ( 13.53999999999997605, -18.54000000000002402, 0.000000000000000000 ) ) ;
#102 = EDGE_LOOP ( 'NONE', ( #4923, #5243, #4216, #825 ) ) ;
#103 = ORIENTED_EDGE ( 'NONE', *, *, #4487, .F. ) ;
#104 = CARTESIAN_POINT ( 'NONE',  ( 39.15983898978230826, -38.50120435546305941, 0.000000000000000000 ) ) ;
#105 = EDGE_CURVE ( 'NONE', #1528, #4804, #5281, .T. ) ;
#106 = CARTESIAN_POINT ( 'NONE',  ( 3.499999999999999112, -15.99999999999998579, 0.000000000000000000 ) ) ;
#107 = DIRECTION ( 'NONE',  ( 0.000000000000000000, 0.000000000000000000, 1.000000000000000000 ) ) ;
#108 = CIRCLE ( 'NONE', #5407, 2.000000000000001776 ) ;
#109 = CARTESIAN_POINT ( 'NONE',  ( 10.99999999999997513, -11.46000000000003105, 1.449999538500818641 ) ) ;
#110 = ORIENTED_EDGE ( 'NONE', *, *, #284, .T. ) ;
#111 = ORIENTED_EDGE ( 'NONE', *, *, #427, .T. ) ;
#112 = ORIENTED_EDGE ( 'NONE', *, *, #3714, .T. ) ;
#113 = AXIS2_PLACEMENT_3D ( 'NONE', #5616, #1544, #4697 ) ;
#114 = CARTESIAN_POINT ( 'NONE',  ( 50.40063686045313318, -32.50138730951373134, 28.04134375730104622 ) ) ;
#115 = AXIS2_PLACEMENT_3D ( 'NONE', #1723, #1279, #4810 ) ;
#116 = CARTESIAN_POINT ( 'NONE',  ( -13.92494201660215225, -57.37510013580300949, 1.450001545514639778 ) ) ;
#117 = CARTESIAN_POINT ( 'NONE',  ( 39.15993664557905873, -32.50120435625778015, 0.000000000000000000 ) ) ;
#118 = CARTESIAN_POINT ( 'NONE',  ( -55.92498635059416046, -14.44500776255643437, 1.449999169358593631 ) ) ;
#119 = AXIS2_PLACEMENT_3D ( 'NONE', #3758, #4653, #570 ) ;
#120 = AXIS2_PLACEMENT_3D ( 'NONE', #2130, #1245, #5236 ) ;
#121 = LINE ( 'NONE', #5502, #4751 ) ;
#122 = DIRECTION ( 'NONE',  ( 0.000000000000000000, 0.000000000000000000, -1.000000000000000000 ) ) ;
#123 = CARTESIAN_POINT ( 'NONE',  ( -42.63473434031897824, -32.49987306896335326, 36.80533964865399810 ) ) ;
#124 = ADVANCED_FACE ( 'NONE', ( #141 ), #1356, .F. ) ;
#125 = LINE ( 'NONE', #3665, #1309 ) ;
#126 = CYLINDRICAL_SURFACE ( 'NONE', #2224, 2.000000000000001776 ) ;
#127 = DIRECTION ( 'NONE',  ( 0.000000000000000000, 0.000000000000000000, -1.000000000000000000 ) ) ;
#128 = ORIENTED_EDGE ( 'NONE', *, *, #2876, .T. ) ;
#129 = ADVANCED_FACE ( 'NONE', ( #3145 ), #3554, .T. ) ;
#130 = ORIENTED_EDGE ( 'NONE', *, *, #1778, .F. ) ;
#131 = ORIENTED_EDGE ( 'NONE', *, *, #2630, .T. ) ;
#132 = DIRECTION ( 'NONE',  ( 1.000000000000000000, 0.000000000000000000, 0.000000000000000000 ) ) ;
#133 = VERTEX_POINT ( 'NONE', #189 ) ;
#134 = CYLINDRICAL_SURFACE ( 'NONE', #736, 0.5000000000000004441 ) ;
#135 = CARTESIAN_POINT ( 'NONE',  ( 39.16013196753240777, -3.499931335448993597, 0.000000000000000000 ) ) ;
#136 = ORIENTED_EDGE ( 'NONE', *, *, #4688, .F. ) ;
#137 = ORIENTED_EDGE ( 'NONE', *, *, #233, .T. ) ;
#138 = ORIENTED_EDGE ( 'NONE', *, *, #3628, .T. ) ;
#139 = EDGE_CURVE ( 'NONE', #2247, #5032, #4043, .T. ) ;
#140 = CARTESIAN_POINT ( 'NONE',  ( 52.20808186218739166, -7.999931335448993153, 3.000000000000000000 ) ) ;
#141 = FACE_OUTER_BOUND ( 'NONE', #687, .T. ) ;
#142 = DIRECTION ( 'NONE',  ( -0.000000000000000000, -0.000000000000000000, 1.000000000000000000 ) ) ;
#143 = VECTOR ( 'NONE', #558, 1000.000000000000000 ) ;
#144 = DIRECTION ( 'NONE',  ( -0.000000000000000000, 0.000000000000000000, -1.000000000000000000 ) ) ;
#145 = ADVANCED_FACE ( 'NONE', ( #1932 ), #3712, .F. ) ;
#146 = CARTESIAN_POINT ( 'NONE',  ( -39.16042493490871124, -38.49992961750028542, 0.000000000000000000 ) ) ;
#147 = CARTESIAN_POINT ( 'NONE',  ( 13.53999999999997783, -13.46000000000002927, 1.449999625923625857 ) ) ;
#148 = ORIENTED_EDGE ( 'NONE', *, *, #2309, .T. ) ;
#149 = EDGE_CURVE ( 'NONE', #4314, #3098, #1512, .T. ) ;
#150 = CARTESIAN_POINT ( 'NONE',  ( 60.99999999999999289, 66.00000000000002842, 3.000000000000000000 ) ) ;
#151 = CARTESIAN_POINT ( 'NONE',  ( -36.56205575617909176, -1.999931335448990932, 1.449999124988343047 ) ) ;
#152 = DIRECTION ( 'NONE',  ( -0.000000000000000000, -0.000000000000000000, -1.000000000000000000 ) ) ;
#153 = ORIENTED_EDGE ( 'NONE', *, *, #3278, .F. ) ;
#154 = ORIENTED_EDGE ( 'NONE', *, *, #139, .F. ) ;
#155 = ORIENTED_EDGE ( 'NONE', *, *, #625, .F. ) ;
#156 = ADVANCED_FACE ( 'NONE', ( #494 ), #3290, .F. ) ;
#157 = CARTESIAN_POINT ( 'NONE',  ( -39.16013196753240067, -2.499931335448993597, 1.449999146844058284 ) ) ;
#158 = VERTEX_POINT ( 'NONE', #1035 ) ;
#159 = DIRECTION ( 'NONE',  ( -1.000000000000000000, -3.414809992080329516E-16, 0.000000000000000000 ) ) ;
#160 = CARTESIAN_POINT ( 'NONE',  ( -51.70808186218739166, -7.999931335448993153, 0.000000000000000000 ) ) ;
#161 = EDGE_LOOP ( 'NONE', ( #1702, #4579, #3034, #1095 ) ) ;
#162 = ORIENTED_EDGE ( 'NONE', *, *, #3203, .F. ) ;
#163 = CIRCLE ( 'NONE', #1466, 1.750000000000001554 ) ;
#164 = VERTEX_POINT ( 'NONE', #1394 ) ;
#165 = EDGE_CURVE ( 'NONE', #4542, #36, #5516, .T. ) ;
#166 = EDGE_CURVE ( 'NONE', #5446, #1142, #924, .T. ) ;
#167 = EDGE_CURVE ( 'NONE', #3902, #1313, #2384, .T. ) ;
#168 = CIRCLE ( 'NONE', #359, 7.999999999999996447 ) ;
#169 = DIRECTION ( 'NONE',  ( -0.000000000000000000, -0.000000000000000000, 1.000000000000000000 ) ) ;
#170 = AXIS2_PLACEMENT_3D ( 'NONE', #700, #5683, #764 ) ;
#171 = DIRECTION ( 'NONE',  ( -1.000000000000000000, 0.000000000000000000, 0.000000000000000000 ) ) ;
#172 = CARTESIAN_POINT ( 'NONE',  ( 53.13099752524905028, -29.59477641991259489, 28.04134375730104622 ) ) ;
#173 = EDGE_CURVE ( 'NONE', #34, #5446, #1036, .T. ) ;
#174 = FACE_OUTER_BOUND ( 'NONE', #1774, .T. ) ;
#175 = LINE ( 'NONE', #4174, #5212 ) ;
#176 = CARTESIAN_POINT ( 'NONE',  ( -51.71248359946253004, -43.92592313267459048, 1.450000957632327170 ) ) ;
#177 = AXIS2_PLACEMENT_3D ( 'NONE', #5155, #3889, #1160 ) ;
#178 = VERTEX_POINT ( 'NONE', #1447 ) ;
#179 = CIRCLE ( 'NONE', #5666, 12.50000000000000355 ) ;
#180 = DIRECTION ( 'NONE',  ( -2.775557561562891351E-15, -1.000000000000000000, 0.000000000000000000 ) ) ;
#181 = LINE ( 'NONE', #3281, #5701 ) ;
#182 = DIRECTION ( 'NONE',  ( 4.180742545671762101E-15, 4.371140887755362005E-08, 0.9999999999999992228 ) ) ;
#183 = ORIENTED_EDGE ( 'NONE', *, *, #5083, .T. ) ;
#184 = VECTOR ( 'NONE', #3421, 1000.000000000000000 ) ;
#185 = CIRCLE ( 'NONE', #4486, 2.000000000000000000 ) ;
#186 = ORIENTED_EDGE ( 'NONE', *, *, #3527, .T. ) ;
#187 = ORIENTED_EDGE ( 'NONE', *, *, #519, .F. ) ;
#188 = DIRECTION ( 'NONE',  ( 0.000000000000000000, -0.9999999999999991118, 4.371140884147631631E-08 ) ) ;
#189 = CARTESIAN_POINT ( 'NONE',  ( 58.50000000000000000, -55.00000000000000000, 0.000000000000000000 ) ) ;
#190 = DIRECTION ( 'NONE',  ( 1.000000000000000000, 1.994248318681189754E-16, 0.000000000000000000 ) ) ;
#191 = LINE ( 'NONE', #1448, #5026 ) ;
#192 = ORIENTED_EDGE ( 'NONE', *, *, #601, .T. ) ;
#193 = CARTESIAN_POINT ( 'NONE',  ( -39.16013196753240777, -2.499931335448993597, 0.000000000000000000 ) ) ;
#194 = EDGE_LOOP ( 'NONE', ( #4346, #1237, #4823, #5227 ) ) ;
#195 = ORIENTED_EDGE ( 'NONE', *, *, #2018, .F. ) ;
#196 = EDGE_CURVE ( 'NONE', #2710, #4406, #275, .T. ) ;
#197 = DIRECTION ( 'NONE',  ( -0.000000000000000000, -0.000000000000000000, -1.000000000000000000 ) ) ;
#198 = ADVANCED_FACE ( 'NONE', ( #1002 ), #4107, .F. ) ;
#199 = PLANE ( 'NONE',  #3974 ) ;
#200 = AXIS2_PLACEMENT_3D ( 'NONE', #587, #1967, #3746 ) ;
#201 = LINE ( 'NONE', #2805, #3357 ) ;
#202 = VECTOR ( 'NONE', #3546, 1000.000000000000227 ) ;
#203 = LINE ( 'NONE', #1606, #4663 ) ;
#204 = PLANE ( 'NONE',  #1883 ) ;
#205 = DIRECTION ( 'NONE',  ( -0.000000000000000000, -0.000000000000000000, -1.000000000000000000 ) ) ;
#206 = VECTOR ( 'NONE', #5404, 1000.000000000000000 ) ;
#207 = ORIENTED_EDGE ( 'NONE', *, *, #1583, .F. ) ;
#208 = DIRECTION ( 'NONE',  ( -0.000000000000000000, -0.000000000000000000, 1.000000000000000000 ) ) ;
#209 = FACE_OUTER_BOUND ( 'NONE', #5305, .T. ) ;
#210 = CARTESIAN_POINT ( 'NONE',  ( -51.70837482790167883, -38.49972538749284467, 3.000000000000000000 ) ) ;
#211 = EDGE_LOOP ( 'NONE', ( #5720, #1091, #511, #5548 ) ) ;
#212 = AXIS2_PLACEMENT_3D ( 'NONE', #101, #4074, #4671 ) ;
#213 = EDGE_LOOP ( 'NONE', ( #1722 ) ) ;
#214 = ORIENTED_EDGE ( 'NONE', *, *, #3999, .T. ) ;
#215 = AXIS2_PLACEMENT_3D ( 'NONE', #3803, #4645, #1056 ) ;
#216 = LINE ( 'NONE', #2937, #1025 ) ;
#217 = VECTOR ( 'NONE', #4451, 1000.000000000000000 ) ;
#218 = PERSON_AND_ORGANIZATION ( #4257, #2917 ) ;
#219 = CARTESIAN_POINT ( 'NONE',  ( 10.99999999999997513, -20.54000000000002757, 1.449999935400410278 ) ) ;
#220 = FACE_OUTER_BOUND ( 'NONE', #3364, .T. ) ;
#221 = ORIENTED_EDGE ( 'NONE', *, *, #1348, .F. ) ;
#222 = CARTESIAN_POINT ( 'NONE',  ( 10.99999999999997513, -18.54000000000002757, 0.000000000000000000 ) ) ;
#223 = EDGE_LOOP ( 'NONE', ( #1748, #2883, #4891, #5656, #2152, #4218 ) ) ;
#224 = ORIENTED_EDGE ( 'NONE', *, *, #5754, .F. ) ;
#225 = CARTESIAN_POINT ( 'NONE',  ( 10.99999999999986322, -20.54000000000002757, 1.449999935400410278 ) ) ;
#226 = DIRECTION ( 'NONE',  ( -0.000000000000000000, 0.000000000000000000, -1.000000000000000000 ) ) ;
#227 = EDGE_CURVE ( 'NONE', #4364, #980, #4015, .T. ) ;
#228 = DIRECTION ( 'NONE',  ( -1.000000000000000000, 0.000000000000000000, 0.000000000000000000 ) ) ;
#229 = CC_DESIGN_APPROVAL ( #1819, ( #5417 ) ) ;
#230 = CYLINDRICAL_SURFACE ( 'NONE', #1964, 1.750000000000001554 ) ;
#231 = CARTESIAN_POINT ( 'NONE',  ( 51.70787840058896734, -33.00140858619899120, 0.000000000000000000 ) ) ;
#232 = CARTESIAN_POINT ( 'NONE',  ( 32.08339509376522614, -47.89936383365681394, 1.450001131316915437 ) ) ;
#233 = EDGE_CURVE ( 'NONE', #313, #4783, #2739, .T. ) ;
#234 = VERTEX_POINT ( 'NONE', #55 ) ;
#235 = EDGE_CURVE ( 'NONE', #4182, #2527, #5301, .T. ) ;
#236 = CIRCLE ( 'NONE', #3046, 2.000000000000001776 ) ;
#237 = LINE ( 'NONE', #5621, #4664 ) ;
#238 = FACE_OUTER_BOUND ( 'NONE', #194, .T. ) ;
#239 = DIRECTION ( 'NONE',  ( -0.000000000000000000, 1.000000000000000000, -0.000000000000000000 ) ) ;
#240 = ORIENTED_EDGE ( 'NONE', *, *, #5486, .T. ) ;
#241 = ORIENTED_EDGE ( 'NONE', *, *, #1711, .T. ) ;
#242 = ADVANCED_FACE ( 'NONE', ( #3730 ), #4162, .F. ) ;
#243 = ORIENTED_EDGE ( 'NONE', *, *, #417, .F. ) ;
#244 = PLANE ( 'NONE',  #2332 ) ;
#245 = PERSON_AND_ORGANIZATION_ROLE ( 'design_supplier' ) ;
#246 = EDGE_CURVE ( 'NONE', #796, #5089, #1775, .T. ) ;
#247 = CARTESIAN_POINT ( 'NONE',  ( -42.00000000000000000, 28.00000000000004619, 0.000000000000000000 ) ) ;
#248 = CARTESIAN_POINT ( 'NONE',  ( 47.37007602278353602, -48.40007691917356425, 1.450001153203477111 ) ) ;
#249 = ORIENTED_EDGE ( 'NONE', *, *, #2927, .T. ) ;
#250 = CARTESIAN_POINT ( 'NONE',  ( -66.00000000000001421, -66.00000000000000000, 3.000000000000000000 ) ) ;
#251 = ORIENTED_EDGE ( 'NONE', *, *, #947, .T. ) ;
#252 = ORIENTED_EDGE ( 'NONE', *, *, #5365, .F. ) ;
#253 = VECTOR ( 'NONE', #5384, 1000.000000000000000 ) ;
#254 = CARTESIAN_POINT ( 'NONE',  ( 2.074954986571851290, -58.82508182525602081, 1.450001608895315375 ) ) ;
#255 = ORIENTED_EDGE ( 'NONE', *, *, #1383, .F. ) ;
#256 = LINE ( 'NONE', #3040, #4437 ) ;
#257 = CIRCLE ( 'NONE', #1096, 7.000000000000002665 ) ;
#258 = CARTESIAN_POINT ( 'NONE',  ( 2.074954986571962312, -55.32508182525601370, 0.000000000000000000 ) ) ;
#259 = VECTOR ( 'NONE', #3931, 1000.000000000000000 ) ;
#260 = CARTESIAN_POINT ( 'NONE',  ( -42.83905219599951408, -33.49986974362531811, 0.000000000000000000 ) ) ;
#261 = DIRECTION ( 'NONE',  ( 0.000000000000000000, -0.000000000000000000, 1.000000000000000000 ) ) ;
#262 = AXIS2_PLACEMENT_3D ( 'NONE', #1232, #4360, #361 ) ;
#263 = CARTESIAN_POINT ( 'NONE',  ( 51.70779702075834194, -38.00140858553672274, 3.000000000000000000 ) ) ;
#264 = ORIENTED_EDGE ( 'NONE', *, *, #2068, .F. ) ;
#265 = DIRECTION ( 'NONE',  ( 0.000000000000000000, 0.000000000000000000, 1.000000000000000000 ) ) ;
#266 = DIRECTION ( 'NONE',  ( -0.000000000000000000, -0.000000000000000000, -1.000000000000000000 ) ) ;
#267 = DIRECTION ( 'NONE',  ( -0.000000000000000000, -0.000000000000000000, -1.000000000000000000 ) ) ;
#268 = LINE ( 'NONE', #2122, #259 ) ;
#269 = ADVANCED_FACE ( 'NONE', ( #516 ), #2303, .F. ) ;
#270 = VERTEX_POINT ( 'NONE', #1950 ) ;
#271 = ADVANCED_FACE ( 'NONE', ( #1503 ), #5406, .F. ) ;
#272 = EDGE_LOOP ( 'NONE', ( #5490, #817, #2919, #1426 ) ) ;
#273 = ORIENTED_EDGE ( 'NONE', *, *, #3885, .F. ) ;
#274 = ADVANCED_FACE ( 'NONE', ( #4137 ), #134, .F. ) ;
#275 = CIRCLE ( 'NONE', #1014, 12.50000000000000355 ) ;
#276 = LINE ( 'NONE', #3842, #5027 ) ;
#277 = LINE ( 'NONE', #3760, #5357 ) ;
#278 = CARTESIAN_POINT ( 'NONE',  ( -30.50012207031303291, -35.50007057189900195, 3.000000000000000000 ) ) ;
#279 = VECTOR ( 'NONE', #5309, 1000.000000000000000 ) ;
#280 = ORIENTED_EDGE ( 'NONE', *, *, #4347, .F. ) ;
#281 = CARTESIAN_POINT ( 'NONE',  ( 37.42777190647672114, -39.50117616453032809, 3.000000000000000000 ) ) ;
#282 = ORIENTED_EDGE ( 'NONE', *, *, #1820, .F. ) ;
#283 = VERTEX_POINT ( 'NONE', #1898 ) ;
#284 = EDGE_CURVE ( 'NONE', #2870, #3720, #3675, .T. ) ;
#285 = CIRCLE ( 'NONE', #4849, 1.000000000000001776 ) ;
#286 = VECTOR ( 'NONE', #4213, 1000.000000000000227 ) ;
#287 = CARTESIAN_POINT ( 'NONE',  ( -53.71248359946253004, -43.92592313267459048, 1.450000957632330945 ) ) ;
#288 = ORIENTED_EDGE ( 'NONE', *, *, #1016, .F. ) ;
#289 = DIRECTION ( 'NONE',  ( -0.000000000000000000, -0.000000000000000000, 1.000000000000000000 ) ) ;
#290 = CARTESIAN_POINT ( 'NONE',  ( -39.16013196753240777, -7.499931335448995817, 0.000000000000000000 ) ) ;
#291 = LINE ( 'NONE', #5247, #1509 ) ;
#292 = CARTESIAN_POINT ( 'NONE',  ( -39.16029472717970350, -30.49992961855991069, 1.450000370763431690 ) ) ;
#293 = CIRCLE ( 'NONE', #200, 12.50000000000000355 ) ;
#294 = LINE ( 'NONE', #4355, #3476 ) ;
#295 = LINE ( 'NONE', #1672, #4458 ) ;
#296 = ORIENTED_EDGE ( 'NONE', *, *, #4914, .F. ) ;
#297 = DIRECTION ( 'NONE',  ( -0.000000000000000000, -0.000000000000000000, -1.000000000000000000 ) ) ;
#298 = CIRCLE ( 'NONE', #3853, 0.5000000000000004441 ) ;
#299 = DIRECTION ( 'NONE',  ( 0.000000000000000000, 0.000000000000000000, 1.000000000000000000 ) ) ;
#300 = LINE ( 'NONE', #793, #4270 ) ;
#301 = CYLINDRICAL_SURFACE ( 'NONE', #1669, 0.5000000000000004441 ) ;
#302 = ORIENTED_EDGE ( 'NONE', *, *, #4914, .T. ) ;
#303 = VECTOR ( 'NONE', #5755, 1000.000000000000000 ) ;
#304 = ORIENTED_EDGE ( 'NONE', *, *, #4127, .F. ) ;
#305 = VERTEX_POINT ( 'NONE', #1063 ) ;
#306 = CYLINDRICAL_SURFACE ( 'NONE', #1585, 7.000000000000002665 ) ;
#307 = EDGE_CURVE ( 'NONE', #3947, #1952, #4828, .T. ) ;
#308 = APPROVAL_DATE_TIME ( #2530, #2175 ) ;
#309 = EDGE_CURVE ( 'NONE', #4518, #74, #3846, .T. ) ;
#310 = AXIS2_PLACEMENT_3D ( 'NONE', #832, #1363, #4434 ) ;
#311 = LINE ( 'NONE', #4242, #1290 ) ;
#312 = FACE_OUTER_BOUND ( 'NONE', #1007, .T. ) ;
#313 = VERTEX_POINT ( 'NONE', #1148 ) ;
#314 = DIRECTION ( 'NONE',  ( 1.000000000000000000, 0.000000000000000000, 0.000000000000000000 ) ) ;
#315 = VERTEX_POINT ( 'NONE', #4311 ) ;
#316 = EDGE_CURVE ( 'NONE', #4919, #3895, #311, .T. ) ;
#317 = AXIS2_PLACEMENT_3D ( 'NONE', #451, #4144, #4911 ) ;
#318 = CARTESIAN_POINT ( 'NONE',  ( -56.25248347830570594, -31.76592310238539341, 1.450000426101606621 ) ) ;
#319 = EDGE_LOOP ( 'NONE', ( #23 ) ) ;
#320 = LINE ( 'NONE', #2507, #3213 ) ;
#321 = ADVANCED_FACE ( 'NONE', ( #5108 ), #1178, .F. ) ;
#322 = CARTESIAN_POINT ( 'NONE',  ( 33.46453800660104605, -20.13675966251838645, 1.449999862260627825 ) ) ;
#323 = CARTESIAN_POINT ( 'NONE',  ( 42.63483325029122994, -32.50126091355721059, 0.000000000000000000 ) ) ;
#324 = CARTESIAN_POINT ( 'NONE',  ( -51.70836668991861274, -37.99972538755907436, 0.000000000000000000 ) ) ;
#325 = CARTESIAN_POINT ( 'NONE',  ( -55.00000000000000000, 55.00000000000000711, 0.000000000000000000 ) ) ;
#326 = DIRECTION ( 'NONE',  ( 0.000000000000000000, -0.000000000000000000, -1.000000000000000000 ) ) ;
#327 = CIRCLE ( 'NONE', #965, 0.5000000000000004441 ) ;
#328 = ORIENTED_EDGE ( 'NONE', *, *, #2230, .T. ) ;
#329 = CARTESIAN_POINT ( 'NONE',  ( 53.13099752524894370, -33.09477641991259844, 1.450000484187200733 ) ) ;
#330 = CARTESIAN_POINT ( 'NONE',  ( -52.05794142393945378, -32.64231721533453623, 0.7250002567622051419 ) ) ;
#331 = CARTESIAN_POINT ( 'NONE',  ( -61.00000000000001421, -61.00000000000000711, 3.000000000000000000 ) ) ;
#332 = CIRCLE ( 'NONE', #3045, 1.750000000000003109 ) ;
#333 = CARTESIAN_POINT ( 'NONE',  ( -30.50012207031303291, -5.499931335448994929, 1.449999277978244905 ) ) ;
#334 = ORIENTED_EDGE ( 'NONE', *, *, #2676, .F. ) ;
#335 = EDGE_CURVE ( 'NONE', #4182, #2214, #1622, .T. ) ;
#336 = ORIENTED_EDGE ( 'NONE', *, *, #2068, .T. ) ;
#337 = ORIENTED_EDGE ( 'NONE', *, *, #880, .F. ) ;
#338 = DIRECTION ( 'NONE',  ( 3.035386659626962090E-16, 1.000000000000000000, 0.000000000000000000 ) ) ;
#339 = CARTESIAN_POINT ( 'NONE',  ( 55.67099752524903522, -29.59477664196644042, 28.04134375730104622 ) ) ;
#340 = PLANE ( 'NONE',  #4173 ) ;
#341 = ORIENTED_EDGE ( 'NONE', *, *, #1412, .T. ) ;
#342 = DIRECTION ( 'NONE',  ( 0.000000000000000000, -0.9999999999999990008, 4.371140884147641557E-08 ) ) ;
#343 = EDGE_CURVE ( 'NONE', #2361, #2004, #3876, .T. ) ;
#344 = ORIENTED_EDGE ( 'NONE', *, *, #5434, .T. ) ;
#345 = ORIENTED_EDGE ( 'NONE', *, *, #2045, .F. ) ;
#346 = DIRECTION ( 'NONE',  ( 0.000000000000000000, -0.9999999999999991118, 4.371140884147631631E-08 ) ) ;
#347 = ADVANCED_FACE ( 'NONE', ( #1117 ), #5141, .T. ) ;
#348 = ORIENTED_EDGE ( 'NONE', *, *, #3496, .F. ) ;
#349 = CARTESIAN_POINT ( 'NONE',  ( 39.15993664557803555, -32.50120435625778015, 1.450000458241387680 ) ) ;
#350 = ADVANCED_FACE ( 'NONE', ( #2854 ), #4629, .T. ) ;
#351 = ORIENTED_EDGE ( 'NONE', *, *, #1026, .F. ) ;
#352 = FACE_OUTER_BOUND ( 'NONE', #4863, .T. ) ;
#353 = DIRECTION ( 'NONE',  ( -1.000000000000000000, 0.000000000000000000, 0.000000000000000000 ) ) ;
#354 = EDGE_CURVE ( 'NONE', #1207, #3396, #3787, .T. ) ;
#355 = DIRECTION ( 'NONE',  ( 1.000000000000000000, 0.000000000000000000, 0.000000000000000000 ) ) ;
#356 = DIRECTION ( 'NONE',  ( 1.000000000000000000, 0.000000000000000000, -4.180742545671766046E-15 ) ) ;
#357 = ORIENTED_EDGE ( 'NONE', *, *, #5636, .F. ) ;
#358 = FACE_OUTER_BOUND ( 'NONE', #3781, .T. ) ;
#359 = AXIS2_PLACEMENT_3D ( 'NONE', #2562, #830, #2623 ) ;
#360 = PLANE ( 'NONE',  #2990 ) ;
#361 = DIRECTION ( 'NONE',  ( 1.000000000000000000, 3.469446951953611033E-15, 0.000000000000000000 ) ) ;
#362 = DIRECTION ( 'NONE',  ( 0.000000000000000000, 1.000000000000000000, 0.000000000000000000 ) ) ;
#363 = ORIENTED_EDGE ( 'NONE', *, *, #566, .F. ) ;
#364 = ORIENTED_EDGE ( 'NONE', *, *, #856, .T. ) ;
#365 = VERTEX_POINT ( 'NONE', #3343 ) ;
#366 = CARTESIAN_POINT ( 'NONE',  ( -55.92498535135183602, 8.414991075098390283, 1.449998669737242230 ) ) ;
#367 = FACE_OUTER_BOUND ( 'NONE', #3130, .T. ) ;
#368 = DIRECTION ( 'NONE',  ( -0.000000000000000000, -0.000000000000000000, -1.000000000000000000 ) ) ;
#369 = ORIENTED_EDGE ( 'NONE', *, *, #3381, .F. ) ;
#370 = CARTESIAN_POINT ( 'NONE',  ( 2.074954986571962312, -58.82508182525602081, 0.000000000000000000 ) ) ;
#371 = AXIS2_PLACEMENT_3D ( 'NONE', #4103, #3545, #2789 ) ;
#372 = ORIENTED_EDGE ( 'NONE', *, *, #3699, .T. ) ;
#373 = ORIENTED_EDGE ( 'NONE', *, *, #2476, .T. ) ;
#374 = CYLINDRICAL_SURFACE ( 'NONE', #4508, 12.50000000000000355 ) ;
#375 = AXIS2_PLACEMENT_3D ( 'NONE', #4148, #3745, #613 ) ;
#376 = VECTOR ( 'NONE', #1674, 1000.000000000000000 ) ;
#377 = VERTEX_POINT ( 'NONE', #2940 ) ;
#378 = CARTESIAN_POINT ( 'NONE',  ( -42.83905219599951408, -33.49986974362532521, 1.450000501895056582 ) ) ;
#379 = ADVANCED_FACE ( 'NONE', ( #2410 ), #2033, .F. ) ;
#380 = VERTEX_POINT ( 'NONE', #2436 ) ;
#381 = AXIS2_PLACEMENT_3D ( 'NONE', #160, #1951, #5110 ) ;
#382 = AXIS2_PLACEMENT_3D ( 'NONE', #906, #3051, #4509 ) ;
#383 = CYLINDRICAL_SURFACE ( 'NONE', #371, 1.999999999999998224 ) ;
#384 = CARTESIAN_POINT ( 'NONE',  ( -58.25248347830570594, -33.76592310238539341, 0.000000000000000000 ) ) ;
#385 = EDGE_CURVE ( 'NONE', #3909, #4026, #4531, .T. ) ;
#386 = EDGE_CURVE ( 'NONE', #1746, #2594, #277, .T. ) ;
#387 = CARTESIAN_POINT ( 'NONE',  ( 53.13099752524905028, -31.34477641991259489, 28.04134375730104622 ) ) ;
#388 = CARTESIAN_POINT ( 'NONE',  ( 42.63453902919962957, -8.499931335448993153, 36.80533964865399810 ) ) ;
#389 = ORIENTED_EDGE ( 'NONE', *, *, #1444, .F. ) ;
#390 = DIRECTION ( 'NONE',  ( 0.000000000000000000, -1.000000000000000000, 0.000000000000000000 ) ) ;
#391 = AXIS2_PLACEMENT_3D ( 'NONE', #1075, #3217, #4202 ) ;
#392 = CARTESIAN_POINT ( 'NONE',  ( -30.49987792968801514, -5.499931269881881413, 1.449999277977991108 ) ) ;
#393 = CARTESIAN_POINT ( 'NONE',  ( 4.574954986571961868, -57.07508182525601370, 0.000000000000000000 ) ) ;
#394 = LINE ( 'NONE', #3522, #4669 ) ;
#395 = EDGE_LOOP ( 'NONE', ( #2884, #3061, #2275, #155 ) ) ;
#396 = VERTEX_POINT ( 'NONE', #1532 ) ;
#397 = AXIS2_PLACEMENT_3D ( 'NONE', #2171, #3920, #5156 ) ;
#398 = ORIENTED_EDGE ( 'NONE', *, *, #1639, .F. ) ;
#399 = CARTESIAN_POINT ( 'NONE',  ( 47.02500206014519790, -33.14931709140557814, 1.450000486571279668 ) ) ;
#400 = DIRECTION ( 'NONE',  ( 0.000000000000000000, -0.9999999999999991118, 4.371140886858146988E-08 ) ) ;
#401 = VECTOR ( 'NONE', #5119, 1000.000000000000000 ) ;
#402 = DIRECTION ( 'NONE',  ( 0.9999999998675465074, -1.627596612545157819E-05, 0.000000000000000000 ) ) ;
#403 = EDGE_LOOP ( 'NONE', ( #3018, #4403, #241, #5375, #1889, #3810, #5356, #5566, #4833, #1275 ) ) ;
#404 = CARTESIAN_POINT ( 'NONE',  ( -13.92494201660204212, -57.37510013580300949, 28.04134375730104622 ) ) ;
#405 = ORIENTED_EDGE ( 'NONE', *, *, #3088, .T. ) ;
#406 = ORIENTED_EDGE ( 'NONE', *, *, #981, .F. ) ;
#407 = LOCAL_TIME ( 9, 53, 22.00000000000000000, #1621 ) ;
#408 = EDGE_CURVE ( 'NONE', #3252, #2533, #3317, .T. ) ;
#409 = PLANE ( 'NONE',  #1044 ) ;
#410 = VERTEX_POINT ( 'NONE', #219 ) ;
#411 = ORIENTED_EDGE ( 'NONE', *, *, #3954, .T. ) ;
#412 = EDGE_CURVE ( 'NONE', #3706, #1228, #4345, .T. ) ;
#413 = AXIS2_PLACEMENT_3D ( 'NONE', #1580, #3366, #5594 ) ;
#414 = CYLINDRICAL_SURFACE ( 'NONE', #4093, 2.999999999999995559 ) ;
#415 = CYLINDRICAL_SURFACE ( 'NONE', #3284, 1.750000000000001554 ) ;
#416 = FACE_OUTER_BOUND ( 'NONE', #2165, .T. ) ;
#417 = EDGE_CURVE ( 'NONE', #2668, #2506, #3814, .T. ) ;
#418 = ORIENTED_EDGE ( 'NONE', *, *, #1198, .F. ) ;
#419 = CARTESIAN_POINT ( 'NONE',  ( 30.49987792968802225, -5.499931335448994929, 0.000000000000000000 ) ) ;
#420 = DIRECTION ( 'NONE',  ( 0.9999999998675463964, -1.627596612587094081E-05, 0.000000000000000000 ) ) ;
#421 = CYLINDRICAL_SURFACE ( 'NONE', #5749, 6.999999999999999112 ) ;
#422 = CARTESIAN_POINT ( 'NONE',  ( 28.96453803689026785, -18.91234094049699976, 36.80533964865399810 ) ) ;
#423 = ADVANCED_FACE ( 'NONE', ( #1591 ), #4710, .F. ) ;
#424 = ORIENTED_EDGE ( 'NONE', *, *, #5507, .F. ) ;
#425 = AXIS2_PLACEMENT_3D ( 'NONE', #2110, #5211, #4782 ) ;
#426 = EDGE_CURVE ( 'NONE', #4518, #4975, #3606, .T. ) ;
#427 = EDGE_CURVE ( 'NONE', #4624, #5147, #4367, .T. ) ;
#428 = ORIENTED_EDGE ( 'NONE', *, *, #5253, .F. ) ;
#429 = VERTEX_POINT ( 'NONE', #5658 ) ;
#430 = LINE ( 'NONE', #2650, #89 ) ;
#431 = DIRECTION ( 'NONE',  ( -0.000000000000000000, 0.000000000000000000, 1.000000000000000000 ) ) ;
#432 = CARTESIAN_POINT ( 'NONE',  ( -51.70808186218739166, -7.999931335448993153, 0.000000000000000000 ) ) ;
#433 = ORIENTED_EDGE ( 'NONE', *, *, #3843, .F. ) ;
#434 = EDGE_CURVE ( 'NONE', #3348, #2413, #1300, .T. ) ;
#435 = CARTESIAN_POINT ( 'NONE',  ( 15.53999999999997783, -13.46000000000002927, 1.449999625923617419 ) ) ;
#436 = ORIENTED_EDGE ( 'NONE', *, *, #2736, .T. ) ;
#437 = VERTEX_POINT ( 'NONE', #5718 ) ;
#438 = EDGE_CURVE ( 'NONE', #365, #1776, #1070, .T. ) ;
#439 = DIRECTION ( 'NONE',  ( -0.000000000000000000, -0.000000000000000000, 1.000000000000000000 ) ) ;
#440 = DIRECTION ( 'NONE',  ( 0.000000000000000000, -0.000000000000000000, 1.000000000000000000 ) ) ;
#441 = ORIENTED_EDGE ( 'NONE', *, *, #5713, .F. ) ;
#442 = DIRECTION ( 'NONE',  ( -0.000000000000000000, -0.000000000000000000, 1.000000000000000000 ) ) ;
#443 = CARTESIAN_POINT ( 'NONE',  ( -42.83911729986402150, -37.49986974309549481, 1.450000676740692329 ) ) ;
#444 = CYLINDRICAL_SURFACE ( 'NONE', #3626, 0.5000000000000004441 ) ;
#445 = ORIENTED_EDGE ( 'NONE', *, *, #4651, .F. ) ;
#446 = VECTOR ( 'NONE', #5337, 1000.000000000000000 ) ;
#447 = DIRECTION ( 'NONE',  ( -0.000000000000000000, -0.000000000000000000, 1.000000000000000000 ) ) ;
#448 = FACE_OUTER_BOUND ( 'NONE', #3041, .T. ) ;
#449 = LINE ( 'NONE', #2233, #523 ) ;
#450 = PLANE ( 'NONE',  #1598 ) ;
#451 = CARTESIAN_POINT ( 'NONE',  ( -30.50012207031303291, -5.499931335448994929, 0.000000000000000000 ) ) ;
#452 = CIRCLE ( 'NONE', #4466, 0.5000000000000004441 ) ;
#453 = EDGE_LOOP ( 'NONE', ( #2705, #3531, #5219, #5101 ) ) ;
#454 = AXIS2_PLACEMENT_3D ( 'NONE', #4369, #1272, #2101 ) ;
#455 = VERTEX_POINT ( 'NONE', #828 ) ;
#456 = EDGE_CURVE ( 'NONE', #5020, #2945, #332, .T. ) ;
#457 = CARTESIAN_POINT ( 'NONE',  ( 2.074954986571962312, -57.07508182525601370, 0.000000000000000000 ) ) ;
#458 = AXIS2_PLACEMENT_3D ( 'NONE', #3282, #2843, #4621 ) ;
#459 = CARTESIAN_POINT ( 'NONE',  ( 13.53999999999997605, -18.54000000000002402, 1.449999847977584411 ) ) ;
#460 = ORIENTED_EDGE ( 'NONE', *, *, #1514, .F. ) ;
#461 = LINE ( 'NONE', #2243, #3586 ) ;
#462 = EDGE_LOOP ( 'NONE', ( #3593, #5637, #1892, #604, #28, #2788 ) ) ;
#463 = EDGE_CURVE ( 'NONE', #1157, #365, #5690, .T. ) ;
#464 = ORIENTED_EDGE ( 'NONE', *, *, #2465, .F. ) ;
#465 = ORIENTED_EDGE ( 'NONE', *, *, #4029, .T. ) ;
#466 = DIRECTION ( 'NONE',  ( 0.000000000000000000, 1.000000000000000000, 0.000000000000000000 ) ) ;
#467 = CARTESIAN_POINT ( 'NONE',  ( -58.25248347830570594, -33.76592310238539341, 1.450000513524439372 ) ) ;
#468 = AXIS2_PLACEMENT_3D ( 'NONE', #5214, #1223, #3012 ) ;
#469 = ORIENTED_EDGE ( 'NONE', *, *, #1777, .T. ) ;
#470 = EDGE_LOOP ( 'NONE', ( #5506, #2734, #418, #252 ) ) ;
#471 = EDGE_LOOP ( 'NONE', ( #3353, #4301, #3996, #3222 ) ) ;
#472 = AXIS2_PLACEMENT_3D ( 'NONE', #4010, #4087, #14 ) ;
#473 = CARTESIAN_POINT ( 'NONE',  ( 30.49987792968697775, -35.50007057189900905, 3.000000000000000000 ) ) ;
#474 = AXIS2_PLACEMENT_3D ( 'NONE', #3660, #5418, #986 ) ;
#475 = AXIS2_PLACEMENT_3D ( 'NONE', #5476, #5508, #3693 ) ;
#476 = LINE ( 'NONE', #3186, #1937 ) ;
#477 = CARTESIAN_POINT ( 'NONE',  ( 37.99999999999998579, 24.00000000000002842, 3.000000000000000000 ) ) ;
#478 = AXIS2_PLACEMENT_3D ( 'NONE', #1530, #5054, #3729 ) ;
#479 = DIRECTION ( 'NONE',  ( 0.000000000000000000, -0.9999999999999991118, 4.371140884147646851E-08 ) ) ;
#480 = LINE ( 'NONE', #5444, #1835 ) ;
#481 = CARTESIAN_POINT ( 'NONE',  ( -52.20836668985239015, -37.99971724957600117, 1.450000698589515080 ) ) ;
#482 = DIRECTION ( 'NONE',  ( 0.000000000000000000, 0.000000000000000000, -1.000000000000000000 ) ) ;
#483 = ORIENTED_EDGE ( 'NONE', *, *, #9, .F. ) ;
#484 = CARTESIAN_POINT ( 'NONE',  ( 30.50012016296399153, -5.499931269881894735, 1.449999277977990886 ) ) ;
#485 = FACE_OUTER_BOUND ( 'NONE', #619, .T. ) ;
#486 = ORIENTED_EDGE ( 'NONE', *, *, #3166, .F. ) ;
#487 = DIRECTION ( 'NONE',  ( -0.000000000000000000, -0.000000000000000000, -1.000000000000000000 ) ) ;
#488 = AXIS2_PLACEMENT_3D ( 'NONE', #2643, #2234, #2293 ) ;
#489 = ORIENTED_EDGE ( 'NONE', *, *, #1590, .T. ) ;
#490 = EDGE_LOOP ( 'NONE', ( #5269, #2131, #4973, #296 ) ) ;
#491 = ORIENTED_EDGE ( 'NONE', *, *, #2278, .T. ) ;
#492 = EDGE_CURVE ( 'NONE', #4157, #4485, #3784, .T. ) ;
#493 = CARTESIAN_POINT ( 'NONE',  ( -30.49987792968801514, -5.499931269881881413, 1.449999277977991108 ) ) ;
#494 = FACE_OUTER_BOUND ( 'NONE', #3433, .T. ) ;
#495 = FACE_OUTER_BOUND ( 'NONE', #5403, .T. ) ;
#496 = ORIENTED_EDGE ( 'NONE', *, *, #2065, .T. ) ;
#497 = PRODUCT_DEFINITION ( 'UNKNOWN', '', #3386, #3011 ) ;
#498 = VERTEX_POINT ( 'NONE', #2127 ) ;
#499 = VECTOR ( 'NONE', #1185, 1000.000000000000000 ) ;
#500 = EDGE_CURVE ( 'NONE', #5565, #2506, #3469, .T. ) ;
#501 = DIRECTION ( 'NONE',  ( 0.9999999998675463964, -1.627596612567151538E-05, 0.000000000000000000 ) ) ;
#502 = VECTOR ( 'NONE', #1574, 1000.000000000000000 ) ;
#503 = CARTESIAN_POINT ( 'NONE',  ( -59.42498535135181470, 8.414992237443547296, 0.000000000000000000 ) ) ;
#504 = AXIS2_PLACEMENT_3D ( 'NONE', #1864, #2718, #4603 ) ;
#505 = CYLINDRICAL_SURFACE ( 'NONE', #2421, 1.750000000000001554 ) ;
#506 = DIRECTION ( 'NONE',  ( -0.000000000000000000, -0.000000000000000000, -1.000000000000000000 ) ) ;
#507 = FACE_OUTER_BOUND ( 'NONE', #1813, .T. ) ;
#508 = PLANE ( 'NONE',  #2346 ) ;
#509 = DIRECTION ( 'NONE',  ( 1.000000000000000000, 0.000000000000000000, 0.000000000000000000 ) ) ;
#510 = CARTESIAN_POINT ( 'NONE',  ( -13.92494201660204212, -57.37510013580300949, 0.000000000000000000 ) ) ;
#511 = ORIENTED_EDGE ( 'NONE', *, *, #3870, .F. ) ;
#512 = CARTESIAN_POINT ( 'NONE',  ( 15.53999999999997783, -13.46000000000002927, 0.000000000000000000 ) ) ;
#513 = EDGE_LOOP ( 'NONE', ( #2074, #3697, #5410, #4490, #3108, #5700 ) ) ;
#514 = VERTEX_POINT ( 'NONE', #5316 ) ;
#515 = FACE_OUTER_BOUND ( 'NONE', #3541, .T. ) ;
#516 = FACE_OUTER_BOUND ( 'NONE', #4739, .T. ) ;
#517 = DIRECTION ( 'NONE',  ( -0.000000000000000000, -0.000000000000000000, -1.000000000000000000 ) ) ;
#518 = ORIENTED_EDGE ( 'NONE', *, *, #5062, .T. ) ;
#519 = EDGE_CURVE ( 'NONE', #5467, #4204, #911, .T. ) ;
#520 = VECTOR ( 'NONE', #2621, 1000.000000000000000 ) ;
#521 = EDGE_LOOP ( 'NONE', ( #4052, #2397, #676, #2858 ) ) ;
#522 = ORIENTED_EDGE ( 'NONE', *, *, #1372, .T. ) ;
#523 = VECTOR ( 'NONE', #1434, 1000.000000000000227 ) ;
#524 = DIRECTION ( 'NONE',  ( -0.000000000000000000, 0.000000000000000000, -1.000000000000000000 ) ) ;
#525 = CC_DESIGN_PERSON_AND_ORGANIZATION_ASSIGNMENT ( #4771, #245, ( #3386 ) ) ;
#526 = ADVANCED_FACE ( 'NONE', ( #367 ), #2651, .F. ) ;
#527 = EDGE_CURVE ( 'NONE', #2594, #4898, #3906, .T. ) ;
#528 = CARTESIAN_POINT ( 'NONE',  ( -39.16013196753240777, -2.499931335448993597, 3.000000000000000000 ) ) ;
#529 = FACE_BOUND ( 'NONE', #3321, .T. ) ;
#530 = CARTESIAN_POINT ( 'NONE',  ( 60.99999999999999289, 66.00000000000002842, 0.000000000000000000 ) ) ;
#531 = CARTESIAN_POINT ( 'NONE',  ( 39.15992036961294076, -33.50120435612532077, 0.000000000000000000 ) ) ;
#532 = LINE ( 'NONE', #5042, #1126 ) ;
#533 = LINE ( 'NONE', #5447, #1403 ) ;
#534 = CARTESIAN_POINT ( 'NONE',  ( 65.99999999999998579, -65.99999999999998579, 0.000000000000000000 ) ) ;
#535 = CARTESIAN_POINT ( 'NONE',  ( 33.21007646689140813, -50.94007753325929855, 28.04134375730104622 ) ) ;
#536 = ORIENTED_EDGE ( 'NONE', *, *, #1987, .T. ) ;
#537 = CARTESIAN_POINT ( 'NONE',  ( 39.16013196753240777, -10.49993133544899493, 3.000000000000000000 ) ) ;
#538 = CIRCLE ( 'NONE', #454, 12.50000000000000355 ) ;
#539 = ORIENTED_EDGE ( 'NONE', *, *, #149, .T. ) ;
#540 = ORIENTED_EDGE ( 'NONE', *, *, #1884, .T. ) ;
#541 = CARTESIAN_POINT ( 'NONE',  ( 39.16013196753240777, -0.4999313354489935968, 0.000000000000000000 ) ) ;
#542 = COORDINATED_UNIVERSAL_TIME_OFFSET ( 3, 0, .AHEAD. ) ;
#543 = AXIS2_PLACEMENT_3D ( 'NONE', #3650, #4499, #602 ) ;
#544 = VECTOR ( 'NONE', #862, 1000.000000000000000 ) ;
#545 = DIRECTION ( 'NONE',  ( 4.180742545671757368E-15, 4.371140887755362005E-08, 0.9999999999999991118 ) ) ;
#546 = DIRECTION ( 'NONE',  ( 1.000000000000000000, 0.000000000000000000, 0.000000000000000000 ) ) ;
#547 = AXIS2_PLACEMENT_3D ( 'NONE', #1204, #3078, #3898 ) ;
#548 = ORIENTED_EDGE ( 'NONE', *, *, #5286, .T. ) ;
#549 = ORIENTED_EDGE ( 'NONE', *, *, #5439, .F. ) ;
#550 = ORIENTED_EDGE ( 'NONE', *, *, #2099, .F. ) ;
#551 = CARTESIAN_POINT ( 'NONE',  ( 35.21007646689140813, -52.94007753325929855, 1.450001351653327442 ) ) ;
#552 = EDGE_CURVE ( 'NONE', #4060, #4518, #4459, .T. ) ;
#553 = CYLINDRICAL_SURFACE ( 'NONE', #3685, 3.999999999999996447 ) ;
#554 = AXIS2_PLACEMENT_3D ( 'NONE', #4172, #3237, #985 ) ;
#555 = DIRECTION ( 'NONE',  ( 0.000000000000000000, 0.000000000000000000, -1.000000000000000000 ) ) ;
#556 = EDGE_CURVE ( 'NONE', #1370, #2653, #163, .T. ) ;
#557 = CARTESIAN_POINT ( 'NONE',  ( -42.83908474956610490, -3.499931335448994485, 36.80533964865399810 ) ) ;
#558 = DIRECTION ( 'NONE',  ( -1.000000000000000000, 1.994248318681189754E-16, 0.000000000000000000 ) ) ;
#559 = DIRECTION ( 'NONE',  ( 0.9999999998675463964, -1.627596612567151538E-05, 0.000000000000000000 ) ) ;
#560 = CIRCLE ( 'NONE', #841, 4.000000000000003553 ) ;
#561 = VECTOR ( 'NONE', #5285, 999.9999999999998863 ) ;
#562 = LINE ( 'NONE', #964, #3084 ) ;
#563 = CYLINDRICAL_SURFACE ( 'NONE', #1909, 1.750000000000001554 ) ;
#564 = DIRECTION ( 'NONE',  ( -0.000000000000000000, -0.000000000000000000, 1.000000000000000000 ) ) ;
#565 = ORIENTED_EDGE ( 'NONE', *, *, #1740, .F. ) ;
#566 = EDGE_CURVE ( 'NONE', #4749, #977, #21, .T. ) ;
#567 = EDGE_LOOP ( 'NONE', ( #630, #3591, #2595, #890, #2334, #4998, #1005, #548, #2556, #4061, #2079, #1564, #3003, #2614 ) ) ;
#568 = ORIENTED_EDGE ( 'NONE', *, *, #2345, .T. ) ;
#569 = DIRECTION ( 'NONE',  ( -0.000000000000000000, 0.000000000000000000, -1.000000000000000000 ) ) ;
#570 = DIRECTION ( 'NONE',  ( 1.000000000000000000, 0.000000000000000000, 0.000000000000000000 ) ) ;
#571 = DIRECTION ( 'NONE',  ( -0.000000000000000000, -0.000000000000000000, 1.000000000000000000 ) ) ;
#572 = CIRCLE ( 'NONE', #2437, 1.750000000000003109 ) ;
#573 = CARTESIAN_POINT ( 'NONE',  ( 33.46453803689025364, -17.59675966251838730, 28.04134375730104622 ) ) ;
#574 = VERTEX_POINT ( 'NONE', #3032 ) ;
#575 = ORIENTED_EDGE ( 'NONE', *, *, #3278, .T. ) ;
#576 = ORIENTED_EDGE ( 'NONE', *, *, #3342, .T. ) ;
#577 = VECTOR ( 'NONE', #5413, 1000.000000000000000 ) ;
#578 = DIRECTION ( 'NONE',  ( 0.000000000000000000, 0.000000000000000000, -1.000000000000000000 ) ) ;
#579 = CIRCLE ( 'NONE', #3289, 0.5000000000000004441 ) ;
#580 = ADVANCED_FACE ( 'NONE', ( #4431 ), #3529, .F. ) ;
#581 = CARTESIAN_POINT ( 'NONE',  ( 55.00000000000000000, -55.00000000000000000, 0.000000000000000000 ) ) ;
#582 = LINE ( 'NONE', #2365, #1438 ) ;
#583 = LINE ( 'NONE', #2861, #3728 ) ;
#584 = AXIS2_PLACEMENT_3D ( 'NONE', #1745, #3504, #892 ) ;
#585 = DIRECTION ( 'NONE',  ( -0.000000000000000000, -0.000000000000000000, -1.000000000000000000 ) ) ;
#586 = DIRECTION ( 'NONE',  ( -0.000000000000000000, -0.000000000000000000, -1.000000000000000000 ) ) ;
#587 = CARTESIAN_POINT ( 'NONE',  ( 30.49987792968802225, -35.50007057189900195, 0.000000000000000000 ) ) ;
#588 = ADVANCED_FACE ( 'NONE', ( #4772 ), #5744, .F. ) ;
#589 = ORIENTED_EDGE ( 'NONE', *, *, #4048, .T. ) ;
#590 = EDGE_CURVE ( 'NONE', #2826, #5514, #452, .T. ) ;
#591 = CARTESIAN_POINT ( 'NONE',  ( -30.49987792968801514, -5.499931269881881413, 1.449999277977991108 ) ) ;
#592 = LINE ( 'NONE', #2295, #1186 ) ;
#593 = ADVANCED_FACE ( 'NONE', ( #4047 ), #3694, .T. ) ;
#594 = DIRECTION ( 'NONE',  ( -1.000000000000000000, 1.994248318681189754E-16, 0.000000000000000000 ) ) ;
#595 = EDGE_CURVE ( 'NONE', #5199, #2335, #3716, .T. ) ;
#596 = ORIENTED_EDGE ( 'NONE', *, *, #4261, .F. ) ;
#597 = VERTEX_POINT ( 'NONE', #4126 ) ;
#598 = VERTEX_POINT ( 'NONE', #2321 ) ;
#599 = DIRECTION ( 'NONE',  ( -4.180742545671762101E-15, -4.371140887755362005E-08, -0.9999999999999992228 ) ) ;
#600 = VERTEX_POINT ( 'NONE', #5455 ) ;
#601 = EDGE_CURVE ( 'NONE', #5605, #5624, #1755, .T. ) ;
#602 = DIRECTION ( 'NONE',  ( 0.000000000000000000, 0.000000000000000000, 1.000000000000000000 ) ) ;
#603 = DIRECTION ( 'NONE',  ( -1.000000000000000000, 0.000000000000000000, 0.000000000000000000 ) ) ;
#604 = ORIENTED_EDGE ( 'NONE', *, *, #2024, .F. ) ;
#605 = ORIENTED_EDGE ( 'NONE', *, *, #2249, .F. ) ;
#606 = AXIS2_PLACEMENT_3D ( 'NONE', #4750, #2540, #2948 ) ;
#607 = EDGE_LOOP ( 'NONE', ( #765, #733, #5352, #428, #5662, #1619 ) ) ;
#608 = CARTESIAN_POINT ( 'NONE',  ( 39.16013196753240777, -0.4999313354489935968, 3.000000000000000000 ) ) ;
#609 = CYLINDRICAL_SURFACE ( 'NONE', #2758, 2.000000000000001776 ) ;
#610 = CARTESIAN_POINT ( 'NONE',  ( -39.16034355507807874, -33.49992961816254677, 0.000000000000000000 ) ) ;
#611 = AXIS2_PLACEMENT_3D ( 'NONE', #2440, #1092, #5604 ) ;
#612 = DIRECTION ( 'NONE',  ( 0.000000000000000000, -0.9999999999999990008, 4.371140887245334351E-08 ) ) ;
#613 = DIRECTION ( 'NONE',  ( 1.000000000000000000, 0.000000000000000000, 0.000000000000000000 ) ) ;
#614 = CARTESIAN_POINT ( 'NONE',  ( -66.00000000000001421, 61.00000000000000000, 3.000000000000000000 ) ) ;
#615 = VERTEX_POINT ( 'NONE', #98 ) ;
#616 = CARTESIAN_POINT ( 'NONE',  ( -30.50012207031303291, -5.499931335448994929, 36.80533964865399810 ) ) ;
#617 = CARTESIAN_POINT ( 'NONE',  ( 35.21007646689140813, -46.40007575682851382, 28.04134375730104622 ) ) ;
#618 = FACE_OUTER_BOUND ( 'NONE', #2125, .T. ) ;
#619 = EDGE_LOOP ( 'NONE', ( #2387, #4269, #4302, #5547 ) ) ;
#620 = ADVANCED_FACE ( 'NONE', ( #3170 ), #126, .T. ) ;
#621 = ORIENTED_EDGE ( 'NONE', *, *, #1276, .T. ) ;
#622 = ORIENTED_EDGE ( 'NONE', *, *, #829, .F. ) ;
#623 = DIRECTION ( 'NONE',  ( 1.000000000000000000, 0.000000000000000000, 0.000000000000000000 ) ) ;
#624 = AXIS2_PLACEMENT_3D ( 'NONE', #3515, #1319, #63 ) ;
#625 = EDGE_CURVE ( 'NONE', #615, #4428, #915, .T. ) ;
#626 = VERTEX_POINT ( 'NONE', #1976 ) ;
#627 = DIRECTION ( 'NONE',  ( 0.000000000000000000, -0.000000000000000000, 1.000000000000000000 ) ) ;
#628 = FACE_OUTER_BOUND ( 'NONE', #4342, .T. ) ;
#629 = ORIENTED_EDGE ( 'NONE', *, *, #4114, .T. ) ;
#630 = ORIENTED_EDGE ( 'NONE', *, *, #4873, .T. ) ;
#631 = ORIENTED_EDGE ( 'NONE', *, *, #3265, .F. ) ;
#632 = CIRCLE ( 'NONE', #2139, 0.5000000000000004441 ) ;
#633 = LINE ( 'NONE', #114, #4411 ) ;
#634 = FACE_OUTER_BOUND ( 'NONE', #1926, .T. ) ;
#635 = CARTESIAN_POINT ( 'NONE',  ( -42.63478316982463667, -8.499931335448993153, 0.000000000000000000 ) ) ;
#636 = CARTESIAN_POINT ( 'NONE',  ( -42.83911729986401440, -37.49986974309550192, 36.80533964865399810 ) ) ;
#637 = LINE ( 'NONE', #5445, #4116 ) ;
#638 = AXIS2_PLACEMENT_3D ( 'NONE', #5246, #2604, #1253 ) ;
#639 = DIRECTION ( 'NONE',  ( 0.9999999998675463964, -1.627596612578200236E-05, 0.000000000000000000 ) ) ;
#640 = ORIENTED_EDGE ( 'NONE', *, *, #2495, .T. ) ;
#641 = CIRCLE ( 'NONE', #2792, 2.000000000000001776 ) ;
#642 = CARTESIAN_POINT ( 'NONE',  ( 37.42808115996353280, -1.499931335448996927, 1.449999103132329381 ) ) ;
#643 = DIRECTION ( 'NONE',  ( -0.9999999998675463964, 1.627596612587094081E-05, -7.072646676600397240E-13 ) ) ;
#644 = CARTESIAN_POINT ( 'NONE',  ( 42.83864707157683682, -37.50126423148633137, 1.450000676801287192 ) ) ;
#645 = ORIENTED_EDGE ( 'NONE', *, *, #5405, .F. ) ;
#646 = AXIS2_PLACEMENT_3D ( 'NONE', #1865, #2304, #79 ) ;
#647 = CIRCLE ( 'NONE', #475, 7.000000000000001776 ) ;
#648 = ORIENTED_EDGE ( 'NONE', *, *, #1270, .F. ) ;
#649 = EDGE_LOOP ( 'NONE', ( #2482 ) ) ;
#650 = FACE_OUTER_BOUND ( 'NONE', #2972, .T. ) ;
#651 = VERTEX_POINT ( 'NONE', #1474 ) ;
#652 = CARTESIAN_POINT ( 'NONE',  ( -61.00000000000002132, 61.00000000000000000, 3.000000000000000000 ) ) ;
#653 = CARTESIAN_POINT ( 'NONE',  ( -51.70828531008798024, -32.99972538822134283, 1.450000480032824557 ) ) ;
#654 = ORIENTED_EDGE ( 'NONE', *, *, #4290, .T. ) ;
#655 = CARTESIAN_POINT ( 'NONE',  ( 39.15983898978230826, -38.50120435546305941, 1.450000720510096208 ) ) ;
#656 = ORIENTED_EDGE ( 'NONE', *, *, #4806, .T. ) ;
#657 = EDGE_CURVE ( 'NONE', #1187, #858, #592, .T. ) ;
#658 = ORIENTED_EDGE ( 'NONE', *, *, #2246, .F. ) ;
#659 = LINE ( 'NONE', #1097, #3759 ) ;
#660 = CIRCLE ( 'NONE', #5321, 2.000000000000001776 ) ;
#661 = ADVANCED_FACE ( 'NONE', ( #1467 ), #1915, .F. ) ;
#662 = ADVANCED_FACE ( 'NONE', ( #5397 ), #4942, .F. ) ;
#663 = CARTESIAN_POINT ( 'NONE',  ( 65.99999999999998579, -60.99999999999999289, 3.000000000000000000 ) ) ;
#664 = AXIS2_PLACEMENT_3D ( 'NONE', #1491, #3192, #4175 ) ;
#665 = DIRECTION ( 'NONE',  ( 1.000000000000000000, 0.000000000000000000, 0.000000000000000000 ) ) ;
#666 = CIRCLE ( 'NONE', #397, 2.000000000000001776 ) ;
#667 = DIRECTION ( 'NONE',  ( -1.000000000000000000, -0.000000000000000000, -0.000000000000000000 ) ) ;
#668 = DIRECTION ( 'NONE',  ( -0.9999999998675463964, 1.627596612607036625E-05, -7.072646676687567254E-13 ) ) ;
#669 = CARTESIAN_POINT ( 'NONE',  ( 4.574954986571961868, -55.32508182525600660, 0.000000000000000000 ) ) ;
#670 = ORIENTED_EDGE ( 'NONE', *, *, #196, .T. ) ;
#671 = CARTESIAN_POINT ( 'NONE',  ( 51.70779702075834194, -38.00140858553671563, 0.000000000000000000 ) ) ;
#672 = CARTESIAN_POINT ( 'NONE',  ( -42.83908474956610490, -3.499931335448998926, 1.449999190555478989 ) ) ;
#673 = DIRECTION ( 'NONE',  ( -0.000000000000000000, 0.000000000000000000, 1.000000000000000000 ) ) ;
#674 = EDGE_LOOP ( 'NONE', ( #405, #3988, #5266, #357 ) ) ;
#675 = EDGE_LOOP ( 'NONE', ( #2439, #249, #746, #2194 ) ) ;
#676 = ORIENTED_EDGE ( 'NONE', *, *, #3420, .T. ) ;
#677 = DIRECTION ( 'NONE',  ( 0.000000000000000000, 0.9999999999999991118, -4.371140887755362005E-08 ) ) ;
#678 = PERSON_AND_ORGANIZATION ( #4257, #2917 ) ;
#679 = DIRECTION ( 'NONE',  ( 1.000000000000000000, 0.000000000000000000, 0.000000000000000000 ) ) ;
#680 = DIRECTION ( 'NONE',  ( 1.000000000000000000, 0.000000000000000000, -0.000000000000000000 ) ) ;
#681 = ORIENTED_EDGE ( 'NONE', *, *, #2985, .T. ) ;
#682 = CARTESIAN_POINT ( 'NONE',  ( -56.25248347830570594, -43.92592313267459048, 28.04134375730104622 ) ) ;
#683 = ORIENTED_EDGE ( 'NONE', *, *, #2746, .T. ) ;
#684 = EDGE_LOOP ( 'NONE', ( #2572, #1928, #1469, #994 ) ) ;
#685 = CARTESIAN_POINT ( 'NONE',  ( 51.83157107505930128, -32.51694999944220399, 0.7250002420935985903 ) ) ;
#686 = VECTOR ( 'NONE', #3269, 1000.000000000000000 ) ;
#687 = EDGE_LOOP ( 'NONE', ( #3411, #5459, #3230, #5113, #1082, #1350 ) ) ;
#688 = DIRECTION ( 'NONE',  ( 6.829619963800058489E-16, -1.000000000000000000, 0.000000000000000000 ) ) ;
#689 = CARTESIAN_POINT ( 'NONE',  ( -55.00000000000000000, 55.00000000000000711, 3.000000000000000000 ) ) ;
#690 = EDGE_CURVE ( 'NONE', #2668, #2361, #3677, .T. ) ;
#691 = EDGE_CURVE ( 'NONE', #4157, #1973, #3640, .T. ) ;
#692 = DIRECTION ( 'NONE',  ( -0.000000000000000000, -0.000000000000000000, -1.000000000000000000 ) ) ;
#693 = CARTESIAN_POINT ( 'NONE',  ( 38.99823860727875768, -44.66674203942633170, 0.000000000000000000 ) ) ;
#694 = DIRECTION ( 'NONE',  ( 1.000000000000000000, 0.000000000000000000, 0.000000000000000000 ) ) ;
#695 = EDGE_CURVE ( 'NONE', #980, #4605, #966, .T. ) ;
#696 = VERTEX_POINT ( 'NONE', #3248 ) ;
#697 = CARTESIAN_POINT ( 'NONE',  ( -8.924942016602040340, -57.37510013580300949, 1.450001545514617796 ) ) ;
#698 = DIRECTION ( 'NONE',  ( -0.000000000000000000, 0.000000000000000000, 1.000000000000000000 ) ) ;
#699 = CARTESIAN_POINT ( 'NONE',  ( 50.52500206014519790, -33.14931592906049218, 28.04134375730104622 ) ) ;
#700 = CARTESIAN_POINT ( 'NONE',  ( -38.00000000000000000, 46.00000000000002842, 0.000000000000000000 ) ) ;
#701 = ORIENTED_EDGE ( 'NONE', *, *, #5106, .T. ) ;
#702 = EDGE_CURVE ( 'NONE', #5411, #1142, #5018, .T. ) ;
#703 = ORIENTED_EDGE ( 'NONE', *, *, #5527, .T. ) ;
#704 = ORIENTED_EDGE ( 'NONE', *, *, #105, .F. ) ;
#705 = DIRECTION ( 'NONE',  ( 0.000000000000000000, 0.000000000000000000, -1.000000000000000000 ) ) ;
#706 = DIRECTION ( 'NONE',  ( -0.000000000000000000, -0.000000000000000000, 1.000000000000000000 ) ) ;
#707 = DIRECTION ( 'NONE',  ( 0.000000000000000000, -0.9999999999999991118, 4.371140887755362005E-08 ) ) ;
#708 = VERTEX_POINT ( 'NONE', #47 ) ;
#709 = DIRECTION ( 'NONE',  ( -4.180742545671762101E-15, -4.371140887755362005E-08, -0.9999999999999992228 ) ) ;
#710 = ORIENTED_EDGE ( 'NONE', *, *, #5460, .T. ) ;
#711 = VERTEX_POINT ( 'NONE', #1439 ) ;
#712 = AXIS2_PLACEMENT_3D ( 'NONE', #3395, #2117, #326 ) ;
#713 = FACE_OUTER_BOUND ( 'NONE', #2236, .T. ) ;
#714 = VECTOR ( 'NONE', #1242, 1000.000000000000000 ) ;
#715 = ORIENTED_EDGE ( 'NONE', *, *, #731, .T. ) ;
#716 = CARTESIAN_POINT ( 'NONE',  ( -51.70808186218739166, -7.999931335448993153, 3.000000000000000000 ) ) ;
#717 = VECTOR ( 'NONE', #2296, 1000.000000000000000 ) ;
#718 = CARTESIAN_POINT ( 'NONE',  ( -39.16029472717970350, -30.49992961855991069, 1.450000370763431690 ) ) ;
#719 = DIRECTION ( 'NONE',  ( 0.000000000000000000, 0.000000000000000000, -1.000000000000000000 ) ) ;
#720 = VECTOR ( 'NONE', #1551, 1000.000000000000000 ) ;
#721 = FACE_OUTER_BOUND ( 'NONE', #1634, .T. ) ;
#722 = CARTESIAN_POINT ( 'NONE',  ( 39.15996919751131600, -30.50120435652268824, 3.000000000000000000 ) ) ;
#723 = CARTESIAN_POINT ( 'NONE',  ( 39.15980643785005100, -40.50120435519815487, 1.450000807932913860 ) ) ;
#724 = EDGE_CURVE ( 'NONE', #5655, #2570, #4538, .T. ) ;
#725 = ORIENTED_EDGE ( 'NONE', *, *, #3858, .T. ) ;
#726 = DIRECTION ( 'NONE',  ( -0.000000000000000000, 0.000000000000000000, 1.000000000000000000 ) ) ;
#727 = EDGE_CURVE ( 'NONE', #3720, #3403, #2814, .T. ) ;
#728 = DIRECTION ( 'NONE',  ( -0.000000000000000000, -0.000000000000000000, 1.000000000000000000 ) ) ;
#729 = DIRECTION ( 'NONE',  ( -1.000000000000000000, 0.000000000000000000, 0.000000000000000000 ) ) ;
#730 = DIRECTION ( 'NONE',  ( 1.000000000000000000, 0.000000000000000000, 0.000000000000000000 ) ) ;
#731 = EDGE_CURVE ( 'NONE', #2003, #2214, #992, .T. ) ;
#732 = VERTEX_POINT ( 'NONE', #4154 ) ;
#733 = ORIENTED_EDGE ( 'NONE', *, *, #3993, .T. ) ;
#734 = ORIENTED_EDGE ( 'NONE', *, *, #3443, .F. ) ;
#735 = VECTOR ( 'NONE', #2170, 1000.000000000000000 ) ;
#736 = AXIS2_PLACEMENT_3D ( 'NONE', #3206, #4971, #2764 ) ;
#737 = LINE ( 'NONE', #2529, #3180 ) ;
#738 = PERSON_AND_ORGANIZATION_ROLE ( 'classification_officer' ) ;
#739 = DIRECTION ( 'NONE',  ( 0.000000000000000000, -0.000000000000000000, -1.000000000000000000 ) ) ;
#740 = AXIS2_PLACEMENT_3D ( 'NONE', #1517, #2862, #4560 ) ;
#741 = DIRECTION ( 'NONE',  ( 0.9999999998675463964, -1.627596612587094081E-05, 7.072646676600397240E-13 ) ) ;
#742 = VECTOR ( 'NONE', #5734, 1000.000000000000000 ) ;
#743 = ADVANCED_FACE ( 'NONE', ( #4917 ), #563, .F. ) ;
#744 = ORIENTED_EDGE ( 'NONE', *, *, #4847, .T. ) ;
#745 = CARTESIAN_POINT ( 'NONE',  ( 51.70808186218739166, -7.999931335448993153, 0.000000000000000000 ) ) ;
#746 = ORIENTED_EDGE ( 'NONE', *, *, #3331, .F. ) ;
#747 = AXIS2_PLACEMENT_3D ( 'NONE', #2467, #1533, #4187 ) ;
#748 = DIRECTION ( 'NONE',  ( -4.180742545671762101E-15, -4.371140887755362005E-08, -0.9999999999999992228 ) ) ;
#749 = ORIENTED_EDGE ( 'NONE', *, *, #4114, .F. ) ;
#750 = CARTESIAN_POINT ( 'NONE',  ( -51.71248359946253714, -33.76592310238539341, 0.000000000000000000 ) ) ;
#751 = LINE ( 'NONE', #2542, #3918 ) ;
#752 = PLANE ( 'NONE',  #760 ) ;
#753 = EDGE_CURVE ( 'NONE', #2599, #3210, #5421, .T. ) ;
#754 = DIRECTION ( 'NONE',  ( -0.000000000000000000, -0.000000000000000000, -1.000000000000000000 ) ) ;
#755 = VECTOR ( 'NONE', #5710, 1000.000000000000000 ) ;
#756 = CARTESIAN_POINT ( 'NONE',  ( -51.73034350111014135, -33.49923858745518146, 1.450000501867249714 ) ) ;
#757 = CARTESIAN_POINT ( 'NONE',  ( 39.15983898978127797, -38.50120435546305941, 1.450000720509840857 ) ) ;
#758 = EDGE_LOOP ( 'NONE', ( #3965, #3506, #1547, #1357 ) ) ;
#759 = CYLINDRICAL_SURFACE ( 'NONE', #4232, 3.000000000000002665 ) ;
#760 = AXIS2_PLACEMENT_3D ( 'NONE', #2543, #1224, #1284 ) ;
#761 = DIRECTION ( 'NONE',  ( -1.000000000000000000, 0.000000000000000000, 0.000000000000000000 ) ) ;
#762 = ADVANCED_FACE ( 'NONE', ( #2960 ), #4735, .F. ) ;
#763 = CARTESIAN_POINT ( 'NONE',  ( -39.16013196753240777, -7.499931335448998482, 1.449999365401102747 ) ) ;
#764 = DIRECTION ( 'NONE',  ( 1.000000000000000000, 0.000000000000000000, 0.000000000000000000 ) ) ;
#765 = ORIENTED_EDGE ( 'NONE', *, *, #233, .F. ) ;
#766 = CIRCLE ( 'NONE', #37, 2.999999999999995559 ) ;
#767 = VERTEX_POINT ( 'NONE', #5562 ) ;
#768 = ORIENTED_EDGE ( 'NONE', *, *, #1457, .T. ) ;
#769 = LINE ( 'NONE', #5628, #5579 ) ;
#770 = SHAPE_DEFINITION_REPRESENTATION ( #2934, #3518 ) ;
#771 = EDGE_CURVE ( 'NONE', #5059, #1679, #4264, .T. ) ;
#772 = EDGE_CURVE ( 'NONE', #4410, #3964, #1080, .T. ) ;
#773 = AXIS2_PLACEMENT_3D ( 'NONE', #2274, #4051, #50 ) ;
#774 = CARTESIAN_POINT ( 'NONE',  ( 29.96453803689026785, -17.59675966251838730, 28.04134375730104622 ) ) ;
#775 = CARTESIAN_POINT ( 'NONE',  ( -53.71248359946253004, -45.92592313267459048, 28.04134375730104622 ) ) ;
#776 = EDGE_LOOP ( 'NONE', ( #715, #1750, #5660, #3261 ) ) ;
#777 = DIRECTION ( 'NONE',  ( -1.000000000000000000, -6.829619984160652130E-16, 0.000000000000000000 ) ) ;
#778 = ORIENTED_EDGE ( 'NONE', *, *, #1321, .F. ) ;
#779 = ORIENTED_EDGE ( 'NONE', *, *, #2536, .T. ) ;
#780 = AXIS2_PLACEMENT_3D ( 'NONE', #1045, #482, #5737 ) ;
#781 = ADVANCED_FACE ( 'NONE', ( #2520 ), #3399, .F. ) ;
#782 = DIRECTION ( 'NONE',  ( 1.000000000000000000, 0.000000000000000000, 0.000000000000000000 ) ) ;
#783 = VERTEX_POINT ( 'NONE', #672 ) ;
#784 = FACE_OUTER_BOUND ( 'NONE', #4928, .T. ) ;
#785 = VERTEX_POINT ( 'NONE', #151 ) ;
#786 = CYLINDRICAL_SURFACE ( 'NONE', #3168, 4.000000000000003553 ) ;
#787 = DIRECTION ( 'NONE',  ( -0.000000000000000000, 1.000000000000000000, -0.000000000000000000 ) ) ;
#788 = DIRECTION ( 'NONE',  ( -0.000000000000000000, -0.000000000000000000, -1.000000000000000000 ) ) ;
#789 = CARTESIAN_POINT ( 'NONE',  ( -51.71248359946253714, -37.49974233679053981, 0.000000000000000000 ) ) ;
#790 = ORIENTED_EDGE ( 'NONE', *, *, #5430, .F. ) ;
#791 = LINE ( 'NONE', #5591, #2154 ) ;
#792 = DIRECTION ( 'NONE',  ( 0.000000000000000000, -0.000000000000000000, 1.000000000000000000 ) ) ;
#793 = CARTESIAN_POINT ( 'NONE',  ( 35.21007646689140813, -46.40007575682851382, 0.000000000000000000 ) ) ;
#794 = CARTESIAN_POINT ( 'NONE',  ( 55.67099752524903522, -29.59477664196644042, 1.450000331197264014 ) ) ;
#795 = ORIENTED_EDGE ( 'NONE', *, *, #2209, .T. ) ;
#796 = VERTEX_POINT ( 'NONE', #4703 ) ;
#797 = AXIS2_PLACEMENT_3D ( 'NONE', #17, #44, #4510 ) ;
#798 = ORIENTED_EDGE ( 'NONE', *, *, #1351, .T. ) ;
#799 = FACE_OUTER_BOUND ( 'NONE', #5145, .T. ) ;
#800 = ADVANCED_FACE ( 'NONE', ( #209 ), #2026, .F. ) ;
#801 = DIRECTION ( 'NONE',  ( -1.000000000000000000, 0.000000000000000000, 0.000000000000000000 ) ) ;
#802 = DIRECTION ( 'NONE',  ( -0.000000000000000000, 0.000000000000000000, -1.000000000000000000 ) ) ;
#803 = ORIENTED_EDGE ( 'NONE', *, *, #5434, .F. ) ;
#804 = CARTESIAN_POINT ( 'NONE',  ( 39.16013196753240777, -10.49993133544899493, 1.449999496535001819 ) ) ;
#805 = VERTEX_POINT ( 'NONE', #4235 ) ;
#806 = ORIENTED_EDGE ( 'NONE', *, *, #4651, .T. ) ;
#807 = ADVANCED_FACE ( 'NONE', ( #238 ), #3835, .F. ) ;
#808 = ADVANCED_FACE ( 'NONE', ( #2841 ), #2400, .F. ) ;
#809 = LINE ( 'NONE', #254, #861 ) ;
#810 = EDGE_LOOP ( 'NONE', ( #2492, #3310, #1337, #4329 ) ) ;
#811 = LINE ( 'NONE', #2920, #5712 ) ;
#812 = ORIENTED_EDGE ( 'NONE', *, *, #1459, .F. ) ;
#813 = DIRECTION ( 'NONE',  ( -0.000000000000000000, -1.000000000000000000, -0.000000000000000000 ) ) ;
#814 = DIRECTION ( 'NONE',  ( 0.000000000000000000, -0.000000000000000000, 1.000000000000000000 ) ) ;
#815 = CARTESIAN_POINT ( 'NONE',  ( -55.00000000000000000, -55.00000000000000000, 3.000000000000000000 ) ) ;
#816 = LINE ( 'NONE', #4726, #4363 ) ;
#817 = ORIENTED_EDGE ( 'NONE', *, *, #2810, .F. ) ;
#818 = CYLINDRICAL_SURFACE ( 'NONE', #2889, 3.000000000000002665 ) ;
#819 = AXIS2_PLACEMENT_3D ( 'NONE', #5398, #2756, #4049 ) ;
#820 = CIRCLE ( 'NONE', #3070, 1.750000000000008438 ) ;
#821 = DIRECTION ( 'NONE',  ( 0.9999999999999961142, 8.742277677795539484E-08, -8.002115286624055570E-15 ) ) ;
#822 = DIRECTION ( 'NONE',  ( -0.000000000000000000, -0.000000000000000000, -1.000000000000000000 ) ) ;
#823 = LINE ( 'NONE', #2613, #2538 ) ;
#824 = ORIENTED_EDGE ( 'NONE', *, *, #9, .T. ) ;
#825 = ORIENTED_EDGE ( 'NONE', *, *, #5395, .F. ) ;
#826 = VERTEX_POINT ( 'NONE', #4620 ) ;
#827 = DIRECTION ( 'NONE',  ( -0.000000000000000000, -0.000000000000000000, -1.000000000000000000 ) ) ;
#828 = CARTESIAN_POINT ( 'NONE',  ( -37.99999999999998579, 50.00000000000002842, 3.000000000000000000 ) ) ;
#829 = EDGE_CURVE ( 'NONE', #5540, #5023, #3723, .T. ) ;
#830 = DIRECTION ( 'NONE',  ( 4.180742545671762101E-15, 4.371140887755362005E-08, 0.9999999999999992228 ) ) ;
#831 = ORIENTED_EDGE ( 'NONE', *, *, #981, .T. ) ;
#832 = CARTESIAN_POINT ( 'NONE',  ( 55.00000000000000000, 55.00000000000000711, 0.000000000000000000 ) ) ;
#833 = VECTOR ( 'NONE', #1963, 1000.000000000000000 ) ;
#834 = EDGE_LOOP ( 'NONE', ( #1144, #2404, #1452, #3231 ) ) ;
#835 = VERTEX_POINT ( 'NONE', #4179 ) ;
#836 = CARTESIAN_POINT ( 'NONE',  ( 39.15985526574843334, -37.50120435559551169, 0.000000000000000000 ) ) ;
#837 = AXIS2_PLACEMENT_3D ( 'NONE', #671, #5098, #5193 ) ;
#838 = VECTOR ( 'NONE', #2229, 1000.000000000000000 ) ;
#839 = EDGE_CURVE ( 'NONE', #49, #380, #3308, .T. ) ;
#840 = ORIENTED_EDGE ( 'NONE', *, *, #5317, .F. ) ;
#841 = AXIS2_PLACEMENT_3D ( 'NONE', #3096, #4896, #2690 ) ;
#842 = AXIS2_PLACEMENT_3D ( 'NONE', #1116, #2381, #1086 ) ;
#843 = PLANE ( 'NONE',  #4564 ) ;
#844 = CARTESIAN_POINT ( 'NONE',  ( 50.40063686045313318, -32.50138730951373134, 1.450000458249337765 ) ) ;
#845 = EDGE_CURVE ( 'NONE', #2471, #1338, #181, .T. ) ;
#846 = ADVANCED_FACE ( 'NONE', ( #1614 ), #2931, .F. ) ;
#847 = DIRECTION ( 'NONE',  ( 0.000000000000000000, 0.000000000000000000, 1.000000000000000000 ) ) ;
#848 = ORIENTED_EDGE ( 'NONE', *, *, #3339, .T. ) ;
#849 = DIRECTION ( 'NONE',  ( -1.000000000000000000, 0.000000000000000000, 0.000000000000000000 ) ) ;
#850 = EDGE_CURVE ( 'NONE', #3969, #5624, #2868, .T. ) ;
#851 = VECTOR ( 'NONE', #4614, 1000.000000000000000 ) ;
#852 = PLANE ( 'NONE',  #1018 ) ;
#853 = CARTESIAN_POINT ( 'NONE',  ( -39.16013196753240777, -8.499931335448993153, 0.000000000000000000 ) ) ;
#854 = CARTESIAN_POINT ( 'NONE',  ( 47.02500206014519790, -37.50133236845832840, 0.000000000000000000 ) ) ;
#855 = ORIENTED_EDGE ( 'NONE', *, *, #2105, .T. ) ;
#856 = EDGE_CURVE ( 'NONE', #2284, #980, #3751, .T. ) ;
#857 = ORIENTED_EDGE ( 'NONE', *, *, #5253, .T. ) ;
#858 = VERTEX_POINT ( 'NONE', #2642 ) ;
#859 = LINE ( 'NONE', #2126, #1113 ) ;
#860 = CARTESIAN_POINT ( 'NONE',  ( 50.52500206014519790, -37.50138933433978394, 0.000000000000000000 ) ) ;
#861 = VECTOR ( 'NONE', #1660, 1000.000000000000000 ) ;
#862 = DIRECTION ( 'NONE',  ( -0.000000000000000000, -0.000000000000000000, -1.000000000000000000 ) ) ;
#863 = ORIENTED_EDGE ( 'NONE', *, *, #93, .F. ) ;
#864 = FACE_OUTER_BOUND ( 'NONE', #223, .T. ) ;
#865 = ORIENTED_EDGE ( 'NONE', *, *, #2876, .F. ) ;
#866 = ORIENTED_EDGE ( 'NONE', *, *, #1777, .F. ) ;
#867 = APPROVAL_PERSON_ORGANIZATION ( #1147, #2175, #5173 ) ;
#868 = VECTOR ( 'NONE', #5374, 1000.000000000000227 ) ;
#869 = DIRECTION ( 'NONE',  ( 0.000000000000000000, -0.000000000000000000, 1.000000000000000000 ) ) ;
#870 = LINE ( 'NONE', #4866, #1786 ) ;
#871 = ORIENTED_EDGE ( 'NONE', *, *, #1482, .F. ) ;
#872 = DIRECTION ( 'NONE',  ( 1.000000000000000000, 0.000000000000000000, -0.000000000000000000 ) ) ;
#873 = CARTESIAN_POINT ( 'NONE',  ( -51.70828531008798024, -32.99972538822133572, 3.000000000000000000 ) ) ;
#874 = CARTESIAN_POINT ( 'NONE',  ( 37.99999999999998579, 50.00000000000002842, 0.000000000000000000 ) ) ;
#875 = VERTEX_POINT ( 'NONE', #1677 ) ;
#876 = FACE_OUTER_BOUND ( 'NONE', #1529, .T. ) ;
#877 = EDGE_CURVE ( 'NONE', #5058, #3410, #5735, .T. ) ;
#878 = FACE_OUTER_BOUND ( 'NONE', #4396, .T. ) ;
#879 = DIRECTION ( 'NONE',  ( 1.000000000000000000, 0.000000000000000000, 0.000000000000000000 ) ) ;
#880 = EDGE_CURVE ( 'NONE', #4572, #2563, #3492, .T. ) ;
#881 = CARTESIAN_POINT ( 'NONE',  ( 51.70779702075834194, -38.00140858553671563, 3.000000000000000000 ) ) ;
#882 = CARTESIAN_POINT ( 'NONE',  ( 17.49999999999998224, -28.25000000000002487, 28.04134375730104622 ) ) ;
#883 = AXIS2_PLACEMENT_3D ( 'NONE', #4377, #5699, #1724 ) ;
#884 = ORIENTED_EDGE ( 'NONE', *, *, #5127, .T. ) ;
#885 = ORIENTED_EDGE ( 'NONE', *, *, #62, .F. ) ;
#886 = CARTESIAN_POINT ( 'NONE',  ( 39.15985526574740305, -37.50120435559551169, 1.450000676798686827 ) ) ;
#887 = EDGE_CURVE ( 'NONE', #1528, #178, #4086, .T. ) ;
#888 = DIRECTION ( 'NONE',  ( 1.000000000000000000, 0.000000000000000000, 0.000000000000000000 ) ) ;
#889 = CARTESIAN_POINT ( 'NONE',  ( 51.70788653857203343, -32.50140858626521378, 3.000000000000000000 ) ) ;
#890 = ORIENTED_EDGE ( 'NONE', *, *, #4894, .T. ) ;
#891 = CIRCLE ( 'NONE', #797, 4.999999999999997335 ) ;
#892 = DIRECTION ( 'NONE',  ( 1.000000000000000000, 0.000000000000000000, 0.000000000000000000 ) ) ;
#893 = VERTEX_POINT ( 'NONE', #3521 ) ;
#894 = EDGE_LOOP ( 'NONE', ( #5282, #725, #2679, #3678 ) ) ;
#895 = ORIENTED_EDGE ( 'NONE', *, *, #3705, .F. ) ;
#896 = FACE_BOUND ( 'NONE', #5176, .T. ) ;
#897 = DIRECTION ( 'NONE',  ( -1.000000000000000000, 0.000000000000000000, 0.000000000000000000 ) ) ;
#898 = ORIENTED_EDGE ( 'NONE', *, *, #4424, .T. ) ;
#899 = EDGE_LOOP ( 'NONE', ( #3925, #703, #2816, #1273, #1041, #2441, #3566, #4846, #4435, #2857 ) ) ;
#900 = CLOSED_SHELL ( 'NONE', ( #5751, #5664, #1701, #4063, #2415, #2598, #3300, #1432, #2806, #935, #1159, #2322, #807, #5262, #3805, #2649, #2988, #5076, #1545, #2373, #914, #4478, #3603, #124, #2601, #3820, #1184, #5303, #5146, #2239, #3884, #5672, #1375, #4228, #1017, #2964, #4503, #2871, #2800, #910, #5607, #347, #350, #620, #2344, #1389, #593, #3015, #1450, #1888, #1897, #4808, #2818, #242, #2846, #2770, #1904, #2225, #4004, #762, #5728, #4165, #274, #2481, #3272, #4709, #2250, #2994, #4059, #4309, #2667, #2528, #3579, #1208, #1347, #423, #4227, #3708, #3949, #2559, #4912, #5043, #912, #4590, #2219, #662, #379, #4454, #3777, #3888, #5582, #3135, #4626, #271, #3232, #3975, #588, #4028, #800, #661, #3574, #198, #5037, #4033, #3414, #1851, #781, #156, #1992, #1088, #321, #1196, #3458, #2560, #1085, #3604, #5614, #526, #5078, #1977, #4496, #2259, #145, #979, #3392, #743, #2067, #3254, #846, #2677, #2491, #3534, #3065, #5226, #1708, #4274, #4727, #4089, #2416, #2635, #5224, #5102, #4568, #3740, #2842, #3736, #1751, #5553, #3687, #3111, #5158, #5707, #269, #3709, #1285, #3547, #5333, #4192, #3637, #2743, #1554, #2058, #4716, #129, #5392, #808, #1927, #1663, #5107, #580, #2568, #5753 ) ) ;
#901 = LINE ( 'NONE', #2747, #1891 ) ;
#902 = LINE ( 'NONE', #528, #3431 ) ;
#903 = VERTEX_POINT ( 'NONE', #4332 ) ;
#904 = CIRCLE ( 'NONE', #624, 1.750000000000003109 ) ;
#905 = FACE_BOUND ( 'NONE', #567, .T. ) ;
#906 = CARTESIAN_POINT ( 'NONE',  ( -58.25248347830570594, -33.76592310238539341, 28.04134375730104622 ) ) ;
#907 = DIRECTION ( 'NONE',  ( -0.9999999998675463964, 1.627596612587094081E-05, 0.000000000000000000 ) ) ;
#908 = DIRECTION ( 'NONE',  ( 1.000000000000000000, -0.000000000000000000, -0.000000000000000000 ) ) ;
#909 = DIRECTION ( 'NONE',  ( -0.000000000000000000, -0.000000000000000000, -1.000000000000000000 ) ) ;
#910 = ADVANCED_FACE ( 'NONE', ( #5622 ), #421, .T. ) ;
#911 = CIRCLE ( 'NONE', #3536, 7.999999999999996447 ) ;
#912 = ADVANCED_FACE ( 'NONE', ( #1262 ), #3985, .F. ) ;
#913 = ORIENTED_EDGE ( 'NONE', *, *, #3066, .F. ) ;
#914 = ADVANCED_FACE ( 'NONE', ( #5222 ), #4821, .T. ) ;
#915 = LINE ( 'NONE', #940, #4728 ) ;
#916 = VECTOR ( 'NONE', #2458, 1000.000000000000000 ) ;
#917 = CARTESIAN_POINT ( 'NONE',  ( 47.02500206014519790, -33.14931592906049218, 0.000000000000000000 ) ) ;
#918 = ORIENTED_EDGE ( 'NONE', *, *, #3671, .F. ) ;
#919 = FACE_OUTER_BOUND ( 'NONE', #3167, .T. ) ;
#920 = ORIENTED_EDGE ( 'NONE', *, *, #4920, .T. ) ;
#921 = VERTEX_POINT ( 'NONE', #5310 ) ;
#922 = ORIENTED_EDGE ( 'NONE', *, *, #2230, .F. ) ;
#923 = CARTESIAN_POINT ( 'NONE',  ( -39.16013196753240777, -0.4999313354489935968, 0.000000000000000000 ) ) ;
#924 = LINE ( 'NONE', #3181, #4513 ) ;
#925 = CARTESIAN_POINT ( 'NONE',  ( 42.63453902919962957, -8.499931335448986047, 1.449999409112164184 ) ) ;
#926 = VECTOR ( 'NONE', #4814, 1000.000000000000000 ) ;
#927 = ORIENTED_EDGE ( 'NONE', *, *, #1358, .T. ) ;
#928 = VERTEX_POINT ( 'NONE', #3052 ) ;
#929 = AXIS2_PLACEMENT_3D ( 'NONE', #1167, #3050, #4819 ) ;
#930 = CARTESIAN_POINT ( 'NONE',  ( 10.99999999999986322, -11.46000000000002927, 1.449999538500820861 ) ) ;
#931 = CIRCLE ( 'NONE', #1576, 3.500000000000003109 ) ;
#932 = VECTOR ( 'NONE', #1705, 999.9999999999998863 ) ;
#933 = FACE_OUTER_BOUND ( 'NONE', #3556, .T. ) ;
#934 = CARTESIAN_POINT ( 'NONE',  ( -56.25248347830570594, -45.92592313267459048, 28.04134375730104622 ) ) ;
#935 = ADVANCED_FACE ( 'NONE', ( #1733 ), #3023, .T. ) ;
#936 = CARTESIAN_POINT ( 'NONE',  ( 33.46453803689025364, -17.59676082486349813, 1.449999806747190423 ) ) ;
#937 = LINE ( 'NONE', #5012, #4067 ) ;
#938 = DIRECTION ( 'NONE',  ( 0.000000000000000000, -0.000000000000000000, 1.000000000000000000 ) ) ;
#939 = EDGE_CURVE ( 'NONE', #2335, #2004, #1325, .T. ) ;
#940 = CARTESIAN_POINT ( 'NONE',  ( -42.63478316982463667, -2.499931335448994485, 36.80533964865399810 ) ) ;
#941 = LINE ( 'NONE', #535, #544 ) ;
#942 = VERTEX_POINT ( 'NONE', #2612 ) ;
#943 = FACE_OUTER_BOUND ( 'NONE', #4813, .T. ) ;
#944 = AXIS2_PLACEMENT_3D ( 'NONE', #3584, #3079, #2673 ) ;
#945 = ORIENTED_EDGE ( 'NONE', *, *, #5083, .F. ) ;
#946 = VERTEX_POINT ( 'NONE', #4879 ) ;
#947 = EDGE_CURVE ( 'NONE', #3479, #4364, #300, .T. ) ;
#948 = EDGE_CURVE ( 'NONE', #4749, #783, #80, .T. ) ;
#949 = FACE_OUTER_BOUND ( 'NONE', #4352, .T. ) ;
#950 = CIRCLE ( 'NONE', #4955, 1.000000000000000888 ) ;
#951 = DIRECTION ( 'NONE',  ( -4.180742545671762101E-15, -4.371140887755362005E-08, -0.9999999999999992228 ) ) ;
#952 = CARTESIAN_POINT ( 'NONE',  ( -51.70836668991861274, -37.99972538755906726, 3.000000000000000000 ) ) ;
#953 = EDGE_LOOP ( 'NONE', ( #2002, #2935, #4622, #3510 ) ) ;
#954 = ORIENTED_EDGE ( 'NONE', *, *, #3961, .T. ) ;
#955 =( GEOMETRIC_REPRESENTATION_CONTEXT ( 3 ) GLOBAL_UNCERTAINTY_ASSIGNED_CONTEXT ( ( #1665 ) ) GLOBAL_UNIT_ASSIGNED_CONTEXT ( ( #1895, #3288, #5485 ) ) REPRESENTATION_CONTEXT ( 'NONE', 'WORKASPACE' ) );
#956 = DIRECTION ( 'NONE',  ( 4.180742545671762101E-15, 4.371140887755362005E-08, 0.9999999999999992228 ) ) ;
#957 = AXIS2_PLACEMENT_3D ( 'NONE', #3997, #5320, #1336 ) ;
#958 = CARTESIAN_POINT ( 'NONE',  ( -30.49987792968802225, -5.499931335448994929, 3.000000000000000000 ) ) ;
#959 = AXIS2_PLACEMENT_3D ( 'NONE', #3667, #3147, #70 ) ;
#960 = CARTESIAN_POINT ( 'NONE',  ( 51.70787840058896734, -33.00140858619899120, 3.000000000000000000 ) ) ;
#961 = DIRECTION ( 'NONE',  ( -1.000000000000000000, 0.000000000000000000, 0.000000000000000000 ) ) ;
#962 = CARTESIAN_POINT ( 'NONE',  ( -51.70835855193554664, -37.49972538762529695, 3.000000000000000000 ) ) ;
#963 = FACE_OUTER_BOUND ( 'NONE', #4295, .T. ) ;
#964 = CARTESIAN_POINT ( 'NONE',  ( 47.14938835202706713, -32.50133439230313570, 28.04134375730104622 ) ) ;
#965 = AXIS2_PLACEMENT_3D ( 'NONE', #716, #226, #4283 ) ;
#966 = LINE ( 'NONE', #3589, #4222 ) ;
#967 = DIRECTION ( 'NONE',  ( -1.000000000000000000, 0.000000000000000000, 0.000000000000000000 ) ) ;
#968 = EDGE_LOOP ( 'NONE', ( #364, #1736, #3334, #2 ) ) ;
#969 = DIRECTION ( 'NONE',  ( 0.000000000000000000, 0.000000000000000000, -1.000000000000000000 ) ) ;
#970 = ORIENTED_EDGE ( 'NONE', *, *, #2075, .T. ) ;
#971 = ORIENTED_EDGE ( 'NONE', *, *, #2852, .T. ) ;
#972 = CARTESIAN_POINT ( 'NONE',  ( 51.70788653857203343, -32.50140858626521378, 0.000000000000000000 ) ) ;
#973 = EDGE_CURVE ( 'NONE', #1506, #377, #820, .T. ) ;
#974 = APPROVAL_STATUS ( 'not_yet_approved' ) ;
#975 = CARTESIAN_POINT ( 'NONE',  ( -38.00000000000000000, 28.00000000000002842, 0.000000000000000000 ) ) ;
#976 = DIRECTION ( 'NONE',  ( 1.000000000000000000, 0.000000000000000000, 0.000000000000000000 ) ) ;
#977 = VERTEX_POINT ( 'NONE', #763 ) ;
#978 = ORIENTED_EDGE ( 'NONE', *, *, #3105, .F. ) ;
#979 = ADVANCED_FACE ( 'NONE', ( #3428 ), #2121, .F. ) ;
#980 = VERTEX_POINT ( 'NONE', #4793 ) ;
#981 = EDGE_CURVE ( 'NONE', #2283, #3424, #4556, .T. ) ;
#982 = AXIS2_PLACEMENT_3D ( 'NONE', #745, #3879, #4190 ) ;
#983 = CYLINDRICAL_SURFACE ( 'NONE', #3754, 4.000000000000003553 ) ;
#984 = DIRECTION ( 'NONE',  ( -0.9999999998675463964, 1.627596612587094081E-05, 0.000000000000000000 ) ) ;
#985 = DIRECTION ( 'NONE',  ( 1.000000000000000000, 0.000000000000000000, 0.000000000000000000 ) ) ;
#986 = DIRECTION ( 'NONE',  ( -3.469446951953611033E-15, -0.9999999999999991118, 4.371140884147635601E-08 ) ) ;
#987 = CARTESIAN_POINT ( 'NONE',  ( 10.99999999999997513, -11.46000000000002927, 0.000000000000000000 ) ) ;
#988 = LINE ( 'NONE', #614, #2725 ) ;
#989 = CIRCLE ( 'NONE', #4635, 12.50000000000000355 ) ;
#990 = FACE_OUTER_BOUND ( 'NONE', #674, .T. ) ;
#991 = AXIS2_PLACEMENT_3D ( 'NONE', #1213, #3994, #2681 ) ;
#992 = LINE ( 'NONE', #2784, #2741 ) ;
#993 = CARTESIAN_POINT ( 'NONE',  ( 52.16814849553698963, -32.80608465091061277, 0.7250002420935985903 ) ) ;
#994 = ORIENTED_EDGE ( 'NONE', *, *, #1514, .T. ) ;
#995 = EDGE_CURVE ( 'NONE', #5565, #3533, #2782, .T. ) ;
#996 = AXIS2_PLACEMENT_3D ( 'NONE', #4243, #1064, #4630 ) ;
#997 = ORIENTED_EDGE ( 'NONE', *, *, #4602, .T. ) ;
#998 = EDGE_LOOP ( 'NONE', ( #5284, #1859, #749, #72 ) ) ;
#999 = CARTESIAN_POINT ( 'NONE',  ( -51.70808186218739166, -2.499931335448996261, 0.000000000000000000 ) ) ;
#1000 = EDGE_CURVE ( 'NONE', #598, #4855, #1737, .T. ) ;
#1001 = CIRCLE ( 'NONE', #1192, 12.50000000000000355 ) ;
#1002 = FACE_OUTER_BOUND ( 'NONE', #894, .T. ) ;
#1003 = CARTESIAN_POINT ( 'NONE',  ( -36.56205575617909176, -8.999931335448989600, 1.449999430968205161 ) ) ;
#1004 = AXIS2_PLACEMENT_3D ( 'NONE', #331, #5709, #2992 ) ;
#1005 = ORIENTED_EDGE ( 'NONE', *, *, #5428, .T. ) ;
#1006 = ORIENTED_EDGE ( 'NONE', *, *, #2636, .F. ) ;
#1007 = EDGE_LOOP ( 'NONE', ( #3177, #489, #1553, #3855 ) ) ;
#1008 = DIRECTION ( 'NONE',  ( 0.9999999998675463964, -1.627596612578200236E-05, 0.000000000000000000 ) ) ;
#1009 = EDGE_CURVE ( 'NONE', #3670, #1721, #4617, .T. ) ;
#1010 = LINE ( 'NONE', #3267, #2744 ) ;
#1011 = CARTESIAN_POINT ( 'NONE',  ( 36.56186857255293887, -32.00116207012359837, 3.000000000000000000 ) ) ;
#1012 = CIRCLE ( 'NONE', #1573, 3.499999999999999112 ) ;
#1013 = EDGE_CURVE ( 'NONE', #1228, #708, #4481, .T. ) ;
#1014 = AXIS2_PLACEMENT_3D ( 'NONE', #5456, #951, #5028 ) ;
#1015 = CARTESIAN_POINT ( 'NONE',  ( -57.67498535135182181, 8.414992237443547296, 0.000000000000000000 ) ) ;
#1016 = EDGE_CURVE ( 'NONE', #2962, #1555, #4120, .T. ) ;
#1017 = ADVANCED_FACE ( 'NONE', ( #2727 ), #4449, .F. ) ;
#1018 = AXIS2_PLACEMENT_3D ( 'NONE', #392, #4393, #821 ) ;
#1019 = AXIS2_PLACEMENT_3D ( 'NONE', #1261, #3163, #5341 ) ;
#1020 = DIRECTION ( 'NONE',  ( -1.000000000000000000, 0.000000000000000000, 0.000000000000000000 ) ) ;
#1021 = LINE ( 'NONE', #2808, #2577 ) ;
#1022 = DIRECTION ( 'NONE',  ( 0.000000000000000000, -0.9999999999999991118, 4.371140887245352218E-08 ) ) ;
#1023 = VERTEX_POINT ( 'NONE', #2701 ) ;
#1024 = AXIS2_PLACEMENT_3D ( 'NONE', #3344, #1090, #5489 ) ;
#1025 = VECTOR ( 'NONE', #1947, 1000.000000000000000 ) ;
#1026 = EDGE_CURVE ( 'NONE', #3202, #5450, #2778, .T. ) ;
#1027 = CARTESIAN_POINT ( 'NONE',  ( 36.56175464079005621, -39.00116206919642536, 3.000000000000000000 ) ) ;
#1028 = DIRECTION ( 'NONE',  ( 0.000000000000000000, -0.000000000000000000, -1.000000000000000000 ) ) ;
#1029 = EDGE_CURVE ( 'NONE', #5696, #1974, #2315, .T. ) ;
#1030 = DIRECTION ( 'NONE',  ( 0.000000000000000000, 0.000000000000000000, 1.000000000000000000 ) ) ;
#1031 = VERTEX_POINT ( 'NONE', #1912 ) ;
#1032 = ORIENTED_EDGE ( 'NONE', *, *, #5051, .F. ) ;
#1033 = ORIENTED_EDGE ( 'NONE', *, *, #877, .F. ) ;
#1034 = CARTESIAN_POINT ( 'NONE',  ( 39.16013196753241488, -3.499931335448993597, 1.449999190555139705 ) ) ;
#1035 = CARTESIAN_POINT ( 'NONE',  ( -24.50012207031303291, -35.50007057189899484, 3.000000000000000000 ) ) ;
#1036 = LINE ( 'NONE', #4547, #8 ) ;
#1037 = CIRCLE ( 'NONE', #4953, 0.5000000000000004441 ) ;
#1038 = DIRECTION ( 'NONE',  ( 4.180742545671762101E-15, 4.371140887755362005E-08, 0.9999999999999992228 ) ) ;
#1039 = ORIENTED_EDGE ( 'NONE', *, *, #2169, .F. ) ;
#1040 = ORIENTED_EDGE ( 'NONE', *, *, #2836, .T. ) ;
#1041 = ORIENTED_EDGE ( 'NONE', *, *, #1436, .T. ) ;
#1042 = VECTOR ( 'NONE', #2116, 1000.000000000000000 ) ;
#1043 = DIRECTION ( 'NONE',  ( 1.000000000000000000, -1.994248318681189754E-16, 0.000000000000000000 ) ) ;
#1044 = AXIS2_PLACEMENT_3D ( 'NONE', #836, #3622, #4055 ) ;
#1045 = CARTESIAN_POINT ( 'NONE',  ( 17.49999999999998224, -26.50000000000002842, 0.000000000000000000 ) ) ;
#1046 = CARTESIAN_POINT ( 'NONE',  ( 53.13099752524905028, -31.34477641991259489, 1.450000407692237481 ) ) ;
#1047 = DIRECTION ( 'NONE',  ( 1.000000000000000000, 0.000000000000000000, 0.000000000000000000 ) ) ;
#1048 = EDGE_CURVE ( 'NONE', #410, #2228, #3140, .T. ) ;
#1049 = VECTOR ( 'NONE', #3592, 1000.000000000000000 ) ;
#1050 = CARTESIAN_POINT ( 'NONE',  ( 52.20808186218739166, -2.999931335448996261, 0.000000000000000000 ) ) ;
#1051 = DIRECTION ( 'NONE',  ( -0.000000000000000000, -0.000000000000000000, -1.000000000000000000 ) ) ;
#1052 = AXIS2_PLACEMENT_3D ( 'NONE', #5312, #909, #1327 ) ;
#1053 = EDGE_CURVE ( 'NONE', #1624, #396, #480, .T. ) ;
#1054 = ORIENTED_EDGE ( 'NONE', *, *, #3169, .F. ) ;
#1055 = CARTESIAN_POINT ( 'NONE',  ( 42.83903402873245625, -33.50126423725462388, 0.000000000000000000 ) ) ;
#1056 = DIRECTION ( 'NONE',  ( 1.000000000000000000, 0.000000000000000000, 0.000000000000000000 ) ) ;
#1057 = CYLINDRICAL_SURFACE ( 'NONE', #3245, 4.999999999999997335 ) ;
#1058 = ORIENTED_EDGE ( 'NONE', *, *, #3609, .T. ) ;
#1059 = ORIENTED_EDGE ( 'NONE', *, *, #552, .T. ) ;
#1060 = EDGE_LOOP ( 'NONE', ( #5314, #2030, #187, #3727 ) ) ;
#1061 = CARTESIAN_POINT ( 'NONE',  ( 8.999999999999975131, -13.46000000000002927, 1.449999736950629448 ) ) ;
#1062 = VERTEX_POINT ( 'NONE', #2822 ) ;
#1063 = CARTESIAN_POINT ( 'NONE',  ( 45.37007602278353602, -52.94007753325929855, 1.450001351653305681 ) ) ;
#1064 = DIRECTION ( 'NONE',  ( -0.000000000000000000, 0.000000000000000000, 1.000000000000000000 ) ) ;
#1065 = ORIENTED_EDGE ( 'NONE', *, *, #1875, .F. ) ;
#1066 = EDGE_LOOP ( 'NONE', ( #1807, #918, #195, #1805, #4606, #2580 ) ) ;
#1067 = VECTOR ( 'NONE', #1513, 1000.000000000000000 ) ;
#1068 = ORIENTED_EDGE ( 'NONE', *, *, #4730, .T. ) ;
#1069 = CARTESIAN_POINT ( 'NONE',  ( 51.70808186218739166, -8.499931335448993153, 3.000000000000000000 ) ) ;
#1070 = CIRCLE ( 'NONE', #2849, 0.5000000000000004441 ) ;
#1071 = DIRECTION ( 'NONE',  ( -6.829619963800057503E-16, 1.000000000000000000, 0.000000000000000000 ) ) ;
#1072 = AXIS2_PLACEMENT_3D ( 'NONE', #1657, #3817, #777 ) ;
#1073 = DIRECTION ( 'NONE',  ( -1.000000000000000000, -2.102695122396129669E-16, 0.000000000000000000 ) ) ;
#1074 = DIRECTION ( 'NONE',  ( -0.000000000000000000, -0.000000000000000000, -1.000000000000000000 ) ) ;
#1075 = CARTESIAN_POINT ( 'NONE',  ( 31.71453800660105316, -20.13675966251838645, 0.000000000000000000 ) ) ;
#1076 = CARTESIAN_POINT ( 'NONE',  ( 35.21007646689140813, -52.94007753325929855, 0.000000000000000000 ) ) ;
#1077 = ORIENTED_EDGE ( 'NONE', *, *, #4799, .F. ) ;
#1078 = DIRECTION ( 'NONE',  ( 1.000000000000000000, -2.775557561562891351E-15, 0.000000000000000000 ) ) ;
#1079 = EDGE_CURVE ( 'NONE', #365, #1121, #449, .T. ) ;
#1080 = LINE ( 'NONE', #2457, #4422 ) ;
#1081 = DIRECTION ( 'NONE',  ( -1.000000000000000000, 0.000000000000000000, 0.000000000000000000 ) ) ;
#1082 = ORIENTED_EDGE ( 'NONE', *, *, #2810, .T. ) ;
#1083 = VERTEX_POINT ( 'NONE', #91 ) ;
#1084 = ORIENTED_EDGE ( 'NONE', *, *, #1520, .F. ) ;
#1085 = ADVANCED_FACE ( 'NONE', ( #4069 ), #4937, .F. ) ;
#1086 = DIRECTION ( 'NONE',  ( -1.000000000000000000, 1.994248318681189754E-16, 0.000000000000000000 ) ) ;
#1087 = AXIS2_PLACEMENT_3D ( 'NONE', #4875, #2697, #2200 ) ;
#1088 = ADVANCED_FACE ( 'NONE', ( #3142 ), #3689, .F. ) ;
#1089 = DIRECTION ( 'NONE',  ( -0.000000000000000000, -0.000000000000000000, -1.000000000000000000 ) ) ;
#1090 = DIRECTION ( 'NONE',  ( -0.000000000000000000, 0.000000000000000000, -1.000000000000000000 ) ) ;
#1091 = ORIENTED_EDGE ( 'NONE', *, *, #166, .F. ) ;
#1092 = DIRECTION ( 'NONE',  ( 0.000000000000000000, -0.000000000000000000, 1.000000000000000000 ) ) ;
#1093 = ORIENTED_EDGE ( 'NONE', *, *, #4223, .T. ) ;
#1094 = APPLICATION_CONTEXT ( 'configuration controlled 3d designs of mechanical parts and assemblies' ) ;
#1095 = ORIENTED_EDGE ( 'NONE', *, *, #2278, .F. ) ;
#1096 = AXIS2_PLACEMENT_3D ( 'NONE', #278, #4402, #402 ) ;
#1097 = CARTESIAN_POINT ( 'NONE',  ( 51.70780515874140804, -37.50140858560294532, 3.000000000000000000 ) ) ;
#1098 = CARTESIAN_POINT ( 'NONE',  ( -51.71248359946253714, -33.76592310238539341, 28.04134375730104622 ) ) ;
#1099 = DIRECTION ( 'NONE',  ( -1.000000000000000000, 0.000000000000000000, 0.000000000000000000 ) ) ;
#1100 = CARTESIAN_POINT ( 'NONE',  ( 10.99999999999997513, -13.46000000000002927, 28.04134375730104622 ) ) ;
#1101 = CARTESIAN_POINT ( 'NONE',  ( -39.16013196753240777, -8.499931335448993153, 3.000000000000000000 ) ) ;
#1102 = AXIS2_PLACEMENT_3D ( 'NONE', #689, #3919, #4753 ) ;
#1103 = DIRECTION ( 'NONE',  ( 0.000000000000000000, 0.000000000000000000, 1.000000000000000000 ) ) ;
#1104 = ORIENTED_EDGE ( 'NONE', *, *, #1412, .F. ) ;
#1105 = CIRCLE ( 'NONE', #1870, 2.000000000000000000 ) ;
#1106 = VECTOR ( 'NONE', #2057, 1000.000000000000000 ) ;
#1107 = AXIS2_PLACEMENT_3D ( 'NONE', #419, #447, #1405 ) ;
#1108 = DIRECTION ( 'NONE',  ( 1.000000000000000000, 0.000000000000000000, 0.000000000000000000 ) ) ;
#1109 = DIRECTION ( 'NONE',  ( -1.000000000000000000, 0.000000000000000000, 0.000000000000000000 ) ) ;
#1110 = LINE ( 'NONE', #993, #2872 ) ;
#1111 = EDGE_LOOP ( 'NONE', ( #3117 ) ) ;
#1112 = AXIS2_PLACEMENT_3D ( 'NONE', #1, #4927, #3129 ) ;
#1113 = VECTOR ( 'NONE', #2967, 1000.000000000000000 ) ;
#1114 = ORIENTED_EDGE ( 'NONE', *, *, #3498, .T. ) ;
#1115 = ORIENTED_EDGE ( 'NONE', *, *, #2901, .F. ) ;
#1116 = CARTESIAN_POINT ( 'NONE',  ( 39.16013196753240777, -3.499931335448993597, 0.000000000000000000 ) ) ;
#1117 = FACE_OUTER_BOUND ( 'NONE', #2353, .T. ) ;
#1118 = CARTESIAN_POINT ( 'NONE',  ( 29.96453803689026785, -20.13675966251838645, 28.04134375730104622 ) ) ;
#1119 = EDGE_LOOP ( 'NONE', ( #1305, #1398, #4549, #3683 ) ) ;
#1120 = DIRECTION ( 'NONE',  ( -0.000000000000000000, -0.000000000000000000, -1.000000000000000000 ) ) ;
#1121 = VERTEX_POINT ( 'NONE', #5342 ) ;
#1122 = EDGE_LOOP ( 'NONE', ( #670, #978, #1277, #3322, #4888, #4578 ) ) ;
#1123 = EDGE_CURVE ( 'NONE', #5023, #4929, #4152, .T. ) ;
#1124 = EDGE_CURVE ( 'NONE', #4677, #4659, #937, .T. ) ;
#1125 = DIRECTION ( 'NONE',  ( -0.000000000000000000, 0.000000000000000000, 1.000000000000000000 ) ) ;
#1126 = VECTOR ( 'NONE', #1995, 1000.000000000000000 ) ;
#1127 = ORIENTED_EDGE ( 'NONE', *, *, #1124, .F. ) ;
#1128 = DIRECTION ( 'NONE',  ( 0.000000000000000000, 0.000000000000000000, -1.000000000000000000 ) ) ;
#1129 = VECTOR ( 'NONE', #5641, 1000.000000000000000 ) ;
#1130 = CARTESIAN_POINT ( 'NONE',  ( 50.52500206014519790, -37.50138933433978394, 1.450000676806475042 ) ) ;
#1131 = EDGE_CURVE ( 'NONE', #34, #270, #891, .T. ) ;
#1132 = VECTOR ( 'NONE', #3710, 1000.000000000000000 ) ;
#1133 = DIRECTION ( 'NONE',  ( 0.9999999999999961142, 8.742277677795539484E-08, -8.002115286624055570E-15 ) ) ;
#1134 = CARTESIAN_POINT ( 'NONE',  ( 17.49999999999998224, -24.75000000000002487, 1.450000119425420841 ) ) ;
#1135 = LINE ( 'NONE', #5187, #3157 ) ;
#1136 = LOCAL_TIME ( 9, 53, 22.00000000000000000, #542 ) ;
#1137 = ORIENTED_EDGE ( 'NONE', *, *, #2443, .F. ) ;
#1138 = DIRECTION ( 'NONE',  ( 3.854941057726249437E-16, 1.000000000000000000, 0.000000000000000000 ) ) ;
#1139 = DIRECTION ( 'NONE',  ( -1.000000000000000000, 0.000000000000000000, 0.000000000000000000 ) ) ;
#1140 = DIRECTION ( 'NONE',  ( 3.854941057726248944E-16, 1.000000000000000000, 0.000000000000000000 ) ) ;
#1141 = CARTESIAN_POINT ( 'NONE',  ( -42.00000000000000000, 46.00000000000000000, 0.000000000000000000 ) ) ;
#1142 = VERTEX_POINT ( 'NONE', #1827 ) ;
#1143 = ORIENTED_EDGE ( 'NONE', *, *, #1825, .T. ) ;
#1144 = ORIENTED_EDGE ( 'NONE', *, *, #3031, .F. ) ;
#1145 = VECTOR ( 'NONE', #5448, 1000.000000000000000 ) ;
#1146 = LINE ( 'NONE', #157, #3562 ) ;
#1147 = PERSON_AND_ORGANIZATION ( #4257, #2917 ) ;
#1148 = CARTESIAN_POINT ( 'NONE',  ( -52.20828531002175765, -32.99971725023826963, 1.450000480032470840 ) ) ;
#1149 = CARTESIAN_POINT ( 'NONE',  ( -8.924942016602040340, -53.87510013580300949, 28.04134375730104622 ) ) ;
#1150 = ORIENTED_EDGE ( 'NONE', *, *, #4837, .T. ) ;
#1151 = CARTESIAN_POINT ( 'NONE',  ( -39.16013196753240777, -10.49993133544899493, 0.000000000000000000 ) ) ;
#1152 = ORIENTED_EDGE ( 'NONE', *, *, #4661, .F. ) ;
#1153 = ORIENTED_EDGE ( 'NONE', *, *, #2380, .F. ) ;
#1154 = EDGE_CURVE ( 'NONE', #2686, #732, #2752, .T. ) ;
#1155 = CARTESIAN_POINT ( 'NONE',  ( 2.074954986571962312, -58.82508182525602081, 0.000000000000000000 ) ) ;
#1156 = VECTOR ( 'NONE', #5242, 1000.000000000000227 ) ;
#1157 = VERTEX_POINT ( 'NONE', #962 ) ;
#1158 = LINE ( 'NONE', #4812, #2006 ) ;
#1159 = ADVANCED_FACE ( 'NONE', ( #507 ), #68, .F. ) ;
#1160 = DIRECTION ( 'NONE',  ( 0.9999999998675463964, -1.627596612587094420E-05, 0.000000000000000000 ) ) ;
#1161 = FACE_OUTER_BOUND ( 'NONE', #3587, .T. ) ;
#1162 = DIRECTION ( 'NONE',  ( -1.000000000000000000, 0.000000000000000000, 0.000000000000000000 ) ) ;
#1163 = AXIS2_PLACEMENT_3D ( 'NONE', #1461, #3191, #4959 ) ;
#1164 = DIRECTION ( 'NONE',  ( 0.000000000000000000, -0.000000000000000000, 1.000000000000000000 ) ) ;
#1165 = DIRECTION ( 'NONE',  ( -0.000000000000000000, -0.000000000000000000, -1.000000000000000000 ) ) ;
#1166 = ORIENTED_EDGE ( 'NONE', *, *, #4731, .F. ) ;
#1167 = CARTESIAN_POINT ( 'NONE',  ( 65.99999999999998579, -65.99999999999998579, 3.000000000000000000 ) ) ;
#1168 = EDGE_CURVE ( 'NONE', #5168, #3670, #5419, .T. ) ;
#1169 = CARTESIAN_POINT ( 'NONE',  ( 30.49987792968802225, -5.499931335448994929, 3.000000000000000000 ) ) ;
#1170 = DIRECTION ( 'NONE',  ( -0.000000000000000000, 0.000000000000000000, -1.000000000000000000 ) ) ;
#1171 = CARTESIAN_POINT ( 'NONE',  ( 47.37007602278353602, -50.94007753325929855, 0.000000000000000000 ) ) ;
#1172 = ORIENTED_EDGE ( 'NONE', *, *, #1668, .T. ) ;
#1173 = EDGE_LOOP ( 'NONE', ( #3955, #5327, #4679, #2073 ) ) ;
#1174 = ORIENTED_EDGE ( 'NONE', *, *, #2674, .F. ) ;
#1175 = DIRECTION ( 'NONE',  ( 1.000000000000000000, 0.000000000000000000, 0.000000000000000000 ) ) ;
#1176 = DATE_TIME_ROLE ( 'classification_date' ) ;
#1177 = EDGE_CURVE ( 'NONE', #1830, #1952, #1021, .T. ) ;
#1178 = PLANE ( 'NONE',  #3822 ) ;
#1179 = DIRECTION ( 'NONE',  ( 1.000000000000000000, 0.000000000000000000, 0.000000000000000000 ) ) ;
#1180 = ORIENTED_EDGE ( 'NONE', *, *, #5365, .T. ) ;
#1181 = DIRECTION ( 'NONE',  ( -0.000000000000000000, -0.000000000000000000, 1.000000000000000000 ) ) ;
#1182 = ORIENTED_EDGE ( 'NONE', *, *, #2311, .T. ) ;
#1183 = AXIS2_PLACEMENT_3D ( 'NONE', #5589, #1608, #4256 ) ;
#1184 = ADVANCED_FACE ( 'NONE', ( #2368 ), #609, .T. ) ;
#1185 = DIRECTION ( 'NONE',  ( -1.000000000000000000, 2.775557561562891351E-15, -0.000000000000000000 ) ) ;
#1186 = VECTOR ( 'NONE', #1886, 1000.000000000000000 ) ;
#1187 = VERTEX_POINT ( 'NONE', #3378 ) ;
#1188 = LINE ( 'NONE', #1569, #2199 ) ;
#1189 = EDGE_CURVE ( 'NONE', #3294, #4133, #236, .T. ) ;
#1190 = DIRECTION ( 'NONE',  ( 1.000000000000000000, 0.000000000000000000, -0.000000000000000000 ) ) ;
#1191 = LINE ( 'NONE', #3044, #1129 ) ;
#1192 = AXIS2_PLACEMENT_3D ( 'NONE', #333, #3367, #4764 ) ;
#1193 = DIRECTION ( 'NONE',  ( -0.000000000000000000, -0.000000000000000000, -1.000000000000000000 ) ) ;
#1194 = DIRECTION ( 'NONE',  ( 1.000000000000000000, 0.000000000000000000, 0.000000000000000000 ) ) ;
#1195 = PLANE ( 'NONE',  #5731 ) ;
#1196 = ADVANCED_FACE ( 'NONE', ( #2943 ), #3763, .F. ) ;
#1197 = ORIENTED_EDGE ( 'NONE', *, *, #2901, .T. ) ;
#1198 = EDGE_CURVE ( 'NONE', #3852, #1974, #4658, .T. ) ;
#1199 = EDGE_CURVE ( 'NONE', #3137, #2986, #5535, .T. ) ;
#1200 = LINE ( 'NONE', #3956, #376 ) ;
#1201 = EDGE_CURVE ( 'NONE', #4026, #4335, #1218, .T. ) ;
#1202 = AXIS2_PLACEMENT_3D ( 'NONE', #2340, #4982, #5469 ) ;
#1203 = CARTESIAN_POINT ( 'NONE',  ( -36.56224293011970872, -31.99997190456163665, 0.000000000000000000 ) ) ;
#1204 = CARTESIAN_POINT ( 'NONE',  ( 50.52500206014519790, -33.14931592906049218, 28.04134375730104622 ) ) ;
#1205 = DIRECTION ( 'NONE',  ( 0.000000000000000000, -0.000000000000000000, 1.000000000000000000 ) ) ;
#1206 = ORIENTED_EDGE ( 'NONE', *, *, #4983, .F. ) ;
#1207 = VERTEX_POINT ( 'NONE', #2910 ) ;
#1208 = ADVANCED_FACE ( 'NONE', ( #5087 ), #5575, .T. ) ;
#1209 = VERTEX_POINT ( 'NONE', #655 ) ;
#1210 = VECTOR ( 'NONE', #1377, 1000.000000000000000 ) ;
#1211 = FACE_OUTER_BOUND ( 'NONE', #4977, .T. ) ;
#1212 = PERSON_AND_ORGANIZATION_ROLE ( 'creator' ) ;
#1213 = CARTESIAN_POINT ( 'NONE',  ( 53.13099752524905028, -31.34477641991259489, 28.04134375730104622 ) ) ;
#1214 = AXIS2_PLACEMENT_3D ( 'NONE', #1100, #1193, #2048 ) ;
#1215 = DIRECTION ( 'NONE',  ( 0.000000000000000000, 1.000000000000000000, 0.000000000000000000 ) ) ;
#1216 = AXIS2_PLACEMENT_3D ( 'NONE', #1169, #5536, #1139 ) ;
#1217 = ORIENTED_EDGE ( 'NONE', *, *, #1959, .F. ) ;
#1218 = LINE ( 'NONE', #250, #1640 ) ;
#1219 = ORIENTED_EDGE ( 'NONE', *, *, #500, .F. ) ;
#1220 = CARTESIAN_POINT ( 'NONE',  ( -51.70828531008798024, -32.99972538822134283, 3.000000000000000000 ) ) ;
#1221 = VERTEX_POINT ( 'NONE', #5144 ) ;
#1222 = DIRECTION ( 'NONE',  ( -0.000000000000000000, 0.000000000000000000, -1.000000000000000000 ) ) ;
#1223 = DIRECTION ( 'NONE',  ( -1.000000000000000000, 0.000000000000000000, 0.000000000000000000 ) ) ;
#1224 = DIRECTION ( 'NONE',  ( 1.994248318681189754E-16, 1.000000000000000000, 0.000000000000000000 ) ) ;
#1225 = VECTOR ( 'NONE', #18, 1000.000000000000000 ) ;
#1226 = CARTESIAN_POINT ( 'NONE',  ( 53.13099752524905028, -33.09477641991259844, 1.450000484187200733 ) ) ;
#1227 = LINE ( 'NONE', #3017, #2692 ) ;
#1228 = VERTEX_POINT ( 'NONE', #5633 ) ;
#1229 = CARTESIAN_POINT ( 'NONE',  ( -39.16013196753240777, -10.49993133544899493, 0.000000000000000000 ) ) ;
#1230 = EDGE_CURVE ( 'NONE', #5115, #4182, #3346, .T. ) ;
#1231 = CARTESIAN_POINT ( 'NONE',  ( 39.15992036961294076, -33.50120435612532077, 1.450000501953051524 ) ) ;
#1232 = CARTESIAN_POINT ( 'NONE',  ( 34.46453803689026074, -18.40463862520800475, 0.000000000000000000 ) ) ;
#1233 = DIRECTION ( 'NONE',  ( 0.000000000000000000, 0.000000000000000000, -1.000000000000000000 ) ) ;
#1234 = ORIENTED_EDGE ( 'NONE', *, *, #2658, .F. ) ;
#1235 = EDGE_CURVE ( 'NONE', #2533, #4572, #4901, .T. ) ;
#1236 = AXIS2_PLACEMENT_3D ( 'NONE', #287, #748, #346 ) ;
#1237 = ORIENTED_EDGE ( 'NONE', *, *, #2142, .T. ) ;
#1238 = ORIENTED_EDGE ( 'NONE', *, *, #4740, .F. ) ;
#1239 = CARTESIAN_POINT ( 'NONE',  ( -30.50012207031303291, -35.50007057189900195, 1.450000589326601252 ) ) ;
#1240 = COORDINATED_UNIVERSAL_TIME_OFFSET ( 3, 0, .AHEAD. ) ;
#1241 = VECTOR ( 'NONE', #1390, 1000.000000000000000 ) ;
#1242 = DIRECTION ( 'NONE',  ( 1.000000000000000000, -1.994248318681190000E-16, -4.180742536954625851E-15 ) ) ;
#1243 = DIRECTION ( 'NONE',  ( 0.000000000000000000, -0.000000000000000000, 1.000000000000000000 ) ) ;
#1244 = EDGE_LOOP ( 'NONE', ( #130, #3617, #3028, #970, #3387, #565 ) ) ;
#1245 = DIRECTION ( 'NONE',  ( 1.994248318681189754E-16, -1.000000000000000000, 0.000000000000000000 ) ) ;
#1246 = ORIENTED_EDGE ( 'NONE', *, *, #1199, .F. ) ;
#1247 = VERTEX_POINT ( 'NONE', #3441 ) ;
#1248 = AXIS2_PLACEMENT_3D ( 'NONE', #2391, #2644, #1735 ) ;
#1249 = CARTESIAN_POINT ( 'NONE',  ( 29.07826691783824913, -17.91882911790083455, 1.449999820825512931 ) ) ;
#1250 = VERTEX_POINT ( 'NONE', #4217 ) ;
#1251 = CARTESIAN_POINT ( 'NONE',  ( -51.70808186218739166, -2.999931335448996261, 3.000000000000000000 ) ) ;
#1252 = ORIENTED_EDGE ( 'NONE', *, *, #4160, .T. ) ;
#1253 = DIRECTION ( 'NONE',  ( 0.000000000000000000, -0.000000000000000000, -1.000000000000000000 ) ) ;
#1254 = CYLINDRICAL_SURFACE ( 'NONE', #31, 4.000000000000003553 ) ;
#1255 = CIRCLE ( 'NONE', #4525, 5.999999999999998224 ) ;
#1256 = DIRECTION ( 'NONE',  ( -1.000000000000000000, 0.000000000000000000, 0.000000000000000000 ) ) ;
#1257 = DIRECTION ( 'NONE',  ( -1.000000000000000000, 0.000000000000000000, 0.000000000000000000 ) ) ;
#1258 = ORIENTED_EDGE ( 'NONE', *, *, #2927, .F. ) ;
#1259 = DIRECTION ( 'NONE',  ( 1.000000000000000000, 0.000000000000000000, 0.000000000000000000 ) ) ;
#1260 = APPROVAL_PERSON_ORGANIZATION ( #3905, #1819, #3936 ) ;
#1261 = CARTESIAN_POINT ( 'NONE',  ( 30.49963378098338396, -35.50106340185905651, 3.000000000000000000 ) ) ;
#1262 = FACE_OUTER_BOUND ( 'NONE', #521, .T. ) ;
#1263 = VECTOR ( 'NONE', #4214, 1000.000000000000000 ) ;
#1264 = CARTESIAN_POINT ( 'NONE',  ( -51.70808186218739166, -2.999931335448996261, 3.000000000000000000 ) ) ;
#1265 = ORIENTED_EDGE ( 'NONE', *, *, #2356, .F. ) ;
#1266 = VERTEX_POINT ( 'NONE', #4713 ) ;
#1267 = AXIS2_PLACEMENT_3D ( 'NONE', #5521, #4685, #2534 ) ;
#1268 = ORIENTED_EDGE ( 'NONE', *, *, #3993, .F. ) ;
#1269 = CARTESIAN_POINT ( 'NONE',  ( 8.999999999999976907, -18.54000000000002757, 0.000000000000000000 ) ) ;
#1270 = EDGE_CURVE ( 'NONE', #1783, #4060, #60, .T. ) ;
#1271 = DIRECTION ( 'NONE',  ( 0.000000000000000000, -1.000000000000000000, 0.000000000000000000 ) ) ;
#1272 = DIRECTION ( 'NONE',  ( -4.180742545671762101E-15, -4.371140887755362005E-08, -0.9999999999999992228 ) ) ;
#1273 = ORIENTED_EDGE ( 'NONE', *, *, #4305, .T. ) ;
#1274 = DIRECTION ( 'NONE',  ( -0.9999999998675463964, 1.627596612587094081E-05, 0.000000000000000000 ) ) ;
#1275 = ORIENTED_EDGE ( 'NONE', *, *, #3838, .T. ) ;
#1276 = EDGE_CURVE ( 'NONE', #2874, #3871, #5626, .T. ) ;
#1277 = ORIENTED_EDGE ( 'NONE', *, *, #1409, .F. ) ;
#1278 = EDGE_CURVE ( 'NONE', #2012, #2305, #5546, .T. ) ;
#1279 = DIRECTION ( 'NONE',  ( 4.180742545671757368E-15, 4.371140887755362005E-08, 0.9999999999999991118 ) ) ;
#1280 = VECTOR ( 'NONE', #1823, 1000.000000000000227 ) ;
#1281 = ORIENTED_EDGE ( 'NONE', *, *, #595, .T. ) ;
#1282 = EDGE_CURVE ( 'NONE', #2247, #1721, #3004, .T. ) ;
#1283 = CARTESIAN_POINT ( 'NONE',  ( 36.56186857255293887, -32.00116207012359837, 0.000000000000000000 ) ) ;
#1284 = DIRECTION ( 'NONE',  ( -1.000000000000000000, 1.994248318681189754E-16, 0.000000000000000000 ) ) ;
#1285 = ADVANCED_FACE ( 'NONE', ( #2500 ), #4276, .F. ) ;
#1286 = AXIS2_PLACEMENT_3D ( 'NONE', #5203, #3407, #2971 ) ;
#1287 = CARTESIAN_POINT ( 'NONE',  ( 30.49987792968802225, -35.50007057189900195, 0.000000000000000000 ) ) ;
#1288 = VERTEX_POINT ( 'NONE', #4746 ) ;
#1289 = DIRECTION ( 'NONE',  ( -0.000000000000000000, -0.000000000000000000, 1.000000000000000000 ) ) ;
#1290 = VECTOR ( 'NONE', #3374, 1000.000000000000000 ) ;
#1291 = CIRCLE ( 'NONE', #5288, 4.000000000000003553 ) ;
#1292 = AXIS2_PLACEMENT_3D ( 'NONE', #3959, #822, #3552 ) ;
#1293 = CARTESIAN_POINT ( 'NONE',  ( 33.21007646689140813, -48.89130729459745339, 1.450001174675907833 ) ) ;
#1294 = DIRECTION ( 'NONE',  ( 0.000000000000000000, 0.000000000000000000, -1.000000000000000000 ) ) ;
#1295 = CARTESIAN_POINT ( 'NONE',  ( 33.21007646689140813, -50.94007753325929855, 0.000000000000000000 ) ) ;
#1296 = ORIENTED_EDGE ( 'NONE', *, *, #5286, .F. ) ;
#1297 = ORIENTED_EDGE ( 'NONE', *, *, #3671, .T. ) ;
#1298 = ORIENTED_EDGE ( 'NONE', *, *, #3770, .F. ) ;
#1299 = CYLINDRICAL_SURFACE ( 'NONE', #5487, 0.5000000000000004441 ) ;
#1300 = LINE ( 'NONE', #1684, #5531 ) ;
#1301 = CARTESIAN_POINT ( 'NONE',  ( -51.70828531008798024, -32.99972538822133572, 0.000000000000000000 ) ) ;
#1302 = ORIENTED_EDGE ( 'NONE', *, *, #1711, .F. ) ;
#1303 = DIRECTION ( 'NONE',  ( 0.9999999998675463964, -1.627596612567151538E-05, 7.072646676513224198E-13 ) ) ;
#1304 = CIRCLE ( 'NONE', #5385, 3.000000000000002220 ) ;
#1305 = ORIENTED_EDGE ( 'NONE', *, *, #4457, .T. ) ;
#1306 = AXIS2_PLACEMENT_3D ( 'NONE', #4996, #545, #5431 ) ;
#1307 = ORIENTED_EDGE ( 'NONE', *, *, #1821, .F. ) ;
#1308 = PLANE ( 'NONE',  #5697 ) ;
#1309 = VECTOR ( 'NONE', #2813, 1000.000000000000000 ) ;
#1310 = FACE_OUTER_BOUND ( 'NONE', #2627, .T. ) ;
#1311 = EDGE_CURVE ( 'NONE', #1868, #2102, #3316, .T. ) ;
#1312 = EDGE_CURVE ( 'NONE', #615, #3947, #5205, .T. ) ;
#1313 = VERTEX_POINT ( 'NONE', #281 ) ;
#1314 = AXIS2_PLACEMENT_3D ( 'NONE', #3624, #2719, #4523 ) ;
#1315 = AXIS2_PLACEMENT_3D ( 'NONE', #3990, #827, #2999 ) ;
#1316 = DIRECTION ( 'NONE',  ( 0.9999999998675463964, -1.627596612567151538E-05, 0.000000000000000000 ) ) ;
#1317 = EDGE_CURVE ( 'NONE', #2870, #4625, #2090, .T. ) ;
#1318 = PLANE ( 'NONE',  #2817 ) ;
#1319 = DIRECTION ( 'NONE',  ( -4.180742545671762101E-15, -4.371140887755362005E-08, -0.9999999999999992228 ) ) ;
#1320 = ORIENTED_EDGE ( 'NONE', *, *, #4563, .F. ) ;
#1321 = EDGE_CURVE ( 'NONE', #3424, #3039, #4803, .T. ) ;
#1322 = FACE_BOUND ( 'NONE', #3549, .T. ) ;
#1323 = CIRCLE ( 'NONE', #4303, 0.5000000000000004441 ) ;
#1324 = PLANE ( 'NONE',  #382 ) ;
#1325 = LINE ( 'NONE', #3113, #5557 ) ;
#1326 = DIRECTION ( 'NONE',  ( 1.000000000000000000, -2.731848123972157579E-15, -4.180742426258835564E-15 ) ) ;
#1327 = DIRECTION ( 'NONE',  ( -1.000000000000000000, 0.000000000000000000, 0.000000000000000000 ) ) ;
#1328 = ORIENTED_EDGE ( 'NONE', *, *, #3543, .T. ) ;
#1329 = AXIS2_PLACEMENT_3D ( 'NONE', #325, #2144, #3830 ) ;
#1330 = ORIENTED_EDGE ( 'NONE', *, *, #1168, .T. ) ;
#1331 = DIRECTION ( 'NONE',  ( 6.829619963800051586E-16, -0.9999999999999991118, 4.371140887755362005E-08 ) ) ;
#1332 = DIRECTION ( 'NONE',  ( -0.000000000000000000, -0.000000000000000000, -1.000000000000000000 ) ) ;
#1333 = CIRCLE ( 'NONE', #4317, 2.000000000000000000 ) ;
#1334 = DIRECTION ( 'NONE',  ( -0.000000000000000000, 0.000000000000000000, 1.000000000000000000 ) ) ;
#1335 = ORIENTED_EDGE ( 'NONE', *, *, #2704, .T. ) ;
#1336 = DIRECTION ( 'NONE',  ( 1.000000000000000000, 0.000000000000000000, -0.000000000000000000 ) ) ;
#1337 = ORIENTED_EDGE ( 'NONE', *, *, #5340, .F. ) ;
#1338 = VERTEX_POINT ( 'NONE', #4404 ) ;
#1339 = EDGE_LOOP ( 'NONE', ( #2138, #848, #2433, #3292 ) ) ;
#1340 = AXIS2_PLACEMENT_3D ( 'NONE', #2191, #3035, #342 ) ;
#1341 = FACE_OUTER_BOUND ( 'NONE', #2277, .T. ) ;
#1342 = DIRECTION ( 'NONE',  ( 1.000000000000000000, 0.000000000000000000, 0.000000000000000000 ) ) ;
#1343 = VERTEX_POINT ( 'NONE', #3092 ) ;
#1344 = EDGE_LOOP ( 'NONE', ( #2535, #4687 ) ) ;
#1345 = CARTESIAN_POINT ( 'NONE',  ( 42.83903402873245625, -33.50126423725463098, 1.450000501955652110 ) ) ;
#1346 = DIRECTION ( 'NONE',  ( 0.000000000000000000, 0.000000000000000000, -1.000000000000000000 ) ) ;
#1347 = ADVANCED_FACE ( 'NONE', ( #864 ), #2654, .T. ) ;
#1348 = EDGE_CURVE ( 'NONE', #4407, #2594, #1719, .T. ) ;
#1349 = CARTESIAN_POINT ( 'NONE',  ( 60.99999999999999289, 66.00000000000002842, 3.000000000000000000 ) ) ;
#1350 = ORIENTED_EDGE ( 'NONE', *, *, #1312, .F. ) ;
#1351 = EDGE_CURVE ( 'NONE', #3380, #4802, #5349, .T. ) ;
#1352 = FACE_BOUND ( 'NONE', #2013, .T. ) ;
#1353 = DIRECTION ( 'NONE',  ( -0.000000000000000000, -0.000000000000000000, -1.000000000000000000 ) ) ;
#1354 = CARTESIAN_POINT ( 'NONE',  ( -53.71248359946253004, -33.76592310238539341, 1.450000513524413837 ) ) ;
#1355 = LINE ( 'NONE', #3960, #4035 ) ;
#1356 = PLANE ( 'NONE',  #3495 ) ;
#1357 = ORIENTED_EDGE ( 'NONE', *, *, #5463, .T. ) ;
#1358 = EDGE_CURVE ( 'NONE', #2408, #2408, #1810, .T. ) ;
#1359 = DIRECTION ( 'NONE',  ( -0.000000000000000000, 0.000000000000000000, -1.000000000000000000 ) ) ;
#1360 = CYLINDRICAL_SURFACE ( 'NONE', #819, 1.749999999999994671 ) ;
#1361 = ORIENTED_EDGE ( 'NONE', *, *, #4528, .T. ) ;
#1362 = VECTOR ( 'NONE', #4041, 1000.000000000000227 ) ;
#1363 = DIRECTION ( 'NONE',  ( 0.000000000000000000, 0.000000000000000000, 1.000000000000000000 ) ) ;
#1364 = ORIENTED_EDGE ( 'NONE', *, *, #5395, .T. ) ;
#1365 = EDGE_LOOP ( 'NONE', ( #2502, #4867, #4378, #1586, #4519, #1844 ) ) ;
#1366 = EDGE_LOOP ( 'NONE', ( #4550, #4151, #2554, #3131 ) ) ;
#1367 = FACE_BOUND ( 'NONE', #4660, .T. ) ;
#1368 = CARTESIAN_POINT ( 'NONE',  ( -51.70808186218739166, -2.499931335448996261, 0.000000000000000000 ) ) ;
#1369 = ORIENTED_EDGE ( 'NONE', *, *, #434, .T. ) ;
#1370 = VERTEX_POINT ( 'NONE', #370 ) ;
#1371 = ORIENTED_EDGE ( 'NONE', *, *, #691, .T. ) ;
#1372 = EDGE_CURVE ( 'NONE', #3533, #3345, #5267, .T. ) ;
#1373 = DIRECTION ( 'NONE',  ( -0.9999999998675463964, 1.627596612607036625E-05, -7.072646676687567254E-13 ) ) ;
#1374 = CARTESIAN_POINT ( 'NONE',  ( -39.16040865894258616, -37.49992961763274479, 1.450000676743294026 ) ) ;
#1375 = ADVANCED_FACE ( 'NONE', ( #2626 ), #2161, .F. ) ;
#1376 = AXIS2_PLACEMENT_3D ( 'NONE', #2145, #5646, #5125 ) ;
#1377 = DIRECTION ( 'NONE',  ( -0.000000000000000000, -0.000000000000000000, -1.000000000000000000 ) ) ;
#1378 = CARTESIAN_POINT ( 'NONE',  ( 37.42790211420572888, -31.50117616558996403, 0.000000000000000000 ) ) ;
#1379 = DIRECTION ( 'NONE',  ( 0.000000000000000000, -0.9999999999999991118, 4.371140884147646851E-08 ) ) ;
#1380 = DIRECTION ( 'NONE',  ( -0.000000000000000000, -0.000000000000000000, -1.000000000000000000 ) ) ;
#1381 = CC_DESIGN_PERSON_AND_ORGANIZATION_ASSIGNMENT ( #3875, #2098, ( #3386 ) ) ;
#1382 = EDGE_CURVE ( 'NONE', #4204, #5669, #4512, .T. ) ;
#1383 = EDGE_CURVE ( 'NONE', #36, #3837, #4921, .T. ) ;
#1384 = CIRCLE ( 'NONE', #2603, 0.5000000000000004441 ) ;
#1385 = VERTEX_POINT ( 'NONE', #435 ) ;
#1386 = CARTESIAN_POINT ( 'NONE',  ( 30.49987792968802225, -5.499931335448994929, 1.449999277977988221 ) ) ;
#1387 = CARTESIAN_POINT ( 'NONE',  ( -51.70808186218739166, -7.999931335448993153, 3.000000000000000000 ) ) ;
#1388 = ORIENTED_EDGE ( 'NONE', *, *, #4546, .F. ) ;
#1389 = ADVANCED_FACE ( 'NONE', ( #5661 ), #5721, .T. ) ;
#1390 = DIRECTION ( 'NONE',  ( 0.000000000000000000, 0.000000000000000000, -1.000000000000000000 ) ) ;
#1391 = ORIENTED_EDGE ( 'NONE', *, *, #3241, .F. ) ;
#1392 = VERTEX_POINT ( 'NONE', #4462 ) ;
#1393 = DIRECTION ( 'NONE',  ( 0.000000000000000000, -0.9999999999999991118, 4.371140887245352218E-08 ) ) ;
#1394 = CARTESIAN_POINT ( 'NONE',  ( 47.37007602278353602, -50.94007753325929855, 1.450001264230482256 ) ) ;
#1395 = DIRECTION ( 'NONE',  ( 1.000000000000000000, 0.000000000000000000, 0.000000000000000000 ) ) ;
#1396 = AXIS2_PLACEMENT_3D ( 'NONE', #6, #4871, #3132 ) ;
#1397 = ORIENTED_EDGE ( 'NONE', *, *, #412, .T. ) ;
#1398 = ORIENTED_EDGE ( 'NONE', *, *, #1991, .F. ) ;
#1399 = VECTOR ( 'NONE', #3833, 1000.000000000000000 ) ;
#1400 = FACE_OUTER_BOUND ( 'NONE', #1656, .T. ) ;
#1401 = APPLICATION_CONTEXT ( 'configuration controlled 3d designs of mechanical parts and assemblies' ) ;
#1402 = AXIS2_PLACEMENT_3D ( 'NONE', #3829, #692, #4229 ) ;
#1403 = VECTOR ( 'NONE', #208, 1000.000000000000000 ) ;
#1404 = DIRECTION ( 'NONE',  ( 0.9999999998675463964, -1.627596612607036625E-05, 0.000000000000000000 ) ) ;
#1405 = DIRECTION ( 'NONE',  ( 1.000000000000000000, 0.000000000000000000, 0.000000000000000000 ) ) ;
#1406 = CARTESIAN_POINT ( 'NONE',  ( 42.63424468637816744, -38.50126090477249363, 0.000000000000000000 ) ) ;
#1407 = DIRECTION ( 'NONE',  ( 0.000000000000000000, 0.000000000000000000, -1.000000000000000000 ) ) ;
#1408 = DIRECTION ( 'NONE',  ( 1.000000000000000000, 0.000000000000000000, 0.000000000000000000 ) ) ;
#1409 = EDGE_CURVE ( 'NONE', #2327, #3336, #3489, .T. ) ;
#1410 = VECTOR ( 'NONE', #668, 1000.000000000000227 ) ;
#1411 = CARTESIAN_POINT ( 'NONE',  ( 2.074954986571962312, -58.82508182525602081, 28.04134375730104622 ) ) ;
#1412 = EDGE_CURVE ( 'NONE', #1471, #4677, #3020, .T. ) ;
#1413 = CARTESIAN_POINT ( 'NONE',  ( 28.96453803689026785, -18.91234094049699976, 0.000000000000000000 ) ) ;
#1414 = DIRECTION ( 'NONE',  ( 0.000000000000000000, 0.000000000000000000, -1.000000000000000000 ) ) ;
#1415 = ORIENTED_EDGE ( 'NONE', *, *, #4290, .F. ) ;
#1416 = EDGE_CURVE ( 'NONE', #5032, #5451, #3940, .T. ) ;
#1417 = DIRECTION ( 'NONE',  ( -1.000000000000000000, 0.000000000000000000, 0.000000000000000000 ) ) ;
#1418 = CIRCLE ( 'NONE', #1329, 3.500000000000003109 ) ;
#1419 = ORIENTED_EDGE ( 'NONE', *, *, #2420, .T. ) ;
#1420 = ORIENTED_EDGE ( 'NONE', *, *, #4740, .T. ) ;
#1421 = FACE_BOUND ( 'NONE', #52, .T. ) ;
#1422 = CIRCLE ( 'NONE', #2907, 12.50000000000000000 ) ;
#1423 = DIRECTION ( 'NONE',  ( 0.9999999999999961142, 8.742277677795539484E-08, -8.002115286624055570E-15 ) ) ;
#1424 = DIRECTION ( 'NONE',  ( 4.180742545671757368E-15, 4.371140887755362005E-08, 0.9999999999999991118 ) ) ;
#1425 = ORIENTED_EDGE ( 'NONE', *, *, #5471, .F. ) ;
#1426 = ORIENTED_EDGE ( 'NONE', *, *, #1177, .T. ) ;
#1427 = ORIENTED_EDGE ( 'NONE', *, *, #3381, .T. ) ;
#1428 = VECTOR ( 'NONE', #5296, 1000.000000000000000 ) ;
#1429 = DIRECTION ( 'NONE',  ( 1.000000000000000000, 3.414809992080331981E-16, -0.000000000000000000 ) ) ;
#1430 = DIRECTION ( 'NONE',  ( 4.180742545671762101E-15, 4.371140887755362005E-08, 0.9999999999999992228 ) ) ;
#1431 = CARTESIAN_POINT ( 'NONE',  ( -56.25248347830570594, -33.76592310238539341, 28.04134375730104622 ) ) ;
#1432 = ADVANCED_FACE ( 'NONE', ( #3971 ), #3564, .T. ) ;
#1433 = DIRECTION ( 'NONE',  ( 0.000000000000000000, 0.000000000000000000, -1.000000000000000000 ) ) ;
#1434 = DIRECTION ( 'NONE',  ( 0.9999999998675463964, -1.627596612607036625E-05, 0.000000000000000000 ) ) ;
#1435 = DIRECTION ( 'NONE',  ( 0.000000000000000000, 0.000000000000000000, -1.000000000000000000 ) ) ;
#1436 = EDGE_CURVE ( 'NONE', #2010, #1288, #461, .T. ) ;
#1437 = CARTESIAN_POINT ( 'NONE',  ( 41.99999999999999289, 28.00000000000002842, 3.000000000000000000 ) ) ;
#1438 = VECTOR ( 'NONE', #4145, 1000.000000000000000 ) ;
#1439 = CARTESIAN_POINT ( 'NONE',  ( -51.71248359946253714, -37.49974233679053981, 1.450000676734910954 ) ) ;
#1440 = LINE ( 'NONE', #5048, #4738 ) ;
#1441 = ORIENTED_EDGE ( 'NONE', *, *, #2483, .F. ) ;
#1442 = ORIENTED_EDGE ( 'NONE', *, *, #4939, .T. ) ;
#1443 = VERTEX_POINT ( 'NONE', #4024 ) ;
#1444 = EDGE_CURVE ( 'NONE', #2221, #1083, #3062, .T. ) ;
#1445 = CARTESIAN_POINT ( 'NONE',  ( 0.000000000000000000, 0.000000000000000000, 3.000000000000000000 ) ) ;
#1446 = PERSON_AND_ORGANIZATION_ROLE ( 'design_owner' ) ;
#1447 = CARTESIAN_POINT ( 'NONE',  ( 42.63483325029122994, -32.50126091355721769, 1.450000458244098844 ) ) ;
#1448 = CARTESIAN_POINT ( 'NONE',  ( 42.83903402873245625, -33.50126423725462388, 36.80533964865399810 ) ) ;
#1449 = ORIENTED_EDGE ( 'NONE', *, *, #4088, .T. ) ;
#1450 = ADVANCED_FACE ( 'NONE', ( #1890 ), #2427, .F. ) ;
#1451 = ORIENTED_EDGE ( 'NONE', *, *, #880, .T. ) ;
#1452 = ORIENTED_EDGE ( 'NONE', *, *, #3030, .F. ) ;
#1453 = EDGE_CURVE ( 'NONE', #5425, #5577, #2454, .T. ) ;
#1454 = DIRECTION ( 'NONE',  ( 1.000000000000000000, 0.000000000000000000, 0.000000000000000000 ) ) ;
#1455 = CARTESIAN_POINT ( 'NONE',  ( -61.00000000000001421, -66.00000000000000000, 0.000000000000000000 ) ) ;
#1456 = CARTESIAN_POINT ( 'NONE',  ( -42.00000000000000000, 46.00000000000000000, 3.000000000000000000 ) ) ;
#1457 = EDGE_CURVE ( 'NONE', #5294, #942, #5140, .T. ) ;
#1458 = CARTESIAN_POINT ( 'NONE',  ( 33.46453800660104605, -20.13675966251838645, 0.000000000000000000 ) ) ;
#1459 = EDGE_CURVE ( 'NONE', #315, #3176, #5512, .T. ) ;
#1460 = PLANE ( 'NONE',  #740 ) ;
#1461 = CARTESIAN_POINT ( 'NONE',  ( -56.25248347830570594, -31.76592310238539341, 28.04134375730104622 ) ) ;
#1462 = CARTESIAN_POINT ( 'NONE',  ( 48.77500172706440651, -40.76931592906048252, 1.450000819652154993 ) ) ;
#1463 = VECTOR ( 'NONE', #2480, 1000.000000000000000 ) ;
#1464 = ORIENTED_EDGE ( 'NONE', *, *, #4761, .T. ) ;
#1465 = FACE_OUTER_BOUND ( 'NONE', #1902, .T. ) ;
#1466 = AXIS2_PLACEMENT_3D ( 'NONE', #457, #5232, #2240 ) ;
#1467 = FACE_OUTER_BOUND ( 'NONE', #1766, .T. ) ;
#1468 = DIRECTION ( 'NONE',  ( 0.000000000000000000, 0.000000000000000000, -1.000000000000000000 ) ) ;
#1469 = ORIENTED_EDGE ( 'NONE', *, *, #2203, .T. ) ;
#1470 = VECTOR ( 'NONE', #2213, 1000.000000000000000 ) ;
#1471 = VERTEX_POINT ( 'NONE', #1076 ) ;
#1472 = ORIENTED_EDGE ( 'NONE', *, *, #1822, .T. ) ;
#1473 = FACE_OUTER_BOUND ( 'NONE', #3818, .T. ) ;
#1474 = CARTESIAN_POINT ( 'NONE',  ( -24.49987792968802580, -5.499931335448994929, 3.000000000000000000 ) ) ;
#1475 = DIRECTION ( 'NONE',  ( -1.000000000000000000, 0.000000000000000000, 0.000000000000000000 ) ) ;
#1476 = DIRECTION ( 'NONE',  ( 0.000000000000000000, -0.9999999999999991118, 4.371140884147631631E-08 ) ) ;
#1477 = ORIENTED_EDGE ( 'NONE', *, *, #3775, .F. ) ;
#1478 = ORIENTED_EDGE ( 'NONE', *, *, #2523, .F. ) ;
#1479 = ORIENTED_EDGE ( 'NONE', *, *, #1282, .F. ) ;
#1480 = MANIFOLD_SOLID_BREP ( 'Вырез-Вытянуть4', #900 ) ;
#1481 = DIRECTION ( 'NONE',  ( -4.180742545671762101E-15, -4.371140887755362005E-08, -0.9999999999999992228 ) ) ;
#1482 = EDGE_CURVE ( 'NONE', #3410, #5467, #1612, .T. ) ;
#1483 = DIRECTION ( 'NONE',  ( -1.000000000000000000, -1.994248318681189754E-16, 0.000000000000000000 ) ) ;
#1484 = DIRECTION ( 'NONE',  ( -4.180742545671762101E-15, -4.371140887755362005E-08, -0.9999999999999992228 ) ) ;
#1485 = VECTOR ( 'NONE', #3358, 1000.000000000000000 ) ;
#1486 = EDGE_CURVE ( 'NONE', #5411, #34, #2299, .T. ) ;
#1487 = CYLINDRICAL_SURFACE ( 'NONE', #1202, 0.5000000000000004441 ) ;
#1488 = VECTOR ( 'NONE', #667, 1000.000000000000000 ) ;
#1489 = CIRCLE ( 'NONE', #2424, 1.750000000000001554 ) ;
#1490 = CARTESIAN_POINT ( 'NONE',  ( -39.16013196753240067, -8.499931335448993153, 1.449999409112511684 ) ) ;
#1491 = CARTESIAN_POINT ( 'NONE',  ( 30.50012016296399153, -5.499931269881894735, 1.449999277977990886 ) ) ;
#1492 = ORIENTED_EDGE ( 'NONE', *, *, #2446, .F. ) ;
#1493 = AXIS2_PLACEMENT_3D ( 'NONE', #2009, #4604, #603 ) ;
#1494 = CIRCLE ( 'NONE', #3742, 3.000000000000000000 ) ;
#1495 = CARTESIAN_POINT ( 'NONE',  ( 30.49987792968802225, -5.499931335448994929, 0.000000000000000000 ) ) ;
#1496 = CARTESIAN_POINT ( 'NONE',  ( 13.53999999999997605, -20.54000000000002757, 28.04134375730104622 ) ) ;
#1497 = CARTESIAN_POINT ( 'NONE',  ( -37.42808115996353280, -9.499931335448996705, 1.449999452823913071 ) ) ;
#1498 = EDGE_LOOP ( 'NONE', ( #2648, #5022, #3942, #2132 ) ) ;
#1499 = EDGE_LOOP ( 'NONE', ( #3369, #2881, #445, #3645, #1153, #3886, #3620, #1364 ) ) ;
#1500 = ORIENTED_EDGE ( 'NONE', *, *, #3204, .F. ) ;
#1501 = CARTESIAN_POINT ( 'NONE',  ( -56.25248347830570594, -33.76592310238539341, 1.450000513524424273 ) ) ;
#1502 = VERTEX_POINT ( 'NONE', #3315 ) ;
#1503 = FACE_OUTER_BOUND ( 'NONE', #1066, .T. ) ;
#1504 = AXIS2_PLACEMENT_3D ( 'NONE', #92, #1518, #2753 ) ;
#1505 = CARTESIAN_POINT ( 'NONE',  ( -66.00000000000001421, 61.00000000000000000, 3.000000000000000000 ) ) ;
#1506 = VERTEX_POINT ( 'NONE', #669 ) ;
#1507 = ORIENTED_EDGE ( 'NONE', *, *, #4969, .F. ) ;
#1508 = ORIENTED_EDGE ( 'NONE', *, *, #3666, .T. ) ;
#1509 = VECTOR ( 'NONE', #4841, 1000.000000000000000 ) ;
#1510 = CARTESIAN_POINT ( 'NONE',  ( 51.70808186218739166, -7.999931335448993153, 0.000000000000000000 ) ) ;
#1511 = AXIS2_PLACEMENT_3D ( 'NONE', #4895, #466, #5354 ) ;
#1512 = LINE ( 'NONE', #3741, #2285 ) ;
#1513 = DIRECTION ( 'NONE',  ( -0.000000000000000000, -0.000000000000000000, 1.000000000000000000 ) ) ;
#1514 = EDGE_CURVE ( 'NONE', #26, #2039, #4415, .T. ) ;
#1515 = DIRECTION ( 'NONE',  ( -0.000000000000000000, -0.000000000000000000, -1.000000000000000000 ) ) ;
#1516 = VECTOR ( 'NONE', #1806, 1000.000000000000000 ) ;
#1517 = CARTESIAN_POINT ( 'NONE',  ( 10.99999999999997513, -20.54000000000002757, 28.04134375730104622 ) ) ;
#1518 = DIRECTION ( 'NONE',  ( 0.000000000000000000, 0.000000000000000000, 1.000000000000000000 ) ) ;
#1519 = CARTESIAN_POINT ( 'NONE',  ( 37.99999999999998579, 50.00000000000002842, 0.000000000000000000 ) ) ;
#1520 = EDGE_CURVE ( 'NONE', #36, #5020, #3328, .T. ) ;
#1521 = CIRCLE ( 'NONE', #1997, 2.000000000000003553 ) ;
#1522 = ORIENTED_EDGE ( 'NONE', *, *, #4983, .T. ) ;
#1523 = EDGE_CURVE ( 'NONE', #5739, #4050, #4541, .T. ) ;
#1524 = CARTESIAN_POINT ( 'NONE',  ( 10.99999999999997513, -20.54000000000002757, 0.000000000000000000 ) ) ;
#1525 = DIRECTION ( 'NONE',  ( -0.000000000000000000, -0.000000000000000000, -1.000000000000000000 ) ) ;
#1526 = CARTESIAN_POINT ( 'NONE',  ( 55.67099752524903522, -31.34477664196644398, 28.04134375730104622 ) ) ;
#1527 = ORIENTED_EDGE ( 'NONE', *, *, #1123, .F. ) ;
#1528 = VERTEX_POINT ( 'NONE', #232 ) ;
#1529 = EDGE_LOOP ( 'NONE', ( #1563, #5511, #3917, #5492 ) ) ;
#1530 = CARTESIAN_POINT ( 'NONE',  ( 38.00000000000000000, 28.00000000000002842, 3.000000000000000000 ) ) ;
#1531 = VERTEX_POINT ( 'NONE', #2877 ) ;
#1532 = CARTESIAN_POINT ( 'NONE',  ( -59.42498535135182181, -14.44500776255643437, 0.000000000000000000 ) ) ;
#1533 = DIRECTION ( 'NONE',  ( 0.000000000000000000, -0.000000000000000000, 1.000000000000000000 ) ) ;
#1534 = EDGE_LOOP ( 'NONE', ( #4856, #5583, #1561, #1582, #2109, #162, #3962, #3542, #2287, #4729, #5060, #3776, #734, #812 ) ) ;
#1535 = DIRECTION ( 'NONE',  ( 0.000000000000000000, -1.000000000000000000, 0.000000000000000000 ) ) ;
#1536 = VERTEX_POINT ( 'NONE', #3774 ) ;
#1537 = ORIENTED_EDGE ( 'NONE', *, *, #2804, .T. ) ;
#1538 = LINE ( 'NONE', #5090, #1710 ) ;
#1539 = VECTOR ( 'NONE', #4272, 1000.000000000000000 ) ;
#1540 = LINE ( 'NONE', #3324, #686 ) ;
#1541 = VECTOR ( 'NONE', #907, 1000.000000000000227 ) ;
#1542 = CYLINDRICAL_SURFACE ( 'NONE', #4476, 2.000000000000001776 ) ;
#1543 = CYLINDRICAL_SURFACE ( 'NONE', #2989, 1.750000000000001554 ) ;
#1544 = DIRECTION ( 'NONE',  ( 4.180742545671757368E-15, 4.371140887755362005E-08, 0.9999999999999991118 ) ) ;
#1545 = ADVANCED_FACE ( 'NONE', ( #3363, #919 ), #2711, .F. ) ;
#1546 = CYLINDRICAL_SURFACE ( 'NONE', #2828, 1.000000000000000888 ) ;
#1547 = ORIENTED_EDGE ( 'NONE', *, *, #2347, .T. ) ;
#1548 = CC_DESIGN_DATE_AND_TIME_ASSIGNMENT ( #2464, #5231, ( #497 ) ) ;
#1549 = DIRECTION ( 'NONE',  ( 0.000000000000000000, -0.000000000000000000, 1.000000000000000000 ) ) ;
#1550 = DIRECTION ( 'NONE',  ( -1.000000000000000000, -0.000000000000000000, -0.000000000000000000 ) ) ;
#1551 = DIRECTION ( 'NONE',  ( -0.000000000000000000, 1.000000000000000000, -0.000000000000000000 ) ) ;
#1552 = EDGE_CURVE ( 'NONE', #1392, #3598, #5336, .T. ) ;
#1553 = ORIENTED_EDGE ( 'NONE', *, *, #839, .F. ) ;
#1554 = ADVANCED_FACE ( 'NONE', ( #943 ), #1546, .T. ) ;
#1555 = VERTEX_POINT ( 'NONE', #5096 ) ;
#1556 = ORIENTED_EDGE ( 'NONE', *, *, #3858, .F. ) ;
#1557 = FACE_OUTER_BOUND ( 'NONE', #4745, .T. ) ;
#1558 = VERTEX_POINT ( 'NONE', #1948 ) ;
#1559 = DIRECTION ( 'NONE',  ( -0.000000000000000000, -0.000000000000000000, 1.000000000000000000 ) ) ;
#1560 = FACE_OUTER_BOUND ( 'NONE', #4715, .T. ) ;
#1561 = ORIENTED_EDGE ( 'NONE', *, *, #4661, .T. ) ;
#1562 = DIRECTION ( 'NONE',  ( -0.000000000000000000, -1.000000000000000000, -0.000000000000000000 ) ) ;
#1563 = ORIENTED_EDGE ( 'NONE', *, *, #4559, .T. ) ;
#1564 = ORIENTED_EDGE ( 'NONE', *, *, #93, .T. ) ;
#1565 = AXIS2_PLACEMENT_3D ( 'NONE', #4949, #5488, #1475 ) ;
#1566 = AXIS2_PLACEMENT_3D ( 'NONE', #432, #4515, #967 ) ;
#1567 = LINE ( 'NONE', #685, #5691 ) ;
#1568 = ORIENTED_EDGE ( 'NONE', *, *, #3066, .T. ) ;
#1569 = CARTESIAN_POINT ( 'NONE',  ( 51.70808186218739166, -8.499931335448993153, 0.000000000000000000 ) ) ;
#1570 = CARTESIAN_POINT ( 'NONE',  ( -51.71248359946253714, -33.76592310238539341, 28.04134375730104622 ) ) ;
#1571 = PLANE ( 'NONE',  #4484 ) ;
#1572 = LINE ( 'NONE', #2954, #3187 ) ;
#1573 = AXIS2_PLACEMENT_3D ( 'NONE', #4006, #2462, #1620 ) ;
#1574 = DIRECTION ( 'NONE',  ( 1.000000000000000000, 0.000000000000000000, -4.180742545671766046E-15 ) ) ;
#1575 = EDGE_LOOP ( 'NONE', ( #1238, #1182, #5520, #2063 ) ) ;
#1576 = AXIS2_PLACEMENT_3D ( 'NONE', #4292, #3540, #2545 ) ;
#1577 = AXIS2_PLACEMENT_3D ( 'NONE', #1495, #2839, #4644 ) ;
#1578 = AXIS2_PLACEMENT_3D ( 'NONE', #2147, #1610, #5679 ) ;
#1579 = LINE ( 'NONE', #2991, #5573 ) ;
#1580 = CARTESIAN_POINT ( 'NONE',  ( 65.99999999999998579, -65.99999999999998579, 3.000000000000000000 ) ) ;
#1581 = DIRECTION ( 'NONE',  ( 0.000000000000000000, -0.9999999999999991118, 4.371140887245356850E-08 ) ) ;
#1582 = ORIENTED_EDGE ( 'NONE', *, *, #5295, .F. ) ;
#1583 = EDGE_CURVE ( 'NONE', #4633, #3764, #5069, .T. ) ;
#1584 = VECTOR ( 'NONE', #2438, 1000.000000000000000 ) ;
#1585 = AXIS2_PLACEMENT_3D ( 'NONE', #3558, #2558, #3966 ) ;
#1586 = ORIENTED_EDGE ( 'NONE', *, *, #4381, .T. ) ;
#1587 = ORIENTED_EDGE ( 'NONE', *, *, #1922, .F. ) ;
#1588 = CARTESIAN_POINT ( 'NONE',  ( 39.16013196753240777, -7.499931335448995817, 1.449999365400775453 ) ) ;
#1589 = SECURITY_CLASSIFICATION_LEVEL ( 'unclassified' ) ;
#1590 = EDGE_CURVE ( 'NONE', #5577, #380, #4322, .T. ) ;
#1591 = FACE_OUTER_BOUND ( 'NONE', #607, .T. ) ;
#1592 = DIRECTION ( 'NONE',  ( -1.665334536937734022E-15, -0.9999999999999990008, 4.371140888484446276E-08 ) ) ;
#1593 = ORIENTED_EDGE ( 'NONE', *, *, #1317, .T. ) ;
#1594 = DIRECTION ( 'NONE',  ( 1.000000000000000000, 0.000000000000000000, 0.000000000000000000 ) ) ;
#1595 = ORIENTED_EDGE ( 'NONE', *, *, #3543, .F. ) ;
#1596 = ORIENTED_EDGE ( 'NONE', *, *, #690, .T. ) ;
#1597 = LINE ( 'NONE', #5240, #2184 ) ;
#1598 = AXIS2_PLACEMENT_3D ( 'NONE', #2702, #5280, #2182 ) ;
#1599 = ORIENTED_EDGE ( 'NONE', *, *, #4418, .F. ) ;
#1600 = CARTESIAN_POINT ( 'NONE',  ( -39.16040865894258616, -37.49992961763273769, 3.000000000000000000 ) ) ;
#1601 = AXIS2_PLACEMENT_3D ( 'NONE', #4083, #5300, #1346 ) ;
#1602 = EDGE_CURVE ( 'NONE', #598, #1250, #73, .T. ) ;
#1603 = DIRECTION ( 'NONE',  ( 0.000000000000000000, -0.000000000000000000, 1.000000000000000000 ) ) ;
#1604 = PLANE ( 'NONE',  #2172 ) ;
#1605 = AXIS2_PLACEMENT_3D ( 'NONE', #2829, #2014, #4634 ) ;
#1606 = CARTESIAN_POINT ( 'NONE',  ( -37.99999999999997158, 24.00000000000002842, 3.000000000000000000 ) ) ;
#1607 = FACE_OUTER_BOUND ( 'NONE', #2248, .T. ) ;
#1608 = DIRECTION ( 'NONE',  ( -0.000000000000000000, -0.000000000000000000, -1.000000000000000000 ) ) ;
#1609 = ORIENTED_EDGE ( 'NONE', *, *, #1383, .T. ) ;
#1610 = DIRECTION ( 'NONE',  ( 4.180742545671762101E-15, 4.371140887755362005E-08, 0.9999999999999992228 ) ) ;
#1611 = EDGE_CURVE ( 'NONE', #4624, #2360, #2279, .T. ) ;
#1612 = CIRCLE ( 'NONE', #3295, 2.000000000000001776 ) ;
#1613 = DIRECTION ( 'NONE',  ( -1.000000000000000000, -0.000000000000000000, -0.000000000000000000 ) ) ;
#1614 = FACE_OUTER_BOUND ( 'NONE', #2766, .T. ) ;
#1615 = PLANE ( 'NONE',  #3809 ) ;
#1616 = ORIENTED_EDGE ( 'NONE', *, *, #165, .F. ) ;
#1617 = EDGE_CURVE ( 'NONE', #4975, #5435, #3304, .T. ) ;
#1618 = ORIENTED_EDGE ( 'NONE', *, *, #3169, .T. ) ;
#1619 = ORIENTED_EDGE ( 'NONE', *, *, #5532, .F. ) ;
#1620 = DIRECTION ( 'NONE',  ( 1.000000000000000000, 0.000000000000000000, 0.000000000000000000 ) ) ;
#1621 = COORDINATED_UNIVERSAL_TIME_OFFSET ( 3, 0, .AHEAD. ) ;
#1622 = LINE ( 'NONE', #247, #4565 ) ;
#1623 = DIRECTION ( 'NONE',  ( -0.000000000000000000, -0.000000000000000000, -1.000000000000000000 ) ) ;
#1624 = VERTEX_POINT ( 'NONE', #4328 ) ;
#1625 = DIRECTION ( 'NONE',  ( 0.000000000000000000, 1.000000000000000000, 0.000000000000000000 ) ) ;
#1626 = EDGE_LOOP ( 'NONE', ( #59, #469, #3005, #424 ) ) ;
#1627 = EDGE_CURVE ( 'NONE', #305, #5294, #816, .T. ) ;
#1628 = ORIENTED_EDGE ( 'NONE', *, *, #4563, .T. ) ;
#1629 = FACE_OUTER_BOUND ( 'NONE', #1693, .T. ) ;
#1630 = EDGE_CURVE ( 'NONE', #711, #1776, #3831, .T. ) ;
#1631 = AXIS2_PLACEMENT_3D ( 'NONE', #1229, #2929, #5191 ) ;
#1632 = EDGE_CURVE ( 'NONE', #2434, #4592, #3528, .T. ) ;
#1633 = EDGE_CURVE ( 'NONE', #1209, #3902, #2489, .T. ) ;
#1634 = EDGE_LOOP ( 'NONE', ( #855, #4275, #4212, #3625 ) ) ;
#1635 = DIRECTION ( 'NONE',  ( -0.000000000000000000, 0.000000000000000000, 1.000000000000000000 ) ) ;
#1636 = FACE_OUTER_BOUND ( 'NONE', #3125, .T. ) ;
#1637 = DIRECTION ( 'NONE',  ( 4.180742545671757368E-15, 4.371140887755362005E-08, 0.9999999999999991118 ) ) ;
#1638 = DIRECTION ( 'NONE',  ( -1.000000000000000000, 0.000000000000000000, 4.180742545671766046E-15 ) ) ;
#1639 = EDGE_CURVE ( 'NONE', #2228, #2874, #295, .T. ) ;
#1640 = VECTOR ( 'NONE', #1562, 1000.000000000000000 ) ;
#1641 = LINE ( 'NONE', #3922, #4673 ) ;
#1642 = PLANE ( 'NONE',  #712 ) ;
#1643 = ORIENTED_EDGE ( 'NONE', *, *, #4308, .F. ) ;
#1644 = FACE_OUTER_BOUND ( 'NONE', #1060, .T. ) ;
#1645 = CYLINDRICAL_SURFACE ( 'NONE', #837, 0.5000000000000004441 ) ;
#1646 = DIRECTION ( 'NONE',  ( 1.000000000000000000, 0.000000000000000000, -0.000000000000000000 ) ) ;
#1647 = CARTESIAN_POINT ( 'NONE',  ( 14.95999999999997954, -28.25000000000002487, 1.450000272415357561 ) ) ;
#1648 = ORIENTED_EDGE ( 'NONE', *, *, #5561, .F. ) ;
#1649 = ORIENTED_EDGE ( 'NONE', *, *, #165, .T. ) ;
#1650 = VECTOR ( 'NONE', #3235, 1000.000000000000000 ) ;
#1651 = ORIENTED_EDGE ( 'NONE', *, *, #3273, .F. ) ;
#1652 = DIRECTION ( 'NONE',  ( 0.000000000000000000, -0.9999999999999991118, 4.371140886858148311E-08 ) ) ;
#1653 = APPROVAL_STATUS ( 'not_yet_approved' ) ;
#1654 = CARTESIAN_POINT ( 'NONE',  ( 39.16013196753240777, -7.499931335448995817, 0.000000000000000000 ) ) ;
#1655 = DIRECTION ( 'NONE',  ( -1.000000000000000000, 0.000000000000000000, 0.000000000000000000 ) ) ;
#1656 = EDGE_LOOP ( 'NONE', ( #2657, #5198, #1441, #3841 ) ) ;
#1657 = CARTESIAN_POINT ( 'NONE',  ( 10.99999999999997513, -11.46000000000002927, 28.04134375730104622 ) ) ;
#1658 = ORIENTED_EDGE ( 'NONE', *, *, #2830, .T. ) ;
#1659 = CIRCLE ( 'NONE', #2865, 0.5000000000000008882 ) ;
#1660 = DIRECTION ( 'NONE',  ( -1.000000000000000000, 2.775557561562891745E-15, 4.180742424348234962E-15 ) ) ;
#1661 = ORIENTED_EDGE ( 'NONE', *, *, #5399, .T. ) ;
#1662 = LINE ( 'NONE', #750, #4976 ) ;
#1663 = ADVANCED_FACE ( 'NONE', ( #5249 ), #1642, .F. ) ;
#1664 = CIRCLE ( 'NONE', #4926, 4.999999999999997335 ) ;
#1665 = UNCERTAINTY_MEASURE_WITH_UNIT (LENGTH_MEASURE( 1.000000000000000082E-05 ), #1895, 'distance_accuracy_value', 'NONE');
#1666 = FACE_OUTER_BOUND ( 'NONE', #5427, .T. ) ;
#1667 = DIRECTION ( 'NONE',  ( -1.000000000000000000, 0.000000000000000000, 0.000000000000000000 ) ) ;
#1668 = EDGE_CURVE ( 'NONE', #2360, #1023, #1135, .T. ) ;
#1669 = AXIS2_PLACEMENT_3D ( 'NONE', #4704, #1233, #1707 ) ;
#1670 = CARTESIAN_POINT ( 'NONE',  ( 39.67810746148602163, -46.40007575682851382, 1.450001065780635923 ) ) ;
#1671 = LINE ( 'NONE', #4327, #1698 ) ;
#1672 = CARTESIAN_POINT ( 'NONE',  ( 8.999999999999975131, -13.46000116234514543, 1.449999625923702240 ) ) ;
#1673 = ORIENTED_EDGE ( 'NONE', *, *, #5499, .T. ) ;
#1674 = DIRECTION ( 'NONE',  ( 0.000000000000000000, 0.000000000000000000, -1.000000000000000000 ) ) ;
#1675 = AXIS2_PLACEMENT_3D ( 'NONE', #5024, #3573, #5453 ) ;
#1676 = CARTESIAN_POINT ( 'NONE',  ( -30.49987792968801514, -5.499931269881881413, 1.449999277977991108 ) ) ;
#1677 = CARTESIAN_POINT ( 'NONE',  ( 53.13099752524905028, -29.59477641991259489, 1.450000331197270897 ) ) ;
#1678 = DIRECTION ( 'NONE',  ( -0.000000000000000000, -0.000000000000000000, 1.000000000000000000 ) ) ;
#1679 = VERTEX_POINT ( 'NONE', #3953 ) ;
#1680 = EDGE_LOOP ( 'NONE', ( #3049, #3311, #1527, #622 ) ) ;
#1681 = ORIENTED_EDGE ( 'NONE', *, *, #4064, .T. ) ;
#1682 = VECTOR ( 'NONE', #1073, 1000.000000000000000 ) ;
#1683 = CARTESIAN_POINT ( 'NONE',  ( -39.16042493490871124, -38.49992961750028542, 1.450000720454702519 ) ) ;
#1684 = CARTESIAN_POINT ( 'NONE',  ( 39.15985526574843334, -37.50120435559551169, 0.000000000000000000 ) ) ;
#1685 = VECTOR ( 'NONE', #4201, 1000.000000000000000 ) ;
#1686 = LINE ( 'NONE', #4830, #3801 ) ;
#1687 = VECTOR ( 'NONE', #2867, 1000.000000000000000 ) ;
#1688 = EDGE_LOOP ( 'NONE', ( #895, #240, #1420, #2468 ) ) ;
#1689 = DIRECTION ( 'NONE',  ( 1.000000000000000000, 0.000000000000000000, 0.000000000000000000 ) ) ;
#1690 = ORIENTED_EDGE ( 'NONE', *, *, #94, .T. ) ;
#1691 = ORIENTED_EDGE ( 'NONE', *, *, #1820, .T. ) ;
#1692 = DIRECTION ( 'NONE',  ( -1.000000000000000000, 0.000000000000000000, 0.000000000000000000 ) ) ;
#1693 = EDGE_LOOP ( 'NONE', ( #5322, #3599, #4167, #2190 ) ) ;
#1694 = DIRECTION ( 'NONE',  ( 1.000000000000000000, 0.000000000000000000, 0.000000000000000000 ) ) ;
#1695 = ORIENTED_EDGE ( 'NONE', *, *, #426, .F. ) ;
#1696 = CARTESIAN_POINT ( 'NONE',  ( -55.92498535135183602, 8.414992237443547296, 0.000000000000000000 ) ) ;
#1697 = DIRECTION ( 'NONE',  ( 1.000000000000000000, 1.994248318681189754E-16, 0.000000000000000000 ) ) ;
#1698 = VECTOR ( 'NONE', #4725, 1000.000000000000000 ) ;
#1699 = DIRECTION ( 'NONE',  ( -1.000000000000000000, 0.000000000000000000, 0.000000000000000000 ) ) ;
#1700 = CARTESIAN_POINT ( 'NONE',  ( -8.924942016602040340, -57.37510013580300949, 0.000000000000000000 ) ) ;
#1701 = ADVANCED_FACE ( 'NONE', ( #1729 ), #3894, .F. ) ;
#1702 = ORIENTED_EDGE ( 'NONE', *, *, #3081, .F. ) ;
#1703 = LINE ( 'NONE', #3397, #4479 ) ;
#1704 = CIRCLE ( 'NONE', #3106, 0.5000000000000004441 ) ;
#1705 = DIRECTION ( 'NONE',  ( 0.000000000000000000, -0.9999999999999991118, 4.371140887755362005E-08 ) ) ;
#1706 = DIRECTION ( 'NONE',  ( 0.000000000000000000, -0.000000000000000000, 1.000000000000000000 ) ) ;
#1707 = DIRECTION ( 'NONE',  ( -1.000000000000000000, 0.000000000000000000, 0.000000000000000000 ) ) ;
#1708 = ADVANCED_FACE ( 'NONE', ( #2513 ), #1195, .F. ) ;
#1709 = ORIENTED_EDGE ( 'NONE', *, *, #695, .F. ) ;
#1710 = VECTOR ( 'NONE', #1043, 1000.000000000000000 ) ;
#1711 = EDGE_CURVE ( 'NONE', #2324, #928, #4698, .T. ) ;
#1712 = ORIENTED_EDGE ( 'NONE', *, *, #2179, .F. ) ;
#1713 = ORIENTED_EDGE ( 'NONE', *, *, #1931, .F. ) ;
#1714 = LINE ( 'NONE', #2097, #3828 ) ;
#1715 = VECTOR ( 'NONE', #2864, 1000.000000000000000 ) ;
#1716 = DIRECTION ( 'NONE',  ( -0.000000000000000000, 0.000000000000000000, -1.000000000000000000 ) ) ;
#1717 = DIRECTION ( 'NONE',  ( -0.000000000000000000, -0.000000000000000000, -1.000000000000000000 ) ) ;
#1718 = ORIENTED_EDGE ( 'NONE', *, *, #1778, .T. ) ;
#1719 = LINE ( 'NONE', #2592, #5050 ) ;
#1720 = VECTOR ( 'NONE', #1832, 1000.000000000000000 ) ;
#1721 = VERTEX_POINT ( 'NONE', #1700 ) ;
#1722 = ORIENTED_EDGE ( 'NONE', *, *, #2099, .T. ) ;
#1723 = CARTESIAN_POINT ( 'NONE',  ( -30.49987792968801514, -5.499931269881881413, 1.449999277977991108 ) ) ;
#1724 = DIRECTION ( 'NONE',  ( 0.9999999999999961142, 8.742277677795539484E-08, -8.002115286624055570E-15 ) ) ;
#1725 = ORIENTED_EDGE ( 'NONE', *, *, #1453, .F. ) ;
#1726 = CARTESIAN_POINT ( 'NONE',  ( 47.14938835202706002, -32.50133439230313570, 0.000000000000000000 ) ) ;
#1727 = DIRECTION ( 'NONE',  ( 0.000000000000000000, 0.000000000000000000, -1.000000000000000000 ) ) ;
#1728 = VECTOR ( 'NONE', #1138, 1000.000000000000000 ) ;
#1729 = FACE_OUTER_BOUND ( 'NONE', #4463, .T. ) ;
#1730 = ORIENTED_EDGE ( 'NONE', *, *, #5569, .T. ) ;
#1731 = CARTESIAN_POINT ( 'NONE',  ( 8.999999999999976907, -18.54000000000002757, 1.449999847977608392 ) ) ;
#1732 = LINE ( 'NONE', #3520, #3459 ) ;
#1733 = FACE_OUTER_BOUND ( 'NONE', #5135, .T. ) ;
#1734 = LINE ( 'NONE', #4880, #755 ) ;
#1735 = DIRECTION ( 'NONE',  ( 0.9999999998675465074, -1.627596612520374651E-05, 0.000000000000000000 ) ) ;
#1736 = ORIENTED_EDGE ( 'NONE', *, *, #695, .T. ) ;
#1737 = CIRCLE ( 'NONE', #2670, 0.5000000000000004441 ) ;
#1738 = ORIENTED_EDGE ( 'NONE', *, *, #3097, .T. ) ;
#1739 = DIRECTION ( 'NONE',  ( 0.000000000000000000, 0.000000000000000000, -1.000000000000000000 ) ) ;
#1740 = EDGE_CURVE ( 'NONE', #3864, #1946, #4387, .T. ) ;
#1741 = EDGE_CURVE ( 'NONE', #2039, #3832, #2029, .T. ) ;
#1742 = DIRECTION ( 'NONE',  ( 3.854941057726249437E-16, 1.000000000000000000, 0.000000000000000000 ) ) ;
#1743 = CYLINDRICAL_SURFACE ( 'NONE', #3907, 0.5000000000000004441 ) ;
#1744 = ORIENTED_EDGE ( 'NONE', *, *, #1991, .T. ) ;
#1745 = CARTESIAN_POINT ( 'NONE',  ( 39.16013196753240777, -0.4999313354489935968, 3.000000000000000000 ) ) ;
#1746 = VERTEX_POINT ( 'NONE', #3454 ) ;
#1747 = EDGE_CURVE ( 'NONE', #5023, #313, #1659, .T. ) ;
#1748 = ORIENTED_EDGE ( 'NONE', *, *, #149, .F. ) ;
#1749 = CARTESIAN_POINT ( 'NONE',  ( 2.074954986571962312, -58.82508182525602081, 28.04134375730104622 ) ) ;
#1750 = ORIENTED_EDGE ( 'NONE', *, *, #335, .F. ) ;
#1751 = ADVANCED_FACE ( 'NONE', ( #3924 ), #2984, .F. ) ;
#1752 = ORIENTED_EDGE ( 'NONE', *, *, #4048, .F. ) ;
#1753 = DIRECTION ( 'NONE',  ( 1.000000000000000000, -1.994248318681190000E-16, -4.180742536954625851E-15 ) ) ;
#1754 = DIRECTION ( 'NONE',  ( -0.000000000000000000, -0.000000000000000000, -1.000000000000000000 ) ) ;
#1755 = CIRCLE ( 'NONE', #5000, 12.50000000000000533 ) ;
#1756 = VECTOR ( 'NONE', #5424, 1000.000000000000000 ) ;
#1757 = CARTESIAN_POINT ( 'NONE',  ( -52.20808186218739166, -2.999931335448996261, 3.000000000000000000 ) ) ;
#1758 = ORIENTED_EDGE ( 'NONE', *, *, #753, .T. ) ;
#1759 = CARTESIAN_POINT ( 'NONE',  ( 30.49987792968802225, -5.499931335448994929, 0.000000000000000000 ) ) ;
#1760 = CIRCLE ( 'NONE', #3657, 0.5000000000000004441 ) ;
#1761 = AXIS2_PLACEMENT_3D ( 'NONE', #699, #5166, #1170 ) ;
#1762 = LINE ( 'NONE', #3582, #2717 ) ;
#1763 = DIRECTION ( 'NONE',  ( -0.000000000000000000, -0.000000000000000000, 1.000000000000000000 ) ) ;
#1764 = FACE_OUTER_BOUND ( 'NONE', #2064, .T. ) ;
#1765 = DIRECTION ( 'NONE',  ( 0.000000000000000000, -0.9999999999999991118, 4.371140884147631631E-08 ) ) ;
#1766 = EDGE_LOOP ( 'NONE', ( #4527, #1618, #4765, #5663 ) ) ;
#1767 = ORIENTED_EDGE ( 'NONE', *, *, #5636, .T. ) ;
#1768 = DIRECTION ( 'NONE',  ( -0.000000000000000000, 0.000000000000000000, 1.000000000000000000 ) ) ;
#1769 = DIRECTION ( 'NONE',  ( -1.000000000000000000, 0.000000000000000000, 0.000000000000000000 ) ) ;
#1770 = FACE_OUTER_BOUND ( 'NONE', #2661, .T. ) ;
#1771 = ORIENTED_EDGE ( 'NONE', *, *, #5500, .T. ) ;
#1772 = DIRECTION ( 'NONE',  ( -0.000000000000000000, 0.000000000000000000, -1.000000000000000000 ) ) ;
#1773 = CIRCLE ( 'NONE', #2512, 4.000000000000003553 ) ;
#1774 = EDGE_LOOP ( 'NONE', ( #5235, #4767, #863, #5369 ) ) ;
#1775 = CIRCLE ( 'NONE', #2514, 1.750000000000003109 ) ;
#1776 = VERTEX_POINT ( 'NONE', #5217 ) ;
#1777 = EDGE_CURVE ( 'NONE', #3571, #3706, #1227, .T. ) ;
#1778 = EDGE_CURVE ( 'NONE', #5058, #3864, #4789, .T. ) ;
#1779 = FACE_BOUND ( 'NONE', #4440, .T. ) ;
#1780 = VECTOR ( 'NONE', #3490, 1000.000000000000000 ) ;
#1781 = AXIS2_PLACEMENT_3D ( 'NONE', #2348, #2754, #1969 ) ;
#1782 = DIRECTION ( 'NONE',  ( 1.000000000000000000, 0.000000000000000000, 0.000000000000000000 ) ) ;
#1783 = VERTEX_POINT ( 'NONE', #3485 ) ;
#1784 = EDGE_CURVE ( 'NONE', #3380, #4883, #4994, .T. ) ;
#1785 = ORIENTED_EDGE ( 'NONE', *, *, #3466, .T. ) ;
#1786 = VECTOR ( 'NONE', #3651, 1000.000000000000000 ) ;
#1787 = CIRCLE ( 'NONE', #4575, 4.999999999999997335 ) ;
#1788 = LINE ( 'NONE', #3700, #5473 ) ;
#1789 = PLANE ( 'NONE',  #4409 ) ;
#1790 = EDGE_CURVE ( 'NONE', #4944, #437, #4475, .T. ) ;
#1791 = DIRECTION ( 'NONE',  ( 0.000000000000000000, 0.000000000000000000, -1.000000000000000000 ) ) ;
#1792 = VERTEX_POINT ( 'NONE', #4904 ) ;
#1793 = CYLINDRICAL_SURFACE ( 'NONE', #5112, 4.999999999999997335 ) ;
#1794 = VECTOR ( 'NONE', #4938, 1000.000000000000000 ) ;
#1795 = LINE ( 'NONE', #936, #932 ) ;
#1796 = DIRECTION ( 'NONE',  ( -4.180742545671762101E-15, -4.371140887755362005E-08, -0.9999999999999992228 ) ) ;
#1797 = CARTESIAN_POINT ( 'NONE',  ( -30.49987792968801514, -5.499931269881881413, 1.449999277977991108 ) ) ;
#1798 = DIRECTION ( 'NONE',  ( -0.000000000000000000, -0.000000000000000000, -1.000000000000000000 ) ) ;
#1799 = AXIS2_PLACEMENT_3D ( 'NONE', #3980, #3890, #1667 ) ;
#1800 = VERTEX_POINT ( 'NONE', #4932 ) ;
#1801 = DIRECTION ( 'NONE',  ( -0.000000000000000000, -0.000000000000000000, 1.000000000000000000 ) ) ;
#1802 = AXIS2_PLACEMENT_3D ( 'NONE', #5377, #2302, #1393 ) ;
#1803 = EDGE_CURVE ( 'NONE', #3149, #3578, #4444, .T. ) ;
#1804 = DIRECTION ( 'NONE',  ( -0.000000000000000000, 0.000000000000000000, -1.000000000000000000 ) ) ;
#1805 = ORIENTED_EDGE ( 'NONE', *, *, #492, .F. ) ;
#1806 = DIRECTION ( 'NONE',  ( -0.000000000000000000, 0.000000000000000000, 1.000000000000000000 ) ) ;
#1807 = ORIENTED_EDGE ( 'NONE', *, *, #4526, .T. ) ;
#1808 = ORIENTED_EDGE ( 'NONE', *, *, #2313, .F. ) ;
#1809 = ORIENTED_EDGE ( 'NONE', *, *, #1633, .F. ) ;
#1810 = CIRCLE ( 'NONE', #310, 3.500000000000003109 ) ;
#1811 = DIRECTION ( 'NONE',  ( 1.000000000000000000, 0.000000000000000000, -0.000000000000000000 ) ) ;
#1812 = CARTESIAN_POINT ( 'NONE',  ( 51.70808186218739166, -7.999931335448993153, 3.000000000000000000 ) ) ;
#1813 = EDGE_LOOP ( 'NONE', ( #3455, #2501, #3184, #4890 ) ) ;
#1814 = EDGE_CURVE ( 'NONE', #4804, #5136, #989, .T. ) ;
#1815 = ORIENTED_EDGE ( 'NONE', *, *, #1311, .F. ) ;
#1816 = AXIS2_PLACEMENT_3D ( 'NONE', #2267, #3523, #2235 ) ;
#1817 = ORIENTED_EDGE ( 'NONE', *, *, #4424, .F. ) ;
#1818 = LINE ( 'NONE', #3601, #2444 ) ;
#1819 = APPROVAL ( #1653, 'UNSPECIFIED' ) ;
#1820 = EDGE_CURVE ( 'NONE', #4542, #3943, #4845, .T. ) ;
#1821 = EDGE_CURVE ( 'NONE', #2599, #4749, #476, .T. ) ;
#1822 = EDGE_CURVE ( 'NONE', #5071, #1247, #40, .T. ) ;
#1823 = DIRECTION ( 'NONE',  ( 0.9999999998675463964, -1.627596612607036625E-05, 0.000000000000000000 ) ) ;
#1824 = FACE_OUTER_BOUND ( 'NONE', #3563, .T. ) ;
#1825 = EDGE_CURVE ( 'NONE', #4461, #1973, #3992, .T. ) ;
#1826 = FACE_OUTER_BOUND ( 'NONE', #758, .T. ) ;
#1827 = CARTESIAN_POINT ( 'NONE',  ( 60.99999999999999289, -65.99999999999998579, 3.000000000000000000 ) ) ;
#1828 = LINE ( 'NONE', #3613, #1794 ) ;
#1829 = VECTOR ( 'NONE', #3794, 1000.000000000000000 ) ;
#1830 = VERTEX_POINT ( 'NONE', #1757 ) ;
#1831 = VECTOR ( 'NONE', #2969, 999.9999999999998863 ) ;
#1832 = DIRECTION ( 'NONE',  ( 1.000000000000000000, 1.051347561198064835E-16, -0.000000000000000000 ) ) ;
#1833 = LINE ( 'NONE', #3198, #1944 ) ;
#1834 = VERTEX_POINT ( 'NONE', #503 ) ;
#1835 = VECTOR ( 'NONE', #2292, 1000.000000000000000 ) ;
#1836 = DIRECTION ( 'NONE',  ( -1.000000000000000000, 0.000000000000000000, 0.000000000000000000 ) ) ;
#1837 = EDGE_LOOP ( 'NONE', ( #4073, #4365, #4811, #589, #3516, #1451, #2687, #2123, #3223, #3672 ) ) ;
#1838 = ORIENTED_EDGE ( 'NONE', *, *, #5499, .F. ) ;
#1839 = ORIENTED_EDGE ( 'NONE', *, *, #3339, .F. ) ;
#1840 = FACE_OUTER_BOUND ( 'NONE', #684, .T. ) ;
#1841 = DIRECTION ( 'NONE',  ( -4.180742545671762101E-15, -4.371140887755362005E-08, -0.9999999999999992228 ) ) ;
#1842 = CYLINDRICAL_SURFACE ( 'NONE', #1314, 7.000000000000002665 ) ;
#1843 = ORIENTED_EDGE ( 'NONE', *, *, #1053, .F. ) ;
#1844 = ORIENTED_EDGE ( 'NONE', *, *, #2593, .F. ) ;
#1845 = VERTEX_POINT ( 'NONE', #2637 ) ;
#1846 = DIRECTION ( 'NONE',  ( -3.414809992080331981E-16, 1.000000000000000000, 0.000000000000000000 ) ) ;
#1847 = EDGE_CURVE ( 'NONE', #1343, #5474, #902, .T. ) ;
#1848 = CARTESIAN_POINT ( 'NONE',  ( 39.15992036961294076, -33.50120435612532077, 0.000000000000000000 ) ) ;
#1849 = AXIS2_PLACEMENT_3D ( 'NONE', #3048, #4817, #5729 ) ;
#1850 = DIRECTION ( 'NONE',  ( -0.000000000000000000, -0.000000000000000000, -1.000000000000000000 ) ) ;
#1851 = ADVANCED_FACE ( 'NONE', ( #416 ), #5274, .F. ) ;
#1852 = EDGE_CURVE ( 'NONE', #767, #4898, #2310, .T. ) ;
#1853 = FACE_OUTER_BOUND ( 'NONE', #834, .T. ) ;
#1854 = CARTESIAN_POINT ( 'NONE',  ( -66.00000000000001421, -66.00000000000000000, 3.000000000000000000 ) ) ;
#1855 = LINE ( 'NONE', #2206, #1225 ) ;
#1856 = AXIS2_PLACEMENT_3D ( 'NONE', #5692, #1717, #1655 ) ;
#1857 = DIRECTION ( 'NONE',  ( 0.000000000000000000, -0.9999999999999990008, 4.371140888484446276E-08 ) ) ;
#1858 = LINE ( 'NONE', #889, #1470 ) ;
#1859 = ORIENTED_EDGE ( 'NONE', *, *, #5743, .T. ) ;
#1860 = CARTESIAN_POINT ( 'NONE',  ( 55.67099752524903522, -31.34477664196644398, 1.450000407692233928 ) ) ;
#1861 = ORIENTED_EDGE ( 'NONE', *, *, #4691, .F. ) ;
#1862 = EDGE_LOOP ( 'NONE', ( #4707, #2351, #1695, #4018 ) ) ;
#1863 = PLANE ( 'NONE',  #5330 ) ;
#1864 = CARTESIAN_POINT ( 'NONE',  ( 14.95999999999997954, -26.50000000000002487, 1.450000195920390977 ) ) ;
#1865 = CARTESIAN_POINT ( 'NONE',  ( 14.95999999999997954, -26.50000000000002487, 0.000000000000000000 ) ) ;
#1866 = VECTOR ( 'NONE', #4251, 1000.000000000000000 ) ;
#1867 = VERTEX_POINT ( 'NONE', #85 ) ;
#1868 = VERTEX_POINT ( 'NONE', #3548 ) ;
#1869 = ORIENTED_EDGE ( 'NONE', *, *, #3838, .F. ) ;
#1870 = AXIS2_PLACEMENT_3D ( 'NONE', #292, #5297, #3891 ) ;
#1871 = AXIS2_PLACEMENT_3D ( 'NONE', #1411, #180, #1078 ) ;
#1872 = VECTOR ( 'NONE', #1289, 1000.000000000000000 ) ;
#1873 = LINE ( 'NONE', #2664, #3010 ) ;
#1874 = CIRCLE ( 'NONE', #5117, 0.5000000000000004441 ) ;
#1875 = EDGE_CURVE ( 'NONE', #4975, #4130, #2227, .T. ) ;
#1876 = CIRCLE ( 'NONE', #3360, 7.999999999999993783 ) ;
#1877 = CARTESIAN_POINT ( 'NONE',  ( -52.20808186218739166, -2.999931335448996261, 0.000000000000000000 ) ) ;
#1878 = CARTESIAN_POINT ( 'NONE',  ( -57.67498635059415335, -14.44500776255643437, 1.449999668980000322 ) ) ;
#1879 = DIRECTION ( 'NONE',  ( -1.000000000000000000, 0.000000000000000000, 0.000000000000000000 ) ) ;
#1880 = DIRECTION ( 'NONE',  ( 1.000000000000000000, 0.000000000000000000, 0.000000000000000000 ) ) ;
#1881 = CARTESIAN_POINT ( 'NONE',  ( 36.56186857255293887, -32.00116207012360547, 1.450000436384100810 ) ) ;
#1882 = EDGE_CURVE ( 'NONE', #5032, #4501, #904, .T. ) ;
#1883 = AXIS2_PLACEMENT_3D ( 'NONE', #3276, #4562, #559 ) ;
#1884 = EDGE_CURVE ( 'NONE', #4802, #1972, #4038, .T. ) ;
#1885 = CARTESIAN_POINT ( 'NONE',  ( 42.63424468637816744, -38.50126090477249363, 36.80533964865399810 ) ) ;
#1886 = DIRECTION ( 'NONE',  ( -1.000000000000000000, 0.000000000000000000, 4.180742545671766046E-15 ) ) ;
#1887 = DIRECTION ( 'NONE',  ( 1.000000000000000000, 0.000000000000000000, 0.000000000000000000 ) ) ;
#1888 = ADVANCED_FACE ( 'NONE', ( #2666 ), #444, .F. ) ;
#1889 = ORIENTED_EDGE ( 'NONE', *, *, #5014, .F. ) ;
#1890 = FACE_OUTER_BOUND ( 'NONE', #5541, .T. ) ;
#1891 = VECTOR ( 'NONE', #501, 1000.000000000000227 ) ;
#1892 = ORIENTED_EDGE ( 'NONE', *, *, #3638, .T. ) ;
#1893 = ORIENTED_EDGE ( 'NONE', *, *, #1199, .T. ) ;
#1894 = CARTESIAN_POINT ( 'NONE',  ( -53.71248359946253004, -31.76592310238540051, 1.450000426101598183 ) ) ;
#1895 =( LENGTH_UNIT ( ) NAMED_UNIT ( * ) SI_UNIT ( .MILLI., .METRE. ) );
#1896 = AXIS2_PLACEMENT_3D ( 'NONE', #5549, #197, #1008 ) ;
#1897 = ADVANCED_FACE ( 'NONE', ( #4008 ), #12, .F. ) ;
#1898 = CARTESIAN_POINT ( 'NONE',  ( -42.63478316982463667, -8.499931335448986047, 1.449999409112522342 ) ) ;
#1899 = CARTESIAN_POINT ( 'NONE',  ( -36.56205575617909176, -8.999931335448994929, 3.000000000000000000 ) ) ;
#1900 = ORIENTED_EDGE ( 'NONE', *, *, #4, .T. ) ;
#1901 = VERTEX_POINT ( 'NONE', #1374 ) ;
#1902 = EDGE_LOOP ( 'NONE', ( #3621, #302, #1197, #1302 ) ) ;
#1904 = ADVANCED_FACE ( 'NONE', ( #933 ), #2723, .F. ) ;
#1903 = LOCAL_TIME ( 9, 53, 22.00000000000000000, #5629 ) ;
#1905 = AXIS2_PLACEMENT_3D ( 'NONE', #2564, #2215, #5694 ) ;
#1906 = DIRECTION ( 'NONE',  ( -1.000000000000000000, -1.365923996832131215E-15, -0.000000000000000000 ) ) ;
#1907 = CARTESIAN_POINT ( 'NONE',  ( -42.63483199611572871, -38.49987306816863963, 0.000000000000000000 ) ) ;
#1908 = CARTESIAN_POINT ( 'NONE',  ( 37.42808115996353280, -9.499931335448994929, 0.000000000000000000 ) ) ;
#1909 = AXIS2_PLACEMENT_3D ( 'NONE', #4207, #267, #1109 ) ;
#1910 = DIRECTION ( 'NONE',  ( -4.180742545671762101E-15, -4.371140887755362005E-08, -0.9999999999999992228 ) ) ;
#1911 = LINE ( 'NONE', #4587, #5480 ) ;
#1912 = CARTESIAN_POINT ( 'NONE',  ( 39.16013196753240777, -3.499931335448990488, 1.449999190555139483 ) ) ;
#1913 = PLANE ( 'NONE',  #664 ) ;
#1914 = CARTESIAN_POINT ( 'NONE',  ( 35.21007646689140813, -52.94007753325929855, 0.000000000000000000 ) ) ;
#1915 = PLANE ( 'NONE',  #5189 ) ;
#1916 = CARTESIAN_POINT ( 'NONE',  ( -61.00000000000002132, 61.00000000000000000, 3.000000000000000000 ) ) ;
#1917 = ORIENTED_EDGE ( 'NONE', *, *, #4339, .T. ) ;
#1918 = ORIENTED_EDGE ( 'NONE', *, *, #2177, .T. ) ;
#1919 = ORIENTED_EDGE ( 'NONE', *, *, #5609, .F. ) ;
#1920 = EDGE_CURVE ( 'NONE', #20, #2284, #4169, .T. ) ;
#1921 = CARTESIAN_POINT ( 'NONE',  ( -56.25248347830570594, -31.76592310238539341, 0.000000000000000000 ) ) ;
#1922 = EDGE_CURVE ( 'NONE', #3791, #2210, #4610, .T. ) ;
#1923 = VECTOR ( 'NONE', #4149, 1000.000000000000000 ) ;
#1924 = CARTESIAN_POINT ( 'NONE',  ( 39.16013196753240777, -7.499931335448996705, 0.000000000000000000 ) ) ;
#1925 = DIRECTION ( 'NONE',  ( -4.180742545671762101E-15, -4.371140887755362005E-08, -0.9999999999999992228 ) ) ;
#1926 = EDGE_LOOP ( 'NONE', ( #971, #5750, #648, #3998 ) ) ;
#1927 = ADVANCED_FACE ( 'NONE', ( #634 ), #553, .F. ) ;
#1928 = ORIENTED_EDGE ( 'NONE', *, *, #2956, .T. ) ;
#1929 = ORIENTED_EDGE ( 'NONE', *, *, #5362, .T. ) ;
#1930 = CARTESIAN_POINT ( 'NONE',  ( 36.56175464079005621, -39.00116206919642536, 0.000000000000000000 ) ) ;
#1931 = EDGE_CURVE ( 'NONE', #5015, #3598, #2665, .T. ) ;
#1932 = FACE_OUTER_BOUND ( 'NONE', #161, .T. ) ;
#1933 = FACE_OUTER_BOUND ( 'NONE', #1366, .T. ) ;
#1934 = CARTESIAN_POINT ( 'NONE',  ( 4.574954986571961868, -57.07508182525601370, 1.450001532400338355 ) ) ;
#1935 = LINE ( 'NONE', #557, #5109 ) ;
#1936 = CARTESIAN_POINT ( 'NONE',  ( -39.16013196753240777, -7.499931335448996705, 3.000000000000000000 ) ) ;
#1937 = VECTOR ( 'NONE', #3107, 1000.000000000000000 ) ;
#1938 = EDGE_LOOP ( 'NONE', ( #4824, #2061, #710, #4249, #2071, #5345 ) ) ;
#1939 = CARTESIAN_POINT ( 'NONE',  ( -51.70808186218739166, -8.499931335448993153, 3.000000000000000000 ) ) ;
#1940 = AXIS2_PLACEMENT_3D ( 'NONE', #2349, #2729, #4095 ) ;
#1941 = CARTESIAN_POINT ( 'NONE',  ( -53.71248359946253004, -33.76592310238539341, 28.04134375730104622 ) ) ;
#1942 = CARTESIAN_POINT ( 'NONE',  ( 15.53999999999997961, -18.54000000000002757, 1.449999847977580636 ) ) ;
#1943 = EDGE_LOOP ( 'NONE', ( #4277, #4915, #2936, #5695, #4373, #4453 ) ) ;
#1944 = VECTOR ( 'NONE', #3530, 1000.000000000000000 ) ;
#1945 = ORIENTED_EDGE ( 'NONE', *, *, #105, .T. ) ;
#1946 = VERTEX_POINT ( 'NONE', #2803 ) ;
#1947 = DIRECTION ( 'NONE',  ( 0.000000000000000000, -0.000000000000000000, 1.000000000000000000 ) ) ;
#1948 = CARTESIAN_POINT ( 'NONE',  ( 58.50000000000000000, -55.00000000000000000, 3.000000000000000000 ) ) ;
#1949 = AXIS2_PLACEMENT_3D ( 'NONE', #2093, #1205, #2961 ) ;
#1950 = CARTESIAN_POINT ( 'NONE',  ( -66.00000000000001421, -61.00000000000000711, 0.000000000000000000 ) ) ;
#1951 = DIRECTION ( 'NONE',  ( 0.000000000000000000, -0.000000000000000000, 1.000000000000000000 ) ) ;
#1952 = VERTEX_POINT ( 'NONE', #1877 ) ;
#1953 = ORIENTED_EDGE ( 'NONE', *, *, #4452, .F. ) ;
#1954 = EDGE_CURVE ( 'NONE', #3733, #5467, #4199, .T. ) ;
#1955 = ORIENTED_EDGE ( 'NONE', *, *, #1520, .T. ) ;
#1956 = EDGE_CURVE ( 'NONE', #3765, #20, #4636, .T. ) ;
#1957 = CARTESIAN_POINT ( 'NONE',  ( -59.42498535135182181, 8.414991075098390283, 1.449998669737256218 ) ) ;
#1958 = VECTOR ( 'NONE', #1753, 1000.000000000000000 ) ;
#1959 = EDGE_CURVE ( 'NONE', #5071, #1746, #3769, .T. ) ;
#1960 = DIRECTION ( 'NONE',  ( 0.000000000000000000, 0.000000000000000000, 1.000000000000000000 ) ) ;
#1961 = DIRECTION ( 'NONE',  ( 0.000000000000000000, 1.000000000000000000, 0.000000000000000000 ) ) ;
#1962 = CIRCLE ( 'NONE', #4188, 0.5000000000000004441 ) ;
#1963 = DIRECTION ( 'NONE',  ( -0.000000000000000000, -0.000000000000000000, -1.000000000000000000 ) ) ;
#1964 = AXIS2_PLACEMENT_3D ( 'NONE', #2019, #754, #1162 ) ;
#1965 = CIRCLE ( 'NONE', #4100, 1.000000000000001776 ) ;
#1966 = DIRECTION ( 'NONE',  ( 3.414809992080329023E-16, -0.9999999999999991118, 4.371140887755362005E-08 ) ) ;
#1967 = DIRECTION ( 'NONE',  ( 0.000000000000000000, 0.000000000000000000, -1.000000000000000000 ) ) ;
#1968 = VERTEX_POINT ( 'NONE', #1989 ) ;
#1969 = DIRECTION ( 'NONE',  ( -0.9999999998675465074, 1.627596612607113536E-05, 0.000000000000000000 ) ) ;
#1970 = DIRECTION ( 'NONE',  ( 0.000000000000000000, 0.000000000000000000, 1.000000000000000000 ) ) ;
#1971 = DIRECTION ( 'NONE',  ( 0.000000000000000000, -0.9999999999999991118, 4.371140884147631631E-08 ) ) ;
#1972 = VERTEX_POINT ( 'NONE', #2773 ) ;
#1973 = VERTEX_POINT ( 'NONE', #4555 ) ;
#1974 = VERTEX_POINT ( 'NONE', #5091 ) ;
#1975 = DIRECTION ( 'NONE',  ( 1.000000000000000000, 1.994248318681190000E-16, -4.180742554388906240E-15 ) ) ;
#1976 = CARTESIAN_POINT ( 'NONE',  ( 58.50000000000000000, 55.00000000000000711, 3.000000000000000000 ) ) ;
#1977 = ADVANCED_FACE ( 'NONE', ( #1933 ), #199, .F. ) ;
#1978 = DIRECTION ( 'NONE',  ( 0.000000000000000000, -0.000000000000000000, 1.000000000000000000 ) ) ;
#1979 = CIRCLE ( 'NONE', #4205, 2.999999999999995559 ) ;
#1980 = FACE_OUTER_BOUND ( 'NONE', #968, .T. ) ;
#1981 = ORIENTED_EDGE ( 'NONE', *, *, #5152, .F. ) ;
#1982 = CARTESIAN_POINT ( 'NONE',  ( -56.25248347830570594, -33.76592310238539341, 0.000000000000000000 ) ) ;
#1983 = ORIENTED_EDGE ( 'NONE', *, *, #2878, .T. ) ;
#1984 = ORIENTED_EDGE ( 'NONE', *, *, #2319, .T. ) ;
#1985 = AXIS2_PLACEMENT_3D ( 'NONE', #4324, #4413, #3482 ) ;
#1986 = CARTESIAN_POINT ( 'NONE',  ( 36.56205575617909176, -1.999931335448993597, 3.000000000000000000 ) ) ;
#1987 = EDGE_CURVE ( 'NONE', #5610, #4133, #1540, .T. ) ;
#1988 = CIRCLE ( 'NONE', #4591, 8.000000000000000000 ) ;
#1989 = CARTESIAN_POINT ( 'NONE',  ( -52.05794142393945378, -32.64231721533453623, 0.000000000000000000 ) ) ;
#1990 = CARTESIAN_POINT ( 'NONE',  ( -53.71248359946253004, -45.92592313267459048, 0.000000000000000000 ) ) ;
#1991 = EDGE_CURVE ( 'NONE', #2527, #2146, #5035, .T. ) ;
#1992 = ADVANCED_FACE ( 'NONE', ( #3743 ), #5496, .F. ) ;
#1993 = VECTOR ( 'NONE', #4203, 1000.000000000000000 ) ;
#1994 = FACE_OUTER_BOUND ( 'NONE', #3277, .T. ) ;
#1995 = DIRECTION ( 'NONE',  ( -0.000000000000000000, 0.000000000000000000, 1.000000000000000000 ) ) ;
#1996 = DIRECTION ( 'NONE',  ( 0.000000000000000000, -0.9999999999999991118, 4.371140884147631631E-08 ) ) ;
#1997 = AXIS2_PLACEMENT_3D ( 'NONE', #4582, #4016, #1765 ) ;
#1998 = ORIENTED_EDGE ( 'NONE', *, *, #5317, .T. ) ;
#1999 = DIRECTION ( 'NONE',  ( -1.000000000000000000, 0.000000000000000000, 0.000000000000000000 ) ) ;
#2000 = CARTESIAN_POINT ( 'NONE',  ( 41.99999999999999289, 28.00000000000006395, 0.000000000000000000 ) ) ;
#2001 = DIRECTION ( 'NONE',  ( -1.000000000000000000, 0.000000000000000000, 0.000000000000000000 ) ) ;
#2002 = ORIENTED_EDGE ( 'NONE', *, *, #1351, .F. ) ;
#2003 = VERTEX_POINT ( 'NONE', #1456 ) ;
#2004 = VERTEX_POINT ( 'NONE', #2860 ) ;
#2005 = CARTESIAN_POINT ( 'NONE',  ( 60.99999999999999289, 61.00000000000003553, 0.000000000000000000 ) ) ;
#2006 = VECTOR ( 'NONE', #1635, 1000.000000000000000 ) ;
#2007 = DIRECTION ( 'NONE',  ( 0.000000000000000000, 0.000000000000000000, -1.000000000000000000 ) ) ;
#2008 = DIRECTION ( 'NONE',  ( -0.000000000000000000, 0.000000000000000000, -1.000000000000000000 ) ) ;
#2009 = CARTESIAN_POINT ( 'NONE',  ( 31.71453800660105316, -20.13675966251838645, 28.04134375730104622 ) ) ;
#2010 = VERTEX_POINT ( 'NONE', #2339 ) ;
#2011 = DIRECTION ( 'NONE',  ( -0.000000000000000000, 0.000000000000000000, -1.000000000000000000 ) ) ;
#2012 = VERTEX_POINT ( 'NONE', #663 ) ;
#2013 = EDGE_LOOP ( 'NONE', ( #1039 ) ) ;
#2014 = DIRECTION ( 'NONE',  ( -0.000000000000000000, -0.000000000000000000, -1.000000000000000000 ) ) ;
#2015 = AXIS2_PLACEMENT_3D ( 'NONE', #652, #1978, #679 ) ;
#2016 = LINE ( 'NONE', #5668, #2840 ) ;
#2017 = CARTESIAN_POINT ( 'NONE',  ( -66.00000000000001421, -66.00000000000000000, 0.000000000000000000 ) ) ;
#2018 = EDGE_CURVE ( 'NONE', #4485, #903, #4893, .T. ) ;
#2019 = CARTESIAN_POINT ( 'NONE',  ( -8.924942016602040340, -55.62510013580300949, 28.04134375730104622 ) ) ;
#2020 = DIRECTION ( 'NONE',  ( 0.000000000000000000, 0.000000000000000000, -1.000000000000000000 ) ) ;
#2021 = CARTESIAN_POINT ( 'NONE',  ( 47.02500206014519790, -40.76931592906048962, 28.04134375730104622 ) ) ;
#2022 = EDGE_CURVE ( 'NONE', #2715, #5136, #3212, .T. ) ;
#2023 = EDGE_LOOP ( 'NONE', ( #1059, #4445, #82, #2974, #5539, #2761, #5204, #3881 ) ) ;
#2024 = EDGE_CURVE ( 'NONE', #4944, #3210, #5441, .T. ) ;
#2025 = CARTESIAN_POINT ( 'NONE',  ( -53.71248359946253004, -33.76592310238539341, 0.000000000000000000 ) ) ;
#2026 = PLANE ( 'NONE',  #3958 ) ;
#2027 = CARTESIAN_POINT ( 'NONE',  ( 36.56205575617909176, -8.999931335448998482, 1.449999430967899405 ) ) ;
#2028 = VERTEX_POINT ( 'NONE', #1011 ) ;
#2029 = CIRCLE ( 'NONE', #1183, 7.000000000000002665 ) ;
#2030 = ORIENTED_EDGE ( 'NONE', *, *, #2047, .T. ) ;
#2031 = ORIENTED_EDGE ( 'NONE', *, *, #3081, .T. ) ;
#2032 = CARTESIAN_POINT ( 'NONE',  ( 39.15983898978127797, -38.50120435546305941, 1.450000720510095764 ) ) ;
#2033 = CYLINDRICAL_SURFACE ( 'NONE', #2113, 12.50000000000000355 ) ;
#2034 = AXIS2_PLACEMENT_3D ( 'NONE', #3376, #2941, #3060 ) ;
#2035 = DIRECTION ( 'NONE',  ( -1.000000000000000000, 0.000000000000000000, 0.000000000000000000 ) ) ;
#2036 = ORIENTED_EDGE ( 'NONE', *, *, #173, .F. ) ;
#2037 = CARTESIAN_POINT ( 'NONE',  ( -8.924942016602040340, -57.37510013580300949, 28.04134375730104622 ) ) ;
#2038 = ORIENTED_EDGE ( 'NONE', *, *, #3426, .F. ) ;
#2039 = VERTEX_POINT ( 'NONE', #4583 ) ;
#2040 = VECTOR ( 'NONE', #1678, 1000.000000000000000 ) ;
#2041 = CARTESIAN_POINT ( 'NONE',  ( -39.16013196753240067, -3.499931335448993597, 1.449999190555467221 ) ) ;
#2042 = AXIS2_PLACEMENT_3D ( 'NONE', #4852, #5651, #3462 ) ;
#2043 = ORIENTED_EDGE ( 'NONE', *, *, #2923, .F. ) ;
#2044 = CARTESIAN_POINT ( 'NONE',  ( 51.70808186218739166, -7.499931335448993153, 0.000000000000000000 ) ) ;
#2045 = EDGE_CURVE ( 'NONE', #2653, #1506, #582, .T. ) ;
#2046 = FACE_OUTER_BOUND ( 'NONE', #3627, .T. ) ;
#2047 = EDGE_CURVE ( 'NONE', #3244, #4204, #256, .T. ) ;
#2048 = DIRECTION ( 'NONE',  ( -1.000000000000000000, 0.000000000000000000, 0.000000000000000000 ) ) ;
#2049 = LINE ( 'NONE', #2546, #1042 ) ;
#2050 = CIRCLE ( 'NONE', #4839, 2.000000000000003553 ) ;
#2051 = DIRECTION ( 'NONE',  ( -0.9999999998675463964, 1.627596612567151538E-05, -7.072646676513224198E-13 ) ) ;
#2052 = VECTOR ( 'NONE', #2790, 1000.000000000000000 ) ;
#2053 = ORIENTED_EDGE ( 'NONE', *, *, #1009, .F. ) ;
#2054 = LINE ( 'NONE', #3019, #1399 ) ;
#2055 = CIRCLE ( 'NONE', #4099, 1.999999999999996669 ) ;
#2056 = CIRCLE ( 'NONE', #1216, 7.000000000000002665 ) ;
#2057 = DIRECTION ( 'NONE',  ( -0.000000000000000000, -0.000000000000000000, -1.000000000000000000 ) ) ;
#2058 = ADVANCED_FACE ( 'NONE', ( #784 ), #5584, .T. ) ;
#2059 = DIRECTION ( 'NONE',  ( 0.000000000000000000, -0.000000000000000000, 1.000000000000000000 ) ) ;
#2060 = CARTESIAN_POINT ( 'NONE',  ( -51.70808186218739166, -8.499931335448993153, 0.000000000000000000 ) ) ;
#2061 = ORIENTED_EDGE ( 'NONE', *, *, #850, .F. ) ;
#2062 = VECTOR ( 'NONE', #3813, 1000.000000000000000 ) ;
#2063 = ORIENTED_EDGE ( 'NONE', *, *, #1741, .T. ) ;
#2064 = EDGE_LOOP ( 'NONE', ( #1649, #1955, #3912, #701 ) ) ;
#2065 = EDGE_CURVE ( 'NONE', #1830, #5474, #2108, .T. ) ;
#2066 = DIRECTION ( 'NONE',  ( 1.000000000000000000, -4.163336342344339393E-15, 0.000000000000000000 ) ) ;
#2067 = ADVANCED_FACE ( 'NONE', ( #5550 ), #5638, .F. ) ;
#2068 = EDGE_CURVE ( 'NONE', #598, #3895, #1662, .T. ) ;
#2069 = CARTESIAN_POINT ( 'NONE',  ( 51.70808186218739166, -2.999931335448996261, 3.000000000000000000 ) ) ;
#2070 = CYLINDRICAL_SURFACE ( 'NONE', #2034, 12.50000000000000355 ) ;
#2071 = ORIENTED_EDGE ( 'NONE', *, *, #3570, .F. ) ;
#2072 = DIRECTION ( 'NONE',  ( 1.000000000000000000, 0.000000000000000000, 0.000000000000000000 ) ) ;
#2073 = ORIENTED_EDGE ( 'NONE', *, *, #2707, .F. ) ;
#2074 = ORIENTED_EDGE ( 'NONE', *, *, #5150, .T. ) ;
#2075 = EDGE_CURVE ( 'NONE', #5514, #4705, #1188, .T. ) ;
#2076 = FACE_OUTER_BOUND ( 'NONE', #4672, .T. ) ;
#2077 = CIRCLE ( 'NONE', #3007, 0.5000000000000004441 ) ;
#2078 = EDGE_CURVE ( 'NONE', #796, #5089, #3478, .T. ) ;
#2079 = ORIENTED_EDGE ( 'NONE', *, *, #3449, .T. ) ;
#2080 = LINE ( 'NONE', #2571, #3405 ) ;
#2081 = AXIS2_PLACEMENT_3D ( 'NONE', #387, #5675, #1699 ) ;
#2082 = DIRECTION ( 'NONE',  ( 1.000000000000000000, 0.000000000000000000, 0.000000000000000000 ) ) ;
#2083 = DIRECTION ( 'NONE',  ( -0.000000000000000000, -0.000000000000000000, 1.000000000000000000 ) ) ;
#2084 = AXIS2_PLACEMENT_3D ( 'NONE', #4835, #4925, #1811 ) ;
#2085 = CARTESIAN_POINT ( 'NONE',  ( -39.16013196753240777, -7.499931335448996705, 0.000000000000000000 ) ) ;
#2086 = CARTESIAN_POINT ( 'NONE',  ( 39.15983898978230826, -38.50120435546305941, 0.000000000000000000 ) ) ;
#2087 = CARTESIAN_POINT ( 'NONE',  ( -59.42498535135182181, 8.414992237443547296, 28.04134375730104622 ) ) ;
#2088 = EDGE_LOOP ( 'NONE', ( #334, #744, #2269, #369 ) ) ;
#2089 = CYLINDRICAL_SURFACE ( 'NONE', #1631, 2.999999999999995559 ) ;
#2090 = CIRCLE ( 'NONE', #3857, 3.000000000000000444 ) ;
#2091 = DIRECTION ( 'NONE',  ( 4.180742545671762101E-15, 4.371140887755362005E-08, 0.9999999999999992228 ) ) ;
#2092 = CARTESIAN_POINT ( 'NONE',  ( 30.49987792968802225, -35.50007057189900195, 1.450000589326344569 ) ) ;
#2093 = CARTESIAN_POINT ( 'NONE',  ( 51.70808186218739166, -2.999931335448996261, 0.000000000000000000 ) ) ;
#2094 = ORIENTED_EDGE ( 'NONE', *, *, #386, .F. ) ;
#2095 = VERTEX_POINT ( 'NONE', #1600 ) ;
#2096 = ORIENTED_EDGE ( 'NONE', *, *, #3466, .F. ) ;
#2097 = CARTESIAN_POINT ( 'NONE',  ( 8.999999999999976907, -18.54000000000002757, 28.04134375730104622 ) ) ;
#2098 = PERSON_AND_ORGANIZATION_ROLE ( 'creator' ) ;
#2099 = EDGE_CURVE ( 'NONE', #158, #158, #1255, .T. ) ;
#2100 = CARTESIAN_POINT ( 'NONE',  ( -56.25248347830570594, -45.92592313267459048, 28.04134375730104622 ) ) ;
#2101 = DIRECTION ( 'NONE',  ( 0.000000000000000000, -0.9999999999999990008, 4.371140888484446938E-08 ) ) ;
#2102 = VERTEX_POINT ( 'NONE', #2044 ) ;
#2103 = CARTESIAN_POINT ( 'NONE',  ( -42.00000000000000000, 46.00000000000000000, 0.000000000000000000 ) ) ;
#2104 = ORIENTED_EDGE ( 'NONE', *, *, #3770, .T. ) ;
#2105 = EDGE_CURVE ( 'NONE', #5079, #1506, #2016, .T. ) ;
#2106 = FACE_OUTER_BOUND ( 'NONE', #513, .T. ) ;
#2107 = EDGE_CURVE ( 'NONE', #3800, #3792, #5154, .T. ) ;
#2108 = CIRCLE ( 'NONE', #2463, 0.5000000000000004441 ) ;
#2109 = ORIENTED_EDGE ( 'NONE', *, *, #4469, .F. ) ;
#2110 = CARTESIAN_POINT ( 'NONE',  ( 51.70808186218739166, -2.999931335448996261, 0.000000000000000000 ) ) ;
#2111 = DIRECTION ( 'NONE',  ( 0.000000000000000000, -0.9999999999999990008, 4.371140884147636263E-08 ) ) ;
#2112 = DIRECTION ( 'NONE',  ( 0.9999999999999961142, 8.742277677795539484E-08, -8.002115286624055570E-15 ) ) ;
#2113 = AXIS2_PLACEMENT_3D ( 'NONE', #4682, #1089, #2879 ) ;
#2114 = DIRECTION ( 'NONE',  ( -1.000000000000000000, 0.000000000000000000, 0.000000000000000000 ) ) ;
#2115 = AXIS2_PLACEMENT_3D ( 'NONE', #222, #2011, #314 ) ;
#2116 = DIRECTION ( 'NONE',  ( -0.000000000000000000, -0.000000000000000000, -1.000000000000000000 ) ) ;
#2117 = DIRECTION ( 'NONE',  ( 0.000000000000000000, -1.000000000000000000, 0.000000000000000000 ) ) ;
#2118 = ORIENTED_EDGE ( 'NONE', *, *, #4392, .F. ) ;
#2119 = DIRECTION ( 'NONE',  ( -1.000000000000000000, 0.000000000000000000, 4.180742545671766046E-15 ) ) ;
#2120 = DIRECTION ( 'NONE',  ( 1.000000000000000000, 0.000000000000000000, 0.000000000000000000 ) ) ;
#2121 = PLANE ( 'NONE',  #547 ) ;
#2122 = CARTESIAN_POINT ( 'NONE',  ( 53.13099752524905028, -29.59477641991259489, 0.000000000000000000 ) ) ;
#2123 = ORIENTED_EDGE ( 'NONE', *, *, #1312, .T. ) ;
#2124 = ORIENTED_EDGE ( 'NONE', *, *, #4318, .F. ) ;
#2125 = EDGE_LOOP ( 'NONE', ( #111, #1730, #5351, #4398 ) ) ;
#2126 = CARTESIAN_POINT ( 'NONE',  ( 50.52500206014519790, -33.14931592906049218, 0.000000000000000000 ) ) ;
#2127 = CARTESIAN_POINT ( 'NONE',  ( -51.70827717210491414, -32.49972538828756541, 0.000000000000000000 ) ) ;
#2128 = CARTESIAN_POINT ( 'NONE',  ( -56.25248347830570594, -31.76592310238539341, 0.000000000000000000 ) ) ;
#2129 = ORIENTED_EDGE ( 'NONE', *, *, #1311, .T. ) ;
#2130 = CARTESIAN_POINT ( 'NONE',  ( -39.16013196753240777, -3.499931335448993597, 0.000000000000000000 ) ) ;
#2131 = ORIENTED_EDGE ( 'NONE', *, *, #2951, .T. ) ;
#2132 = ORIENTED_EDGE ( 'NONE', *, *, #3058, .F. ) ;
#2133 = VECTOR ( 'NONE', #3713, 1000.000000000000227 ) ;
#2134 = DIRECTION ( 'NONE',  ( -4.180742545671762101E-15, -4.371140887755362005E-08, -0.9999999999999992228 ) ) ;
#2135 = EDGE_CURVE ( 'NONE', #946, #826, #1158, .T. ) ;
#2136 = VERTEX_POINT ( 'NONE', #4250 ) ;
#2137 = CARTESIAN_POINT ( 'NONE',  ( -51.70829344807104633, -33.49972538815511314, 0.000000000000000000 ) ) ;
#2138 = ORIENTED_EDGE ( 'NONE', *, *, #4969, .T. ) ;
#2139 = AXIS2_PLACEMENT_3D ( 'NONE', #2899, #2375, #4208 ) ;
#2140 = FACE_OUTER_BOUND ( 'NONE', #2364, .T. ) ;
#2141 = FACE_OUTER_BOUND ( 'NONE', #2714, .T. ) ;
#2142 = EDGE_CURVE ( 'NONE', #2012, #5655, #2080, .T. ) ;
#2143 = EDGE_CURVE ( 'NONE', #1783, #2402, #811, .T. ) ;
#2144 = DIRECTION ( 'NONE',  ( 0.000000000000000000, 0.000000000000000000, 1.000000000000000000 ) ) ;
#2145 = CARTESIAN_POINT ( 'NONE',  ( -30.49987792968801514, -5.499931269881881413, 1.449999277977991108 ) ) ;
#2146 = VERTEX_POINT ( 'NONE', #3824 ) ;
#2147 = CARTESIAN_POINT ( 'NONE',  ( -30.49987792968802225, -5.499931335448994929, 1.449999277978248680 ) ) ;
#2148 = LINE ( 'NONE', #3929, #4383 ) ;
#2149 = DIRECTION ( 'NONE',  ( -1.000000000000000000, 0.000000000000000000, 0.000000000000000000 ) ) ;
#2150 = PLANE ( 'NONE',  #4768 ) ;
#2151 = ORIENTED_EDGE ( 'NONE', *, *, #3342, .F. ) ;
#2152 = ORIENTED_EDGE ( 'NONE', *, *, #4873, .F. ) ;
#2153 = ORIENTED_EDGE ( 'NONE', *, *, #5642, .F. ) ;
#2154 = VECTOR ( 'NONE', #2581, 1000.000000000000000 ) ;
#2155 = FACE_OUTER_BOUND ( 'NONE', #2455, .T. ) ;
#2156 = CARTESIAN_POINT ( 'NONE',  ( -42.00000000000000000, 46.00000000000000000, 0.000000000000000000 ) ) ;
#2157 = VECTOR ( 'NONE', #56, 1000.000000000000000 ) ;
#2158 = CARTESIAN_POINT ( 'NONE',  ( 51.70787840058896734, -33.00140858619899120, 0.000000000000000000 ) ) ;
#2159 = AXIS2_PLACEMENT_3D ( 'NONE', #3330, #2485, #2582 ) ;
#2160 = ORIENTED_EDGE ( 'NONE', *, *, #3139, .F. ) ;
#2161 = PLANE ( 'NONE',  #120 ) ;
#2162 = ORIENTED_EDGE ( 'NONE', *, *, #1920, .T. ) ;
#2163 = ORIENTED_EDGE ( 'NONE', *, *, #4198, .F. ) ;
#2164 = PLANE ( 'NONE',  #2084 ) ;
#2165 = EDGE_LOOP ( 'NONE', ( #4700, #1918, #5104, #4882 ) ) ;
#2166 = FACE_OUTER_BOUND ( 'NONE', #1122, .T. ) ;
#2167 = ORIENTED_EDGE ( 'NONE', *, *, #5068, .F. ) ;
#2168 = VECTOR ( 'NONE', #938, 1000.000000000000000 ) ;
#2169 = EDGE_CURVE ( 'NONE', #1531, #1531, #5161, .T. ) ;
#2170 = DIRECTION ( 'NONE',  ( -0.000000000000000000, -0.000000000000000000, -1.000000000000000000 ) ) ;
#2171 = CARTESIAN_POINT ( 'NONE',  ( -39.16013196753240777, -0.4999313354489935968, 1.449999059421240410 ) ) ;
#2172 = AXIS2_PLACEMENT_3D ( 'NONE', #3419, #1637, #2112 ) ;
#2173 = DIRECTION ( 'NONE',  ( -0.000000000000000000, -0.000000000000000000, -1.000000000000000000 ) ) ;
#2174 = DIRECTION ( 'NONE',  ( 0.000000000000000000, 0.000000000000000000, 1.000000000000000000 ) ) ;
#2175 = APPROVAL ( #3436, 'UNSPECIFIED' ) ;
#2176 = ORIENTED_EDGE ( 'NONE', *, *, #939, .T. ) ;
#2177 = EDGE_CURVE ( 'NONE', #2720, #4189, #4321, .T. ) ;
#2178 = PLANE ( 'NONE',  #2983 ) ;
#2179 = EDGE_CURVE ( 'NONE', #3252, #3377, #327, .T. ) ;
#2180 = CARTESIAN_POINT ( 'NONE',  ( -42.83905219599951408, -33.49986974362531811, 36.80533964865399810 ) ) ;
#2181 = CARTESIAN_POINT ( 'NONE',  ( 30.49987792968802225, -5.499931335448994929, 0.000000000000000000 ) ) ;
#2182 = DIRECTION ( 'NONE',  ( 0.9999999998675463964, -1.627596612607036625E-05, 0.000000000000000000 ) ) ;
#2183 = ORIENTED_EDGE ( 'NONE', *, *, #5218, .T. ) ;
#2184 = VECTOR ( 'NONE', #3445, 1000.000000000000000 ) ;
#2185 = ORIENTED_EDGE ( 'NONE', *, *, #4142, .F. ) ;
#2186 = ORIENTED_EDGE ( 'NONE', *, *, #4837, .F. ) ;
#2187 = CYLINDRICAL_SURFACE ( 'NONE', #96, 0.5000000000000004441 ) ;
#2188 = CARTESIAN_POINT ( 'NONE',  ( 41.99999999999999289, 28.00000000000006395, 0.000000000000000000 ) ) ;
#2189 = CARTESIAN_POINT ( 'NONE',  ( -61.00000000000002132, 61.00000000000000000, 0.000000000000000000 ) ) ;
#2190 = ORIENTED_EDGE ( 'NONE', *, *, #2286, .F. ) ;
#2191 = CARTESIAN_POINT ( 'NONE',  ( 39.15980643785005100, -40.50120435519815487, 1.450000807932913860 ) ) ;
#2192 = AXIS2_PLACEMENT_3D ( 'NONE', #1941, #2898, #4675 ) ;
#2193 = ORIENTED_EDGE ( 'NONE', *, *, #3274, .F. ) ;
#2194 = ORIENTED_EDGE ( 'NONE', *, *, #3225, .F. ) ;
#2195 = DIRECTION ( 'NONE',  ( 1.000000000000000000, 0.000000000000000000, 0.000000000000000000 ) ) ;
#2196 = ORIENTED_EDGE ( 'NONE', *, *, #5328, .T. ) ;
#2197 = DIRECTION ( 'NONE',  ( 0.000000000000000000, -0.000000000000000000, 1.000000000000000000 ) ) ;
#2198 = FACE_OUTER_BOUND ( 'NONE', #810, .T. ) ;
#2199 = VECTOR ( 'NONE', #3887, 1000.000000000000000 ) ;
#2200 = DIRECTION ( 'NONE',  ( -1.000000000000000000, 0.000000000000000000, 0.000000000000000000 ) ) ;
#2201 = ORIENTED_EDGE ( 'NONE', *, *, #3273, .T. ) ;
#2202 = CARTESIAN_POINT ( 'NONE',  ( 52.20779702069211226, -38.00141672351978883, 0.000000000000000000 ) ) ;
#2203 = EDGE_CURVE ( 'NONE', #1845, #26, #320, .T. ) ;
#2204 = DIRECTION ( 'NONE',  ( 0.000000000000000000, 0.000000000000000000, 1.000000000000000000 ) ) ;
#2205 = DIRECTION ( 'NONE',  ( 1.000000000000000000, 0.000000000000000000, 0.000000000000000000 ) ) ;
#2206 = CARTESIAN_POINT ( 'NONE',  ( 10.99999999999997513, -11.46000000000002927, 28.04134375730104622 ) ) ;
#2207 = CARTESIAN_POINT ( 'NONE',  ( 42.00000000000000000, 46.00000000000001421, 3.000000000000000000 ) ) ;
#2208 = ORIENTED_EDGE ( 'NONE', *, *, #4905, .T. ) ;
#2209 = EDGE_CURVE ( 'NONE', #3978, #3571, #2938, .T. ) ;
#2210 = VERTEX_POINT ( 'NONE', #2137 ) ;
#2211 = DIRECTION ( 'NONE',  ( -1.000000000000000000, 0.000000000000000000, 0.000000000000000000 ) ) ;
#2212 = CARTESIAN_POINT ( 'NONE',  ( 17.49999999999998224, -26.50000000000002842, 1.450000195920380541 ) ) ;
#2213 = DIRECTION ( 'NONE',  ( -0.000000000000000000, 0.000000000000000000, 1.000000000000000000 ) ) ;
#2214 = VERTEX_POINT ( 'NONE', #4351 ) ;
#2215 = DIRECTION ( 'NONE',  ( -0.000000000000000000, -0.000000000000000000, 1.000000000000000000 ) ) ;
#2216 = EDGE_LOOP ( 'NONE', ( #4455 ) ) ;
#2217 = EDGE_LOOP ( 'NONE', ( #2096, #2183, #75, #243 ) ) ;
#2218 = CARTESIAN_POINT ( 'NONE',  ( 10.99999999999997513, -11.46000000000002927, 0.000000000000000000 ) ) ;
#2219 = ADVANCED_FACE ( 'NONE', ( #2166 ), #3946, .F. ) ;
#2220 = PLANE ( 'NONE',  #2622 ) ;
#2221 = VERTEX_POINT ( 'NONE', #378 ) ;
#2222 = CARTESIAN_POINT ( 'NONE',  ( 51.83157107505930128, -32.51694999944220399, 0.000000000000000000 ) ) ;
#2223 = DIRECTION ( 'NONE',  ( -0.000000000000000000, 0.000000000000000000, -1.000000000000000000 ) ) ;
#2224 = AXIS2_PLACEMENT_3D ( 'NONE', #4963, #1801, #5423 ) ;
#2225 = ADVANCED_FACE ( 'NONE', ( #3865 ), #759, .F. ) ;
#2226 = CIRCLE ( 'NONE', #4552, 1.750000000000001554 ) ;
#2227 = LINE ( 'NONE', #874, #5276 ) ;
#2228 = VERTEX_POINT ( 'NONE', #1731 ) ;
#2229 = DIRECTION ( 'NONE',  ( 1.000000000000000000, 0.000000000000000000, 0.000000000000000000 ) ) ;
#2230 = EDGE_CURVE ( 'NONE', #3201, #74, #4330, .T. ) ;
#2231 = CIRCLE ( 'NONE', #5466, 1.000000000000001776 ) ;
#2232 = LINE ( 'NONE', #4012, #3644 ) ;
#2233 = CARTESIAN_POINT ( 'NONE',  ( -39.16040865894258616, -37.49992961763273769, 0.000000000000000000 ) ) ;
#2234 = DIRECTION ( 'NONE',  ( -4.180742545671762101E-15, -4.371140887755362005E-08, -0.9999999999999992228 ) ) ;
#2235 = DIRECTION ( 'NONE',  ( 0.000000000000000000, -0.9999999999999991118, 4.371140884147635601E-08 ) ) ;
#2236 = EDGE_LOOP ( 'NONE', ( #4718, #110, #2151, #1258 ) ) ;
#2237 = EDGE_LOOP ( 'NONE', ( #483, #3286, #4370, #4597 ) ) ;
#2238 = CIRCLE ( 'NONE', #1396, 2.999999999999998668 ) ;
#2239 = ADVANCED_FACE ( 'NONE', ( #5220 ), #2089, .F. ) ;
#2240 = DIRECTION ( 'NONE',  ( -1.000000000000000000, 0.000000000000000000, 0.000000000000000000 ) ) ;
#2241 = DIRECTION ( 'NONE',  ( 0.000000000000000000, -0.9999999999999991118, 4.371140884147639571E-08 ) ) ;
#2242 = ORIENTED_EDGE ( 'NONE', *, *, #5263, .T. ) ;
#2243 = CARTESIAN_POINT ( 'NONE',  ( 39.15993664557905873, -32.50120435625778015, 3.000000000000000000 ) ) ;
#2244 = CIRCLE ( 'NONE', #5475, 12.50000000000000000 ) ;
#2245 = EDGE_LOOP ( 'NONE', ( #3208, #1328, #1843, #5462 ) ) ;
#2246 = EDGE_CURVE ( 'NONE', #1952, #4944, #5618, .T. ) ;
#2247 = VERTEX_POINT ( 'NONE', #697 ) ;
#2248 = EDGE_LOOP ( 'NONE', ( #683, #5576, #3119, #3063 ) ) ;
#2249 = EDGE_CURVE ( 'NONE', #1558, #1558, #2372, .T. ) ;
#2250 = ADVANCED_FACE ( 'NONE', ( #358 ), #818, .F. ) ;
#2251 = EDGE_CURVE ( 'NONE', #2360, #5015, #2549, .T. ) ;
#2252 = FACE_BOUND ( 'NONE', #4139, .T. ) ;
#2253 = AXIS2_PLACEMENT_3D ( 'NONE', #591, #3247, #5422 ) ;
#2254 = CARTESIAN_POINT ( 'NONE',  ( 37.42777190647672825, -39.50117616453032809, 1.450000764220279903 ) ) ;
#2255 = ORIENTED_EDGE ( 'NONE', *, *, #2704, .F. ) ;
#2256 = EDGE_LOOP ( 'NONE', ( #4571, #3652, #4686, #4516 ) ) ;
#2257 = ORIENTED_EDGE ( 'NONE', *, *, #3961, .F. ) ;
#2258 = CIRCLE ( 'NONE', #381, 0.5000000000000004441 ) ;
#2259 = ADVANCED_FACE ( 'NONE', ( #3896 ), #2178, .F. ) ;
#2260 = DIRECTION ( 'NONE',  ( -0.000000000000000000, -0.000000000000000000, -1.000000000000000000 ) ) ;
#2261 = DIRECTION ( 'NONE',  ( -1.000000000000000000, 0.000000000000000000, 0.000000000000000000 ) ) ;
#2262 = CARTESIAN_POINT ( 'NONE',  ( -37.99999999999998579, 50.00000000000002842, 0.000000000000000000 ) ) ;
#2263 = AXIS2_PLACEMENT_3D ( 'NONE', #422, #1380, #4910 ) ;
#2264 = CARTESIAN_POINT ( 'NONE',  ( 15.53999999999997783, -13.46000000000002927, 28.04134375730104622 ) ) ;
#2265 = CARTESIAN_POINT ( 'NONE',  ( 42.83884060894109780, -3.499931335448994485, 36.80533964865399810 ) ) ;
#2266 = CARTESIAN_POINT ( 'NONE',  ( -56.25248347830581963, -31.76592310238539341, 1.450000426101608841 ) ) ;
#2267 = CARTESIAN_POINT ( 'NONE',  ( 39.16013196753240777, -0.4999313354489935968, 1.449999059420913117 ) ) ;
#2268 = VECTOR ( 'NONE', #814, 1000.000000000000000 ) ;
#2269 = ORIENTED_EDGE ( 'NONE', *, *, #5428, .F. ) ;
#2270 = DIRECTION ( 'NONE',  ( 0.9999999999999961142, 8.742277677795539484E-08, -8.002115286624055570E-15 ) ) ;
#2271 = AXIS2_PLACEMENT_3D ( 'NONE', #3793, #1481, #3350 ) ;
#2272 = PLANE ( 'NONE',  #3068 ) ;
#2273 = EDGE_LOOP ( 'NONE', ( #920, #3973, #3524, #486 ) ) ;
#2274 = CARTESIAN_POINT ( 'NONE',  ( 51.70787840058896734, -33.00140858619899120, 1.450000480105966938 ) ) ;
#2275 = ORIENTED_EDGE ( 'NONE', *, *, #4526, .F. ) ;
#2276 = EDGE_LOOP ( 'NONE', ( #3762, #5338, #3755, #2386, #1114, #5319, #4376, #4247, #2499, #2909 ) ) ;
#2277 = EDGE_LOOP ( 'NONE', ( #1628, #3704, #1065, #3851 ) ) ;
#2278 = EDGE_CURVE ( 'NONE', #3347, #5450, #1200, .T. ) ;
#2279 = CIRCLE ( 'NONE', #4220, 1.750000000000003109 ) ;
#2280 = DIRECTION ( 'NONE',  ( 0.9999999999999961142, 8.742277677795539484E-08, -8.002115286624055570E-15 ) ) ;
#2281 = DIRECTION ( 'NONE',  ( 4.180742545671757368E-15, 4.371140887755362005E-08, 0.9999999999999991118 ) ) ;
#2282 = FACE_OUTER_BOUND ( 'NONE', #2412, .T. ) ;
#2283 = VERTEX_POINT ( 'NONE', #5706 ) ;
#2284 = VERTEX_POINT ( 'NONE', #5648 ) ;
#2285 = VECTOR ( 'NONE', #5495, 1000.000000000000227 ) ;
#2286 = EDGE_CURVE ( 'NONE', #4034, #5079, #2054, .T. ) ;
#2287 = ORIENTED_EDGE ( 'NONE', *, *, #2380, .T. ) ;
#2288 = DIRECTION ( 'NONE',  ( 1.000000000000000000, 0.000000000000000000, 0.000000000000000000 ) ) ;
#2289 = DIRECTION ( 'NONE',  ( -1.627596612607036964E-05, -0.9999999998675465074, 0.000000000000000000 ) ) ;
#2290 = CARTESIAN_POINT ( 'NONE',  ( 42.83864707157683682, -37.50126423148633847, 0.000000000000000000 ) ) ;
#2291 = CARTESIAN_POINT ( 'NONE',  ( 53.13099752524905028, -33.09477641991259844, 0.000000000000000000 ) ) ;
#2292 = DIRECTION ( 'NONE',  ( -0.000000000000000000, -0.000000000000000000, -1.000000000000000000 ) ) ;
#2293 = DIRECTION ( 'NONE',  ( 0.000000000000000000, -0.9999999999999991118, 4.371140884147631631E-08 ) ) ;
#2294 = AXIS2_PLACEMENT_3D ( 'NONE', #1654, #5518, #190 ) ;
#2295 = CARTESIAN_POINT ( 'NONE',  ( -56.25248347830581963, -45.92592313267459048, 1.450001045055160365 ) ) ;
#2296 = DIRECTION ( 'NONE',  ( -1.000000000000000000, -0.000000000000000000, -0.000000000000000000 ) ) ;
#2297 = ORIENTED_EDGE ( 'NONE', *, *, #1627, .T. ) ;
#2298 = AXIS2_PLACEMENT_3D ( 'NONE', #1354, #4013, #3242 ) ;
#2299 = LINE ( 'NONE', #3174, #1241 ) ;
#2300 = ORIENTED_EDGE ( 'NONE', *, *, #173, .T. ) ;
#2301 = ORIENTED_EDGE ( 'NONE', *, *, #167, .F. ) ;
#2302 = DIRECTION ( 'NONE',  ( -4.180742545671762101E-15, -4.371140887755362005E-08, -0.9999999999999992228 ) ) ;
#2303 = PLANE ( 'NONE',  #3259 ) ;
#2304 = DIRECTION ( 'NONE',  ( 0.000000000000000000, 0.000000000000000000, -1.000000000000000000 ) ) ;
#2305 = VERTEX_POINT ( 'NONE', #4791 ) ;
#2306 = ORIENTED_EDGE ( 'NONE', *, *, #1416, .T. ) ;
#2307 = EDGE_LOOP ( 'NONE', ( #103, #3467, #3312, #3415 ) ) ;
#2308 = CARTESIAN_POINT ( 'NONE',  ( 50.52500206014519790, -38.50138933447222911, 0.000000000000000000 ) ) ;
#2309 = EDGE_CURVE ( 'NONE', #1031, #708, #791, .T. ) ;
#2310 = LINE ( 'NONE', #5304, #5643 ) ;
#2311 = EDGE_CURVE ( 'NONE', #4032, #785, #2619, .T. ) ;
#2312 = PLANE ( 'NONE',  #3923 ) ;
#2313 = EDGE_CURVE ( 'NONE', #305, #2856, #1703, .T. ) ;
#2314 = FACE_OUTER_BOUND ( 'NONE', #4399, .T. ) ;
#2315 = LINE ( 'NONE', #987, #4348 ) ;
#2316 = CARTESIAN_POINT ( 'NONE',  ( -39.16042493490871124, -38.49992961750028542, 3.000000000000000000 ) ) ;
#2317 = VECTOR ( 'NONE', #1559, 1000.000000000000000 ) ;
#2318 = CIRCLE ( 'NONE', #3239, 0.5000000000000008882 ) ;
#2319 = EDGE_CURVE ( 'NONE', #1338, #1536, #4656, .T. ) ;
#2320 = LINE ( 'NONE', #4987, #11 ) ;
#2321 = CARTESIAN_POINT ( 'NONE',  ( -51.71248359946253714, -38.49970843832759471, 0.000000000000000000 ) ) ;
#2322 = ADVANCED_FACE ( 'NONE', ( #3425 ), #5164, .F. ) ;
#2323 = CARTESIAN_POINT ( 'NONE',  ( 34.46453803689026074, -18.40463862520800475, 1.449999842060914368 ) ) ;
#2324 = VERTEX_POINT ( 'NONE', #2958 ) ;
#2325 = DIRECTION ( 'NONE',  ( -1.000000000000000000, 0.000000000000000000, 0.000000000000000000 ) ) ;
#2326 = ORIENTED_EDGE ( 'NONE', *, *, #5715, .F. ) ;
#2327 = VERTEX_POINT ( 'NONE', #5620 ) ;
#2328 = DIRECTION ( 'NONE',  ( 1.000000000000000000, 0.000000000000000000, 0.000000000000000000 ) ) ;
#2329 = DATE_AND_TIME ( #4135, #1136 ) ;
#2330 = CARTESIAN_POINT ( 'NONE',  ( -30.49987792968801514, -5.499931269881881413, 1.449999277977991108 ) ) ;
#2331 = CARTESIAN_POINT ( 'NONE',  ( -30.49987792968802225, -5.499931335448994929, 0.000000000000000000 ) ) ;
#2332 = AXIS2_PLACEMENT_3D ( 'NONE', #3287, #3757, #5484 ) ;
#2333 = ORIENTED_EDGE ( 'NONE', *, *, #1602, .T. ) ;
#2334 = ORIENTED_EDGE ( 'NONE', *, *, #5471, .T. ) ;
#2335 = VERTEX_POINT ( 'NONE', #4732 ) ;
#2336 = CIRCLE ( 'NONE', #2159, 2.999999999999995559 ) ;
#2337 = CARTESIAN_POINT ( 'NONE',  ( 39.67810746148602163, -45.40007575682851382, 0.000000000000000000 ) ) ;
#2338 = AXIS2_PLACEMENT_3D ( 'NONE', #5200, #3029, #338 ) ;
#2339 = CARTESIAN_POINT ( 'NONE',  ( 51.70788653857203343, -32.50140858626521378, 3.000000000000000000 ) ) ;
#2340 = CARTESIAN_POINT ( 'NONE',  ( 51.70779702075834194, -38.00140858553672274, 0.000000000000000000 ) ) ;
#2341 = LINE ( 'NONE', #146, #4017 ) ;
#2342 = DIRECTION ( 'NONE',  ( -6.829619963800057503E-16, 1.000000000000000000, 0.000000000000000000 ) ) ;
#2343 = LINE ( 'NONE', #2863, #3189 ) ;
#2344 = ADVANCED_FACE ( 'NONE', ( #1644 ), #4532, .F. ) ;
#2345 = EDGE_CURVE ( 'NONE', #858, #1338, #42, .T. ) ;
#2346 = AXIS2_PLACEMENT_3D ( 'NONE', #1797, #3553, #4070 ) ;
#2347 = EDGE_CURVE ( 'NONE', #2459, #1624, #4844, .T. ) ;
#2348 = CARTESIAN_POINT ( 'NONE',  ( 30.49963378098338396, -35.50106340185905651, 3.000000000000000000 ) ) ;
#2349 = CARTESIAN_POINT ( 'NONE',  ( 39.16013196753240777, -2.499931335448993597, 0.000000000000000000 ) ) ;
#2350 = DIRECTION ( 'NONE',  ( -1.000000000000000000, 0.000000000000000000, 0.000000000000000000 ) ) ;
#2351 = ORIENTED_EDGE ( 'NONE', *, *, #1617, .F. ) ;
#2352 = CIRCLE ( 'NONE', #5592, 6.000000000000001776 ) ;
#2353 = EDGE_LOOP ( 'NONE', ( #1478, #207, #3229, #4191, #5684, #3869 ) ) ;
#2354 = EDGE_LOOP ( 'NONE', ( #4631, #1281, #1953, #5723, #1219, #2567, #1391, #4834, #1673, #2129, #5599, #2904, #2257, #795, #1361, #5564 ) ) ;
#2355 = CYLINDRICAL_SURFACE ( 'NONE', #4933, 2.000000000000001776 ) ;
#2356 = EDGE_CURVE ( 'NONE', #2527, #1783, #5386, .T. ) ;
#2357 = CIRCLE ( 'NONE', #1236, 2.000000000000003553 ) ;
#2358 = DIRECTION ( 'NONE',  ( 1.000000000000000000, 0.000000000000000000, 0.000000000000000000 ) ) ;
#2359 = CARTESIAN_POINT ( 'NONE',  ( 2.074954986571962312, -55.32508182525601370, 1.450001455905382208 ) ) ;
#2360 = VERTEX_POINT ( 'NONE', #2639 ) ;
#2361 = VERTEX_POINT ( 'NONE', #4446 ) ;
#2362 = ORIENTED_EDGE ( 'NONE', *, *, #4136, .T. ) ;
#2363 = CARTESIAN_POINT ( 'NONE',  ( 37.42808115996353280, -9.499931335448994929, 3.000000000000000000 ) ) ;
#2364 = EDGE_LOOP ( 'NONE', ( #4081 ) ) ;
#2365 = CARTESIAN_POINT ( 'NONE',  ( 2.074954986571962312, -55.32508182525601370, 0.000000000000000000 ) ) ;
#2366 = FACE_OUTER_BOUND ( 'NONE', #5513, .T. ) ;
#2367 = CARTESIAN_POINT ( 'NONE',  ( -8.924942016602040340, -53.87510013580300949, 0.000000000000000000 ) ) ;
#2368 = FACE_OUTER_BOUND ( 'NONE', #5237, .T. ) ;
#2369 = DIRECTION ( 'NONE',  ( -4.180742545671762101E-15, -4.371140887755362005E-08, -0.9999999999999992228 ) ) ;
#2370 = EDGE_LOOP ( 'NONE', ( #568, #1984, #945, #2995 ) ) ;
#2371 = LINE ( 'NONE', #1939, #4843 ) ;
#2372 = CIRCLE ( 'NONE', #3134, 3.500000000000003109 ) ;
#2373 = ADVANCED_FACE ( 'NONE', ( #4039 ), #1793, .T. ) ;
#2374 = DIRECTION ( 'NONE',  ( 0.000000000000000000, 0.000000000000000000, 1.000000000000000000 ) ) ;
#2375 = DIRECTION ( 'NONE',  ( -0.000000000000000000, 0.000000000000000000, -1.000000000000000000 ) ) ;
#2376 = ORIENTED_EDGE ( 'NONE', *, *, #4339, .F. ) ;
#2377 = EDGE_CURVE ( 'NONE', #234, #5669, #4419, .T. ) ;
#2378 = ORIENTED_EDGE ( 'NONE', *, *, #5567, .F. ) ;
#2379 = ORIENTED_EDGE ( 'NONE', *, *, #4799, .T. ) ;
#2380 = EDGE_CURVE ( 'NONE', #2010, #2565, #1962, .T. ) ;
#2381 = DIRECTION ( 'NONE',  ( 1.994248318681189754E-16, 1.000000000000000000, 0.000000000000000000 ) ) ;
#2382 = DIRECTION ( 'NONE',  ( -1.000000000000000000, 0.000000000000000000, 0.000000000000000000 ) ) ;
#2383 = VECTOR ( 'NONE', #1535, 1000.000000000000000 ) ;
#2384 = LINE ( 'NONE', #4056, #2052 ) ;
#2385 = DIRECTION ( 'NONE',  ( 0.000000000000000000, 0.000000000000000000, 1.000000000000000000 ) ) ;
#2386 = ORIENTED_EDGE ( 'NONE', *, *, #5430, .T. ) ;
#2387 = ORIENTED_EDGE ( 'NONE', *, *, #4766, .T. ) ;
#2388 = EDGE_LOOP ( 'NONE', ( #2306, #2837, #3408, #5619 ) ) ;
#2389 = EDGE_CURVE ( 'NONE', #1555, #4633, #179, .T. ) ;
#2390 = CARTESIAN_POINT ( 'NONE',  ( 37.99999999999998579, 50.00000000000002842, 3.000000000000000000 ) ) ;
#2391 = CARTESIAN_POINT ( 'NONE',  ( -39.16029472717970350, -30.49992961855991069, 3.000000000000000000 ) ) ;
#2392 = CARTESIAN_POINT ( 'NONE',  ( 38.00000000000000000, 28.00000000000002842, 0.000000000000000000 ) ) ;
#2393 = DIRECTION ( 'NONE',  ( -0.000000000000000000, -0.000000000000000000, -1.000000000000000000 ) ) ;
#2394 = FACE_OUTER_BOUND ( 'NONE', #998, .T. ) ;
#2395 = DIRECTION ( 'NONE',  ( -0.000000000000000000, -0.000000000000000000, -1.000000000000000000 ) ) ;
#2396 = VECTOR ( 'NONE', #2051, 1000.000000000000227 ) ;
#2397 = ORIENTED_EDGE ( 'NONE', *, *, #5188, .T. ) ;
#2398 = EDGE_CURVE ( 'NONE', #4592, #5298, #4848, .T. ) ;
#2399 = FACE_OUTER_BOUND ( 'NONE', #395, .T. ) ;
#2400 = PLANE ( 'NONE',  #4690 ) ;
#2401 = CYLINDRICAL_SURFACE ( 'NONE', #5197, 1.750000000000001554 ) ;
#2402 = VERTEX_POINT ( 'NONE', #477 ) ;
#2403 = VECTOR ( 'NONE', #5719, 1000.000000000000000 ) ;
#2404 = ORIENTED_EDGE ( 'NONE', *, *, #2707, .T. ) ;
#2405 = EDGE_LOOP ( 'NONE', ( #328, #5632, #2628, #1058 ) ) ;
#2406 = EDGE_CURVE ( 'NONE', #4130, #455, #3983, .T. ) ;
#2407 = CARTESIAN_POINT ( 'NONE',  ( -56.25248347830570594, -43.92592313267459048, 1.450000957632341381 ) ) ;
#2408 = VERTEX_POINT ( 'NONE', #5025 ) ;
#2409 = AXIS2_PLACEMENT_3D ( 'NONE', #3220, #127, #5510 ) ;
#2410 = FACE_OUTER_BOUND ( 'NONE', #2273, .T. ) ;
#2411 = CARTESIAN_POINT ( 'NONE',  ( 42.63453902919962246, -2.499931335448994485, 0.000000000000000000 ) ) ;
#2412 = EDGE_LOOP ( 'NONE', ( #1537, #3430, #3642, #1593, #3465, #1998 ) ) ;
#2413 = VERTEX_POINT ( 'NONE', #2290 ) ;
#2414 = ORIENTED_EDGE ( 'NONE', *, *, #4978, .T. ) ;
#2415 = ADVANCED_FACE ( 'NONE', ( #1322, #2724, #529, #5732, #3109, #4957, #1352, #1824, #3550, #5364, #3138, #4907, #4934, #4877, #905 ), #2312, .T. ) ;
#2416 = ADVANCED_FACE ( 'NONE', ( #876 ), #505, .F. ) ;
#2417 = DIRECTION ( 'NONE',  ( 0.000000000000000000, -0.000000000000000000, 1.000000000000000000 ) ) ;
#2418 = AXIS2_PLACEMENT_3D ( 'NONE', #1934, #1910, #612 ) ;
#2419 = DIRECTION ( 'NONE',  ( 0.000000000000000000, -0.9999999999999991118, 4.371140884147631631E-08 ) ) ;
#2420 = EDGE_CURVE ( 'NONE', #4684, #1679, #5209, .T. ) ;
#2421 = AXIS2_PLACEMENT_3D ( 'NONE', #2669, #65, #849 ) ;
#2422 = FACE_OUTER_BOUND ( 'NONE', #3306, .T. ) ;
#2423 = CIRCLE ( 'NONE', #646, 1.750000000000001554 ) ;
#2424 = AXIS2_PLACEMENT_3D ( 'NONE', #4566, #3750, #4125 ) ;
#2425 = LINE ( 'NONE', #636, #184 ) ;
#2426 = DIRECTION ( 'NONE',  ( -0.000000000000000000, -0.000000000000000000, -1.000000000000000000 ) ) ;
#2427 = CYLINDRICAL_SURFACE ( 'NONE', #3118, 0.5000000000000004441 ) ;
#2428 = ORIENTED_EDGE ( 'NONE', *, *, #4913, .T. ) ;
#2429 = FACE_OUTER_BOUND ( 'NONE', #2947, .T. ) ;
#2430 = DIRECTION ( 'NONE',  ( 0.000000000000000000, 0.000000000000000000, -1.000000000000000000 ) ) ;
#2431 = CARTESIAN_POINT ( 'NONE',  ( 45.37007602278353602, -46.40007575682851382, 0.000000000000000000 ) ) ;
#2432 = ORIENTED_EDGE ( 'NONE', *, *, #2918, .T. ) ;
#2433 = ORIENTED_EDGE ( 'NONE', *, *, #4720, .F. ) ;
#2434 = VERTEX_POINT ( 'NONE', #5065 ) ;
#2435 = DIRECTION ( 'NONE',  ( 0.000000000000000000, -0.000000000000000000, 1.000000000000000000 ) ) ;
#2436 = CARTESIAN_POINT ( 'NONE',  ( 13.53999999999997605, -20.54000000000002757, 0.000000000000000000 ) ) ;
#2437 = AXIS2_PLACEMENT_3D ( 'NONE', #1462, #3243, #1022 ) ;
#2438 = DIRECTION ( 'NONE',  ( -0.000000000000000000, -0.000000000000000000, -1.000000000000000000 ) ) ;
#2439 = ORIENTED_EDGE ( 'NONE', *, *, #3172, .F. ) ;
#2440 = CARTESIAN_POINT ( 'NONE',  ( -51.70808186218739166, -7.999931335448993153, 0.000000000000000000 ) ) ;
#2441 = ORIENTED_EDGE ( 'NONE', *, *, #5127, .F. ) ;
#2442 = ORIENTED_EDGE ( 'NONE', *, *, #4913, .F. ) ;
#2443 = EDGE_CURVE ( 'NONE', #3578, #5163, #4558, .T. ) ;
#2444 = VECTOR ( 'NONE', #1373, 1000.000000000000227 ) ;
#2445 = DIRECTION ( 'NONE',  ( 1.000000000000000000, 0.000000000000000000, 0.000000000000000000 ) ) ;
#2446 = EDGE_CURVE ( 'NONE', #410, #3137, #201, .T. ) ;
#2447 = CIRCLE ( 'NONE', #5239, 0.5000000000000004441 ) ;
#2448 = CARTESIAN_POINT ( 'NONE',  ( 45.37007602278353602, -48.40007575682851382, 1.450001153203432036 ) ) ;
#2449 = EDGE_CURVE ( 'NONE', #1834, #3792, #3732, .T. ) ;
#2450 = DIRECTION ( 'NONE',  ( -1.000000000000000000, 0.000000000000000000, 0.000000000000000000 ) ) ;
#2451 = DIRECTION ( 'NONE',  ( 1.000000000000000000, 0.000000000000000000, 0.000000000000000000 ) ) ;
#2452 = CARTESIAN_POINT ( 'NONE',  ( -51.70836668991861274, -37.99972538755907436, 3.000000000000000000 ) ) ;
#2453 = VECTOR ( 'NONE', #5047, 1000.000000000000000 ) ;
#2454 = LINE ( 'NONE', #512, #4131 ) ;
#2455 = EDGE_LOOP ( 'NONE', ( #4000 ) ) ;
#2456 = FACE_OUTER_BOUND ( 'NONE', #649, .T. ) ;
#2457 = CARTESIAN_POINT ( 'NONE',  ( -39.16032727911298394, -32.49992961829499905, 1.450000458186249563 ) ) ;
#2458 = DIRECTION ( 'NONE',  ( 0.000000000000000000, 0.000000000000000000, -1.000000000000000000 ) ) ;
#2459 = VERTEX_POINT ( 'NONE', #118 ) ;
#2460 = ORIENTED_EDGE ( 'NONE', *, *, #3807, .T. ) ;
#2461 = ORIENTED_EDGE ( 'NONE', *, *, #2746, .F. ) ;
#2462 = DIRECTION ( 'NONE',  ( 0.000000000000000000, 0.000000000000000000, 1.000000000000000000 ) ) ;
#2463 = AXIS2_PLACEMENT_3D ( 'NONE', #1251, #3447, #1694 ) ;
#2464 = DATE_AND_TIME ( #5138, #407 ) ;
#2465 = EDGE_CURVE ( 'NONE', #4605, #2856, #641, .T. ) ;
#2466 = DIRECTION ( 'NONE',  ( 1.000000000000000000, 0.000000000000000000, 0.000000000000000000 ) ) ;
#2467 = CARTESIAN_POINT ( 'NONE',  ( 30.49963378098338396, -35.50106340185905651, 0.000000000000000000 ) ) ;
#2468 = ORIENTED_EDGE ( 'NONE', *, *, #4731, .T. ) ;
#2469 = DIRECTION ( 'NONE',  ( -1.000000000000000000, 0.000000000000000000, 0.000000000000000000 ) ) ;
#2470 = ORIENTED_EDGE ( 'NONE', *, *, #556, .F. ) ;
#2471 = VERTEX_POINT ( 'NONE', #1990 ) ;
#2472 = EDGE_CURVE ( 'NONE', #178, #5136, #583, .T. ) ;
#2473 = CARTESIAN_POINT ( 'NONE',  ( 39.15996919751131600, -30.50120435652268824, 1.450000370818824935 ) ) ;
#2474 = ORIENTED_EDGE ( 'NONE', *, *, #3632, .T. ) ;
#2475 = DIRECTION ( 'NONE',  ( 1.000000000000000000, 0.000000000000000000, 0.000000000000000000 ) ) ;
#2476 = EDGE_CURVE ( 'NONE', #5079, #921, #3076, .T. ) ;
#2477 = LINE ( 'NONE', #1696, #1866 ) ;
#2478 = LINE ( 'NONE', #3393, #1488 ) ;
#2479 = LINE ( 'NONE', #2086, #3948 ) ;
#2480 = DIRECTION ( 'NONE',  ( -0.000000000000000000, -0.000000000000000000, -1.000000000000000000 ) ) ;
#2481 = ADVANCED_FACE ( 'NONE', ( #4200 ), #1487, .F. ) ;
#2482 = ORIENTED_EDGE ( 'NONE', *, *, #4619, .F. ) ;
#2483 = EDGE_CURVE ( 'NONE', #3149, #3909, #2890, .T. ) ;
#2484 = DIRECTION ( 'NONE',  ( 1.000000000000000000, 0.000000000000000000, 0.000000000000000000 ) ) ;
#2485 = DIRECTION ( 'NONE',  ( -0.000000000000000000, -0.000000000000000000, -1.000000000000000000 ) ) ;
#2486 = CARTESIAN_POINT ( 'NONE',  ( -30.50012207031303291, -5.499931335448994929, 0.000000000000000000 ) ) ;
#2487 = LINE ( 'NONE', #1141, #2040 ) ;
#2488 = ORIENTED_EDGE ( 'NONE', *, *, #62, .T. ) ;
#2489 = CIRCLE ( 'NONE', #4252, 2.000000000000003553 ) ;
#2490 = EDGE_LOOP ( 'NONE', ( #1738, #4796, #2094, #1217 ) ) ;
#2491 = ADVANCED_FACE ( 'NONE', ( #4117 ), #5442, .F. ) ;
#2492 = ORIENTED_EDGE ( 'NONE', *, *, #5678, .T. ) ;
#2493 = LINE ( 'NONE', #5542, #2062 ) ;
#2494 = DATE_AND_TIME ( #3000, #2573 ) ;
#2495 = EDGE_CURVE ( 'NONE', #4804, #4659, #4280, .T. ) ;
#2496 = DIRECTION ( 'NONE',  ( 0.000000000000000000, -1.000000000000000000, 0.000000000000000000 ) ) ;
#2497 = CIRCLE ( 'NONE', #5283, 12.50000000000000355 ) ;
#2498 = CARTESIAN_POINT ( 'NONE',  ( 51.70779702075834194, -38.00140858553672274, 0.000000000000000000 ) ) ;
#2499 = ORIENTED_EDGE ( 'NONE', *, *, #434, .F. ) ;
#2500 = FACE_OUTER_BOUND ( 'NONE', #470, .T. ) ;
#2501 = ORIENTED_EDGE ( 'NONE', *, *, #4375, .T. ) ;
#2502 = ORIENTED_EDGE ( 'NONE', *, *, #1821, .T. ) ;
#2503 = AXIS2_PLACEMENT_3D ( 'NONE', #3899, #2584, #5652 ) ;
#2504 = CYLINDRICAL_SURFACE ( 'NONE', #5597, 2.999999999999995559 ) ;
#2505 = VECTOR ( 'NONE', #1970, 1000.000000000000000 ) ;
#2506 = VERTEX_POINT ( 'NONE', #1458 ) ;
#2507 = CARTESIAN_POINT ( 'NONE',  ( -39.16013196753240777, -3.499931335448993597, 0.000000000000000000 ) ) ;
#2508 = LINE ( 'NONE', #2949, #2610 ) ;
#2509 = LINE ( 'NONE', #2634, #2268 ) ;
#2510 = CARTESIAN_POINT ( 'NONE',  ( 39.16013196753240777, -7.499931335448996705, 3.000000000000000000 ) ) ;
#2511 = DIRECTION ( 'NONE',  ( -1.000000000000000000, 0.000000000000000000, 0.000000000000000000 ) ) ;
#2512 = AXIS2_PLACEMENT_3D ( 'NONE', #5515, #3404, #623 ) ;
#2513 = FACE_OUTER_BOUND ( 'NONE', #2256, .T. ) ;
#2514 = AXIS2_PLACEMENT_3D ( 'NONE', #78, #1841, #3623 ) ;
#2515 = ORIENTED_EDGE ( 'NONE', *, *, #29, .F. ) ;
#2516 = DIRECTION ( 'NONE',  ( 0.000000000000000000, -0.000000000000000000, -1.000000000000000000 ) ) ;
#2517 = AXIS2_PLACEMENT_3D ( 'NONE', #3634, #1074, #1879 ) ;
#2518 = AXIS2_PLACEMENT_3D ( 'NONE', #4297, #728, #2897 ) ;
#2519 = CARTESIAN_POINT ( 'NONE',  ( 53.13099752524894370, -29.59477641991259489, 1.450000331197270897 ) ) ;
#2520 = FACE_OUTER_BOUND ( 'NONE', #1680, .T. ) ;
#2521 = LINE ( 'NONE', #5223, #2903 ) ;
#2522 = ORIENTED_EDGE ( 'NONE', *, *, #4112, .F. ) ;
#2523 = EDGE_CURVE ( 'NONE', #3764, #2870, #5038, .T. ) ;
#2524 = AXIS2_PLACEMENT_3D ( 'NONE', #4108, #4002, #1342 ) ;
#2525 = AXIS2_PLACEMENT_3D ( 'NONE', #2407, #4185, #188 ) ;
#2526 = ORIENTED_EDGE ( 'NONE', *, *, #5405, .T. ) ;
#2527 = VERTEX_POINT ( 'NONE', #5526 ) ;
#2528 = ADVANCED_FACE ( 'NONE', ( #174 ), #1542, .T. ) ;
#2529 = CARTESIAN_POINT ( 'NONE',  ( -51.71248359946253714, -33.76592426473047226, 1.450000513524462464 ) ) ;
#2530 = DATE_AND_TIME ( #3844, #4414 ) ;
#2531 = DIRECTION ( 'NONE',  ( 0.000000000000000000, -0.000000000000000000, 1.000000000000000000 ) ) ;
#2532 = DIRECTION ( 'NONE',  ( -1.000000000000000000, 0.000000000000000000, 0.000000000000000000 ) ) ;
#2533 = VERTEX_POINT ( 'NONE', #4667 ) ;
#2534 = DIRECTION ( 'NONE',  ( 1.000000000000000000, 0.000000000000000000, 0.000000000000000000 ) ) ;
#2535 = ORIENTED_EDGE ( 'NONE', *, *, #246, .T. ) ;
#2536 = EDGE_CURVE ( 'NONE', #164, #4605, #5010, .T. ) ;
#2537 = DIRECTION ( 'NONE',  ( -1.000000000000000000, -2.775557561562891351E-15, 0.000000000000000000 ) ) ;
#2538 = VECTOR ( 'NONE', #2395, 1000.000000000000000 ) ;
#2539 = ORIENTED_EDGE ( 'NONE', *, *, #3103, .T. ) ;
#2540 = DIRECTION ( 'NONE',  ( 0.000000000000000000, 0.000000000000000000, 1.000000000000000000 ) ) ;
#2541 = AXIS2_PLACEMENT_3D ( 'NONE', #4529, #4505, #4007 ) ;
#2542 = CARTESIAN_POINT ( 'NONE',  ( 51.70808186218739166, -3.499931335448996261, 0.000000000000000000 ) ) ;
#2543 = CARTESIAN_POINT ( 'NONE',  ( -39.16013196753240777, -7.499931335448995817, 0.000000000000000000 ) ) ;
#2544 = AXIS2_PLACEMENT_3D ( 'NONE', #3178, #3596, #2195 ) ;
#2545 = DIRECTION ( 'NONE',  ( 1.000000000000000000, 0.000000000000000000, 0.000000000000000000 ) ) ;
#2546 = CARTESIAN_POINT ( 'NONE',  ( 15.53999999999997961, -18.54000000000002402, 28.04134375730104622 ) ) ;
#2547 = CARTESIAN_POINT ( 'NONE',  ( -51.70828531008798024, -32.99972538822133572, 1.450000480032824557 ) ) ;
#2548 = ORIENTED_EDGE ( 'NONE', *, *, #412, .F. ) ;
#2549 = LINE ( 'NONE', #329, #3453 ) ;
#2550 = VECTOR ( 'NONE', #3472, 1000.000000000000000 ) ;
#2551 = LINE ( 'NONE', #330, #4286 ) ;
#2552 = CARTESIAN_POINT ( 'NONE',  ( 0.000000000000000000, 0.000000000000000000, 3.000000000000000000 ) ) ;
#2553 = CARTESIAN_POINT ( 'NONE',  ( 30.49963378098338396, -35.50106340185905651, 1.450000589369744297 ) ) ;
#2554 = ORIENTED_EDGE ( 'NONE', *, *, #427, .F. ) ;
#2555 = CIRCLE ( 'NONE', #4046, 3.500000000000003109 ) ;
#2556 = ORIENTED_EDGE ( 'NONE', *, *, #5335, .T. ) ;
#2557 = ORIENTED_EDGE ( 'NONE', *, *, #4382, .F. ) ;
#2558 = DIRECTION ( 'NONE',  ( -0.000000000000000000, 0.000000000000000000, 1.000000000000000000 ) ) ;
#2559 = ADVANCED_FACE ( 'NONE', ( #2366 ), #2775, .F. ) ;
#2560 = ADVANCED_FACE ( 'NONE', ( #5416 ), #3271, .F. ) ;
#2561 = DIRECTION ( 'NONE',  ( 0.000000000000000000, 0.000000000000000000, 1.000000000000000000 ) ) ;
#2562 = CARTESIAN_POINT ( 'NONE',  ( 30.49987792968802225, -5.499931335448994929, 1.449999277977993772 ) ) ;
#2563 = VERTEX_POINT ( 'NONE', #635 ) ;
#2564 = CARTESIAN_POINT ( 'NONE',  ( 39.16013196753240777, -0.4999313354489935968, 0.000000000000000000 ) ) ;
#2565 = VERTEX_POINT ( 'NONE', #5498 ) ;
#2566 = CC_DESIGN_PERSON_AND_ORGANIZATION_ASSIGNMENT ( #218, #1446, ( #3302 ) ) ;
#2567 = ORIENTED_EDGE ( 'NONE', *, *, #995, .T. ) ;
#2568 = ADVANCED_FACE ( 'NONE', ( #2422 ), #786, .F. ) ;
#2569 = CARTESIAN_POINT ( 'NONE',  ( -37.42808115996353280, -9.499931335448994929, 0.000000000000000000 ) ) ;
#2570 = VERTEX_POINT ( 'NONE', #4353 ) ;
#2571 = CARTESIAN_POINT ( 'NONE',  ( 65.99999999999998579, -60.99999999999999289, 3.000000000000000000 ) ) ;
#2572 = ORIENTED_EDGE ( 'NONE', *, *, #4430, .F. ) ;
#2573 = LOCAL_TIME ( 9, 53, 22.00000000000000000, #3341 ) ;
#2574 = LINE ( 'NONE', #5331, #735 ) ;
#2575 = CARTESIAN_POINT ( 'NONE',  ( -30.50012207031303291, -35.50007057189900195, 0.000000000000000000 ) ) ;
#2576 = VECTOR ( 'NONE', #5543, 1000.000000000000000 ) ;
#2577 = VECTOR ( 'NONE', #586, 1000.000000000000000 ) ;
#2578 = CARTESIAN_POINT ( 'NONE',  ( 39.15992036961191047, -33.50120435612532077, 1.450000501953051524 ) ) ;
#2579 = DIRECTION ( 'NONE',  ( -0.000000000000000000, 0.000000000000000000, -1.000000000000000000 ) ) ;
#2580 = ORIENTED_EDGE ( 'NONE', *, *, #2916, .F. ) ;
#2581 = DIRECTION ( 'NONE',  ( -0.000000000000000000, -0.000000000000000000, 1.000000000000000000 ) ) ;
#2582 = DIRECTION ( 'NONE',  ( -1.000000000000000000, 0.000000000000000000, 0.000000000000000000 ) ) ;
#2583 = CARTESIAN_POINT ( 'NONE',  ( -30.50012207031303291, -5.499931335448994929, 1.449999277978244905 ) ) ;
#2584 = DIRECTION ( 'NONE',  ( -0.000000000000000000, -0.000000000000000000, -1.000000000000000000 ) ) ;
#2585 = ORIENTED_EDGE ( 'NONE', *, *, #438, .F. ) ;
#2586 = ORIENTED_EDGE ( 'NONE', *, *, #2852, .F. ) ;
#2587 = EDGE_LOOP ( 'NONE', ( #3939, #2176, #3565, #3753 ) ) ;
#2588 = CARTESIAN_POINT ( 'NONE',  ( -51.70827717210491414, -32.49972538828756541, 3.000000000000000000 ) ) ;
#2589 = CARTESIAN_POINT ( 'NONE',  ( -39.16013196753240067, -7.499931335448995817, 1.449999365401102747 ) ) ;
#2590 = DIRECTION ( 'NONE',  ( 1.000000000000000000, -1.387778780781446464E-15, 0.000000000000000000 ) ) ;
#2591 = EDGE_LOOP ( 'NONE', ( #4005, #1330, #3725, #2678 ) ) ;
#2592 = CARTESIAN_POINT ( 'NONE',  ( 39.15985526574740305, -37.50120435559551169, 1.450000676798432142 ) ) ;
#2593 = EDGE_CURVE ( 'NONE', #2599, #4892, #4287, .T. ) ;
#2594 = VERTEX_POINT ( 'NONE', #1130 ) ;
#2595 = ORIENTED_EDGE ( 'NONE', *, *, #4974, .T. ) ;
#2596 = CARTESIAN_POINT ( 'NONE',  ( 65.99999999999998579, -60.99999999999999289, 0.000000000000000000 ) ) ;
#2597 = CC_DESIGN_PERSON_AND_ORGANIZATION_ASSIGNMENT ( #2939, #738, ( #5417 ) ) ;
#2598 = ADVANCED_FACE ( 'NONE', ( #1666 ), #5182, .F. ) ;
#2599 = VERTEX_POINT ( 'NONE', #3450 ) ;
#2600 = CARTESIAN_POINT ( 'NONE',  ( -53.71248359946253004, -31.76592310238540051, 28.04134375730104622 ) ) ;
#2601 = ADVANCED_FACE ( 'NONE', ( #4323 ), #3481, .T. ) ;
#2602 = ORIENTED_EDGE ( 'NONE', *, *, #657, .T. ) ;
#2603 = AXIS2_PLACEMENT_3D ( 'NONE', #2498, #3908, #1179 ) ;
#2604 = DIRECTION ( 'NONE',  ( 0.000000000000000000, -1.000000000000000000, 0.000000000000000000 ) ) ;
#2605 = CARTESIAN_POINT ( 'NONE',  ( 2.074954986571962312, -57.07508182525601370, 28.04134375730104622 ) ) ;
#2606 = FACE_OUTER_BOUND ( 'NONE', #102, .T. ) ;
#2607 = DIRECTION ( 'NONE',  ( -0.000000000000000000, -0.000000000000000000, -1.000000000000000000 ) ) ;
#2608 = ORIENTED_EDGE ( 'NONE', *, *, #3880, .F. ) ;
#2609 = CARTESIAN_POINT ( 'NONE',  ( -51.70808186218739166, -2.999931335448996261, 0.000000000000000000 ) ) ;
#2610 = VECTOR ( 'NONE', #4721, 999.9999999999998863 ) ;
#2611 = CARTESIAN_POINT ( 'NONE',  ( -52.05794142393945378, -32.64231721533453623, 1.450000464410010625 ) ) ;
#2612 = CARTESIAN_POINT ( 'NONE',  ( 33.21007646689140813, -50.94007753325929855, 1.450001264230537545 ) ) ;
#2613 = CARTESIAN_POINT ( 'NONE',  ( -59.42498535135182181, 8.414992237443547296, 28.04134375730104622 ) ) ;
#2614 = ORIENTED_EDGE ( 'NONE', *, *, #3349, .T. ) ;
#2615 = ORIENTED_EDGE ( 'NONE', *, *, #948, .F. ) ;
#2616 = CIRCLE ( 'NONE', #3737, 3.000000000000000888 ) ;
#2617 = ORIENTED_EDGE ( 'NONE', *, *, #2389, .T. ) ;
#2618 = CIRCLE ( 'NONE', #3557, 1.999999999999994893 ) ;
#2619 = CIRCLE ( 'NONE', #1578, 7.000000000000001776 ) ;
#2620 = CARTESIAN_POINT ( 'NONE',  ( -36.56235686188259137, -38.99997190363446720, 3.000000000000000000 ) ) ;
#2621 = DIRECTION ( 'NONE',  ( -0.000000000000000000, -0.000000000000000000, -1.000000000000000000 ) ) ;
#2622 = AXIS2_PLACEMENT_3D ( 'NONE', #5380, #1424, #4548 ) ;
#2623 = DIRECTION ( 'NONE',  ( 0.000000000000000000, -0.9999999999999991118, 4.371140886858146988E-08 ) ) ;
#2624 = AXIS2_PLACEMENT_3D ( 'NONE', #4708, #705, #4271 ) ;
#2625 = ORIENTED_EDGE ( 'NONE', *, *, #2398, .F. ) ;
#2626 = FACE_OUTER_BOUND ( 'NONE', #462, .T. ) ;
#2627 = EDGE_LOOP ( 'NONE', ( #1861, #3494, #3083, #2585, #3094, #3293 ) ) ;
#2628 = ORIENTED_EDGE ( 'NONE', *, *, #552, .F. ) ;
#2629 = FACE_BOUND ( 'NONE', #2998, .T. ) ;
#2630 = EDGE_CURVE ( 'NONE', #4929, #574, #5551, .T. ) ;
#2631 = ORIENTED_EDGE ( 'NONE', *, *, #4623, .T. ) ;
#2632 = CIRCLE ( 'NONE', #5497, 0.5000000000000004441 ) ;
#2633 = FACE_OUTER_BOUND ( 'NONE', #453, .T. ) ;
#2634 = CARTESIAN_POINT ( 'NONE',  ( 39.15993664557905873, -32.50120435625778015, 0.000000000000000000 ) ) ;
#2635 = ADVANCED_FACE ( 'NONE', ( #352 ), #4695, .F. ) ;
#2636 = EDGE_CURVE ( 'NONE', #2757, #270, #3043, .T. ) ;
#2637 = CARTESIAN_POINT ( 'NONE',  ( -39.16013196753240777, -3.499931335448993597, 1.449999190555467221 ) ) ;
#2638 = EDGE_LOOP ( 'NONE', ( #605 ) ) ;
#2639 = CARTESIAN_POINT ( 'NONE',  ( 55.67099752524903522, -33.09477664196644753, 1.450000484187199623 ) ) ;
#2640 = CIRCLE ( 'NONE', #3581, 1.750000000000001554 ) ;
#2641 = CARTESIAN_POINT ( 'NONE',  ( -57.67498635059415335, -14.44500776255643437, 0.000000000000000000 ) ) ;
#2642 = CARTESIAN_POINT ( 'NONE',  ( -56.25248347830570594, -45.92592313267459048, 1.450001045055153481 ) ) ;
#2643 = CARTESIAN_POINT ( 'NONE',  ( 45.37007602278353602, -50.94007753325929855, 1.450001264230487585 ) ) ;
#2644 = DIRECTION ( 'NONE',  ( -0.000000000000000000, -0.000000000000000000, 1.000000000000000000 ) ) ;
#2645 = APPROVAL_PERSON_ORGANIZATION ( #3786, #5260, #4995 ) ;
#2646 = ORIENTED_EDGE ( 'NONE', *, *, #2830, .F. ) ;
#2647 = AXIS2_PLACEMENT_3D ( 'NONE', #4231, #4966, #1996 ) ;
#2648 = ORIENTED_EDGE ( 'NONE', *, *, #2107, .T. ) ;
#2649 = ADVANCED_FACE ( 'NONE', ( #2979, #2140 ), #4379, .F. ) ;
#2650 = CARTESIAN_POINT ( 'NONE',  ( -39.16042493490871124, -38.49992961750028542, 0.000000000000000000 ) ) ;
#2651 = CYLINDRICAL_SURFACE ( 'NONE', #991, 1.750000000000001554 ) ;
#2652 = DIRECTION ( 'NONE',  ( -4.180742545671762101E-15, -4.371140887755362005E-08, -0.9999999999999992228 ) ) ;
#2653 = VERTEX_POINT ( 'NONE', #258 ) ;
#2654 = PLANE ( 'NONE',  #39 ) ;
#2655 = VECTOR ( 'NONE', #4988, 1000.000000000000000 ) ;
#2656 = VERTEX_POINT ( 'NONE', #5673 ) ;
#2657 = ORIENTED_EDGE ( 'NONE', *, *, #2443, .T. ) ;
#2658 = EDGE_CURVE ( 'NONE', #3792, #2928, #2477, .T. ) ;
#2659 = CARTESIAN_POINT ( 'NONE',  ( 51.70787840058896734, -33.00140858619899120, 0.000000000000000000 ) ) ;
#2660 = LINE ( 'NONE', #3155, #2157 ) ;
#2661 = EDGE_LOOP ( 'NONE', ( #631, #3173, #4464, #2124 ) ) ;
#2662 = EDGE_CURVE ( 'NONE', #1228, #3978, #751, .T. ) ;
#2663 = PLANE ( 'NONE',  #1675 ) ;
#2664 = CARTESIAN_POINT ( 'NONE',  ( -42.63478316982463667, -8.499931335448993153, 36.80533964865399810 ) ) ;
#2665 = CIRCLE ( 'NONE', #5353, 1.750000000000003109 ) ;
#2666 = FACE_OUTER_BOUND ( 'NONE', #4897, .T. ) ;
#2667 = ADVANCED_FACE ( 'NONE', ( #2046 ), #3826, .T. ) ;
#2668 = VERTEX_POINT ( 'NONE', #322 ) ;
#2669 = CARTESIAN_POINT ( 'NONE',  ( 17.49999999999998224, -26.50000000000002842, 28.04134375730104622 ) ) ;
#2670 = AXIS2_PLACEMENT_3D ( 'NONE', #5682, #1706, #1880 ) ;
#2671 = CARTESIAN_POINT ( 'NONE',  ( 39.67810746148602163, -46.40007575682851382, 0.000000000000000000 ) ) ;
#2672 = DIRECTION ( 'NONE',  ( -0.000000000000000000, -0.000000000000000000, -1.000000000000000000 ) ) ;
#2673 = DIRECTION ( 'NONE',  ( 1.000000000000000000, 0.000000000000000000, 0.000000000000000000 ) ) ;
#2674 = EDGE_CURVE ( 'NONE', #4929, #711, #2508, .T. ) ;
#2675 = CARTESIAN_POINT ( 'NONE',  ( 14.95999999999997954, -24.75000000000002132, 1.450000119425427725 ) ) ;
#2676 = EDGE_CURVE ( 'NONE', #1083, #2283, #1304, .T. ) ;
#2677 = ADVANCED_FACE ( 'NONE', ( #1636 ), #3418, .F. ) ;
#2678 = ORIENTED_EDGE ( 'NONE', *, *, #3116, .F. ) ;
#2679 = ORIENTED_EDGE ( 'NONE', *, *, #3488, .F. ) ;
#2680 = CARTESIAN_POINT ( 'NONE',  ( 29.07826691783824913, -17.91882911790084876, 36.80533964865399810 ) ) ;
#2681 = DIRECTION ( 'NONE',  ( -1.000000000000000000, 0.000000000000000000, 0.000000000000000000 ) ) ;
#2682 = DIRECTION ( 'NONE',  ( 1.627596612567151877E-05, 0.9999999998675465074, 0.000000000000000000 ) ) ;
#2683 = VERTEX_POINT ( 'NONE', #4785 ) ;
#2684 = EDGE_CURVE ( 'NONE', #4501, #5168, #2574, .T. ) ;
#2685 = DIRECTION ( 'NONE',  ( -0.000000000000000000, -0.000000000000000000, -1.000000000000000000 ) ) ;
#2686 = VERTEX_POINT ( 'NONE', #972 ) ;
#2687 = ORIENTED_EDGE ( 'NONE', *, *, #35, .F. ) ;
#2688 = ORIENTED_EDGE ( 'NONE', *, *, #385, .T. ) ;
#2689 = CARTESIAN_POINT ( 'NONE',  ( -61.00000000000001421, 66.00000000000000000, 3.000000000000000000 ) ) ;
#2690 = DIRECTION ( 'NONE',  ( 1.000000000000000000, 0.000000000000000000, 0.000000000000000000 ) ) ;
#2691 = ORIENTED_EDGE ( 'NONE', *, *, #1956, .F. ) ;
#2692 = VECTOR ( 'NONE', #2174, 1000.000000000000000 ) ;
#2693 = ORIENTED_EDGE ( 'NONE', *, *, #1803, .F. ) ;
#2694 = CARTESIAN_POINT ( 'NONE',  ( 39.15983898978230826, -38.50120435546305941, 3.000000000000000000 ) ) ;
#2695 = AXIS2_PLACEMENT_3D ( 'NONE', #2156, #3437, #431 ) ;
#2696 = AXIS2_PLACEMENT_3D ( 'NONE', #5019, #1468, #2001 ) ;
#2697 = DIRECTION ( 'NONE',  ( -0.000000000000000000, -0.000000000000000000, -1.000000000000000000 ) ) ;
#2698 = DIRECTION ( 'NONE',  ( 0.000000000000000000, -0.9999999999999991118, 4.371140887245378688E-08 ) ) ;
#2699 = AXIS2_PLACEMENT_3D ( 'NONE', #3333, #152, #2350 ) ;
#2700 = CARTESIAN_POINT ( 'NONE',  ( -36.56235686188259137, -38.99997190363446009, 1.450000742312244739 ) ) ;
#2701 = CARTESIAN_POINT ( 'NONE',  ( 55.67099752524903522, -33.09477641991259844, 0.000000000000000000 ) ) ;
#2702 = CARTESIAN_POINT ( 'NONE',  ( -39.16040865894258616, -37.49992961763273769, 0.000000000000000000 ) ) ;
#2703 = CARTESIAN_POINT ( 'NONE',  ( 55.00000000000000000, 55.00000000000000711, 3.000000000000000000 ) ) ;
#2704 = EDGE_CURVE ( 'NONE', #4246, #13, #2244, .T. ) ;
#2705 = ORIENTED_EDGE ( 'NONE', *, *, #3270, .F. ) ;
#2706 = AXIS2_PLACEMENT_3D ( 'NONE', #1431, #4637, #3744 ) ;
#2707 = EDGE_CURVE ( 'NONE', #5574, #5437, #3950, .T. ) ;
#2708 = DIRECTION ( 'NONE',  ( 0.000000000000000000, -1.000000000000000000, 0.000000000000000000 ) ) ;
#2709 = DIRECTION ( 'NONE',  ( 0.000000000000000000, -0.9999999999999991118, 4.371140905831675080E-08 ) ) ;
#2710 = VERTEX_POINT ( 'NONE', #1345 ) ;
#2711 = CYLINDRICAL_SURFACE ( 'NONE', #4598, 3.499999999999999112 ) ;
#2712 = VECTOR ( 'NONE', #1850, 1000.000000000000000 ) ;
#2713 = ORIENTED_EDGE ( 'NONE', *, *, #2923, .T. ) ;
#2714 = EDGE_LOOP ( 'NONE', ( #1691, #2460, #255, #1616 ) ) ;
#2715 = VERTEX_POINT ( 'NONE', #1726 ) ;
#2716 = LINE ( 'NONE', #2689, #1428 ) ;
#2717 = VECTOR ( 'NONE', #420, 1000.000000000000227 ) ;
#2718 = DIRECTION ( 'NONE',  ( -4.180742545671762101E-15, -4.371140887755362005E-08, -0.9999999999999992228 ) ) ;
#2719 = DIRECTION ( 'NONE',  ( -0.000000000000000000, -0.000000000000000000, 1.000000000000000000 ) ) ;
#2720 = VERTEX_POINT ( 'NONE', #1894 ) ;
#2721 = ORIENTED_EDGE ( 'NONE', *, *, #2251, .F. ) ;
#2722 = CARTESIAN_POINT ( 'NONE',  ( 65.99999999999998579, 66.00000000000002842, 3.000000000000000000 ) ) ;
#2723 = PLANE ( 'NONE',  #2771 ) ;
#2724 = FACE_BOUND ( 'NONE', #1534, .T. ) ;
#2725 = VECTOR ( 'NONE', #1435, 1000.000000000000000 ) ;
#2726 = CARTESIAN_POINT ( 'NONE',  ( 45.37007602278353602, -50.94007753325929855, 28.04134375730104622 ) ) ;
#2727 = FACE_OUTER_BOUND ( 'NONE', #5053, .T. ) ;
#2728 = DIRECTION ( 'NONE',  ( 0.9999999999999961142, 8.742277677795539484E-08, -8.002115286624055570E-15 ) ) ;
#2729 = DIRECTION ( 'NONE',  ( -1.994248318681189754E-16, -1.000000000000000000, 0.000000000000000000 ) ) ;
#2730 = AXIS2_PLACEMENT_3D ( 'NONE', #923, #439, #4521 ) ;
#2731 = LINE ( 'NONE', #510, #717 ) ;
#2732 = ORIENTED_EDGE ( 'NONE', *, *, #3537, .F. ) ;
#2733 = CARTESIAN_POINT ( 'NONE',  ( 39.67810746148602163, -45.40007575682851382, 36.80533964865399810 ) ) ;
#2734 = ORIENTED_EDGE ( 'NONE', *, *, #1029, .T. ) ;
#2735 = EDGE_LOOP ( 'NONE', ( #1609, #5400, #5143, #1084 ) ) ;
#2736 = EDGE_CURVE ( 'NONE', #3424, #1901, #2238, .T. ) ;
#2737 = VECTOR ( 'NONE', #3200, 1000.000000000000000 ) ;
#2738 = DIRECTION ( 'NONE',  ( 4.180742545671757368E-15, 4.371140887755362005E-08, 0.9999999999999991118 ) ) ;
#2739 = LINE ( 'NONE', #4522, #5016 ) ;
#2740 = DIRECTION ( 'NONE',  ( -0.000000000000000000, -0.000000000000000000, 1.000000000000000000 ) ) ;
#2741 = VECTOR ( 'NONE', #4567, 1000.000000000000000 ) ;
#2742 = ORIENTED_EDGE ( 'NONE', *, *, #1131, .T. ) ;
#2743 = ADVANCED_FACE ( 'NONE', ( #4840 ), #383, .F. ) ;
#2744 = VECTOR ( 'NONE', #1798, 1000.000000000000000 ) ;
#2745 = VERTEX_POINT ( 'NONE', #3674 ) ;
#2746 = EDGE_CURVE ( 'NONE', #20, #4364, #1788, .T. ) ;
#2747 = CARTESIAN_POINT ( 'NONE',  ( 39.15983898978230826, -38.50120435546305941, 3.000000000000000000 ) ) ;
#2748 = CARTESIAN_POINT ( 'NONE',  ( -51.70808186218739166, -3.499931335448996261, 3.000000000000000000 ) ) ;
#2749 = AXIS2_PLACEMENT_3D ( 'NONE', #3416, #5121, #3915 ) ;
#2750 = DIRECTION ( 'NONE',  ( 1.000000000000000000, 0.000000000000000000, 0.000000000000000000 ) ) ;
#2751 = FACE_OUTER_BOUND ( 'NONE', #3839, .T. ) ;
#2752 = LINE ( 'NONE', #4909, #1541 ) ;
#2753 = DIRECTION ( 'NONE',  ( 1.000000000000000000, 0.000000000000000000, 0.000000000000000000 ) ) ;
#2754 = DIRECTION ( 'NONE',  ( 0.000000000000000000, 0.000000000000000000, 1.000000000000000000 ) ) ;
#2755 = CARTESIAN_POINT ( 'NONE',  ( 65.99999999999998579, -65.99999999999998579, 3.000000000000000000 ) ) ;
#2756 = DIRECTION ( 'NONE',  ( -0.000000000000000000, -0.000000000000000000, -1.000000000000000000 ) ) ;
#2757 = VERTEX_POINT ( 'NONE', #3224 ) ;
#2758 = AXIS2_PLACEMENT_3D ( 'NONE', #1151, #1181, #2072 ) ;
#2759 = CARTESIAN_POINT ( 'NONE',  ( -39.16013196753240777, -0.4999313354489935968, 3.000000000000000000 ) ) ;
#2760 = ORIENTED_EDGE ( 'NONE', *, *, #5680, .F. ) ;
#2761 = ORIENTED_EDGE ( 'NONE', *, *, #235, .T. ) ;
#2762 = LINE ( 'NONE', #104, #2978 ) ;
#2763 = VERTEX_POINT ( 'NONE', #106 ) ;
#2764 = DIRECTION ( 'NONE',  ( -1.000000000000000000, 0.000000000000000000, 0.000000000000000000 ) ) ;
#2765 = CARTESIAN_POINT ( 'NONE',  ( 14.95999999999997954, -24.75000000000002132, 0.000000000000000000 ) ) ;
#2766 = EDGE_LOOP ( 'NONE', ( #1150, #4141, #5433, #1500 ) ) ;
#2767 = VERTEX_POINT ( 'NONE', #4412 ) ;
#2768 = ORIENTED_EDGE ( 'NONE', *, *, #3963, .F. ) ;
#2769 = DIRECTION ( 'NONE',  ( 1.000000000000000000, 0.000000000000000000, 0.000000000000000000 ) ) ;
#2770 = ADVANCED_FACE ( 'NONE', ( #4573 ), #2663, .F. ) ;
#2771 = AXIS2_PLACEMENT_3D ( 'NONE', #4506, #2289, #4224 ) ;
#2772 = EDGE_CURVE ( 'NONE', #5271, #5126, #2762, .T. ) ;
#2773 = CARTESIAN_POINT ( 'NONE',  ( 51.70787026260590835, -33.50140858613276151, 3.000000000000000000 ) ) ;
#2774 = EDGE_CURVE ( 'NONE', #4883, #2028, #4902, .T. ) ;
#2775 = CYLINDRICAL_SURFACE ( 'NONE', #2886, 12.50000000000000000 ) ;
#2776 = CIRCLE ( 'NONE', #3160, 2.000000000000000000 ) ;
#2777 = CYLINDRICAL_SURFACE ( 'NONE', #5571, 4.999999999999997335 ) ;
#2778 = LINE ( 'NONE', #531, #1362 ) ;
#2779 = CARTESIAN_POINT ( 'NONE',  ( 32.08339509376522614, -47.89936383365682104, 0.000000000000000000 ) ) ;
#2780 = EDGE_CURVE ( 'NONE', #4133, #4189, #4544, .T. ) ;
#2781 = CIRCLE ( 'NONE', #2409, 2.000000000000002665 ) ;
#2782 = CIRCLE ( 'NONE', #262, 1.000000000000000888 ) ;
#2783 = DIRECTION ( 'NONE',  ( -0.000000000000000000, -0.000000000000000000, -1.000000000000000000 ) ) ;
#2784 = CARTESIAN_POINT ( 'NONE',  ( -42.00000000000000000, 46.00000000000000000, 3.000000000000000000 ) ) ;
#2785 = FACE_OUTER_BOUND ( 'NONE', #3152, .T. ) ;
#2786 = ORIENTED_EDGE ( 'NONE', *, *, #1189, .F. ) ;
#2787 = ORIENTED_EDGE ( 'NONE', *, *, #4084, .T. ) ;
#2788 = ORIENTED_EDGE ( 'NONE', *, *, #4198, .T. ) ;
#2789 = DIRECTION ( 'NONE',  ( -1.000000000000000000, 0.000000000000000000, 0.000000000000000000 ) ) ;
#2790 = DIRECTION ( 'NONE',  ( 0.000000000000000000, -0.000000000000000000, 1.000000000000000000 ) ) ;
#2791 = CARTESIAN_POINT ( 'NONE',  ( -51.70836668991861274, -37.99972538755906726, 0.000000000000000000 ) ) ;
#2792 = AXIS2_PLACEMENT_3D ( 'NONE', #5092, #144, #665 ) ;
#2793 = ORIENTED_EDGE ( 'NONE', *, *, #3921, .F. ) ;
#2794 = VECTOR ( 'NONE', #706, 1000.000000000000000 ) ;
#2795 = ORIENTED_EDGE ( 'NONE', *, *, #2985, .F. ) ;
#2796 = ORIENTED_EDGE ( 'NONE', *, *, #1747, .F. ) ;
#2797 = AXIS2_PLACEMENT_3D ( 'NONE', #67, #4958, #961 ) ;
#2798 = CIRCLE ( 'NONE', #2518, 2.000000000000002665 ) ;
#2799 = LINE ( 'NONE', #4221, #3483 ) ;
#2800 = ADVANCED_FACE ( 'NONE', ( #1473 ), #414, .F. ) ;
#2801 = DIRECTION ( 'NONE',  ( -1.000000000000000000, 0.000000000000000000, 4.180742545671766046E-15 ) ) ;
#2802 = VECTOR ( 'NONE', #677, 999.9999999999998863 ) ;
#2803 = CARTESIAN_POINT ( 'NONE',  ( 42.63453902919962957, -8.499931335448993153, 0.000000000000000000 ) ) ;
#2804 = EDGE_CURVE ( 'NONE', #1031, #2962, #5429, .T. ) ;
#2805 = CARTESIAN_POINT ( 'NONE',  ( 10.99999999999997513, -20.54000000000002757, 28.04134375730104622 ) ) ;
#2806 = ADVANCED_FACE ( 'NONE', ( #3071 ), #843, .T. ) ;
#2807 = CYLINDRICAL_SURFACE ( 'NONE', #2797, 2.000000000000001776 ) ;
#2808 = CARTESIAN_POINT ( 'NONE',  ( -52.20808186218739166, -2.999931335448996261, 0.000000000000000000 ) ) ;
#2809 = DIRECTION ( 'NONE',  ( 0.000000000000000000, -0.9999999999999991118, 4.371140884147635601E-08 ) ) ;
#2810 = EDGE_CURVE ( 'NONE', #5474, #3947, #4993, .T. ) ;
#2811 = ORIENTED_EDGE ( 'NONE', *, *, #1177, .F. ) ;
#2812 = VECTOR ( 'NONE', #1326, 1000.000000000000000 ) ;
#2813 = DIRECTION ( 'NONE',  ( 0.000000000000000000, 0.000000000000000000, 1.000000000000000000 ) ) ;
#2814 = LINE ( 'NONE', #4595, #2655 ) ;
#2815 = DIRECTION ( 'NONE',  ( 0.000000000000000000, 0.000000000000000000, -1.000000000000000000 ) ) ;
#2816 = ORIENTED_EDGE ( 'NONE', *, *, #1154, .F. ) ;
#2817 = AXIS2_PLACEMENT_3D ( 'NONE', #4872, #1429, #1846 ) ;
#2818 = ADVANCED_FACE ( 'NONE', ( #2633 ), #2355, .T. ) ;
#2819 = VERTEX_POINT ( 'NONE', #2222 ) ;
#2820 = ORIENTED_EDGE ( 'NONE', *, *, #3991, .F. ) ;
#2821 = DIRECTION ( 'NONE',  ( 0.000000000000000000, -0.000000000000000000, 1.000000000000000000 ) ) ;
#2822 = CARTESIAN_POINT ( 'NONE',  ( 36.50012016296398798, -5.499931335449008252, 3.000000000000000000 ) ) ;
#2823 = DIRECTION ( 'NONE',  ( 3.414809992080329516E-16, -1.000000000000000000, 0.000000000000000000 ) ) ;
#2824 = CYLINDRICAL_SURFACE ( 'NONE', #747, 7.000000000000002665 ) ;
#2825 = ORIENTED_EDGE ( 'NONE', *, *, #1814, .F. ) ;
#2826 = VERTEX_POINT ( 'NONE', #5299 ) ;
#2827 = ORIENTED_EDGE ( 'NONE', *, *, #4868, .T. ) ;
#2828 = AXIS2_PLACEMENT_3D ( 'NONE', #2733, #205, #1836 ) ;
#2829 = CARTESIAN_POINT ( 'NONE',  ( -39.16045748684096850, -40.49992961723538087, 3.000000000000000000 ) ) ;
#2830 = EDGE_CURVE ( 'NONE', #2851, #2851, #1012, .T. ) ;
#2831 = EDGE_LOOP ( 'NONE', ( #5088, #3209, #2432, #3442 ) ) ;
#2832 = CARTESIAN_POINT ( 'NONE',  ( 35.21007646689129444, -46.40007575682851382, 1.450001065780654574 ) ) ;
#2833 = DIRECTION ( 'NONE',  ( -0.000000000000000000, -0.000000000000000000, -1.000000000000000000 ) ) ;
#2834 = CYLINDRICAL_SURFACE ( 'NONE', #2517, 2.000000000000001776 ) ;
#2835 = DIRECTION ( 'NONE',  ( -0.9999999998675463964, 1.627596612607036625E-05, 0.000000000000000000 ) ) ;
#2836 = EDGE_CURVE ( 'NONE', #3900, #5610, #2050, .T. ) ;
#2837 = ORIENTED_EDGE ( 'NONE', *, *, #4347, .T. ) ;
#2838 = CC_DESIGN_PERSON_AND_ORGANIZATION_ASSIGNMENT ( #678, #1212, ( #497 ) ) ;
#2839 = DIRECTION ( 'NONE',  ( 0.000000000000000000, 0.000000000000000000, -1.000000000000000000 ) ) ;
#2840 = VECTOR ( 'NONE', #3354, 1000.000000000000000 ) ;
#2841 = FACE_OUTER_BOUND ( 'NONE', #2405, .T. ) ;
#2842 = ADVANCED_FACE ( 'NONE', ( #650 ), #244, .F. ) ;
#2843 = DIRECTION ( 'NONE',  ( 0.000000000000000000, -0.000000000000000000, 1.000000000000000000 ) ) ;
#2844 = EDGE_CURVE ( 'NONE', #74, #5435, #1773, .T. ) ;
#2845 = ORIENTED_EDGE ( 'NONE', *, *, #3632, .F. ) ;
#2846 = ADVANCED_FACE ( 'NONE', ( #1557 ), #5105, .T. ) ;
#2847 = ORIENTED_EDGE ( 'NONE', *, *, #4122, .T. ) ;
#2848 = EDGE_LOOP ( 'NONE', ( #186, #2966, #2167, #2845 ) ) ;
#2849 = AXIS2_PLACEMENT_3D ( 'NONE', #3501, #4827, #3967 ) ;
#2850 = CARTESIAN_POINT ( 'NONE',  ( 39.15996919751131600, -30.50120435652268824, 0.000000000000000000 ) ) ;
#2851 = VERTEX_POINT ( 'NONE', #4628 ) ;
#2852 = EDGE_CURVE ( 'NONE', #2402, #3201, #3268, .T. ) ;
#2853 = AXIS2_PLACEMENT_3D ( 'NONE', #5177, #3790, #3409 ) ;
#2854 = FACE_OUTER_BOUND ( 'NONE', #1244, .T. ) ;
#2855 = LINE ( 'NONE', #1118, #1584 ) ;
#2856 = VERTEX_POINT ( 'NONE', #3314 ) ;
#2857 = ORIENTED_EDGE ( 'NONE', *, *, #3194, .T. ) ;
#2858 = ORIENTED_EDGE ( 'NONE', *, *, #4064, .F. ) ;
#2859 = CARTESIAN_POINT ( 'NONE',  ( 47.02500206014519790, -33.50133236792851221, 0.000000000000000000 ) ) ;
#2860 = CARTESIAN_POINT ( 'NONE',  ( 29.96453803689026785, -18.91234094049699976, 1.449999864253068038 ) ) ;
#2861 = CARTESIAN_POINT ( 'NONE',  ( 42.63483325029122994, -32.50126091355721059, 36.80533964865399810 ) ) ;
#2862 = DIRECTION ( 'NONE',  ( 1.365923996832131215E-15, -1.000000000000000000, 0.000000000000000000 ) ) ;
#2863 = CARTESIAN_POINT ( 'NONE',  ( -39.16040865894258616, -37.49992961763273769, 3.000000000000000000 ) ) ;
#2864 = DIRECTION ( 'NONE',  ( -0.000000000000000000, -0.000000000000000000, 1.000000000000000000 ) ) ;
#2865 = AXIS2_PLACEMENT_3D ( 'NONE', #2547, #5676, #5617 ) ;
#2866 = ORIENTED_EDGE ( 'NONE', *, *, #492, .T. ) ;
#2867 = DIRECTION ( 'NONE',  ( -1.000000000000000000, -0.000000000000000000, -0.000000000000000000 ) ) ;
#2868 = LINE ( 'NONE', #3332, #2505 ) ;
#2869 = LINE ( 'NONE', #5449, #1756 ) ;
#2870 = VERTEX_POINT ( 'NONE', #1588 ) ;
#2871 = ADVANCED_FACE ( 'NONE', ( #4601 ), #5137, .T. ) ;
#2872 = VECTOR ( 'NONE', #4180, 1000.000000000000000 ) ;
#2873 = VERTEX_POINT ( 'NONE', #4240 ) ;
#2874 = VERTEX_POINT ( 'NONE', #1061 ) ;
#2875 = DIRECTION ( 'NONE',  ( 0.9999999998675463964, -1.627596612587094081E-05, 0.000000000000000000 ) ) ;
#2876 = EDGE_CURVE ( 'NONE', #498, #4246, #2905, .T. ) ;
#2877 = CARTESIAN_POINT ( 'NONE',  ( -51.50000000000000000, 55.00000000000000711, 3.000000000000000000 ) ) ;
#2878 = EDGE_CURVE ( 'NONE', #858, #1800, #5118, .T. ) ;
#2879 = DIRECTION ( 'NONE',  ( -1.000000000000000000, 0.000000000000000000, 0.000000000000000000 ) ) ;
#2880 = DIRECTION ( 'NONE',  ( 0.000000000000000000, 0.000000000000000000, -1.000000000000000000 ) ) ;
#2881 = ORIENTED_EDGE ( 'NONE', *, *, #4418, .T. ) ;
#2882 = CARTESIAN_POINT ( 'NONE',  ( 65.99999999999998579, -65.99999999999998579, 3.000000000000000000 ) ) ;
#2883 = ORIENTED_EDGE ( 'NONE', *, *, #4939, .F. ) ;
#2884 = ORIENTED_EDGE ( 'NONE', *, *, #35, .T. ) ;
#2885 = CARTESIAN_POINT ( 'NONE',  ( 15.53999999999997783, -13.46000000000002927, 0.000000000000000000 ) ) ;
#2886 = AXIS2_PLACEMENT_3D ( 'NONE', #3715, #1515, #228 ) ;
#2887 = DIRECTION ( 'NONE',  ( 1.000000000000000000, 6.829619963800057503E-16, -0.000000000000000000 ) ) ;
#2888 = CIRCLE ( 'NONE', #1112, 1.750000000000003109 ) ;
#2889 = AXIS2_PLACEMENT_3D ( 'NONE', #2987, #726, #4760 ) ;
#2890 = LINE ( 'NONE', #4612, #3639 ) ;
#2891 = CIRCLE ( 'NONE', #5387, 0.5000000000000004441 ) ;
#2892 = AXIS2_PLACEMENT_3D ( 'NONE', #2726, #5366, #3984 ) ;
#2893 = CYLINDRICAL_SURFACE ( 'NONE', #1214, 2.000000000000000000 ) ;
#2894 = CARTESIAN_POINT ( 'NONE',  ( -51.70808186218739166, -3.499931335448996261, 0.000000000000000000 ) ) ;
#2895 = CARTESIAN_POINT ( 'NONE',  ( 39.15980643785005100, -40.50120435519815487, 3.000000000000000000 ) ) ;
#2896 = ORIENTED_EDGE ( 'NONE', *, *, #3775, .T. ) ;
#2897 = DIRECTION ( 'NONE',  ( -0.9999999998675465074, 1.627596612693846999E-05, 0.000000000000000000 ) ) ;
#2898 = DIRECTION ( 'NONE',  ( -0.000000000000000000, -0.000000000000000000, -1.000000000000000000 ) ) ;
#2899 = CARTESIAN_POINT ( 'NONE',  ( 51.70787840058896734, -33.00140858619899120, 3.000000000000000000 ) ) ;
#2900 = ORIENTED_EDGE ( 'NONE', *, *, #3999, .F. ) ;
#2901 = EDGE_CURVE ( 'NONE', #5739, #928, #4159, .T. ) ;
#2902 = ORIENTED_EDGE ( 'NONE', *, *, #3527, .F. ) ;
#2903 = VECTOR ( 'NONE', #673, 1000.000000000000000 ) ;
#2904 = ORIENTED_EDGE ( 'NONE', *, *, #2389, .F. ) ;
#2905 = LINE ( 'NONE', #4681, #4022 ) ;
#2906 = CARTESIAN_POINT ( 'NONE',  ( 39.16013196753240777, -8.499931335448993153, 0.000000000000000000 ) ) ;
#2907 = AXIS2_PLACEMENT_3D ( 'NONE', #2575, #1727, #353 ) ;
#2908 = CARTESIAN_POINT ( 'NONE',  ( 47.02500206014519790, -40.76931592906048962, 0.000000000000000000 ) ) ;
#2909 = ORIENTED_EDGE ( 'NONE', *, *, #4643, .T. ) ;
#2910 = CARTESIAN_POINT ( 'NONE',  ( 50.52500172706440651, -40.76931592906048962, 1.450000653111682691 ) ) ;
#2911 = ORIENTED_EDGE ( 'NONE', *, *, #3699, .F. ) ;
#2912 = EDGE_CURVE ( 'NONE', #4684, #1209, #5081, .T. ) ;
#2913 = ORIENTED_EDGE ( 'NONE', *, *, #4623, .F. ) ;
#2914 = CIRCLE ( 'NONE', #1896, 3.000000000000000888 ) ;
#2915 = LINE ( 'NONE', #1957, #4123 ) ;
#2916 = EDGE_CURVE ( 'NONE', #4428, #2683, #1146, .T. ) ;
#2917 = ORGANIZATION ( 'UNSPECIFIED', 'UNSPECIFIED', '' ) ;
#2918 = EDGE_CURVE ( 'NONE', #3336, #315, #216, .T. ) ;
#2919 = ORIENTED_EDGE ( 'NONE', *, *, #2065, .F. ) ;
#2920 = CARTESIAN_POINT ( 'NONE',  ( 37.99999999999998579, 24.00000000000002842, 0.000000000000000000 ) ) ;
#2921 = DIRECTION ( 'NONE',  ( -0.000000000000000000, -0.000000000000000000, 1.000000000000000000 ) ) ;
#2922 = CARTESIAN_POINT ( 'NONE',  ( -8.924942016602040340, -53.87510013580300949, 1.450001392524696175 ) ) ;
#2923 = EDGE_CURVE ( 'NONE', #3578, #2570, #1787, .T. ) ;
#2924 = PLANE ( 'NONE',  #113 ) ;
#2925 = AXIS2_PLACEMENT_3D ( 'NONE', #2486, #2430, #729 ) ;
#2926 = DIRECTION ( 'NONE',  ( 0.000000000000000000, 0.000000000000000000, -1.000000000000000000 ) ) ;
#2927 = EDGE_CURVE ( 'NONE', #4625, #5634, #2493, .T. ) ;
#2928 = VERTEX_POINT ( 'NONE', #5568 ) ;
#2929 = DIRECTION ( 'NONE',  ( -0.000000000000000000, -0.000000000000000000, 1.000000000000000000 ) ) ;
#2930 = DIRECTION ( 'NONE',  ( -0.000000000000000000, 0.000000000000000000, -1.000000000000000000 ) ) ;
#2931 = PLANE ( 'NONE',  #1761 ) ;
#2932 = CARTESIAN_POINT ( 'NONE',  ( -13.92494201660204212, -53.87510013580300949, 1.450001392524706612 ) ) ;
#2933 = ORIENTED_EDGE ( 'NONE', *, *, #3880, .T. ) ;
#2934 = PRODUCT_DEFINITION_SHAPE ( 'NONE', 'NONE',  #497 ) ;
#2935 = ORIENTED_EDGE ( 'NONE', *, *, #1784, .T. ) ;
#2936 = ORIENTED_EDGE ( 'NONE', *, *, #4894, .F. ) ;
#2937 = CARTESIAN_POINT ( 'NONE',  ( 39.15985526574843334, -37.50120435559551169, 0.000000000000000000 ) ) ;
#2938 = CIRCLE ( 'NONE', #425, 0.5000000000000004441 ) ;
#2939 = PERSON_AND_ORGANIZATION ( #4257, #2917 ) ;
#2940 = CARTESIAN_POINT ( 'NONE',  ( 4.574954986571961868, -58.82508182525602791, 0.000000000000000000 ) ) ;
#2941 = DIRECTION ( 'NONE',  ( -0.000000000000000000, -0.000000000000000000, -1.000000000000000000 ) ) ;
#2942 = ORIENTED_EDGE ( 'NONE', *, *, #2406, .T. ) ;
#2943 = FACE_OUTER_BOUND ( 'NONE', #2370, .T. ) ;
#2944 = EDGE_LOOP ( 'NONE', ( #2847, #5590, #1479, #5001 ) ) ;
#2945 = VERTEX_POINT ( 'NONE', #3372 ) ;
#2946 = CARTESIAN_POINT ( 'NONE',  ( 36.56205575617909176, -8.999931335448994929, 3.000000000000000000 ) ) ;
#2947 = EDGE_LOOP ( 'NONE', ( #1758, #3064, #2615, #1307 ) ) ;
#2948 = DIRECTION ( 'NONE',  ( 1.000000000000000000, 0.000000000000000000, 0.000000000000000000 ) ) ;
#2949 = CARTESIAN_POINT ( 'NONE',  ( -51.71248359946253714, -33.76592426473047226, 1.450000513524462464 ) ) ;
#2950 = CYLINDRICAL_SURFACE ( 'NONE', #2541, 1.750000000000001554 ) ;
#2951 = EDGE_CURVE ( 'NONE', #3396, #4050, #4291, .T. ) ;
#2952 = EDGE_CURVE ( 'NONE', #1746, #3347, #276, .T. ) ;
#2953 = CARTESIAN_POINT ( 'NONE',  ( 39.67810746148602163, -45.40007575682851382, 1.450001022069477674 ) ) ;
#2954 = CARTESIAN_POINT ( 'NONE',  ( 8.999999999999975131, -13.46000000000002927, 28.04134375730104622 ) ) ;
#2955 = DIRECTION ( 'NONE',  ( -1.000000000000000000, 0.000000000000000000, 0.000000000000000000 ) ) ;
#2956 = EDGE_CURVE ( 'NONE', #785, #1845, #1494, .T. ) ;
#2957 = ORIENTED_EDGE ( 'NONE', *, *, #1444, .T. ) ;
#2958 = CARTESIAN_POINT ( 'NONE',  ( 50.52500206014519790, -38.50138933447222911, 1.450000720517883979 ) ) ;
#2959 = LINE ( 'NONE', #2519, #4385 ) ;
#2960 = FACE_OUTER_BOUND ( 'NONE', #2831, .T. ) ;
#2961 = DIRECTION ( 'NONE',  ( 1.000000000000000000, 0.000000000000000000, 0.000000000000000000 ) ) ;
#2962 = VERTEX_POINT ( 'NONE', #5717 ) ;
#2963 = AXIS2_PLACEMENT_3D ( 'NONE', #2448, #4115, #2419 ) ;
#2964 = ADVANCED_FACE ( 'NONE', ( #5315 ), #2187, .F. ) ;
#2965 = EDGE_LOOP ( 'NONE', ( #5667, #3319, #871, #1033 ) ) ;
#2966 = ORIENTED_EDGE ( 'NONE', *, *, #1453, .T. ) ;
#2967 = DIRECTION ( 'NONE',  ( 0.000000000000000000, -1.000000000000000000, 0.000000000000000000 ) ) ;
#2968 = AXIS2_PLACEMENT_3D ( 'NONE', #774, #4340, #2561 ) ;
#2969 = DIRECTION ( 'NONE',  ( 0.000000000000000000, 0.9999999999999991118, -4.371140887755362005E-08 ) ) ;
#2970 = AXIS2_PLACEMENT_3D ( 'NONE', #5175, #3002, #1592 ) ;
#2971 = DIRECTION ( 'NONE',  ( -1.000000000000000000, 0.000000000000000000, 0.000000000000000000 ) ) ;
#2972 = EDGE_LOOP ( 'NONE', ( #3337, #1917, #3283, #154 ) ) ;
#2973 = DIRECTION ( 'NONE',  ( -0.000000000000000000, -0.000000000000000000, -1.000000000000000000 ) ) ;
#2974 = ORIENTED_EDGE ( 'NONE', *, *, #4497, .T. ) ;
#2975 = CARTESIAN_POINT ( 'NONE',  ( 15.53999999999997961, -18.54000000000002402, 0.000000000000000000 ) ) ;
#2976 = EDGE_LOOP ( 'NONE', ( #153, #46, #3285, #3756 ) ) ;
#2977 = CARTESIAN_POINT ( 'NONE',  ( -55.92498535135183602, 8.414992237443547296, 28.04134375730104622 ) ) ;
#2978 = VECTOR ( 'NONE', #1316, 1000.000000000000227 ) ;
#2979 = FACE_OUTER_BOUND ( 'NONE', #4543, .T. ) ;
#2980 = DIRECTION ( 'NONE',  ( 1.000000000000000000, 0.000000000000000000, 0.000000000000000000 ) ) ;
#2981 = DIRECTION ( 'NONE',  ( -1.000000000000000000, 0.000000000000000000, 0.000000000000000000 ) ) ;
#2982 = CARTESIAN_POINT ( 'NONE',  ( -42.63483199611572871, -38.49987306816863963, 36.80533964865399810 ) ) ;
#2983 = AXIS2_PLACEMENT_3D ( 'NONE', #4358, #390, #2516 ) ;
#2984 = PLANE ( 'NONE',  #1376 ) ;
#2985 = EDGE_CURVE ( 'NONE', #2228, #2986, #1714, .T. ) ;
#2986 = VERTEX_POINT ( 'NONE', #1269 ) ;
#2987 = CARTESIAN_POINT ( 'NONE',  ( -39.16045748684096850, -40.49992961723538087, 0.000000000000000000 ) ) ;
#2988 = ADVANCED_FACE ( 'NONE', ( #2155, #1211 ), #3904, .F. ) ;
#2989 = AXIS2_PLACEMENT_3D ( 'NONE', #3797, #5528, #2981 ) ;
#2990 = AXIS2_PLACEMENT_3D ( 'NONE', #3427, #792, #5593 ) ;
#2991 = CARTESIAN_POINT ( 'NONE',  ( 53.13099752524905028, -33.09477641991259844, 0.000000000000000000 ) ) ;
#2992 = DIRECTION ( 'NONE',  ( -1.000000000000000000, 0.000000000000000000, 0.000000000000000000 ) ) ;
#2993 = CARTESIAN_POINT ( 'NONE',  ( 37.99999999999998579, 50.00000000000002842, 3.000000000000000000 ) ) ;
#2994 = ADVANCED_FACE ( 'NONE', ( #3526 ), #306, .T. ) ;
#2995 = ORIENTED_EDGE ( 'NONE', *, *, #2878, .F. ) ;
#2996 = AXIS2_PLACEMENT_3D ( 'NONE', #2850, #2435, #1175 ) ;
#2997 = VERTEX_POINT ( 'NONE', #2588 ) ;
#2998 = EDGE_LOOP ( 'NONE', ( #2827 ) ) ;
#2999 = DIRECTION ( 'NONE',  ( 0.9999999998675465074, -1.627596612607113536E-05, 0.000000000000000000 ) ) ;
#3000 = CALENDAR_DATE ( 2026, 16, 4 ) ;
#3001 = CARTESIAN_POINT ( 'NONE',  ( -51.70828531008798024, -32.99972538822134283, 0.000000000000000000 ) ) ;
#3002 = DIRECTION ( 'NONE',  ( -4.180742545671762101E-15, -4.371140887755362005E-08, -0.9999999999999992228 ) ) ;
#3003 = ORIENTED_EDGE ( 'NONE', *, *, #3030, .T. ) ;
#3004 = LINE ( 'NONE', #2037, #5360 ) ;
#3005 = ORIENTED_EDGE ( 'NONE', *, *, #4761, .F. ) ;
#3006 = CARTESIAN_POINT ( 'NONE',  ( -51.73034350111014135, -33.49923858745518146, 0.000000000000000000 ) ) ;
#3007 = AXIS2_PLACEMENT_3D ( 'NONE', #2452, #5645, #4670 ) ;
#3008 = ORIENTED_EDGE ( 'NONE', *, *, #850, .T. ) ;
#3009 = DIRECTION ( 'NONE',  ( 4.180742545671757368E-15, 4.371140887755362005E-08, 0.9999999999999991118 ) ) ;
#3010 = VECTOR ( 'NONE', #2260, 1000.000000000000000 ) ;
#3011 = DESIGN_CONTEXT ( 'detailed design', #1401, 'design' ) ;
#3012 = DIRECTION ( 'NONE',  ( 0.000000000000000000, 0.000000000000000000, 1.000000000000000000 ) ) ;
#3013 = CARTESIAN_POINT ( 'NONE',  ( -61.00000000000001421, 66.00000000000000000, 0.000000000000000000 ) ) ;
#3014 = VECTOR ( 'NONE', #4196, 1000.000000000000000 ) ;
#3015 = ADVANCED_FACE ( 'NONE', ( #799 ), #1299, .F. ) ;
#3016 = LINE ( 'NONE', #2982, #25 ) ;
#3017 = CARTESIAN_POINT ( 'NONE',  ( 52.20808186218739166, -2.999931335448996261, 3.000000000000000000 ) ) ;
#3018 = ORIENTED_EDGE ( 'NONE', *, *, #2772, .F. ) ;
#3019 = CARTESIAN_POINT ( 'NONE',  ( 2.074954986571851290, -55.32508182525601370, 1.450001455905382208 ) ) ;
#3020 = CIRCLE ( 'NONE', #3766, 2.000000000000001776 ) ;
#3021 = DIRECTION ( 'NONE',  ( 4.180742545671757368E-15, 4.371140887755362005E-08, 0.9999999999999991118 ) ) ;
#3022 = EDGE_CURVE ( 'NONE', #2683, #1343, #769, .T. ) ;
#3023 = PLANE ( 'NONE',  #3246 ) ;
#3024 = DIRECTION ( 'NONE',  ( 4.180742545671762101E-15, 4.371140887755362005E-08, 0.9999999999999992228 ) ) ;
#3025 = ORIENTED_EDGE ( 'NONE', *, *, #1026, .T. ) ;
#3026 = VECTOR ( 'NONE', #2801, 1000.000000000000000 ) ;
#3027 = ORIENTED_EDGE ( 'NONE', *, *, #3225, .T. ) ;
#3028 = ORIENTED_EDGE ( 'NONE', *, *, #4124, .F. ) ;
#3029 = DIRECTION ( 'NONE',  ( 1.000000000000000000, -3.035386659626962090E-16, 0.000000000000000000 ) ) ;
#3030 = EDGE_CURVE ( 'NONE', #826, #5437, #4850, .T. ) ;
#3031 = EDGE_CURVE ( 'NONE', #5574, #946, #1876, .T. ) ;
#3032 = CARTESIAN_POINT ( 'NONE',  ( -51.71248359946253714, -33.76592310238539341, 0.000000000000000000 ) ) ;
#3033 = CARTESIAN_POINT ( 'NONE',  ( 50.52500206014519790, -33.14931709140557814, 1.450000486571265901 ) ) ;
#3034 = ORIENTED_EDGE ( 'NONE', *, *, #4261, .T. ) ;
#3035 = DIRECTION ( 'NONE',  ( -4.180742545671762101E-15, -4.371140887755362005E-08, -0.9999999999999992228 ) ) ;
#3036 = ORIENTED_EDGE ( 'NONE', *, *, #3420, .F. ) ;
#3037 = EDGE_LOOP ( 'NONE', ( #406, #1427, #2185, #778 ) ) ;
#3038 = DIRECTION ( 'NONE',  ( -0.000000000000000000, -0.000000000000000000, 1.000000000000000000 ) ) ;
#3039 = VERTEX_POINT ( 'NONE', #2620 ) ;
#3040 = CARTESIAN_POINT ( 'NONE',  ( 37.42808115996353280, -1.499931335448999592, 0.000000000000000000 ) ) ;
#3041 = EDGE_LOOP ( 'NONE', ( #779, #4266, #1808, #5741 ) ) ;
#3042 = CC_DESIGN_SECURITY_CLASSIFICATION ( #5417, ( #3386 ) ) ;
#3043 = LINE ( 'NONE', #2017, #86 ) ;
#3044 = CARTESIAN_POINT ( 'NONE',  ( 14.95999999999986940, -28.25000000000002487, 1.450000272415357561 ) ) ;
#3045 = AXIS2_PLACEMENT_3D ( 'NONE', #2212, #5264, #3559 ) ;
#3046 = AXIS2_PLACEMENT_3D ( 'NONE', #1982, #3850, #1594 ) ;
#3047 = FACE_OUTER_BOUND ( 'NONE', #4156, .T. ) ;
#3048 = CARTESIAN_POINT ( 'NONE',  ( 39.15996919751131600, -30.50120435652268824, 1.450000370818824935 ) ) ;
#3049 = ORIENTED_EDGE ( 'NONE', *, *, #3139, .T. ) ;
#3050 = DIRECTION ( 'NONE',  ( -1.051347561198064835E-16, 1.000000000000000000, 0.000000000000000000 ) ) ;
#3051 = DIRECTION ( 'NONE',  ( -1.000000000000000000, 0.000000000000000000, 0.000000000000000000 ) ) ;
#3052 = CARTESIAN_POINT ( 'NONE',  ( 47.02500206014519790, -38.50133236859078067, 1.450000720515407959 ) ) ;
#3053 = CARTESIAN_POINT ( 'NONE',  ( 17.49999999999998224, -24.75000000000002487, 28.04134375730104622 ) ) ;
#3054 = ORIENTED_EDGE ( 'NONE', *, *, #724, .F. ) ;
#3055 = ORIENTED_EDGE ( 'NONE', *, *, #887, .F. ) ;
#3056 = ORIENTED_EDGE ( 'NONE', *, *, #408, .T. ) ;
#3057 = CARTESIAN_POINT ( 'NONE',  ( 55.00000000000000000, -55.00000000000000000, 3.000000000000000000 ) ) ;
#3058 = EDGE_CURVE ( 'NONE', #3800, #2459, #3935, .T. ) ;
#3059 = DIRECTION ( 'NONE',  ( -0.9999999998675463964, 1.627596612567151538E-05, 0.000000000000000000 ) ) ;
#3060 = DIRECTION ( 'NONE',  ( -1.000000000000000000, 0.000000000000000000, 0.000000000000000000 ) ) ;
#3061 = ORIENTED_EDGE ( 'NONE', *, *, #5263, .F. ) ;
#3062 = LINE ( 'NONE', #24, #868 ) ;
#3063 = ORIENTED_EDGE ( 'NONE', *, *, #1920, .F. ) ;
#3064 = ORIENTED_EDGE ( 'NONE', *, *, #3638, .F. ) ;
#3065 = ADVANCED_FACE ( 'NONE', ( #3434 ), #4337, .F. ) ;
#3066 = EDGE_CURVE ( 'NONE', #2986, #2745, #4798, .T. ) ;
#3067 = CARTESIAN_POINT ( 'NONE',  ( 30.49963378098338396, -35.50106340185905651, 1.450000589369744297 ) ) ;
#3068 = AXIS2_PLACEMENT_3D ( 'NONE', #5372, #2682, #4460 ) ;
#3069 = EDGE_LOOP ( 'NONE', ( #336, #3258, #3878, #4991 ) ) ;
#3070 = AXIS2_PLACEMENT_3D ( 'NONE', #393, #1294, #2149 ) ;
#3071 = FACE_OUTER_BOUND ( 'NONE', #4838, .T. ) ;
#3072 = DIRECTION ( 'NONE',  ( -1.000000000000000000, 0.000000000000000000, 0.000000000000000000 ) ) ;
#3073 = DIRECTION ( 'NONE',  ( 0.000000000000000000, 0.000000000000000000, -1.000000000000000000 ) ) ;
#3074 = EDGE_LOOP ( 'NONE', ( #4219 ) ) ;
#3075 = DIRECTION ( 'NONE',  ( 0.000000000000000000, -0.000000000000000000, 1.000000000000000000 ) ) ;
#3076 = CIRCLE ( 'NONE', #2418, 1.750000000000010214 ) ;
#3077 = LINE ( 'NONE', #4936, #3460 ) ;
#3078 = DIRECTION ( 'NONE',  ( 1.000000000000000000, 0.000000000000000000, -0.000000000000000000 ) ) ;
#3079 = DIRECTION ( 'NONE',  ( 0.000000000000000000, -0.000000000000000000, 1.000000000000000000 ) ) ;
#3080 = CARTESIAN_POINT ( 'NONE',  ( -39.16013196753240777, -2.499931335448993597, 0.000000000000000000 ) ) ;
#3081 = EDGE_CURVE ( 'NONE', #4407, #3347, #3468, .T. ) ;
#3082 = EDGE_LOOP ( 'NONE', ( #27, #148, #4023, #5653, #954, #288 ) ) ;
#3083 = ORIENTED_EDGE ( 'NONE', *, *, #1630, .T. ) ;
#3084 = VECTOR ( 'NONE', #4537, 1000.000000000000000 ) ;
#3085 = CARTESIAN_POINT ( 'NONE',  ( 4.574954986571961868, -58.82508182525602791, 28.04134375730104622 ) ) ;
#3086 = CARTESIAN_POINT ( 'NONE',  ( -51.70835855193554664, -37.49972538762529695, 0.000000000000000000 ) ) ;
#3087 = AXIS2_PLACEMENT_3D ( 'NONE', #3207, #4057, #546 ) ;
#3088 = EDGE_CURVE ( 'NONE', #921, #377, #5657, .T. ) ;
#3089 = LINE ( 'NONE', #917, #2403 ) ;
#3090 = VECTOR ( 'NONE', #4400, 1000.000000000000000 ) ;
#3091 = ORIENTED_EDGE ( 'NONE', *, *, #3921, .T. ) ;
#3092 = CARTESIAN_POINT ( 'NONE',  ( -39.16013196753240777, -2.499931335448995373, 3.000000000000000000 ) ) ;
#3093 = EDGE_LOOP ( 'NONE', ( #3600, #4648, #373, #1767 ) ) ;
#3094 = ORIENTED_EDGE ( 'NONE', *, *, #463, .F. ) ;
#3095 = CARTESIAN_POINT ( 'NONE',  ( 0.000000000000000000, 0.000000000000000000, 0.000000000000000000 ) ) ;
#3096 = CARTESIAN_POINT ( 'NONE',  ( -38.00000000000000000, 46.00000000000002842, 3.000000000000000000 ) ) ;
#3097 = EDGE_CURVE ( 'NONE', #5071, #4898, #859, .T. ) ;
#3098 = VERTEX_POINT ( 'NONE', #1683 ) ;
#3099 = VECTOR ( 'NONE', #2426, 1000.000000000000000 ) ;
#3100 = DIRECTION ( 'NONE',  ( 1.000000000000000000, -2.731848123972157184E-15, 0.000000000000000000 ) ) ;
#3101 = DIRECTION ( 'NONE',  ( -1.000000000000000000, 0.000000000000000000, 0.000000000000000000 ) ) ;
#3102 = EDGE_CURVE ( 'NONE', #3098, #1266, #430, .T. ) ;
#3103 = EDGE_CURVE ( 'NONE', #1250, #4919, #737, .T. ) ;
#3104 = EDGE_CURVE ( 'NONE', #5605, #5199, #4456, .T. ) ;
#3105 = EDGE_CURVE ( 'NONE', #3336, #4406, #3120, .T. ) ;
#3106 = AXIS2_PLACEMENT_3D ( 'NONE', #873, #2223, #4036 ) ;
#3107 = DIRECTION ( 'NONE',  ( 0.000000000000000000, 0.000000000000000000, 1.000000000000000000 ) ) ;
#3108 = ORIENTED_EDGE ( 'NONE', *, *, #1931, .T. ) ;
#3109 = FACE_BOUND ( 'NONE', #213, .T. ) ;
#3110 = VECTOR ( 'NONE', #3475, 1000.000000000000000 ) ;
#3111 = ADVANCED_FACE ( 'NONE', ( #990 ), #4618, .F. ) ;
#3112 = DIRECTION ( 'NONE',  ( -0.000000000000000000, -0.000000000000000000, 1.000000000000000000 ) ) ;
#3113 = CARTESIAN_POINT ( 'NONE',  ( 29.96453803689026785, -18.91234094049699976, 28.04134375730104622 ) ) ;
#3114 = LINE ( 'NONE', #854, #2168 ) ;
#3115 = EDGE_LOOP ( 'NONE', ( #389, #3036, #4759, #2631, #1296, #4706 ) ) ;
#3116 = EDGE_CURVE ( 'NONE', #4501, #3696, #2320, .T. ) ;
#3117 = ORIENTED_EDGE ( 'NONE', *, *, #3991, .T. ) ;
#3118 = AXIS2_PLACEMENT_3D ( 'NONE', #3618, #969, #2325 ) ;
#3119 = ORIENTED_EDGE ( 'NONE', *, *, #856, .F. ) ;
#3120 = LINE ( 'NONE', #886, #4752 ) ;
#3121 = CARTESIAN_POINT ( 'NONE',  ( 30.49987792968802225, -5.499931335448994929, 3.000000000000000000 ) ) ;
#3122 = FACE_OUTER_BOUND ( 'NONE', #3115, .T. ) ;
#3123 = ORIENTED_EDGE ( 'NONE', *, *, #4487, .T. ) ;
#3124 = DIRECTION ( 'NONE',  ( -0.000000000000000000, -0.000000000000000000, -1.000000000000000000 ) ) ;
#3125 = EDGE_LOOP ( 'NONE', ( #1115, #4075, #1093, #2732 ) ) ;
#3126 = ORIENTED_EDGE ( 'NONE', *, *, #66, .T. ) ;
#3127 = EDGE_LOOP ( 'NONE', ( #4164, #1464, #1397, #4818, #4649, #3379, #576, #4492, #3091, #5677, #4183, #4238, #5207, #4599 ) ) ;
#3128 = PLANE ( 'NONE',  #1511 ) ;
#3129 = DIRECTION ( 'NONE',  ( 0.000000000000000000, -0.9999999999999991118, 4.371140887245352218E-08 ) ) ;
#3130 = EDGE_LOOP ( 'NONE', ( #1713, #2201, #5687, #1599 ) ) ;
#3131 = ORIENTED_EDGE ( 'NONE', *, *, #3385, .F. ) ;
#3132 = DIRECTION ( 'NONE',  ( 0.000000000000000000, -0.9999999999999990008, 4.371140884147641557E-08 ) ) ;
#3133 = DIRECTION ( 'NONE',  ( 0.000000000000000000, -0.9999999999999990008, 4.371140884147639571E-08 ) ) ;
#3134 = AXIS2_PLACEMENT_3D ( 'NONE', #3926, #265, #2484 ) ;
#3135 = ADVANCED_FACE ( 'NONE', ( #2429 ), #4094, .F. ) ;
#3136 = DIRECTION ( 'NONE',  ( 1.000000000000000000, 0.000000000000000000, 0.000000000000000000 ) ) ;
#3137 = VERTEX_POINT ( 'NONE', #1524 ) ;
#3138 = FACE_BOUND ( 'NONE', #3477, .T. ) ;
#3139 = EDGE_CURVE ( 'NONE', #5540, #574, #5021, .T. ) ;
#3140 = CIRCLE ( 'NONE', #3692, 1.999999999999996669 ) ;
#3141 = DIRECTION ( 'NONE',  ( -0.9999999998675463964, 1.627596612567151538E-05, 0.000000000000000000 ) ) ;
#3142 = FACE_OUTER_BOUND ( 'NONE', #3069, .T. ) ;
#3143 = EDGE_CURVE ( 'NONE', #2715, #732, #1489, .T. ) ;
#3144 = DIRECTION ( 'NONE',  ( 6.829619963800058489E-16, -1.000000000000000000, 0.000000000000000000 ) ) ;
#3145 = FACE_OUTER_BOUND ( 'NONE', #5627, .T. ) ;
#3146 = ORIENTED_EDGE ( 'NONE', *, *, #3116, .T. ) ;
#3147 = DIRECTION ( 'NONE',  ( -4.180742545671762101E-15, -4.371140887755362005E-08, -0.9999999999999992228 ) ) ;
#3148 = CARTESIAN_POINT ( 'NONE',  ( -51.70836668991861274, -37.99972538755906726, 1.450000698589868797 ) ) ;
#3149 = VERTEX_POINT ( 'NONE', #150 ) ;
#3150 = DIRECTION ( 'NONE',  ( -0.9999999998675463964, 1.627596612607036625E-05, 0.000000000000000000 ) ) ;
#3151 = ORIENTED_EDGE ( 'NONE', *, *, #4694, .F. ) ;
#3152 = EDGE_LOOP ( 'NONE', ( #3471, #2760, #4344, #4790 ) ) ;
#3153 = ORIENTED_EDGE ( 'NONE', *, *, #657, .F. ) ;
#3154 = CARTESIAN_POINT ( 'NONE',  ( 39.16013196753240777, -2.499931335448995373, 3.000000000000000000 ) ) ;
#3155 = CARTESIAN_POINT ( 'NONE',  ( 51.70778888277527585, -38.50140858547049305, 0.000000000000000000 ) ) ;
#3156 = EDGE_LOOP ( 'NONE', ( #441, #348, #2557, #1508 ) ) ;
#3157 = VECTOR ( 'NONE', #2607, 1000.000000000000000 ) ;
#3158 = EDGE_LOOP ( 'NONE', ( #5275, #4110, #2902, #1077 ) ) ;
#3159 = CARTESIAN_POINT ( 'NONE',  ( -51.70828531008798024, -32.99972538822134283, 0.000000000000000000 ) ) ;
#3160 = AXIS2_PLACEMENT_3D ( 'NONE', #459, #22, #2241 ) ;
#3161 = DIRECTION ( 'NONE',  ( -1.000000000000000000, 0.000000000000000000, 0.000000000000000000 ) ) ;
#3162 = DIRECTION ( 'NONE',  ( -0.000000000000000000, -0.000000000000000000, 1.000000000000000000 ) ) ;
#3163 = DIRECTION ( 'NONE',  ( 0.000000000000000000, 0.000000000000000000, -1.000000000000000000 ) ) ;
#3164 = DIRECTION ( 'NONE',  ( 1.000000000000000000, 6.829619963800057503E-16, -0.000000000000000000 ) ) ;
#3165 = DIRECTION ( 'NONE',  ( -0.000000000000000000, 0.000000000000000000, -1.000000000000000000 ) ) ;
#3166 = EDGE_CURVE ( 'NONE', #3619, #4684, #3218, .T. ) ;
#3167 = EDGE_LOOP ( 'NONE', ( #3 ) ) ;
#3168 = AXIS2_PLACEMENT_3D ( 'NONE', #5585, #5122, #5640 ) ;
#3169 = EDGE_CURVE ( 'NONE', #2856, #1471, #3195, .T. ) ;
#3170 = FACE_OUTER_BOUND ( 'NONE', #2965, .T. ) ;
#3171 = DIRECTION ( 'NONE',  ( 1.000000000000000000, 0.000000000000000000, 0.000000000000000000 ) ) ;
#3172 = EDGE_CURVE ( 'NONE', #4625, #597, #647, .T. ) ;
#3173 = ORIENTED_EDGE ( 'NONE', *, *, #1235, .F. ) ;
#3174 = CARTESIAN_POINT ( 'NONE',  ( -61.00000000000001421, -66.00000000000000000, 3.000000000000000000 ) ) ;
#3175 = AXIS2_PLACEMENT_3D ( 'NONE', #1878, #3633, #2698 ) ;
#3176 = VERTEX_POINT ( 'NONE', #1027 ) ;
#3177 = ORIENTED_EDGE ( 'NONE', *, *, #5068, .T. ) ;
#3178 = CARTESIAN_POINT ( 'NONE',  ( -53.71248359946253004, -43.92592313267459048, 0.000000000000000000 ) ) ;
#3179 = AXIS2_PLACEMENT_3D ( 'NONE', #5011, #4534, #4119 ) ;
#3180 = VECTOR ( 'NONE', #1331, 999.9999999999998863 ) ;
#3181 = CARTESIAN_POINT ( 'NONE',  ( 60.99999999999999289, -65.99999999999998579, 3.000000000000000000 ) ) ;
#3182 = CARTESIAN_POINT ( 'NONE',  ( -61.00000000000001421, 66.00000000000000000, 3.000000000000000000 ) ) ;
#3183 = ORIENTED_EDGE ( 'NONE', *, *, #1048, .T. ) ;
#3184 = ORIENTED_EDGE ( 'NONE', *, *, #1201, .F. ) ;
#3185 = CARTESIAN_POINT ( 'NONE',  ( -39.16034355507807874, -33.49992961816254677, 3.000000000000000000 ) ) ;
#3186 = CARTESIAN_POINT ( 'NONE',  ( -42.83908474956610490, -7.499931335448994929, 36.80533964865399810 ) ) ;
#3187 = VECTOR ( 'NONE', #3327, 1000.000000000000000 ) ;
#3188 = DIRECTION ( 'NONE',  ( 0.000000000000000000, 0.000000000000000000, -1.000000000000000000 ) ) ;
#3189 = VECTOR ( 'NONE', #3662, 1000.000000000000227 ) ;
#3190 = FACE_OUTER_BOUND ( 'NONE', #3158, .T. ) ;
#3191 = DIRECTION ( 'NONE',  ( 2.731848123972157184E-15, 1.000000000000000000, -0.000000000000000000 ) ) ;
#3192 = DIRECTION ( 'NONE',  ( 4.180742545671757368E-15, 4.371140887755362005E-08, 0.9999999999999991118 ) ) ;
#3193 = CIRCLE ( 'NONE', #3659, 0.5000000000000004441 ) ;
#3194 = EDGE_CURVE ( 'NONE', #2715, #796, #562, .T. ) ;
#3195 = LINE ( 'NONE', #1914, #1687 ) ;
#3196 = CARTESIAN_POINT ( 'NONE',  ( -37.42808115996353280, -1.499931335448999592, 0.000000000000000000 ) ) ;
#3197 = CIRCLE ( 'NONE', #1802, 1.750000000000003109 ) ;
#3198 = CARTESIAN_POINT ( 'NONE',  ( -39.16013196753240777, -3.499931335448993597, 3.000000000000000000 ) ) ;
#3199 = ORIENTED_EDGE ( 'NONE', *, *, #2952, .F. ) ;
#3200 = DIRECTION ( 'NONE',  ( 0.000000000000000000, 0.000000000000000000, 1.000000000000000000 ) ) ;
#3201 = VERTEX_POINT ( 'NONE', #1437 ) ;
#3202 = VERTEX_POINT ( 'NONE', #1055 ) ;
#3203 = EDGE_CURVE ( 'NONE', #5598, #1313, #3649, .T. ) ;
#3204 = EDGE_CURVE ( 'NONE', #5271, #2324, #125, .T. ) ;
#3205 = FACE_BOUND ( 'NONE', #2023, .T. ) ;
#3206 = CARTESIAN_POINT ( 'NONE',  ( 51.70787840058896734, -33.00140858619899120, 0.000000000000000000 ) ) ;
#3207 = CARTESIAN_POINT ( 'NONE',  ( 60.99999999999999289, -60.99999999999999289, 0.000000000000000000 ) ) ;
#3208 = ORIENTED_EDGE ( 'NONE', *, *, #3916, .T. ) ;
#3209 = ORIENTED_EDGE ( 'NONE', *, *, #1409, .T. ) ;
#3210 = VERTEX_POINT ( 'NONE', #3307 ) ;
#3211 = FACE_OUTER_BOUND ( 'NONE', #1862, .T. ) ;
#3212 = LINE ( 'NONE', #117, #3507 ) ;
#3213 = VECTOR ( 'NONE', #289, 1000.000000000000000 ) ;
#3214 = CARTESIAN_POINT ( 'NONE',  ( 65.99999999999998579, 66.00000000000002842, 0.000000000000000000 ) ) ;
#3215 = CARTESIAN_POINT ( 'NONE',  ( 39.16013196753240777, -2.499931335448993597, 3.000000000000000000 ) ) ;
#3216 = DIRECTION ( 'NONE',  ( -1.000000000000000000, 0.000000000000000000, 0.000000000000000000 ) ) ;
#3217 = DIRECTION ( 'NONE',  ( 0.000000000000000000, 0.000000000000000000, -1.000000000000000000 ) ) ;
#3218 = LINE ( 'NONE', #1885, #5111 ) ;
#3219 = DIRECTION ( 'NONE',  ( 0.000000000000000000, 1.000000000000000000, 0.000000000000000000 ) ) ;
#3220 = CARTESIAN_POINT ( 'NONE',  ( 39.15980643785005100, -40.50120435519815487, 3.000000000000000000 ) ) ;
#3221 = ORIENTED_EDGE ( 'NONE', *, *, #4884, .T. ) ;
#3222 = ORIENTED_EDGE ( 'NONE', *, *, #5527, .F. ) ;
#3223 = ORIENTED_EDGE ( 'NONE', *, *, #307, .T. ) ;
#3224 = CARTESIAN_POINT ( 'NONE',  ( -66.00000000000001421, 61.00000000000000000, 0.000000000000000000 ) ) ;
#3225 = EDGE_CURVE ( 'NONE', #597, #5483, #533, .T. ) ;
#3226 = APPLICATION_PROTOCOL_DEFINITION ( 'international standard', 'config_control_design', 1994, #1401 ) ;
#3227 = DIRECTION ( 'NONE',  ( 1.000000000000000000, 0.000000000000000000, 0.000000000000000000 ) ) ;
#3228 = CARTESIAN_POINT ( 'NONE',  ( 51.70808186218739166, -3.499931335448996261, 0.000000000000000000 ) ) ;
#3229 = ORIENTED_EDGE ( 'NONE', *, *, #5134, .T. ) ;
#3230 = ORIENTED_EDGE ( 'NONE', *, *, #3022, .T. ) ;
#3231 = ORIENTED_EDGE ( 'NONE', *, *, #2135, .F. ) ;
#3232 = ADVANCED_FACE ( 'NONE', ( #2399 ), #97, .F. ) ;
#3233 = DIRECTION ( 'NONE',  ( 0.000000000000000000, 0.9999999999999991118, -4.371140887755362005E-08 ) ) ;
#3234 = VECTOR ( 'NONE', #4530, 1000.000000000000000 ) ;
#3235 = DIRECTION ( 'NONE',  ( -0.000000000000000000, -0.000000000000000000, -1.000000000000000000 ) ) ;
#3236 = CARTESIAN_POINT ( 'NONE',  ( -39.16013196753240777, -3.499931335448993597, 0.000000000000000000 ) ) ;
#3237 = DIRECTION ( 'NONE',  ( -0.000000000000000000, 0.000000000000000000, -1.000000000000000000 ) ) ;
#3238 = AXIS2_PLACEMENT_3D ( 'NONE', #5202, #4401, #400 ) ;
#3239 = AXIS2_PLACEMENT_3D ( 'NONE', #5289, #3995, #2709 ) ;
#3240 = CARTESIAN_POINT ( 'NONE',  ( 52.16814849553698963, -32.80608465091061277, 1.450000471568082983 ) ) ;
#3241 = EDGE_CURVE ( 'NONE', #1946, #3533, #4391, .T. ) ;
#3242 = DIRECTION ( 'NONE',  ( 0.000000000000000000, -0.9999999999999991118, 4.371140884147646851E-08 ) ) ;
#3243 = DIRECTION ( 'NONE',  ( -4.180742545671762101E-15, -4.371140887755362005E-08, -0.9999999999999992228 ) ) ;
#3244 = VERTEX_POINT ( 'NONE', #642 ) ;
#3245 = AXIS2_PLACEMENT_3D ( 'NONE', #1916, #2815, #3724 ) ;
#3246 = AXIS2_PLACEMENT_3D ( 'NONE', #2552, #5279, #1646 ) ;
#3247 = DIRECTION ( 'NONE',  ( 4.180742545671757368E-15, 4.371140887755362005E-08, 0.9999999999999991118 ) ) ;
#3248 = CARTESIAN_POINT ( 'NONE',  ( 33.46453803689025364, -18.40463862520800475, 1.449999842060667010 ) ) ;
#3249 = FACE_OUTER_BOUND ( 'NONE', #4737, .T. ) ;
#3250 = ORIENTED_EDGE ( 'NONE', *, *, #2952, .T. ) ;
#3251 = ORIENTED_EDGE ( 'NONE', *, *, #2844, .F. ) ;
#3252 = VERTEX_POINT ( 'NONE', #4206 ) ;
#3253 = DIRECTION ( 'NONE',  ( -0.000000000000000000, 0.000000000000000000, 1.000000000000000000 ) ) ;
#3254 = ADVANCED_FACE ( 'NONE', ( #1465 ), #5396, .F. ) ;
#3255 = CARTESIAN_POINT ( 'NONE',  ( 8.999999999999975131, -13.46000000000002927, 28.04134375730104622 ) ) ;
#3256 = DIRECTION ( 'NONE',  ( 0.000000000000000000, -0.9999999999999991118, 4.371140887755362005E-08 ) ) ;
#3257 = AXIS2_PLACEMENT_3D ( 'NONE', #3390, #2921, #2082 ) ;
#3258 = ORIENTED_EDGE ( 'NONE', *, *, #316, .F. ) ;
#3259 = AXIS2_PLACEMENT_3D ( 'NONE', #3255, #159, #2823 ) ;
#3260 = EDGE_LOOP ( 'NONE', ( #536, #4244, #4009, #136 ) ) ;
#3261 = ORIENTED_EDGE ( 'NONE', *, *, #4593, .T. ) ;
#3262 = CIRCLE ( 'NONE', #474, 2.000000000000001776 ) ;
#3263 = VECTOR ( 'NONE', #2120, 1000.000000000000000 ) ;
#3264 = CARTESIAN_POINT ( 'NONE',  ( 60.99999999999999289, -65.99999999999998579, 0.000000000000000000 ) ) ;
#3265 = EDGE_CURVE ( 'NONE', #4572, #514, #2371, .T. ) ;
#3266 = AXIS2_PLACEMENT_3D ( 'NONE', #573, #680, #5057 ) ;
#3267 = CARTESIAN_POINT ( 'NONE',  ( 35.21007646689140813, -52.94007753325929855, 28.04134375730104622 ) ) ;
#3268 = CIRCLE ( 'NONE', #478, 3.999999999999996447 ) ;
#3269 = DIRECTION ( 'NONE',  ( -0.000000000000000000, -0.000000000000000000, -1.000000000000000000 ) ) ;
#3270 = EDGE_CURVE ( 'NONE', #1209, #5225, #237, .T. ) ;
#3271 = CYLINDRICAL_SURFACE ( 'NONE', #2706, 2.000000000000001776 ) ;
#3272 = ADVANCED_FACE ( 'NONE', ( #4263 ), #1645, .F. ) ;
#3273 = EDGE_CURVE ( 'NONE', #5015, #3594, #3365, .T. ) ;
#3274 = EDGE_CURVE ( 'NONE', #4189, #1968, #2618, .T. ) ;
#3275 = DIRECTION ( 'NONE',  ( 1.000000000000000000, -1.994248318681189754E-16, 0.000000000000000000 ) ) ;
#3276 = CARTESIAN_POINT ( 'NONE',  ( 39.15983898978230826, -38.50120435546305941, 0.000000000000000000 ) ) ;
#3277 = EDGE_LOOP ( 'NONE', ( #2787, #898, #1785, #1596, #4357, #575, #192, #4140, #824, #2362, #138, #1718 ) ) ;
#3278 = EDGE_CURVE ( 'NONE', #2004, #5605, #1965, .T. ) ;
#3279 = CIRCLE ( 'NONE', #3572, 6.000000000000001776 ) ;
#3280 = DIRECTION ( 'NONE',  ( 0.000000000000000000, 0.000000000000000000, -1.000000000000000000 ) ) ;
#3281 = CARTESIAN_POINT ( 'NONE',  ( -56.25248347830570594, -45.92592313267459048, 0.000000000000000000 ) ) ;
#3282 = CARTESIAN_POINT ( 'NONE',  ( -61.00000000000001421, -61.00000000000000711, 3.000000000000000000 ) ) ;
#3283 = ORIENTED_EDGE ( 'NONE', *, *, #1416, .F. ) ;
#3284 = AXIS2_PLACEMENT_3D ( 'NONE', #2605, #4380, #3072 ) ;
#3285 = ORIENTED_EDGE ( 'NONE', *, *, #595, .F. ) ;
#3286 = ORIENTED_EDGE ( 'NONE', *, *, #2377, .T. ) ;
#3287 = CARTESIAN_POINT ( 'NONE',  ( -13.92494201660204212, -57.37510013580300949, 28.04134375730104622 ) ) ;
#3288 =( NAMED_UNIT ( * ) PLANE_ANGLE_UNIT ( ) SI_UNIT ( $, .RADIAN. ) );
#3289 = AXIS2_PLACEMENT_3D ( 'NONE', #1220, #5581, #5148 ) ;
#3290 = PLANE ( 'NONE',  #4325 ) ;
#3291 = CARTESIAN_POINT ( 'NONE',  ( -42.63473434031897824, -32.49987306896336037, 1.450000458183792196 ) ) ;
#3292 = ORIENTED_EDGE ( 'NONE', *, *, #1276, .F. ) ;
#3293 = ORIENTED_EDGE ( 'NONE', *, *, #4974, .F. ) ;
#3294 = VERTEX_POINT ( 'NONE', #4331 ) ;
#3295 = AXIS2_PLACEMENT_3D ( 'NONE', #537, #5558, #5530 ) ;
#3296 = DIRECTION ( 'NONE',  ( 0.000000000000000000, -0.000000000000000000, 1.000000000000000000 ) ) ;
#3297 = CIRCLE ( 'NONE', #41, 3.500000000000003109 ) ;
#3298 = CARTESIAN_POINT ( 'NONE',  ( 50.52500206014519790, -33.50138933380996775, 0.000000000000000000 ) ) ;
#3299 = DIRECTION ( 'NONE',  ( -0.000000000000000000, -0.000000000000000000, -1.000000000000000000 ) ) ;
#3300 = ADVANCED_FACE ( 'NONE', ( #2456 ), #360, .T. ) ;
#3301 = DIRECTION ( 'NONE',  ( 0.000000000000000000, -0.9999999999999991118, 4.371140887245374055E-08 ) ) ;
#3302 = PRODUCT ( 'Накладка лицевой панели (3D print)', 'Накладка лицевой панели (3D print)', '', ( #4161 ) ) ;
#3303 = CARTESIAN_POINT ( 'NONE',  ( -51.71248359946253714, -33.76592310238539341, 1.450000513524405399 ) ) ;
#3304 = LINE ( 'NONE', #1519, #1715 ) ;
#3305 = EDGE_CURVE ( 'NONE', #3535, #1968, #2551, .T. ) ;
#3306 = EDGE_LOOP ( 'NONE', ( #4471, #3934, #3680, #2942 ) ) ;
#3307 = CARTESIAN_POINT ( 'NONE',  ( -42.83908474956610490, -3.499931335448994485, 0.000000000000000000 ) ) ;
#3308 = LINE ( 'NONE', #1496, #2453 ) ;
#3309 = DIRECTION ( 'NONE',  ( -0.000000000000000000, -0.000000000000000000, -1.000000000000000000 ) ) ;
#3310 = ORIENTED_EDGE ( 'NONE', *, *, #556, .T. ) ;
#3311 = ORIENTED_EDGE ( 'NONE', *, *, #2630, .F. ) ;
#3312 = ORIENTED_EDGE ( 'NONE', *, *, #1131, .F. ) ;
#3313 = VECTOR ( 'NONE', #5287, 1000.000000000000000 ) ;
#3314 = CARTESIAN_POINT ( 'NONE',  ( 45.37007602278353602, -52.94007753325929855, 0.000000000000000000 ) ) ;
#3315 = CARTESIAN_POINT ( 'NONE',  ( -51.50000000000000000, -55.00000000000000000, 0.000000000000000000 ) ) ;
#3316 = CIRCLE ( 'NONE', #982, 0.5000000000000004441 ) ;
#3317 = LINE ( 'NONE', #5084, #1263 ) ;
#3318 = FACE_OUTER_BOUND ( 'NONE', #2217, .T. ) ;
#3319 = ORIENTED_EDGE ( 'NONE', *, *, #1954, .T. ) ;
#3320 = DIRECTION ( 'NONE',  ( -1.000000000000000000, -1.994248318681189754E-16, 0.000000000000000000 ) ) ;
#3321 = EDGE_LOOP ( 'NONE', ( #2163, #997, #496, #5426, #5313, #4433, #1206, #3151, #3823, #5030, #5116, #1166, #5523, #460 ) ) ;
#3322 = ORIENTED_EDGE ( 'NONE', *, *, #4554, .F. ) ;
#3323 = CARTESIAN_POINT ( 'NONE',  ( -61.00000000000001421, -66.00000000000000000, 3.000000000000000000 ) ) ;
#3324 = CARTESIAN_POINT ( 'NONE',  ( -56.25248347830570594, -31.76592310238539341, 28.04134375730104622 ) ) ;
#3325 = DIRECTION ( 'NONE',  ( -0.000000000000000000, 0.000000000000000000, 1.000000000000000000 ) ) ;
#3326 = LINE ( 'NONE', #2085, #1685 ) ;
#3327 = DIRECTION ( 'NONE',  ( -0.000000000000000000, -0.000000000000000000, -1.000000000000000000 ) ) ;
#3328 = LINE ( 'NONE', #4945, #502 ) ;
#3329 = ORIENTED_EDGE ( 'NONE', *, *, #3496, .T. ) ;
#3330 = CARTESIAN_POINT ( 'NONE',  ( 39.16013196753240777, -10.49993133544899493, 3.000000000000000000 ) ) ;
#3331 = EDGE_CURVE ( 'NONE', #5483, #5634, #2056, .T. ) ;
#3332 = CARTESIAN_POINT ( 'NONE',  ( 42.63453902919962246, -2.499931335448994485, 36.80533964865399810 ) ) ;
#3333 = CARTESIAN_POINT ( 'NONE',  ( 30.49987792968802225, -5.499931335448994929, 36.80533964865399810 ) ) ;
#3334 = ORIENTED_EDGE ( 'NONE', *, *, #2536, .F. ) ;
#3335 = AXIS2_PLACEMENT_3D ( 'NONE', #3148, #2652, #4432 ) ;
#3336 = VERTEX_POINT ( 'NONE', #4234 ) ;
#3337 = ORIENTED_EDGE ( 'NONE', *, *, #1282, .T. ) ;
#3338 = AXIS2_PLACEMENT_3D ( 'NONE', #2583, #4299, #5254 ) ;
#3339 = EDGE_CURVE ( 'NONE', #2745, #5696, #185, .T. ) ;
#3340 = DIRECTION ( 'NONE',  ( 0.000000000000000000, -0.9999999999999991118, 4.371140884147631631E-08 ) ) ;
#3341 = COORDINATED_UNIVERSAL_TIME_OFFSET ( 3, 0, .AHEAD. ) ;
#3342 = EDGE_CURVE ( 'NONE', #5634, #3720, #2336, .T. ) ;
#3343 = CARTESIAN_POINT ( 'NONE',  ( -51.70835855193554664, -37.49972538762529695, 0.000000000000000000 ) ) ;
#3344 = CARTESIAN_POINT ( 'NONE',  ( -30.49987792968802225, -5.499931335448994929, 3.000000000000000000 ) ) ;
#3345 = VERTEX_POINT ( 'NONE', #5165 ) ;
#3346 = LINE ( 'NONE', #2103, #2383 ) ;
#3347 = VERTEX_POINT ( 'NONE', #3802 ) ;
#3348 = VERTEX_POINT ( 'NONE', #3398 ) ;
#3349 = EDGE_CURVE ( 'NONE', #5437, #1266, #2798, .T. ) ;
#3350 = DIRECTION ( 'NONE',  ( -2.312964634635742267E-15, -0.9999999999999990008, 4.371140884147638910E-08 ) ) ;
#3351 = VECTOR ( 'NONE', #569, 1000.000000000000000 ) ;
#3352 = EDGE_CURVE ( 'NONE', #3837, #4336, #5560, .T. ) ;
#3353 = ORIENTED_EDGE ( 'NONE', *, *, #246, .F. ) ;
#3354 = DIRECTION ( 'NONE',  ( -0.000000000000000000, -0.000000000000000000, -1.000000000000000000 ) ) ;
#3355 = CIRCLE ( 'NONE', #4194, 1.749999999999994449 ) ;
#3356 = VECTOR ( 'NONE', #3112, 1000.000000000000000 ) ;
#3357 = VECTOR ( 'NONE', #2833, 1000.000000000000000 ) ;
#3358 = DIRECTION ( 'NONE',  ( -1.000000000000000000, 1.994248318681189754E-16, 0.000000000000000000 ) ) ;
#3359 = VECTOR ( 'NONE', #3256, 999.9999999999998863 ) ;
#3360 = AXIS2_PLACEMENT_3D ( 'NONE', #1239, #4770, #1652 ) ;
#3361 = CARTESIAN_POINT ( 'NONE',  ( 30.50012016296399153, -5.499931269881894735, 1.449999277977990886 ) ) ;
#3362 = CARTESIAN_POINT ( 'NONE',  ( 45.37007602278353602, -48.40007575682851382, 28.04134375730104622 ) ) ;
#3363 = FACE_OUTER_BOUND ( 'NONE', #4712, .T. ) ;
#3364 = EDGE_LOOP ( 'NONE', ( #3914, #3646, #1771, #3783 ) ) ;
#3365 = LINE ( 'NONE', #4702, #1106 ) ;
#3366 = DIRECTION ( 'NONE',  ( -1.000000000000000000, 0.000000000000000000, 0.000000000000000000 ) ) ;
#3367 = DIRECTION ( 'NONE',  ( -4.180742545671762101E-15, -4.371140887755362005E-08, -0.9999999999999992228 ) ) ;
#3368 = ORIENTED_EDGE ( 'NONE', *, *, #702, .F. ) ;
#3369 = ORIENTED_EDGE ( 'NONE', *, *, #1552, .T. ) ;
#3370 = CIRCLE ( 'NONE', #391, 1.749999999999994671 ) ;
#3371 = ORIENTED_EDGE ( 'NONE', *, *, #1632, .F. ) ;
#3372 = CARTESIAN_POINT ( 'NONE',  ( 17.49999999999998224, -28.25000000000002842, 1.450000272415346014 ) ) ;
#3373 = CALENDAR_DATE ( 2026, 16, 4 ) ;
#3374 = DIRECTION ( 'NONE',  ( -0.000000000000000000, -0.000000000000000000, -1.000000000000000000 ) ) ;
#3375 = VECTOR ( 'NONE', #1697, 1000.000000000000000 ) ;
#3376 = CARTESIAN_POINT ( 'NONE',  ( 30.49987792968802225, -5.499931335448994929, 36.80533964865399810 ) ) ;
#3377 = VERTEX_POINT ( 'NONE', #3897 ) ;
#3378 = CARTESIAN_POINT ( 'NONE',  ( -53.71248359946253004, -45.92592313267459048, 1.450001045055149707 ) ) ;
#3379 = ORIENTED_EDGE ( 'NONE', *, *, #3331, .T. ) ;
#3380 = VERTEX_POINT ( 'NONE', #1231 ) ;
#3381 = EDGE_CURVE ( 'NONE', #2283, #3698, #4674, .T. ) ;
#3382 = EDGE_CURVE ( 'NONE', #1023, #3594, #1579, .T. ) ;
#3383 = CIRCLE ( 'NONE', #1605, 3.000000000000000888 ) ;
#3384 = DIRECTION ( 'NONE',  ( 4.180742545671762101E-15, 4.371140887755362005E-08, 0.9999999999999992228 ) ) ;
#3385 = EDGE_CURVE ( 'NONE', #875, #4624, #2959, .T. ) ;
#3386 = PRODUCT_DEFINITION_FORMATION_WITH_SPECIFIED_SOURCE ( 'ANY', '', #3302, .NOT_KNOWN. ) ;
#3387 = ORIENTED_EDGE ( 'NONE', *, *, #4420, .T. ) ;
#3388 = CARTESIAN_POINT ( 'NONE',  ( -30.50012207031302935, -35.50007057189899484, 3.000000000000000000 ) ) ;
#3389 = AXIS2_PLACEMENT_3D ( 'NONE', #2895, #4491, #639 ) ;
#3390 = CARTESIAN_POINT ( 'NONE',  ( -39.16013196753240777, -0.4999313354489935968, 0.000000000000000000 ) ) ;
#3391 = CARTESIAN_POINT ( 'NONE',  ( 29.07826691783824913, -17.91882911790084520, 0.000000000000000000 ) ) ;
#3392 = ADVANCED_FACE ( 'NONE', ( #4762 ), #5650, .F. ) ;
#3393 = CARTESIAN_POINT ( 'NONE',  ( 14.95999999999997954, -28.25000000000002487, 0.000000000000000000 ) ) ;
#3394 = DIRECTION ( 'NONE',  ( 0.000000000000000000, 0.000000000000000000, 1.000000000000000000 ) ) ;
#3395 = CARTESIAN_POINT ( 'NONE',  ( -37.99999999999997158, 24.00000000000002842, 0.000000000000000000 ) ) ;
#3396 = VERTEX_POINT ( 'NONE', #3461 ) ;
#3397 = CARTESIAN_POINT ( 'NONE',  ( 45.37007602278353602, -52.94007753325929855, 28.04134375730104622 ) ) ;
#3398 = CARTESIAN_POINT ( 'NONE',  ( 47.02500206014519790, -37.50133236845832840, 0.000000000000000000 ) ) ;
#3399 = CYLINDRICAL_SURFACE ( 'NONE', #2192, 1.999999999999994893 ) ;
#3400 = DIRECTION ( 'NONE',  ( 0.000000000000000000, -0.000000000000000000, 1.000000000000000000 ) ) ;
#3401 = ORIENTED_EDGE ( 'NONE', *, *, #4691, .T. ) ;
#3402 = ORIENTED_EDGE ( 'NONE', *, *, #417, .T. ) ;
#3403 = VERTEX_POINT ( 'NONE', #3778 ) ;
#3404 = DIRECTION ( 'NONE',  ( 0.000000000000000000, 0.000000000000000000, 1.000000000000000000 ) ) ;
#3405 = VECTOR ( 'NONE', #1128, 1000.000000000000000 ) ;
#3406 = CARTESIAN_POINT ( 'NONE',  ( 50.52500172706440651, -40.76931592906048962, 28.04134375730104622 ) ) ;
#3407 = DIRECTION ( 'NONE',  ( 0.000000000000000000, 0.000000000000000000, -1.000000000000000000 ) ) ;
#3408 = ORIENTED_EDGE ( 'NONE', *, *, #2684, .F. ) ;
#3409 = DIRECTION ( 'NONE',  ( 1.000000000000000000, 0.000000000000000000, 0.000000000000000000 ) ) ;
#3410 = VERTEX_POINT ( 'NONE', #16 ) ;
#3411 = ORIENTED_EDGE ( 'NONE', *, *, #625, .T. ) ;
#3412 = VECTOR ( 'NONE', #2672, 1000.000000000000000 ) ;
#3413 = CARTESIAN_POINT ( 'NONE',  ( 39.16013196753240777, -10.49993133544899493, 0.000000000000000000 ) ) ;
#3414 = ADVANCED_FACE ( 'NONE', ( #448 ), #3611, .F. ) ;
#3415 = ORIENTED_EDGE ( 'NONE', *, *, #1486, .F. ) ;
#3416 = CARTESIAN_POINT ( 'NONE',  ( 32.21007646689140813, -48.89130729459745339, 36.80533964865399810 ) ) ;
#3417 = EDGE_CURVE ( 'NONE', #903, #4952, #5252, .T. ) ;
#3418 = PLANE ( 'NONE',  #468 ) ;
#3419 = CARTESIAN_POINT ( 'NONE',  ( -30.49987792968801514, -5.499931269881881413, 1.449999277977991108 ) ) ;
#3420 = EDGE_CURVE ( 'NONE', #3791, #2221, #4421, .T. ) ;
#3421 = DIRECTION ( 'NONE',  ( -0.000000000000000000, -0.000000000000000000, -1.000000000000000000 ) ) ;
#3422 = DIRECTION ( 'NONE',  ( 0.000000000000000000, 0.9999999999999991118, -4.371140887755362005E-08 ) ) ;
#3423 = DIRECTION ( 'NONE',  ( -1.000000000000000000, 0.000000000000000000, 4.180742545671766046E-15 ) ) ;
#3424 = VERTEX_POINT ( 'NONE', #2700 ) ;
#3425 = FACE_OUTER_BOUND ( 'NONE', #5358, .T. ) ;
#3426 = EDGE_CURVE ( 'NONE', #1792, #5598, #4878, .T. ) ;
#3427 = CARTESIAN_POINT ( 'NONE',  ( 0.000000000000000000, 0.000000000000000000, 3.000000000000000000 ) ) ;
#3428 = FACE_OUTER_BOUND ( 'NONE', #2490, .T. ) ;
#3429 = CARTESIAN_POINT ( 'NONE',  ( 39.67810746148602163, -46.40007575682851382, 28.04134375730104622 ) ) ;
#3430 = ORIENTED_EDGE ( 'NONE', *, *, #4941, .T. ) ;
#3431 = VECTOR ( 'NONE', #4065, 1000.000000000000000 ) ;
#3432 = VERTEX_POINT ( 'NONE', #1293 ) ;
#3433 = EDGE_LOOP ( 'NONE', ( #2796, #4097, #3473, #4831, #4427, #2539, #3673, #2602, #1983, #4211, #1040, #4193, #4692, #1268 ) ) ;
#3434 = FACE_OUTER_BOUND ( 'NONE', #1498, .T. ) ;
#3435 = VECTOR ( 'NONE', #1271, 1000.000000000000000 ) ;
#3436 = APPROVAL_STATUS ( 'not_yet_approved' ) ;
#3437 = DIRECTION ( 'NONE',  ( -1.000000000000000000, 0.000000000000000000, -0.000000000000000000 ) ) ;
#3438 = CIRCLE ( 'NONE', #1286, 1.750000000000001554 ) ;
#3439 = LINE ( 'NONE', #4774, #77 ) ;
#3440 = ORIENTED_EDGE ( 'NONE', *, *, #1358, .F. ) ;
#3441 = CARTESIAN_POINT ( 'NONE',  ( 51.70787026260590835, -33.50140858613276151, 0.000000000000000000 ) ) ;
#3442 = ORIENTED_EDGE ( 'NONE', *, *, #1459, .T. ) ;
#3443 = EDGE_CURVE ( 'NONE', #3176, #2028, #4019, .T. ) ;
#3444 = CIRCLE ( 'NONE', #4267, 7.000000000000005329 ) ;
#3445 = DIRECTION ( 'NONE',  ( -0.000000000000000000, -0.000000000000000000, 1.000000000000000000 ) ) ;
#3446 = EDGE_LOOP ( 'NONE', ( #4741, #658, #2811, #3555 ) ) ;
#3447 = DIRECTION ( 'NONE',  ( -0.000000000000000000, 0.000000000000000000, -1.000000000000000000 ) ) ;
#3448 = VECTOR ( 'NONE', #2197, 1000.000000000000000 ) ;
#3449 = EDGE_CURVE ( 'NONE', #2997, #1867, #1762, .T. ) ;
#3450 = CARTESIAN_POINT ( 'NONE',  ( -42.83908474956610490, -7.499931335448994929, 0.000000000000000000 ) ) ;
#3451 = LINE ( 'NONE', #5613, #5128 ) ;
#3452 = CARTESIAN_POINT ( 'NONE',  ( 39.16013196753240777, -8.499931335448994929, 1.449999409112184168 ) ) ;
#3453 = VECTOR ( 'NONE', #2119, 1000.000000000000000 ) ;
#3454 = CARTESIAN_POINT ( 'NONE',  ( 50.52500206014519790, -33.50138933380997486, 1.450000501960839516 ) ) ;
#3455 = ORIENTED_EDGE ( 'NONE', *, *, #2636, .T. ) ;
#3456 = EDGE_CURVE ( 'NONE', #4410, #1867, #3077, .T. ) ;
#3457 = DIRECTION ( 'NONE',  ( 0.000000000000000000, -0.000000000000000000, 1.000000000000000000 ) ) ;
#3458 = ADVANCED_FACE ( 'NONE', ( #878 ), #1324, .F. ) ;
#3459 = VECTOR ( 'NONE', #5278, 1000.000000000000000 ) ;
#3460 = VECTOR ( 'NONE', #3551, 1000.000000000000000 ) ;
#3461 = CARTESIAN_POINT ( 'NONE',  ( 50.52500172706440651, -40.76931592906048962, 0.000000000000000000 ) ) ;
#3462 = DIRECTION ( 'NONE',  ( 1.982541115402063729E-15, -0.9999999999999991118, 4.371140887245356850E-08 ) ) ;
#3463 = CARTESIAN_POINT ( 'NONE',  ( 30.50012016296398443, -5.499931335449008252, 3.000000000000000000 ) ) ;
#3464 = ORIENTED_EDGE ( 'NONE', *, *, #731, .F. ) ;
#3465 = ORIENTED_EDGE ( 'NONE', *, *, #3172, .T. ) ;
#3466 = EDGE_CURVE ( 'NONE', #696, #2668, #1795, .T. ) ;
#3467 = ORIENTED_EDGE ( 'NONE', *, *, #4375, .F. ) ;
#3468 = LINE ( 'NONE', #399, #561 ) ;
#3469 = LINE ( 'NONE', #4858, #3435 ) ;
#3470 = CARTESIAN_POINT ( 'NONE',  ( 41.99999999999999289, 28.00000000000002842, 0.000000000000000000 ) ) ;
#3471 = ORIENTED_EDGE ( 'NONE', *, *, #385, .F. ) ;
#3472 = DIRECTION ( 'NONE',  ( 0.000000000000000000, 0.000000000000000000, 1.000000000000000000 ) ) ;
#3473 = ORIENTED_EDGE ( 'NONE', *, *, #2674, .T. ) ;
#3474 = ORIENTED_EDGE ( 'NONE', *, *, #5335, .F. ) ;
#3475 = DIRECTION ( 'NONE',  ( -0.000000000000000000, -0.000000000000000000, 1.000000000000000000 ) ) ;
#3476 = VECTOR ( 'NONE', #5159, 1000.000000000000000 ) ;
#3477 = EDGE_LOOP ( 'NONE', ( #2646 ) ) ;
#3478 = LINE ( 'NONE', #349, #1156 ) ;
#3479 = VERTEX_POINT ( 'NONE', #2671 ) ;
#3480 = CIRCLE ( 'NONE', #5233, 4.999999999999997335 ) ;
#3481 = CYLINDRICAL_SURFACE ( 'NONE', #3257, 2.000000000000001776 ) ;
#3482 = DIRECTION ( 'NONE',  ( 0.000000000000000000, -0.9999999999999991118, 4.371140887245352218E-08 ) ) ;
#3483 = VECTOR ( 'NONE', #1906, 1000.000000000000000 ) ;
#3484 = CYLINDRICAL_SURFACE ( 'NONE', #4037, 3.500000000000003109 ) ;
#3485 = CARTESIAN_POINT ( 'NONE',  ( 37.99999999999998579, 24.00000000000002842, 0.000000000000000000 ) ) ;
#3486 = EDGE_LOOP ( 'NONE', ( #4076, #4053, #1371, #5290 ) ) ;
#3487 = CARTESIAN_POINT ( 'NONE',  ( -56.25248347830570594, -43.92592313267459048, 0.000000000000000000 ) ) ;
#3488 = EDGE_CURVE ( 'NONE', #942, #3432, #4448, .T. ) ;
#3489 = CIRCLE ( 'NONE', #1340, 2.999999999999998668 ) ;
#3490 = DIRECTION ( 'NONE',  ( -0.000000000000000000, -0.000000000000000000, -1.000000000000000000 ) ) ;
#3491 = VECTOR ( 'NONE', #5099, 1000.000000000000000 ) ;
#3492 = LINE ( 'NONE', #853, #5292 ) ;
#3493 = CYLINDRICAL_SURFACE ( 'NONE', #2503, 12.50000000000000355 ) ;
#3494 = ORIENTED_EDGE ( 'NONE', *, *, #4253, .T. ) ;
#3495 = AXIS2_PLACEMENT_3D ( 'NONE', #3080, #4854, #1483 ) ;
#3496 = EDGE_CURVE ( 'NONE', #1972, #1247, #2148, .T. ) ;
#3497 = ORIENTED_EDGE ( 'NONE', *, *, #5486, .F. ) ;
#3498 = EDGE_CURVE ( 'NONE', #2434, #315, #2232, .T. ) ;
#3499 = ORIENTED_EDGE ( 'NONE', *, *, #2018, .T. ) ;
#3500 = DIRECTION ( 'NONE',  ( -4.625929269271485322E-15, -0.9999999999999990008, 4.371140884147639571E-08 ) ) ;
#3501 = CARTESIAN_POINT ( 'NONE',  ( -51.70836668991861274, -37.99972538755907436, 0.000000000000000000 ) ) ;
#3502 = CARTESIAN_POINT ( 'NONE',  ( -55.00000000000000000, -55.00000000000000000, 0.000000000000000000 ) ) ;
#3503 = ORIENTED_EDGE ( 'NONE', *, *, #772, .T. ) ;
#3504 = DIRECTION ( 'NONE',  ( -0.000000000000000000, 0.000000000000000000, 1.000000000000000000 ) ) ;
#3505 = ORIENTED_EDGE ( 'NONE', *, *, #4730, .F. ) ;
#3506 = ORIENTED_EDGE ( 'NONE', *, *, #3058, .T. ) ;
#3507 = VECTOR ( 'NONE', #984, 1000.000000000000227 ) ;
#3508 = CARTESIAN_POINT ( 'NONE',  ( 42.63453902919962957, -2.499931335448999370, 1.449999146843711006 ) ) ;
#3509 = ORIENTED_EDGE ( 'NONE', *, *, #2075, .F. ) ;
#3510 = ORIENTED_EDGE ( 'NONE', *, *, #3513, .T. ) ;
#3511 = DIRECTION ( 'NONE',  ( 0.000000000000000000, 0.000000000000000000, -1.000000000000000000 ) ) ;
#3512 = CARTESIAN_POINT ( 'NONE',  ( 33.46453803689025364, -18.40463862520800475, 28.04134375730104622 ) ) ;
#3513 = EDGE_CURVE ( 'NONE', #2028, #4802, #2616, .T. ) ;
#3514 = VECTOR ( 'NONE', #1625, 1000.000000000000000 ) ;
#3515 = CARTESIAN_POINT ( 'NONE',  ( -13.92494201660204212, -55.62510013580300949, 1.450001469019673195 ) ) ;
#3516 = ORIENTED_EDGE ( 'NONE', *, *, #1235, .T. ) ;
#3517 = CARTESIAN_POINT ( 'NONE',  ( 39.15996919751131600, -30.50120435652268824, 0.000000000000000000 ) ) ;
#3518 = ADVANCED_BREP_SHAPE_REPRESENTATION ( '=ръырфър ышЎхтющ ярэхыш (3D print)', ( #1480, #119 ), #955 ) ;
#3519 = EDGE_CURVE ( 'NONE', #2720, #3535, #2055, .T. ) ;
#3520 = CARTESIAN_POINT ( 'NONE',  ( 47.02500206014519790, -38.50133236859078067, 0.000000000000000000 ) ) ;
#3521 = CARTESIAN_POINT ( 'NONE',  ( -59.42498535135182181, 8.414992237443547296, 1.449998669737205370 ) ) ;
#3522 = CARTESIAN_POINT ( 'NONE',  ( -39.16013196753240777, -8.499931335448993153, 3.000000000000000000 ) ) ;
#3523 = DIRECTION ( 'NONE',  ( -4.180742545671762101E-15, -4.371140887755362005E-08, -0.9999999999999992228 ) ) ;
#3524 = ORIENTED_EDGE ( 'NONE', *, *, #2420, .F. ) ;
#3525 = EDGE_LOOP ( 'NONE', ( #5171 ) ) ;
#3526 = FACE_OUTER_BOUND ( 'NONE', #3037, .T. ) ;
#3527 = EDGE_CURVE ( 'NONE', #1385, #5425, #4851, .T. ) ;
#3528 = CIRCLE ( 'NONE', #4916, 0.5000000000000004441 ) ;
#3529 = PLANE ( 'NONE',  #2695 ) ;
#3530 = DIRECTION ( 'NONE',  ( 1.000000000000000000, 1.994248318681189754E-16, -0.000000000000000000 ) ) ;
#3531 = ORIENTED_EDGE ( 'NONE', *, *, #1633, .T. ) ;
#3532 = DIRECTION ( 'NONE',  ( 0.000000000000000000, -0.9999999999999990008, 4.371140884147638910E-08 ) ) ;
#3533 = VERTEX_POINT ( 'NONE', #4040 ) ;
#3534 = ADVANCED_FACE ( 'NONE', ( #1826 ), #852, .F. ) ;
#3535 = VERTEX_POINT ( 'NONE', #2611 ) ;
#3536 = AXIS2_PLACEMENT_3D ( 'NONE', #3121, #1332, #801 ) ;
#3537 = EDGE_CURVE ( 'NONE', #928, #5714, #1732, .T. ) ;
#3538 = FACE_BOUND ( 'NONE', #5725, .T. ) ;
#3539 = VECTOR ( 'NONE', #594, 1000.000000000000000 ) ;
#3540 = DIRECTION ( 'NONE',  ( 0.000000000000000000, 0.000000000000000000, 1.000000000000000000 ) ) ;
#3541 = EDGE_LOOP ( 'NONE', ( #3183, #5178, #621, #1180, #2379, #2474, #4495, #344 ) ) ;
#3542 = ORIENTED_EDGE ( 'NONE', *, *, #1436, .F. ) ;
#3543 = EDGE_CURVE ( 'NONE', #2928, #396, #10, .T. ) ;
#3544 = VECTOR ( 'NONE', #5194, 1000.000000000000000 ) ;
#3545 = DIRECTION ( 'NONE',  ( -0.000000000000000000, -0.000000000000000000, -1.000000000000000000 ) ) ;
#3546 = DIRECTION ( 'NONE',  ( -0.9999999998675463964, 1.627596612567151538E-05, 0.000000000000000000 ) ) ;
#3547 = ADVANCED_FACE ( 'NONE', ( #3190 ), #5041, .F. ) ;
#3548 = CARTESIAN_POINT ( 'NONE',  ( 52.20808186218739166, -7.999931335448993153, 0.000000000000000000 ) ) ;
#3549 = EDGE_LOOP ( 'NONE', ( #3251, #922, #2586, #4304, #53, #3464, #273, #1320 ) ) ;
#3550 = FACE_BOUND ( 'NONE', #3525, .T. ) ;
#3551 = DIRECTION ( 'NONE',  ( -0.000000000000000000, 0.000000000000000000, 1.000000000000000000 ) ) ;
#3552 = DIRECTION ( 'NONE',  ( -1.000000000000000000, 0.000000000000000000, 0.000000000000000000 ) ) ;
#3553 = DIRECTION ( 'NONE',  ( 4.180742545671757368E-15, 4.371140887755362005E-08, 0.9999999999999991118 ) ) ;
#3554 = CYLINDRICAL_SURFACE ( 'NONE', #1052, 1.000000000000000888 ) ;
#3555 = ORIENTED_EDGE ( 'NONE', *, *, #4602, .F. ) ;
#3556 = EDGE_LOOP ( 'NONE', ( #4775, #4825, #3250, #491, #351, #465, #2414, #798, #540, #3329 ) ) ;
#3557 = AXIS2_PLACEMENT_3D ( 'NONE', #2025, #5129, #761 ) ;
#3558 = CARTESIAN_POINT ( 'NONE',  ( -30.50012207031303291, -35.50007057189900195, 0.000000000000000000 ) ) ;
#3559 = DIRECTION ( 'NONE',  ( 0.000000000000000000, -0.9999999999999991118, 4.371140887245352218E-08 ) ) ;
#3560 = CIRCLE ( 'NONE', #1024, 5.999999999999998224 ) ;
#3561 = LINE ( 'NONE', #4859, #4733 ) ;
#3562 = VECTOR ( 'NONE', #1975, 1000.000000000000000 ) ;
#3563 = EDGE_LOOP ( 'NONE', ( #5747, #518, #4999, #4632, #4436, #2688, #4946, #3123 ) ) ;
#3564 = PLANE ( 'NONE',  #957 ) ;
#3565 = ORIENTED_EDGE ( 'NONE', *, *, #343, .F. ) ;
#3566 = ORIENTED_EDGE ( 'NONE', *, *, #4112, .T. ) ;
#3567 = FACE_BOUND ( 'NONE', #5086, .T. ) ;
#3568 = FACE_OUTER_BOUND ( 'NONE', #1575, .T. ) ;
#3569 = ORIENTED_EDGE ( 'NONE', *, *, #3807, .F. ) ;
#3570 = EDGE_CURVE ( 'NONE', #5669, #835, #5066, .T. ) ;
#3571 = VERTEX_POINT ( 'NONE', #1050 ) ;
#3572 = AXIS2_PLACEMENT_3D ( 'NONE', #3463, #4736, #730 ) ;
#3573 = DIRECTION ( 'NONE',  ( 1.627596612587094759E-05, 0.9999999998675465074, 0.000000000000000000 ) ) ;
#3574 = ADVANCED_FACE ( 'NONE', ( #5443 ), #2834, .F. ) ;
#3575 = CARTESIAN_POINT ( 'NONE',  ( -57.67498635059415335, -14.44500776255643437, 28.04134375730104622 ) ) ;
#3576 = CIRCLE ( 'NONE', #4210, 3.000000000000000000 ) ;
#3577 = DIRECTION ( 'NONE',  ( 0.000000000000000000, 0.000000000000000000, -1.000000000000000000 ) ) ;
#3578 = VERTEX_POINT ( 'NONE', #530 ) ;
#3579 = ADVANCED_FACE ( 'NONE', ( #1853 ), #4613, .F. ) ;
#3580 = DIRECTION ( 'NONE',  ( 0.000000000000000000, 0.000000000000000000, -1.000000000000000000 ) ) ;
#3581 = AXIS2_PLACEMENT_3D ( 'NONE', #3821, #5698, #4349 ) ;
#3582 = CARTESIAN_POINT ( 'NONE',  ( -39.16032727911196076, -32.49992961829499905, 3.000000000000000000 ) ) ;
#3583 = CARTESIAN_POINT ( 'NONE',  ( -51.71248359946253714, -33.76592310238539341, 28.04134375730104622 ) ) ;
#3584 = CARTESIAN_POINT ( 'NONE',  ( 51.70787840058896734, -33.00140858619899120, 0.000000000000000000 ) ) ;
#3585 = DIRECTION ( 'NONE',  ( 0.000000000000000000, 0.000000000000000000, 1.000000000000000000 ) ) ;
#3586 = VECTOR ( 'NONE', #1274, 1000.000000000000227 ) ;
#3587 = EDGE_LOOP ( 'NONE', ( #4642, #3146, #4102, #3932 ) ) ;
#3588 = CIRCLE ( 'NONE', #317, 12.50000000000000000 ) ;
#3589 = CARTESIAN_POINT ( 'NONE',  ( 47.37007602278353602, -48.40007575682851382, 0.000000000000000000 ) ) ;
#3590 = CYLINDRICAL_SURFACE ( 'NONE', #1566, 0.5000000000000004441 ) ;
#3591 = ORIENTED_EDGE ( 'NONE', *, *, #3843, .T. ) ;
#3592 = DIRECTION ( 'NONE',  ( 0.000000000000000000, -0.000000000000000000, 1.000000000000000000 ) ) ;
#3593 = ORIENTED_EDGE ( 'NONE', *, *, #2203, .F. ) ;
#3594 = VERTEX_POINT ( 'NONE', #2291 ) ;
#3595 = ORIENTED_EDGE ( 'NONE', *, *, #3870, .T. ) ;
#3596 = DIRECTION ( 'NONE',  ( -0.000000000000000000, 0.000000000000000000, -1.000000000000000000 ) ) ;
#3597 = DIRECTION ( 'NONE',  ( 1.000000000000000000, 0.000000000000000000, 0.000000000000000000 ) ) ;
#3598 = VERTEX_POINT ( 'NONE', #3240 ) ;
#3599 = ORIENTED_EDGE ( 'NONE', *, *, #2045, .T. ) ;
#3600 = ORIENTED_EDGE ( 'NONE', *, *, #3845, .T. ) ;
#3601 = CARTESIAN_POINT ( 'NONE',  ( -39.16040865894361644, -37.49992961763273769, 1.450000676743293582 ) ) ;
#3602 = AXIS2_PLACEMENT_3D ( 'NONE', #5415, #1430, #5468 ) ;
#3603 = ADVANCED_FACE ( 'NONE', ( #2314 ), #2777, .T. ) ;
#3604 = ADVANCED_FACE ( 'NONE', ( #2394 ), #2807, .F. ) ;
#3605 = CARTESIAN_POINT ( 'NONE',  ( 51.70808186218739166, -2.999931335448996261, 0.000000000000000000 ) ) ;
#3606 = CIRCLE ( 'NONE', #58, 4.000000000000003553 ) ;
#3607 = EDGE_CURVE ( 'NONE', #893, #3800, #3355, .T. ) ;
#3608 = CARTESIAN_POINT ( 'NONE',  ( 0.000000000000000000, 0.000000000000000000, 3.000000000000000000 ) ) ;
#3609 = EDGE_CURVE ( 'NONE', #4060, #3201, #175, .T. ) ;
#3610 = AXIS2_PLACEMENT_3D ( 'NONE', #4535, #4561, #3216 ) ;
#3611 = CYLINDRICAL_SURFACE ( 'NONE', #2892, 2.000000000000001776 ) ;
#3612 = DIRECTION ( 'NONE',  ( -1.000000000000000000, 0.000000000000000000, 0.000000000000000000 ) ) ;
#3613 = CARTESIAN_POINT ( 'NONE',  ( -36.56205575617909176, -8.999931335448994929, 0.000000000000000000 ) ) ;
#3614 = ORIENTED_EDGE ( 'NONE', *, *, #3352, .F. ) ;
#3615 = DIRECTION ( 'NONE',  ( -0.000000000000000000, 0.000000000000000000, -1.000000000000000000 ) ) ;
#3616 = LINE ( 'NONE', #5318, #4829 ) ;
#3617 = ORIENTED_EDGE ( 'NONE', *, *, #877, .T. ) ;
#3618 = CARTESIAN_POINT ( 'NONE',  ( 51.70808186218739166, -7.999931335448993153, 0.000000000000000000 ) ) ;
#3619 = VERTEX_POINT ( 'NONE', #1406 ) ;
#3620 = ORIENTED_EDGE ( 'NONE', *, *, #5004, .F. ) ;
#3621 = ORIENTED_EDGE ( 'NONE', *, *, #4129, .T. ) ;
#3622 = DIRECTION ( 'NONE',  ( 1.627596612567151877E-05, 0.9999999998675465074, 0.000000000000000000 ) ) ;
#3623 = DIRECTION ( 'NONE',  ( 0.000000000000000000, -0.9999999999999991118, 4.371140887245352218E-08 ) ) ;
#3624 = CARTESIAN_POINT ( 'NONE',  ( -30.49987792968802225, -5.499931335448994929, 0.000000000000000000 ) ) ;
#3625 = ORIENTED_EDGE ( 'NONE', *, *, #2476, .F. ) ;
#3626 = AXIS2_PLACEMENT_3D ( 'NONE', #3631, #1791, #3161 ) ;
#3627 = EDGE_LOOP ( 'NONE', ( #3782, #5196, #5080, #3221, #128, #5711 ) ) ;
#3628 = EDGE_CURVE ( 'NONE', #3733, #5058, #3262, .T. ) ;
#3629 = DIRECTION ( 'NONE',  ( -0.000000000000000000, 0.000000000000000000, -1.000000000000000000 ) ) ;
#3630 = VECTOR ( 'NONE', #1623, 1000.000000000000000 ) ;
#3631 = CARTESIAN_POINT ( 'NONE',  ( 51.70808186218739166, -2.999931335448996261, 0.000000000000000000 ) ) ;
#3632 = EDGE_CURVE ( 'NONE', #1385, #4465, #121, .T. ) ;
#3633 = DIRECTION ( 'NONE',  ( -4.180742545671762101E-15, -4.371140887755362005E-08, -0.9999999999999992228 ) ) ;
#3634 = CARTESIAN_POINT ( 'NONE',  ( 35.21007646689140813, -50.94007753325929855, 28.04134375730104622 ) ) ;
#3635 = CARTESIAN_POINT ( 'NONE',  ( -51.70808186218739166, -7.999931335448993153, 0.000000000000000000 ) ) ;
#3636 = CARTESIAN_POINT ( 'NONE',  ( 51.70808186218739166, -2.999931335448996261, 3.000000000000000000 ) ) ;
#3637 = ADVANCED_FACE ( 'NONE', ( #2751 ), #1460, .F. ) ;
#3638 = EDGE_CURVE ( 'NONE', #783, #3210, #1935, .T. ) ;
#3639 = VECTOR ( 'NONE', #4147, 1000.000000000000000 ) ;
#3640 = LINE ( 'NONE', #3196, #1145 ) ;
#3641 = DIRECTION ( 'NONE',  ( 0.000000000000000000, 0.000000000000000000, -1.000000000000000000 ) ) ;
#3642 = ORIENTED_EDGE ( 'NONE', *, *, #2523, .T. ) ;
#3643 = DIRECTION ( 'NONE',  ( -4.180742545671762101E-15, -4.371140887755362005E-08, -0.9999999999999992228 ) ) ;
#3644 = VECTOR ( 'NONE', #3141, 1000.000000000000227 ) ;
#3645 = ORIENTED_EDGE ( 'NONE', *, *, #3666, .F. ) ;
#3646 = ORIENTED_EDGE ( 'NONE', *, *, #4554, .T. ) ;
#3647 = DIRECTION ( 'NONE',  ( 0.000000000000000000, -0.000000000000000000, 1.000000000000000000 ) ) ;
#3648 = VECTOR ( 'NONE', #517, 1000.000000000000000 ) ;
#3649 = CIRCLE ( 'NONE', #1781, 7.999999999999996447 ) ;
#3650 = CARTESIAN_POINT ( 'NONE',  ( 33.21007646689140813, -48.40007575682851382, 28.04134375730104622 ) ) ;
#3651 = DIRECTION ( 'NONE',  ( -0.000000000000000000, -0.000000000000000000, 1.000000000000000000 ) ) ;
#3652 = ORIENTED_EDGE ( 'NONE', *, *, #4520, .T. ) ;
#3653 = EDGE_LOOP ( 'NONE', ( #3505, #2160, #2933, #1587, #5693, #5258, #4502 ) ) ;
#3654 = ORIENTED_EDGE ( 'NONE', *, *, #887, .T. ) ;
#3655 = CARTESIAN_POINT ( 'NONE',  ( 39.16013196753240777, -0.4999313354489935968, 1.449999059420913117 ) ) ;
#3656 = DIRECTION ( 'NONE',  ( -0.000000000000000000, -0.000000000000000000, 1.000000000000000000 ) ) ;
#3657 = AXIS2_PLACEMENT_3D ( 'NONE', #1264, #3836, #5167 ) ;
#3658 = CARTESIAN_POINT ( 'NONE',  ( 48.77500172706440651, -40.76931592906048252, 28.04134375730104622 ) ) ;
#3659 = AXIS2_PLACEMENT_3D ( 'NONE', #3159, #4979, #2288 ) ;
#3660 = CARTESIAN_POINT ( 'NONE',  ( 39.16013196753240777, -10.49993133544899493, 1.449999496535001819 ) ) ;
#3661 = DIRECTION ( 'NONE',  ( -0.000000000000000000, 1.000000000000000000, -0.000000000000000000 ) ) ;
#3662 = DIRECTION ( 'NONE',  ( 0.9999999998675463964, -1.627596612607036625E-05, 0.000000000000000000 ) ) ;
#3663 = EDGE_CURVE ( 'NONE', #13, #4855, #2341, .T. ) ;
#3664 = AXIS2_PLACEMENT_3D ( 'NONE', #1510, #5002, #4689 ) ;
#3665 = CARTESIAN_POINT ( 'NONE',  ( 50.52500206014519790, -38.50138933447222911, 0.000000000000000000 ) ) ;
#3666 = EDGE_CURVE ( 'NONE', #2565, #429, #1911, .T. ) ;
#3667 = CARTESIAN_POINT ( 'NONE',  ( 31.71453800660105316, -20.13675966251838645, 1.449999917774120961 ) ) ;
#3668 = CC_DESIGN_APPROVAL ( #5260, ( #497 ) ) ;
#3669 = LINE ( 'NONE', #4989, #720 ) ;
#3670 = VERTEX_POINT ( 'NONE', #2367 ) ;
#3671 = EDGE_CURVE ( 'NONE', #903, #283, #5470, .T. ) ;
#3672 = ORIENTED_EDGE ( 'NONE', *, *, #2246, .T. ) ;
#3673 = ORIENTED_EDGE ( 'NONE', *, *, #5580, .T. ) ;
#3674 = CARTESIAN_POINT ( 'NONE',  ( 8.999999999999975131, -13.46000000000002927, 0.000000000000000000 ) ) ;
#3675 = LINE ( 'NONE', #1924, #2794 ) ;
#3676 = CYLINDRICAL_SURFACE ( 'NONE', #5393, 7.999999999999996447 ) ;
#3677 = CIRCLE ( 'NONE', #959, 1.749999999999996225 ) ;
#3678 = ORIENTED_EDGE ( 'NONE', *, *, #4284, .T. ) ;
#3679 = ORIENTED_EDGE ( 'NONE', *, *, #4197, .T. ) ;
#3680 = ORIENTED_EDGE ( 'NONE', *, *, #4497, .F. ) ;
#3681 = EDGE_CURVE ( 'NONE', #5323, #1121, #2425, .T. ) ;
#3682 = LINE ( 'NONE', #140, #401 ) ;
#3683 = ORIENTED_EDGE ( 'NONE', *, *, #335, .T. ) ;
#3684 = DIRECTION ( 'NONE',  ( 0.000000000000000000, -0.9999999999999991118, 4.371140887245352218E-08 ) ) ;
#3685 = AXIS2_PLACEMENT_3D ( 'NONE', #2392, #142, #4171 ) ;
#3686 = CARTESIAN_POINT ( 'NONE',  ( 39.16013196753241488, -7.499931335448995817, 1.449999365400775453 ) ) ;
#3687 = ADVANCED_FACE ( 'NONE', ( #721 ), #5586, .F. ) ;
#3688 = DIRECTION ( 'NONE',  ( -1.000000000000000000, 0.000000000000000000, 0.000000000000000000 ) ) ;
#3689 = PLANE ( 'NONE',  #5072 ) ;
#3690 = CARTESIAN_POINT ( 'NONE',  ( -51.70837482790167883, -38.49972538749284467, 0.000000000000000000 ) ) ;
#3691 = EDGE_CURVE ( 'NONE', #946, #4410, #1105, .T. ) ;
#3692 = AXIS2_PLACEMENT_3D ( 'NONE', #5367, #1796, #1379 ) ;
#3693 = DIRECTION ( 'NONE',  ( 0.000000000000000000, -0.9999999999999991118, 4.371140887245358835E-08 ) ) ;
#3694 = PLANE ( 'NONE',  #1940 ) ;
#3695 = DIRECTION ( 'NONE',  ( 0.000000000000000000, -0.000000000000000000, -1.000000000000000000 ) ) ;
#3696 = VERTEX_POINT ( 'NONE', #2922 ) ;
#3697 = ORIENTED_EDGE ( 'NONE', *, *, #3385, .T. ) ;
#3698 = VERTEX_POINT ( 'NONE', #4696 ) ;
#3699 = EDGE_CURVE ( 'NONE', #2873, #3943, #2478, .T. ) ;
#3700 = CARTESIAN_POINT ( 'NONE',  ( 45.37007602278353602, -46.40007575682851382, 28.04134375730104622 ) ) ;
#3701 = CARTESIAN_POINT ( 'NONE',  ( 53.13099752524905028, -31.34477641991259489, 0.000000000000000000 ) ) ;
#3702 = DIRECTION ( 'NONE',  ( 1.000000000000000000, 1.051347561198064835E-16, -0.000000000000000000 ) ) ;
#3703 = LINE ( 'NONE', #4215, #4105 ) ;
#3704 = ORIENTED_EDGE ( 'NONE', *, *, #2406, .F. ) ;
#3705 = EDGE_CURVE ( 'NONE', #977, #4797, #3326, .T. ) ;
#3706 = VERTEX_POINT ( 'NONE', #5185 ) ;
#3707 = ORIENTED_EDGE ( 'NONE', *, *, #1168, .F. ) ;
#3708 = ADVANCED_FACE ( 'NONE', ( #1310 ), #3772, .F. ) ;
#3709 = ADVANCED_FACE ( 'NONE', ( #4668 ), #2893, .F. ) ;
#3710 = DIRECTION ( 'NONE',  ( 0.000000000000000000, 0.000000000000000000, 1.000000000000000000 ) ) ;
#3711 = AXIS2_PLACEMENT_3D ( 'NONE', #958, #847, #3136 ) ;
#3712 = PLANE ( 'NONE',  #3768 ) ;
#3713 = DIRECTION ( 'NONE',  ( -0.9999999998675463964, 1.627596612567151538E-05, 0.000000000000000000 ) ) ;
#3714 = EDGE_CURVE ( 'NONE', #2146, #2402, #203, .T. ) ;
#3715 = CARTESIAN_POINT ( 'NONE',  ( -30.50012207031303291, -35.50007057189900195, 36.80533964865399810 ) ) ;
#3716 = CIRCLE ( 'NONE', #4258, 1.000000000000000888 ) ;
#3717 = VECTOR ( 'NONE', #368, 1000.000000000000000 ) ;
#3718 = DIRECTION ( 'NONE',  ( -0.9999999998675463964, 1.627596612607036625E-05, 0.000000000000000000 ) ) ;
#3719 = FACE_OUTER_BOUND ( 'NONE', #403, .T. ) ;
#3720 = VERTEX_POINT ( 'NONE', #2510 ) ;
#3721 = CIRCLE ( 'NONE', #170, 4.000000000000003553 ) ;
#3722 = CARTESIAN_POINT ( 'NONE',  ( -30.50012207031303291, -5.499931335448994929, 36.80533964865399810 ) ) ;
#3723 = LINE ( 'NONE', #3779, #4961 ) ;
#3724 = DIRECTION ( 'NONE',  ( -1.000000000000000000, 0.000000000000000000, 0.000000000000000000 ) ) ;
#3725 = ORIENTED_EDGE ( 'NONE', *, *, #4122, .F. ) ;
#3726 = ORIENTED_EDGE ( 'NONE', *, *, #1029, .F. ) ;
#3727 = ORIENTED_EDGE ( 'NONE', *, *, #1954, .F. ) ;
#3728 = VECTOR ( 'NONE', #3299, 1000.000000000000000 ) ;
#3729 = DIRECTION ( 'NONE',  ( 1.000000000000000000, 0.000000000000000000, 0.000000000000000000 ) ) ;
#3730 = FACE_OUTER_BOUND ( 'NONE', #5376, .T. ) ;
#3731 = PLANE ( 'NONE',  #3266 ) ;
#3732 = CIRCLE ( 'NONE', #4935, 1.749999999999994671 ) ;
#3733 = VERTEX_POINT ( 'NONE', #4756 ) ;
#3734 = EDGE_LOOP ( 'NONE', ( #927 ) ) ;
#3735 = ORIENTED_EDGE ( 'NONE', *, *, #5494, .F. ) ;
#3736 = ADVANCED_FACE ( 'NONE', ( #5157 ), #1543, .F. ) ;
#3737 = AXIS2_PLACEMENT_3D ( 'NONE', #4820, #2204, #5708 ) ;
#3738 = AXIS2_PLACEMENT_3D ( 'NONE', #616, #4962, #5073 ) ;
#3739 = CARTESIAN_POINT ( 'NONE',  ( 30.49987792968802225, -35.50007057189900195, 0.000000000000000000 ) ) ;
#3740 = ADVANCED_FACE ( 'NONE', ( #5094 ), #230, .F. ) ;
#3741 = CARTESIAN_POINT ( 'NONE',  ( -39.16042493490974152, -38.49992961750028542, 1.450000720454702519 ) ) ;
#3742 = AXIS2_PLACEMENT_3D ( 'NONE', #5172, #599, #3500 ) ;
#3743 = FACE_OUTER_BOUND ( 'NONE', #5329, .T. ) ;
#3744 = DIRECTION ( 'NONE',  ( -1.000000000000000000, 0.000000000000000000, 0.000000000000000000 ) ) ;
#3745 = DIRECTION ( 'NONE',  ( -0.000000000000000000, 0.000000000000000000, 1.000000000000000000 ) ) ;
#3746 = DIRECTION ( 'NONE',  ( -1.000000000000000000, 0.000000000000000000, 0.000000000000000000 ) ) ;
#3747 = DIRECTION ( 'NONE',  ( -1.000000000000000000, 0.000000000000000000, 0.000000000000000000 ) ) ;
#3748 = ORIENTED_EDGE ( 'NONE', *, *, #1987, .F. ) ;
#3749 = CIRCLE ( 'NONE', #944, 0.5000000000000004441 ) ;
#3750 = DIRECTION ( 'NONE',  ( 0.000000000000000000, 0.000000000000000000, -1.000000000000000000 ) ) ;
#3751 = LINE ( 'NONE', #5509, #3812 ) ;
#3752 = CARTESIAN_POINT ( 'NONE',  ( -42.63478316982463667, -2.499931335449001146, 1.449999146844068942 ) ) ;
#3753 = ORIENTED_EDGE ( 'NONE', *, *, #3963, .T. ) ;
#3754 = AXIS2_PLACEMENT_3D ( 'NONE', #4168, #169, #2445 ) ;
#3755 = ORIENTED_EDGE ( 'NONE', *, *, #1852, .F. ) ;
#3756 = ORIENTED_EDGE ( 'NONE', *, *, #3104, .F. ) ;
#3757 = DIRECTION ( 'NONE',  ( 0.000000000000000000, -1.000000000000000000, 0.000000000000000000 ) ) ;
#3758 = CARTESIAN_POINT ( 'NONE',  ( 0.000000000000000000, 0.000000000000000000, 0.000000000000000000 ) ) ;
#3759 = VECTOR ( 'NONE', #1125, 1000.000000000000000 ) ;
#3760 = CARTESIAN_POINT ( 'NONE',  ( 50.52500206014519790, -33.14931709140557814, 1.450000486571265901 ) ) ;
#3761 = DIRECTION ( 'NONE',  ( -0.000000000000000000, -0.000000000000000000, -1.000000000000000000 ) ) ;
#3762 = ORIENTED_EDGE ( 'NONE', *, *, #1348, .T. ) ;
#3763 = CYLINDRICAL_SURFACE ( 'NONE', #5170, 2.000000000000001776 ) ;
#3764 = VERTEX_POINT ( 'NONE', #5644 ) ;
#3765 = VERTEX_POINT ( 'NONE', #1670 ) ;
#3766 = AXIS2_PLACEMENT_3D ( 'NONE', #4371, #1772, #1689 ) ;
#3767 = LINE ( 'NONE', #225, #3014 ) ;
#3768 = AXIS2_PLACEMENT_3D ( 'NONE', #4170, #171, #1960 ) ;
#3769 = LINE ( 'NONE', #3298, #5257 ) ;
#3770 = EDGE_CURVE ( 'NONE', #4104, #4104, #931, .T. ) ;
#3771 = DIRECTION ( 'NONE',  ( -1.000000000000000000, -1.994248318681190000E-16, 4.180742554388906240E-15 ) ) ;
#3772 = CYLINDRICAL_SURFACE ( 'NONE', #3825, 0.5000000000000004441 ) ;
#3773 = LINE ( 'NONE', #2316, #4405 ) ;
#3774 = CARTESIAN_POINT ( 'NONE',  ( -58.25248347830570594, -43.92592313267459048, 0.000000000000000000 ) ) ;
#3775 = EDGE_CURVE ( 'NONE', #1679, #3765, #5302, .T. ) ;
#3776 = ORIENTED_EDGE ( 'NONE', *, *, #3513, .F. ) ;
#3777 = ADVANCED_FACE ( 'NONE', ( #1994 ), #1571, .F. ) ;
#3778 = CARTESIAN_POINT ( 'NONE',  ( 51.70808186218739166, -7.499931335448993153, 3.000000000000000000 ) ) ;
#3779 = CARTESIAN_POINT ( 'NONE',  ( -51.73034350111014135, -33.49923858745518146, 0.7250002567622051419 ) ) ;
#3780 = LINE ( 'NONE', #99, #5745 ) ;
#3781 = EDGE_LOOP ( 'NONE', ( #4992, #4372, #1425, #1643 ) ) ;
#3782 = ORIENTED_EDGE ( 'NONE', *, *, #772, .F. ) ;
#3783 = ORIENTED_EDGE ( 'NONE', *, *, #3443, .T. ) ;
#3784 = CIRCLE ( 'NONE', #3238, 7.999999999999996447 ) ;
#3785 = DIRECTION ( 'NONE',  ( -0.000000000000000000, 0.000000000000000000, -1.000000000000000000 ) ) ;
#3786 = PERSON_AND_ORGANIZATION ( #4257, #2917 ) ;
#3787 = LINE ( 'NONE', #3406, #1539 ) ;
#3788 = CARTESIAN_POINT ( 'NONE',  ( 47.37007602278353602, -48.40007575682851382, 28.04134375730104622 ) ) ;
#3789 = VERTEX_POINT ( 'NONE', #4254 ) ;
#3790 = DIRECTION ( 'NONE',  ( 0.000000000000000000, 0.000000000000000000, 1.000000000000000000 ) ) ;
#3791 = VERTEX_POINT ( 'NONE', #260 ) ;
#3792 = VERTEX_POINT ( 'NONE', #4724 ) ;
#3793 = CARTESIAN_POINT ( 'NONE',  ( -39.16013196753240777, -10.49993133544899493, 1.449999496535329335 ) ) ;
#3794 = DIRECTION ( 'NONE',  ( -0.000000000000000000, -0.000000000000000000, -1.000000000000000000 ) ) ;
#3795 = CARTESIAN_POINT ( 'NONE',  ( 0.000000000000000000, 0.000000000000000000, 0.000000000000000000 ) ) ;
#3796 = AXIS2_PLACEMENT_3D ( 'NONE', #4758, #1165, #2955 ) ;
#3797 = CARTESIAN_POINT ( 'NONE',  ( -13.92494201660204212, -55.62510013580300949, 28.04134375730104622 ) ) ;
#3798 = CARTESIAN_POINT ( 'NONE',  ( 30.49987792968802225, -5.499931335448994929, 1.449999277977988221 ) ) ;
#3799 = DIRECTION ( 'NONE',  ( 3.414809992080331488E-16, -1.000000000000000000, 0.000000000000000000 ) ) ;
#3800 = VERTEX_POINT ( 'NONE', #3861 ) ;
#3801 = VECTOR ( 'NONE', #5234, 1000.000000000000000 ) ;
#3802 = CARTESIAN_POINT ( 'NONE',  ( 47.02500206014519790, -33.50133236792851932, 1.450000501958363497 ) ) ;
#3803 = CARTESIAN_POINT ( 'NONE',  ( 39.15980643785005100, -40.50120435519815487, 0.000000000000000000 ) ) ;
#3804 = FACE_OUTER_BOUND ( 'NONE', #5402, .T. ) ;
#3805 = ADVANCED_FACE ( 'NONE', ( #5615, #495 ), #4500, .F. ) ;
#3806 = ORIENTED_EDGE ( 'NONE', *, *, #845, .T. ) ;
#3807 = EDGE_CURVE ( 'NONE', #3943, #3837, #2423, .T. ) ;
#3808 = AXIS2_PLACEMENT_3D ( 'NONE', #5056, #2531, #4743 ) ;
#3809 = AXIS2_PLACEMENT_3D ( 'NONE', #4300, #362, #3400 ) ;
#3810 = ORIENTED_EDGE ( 'NONE', *, *, #3166, .T. ) ;
#3811 = ORIENTED_EDGE ( 'NONE', *, *, #2472, .F. ) ;
#3812 = VECTOR ( 'NONE', #1525, 1000.000000000000000 ) ;
#3813 = DIRECTION ( 'NONE',  ( -0.000000000000000000, -0.000000000000000000, 1.000000000000000000 ) ) ;
#3814 = LINE ( 'NONE', #5570, #2576 ) ;
#3815 = CARTESIAN_POINT ( 'NONE',  ( 32.21007646689140813, -48.89130729459745339, 1.450001174676161853 ) ) ;
#3816 = ORIENTED_EDGE ( 'NONE', *, *, #3488, .T. ) ;
#3817 = DIRECTION ( 'NONE',  ( -6.829619984160652130E-16, 1.000000000000000000, 0.000000000000000000 ) ) ;
#3818 = EDGE_LOOP ( 'NONE', ( #840, #3027, #549, #5730 ) ) ;
#3819 = ORIENTED_EDGE ( 'NONE', *, *, #2951, .F. ) ;
#3820 = ADVANCED_FACE ( 'NONE', ( #4439 ), #3676, .F. ) ;
#3821 = CARTESIAN_POINT ( 'NONE',  ( 55.67099752524903522, -31.34477664196644398, 0.000000000000000000 ) ) ;
#3822 = AXIS2_PLACEMENT_3D ( 'NONE', #2100, #2496, #739 ) ;
#3823 = ORIENTED_EDGE ( 'NONE', *, *, #4318, .T. ) ;
#3824 = CARTESIAN_POINT ( 'NONE',  ( -37.99999999999997158, 24.00000000000002842, 3.000000000000000000 ) ) ;
#3825 = AXIS2_PLACEMENT_3D ( 'NONE', #324, #4639, #2114 ) ;
#3826 = PLANE ( 'NONE',  #177 ) ;
#3827 = CIRCLE ( 'NONE', #2524, 4.999999999999997335 ) ;
#3828 = VECTOR ( 'NONE', #5261, 1000.000000000000000 ) ;
#3829 = CARTESIAN_POINT ( 'NONE',  ( 4.574954986571961868, -57.07508182525601370, 28.04134375730104622 ) ) ;
#3830 = DIRECTION ( 'NONE',  ( 1.000000000000000000, 0.000000000000000000, 0.000000000000000000 ) ) ;
#3831 = LINE ( 'NONE', #789, #3901 ) ;
#3832 = VERTEX_POINT ( 'NONE', #1899 ) ;
#3833 = DIRECTION ( 'NONE',  ( 1.000000000000000000, 2.775557561562891745E-15, -4.180742666995297129E-15 ) ) ;
#3834 = CARTESIAN_POINT ( 'NONE',  ( 14.95999999999997954, -24.75000000000002132, 0.000000000000000000 ) ) ;
#3835 = PLANE ( 'NONE',  #413 ) ;
#3836 = DIRECTION ( 'NONE',  ( -0.000000000000000000, 0.000000000000000000, -1.000000000000000000 ) ) ;
#3837 = VERTEX_POINT ( 'NONE', #2765 ) ;
#3838 = EDGE_CURVE ( 'NONE', #3789, #5126, #2660, .T. ) ;
#3839 = EDGE_LOOP ( 'NONE', ( #4054, #100, #1492, #803 ) ) ;
#3840 = CIRCLE ( 'NONE', #4584, 12.50000000000000533 ) ;
#3841 = ORIENTED_EDGE ( 'NONE', *, *, #1803, .T. ) ;
#3842 = CARTESIAN_POINT ( 'NONE',  ( 39.15992036961191047, -33.50120435612532077, 1.450000501952796617 ) ) ;
#3843 = EDGE_CURVE ( 'NONE', #4362, #5256, #2891, .T. ) ;
#3844 = CALENDAR_DATE ( 2026, 16, 4 ) ;
#3845 = EDGE_CURVE ( 'NONE', #2767, #4034, #2888, .T. ) ;
#3846 = LINE ( 'NONE', #5601, #2317 ) ;
#3847 = CIRCLE ( 'NONE', #4586, 12.50000000000000355 ) ;
#3848 = CARTESIAN_POINT ( 'NONE',  ( -37.42808115996353280, -1.499931335449005809, 1.449999103132642242 ) ) ;
#3849 = ORIENTED_EDGE ( 'NONE', *, *, #166, .T. ) ;
#3850 = DIRECTION ( 'NONE',  ( -0.000000000000000000, 0.000000000000000000, -1.000000000000000000 ) ) ;
#3851 = ORIENTED_EDGE ( 'NONE', *, *, #1617, .T. ) ;
#3852 = VERTEX_POINT ( 'NONE', #5326 ) ;
#3853 = AXIS2_PLACEMENT_3D ( 'NONE', #4581, #2417, #1454 ) ;
#3854 = CARTESIAN_POINT ( 'NONE',  ( 2.074954986571962312, -55.32508182525601370, 28.04134375730104622 ) ) ;
#3855 = ORIENTED_EDGE ( 'NONE', *, *, #4310, .F. ) ;
#3856 = DIRECTION ( 'NONE',  ( 0.9999999999999961142, 8.742277677795539484E-08, -8.002115286624055570E-15 ) ) ;
#3857 = AXIS2_PLACEMENT_3D ( 'NONE', #804, #5291, #3532 ) ;
#3858 = EDGE_CURVE ( 'NONE', #4659, #3432, #870, .T. ) ;
#3859 = DIRECTION ( 'NONE',  ( 0.000000000000000000, -0.000000000000000000, -1.000000000000000000 ) ) ;
#3860 = CARTESIAN_POINT ( 'NONE',  ( 39.16013196753240777, -7.499931335448995817, 0.000000000000000000 ) ) ;
#3861 = CARTESIAN_POINT ( 'NONE',  ( -55.92498535135183602, 8.414992237443547296, 1.449998669737191603 ) ) ;
#3862 = FACE_OUTER_BOUND ( 'NONE', #83, .T. ) ;
#3863 = DIRECTION ( 'NONE',  ( -3.414809992080326558E-16, 0.9999999999999991118, -4.371140887755362005E-08 ) ) ;
#3864 = VERTEX_POINT ( 'NONE', #925 ) ;
#3865 = FACE_OUTER_BOUND ( 'NONE', #953, .T. ) ;
#3866 = DIRECTION ( 'NONE',  ( 1.000000000000000000, 0.000000000000000000, -4.180742545671766046E-15 ) ) ;
#3867 = CARTESIAN_POINT ( 'NONE',  ( 39.16013196753240777, -8.499931335448993153, 0.000000000000000000 ) ) ;
#3868 = DIRECTION ( 'NONE',  ( -1.000000000000000000, 0.000000000000000000, 0.000000000000000000 ) ) ;
#3869 = ORIENTED_EDGE ( 'NONE', *, *, #284, .F. ) ;
#3870 = EDGE_CURVE ( 'NONE', #5655, #5446, #5578, .T. ) ;
#3871 = VERTEX_POINT ( 'NONE', #109 ) ;
#3872 = ORIENTED_EDGE ( 'NONE', *, *, #3691, .T. ) ;
#3873 = DIRECTION ( 'NONE',  ( 0.000000000000000000, 0.000000000000000000, -1.000000000000000000 ) ) ;
#3874 = AXIS2_PLACEMENT_3D ( 'NONE', #1098, #2887, #1071 ) ;
#3875 = PERSON_AND_ORGANIZATION ( #4257, #2917 ) ;
#3876 = LINE ( 'NONE', #5630, #1831 ) ;
#3877 = CARTESIAN_POINT ( 'NONE',  ( 14.95999999999997954, -24.75000000000002132, 28.04134375730104622 ) ) ;
#3878 = ORIENTED_EDGE ( 'NONE', *, *, #3103, .F. ) ;
#3879 = DIRECTION ( 'NONE',  ( 0.000000000000000000, -0.000000000000000000, 1.000000000000000000 ) ) ;
#3880 = EDGE_CURVE ( 'NONE', #5540, #2210, #1874, .T. ) ;
#3881 = ORIENTED_EDGE ( 'NONE', *, *, #1270, .T. ) ;
#3882 = AXIS2_PLACEMENT_3D ( 'NONE', #5114, #709, #4776 ) ;
#3883 = PLANE ( 'NONE',  #4678 ) ;
#3884 = ADVANCED_FACE ( 'NONE', ( #3568 ), #1842, .T. ) ;
#3885 = EDGE_CURVE ( 'NONE', #455, #2003, #560, .T. ) ;
#3886 = ORIENTED_EDGE ( 'NONE', *, *, #4305, .F. ) ;
#3887 = DIRECTION ( 'NONE',  ( 0.000000000000000000, -0.000000000000000000, -1.000000000000000000 ) ) ;
#3888 = ADVANCED_FACE ( 'NONE', ( #2282 ), #2220, .F. ) ;
#3889 = DIRECTION ( 'NONE',  ( -1.627596612587094759E-05, -0.9999999998675465074, 0.000000000000000000 ) ) ;
#3890 = DIRECTION ( 'NONE',  ( 0.000000000000000000, 0.000000000000000000, -1.000000000000000000 ) ) ;
#3891 = DIRECTION ( 'NONE',  ( -1.040834085586084257E-14, -0.9999999999999991118, 4.371140884147639571E-08 ) ) ;
#3892 = EDGE_CURVE ( 'NONE', #2305, #3149, #3827, .T. ) ;
#3893 = DIRECTION ( 'NONE',  ( -4.180742545671762101E-15, -4.371140887755362005E-08, -0.9999999999999992228 ) ) ;
#3894 = CYLINDRICAL_SURFACE ( 'NONE', #3796, 12.50000000000000355 ) ;
#3895 = VERTEX_POINT ( 'NONE', #4470 ) ;
#3896 = FACE_OUTER_BOUND ( 'NONE', #5153, .T. ) ;
#3897 = CARTESIAN_POINT ( 'NONE',  ( -51.70808186218739166, -7.499931335448993153, 3.000000000000000000 ) ) ;
#3898 = DIRECTION ( 'NONE',  ( -0.000000000000000000, 0.000000000000000000, -1.000000000000000000 ) ) ;
#3899 = CARTESIAN_POINT ( 'NONE',  ( 30.49987792968802225, -35.50007057189900195, 36.80533964865399810 ) ) ;
#3900 = VERTEX_POINT ( 'NONE', #467 ) ;
#3901 = VECTOR ( 'NONE', #2926, 1000.000000000000000 ) ;
#3902 = VERTEX_POINT ( 'NONE', #2254 ) ;
#3903 = ORIENTED_EDGE ( 'NONE', *, *, #5534, .F. ) ;
#3904 = CYLINDRICAL_SURFACE ( 'NONE', #5308, 3.500000000000003109 ) ;
#3905 = PERSON_AND_ORGANIZATION ( #4257, #2917 ) ;
#3906 = LINE ( 'NONE', #860, #5738 ) ;
#3907 = AXIS2_PLACEMENT_3D ( 'NONE', #1301, #1414, #4918 ) ;
#3908 = DIRECTION ( 'NONE',  ( 0.000000000000000000, -0.000000000000000000, 1.000000000000000000 ) ) ;
#3909 = VERTEX_POINT ( 'NONE', #3182 ) ;
#3910 = CARTESIAN_POINT ( 'NONE',  ( 39.15992036961294076, -33.50120435612532077, 0.000000000000000000 ) ) ;
#3911 = ORIENTED_EDGE ( 'NONE', *, *, #995, .F. ) ;
#3912 = ORIENTED_EDGE ( 'NONE', *, *, #456, .T. ) ;
#3913 = DIRECTION ( 'NONE',  ( -1.000000000000000000, -1.994248318681190000E-16, 4.180742554388906240E-15 ) ) ;
#3914 = ORIENTED_EDGE ( 'NONE', *, *, #2774, .F. ) ;
#3915 = DIRECTION ( 'NONE',  ( -1.000000000000000000, 0.000000000000000000, 0.000000000000000000 ) ) ;
#3916 = EDGE_CURVE ( 'NONE', #2459, #2928, #4031, .T. ) ;
#3917 = ORIENTED_EDGE ( 'NONE', *, *, #4, .F. ) ;
#3918 = VECTOR ( 'NONE', #3859, 1000.000000000000000 ) ;
#3919 = DIRECTION ( 'NONE',  ( -0.000000000000000000, -0.000000000000000000, -1.000000000000000000 ) ) ;
#3920 = DIRECTION ( 'NONE',  ( 4.180742545671762101E-15, 4.371140887755362005E-08, 0.9999999999999992228 ) ) ;
#3921 = EDGE_CURVE ( 'NONE', #3403, #2826, #4574, .T. ) ;
#3922 = CARTESIAN_POINT ( 'NONE',  ( -58.25248347830570594, -33.76592426473047226, 1.450000513524490220 ) ) ;
#3923 = AXIS2_PLACEMENT_3D ( 'NONE', #3608, #3075, #4507 ) ;
#3924 = FACE_OUTER_BOUND ( 'NONE', #3093, .T. ) ;
#3925 = ORIENTED_EDGE ( 'NONE', *, *, #2078, .T. ) ;
#3926 = CARTESIAN_POINT ( 'NONE',  ( 55.00000000000000000, -55.00000000000000000, 3.000000000000000000 ) ) ;
#3927 = VECTOR ( 'NONE', #1638, 1000.000000000000000 ) ;
#3928 = VECTOR ( 'NONE', #4885, 1000.000000000000000 ) ;
#3929 = CARTESIAN_POINT ( 'NONE',  ( 51.70787026260590835, -33.50140858613276151, 0.000000000000000000 ) ) ;
#3930 = DIRECTION ( 'NONE',  ( -0.000000000000000000, -0.000000000000000000, 1.000000000000000000 ) ) ;
#3931 = DIRECTION ( 'NONE',  ( 1.000000000000000000, 0.000000000000000000, 0.000000000000000000 ) ) ;
#3932 = ORIENTED_EDGE ( 'NONE', *, *, #139, .T. ) ;
#3933 = ORIENTED_EDGE ( 'NONE', *, *, #2311, .F. ) ;
#3934 = ORIENTED_EDGE ( 'NONE', *, *, #4593, .F. ) ;
#3935 = LINE ( 'NONE', #366, #4106 ) ;
#3936 = APPROVAL_ROLE ( '' ) ;
#3937 = DIRECTION ( 'NONE',  ( 0.000000000000000000, 0.000000000000000000, -1.000000000000000000 ) ) ;
#3938 = CARTESIAN_POINT ( 'NONE',  ( -53.71248359946253004, -31.76592310238540051, 0.000000000000000000 ) ) ;
#3939 = ORIENTED_EDGE ( 'NONE', *, *, #4452, .T. ) ;
#3940 = LINE ( 'NONE', #404, #4784 ) ;
#3941 = AXIS2_PLACEMENT_3D ( 'NONE', #722, #2020, #5216 ) ;
#3942 = ORIENTED_EDGE ( 'NONE', *, *, #3916, .F. ) ;
#3943 = VERTEX_POINT ( 'NONE', #5355 ) ;
#3944 = DIRECTION ( 'NONE',  ( -2.775557561562891351E-15, 1.000000000000000000, 0.000000000000000000 ) ) ;
#3945 = ORIENTED_EDGE ( 'NONE', *, *, #4941, .F. ) ;
#3946 = PLANE ( 'NONE',  #883 ) ;
#3947 = VERTEX_POINT ( 'NONE', #1368 ) ;
#3948 = VECTOR ( 'NONE', #5556, 1000.000000000000227 ) ;
#3949 = ADVANCED_FACE ( 'NONE', ( #628 ), #4138, .F. ) ;
#3950 = LINE ( 'NONE', #5702, #4184 ) ;
#3951 = CARTESIAN_POINT ( 'NONE',  ( -13.92494201660204212, -53.87510013580300949, 0.000000000000000000 ) ) ;
#3952 = CIRCLE ( 'NONE', #2271, 3.000000000000000444 ) ;
#3953 = CARTESIAN_POINT ( 'NONE',  ( 38.99823860727875058, -44.66674203942632460, 1.450000990014433722 ) ) ;
#3954 = EDGE_CURVE ( 'NONE', #2284, #164, #4577, .T. ) ;
#3955 = ORIENTED_EDGE ( 'NONE', *, *, #64, .F. ) ;
#3956 = CARTESIAN_POINT ( 'NONE',  ( 47.02500206014519790, -33.50133236792851221, 0.000000000000000000 ) ) ;
#3957 = CARTESIAN_POINT ( 'NONE',  ( 33.21007646689140813, -48.40007691917356425, 1.450001153203535953 ) ) ;
#3958 = AXIS2_PLACEMENT_3D ( 'NONE', #617, #5537, #2059 ) ;
#3959 = CARTESIAN_POINT ( 'NONE',  ( -30.50012207031303291, -35.50007057189900195, 36.80533964865399810 ) ) ;
#3960 = CARTESIAN_POINT ( 'NONE',  ( -51.71248359946253714, -33.76592310238539341, 0.000000000000000000 ) ) ;
#3961 = EDGE_CURVE ( 'NONE', #3978, #1555, #4655, .T. ) ;
#3962 = ORIENTED_EDGE ( 'NONE', *, *, #5009, .F. ) ;
#3963 = EDGE_CURVE ( 'NONE', #2361, #4680, #2855, .T. ) ;
#3964 = VERTEX_POINT ( 'NONE', #3291 ) ;
#3965 = ORIENTED_EDGE ( 'NONE', *, *, #3607, .T. ) ;
#3966 = DIRECTION ( 'NONE',  ( 1.000000000000000000, 0.000000000000000000, 0.000000000000000000 ) ) ;
#3967 = DIRECTION ( 'NONE',  ( 1.000000000000000000, 0.000000000000000000, 0.000000000000000000 ) ) ;
#3968 = DIRECTION ( 'NONE',  ( 0.000000000000000000, -0.9999999999999990008, 4.371140888484446938E-08 ) ) ;
#3969 = VERTEX_POINT ( 'NONE', #2411 ) ;
#3970 = EDGE_CURVE ( 'NONE', #875, #1443, #3703, .T. ) ;
#3971 = FACE_OUTER_BOUND ( 'NONE', #2216, .T. ) ;
#3972 = ORIENTED_EDGE ( 'NONE', *, *, #1590, .F. ) ;
#3973 = ORIENTED_EDGE ( 'NONE', *, *, #771, .T. ) ;
#3974 = AXIS2_PLACEMENT_3D ( 'NONE', #172, #1961, #5525 ) ;
#3975 = ADVANCED_FACE ( 'NONE', ( #3318 ), #3731, .F. ) ;
#3976 = CARTESIAN_POINT ( 'NONE',  ( 47.02500172706440651, -40.76931592906048962, 1.450000819652162543 ) ) ;
#3977 = ORIENTED_EDGE ( 'NONE', *, *, #5218, .F. ) ;
#3978 = VERTEX_POINT ( 'NONE', #3228 ) ;
#3979 = CARTESIAN_POINT ( 'NONE',  ( 39.15980643785005100, -40.50120435519815487, 0.000000000000000000 ) ) ;
#3980 = CARTESIAN_POINT ( 'NONE',  ( 30.49987792968802225, -5.499931335448994929, 0.000000000000000000 ) ) ;
#3981 = CARTESIAN_POINT ( 'NONE',  ( 14.95999999999997954, -28.25000000000002487, 28.04134375730104622 ) ) ;
#3982 = EDGE_LOOP ( 'NONE', ( #5705, #2866, #4417, #1143 ) ) ;
#3983 = LINE ( 'NONE', #2262, #1872 ) ;
#3984 = DIRECTION ( 'NONE',  ( -1.000000000000000000, 0.000000000000000000, 0.000000000000000000 ) ) ;
#3985 = CYLINDRICAL_SURFACE ( 'NONE', #1292, 12.50000000000000000 ) ;
#3986 = CARTESIAN_POINT ( 'NONE',  ( 51.70808186218739166, -8.499931335448993153, 0.000000000000000000 ) ) ;
#3987 = DIRECTION ( 'NONE',  ( 1.000000000000000000, 0.000000000000000000, 0.000000000000000000 ) ) ;
#3988 = ORIENTED_EDGE ( 'NONE', *, *, #5567, .T. ) ;
#3989 = ORIENTED_EDGE ( 'NONE', *, *, #2319, .F. ) ;
#3990 = CARTESIAN_POINT ( 'NONE',  ( -30.50012207031303291, -35.50007057189900195, 3.000000000000000000 ) ) ;
#3991 = EDGE_CURVE ( 'NONE', #651, #651, #3560, .T. ) ;
#3992 = CIRCLE ( 'NONE', #3711, 7.999999999999996447 ) ;
#3993 = EDGE_CURVE ( 'NONE', #313, #3535, #4289, .T. ) ;
#3994 = DIRECTION ( 'NONE',  ( -0.000000000000000000, -0.000000000000000000, -1.000000000000000000 ) ) ;
#3995 = DIRECTION ( 'NONE',  ( -4.180742545671762101E-15, -4.371140887755362005E-08, -0.9999999999999992228 ) ) ;
#3996 = ORIENTED_EDGE ( 'NONE', *, *, #3143, .T. ) ;
#3997 = CARTESIAN_POINT ( 'NONE',  ( 0.000000000000000000, 0.000000000000000000, 3.000000000000000000 ) ) ;
#3998 = ORIENTED_EDGE ( 'NONE', *, *, #2143, .T. ) ;
#3999 = EDGE_CURVE ( 'NONE', #3432, #1528, #285, .T. ) ;
#4000 = ORIENTED_EDGE ( 'NONE', *, *, #2249, .T. ) ;
#4001 = CARTESIAN_POINT ( 'NONE',  ( -51.70837482790167883, -38.49972538749284467, 3.000000000000000000 ) ) ;
#4002 = DIRECTION ( 'NONE',  ( 0.000000000000000000, -0.000000000000000000, 1.000000000000000000 ) ) ;
#4003 = ORIENTED_EDGE ( 'NONE', *, *, #2398, .T. ) ;
#4004 = ADVANCED_FACE ( 'NONE', ( #220 ), #2824, .T. ) ;
#4005 = ORIENTED_EDGE ( 'NONE', *, *, #2684, .T. ) ;
#4006 = CARTESIAN_POINT ( 'NONE',  ( 0.000000000000000000, -15.99999999999998579, 3.000000000000000000 ) ) ;
#4007 = DIRECTION ( 'NONE',  ( -1.000000000000000000, 0.000000000000000000, 0.000000000000000000 ) ) ;
#4008 = FACE_OUTER_BOUND ( 'NONE', #1626, .T. ) ;
#4009 = ORIENTED_EDGE ( 'NONE', *, *, #2177, .F. ) ;
#4010 = CARTESIAN_POINT ( 'NONE',  ( 30.49987792968802225, -35.50007057189900195, 1.450000589326344569 ) ) ;
#4011 = AXIS2_PLACEMENT_3D ( 'NONE', #3658, #2393, #1099 ) ;
#4012 = CARTESIAN_POINT ( 'NONE',  ( 39.15985526574843334, -37.50120435559551169, 3.000000000000000000 ) ) ;
#4013 = DIRECTION ( 'NONE',  ( -4.180742545671762101E-15, -4.371140887755362005E-08, -0.9999999999999992228 ) ) ;
#4014 = FACE_OUTER_BOUND ( 'NONE', #2976, .T. ) ;
#4015 = CIRCLE ( 'NONE', #1565, 2.000000000000001776 ) ;
#4016 = DIRECTION ( 'NONE',  ( -4.180742545671762101E-15, -4.371140887755362005E-08, -0.9999999999999992228 ) ) ;
#4017 = VECTOR ( 'NONE', #3718, 1000.000000000000227 ) ;
#4018 = ORIENTED_EDGE ( 'NONE', *, *, #309, .T. ) ;
#4019 = CIRCLE ( 'NONE', #1019, 7.000000000000002665 ) ;
#4020 = DIRECTION ( 'NONE',  ( 0.000000000000000000, 0.000000000000000000, 1.000000000000000000 ) ) ;
#4021 = CARTESIAN_POINT ( 'NONE',  ( -42.63483199611572871, -38.49987306816863253, 1.450000720452245595 ) ) ;
#4022 = VECTOR ( 'NONE', #2875, 1000.000000000000227 ) ;
#4023 = ORIENTED_EDGE ( 'NONE', *, *, #1013, .F. ) ;
#4024 = CARTESIAN_POINT ( 'NONE',  ( 53.13099752524905028, -29.59477641991259489, 0.000000000000000000 ) ) ;
#4025 = ORIENTED_EDGE ( 'NONE', *, *, #4397, .F. ) ;
#4026 = VERTEX_POINT ( 'NONE', #1505 ) ;
#4027 = EDGE_LOOP ( 'NONE', ( #2428, #4781, #3748, #4947 ) ) ;
#4028 = ADVANCED_FACE ( 'NONE', ( #1560 ), #5457, .F. ) ;
#4029 = EDGE_CURVE ( 'NONE', #3202, #2710, #191, .T. ) ;
#4030 = LINE ( 'NONE', #1749, #206 ) ;
#4031 = LINE ( 'NONE', #32, #3648 ) ;
#4032 = VERTEX_POINT ( 'NONE', #1003 ) ;
#4033 = ADVANCED_FACE ( 'NONE', ( #1980 ), #4163, .F. ) ;
#4034 = VERTEX_POINT ( 'NONE', #2359 ) ;
#4035 = VECTOR ( 'NONE', #3144, 1000.000000000000000 ) ;
#4036 = DIRECTION ( 'NONE',  ( 1.000000000000000000, 0.000000000000000000, 0.000000000000000000 ) ) ;
#4037 = AXIS2_PLACEMENT_3D ( 'NONE', #815, #2173, #1256 ) ;
#4038 = LINE ( 'NONE', #4956, #1280 ) ;
#4039 = FACE_OUTER_BOUND ( 'NONE', #211, .T. ) ;
#4040 = CARTESIAN_POINT ( 'NONE',  ( 34.17085951043083725, -17.44873438152214717, 0.000000000000000000 ) ) ;
#4041 = DIRECTION ( 'NONE',  ( 0.9999999998675463964, -1.627596612607036625E-05, 0.000000000000000000 ) ) ;
#4042 = DIRECTION ( 'NONE',  ( 0.000000000000000000, 0.000000000000000000, 1.000000000000000000 ) ) ;
#4043 = LINE ( 'NONE', #116, #3026 ) ;
#4044 = VECTOR ( 'NONE', #4641, 1000.000000000000000 ) ;
#4045 = ORIENTED_EDGE ( 'NONE', *, *, #1814, .T. ) ;
#4046 = AXIS2_PLACEMENT_3D ( 'NONE', #581, #5006, #4483 ) ;
#4047 = FACE_OUTER_BOUND ( 'NONE', #1938, .T. ) ;
#4048 = EDGE_CURVE ( 'NONE', #4892, #2533, #2258, .T. ) ;
#4049 = DIRECTION ( 'NONE',  ( -1.000000000000000000, 0.000000000000000000, 0.000000000000000000 ) ) ;
#4050 = VERTEX_POINT ( 'NONE', #2908 ) ;
#4051 = DIRECTION ( 'NONE',  ( -4.180742545671762101E-15, -4.371140887755362005E-08, -0.9999999999999992228 ) ) ;
#4052 = ORIENTED_EDGE ( 'NONE', *, *, #3681, .T. ) ;
#4053 = ORIENTED_EDGE ( 'NONE', *, *, #5151, .T. ) ;
#4054 = ORIENTED_EDGE ( 'NONE', *, *, #839, .T. ) ;
#4055 = DIRECTION ( 'NONE',  ( -0.9999999998675463964, 1.627596612567151538E-05, 0.000000000000000000 ) ) ;
#4056 = CARTESIAN_POINT ( 'NONE',  ( 37.42777190647672114, -39.50117616453032809, 0.000000000000000000 ) ) ;
#4057 = DIRECTION ( 'NONE',  ( -0.000000000000000000, 0.000000000000000000, -1.000000000000000000 ) ) ;
#4058 = ORIENTED_EDGE ( 'NONE', *, *, #196, .F. ) ;
#4059 = ADVANCED_FACE ( 'NONE', ( #5085 ), #4683, .F. ) ;
#4060 = VERTEX_POINT ( 'NONE', #3470 ) ;
#4061 = ORIENTED_EDGE ( 'NONE', *, *, #5532, .T. ) ;
#4062 = CARTESIAN_POINT ( 'NONE',  ( 52.20779702069211226, -38.00141672351978173, 0.000000000000000000 ) ) ;
#4063 = ADVANCED_FACE ( 'NONE', ( #5142 ), #2070, .F. ) ;
#4064 = EDGE_CURVE ( 'NONE', #5323, #2221, #538, .T. ) ;
#4065 = DIRECTION ( 'NONE',  ( -1.000000000000000000, -1.994248318681189754E-16, 0.000000000000000000 ) ) ;
#4066 = CARTESIAN_POINT ( 'NONE',  ( 60.99999999999999289, -60.99999999999999289, 3.000000000000000000 ) ) ;
#4067 = VECTOR ( 'NONE', #3661, 1000.000000000000000 ) ;
#4068 = CARTESIAN_POINT ( 'NONE',  ( -57.67498535135182181, 8.414992237443547296, 1.449998669737193824 ) ) ;
#4069 = FACE_OUTER_BOUND ( 'NONE', #3260, .T. ) ;
#4070 = DIRECTION ( 'NONE',  ( 0.9999999999999961142, 8.742277677795539484E-08, -8.002115286624055570E-15 ) ) ;
#4071 = CARTESIAN_POINT ( 'NONE',  ( 35.21007646689140813, -52.94007753325929855, 28.04134375730104622 ) ) ;
#4072 = CARTESIAN_POINT ( 'NONE',  ( -13.92494201660204212, -55.62510013580300949, 0.000000000000000000 ) ) ;
#4073 = ORIENTED_EDGE ( 'NONE', *, *, #2024, .T. ) ;
#4074 = DIRECTION ( 'NONE',  ( -0.000000000000000000, 0.000000000000000000, -1.000000000000000000 ) ) ;
#4075 = ORIENTED_EDGE ( 'NONE', *, *, #1523, .T. ) ;
#4076 = ORIENTED_EDGE ( 'NONE', *, *, #3022, .F. ) ;
#4077 = FACE_BOUND ( 'NONE', #1837, .T. ) ;
#4078 = CARTESIAN_POINT ( 'NONE',  ( 30.49963378098338396, -35.50106340185905651, 0.000000000000000000 ) ) ;
#4079 = DIRECTION ( 'NONE',  ( -0.000000000000000000, -0.000000000000000000, -1.000000000000000000 ) ) ;
#4080 = ORIENTED_EDGE ( 'NONE', *, *, #1583, .T. ) ;
#4081 = ORIENTED_EDGE ( 'NONE', *, *, #5039, .F. ) ;
#4082 = ORIENTED_EDGE ( 'NONE', *, *, #4284, .F. ) ;
#4083 = CARTESIAN_POINT ( 'NONE',  ( -39.16013196753240777, -8.499931335448993153, 0.000000000000000000 ) ) ;
#4084 = EDGE_CURVE ( 'NONE', #3864, #3345, #4468, .T. ) ;
#4085 = DIRECTION ( 'NONE',  ( -0.9999999998675463964, 1.627596612567151538E-05, 0.000000000000000000 ) ) ;
#4086 = CIRCLE ( 'NONE', #5008, 12.50000000000000355 ) ;
#4087 = DIRECTION ( 'NONE',  ( -4.180742545671762101E-15, -4.371140887755362005E-08, -0.9999999999999992228 ) ) ;
#4088 = EDGE_CURVE ( 'NONE', #5298, #767, #1384, .T. ) ;
#4089 = ADVANCED_FACE ( 'NONE', ( #5602 ), #340, .F. ) ;
#4090 = DIRECTION ( 'NONE',  ( -0.000000000000000000, -0.000000000000000000, 1.000000000000000000 ) ) ;
#4091 = CARTESIAN_POINT ( 'NONE',  ( 39.16013196753240777, -3.499931335448993597, 3.000000000000000000 ) ) ;
#4092 = CARTESIAN_POINT ( 'NONE',  ( -52.20828531002175765, -32.99971725023826963, 3.000000000000000000 ) ) ;
#4093 = AXIS2_PLACEMENT_3D ( 'NONE', #541, #442, #2328 ) ;
#4094 = CYLINDRICAL_SURFACE ( 'NONE', #5213, 12.50000000000000000 ) ;
#4095 = DIRECTION ( 'NONE',  ( 1.000000000000000000, -1.994248318681189754E-16, 0.000000000000000000 ) ) ;
#4096 = DIRECTION ( 'NONE',  ( -1.000000000000000000, 0.000000000000000000, 0.000000000000000000 ) ) ;
#4097 = ORIENTED_EDGE ( 'NONE', *, *, #1123, .T. ) ;
#4098 = CARTESIAN_POINT ( 'NONE',  ( 0.000000000000000000, -15.99999999999998579, 3.000000000000000000 ) ) ;
#4099 = AXIS2_PLACEMENT_3D ( 'NONE', #5681, #4480, #479 ) ;
#4100 = AXIS2_PLACEMENT_3D ( 'NONE', #4359, #2091, #4734 ) ;
#4101 = ORIENTED_EDGE ( 'NONE', *, *, #1048, .F. ) ;
#4102 = ORIENTED_EDGE ( 'NONE', *, *, #5733, .T. ) ;
#4103 = CARTESIAN_POINT ( 'NONE',  ( 10.99999999999997513, -18.54000000000002757, 28.04134375730104622 ) ) ;
#4104 = VERTEX_POINT ( 'NONE', #5517 ) ;
#4105 = VECTOR ( 'NONE', #3761, 1000.000000000000000 ) ;
#4106 = VECTOR ( 'NONE', #5742, 999.9999999999998863 ) ;
#4107 = PLANE ( 'NONE',  #543 ) ;
#4108 = CARTESIAN_POINT ( 'NONE',  ( 60.99999999999999289, 61.00000000000003553, 3.000000000000000000 ) ) ;
#4109 = ORIENTED_EDGE ( 'NONE', *, *, #1747, .T. ) ;
#4110 = ORIENTED_EDGE ( 'NONE', *, *, #4392, .T. ) ;
#4111 = ORIENTED_EDGE ( 'NONE', *, *, #2169, .T. ) ;
#4112 = EDGE_CURVE ( 'NONE', #2136, #178, #3439, .T. ) ;
#4113 = LINE ( 'NONE', #5438, #1132 ) ;
#4114 = EDGE_CURVE ( 'NONE', #1187, #2471, #4273, .T. ) ;
#4115 = DIRECTION ( 'NONE',  ( -4.180742545671762101E-15, -4.371140887755362005E-08, -0.9999999999999992228 ) ) ;
#4116 = VECTOR ( 'NONE', #5529, 1000.000000000000000 ) ;
#4117 = FACE_OUTER_BOUND ( 'NONE', #490, .T. ) ;
#4118 = AXIS2_PLACEMENT_3D ( 'NONE', #3575, #4474, #3101 ) ;
#4119 = DIRECTION ( 'NONE',  ( -1.000000000000000000, 0.000000000000000000, 0.000000000000000000 ) ) ;
#4120 = LINE ( 'NONE', #2265, #3412 ) ;
#4121 = LINE ( 'NONE', #123, #5587 ) ;
#4122 = EDGE_CURVE ( 'NONE', #3696, #3670, #4801, .T. ) ;
#4123 = VECTOR ( 'NONE', #3233, 999.9999999999998863 ) ;
#4124 = EDGE_CURVE ( 'NONE', #5514, #3410, #1686, .T. ) ;
#4125 = DIRECTION ( 'NONE',  ( -1.000000000000000000, 0.000000000000000000, 0.000000000000000000 ) ) ;
#4126 = CARTESIAN_POINT ( 'NONE',  ( 36.56205575617909176, -1.999931335448999148, 1.449999124988037291 ) ) ;
#4127 = EDGE_CURVE ( 'NONE', #3594, #2656, #3438, .T. ) ;
#4128 = CARTESIAN_POINT ( 'NONE',  ( -38.00000000000000000, 28.00000000000002842, 3.000000000000000000 ) ) ;
#4129 = EDGE_CURVE ( 'NONE', #2324, #1207, #4711, .T. ) ;
#4130 = VERTEX_POINT ( 'NONE', #4341 ) ;
#4131 = VECTOR ( 'NONE', #3799, 1000.000000000000000 ) ;
#4132 = ORIENTED_EDGE ( 'NONE', *, *, #2345, .F. ) ;
#4133 = VERTEX_POINT ( 'NONE', #2128 ) ;
#4134 = DIRECTION ( 'NONE',  ( 0.000000000000000000, -0.000000000000000000, 1.000000000000000000 ) ) ;
#4135 = CALENDAR_DATE ( 2026, 16, 4 ) ;
#4136 = EDGE_CURVE ( 'NONE', #3244, #3733, #168, .T. ) ;
#4137 = FACE_OUTER_BOUND ( 'NONE', #3156, .T. ) ;
#4138 = CYLINDRICAL_SURFACE ( 'NONE', #15, 0.5000000000000004441 ) ;
#4139 = EDGE_LOOP ( 'NONE', ( #2488 ) ) ;
#4140 = ORIENTED_EDGE ( 'NONE', *, *, #5003, .T. ) ;
#4141 = ORIENTED_EDGE ( 'NONE', *, *, #354, .F. ) ;
#4142 = EDGE_CURVE ( 'NONE', #3039, #3698, #257, .T. ) ;
#4143 = CARTESIAN_POINT ( 'NONE',  ( -37.42839040353538138, -39.49995780816809798, 3.000000000000000000 ) ) ;
#4144 = DIRECTION ( 'NONE',  ( 0.000000000000000000, 0.000000000000000000, -1.000000000000000000 ) ) ;
#4145 = DIRECTION ( 'NONE',  ( 1.000000000000000000, 2.775557561562891351E-15, 0.000000000000000000 ) ) ;
#4146 = AXIS2_PLACEMENT_3D ( 'NONE', #2609, #4701, #4389 ) ;
#4147 = DIRECTION ( 'NONE',  ( -1.000000000000000000, -2.102695122396129669E-16, 0.000000000000000000 ) ) ;
#4148 = CARTESIAN_POINT ( 'NONE',  ( -30.50012207031303291, -35.50007057189900195, 0.000000000000000000 ) ) ;
#4149 = DIRECTION ( 'NONE',  ( 1.000000000000000000, 0.000000000000000000, 0.000000000000000000 ) ) ;
#4150 = DIRECTION ( 'NONE',  ( -1.000000000000000000, 0.000000000000000000, 0.000000000000000000 ) ) ;
#4151 = ORIENTED_EDGE ( 'NONE', *, *, #4546, .T. ) ;
#4152 = CIRCLE ( 'NONE', #2298, 1.999999999999996669 ) ;
#4153 = DIRECTION ( 'NONE',  ( 1.000000000000000000, 0.000000000000000000, -4.180742545671766046E-15 ) ) ;
#4154 = CARTESIAN_POINT ( 'NONE',  ( 50.40063686045313318, -32.50138730951373134, 0.000000000000000000 ) ) ;
#4155 = CYLINDRICAL_SURFACE ( 'NONE', #2699, 12.50000000000000355 ) ;
#4156 = EDGE_LOOP ( 'NONE', ( #2104 ) ) ;
#4157 = VERTEX_POINT ( 'NONE', #3848 ) ;
#4158 = EDGE_LOOP ( 'NONE', ( #645, #1869, #1152, #4003 ) ) ;
#4159 = LINE ( 'NONE', #4652, #2802 ) ;
#4160 = EDGE_CURVE ( 'NONE', #2757, #5163, #1664, .T. ) ;
#4161 = MECHANICAL_CONTEXT ( 'NONE', #1094, 'mechanical' ) ;
#4162 = CYLINDRICAL_SURFACE ( 'NONE', #4281, 7.999999999999996447 ) ;
#4163 = PLANE ( 'NONE',  #4755 ) ;
#4164 = ORIENTED_EDGE ( 'NONE', *, *, #3570, .T. ) ;
#4165 = ADVANCED_FACE ( 'NONE', ( #4744 ), #5659, .F. ) ;
#4166 = ORIENTED_EDGE ( 'NONE', *, *, #5162, .T. ) ;
#4167 = ORIENTED_EDGE ( 'NONE', *, *, #2105, .F. ) ;
#4168 = CARTESIAN_POINT ( 'NONE',  ( 38.00000000000000000, 46.00000000000002842, 0.000000000000000000 ) ) ;
#4169 = CIRCLE ( 'NONE', #2963, 2.000000000000003553 ) ;
#4170 = CARTESIAN_POINT ( 'NONE',  ( 47.02500206014519790, -33.14931592906049218, 28.04134375730104622 ) ) ;
#4171 = DIRECTION ( 'NONE',  ( 1.000000000000000000, 0.000000000000000000, 0.000000000000000000 ) ) ;
#4172 = CARTESIAN_POINT ( 'NONE',  ( 32.21007646689140813, -48.89130729459745339, 0.000000000000000000 ) ) ;
#4173 = AXIS2_PLACEMENT_3D ( 'NONE', #3877, #1215, #1243 ) ;
#4174 = CARTESIAN_POINT ( 'NONE',  ( 41.99999999999999289, 28.00000000000002842, 0.000000000000000000 ) ) ;
#4175 = DIRECTION ( 'NONE',  ( 0.9999999999999961142, 8.742277677795539484E-08, -8.002115286624055570E-15 ) ) ;
#4176 = ORIENTED_EDGE ( 'NONE', *, *, #1630, .F. ) ;
#4177 = VECTOR ( 'NONE', #5195, 1000.000000000000000 ) ;
#4178 = DIRECTION ( 'NONE',  ( 0.9999999998675463964, -1.627596612567151538E-05, 7.072646676513224198E-13 ) ) ;
#4179 = CARTESIAN_POINT ( 'NONE',  ( 51.70808186218739166, -2.499931335448996261, 3.000000000000000000 ) ) ;
#4180 = DIRECTION ( 'NONE',  ( -0.000000000000000000, -0.000000000000000000, -1.000000000000000000 ) ) ;
#4181 = ORIENTED_EDGE ( 'NONE', *, *, #2446, .T. ) ;
#4182 = VERTEX_POINT ( 'NONE', #4313 ) ;
#4183 = ORIENTED_EDGE ( 'NONE', *, *, #4124, .T. ) ;
#4184 = VECTOR ( 'NONE', #3253, 1000.000000000000000 ) ;
#4185 = DIRECTION ( 'NONE',  ( -4.180742545671762101E-15, -4.371140887755362005E-08, -0.9999999999999992228 ) ) ;
#4186 = DIRECTION ( 'NONE',  ( 0.000000000000000000, -0.9999999999999991118, 4.371140887755362005E-08 ) ) ;
#4187 = DIRECTION ( 'NONE',  ( 1.000000000000000000, 0.000000000000000000, 0.000000000000000000 ) ) ;
#4188 = AXIS2_PLACEMENT_3D ( 'NONE', #960, #5277, #2750 ) ;
#4189 = VERTEX_POINT ( 'NONE', #3938 ) ;
#4190 = DIRECTION ( 'NONE',  ( 1.000000000000000000, 0.000000000000000000, 0.000000000000000000 ) ) ;
#4191 = ORIENTED_EDGE ( 'NONE', *, *, #4981, .T. ) ;
#4192 = ADVANCED_FACE ( 'NONE', ( #312 ), #5631, .F. ) ;
#4193 = ORIENTED_EDGE ( 'NONE', *, *, #4688, .T. ) ;
#4194 = AXIS2_PLACEMENT_3D ( 'NONE', #4068, #4984, #3301 ) ;
#4195 = AXIS2_PLACEMENT_3D ( 'NONE', #1676, #3021, #4792 ) ;
#4196 = DIRECTION ( 'NONE',  ( -1.000000000000000000, -1.365923996832131412E-15, 4.180742605378228526E-15 ) ) ;
#4197 = EDGE_CURVE ( 'NONE', #1502, #1502, #5093, .T. ) ;
#4198 = EDGE_CURVE ( 'NONE', #437, #26, #1833, .T. ) ;
#4199 = LINE ( 'NONE', #1908, #1067 ) ;
#4200 = FACE_OUTER_BOUND ( 'NONE', #5077, .T. ) ;
#4201 = DIRECTION ( 'NONE',  ( -0.000000000000000000, -0.000000000000000000, 1.000000000000000000 ) ) ;
#4202 = DIRECTION ( 'NONE',  ( -1.000000000000000000, 0.000000000000000000, 0.000000000000000000 ) ) ;
#4203 = DIRECTION ( 'NONE',  ( -0.000000000000000000, -0.000000000000000000, -1.000000000000000000 ) ) ;
#4204 = VERTEX_POINT ( 'NONE', #4539 ) ;
#4205 = AXIS2_PLACEMENT_3D ( 'NONE', #4482, #4042, #45 ) ;
#4206 = CARTESIAN_POINT ( 'NONE',  ( -52.20808186218739166, -7.999931335448993153, 3.000000000000000000 ) ) ;
#4207 = CARTESIAN_POINT ( 'NONE',  ( 48.77500206014519080, -33.14931592906049218, 28.04134375730104622 ) ) ;
#4208 = DIRECTION ( 'NONE',  ( 1.000000000000000000, 0.000000000000000000, 0.000000000000000000 ) ) ;
#4209 = EDGE_LOOP ( 'NONE', ( #2515, #3614, #3569, #2911 ) ) ;
#4210 = AXIS2_PLACEMENT_3D ( 'NONE', #3655, #956, #3133 ) ;
#4211 = ORIENTED_EDGE ( 'NONE', *, *, #5051, .T. ) ;
#4212 = ORIENTED_EDGE ( 'NONE', *, *, #3088, .F. ) ;
#4213 = DIRECTION ( 'NONE',  ( -0.9999999998675463964, 1.627596612567151538E-05, -7.072646676513224198E-13 ) ) ;
#4214 = DIRECTION ( 'NONE',  ( -0.000000000000000000, -0.000000000000000000, -1.000000000000000000 ) ) ;
#4215 = CARTESIAN_POINT ( 'NONE',  ( 53.13099752524905028, -29.59477641991259489, 28.04134375730104622 ) ) ;
#4216 = ORIENTED_EDGE ( 'NONE', *, *, #5150, .F. ) ;
#4217 = CARTESIAN_POINT ( 'NONE',  ( -51.71248359946253714, -38.49970843832759471, 1.450000735578369060 ) ) ;
#4218 = ORIENTED_EDGE ( 'NONE', *, *, #3102, .F. ) ;
#4219 = ORIENTED_EDGE ( 'NONE', *, *, #4619, .T. ) ;
#4220 = AXIS2_PLACEMENT_3D ( 'NONE', #1860, #3643, #5401 ) ;
#4221 = CARTESIAN_POINT ( 'NONE',  ( 10.99999999999997513, -20.54000000000002757, 0.000000000000000000 ) ) ;
#4222 = VECTOR ( 'NONE', #4514, 1000.000000000000000 ) ;
#4223 = EDGE_CURVE ( 'NONE', #4050, #5714, #3089, .T. ) ;
#4224 = DIRECTION ( 'NONE',  ( 0.9999999998675463964, -1.627596612607036625E-05, 0.000000000000000000 ) ) ;
#4225 = PRODUCT_RELATED_PRODUCT_CATEGORY ( 'detail', '', ( #3302 ) ) ;
#4226 = CARTESIAN_POINT ( 'NONE',  ( 47.37007602278353602, -50.94007753325929855, 28.04134375730104622 ) ) ;
#4227 = ADVANCED_FACE ( 'NONE', ( #4964 ), #1743, .F. ) ;
#4228 = ADVANCED_FACE ( 'NONE', ( #1770 ), #3590, .F. ) ;
#4229 = DIRECTION ( 'NONE',  ( -1.000000000000000000, 0.000000000000000000, 0.000000000000000000 ) ) ;
#4230 = CARTESIAN_POINT ( 'NONE',  ( -39.16013196753240777, -10.49993133544899493, 3.000000000000000000 ) ) ;
#4231 = CARTESIAN_POINT ( 'NONE',  ( 35.21007646689140813, -50.94007753325929855, 1.450001264230529108 ) ) ;
#4232 = AXIS2_PLACEMENT_3D ( 'NONE', #3517, #3457, #4296 ) ;
#4233 = EDGE_LOOP ( 'NONE', ( #1595, #1234, #4426, #4795 ) ) ;
#4234 = CARTESIAN_POINT ( 'NONE',  ( 39.15985526574843334, -37.50120435559551169, 1.450000676798686827 ) ) ;
#4235 = CARTESIAN_POINT ( 'NONE',  ( -51.70829344807104633, -33.49972538815511314, 3.000000000000000000 ) ) ;
#4236 = CARTESIAN_POINT ( 'NONE',  ( 42.00000000000000000, 46.00000000000001421, 0.000000000000000000 ) ) ;
#4237 = EDGE_LOOP ( 'NONE', ( #4239, #522, #4551, #5045 ) ) ;
#4238 = ORIENTED_EDGE ( 'NONE', *, *, #1482, .T. ) ;
#4239 = ORIENTED_EDGE ( 'NONE', *, *, #3241, .T. ) ;
#4240 = CARTESIAN_POINT ( 'NONE',  ( 17.49999999999998224, -28.25000000000002487, 0.000000000000000000 ) ) ;
#4241 = VECTOR ( 'NONE', #3320, 1000.000000000000000 ) ;
#4242 = CARTESIAN_POINT ( 'NONE',  ( -51.71248359946253004, -43.92592313267459048, 28.04134375730104622 ) ) ;
#4243 = CARTESIAN_POINT ( 'NONE',  ( -39.16029472717970350, -30.49992961855991069, 0.000000000000000000 ) ) ;
#4244 = ORIENTED_EDGE ( 'NONE', *, *, #2780, .T. ) ;
#4245 = CARTESIAN_POINT ( 'NONE',  ( 13.53999999999997783, -11.46000000000002750, 28.04134375730104622 ) ) ;
#4246 = VERTEX_POINT ( 'NONE', #4887 ) ;
#4247 = ORIENTED_EDGE ( 'NONE', *, *, #5152, .T. ) ;
#4248 = LINE ( 'NONE', #2569, #3110 ) ;
#4249 = ORIENTED_EDGE ( 'NONE', *, *, #5507, .T. ) ;
#4250 = CARTESIAN_POINT ( 'NONE',  ( 39.15993664557905873, -32.50120435625778015, 1.450000458241642365 ) ) ;
#4251 = DIRECTION ( 'NONE',  ( -3.035386659626961597E-16, -1.000000000000000000, 0.000000000000000000 ) ) ;
#4252 = AXIS2_PLACEMENT_3D ( 'NONE', #723, #4294, #5704 ) ;
#4253 = EDGE_CURVE ( 'NONE', #4647, #711, #2318, .T. ) ;
#4254 = CARTESIAN_POINT ( 'NONE',  ( 51.70778888277527585, -38.50140858547049305, 3.000000000000000000 ) ) ;
#4255 = CARTESIAN_POINT ( 'NONE',  ( 60.99999999999999289, -60.99999999999999289, 3.000000000000000000 ) ) ;
#4256 = DIRECTION ( 'NONE',  ( 1.000000000000000000, 0.000000000000000000, 0.000000000000000000 ) ) ;
#4257 = PERSON ( 'UNSPECIFIED', 'UNSPECIFIED', 'UNSPECIFIED', ('UNSPECIFIED'), ('UNSPECIFIED'), ('UNSPECIFIED') ) ;
#4258 = AXIS2_PLACEMENT_3D ( 'NONE', #1413, #3615, #5371 ) ;
#4259 = ORIENTED_EDGE ( 'NONE', *, *, #5106, .F. ) ;
#4260 = CARTESIAN_POINT ( 'NONE',  ( 41.99999999999999289, 28.00000000000006395, 3.000000000000000000 ) ) ;
#4261 = EDGE_CURVE ( 'NONE', #3348, #5450, #3561, .T. ) ;
#4262 = CIRCLE ( 'NONE', #5740, 0.5000000000000004441 ) ;
#4263 = FACE_OUTER_BOUND ( 'NONE', #4158, .T. ) ;
#4264 = LINE ( 'NONE', #5074, #3491 ) ;
#4265 = FACE_OUTER_BOUND ( 'NONE', #272, .T. ) ;
#4266 = ORIENTED_EDGE ( 'NONE', *, *, #2465, .T. ) ;
#4267 = AXIS2_PLACEMENT_3D ( 'NONE', #2553, #3024, #1581 ) ;
#4268 = ORIENTED_EDGE ( 'NONE', *, *, #2780, .F. ) ;
#4269 = ORIENTED_EDGE ( 'NONE', *, *, #2449, .T. ) ;
#4270 = VECTOR ( 'NONE', #879, 1000.000000000000000 ) ;
#4271 = DIRECTION ( 'NONE',  ( -1.000000000000000000, 0.000000000000000000, 0.000000000000000000 ) ) ;
#4272 = DIRECTION ( 'NONE',  ( -0.000000000000000000, -0.000000000000000000, -1.000000000000000000 ) ) ;
#4273 = LINE ( 'NONE', #775, #3630 ) ;
#4274 = ADVANCED_FACE ( 'NONE', ( #485 ), #1360, .F. ) ;
#4275 = ORIENTED_EDGE ( 'NONE', *, *, #973, .T. ) ;
#4276 = PLANE ( 'NONE',  #1072 ) ;
#4277 = ORIENTED_EDGE ( 'NONE', *, *, #5362, .F. ) ;
#4278 = ORIENTED_EDGE ( 'NONE', *, *, #4557, .F. ) ;
#4279 = CARTESIAN_POINT ( 'NONE',  ( 30.49987792968802225, -5.499931335448994929, 36.80533964865399810 ) ) ;
#4280 = CIRCLE ( 'NONE', #554, 1.000000000000000888 ) ;
#4281 = AXIS2_PLACEMENT_3D ( 'NONE', #4078, #5379, #2358 ) ;
#4282 = ORIENTED_EDGE ( 'NONE', *, *, #4298, .T. ) ;
#4283 = DIRECTION ( 'NONE',  ( 1.000000000000000000, 0.000000000000000000, 0.000000000000000000 ) ) ;
#4284 = EDGE_CURVE ( 'NONE', #942, #4677, #941, .T. ) ;
#4285 = AXIS2_PLACEMENT_3D ( 'NONE', #2641, #90, #3688 ) ;
#4286 = VECTOR ( 'NONE', #266, 1000.000000000000000 ) ;
#4287 = LINE ( 'NONE', #290, #1485 ) ;
#4288 = CARTESIAN_POINT ( 'NONE',  ( 51.70778888277527585, -38.50140858547049305, 0.000000000000000000 ) ) ;
#4289 = CIRCLE ( 'NONE', #5307, 0.5000000000000008882 ) ;
#4290 = EDGE_CURVE ( 'NONE', #3964, #4314, #2497, .T. ) ;
#4291 = CIRCLE ( 'NONE', #2624, 1.750000000000001554 ) ;
#4292 = CARTESIAN_POINT ( 'NONE',  ( -55.00000000000000000, -55.00000000000000000, 3.000000000000000000 ) ) ;
#4293 = DIRECTION ( 'NONE',  ( 1.000000000000000000, 0.000000000000000000, 0.000000000000000000 ) ) ;
#4294 = DIRECTION ( 'NONE',  ( 4.180742545671762101E-15, 4.371140887755362005E-08, 0.9999999999999992228 ) ) ;
#4295 = EDGE_LOOP ( 'NONE', ( #3503, #654, #539, #4860, #4864, #3872 ) ) ;
#4296 = DIRECTION ( 'NONE',  ( 1.000000000000000000, 0.000000000000000000, 0.000000000000000000 ) ) ;
#4297 = CARTESIAN_POINT ( 'NONE',  ( -39.16045748684096850, -40.49992961723538087, 3.000000000000000000 ) ) ;
#4298 = EDGE_CURVE ( 'NONE', #1250, #4647, #5649, .T. ) ;
#4299 = DIRECTION ( 'NONE',  ( -4.180742545671762101E-15, -4.371140887755362005E-08, -0.9999999999999992228 ) ) ;
#4300 = CARTESIAN_POINT ( 'NONE',  ( -13.92494201660204212, -53.87510013580300949, 28.04134375730104622 ) ) ;
#4301 = ORIENTED_EDGE ( 'NONE', *, *, #3194, .F. ) ;
#4302 = ORIENTED_EDGE ( 'NONE', *, *, #2107, .F. ) ;
#4303 = AXIS2_PLACEMENT_3D ( 'NONE', #881, #3165, #5368 ) ;
#4304 = ORIENTED_EDGE ( 'NONE', *, *, #3714, .F. ) ;
#4305 = EDGE_CURVE ( 'NONE', #2686, #2010, #1858, .T. ) ;
#4306 = DIRECTION ( 'NONE',  ( -1.000000000000000000, 0.000000000000000000, 0.000000000000000000 ) ) ;
#4307 = APPROVAL_DATE_TIME ( #2494, #1819 ) ;
#4308 = EDGE_CURVE ( 'NONE', #1901, #2095, #3616, .T. ) ;
#4309 = ADVANCED_FACE ( 'NONE', ( #3122 ), #2272, .T. ) ;
#4310 = EDGE_CURVE ( 'NONE', #4465, #49, #2776, .T. ) ;
#4311 = CARTESIAN_POINT ( 'NONE',  ( 39.15985526574843334, -37.50120435559551169, 3.000000000000000000 ) ) ;
#4312 = CIRCLE ( 'NONE', #1799, 12.50000000000000355 ) ;
#4313 = CARTESIAN_POINT ( 'NONE',  ( -42.00000000000000000, 28.00000000000004619, 0.000000000000000000 ) ) ;
#4314 = VERTEX_POINT ( 'NONE', #4021 ) ;
#4315 = DIRECTION ( 'NONE',  ( -0.000000000000000000, -0.000000000000000000, -1.000000000000000000 ) ) ;
#4316 = ORIENTED_EDGE ( 'NONE', *, *, #5039, .T. ) ;
#4317 = AXIS2_PLACEMENT_3D ( 'NONE', #2473, #3384, #5665 ) ;
#4318 = EDGE_CURVE ( 'NONE', #514, #3252, #4262, .T. ) ;
#4319 = CARTESIAN_POINT ( 'NONE',  ( 37.42790211420572888, -31.50117616558996403, 3.000000000000000000 ) ) ;
#4320 = ORIENTED_EDGE ( 'NONE', *, *, #3104, .T. ) ;
#4321 = LINE ( 'NONE', #2600, #5436 ) ;
#4322 = CIRCLE ( 'NONE', #212, 2.000000000000001776 ) ;
#4323 = FACE_OUTER_BOUND ( 'NONE', #3486, .T. ) ;
#4324 = CARTESIAN_POINT ( 'NONE',  ( 53.13099752524905028, -31.34477641991259489, 1.450000407692237481 ) ) ;
#4325 = AXIS2_PLACEMENT_3D ( 'NONE', #2330, #2281, #1423 ) ;
#4326 = DIRECTION ( 'NONE',  ( 0.000000000000000000, -0.9999999999999991118, 4.371140884147631631E-08 ) ) ;
#4327 = CARTESIAN_POINT ( 'NONE',  ( 39.16013196753241488, -2.499931335448993597, 1.449999146843730990 ) ) ;
#4328 = CARTESIAN_POINT ( 'NONE',  ( -59.42498635059415335, -14.44500776255643437, 1.449999668980007650 ) ) ;
#4329 = ORIENTED_EDGE ( 'NONE', *, *, #3845, .F. ) ;
#4330 = LINE ( 'NONE', #4260, #1728 ) ;
#4331 = CARTESIAN_POINT ( 'NONE',  ( -58.25248347830570594, -33.76592310238539341, 0.000000000000000000 ) ) ;
#4332 = CARTESIAN_POINT ( 'NONE',  ( -39.16013196753240777, -8.499931335448993153, 1.449999409112511684 ) ) ;
#4333 = FACE_OUTER_BOUND ( 'NONE', #2591, .T. ) ;
#4334 = ORIENTED_EDGE ( 'NONE', *, *, #948, .T. ) ;
#4335 = VERTEX_POINT ( 'NONE', #4943 ) ;
#4336 = VERTEX_POINT ( 'NONE', #48 ) ;
#4337 = PLANE ( 'NONE',  #2338 ) ;
#4338 = AXIS2_PLACEMENT_3D ( 'NONE', #5181, #3009, #3856 ) ;
#4339 = EDGE_CURVE ( 'NONE', #1721, #5451, #2731, .T. ) ;
#4340 = DIRECTION ( 'NONE',  ( -1.000000000000000000, 0.000000000000000000, 0.000000000000000000 ) ) ;
#4341 = CARTESIAN_POINT ( 'NONE',  ( -37.99999999999998579, 50.00000000000002842, 0.000000000000000000 ) ) ;
#4342 = EDGE_LOOP ( 'NONE', ( #2333, #4282, #3401, #433, #2326, #5452 ) ) ;
#4343 = CARTESIAN_POINT ( 'NONE',  ( 14.95999999999997954, -24.75000000000002132, 28.04134375730104622 ) ) ;
#4344 = ORIENTED_EDGE ( 'NONE', *, *, #4160, .F. ) ;
#4345 = CIRCLE ( 'NONE', #5070, 0.5000000000000004441 ) ;
#4346 = ORIENTED_EDGE ( 'NONE', *, *, #1278, .F. ) ;
#4347 = EDGE_CURVE ( 'NONE', #5451, #5168, #2226, .T. ) ;
#4348 = VECTOR ( 'NONE', #4985, 1000.000000000000000 ) ;
#4349 = DIRECTION ( 'NONE',  ( -1.000000000000000000, 0.000000000000000000, 0.000000000000000000 ) ) ;
#4350 = ORIENTED_EDGE ( 'NONE', *, *, #4197, .F. ) ;
#4351 = CARTESIAN_POINT ( 'NONE',  ( -42.00000000000000000, 28.00000000000004619, 3.000000000000000000 ) ) ;
#4352 = EDGE_LOOP ( 'NONE', ( #3054, #3595, #2036, #2742, #1006, #1252, #1137, #2713 ) ) ;
#4353 = CARTESIAN_POINT ( 'NONE',  ( 65.99999999999998579, 61.00000000000004263, 0.000000000000000000 ) ) ;
#4354 = CARTESIAN_POINT ( 'NONE',  ( -42.00000000000000000, 46.00000000000000000, 0.000000000000000000 ) ) ;
#4355 = CARTESIAN_POINT ( 'NONE',  ( 51.70808186218739166, -7.499931335448993153, 3.000000000000000000 ) ) ;
#4356 = CARTESIAN_POINT ( 'NONE',  ( 39.16013196753241488, -8.499931335448993153, 1.449999409112184168 ) ) ;
#4357 = ORIENTED_EDGE ( 'NONE', *, *, #343, .T. ) ;
#4358 = CARTESIAN_POINT ( 'NONE',  ( 53.13099752524905028, -33.09477641991259844, 28.04134375730104622 ) ) ;
#4359 = CARTESIAN_POINT ( 'NONE',  ( 28.96453803689026785, -18.91234094049699976, 1.449999864253315174 ) ) ;
#4360 = DIRECTION ( 'NONE',  ( -0.000000000000000000, 0.000000000000000000, -1.000000000000000000 ) ) ;
#4361 = CARTESIAN_POINT ( 'NONE',  ( -59.42498535135182181, 8.414992237443547296, 0.000000000000000000 ) ) ;
#4362 = VERTEX_POINT ( 'NONE', #210 ) ;
#4363 = VECTOR ( 'NONE', #3423, 1000.000000000000000 ) ;
#4364 = VERTEX_POINT ( 'NONE', #2431 ) ;
#4365 = ORIENTED_EDGE ( 'NONE', *, *, #753, .F. ) ;
#4366 = CARTESIAN_POINT ( 'NONE',  ( 8.999999999999975131, -13.46000000000002927, 0.000000000000000000 ) ) ;
#4367 = LINE ( 'NONE', #339, #3313 ) ;
#4368 = AXIS2_PLACEMENT_3D ( 'NONE', #2158, #5572, #2532 ) ;
#4369 = CARTESIAN_POINT ( 'NONE',  ( -30.50012207031303291, -35.50007057189900195, 1.450000589326601252 ) ) ;
#4370 = ORIENTED_EDGE ( 'NONE', *, *, #1382, .F. ) ;
#4371 = CARTESIAN_POINT ( 'NONE',  ( 35.21007646689140813, -50.94007753325929855, 0.000000000000000000 ) ) ;
#4372 = ORIENTED_EDGE ( 'NONE', *, *, #1321, .T. ) ;
#4373 = ORIENTED_EDGE ( 'NONE', *, *, #1079, .T. ) ;
#4374 = FACE_OUTER_BOUND ( 'NONE', #3653, .T. ) ;
#4375 = EDGE_CURVE ( 'NONE', #270, #4335, #2869, .T. ) ;
#4376 = ORIENTED_EDGE ( 'NONE', *, *, #3105, .T. ) ;
#4377 = CARTESIAN_POINT ( 'NONE',  ( 30.50012016296399153, -5.499931269881894735, 1.449999277977990886 ) ) ;
#4378 = ORIENTED_EDGE ( 'NONE', *, *, #3705, .T. ) ;
#4379 = CYLINDRICAL_SURFACE ( 'NONE', #1102, 3.500000000000003109 ) ;
#4380 = DIRECTION ( 'NONE',  ( -0.000000000000000000, -0.000000000000000000, -1.000000000000000000 ) ) ;
#4381 = EDGE_CURVE ( 'NONE', #4797, #3377, #4596, .T. ) ;
#4382 = EDGE_CURVE ( 'NONE', #2565, #1972, #632, .T. ) ;
#4383 = VECTOR ( 'NONE', #1353, 1000.000000000000000 ) ;
#4384 = CYLINDRICAL_SURFACE ( 'NONE', #2081, 1.750000000000001554 ) ;
#4385 = VECTOR ( 'NONE', #3866, 1000.000000000000000 ) ;
#4386 = VECTOR ( 'NONE', #3162, 1000.000000000000000 ) ;
#4387 = LINE ( 'NONE', #388, #1463 ) ;
#4388 = ORIENTED_EDGE ( 'NONE', *, *, #829, .T. ) ;
#4389 = DIRECTION ( 'NONE',  ( 1.000000000000000000, 0.000000000000000000, 0.000000000000000000 ) ) ;
#4390 = VECTOR ( 'NONE', #4997, 1000.000000000000000 ) ;
#4391 = CIRCLE ( 'NONE', #1577, 12.50000000000000355 ) ;
#4392 = EDGE_CURVE ( 'NONE', #1974, #5425, #5192, .T. ) ;
#4393 = DIRECTION ( 'NONE',  ( 4.180742545671757368E-15, 4.371140887755362005E-08, 0.9999999999999991118 ) ) ;
#4394 = DIRECTION ( 'NONE',  ( 0.000000000000000000, -0.9999999999999990008, 4.371140888484446938E-08 ) ) ;
#4395 = CARTESIAN_POINT ( 'NONE',  ( 29.96453803689026785, -20.13675966251838645, 0.000000000000000000 ) ) ;
#4396 = EDGE_LOOP ( 'NONE', ( #183, #4899, #2442, #1032 ) ) ;
#4397 = EDGE_CURVE ( 'NONE', #3377, #4892, #5538, .T. ) ;
#4398 = ORIENTED_EDGE ( 'NONE', *, *, #1611, .F. ) ;
#4399 = EDGE_LOOP ( 'NONE', ( #5559, #1648, #2043, #2693 ) ) ;
#4400 = DIRECTION ( 'NONE',  ( -3.414809992080329516E-16, 1.000000000000000000, -0.000000000000000000 ) ) ;
#4401 = DIRECTION ( 'NONE',  ( -4.180742545671762101E-15, -4.371140887755362005E-08, -0.9999999999999992228 ) ) ;
#4402 = DIRECTION ( 'NONE',  ( -0.000000000000000000, -0.000000000000000000, 1.000000000000000000 ) ) ;
#4403 = ORIENTED_EDGE ( 'NONE', *, *, #3204, .T. ) ;
#4404 = CARTESIAN_POINT ( 'NONE',  ( -56.25248347830570594, -45.92592313267459048, 0.000000000000000000 ) ) ;
#4405 = VECTOR ( 'NONE', #2835, 1000.000000000000227 ) ;
#4406 = VERTEX_POINT ( 'NONE', #644 ) ;
#4407 = VERTEX_POINT ( 'NONE', #5100 ) ;
#4408 = FACE_BOUND ( 'NONE', #2354, .T. ) ;
#4409 = AXIS2_PLACEMENT_3D ( 'NONE', #2722, #4931, #5361 ) ;
#4410 = VERTEX_POINT ( 'NONE', #4569 ) ;
#4411 = VECTOR ( 'NONE', #5208, 1000.000000000000000 ) ;
#4412 = CARTESIAN_POINT ( 'NONE',  ( 2.074954986571962312, -58.82508182525602081, 1.450001608895315375 ) ) ;
#4413 = DIRECTION ( 'NONE',  ( -4.180742545671762101E-15, -4.371140887755362005E-08, -0.9999999999999992228 ) ) ;
#4414 = LOCAL_TIME ( 9, 53, 22.00000000000000000, #1240 ) ;
#4415 = CIRCLE ( 'NONE', #4874, 2.999999999999995559 ) ;
#4416 = DIRECTION ( 'NONE',  ( -1.000000000000000000, 0.000000000000000000, 0.000000000000000000 ) ) ;
#4417 = ORIENTED_EDGE ( 'NONE', *, *, #5639, .T. ) ;
#4418 = EDGE_CURVE ( 'NONE', #3598, #2656, #1110, .T. ) ;
#4419 = LINE ( 'NONE', #5339, #4386 ) ;
#4420 = EDGE_CURVE ( 'NONE', #4705, #1946, #1440, .T. ) ;
#4421 = LINE ( 'NONE', #2180, #279 ) ;
#4422 = VECTOR ( 'NONE', #643, 1000.000000000000227 ) ;
#4423 = DIRECTION ( 'NONE',  ( 1.000000000000000000, -0.000000000000000000, -0.000000000000000000 ) ) ;
#4424 = EDGE_CURVE ( 'NONE', #3345, #696, #2231, .T. ) ;
#4425 = LINE ( 'NONE', #2266, #2812 ) ;
#4426 = ORIENTED_EDGE ( 'NONE', *, *, #2449, .F. ) ;
#4427 = ORIENTED_EDGE ( 'NONE', *, *, #4298, .F. ) ;
#4428 = VERTEX_POINT ( 'NONE', #3752 ) ;
#4429 = DIRECTION ( 'NONE',  ( -1.000000000000000000, 0.000000000000000000, 0.000000000000000000 ) ) ;
#4430 = EDGE_CURVE ( 'NONE', #785, #2039, #3780, .T. ) ;
#4431 = FACE_OUTER_BOUND ( 'NONE', #776, .T. ) ;
#4432 = DIRECTION ( 'NONE',  ( 0.000000000000000000, -0.9999999999999991118, 4.371140905831675080E-08 ) ) ;
#4433 = ORIENTED_EDGE ( 'NONE', *, *, #1825, .F. ) ;
#4434 = DIRECTION ( 'NONE',  ( 1.000000000000000000, 0.000000000000000000, 0.000000000000000000 ) ) ;
#4435 = ORIENTED_EDGE ( 'NONE', *, *, #2022, .F. ) ;
#4436 = ORIENTED_EDGE ( 'NONE', *, *, #2483, .T. ) ;
#4437 = VECTOR ( 'NONE', #5611, 1000.000000000000000 ) ;
#4438 = FACE_BOUND ( 'NONE', #3734, .T. ) ;
#4439 = FACE_OUTER_BOUND ( 'NONE', #3982, .T. ) ;
#4440 = EDGE_LOOP ( 'NONE', ( #3679 ) ) ;
#4441 = AXIS2_PLACEMENT_3D ( 'NONE', #1854, #5390, #1407 ) ;
#4442 = DIRECTION ( 'NONE',  ( -1.000000000000000000, 0.000000000000000000, 0.000000000000000000 ) ) ;
#4443 = LINE ( 'NONE', #3185, #202 ) ;
#4444 = LINE ( 'NONE', #1349, #3234 ) ;
#4445 = ORIENTED_EDGE ( 'NONE', *, *, #426, .T. ) ;
#4446 = CARTESIAN_POINT ( 'NONE',  ( 29.96453800660106026, -20.13675966251838645, 1.449999917774128289 ) ) ;
#4447 = CIRCLE ( 'NONE', #1816, 2.000000000000001776 ) ;
#4448 = LINE ( 'NONE', #3957, #4940 ) ;
#4449 = CYLINDRICAL_SURFACE ( 'NONE', #4809, 0.5000000000000004441 ) ;
#4450 = CARTESIAN_POINT ( 'NONE',  ( 42.63424468637816744, -38.50126090477248653, 1.450000720512551577 ) ) ;
#4451 = DIRECTION ( 'NONE',  ( -0.000000000000000000, -0.000000000000000000, -1.000000000000000000 ) ) ;
#4452 = EDGE_CURVE ( 'NONE', #4680, #2335, #3669, .T. ) ;
#4453 = ORIENTED_EDGE ( 'NONE', *, *, #3681, .F. ) ;
#4454 = ADVANCED_FACE ( 'NONE', ( #3249 ), #4155, .F. ) ;
#4455 = ORIENTED_EDGE ( 'NONE', *, *, #5334, .F. ) ;
#4456 = LINE ( 'NONE', #2680, #3928 ) ;
#4457 = EDGE_CURVE ( 'NONE', #2214, #2146, #1291, .T. ) ;
#4458 = VECTOR ( 'NONE', #3863, 999.9999999999998863 ) ;
#4459 = LINE ( 'NONE', #2188, #5461 ) ;
#4460 = DIRECTION ( 'NONE',  ( -0.9999999998675463964, 1.627596612567151538E-05, 0.000000000000000000 ) ) ;
#4461 = VERTEX_POINT ( 'NONE', #5478 ) ;
#4462 = CARTESIAN_POINT ( 'NONE',  ( 51.83157107505930128, -32.51694999944220399, 1.450000484187200733 ) ) ;
#4463 = EDGE_LOOP ( 'NONE', ( #3055, #1945, #4045, #3811 ) ) ;
#4464 = ORIENTED_EDGE ( 'NONE', *, *, #408, .F. ) ;
#4465 = VERTEX_POINT ( 'NONE', #1942 ) ;
#4466 = AXIS2_PLACEMENT_3D ( 'NONE', #4800, #1359, #509 ) ;
#4467 = LINE ( 'NONE', #4001, #303 ) ;
#4468 = CIRCLE ( 'NONE', #2970, 12.50000000000000533 ) ;
#4469 = EDGE_CURVE ( 'NONE', #1313, #5225, #2781, .T. ) ;
#4470 = CARTESIAN_POINT ( 'NONE',  ( -51.71248359946253004, -43.92592313267459048, 0.000000000000000000 ) ) ;
#4471 = ORIENTED_EDGE ( 'NONE', *, *, #3885, .T. ) ;
#4472 = ORIENTED_EDGE ( 'NONE', *, *, #5328, .F. ) ;
#4473 = CIRCLE ( 'NONE', #1949, 0.5000000000000004441 ) ;
#4474 = DIRECTION ( 'NONE',  ( -0.000000000000000000, -0.000000000000000000, -1.000000000000000000 ) ) ;
#4475 = LINE ( 'NONE', #2748, #446 ) ;
#4476 = AXIS2_PLACEMENT_3D ( 'NONE', #4585, #3325, #1047 ) ;
#4477 = DIRECTION ( 'NONE',  ( -1.000000000000000000, 0.000000000000000000, 0.000000000000000000 ) ) ;
#4478 = ADVANCED_FACE ( 'NONE', ( #2785 ), #1057, .T. ) ;
#4479 = VECTOR ( 'NONE', #297, 1000.000000000000000 ) ;
#4480 = DIRECTION ( 'NONE',  ( -4.180742545671762101E-15, -4.371140887755362005E-08, -0.9999999999999992228 ) ) ;
#4481 = LINE ( 'NONE', #4091, #143 ) ;
#4482 = CARTESIAN_POINT ( 'NONE',  ( -39.16013196753240777, -10.49993133544899493, 3.000000000000000000 ) ) ;
#4483 = DIRECTION ( 'NONE',  ( 1.000000000000000000, 0.000000000000000000, 0.000000000000000000 ) ) ;
#4484 = AXIS2_PLACEMENT_3D ( 'NONE', #3361, #5123, #1133 ) ;
#4485 = VERTEX_POINT ( 'NONE', #1497 ) ;
#4486 = AXIS2_PLACEMENT_3D ( 'NONE', #5221, #2930, #1108 ) ;
#4487 = EDGE_CURVE ( 'NONE', #4335, #5411, #5005, .T. ) ;
#4488 = DIRECTION ( 'NONE',  ( -4.180742545671762101E-15, -4.371140887755362005E-08, -0.9999999999999992228 ) ) ;
#4489 = DIRECTION ( 'NONE',  ( -0.000000000000000000, 1.000000000000000000, -0.000000000000000000 ) ) ;
#4490 = ORIENTED_EDGE ( 'NONE', *, *, #2251, .T. ) ;
#4491 = DIRECTION ( 'NONE',  ( 0.000000000000000000, 0.000000000000000000, 1.000000000000000000 ) ) ;
#4492 = ORIENTED_EDGE ( 'NONE', *, *, #727, .T. ) ;
#4493 = CC_DESIGN_DATE_AND_TIME_ASSIGNMENT ( #5201, #1176, ( #5417 ) ) ;
#4494 = ORIENTED_EDGE ( 'NONE', *, *, #2209, .F. ) ;
#4495 = ORIENTED_EDGE ( 'NONE', *, *, #4310, .T. ) ;
#4496 = ADVANCED_FACE ( 'NONE', ( #618 ), #2401, .F. ) ;
#4497 = EDGE_CURVE ( 'NONE', #4130, #5115, #3721, .T. ) ;
#4498 = FACE_OUTER_BOUND ( 'NONE', #2276, .T. ) ;
#4499 = DIRECTION ( 'NONE',  ( -1.000000000000000000, 0.000000000000000000, 0.000000000000000000 ) ) ;
#4500 = CYLINDRICAL_SURFACE ( 'NONE', #5670, 3.500000000000003109 ) ;
#4501 = VERTEX_POINT ( 'NONE', #2932 ) ;
#4502 = ORIENTED_EDGE ( 'NONE', *, *, #438, .T. ) ;
#4503 = ADVANCED_FACE ( 'NONE', ( #4265 ), #301, .F. ) ;
#4504 = CIRCLE ( 'NONE', #488, 2.000000000000003553 ) ;
#4505 = DIRECTION ( 'NONE',  ( -0.000000000000000000, -0.000000000000000000, -1.000000000000000000 ) ) ;
#4506 = CARTESIAN_POINT ( 'NONE',  ( 39.15992036961294076, -33.50120435612532077, 0.000000000000000000 ) ) ;
#4507 = DIRECTION ( 'NONE',  ( 1.000000000000000000, 0.000000000000000000, -0.000000000000000000 ) ) ;
#4508 = AXIS2_PLACEMENT_3D ( 'NONE', #4279, #5270, #1692 ) ;
#4509 = DIRECTION ( 'NONE',  ( 0.000000000000000000, 0.000000000000000000, 1.000000000000000000 ) ) ;
#4510 = DIRECTION ( 'NONE',  ( 1.000000000000000000, 0.000000000000000000, 0.000000000000000000 ) ) ;
#4511 = CARTESIAN_POINT ( 'NONE',  ( 42.83884060894109780, -7.499931335448994929, 0.000000000000000000 ) ) ;
#4512 = CIRCLE ( 'NONE', #584, 2.000000000000001776 ) ;
#4513 = VECTOR ( 'NONE', #571, 1000.000000000000000 ) ;
#4514 = DIRECTION ( 'NONE',  ( 0.000000000000000000, -1.000000000000000000, 0.000000000000000000 ) ) ;
#4515 = DIRECTION ( 'NONE',  ( 0.000000000000000000, 0.000000000000000000, -1.000000000000000000 ) ) ;
#4516 = ORIENTED_EDGE ( 'NONE', *, *, #5463, .F. ) ;
#4517 = CARTESIAN_POINT ( 'NONE',  ( 42.83884060894109780, -7.499931335448994929, 36.80533964865399810 ) ) ;
#4518 = VERTEX_POINT ( 'NONE', #4236 ) ;
#4519 = ORIENTED_EDGE ( 'NONE', *, *, #4397, .T. ) ;
#4520 = EDGE_CURVE ( 'NONE', #396, #1834, #5595, .T. ) ;
#4521 = DIRECTION ( 'NONE',  ( 1.000000000000000000, 0.000000000000000000, 0.000000000000000000 ) ) ;
#4522 = CARTESIAN_POINT ( 'NONE',  ( -52.20828531002175765, -32.99971725023827673, 3.000000000000000000 ) ) ;
#4523 = DIRECTION ( 'NONE',  ( 1.000000000000000000, 0.000000000000000000, 0.000000000000000000 ) ) ;
#4524 = ORIENTED_EDGE ( 'NONE', *, *, #5184, .F. ) ;
#4525 = AXIS2_PLACEMENT_3D ( 'NONE', #3388, #1222, #2475 ) ;
#4526 = EDGE_CURVE ( 'NONE', #4428, #283, #1001, .T. ) ;
#4527 = ORIENTED_EDGE ( 'NONE', *, *, #2313, .T. ) ;
#4528 = EDGE_CURVE ( 'NONE', #3571, #4769, #4473, .T. ) ;
#4529 = CARTESIAN_POINT ( 'NONE',  ( 14.95999999999997954, -26.50000000000002487, 28.04134375730104622 ) ) ;
#4530 = DIRECTION ( 'NONE',  ( 0.000000000000000000, 0.000000000000000000, -1.000000000000000000 ) ) ;
#4531 = CIRCLE ( 'NONE', #2015, 4.999999999999997335 ) ;
#4532 = CYLINDRICAL_SURFACE ( 'NONE', #1107, 8.000000000000000000 ) ;
#4533 = VECTOR ( 'NONE', #4315, 1000.000000000000000 ) ;
#4534 = DIRECTION ( 'NONE',  ( -0.000000000000000000, -0.000000000000000000, -1.000000000000000000 ) ) ;
#4535 = CARTESIAN_POINT ( 'NONE',  ( -8.924942016602040340, -55.62510013580300949, 0.000000000000000000 ) ) ;
#4536 = DIRECTION ( 'NONE',  ( -0.000000000000000000, -0.000000000000000000, -1.000000000000000000 ) ) ;
#4537 = DIRECTION ( 'NONE',  ( 0.000000000000000000, 0.000000000000000000, 1.000000000000000000 ) ) ;
#4538 = LINE ( 'NONE', #534, #5245 ) ;
#4539 = CARTESIAN_POINT ( 'NONE',  ( 37.42808115996353280, -1.499931335448999592, 3.000000000000000000 ) ) ;
#4540 = ORIENTED_EDGE ( 'NONE', *, *, #1852, .T. ) ;
#4541 = LINE ( 'NONE', #2021, #1993 ) ;
#4542 = VERTEX_POINT ( 'NONE', #1647 ) ;
#4543 = EDGE_LOOP ( 'NONE', ( #4111 ) ) ;
#4544 = LINE ( 'NONE', #1921, #4650 ) ;
#4545 = APPLICATION_PROTOCOL_DEFINITION ( 'international standard', 'config_control_design', 1994, #1094 ) ;
#4546 = EDGE_CURVE ( 'NONE', #1443, #5147, #268, .T. ) ;
#4547 = CARTESIAN_POINT ( 'NONE',  ( 65.99999999999998579, -65.99999999999998579, 0.000000000000000000 ) ) ;
#4548 = DIRECTION ( 'NONE',  ( 0.9999999999999961142, 8.742277677795539484E-08, -8.002115286624055570E-15 ) ) ;
#4549 = ORIENTED_EDGE ( 'NONE', *, *, #235, .F. ) ;
#4550 = ORIENTED_EDGE ( 'NONE', *, *, #3970, .T. ) ;
#4551 = ORIENTED_EDGE ( 'NONE', *, *, #4084, .F. ) ;
#4552 = AXIS2_PLACEMENT_3D ( 'NONE', #4072, #3641, #1081 ) ;
#4553 = CYLINDRICAL_SURFACE ( 'NONE', #4118, 1.749999999999994671 ) ;
#4554 = EDGE_CURVE ( 'NONE', #4883, #2327, #3444, .T. ) ;
#4555 = CARTESIAN_POINT ( 'NONE',  ( -37.42808115996353280, -1.499931335448999592, 3.000000000000000000 ) ) ;
#4556 = CIRCLE ( 'NONE', #2042, 7.000000000000005329 ) ;
#4557 = EDGE_CURVE ( 'NONE', #3765, #3479, #5563, .T. ) ;
#4558 = LINE ( 'NONE', #3214, #1682 ) ;
#4559 = EDGE_CURVE ( 'NONE', #5020, #4336, #5131, .T. ) ;
#4560 = DIRECTION ( 'NONE',  ( 1.000000000000000000, 1.365923996832131215E-15, 0.000000000000000000 ) ) ;
#4561 = DIRECTION ( 'NONE',  ( 0.000000000000000000, 0.000000000000000000, -1.000000000000000000 ) ) ;
#4562 = DIRECTION ( 'NONE',  ( -1.627596612567151877E-05, -0.9999999998675465074, 0.000000000000000000 ) ) ;
#4563 = EDGE_CURVE ( 'NONE', #5435, #455, #5623, .T. ) ;
#4564 = AXIS2_PLACEMENT_3D ( 'NONE', #1445, #2821, #872 ) ;
#4565 = VECTOR ( 'NONE', #5174, 1000.000000000000000 ) ;
#4566 = CARTESIAN_POINT ( 'NONE',  ( 48.77500206014519080, -33.14931592906049218, 0.000000000000000000 ) ) ;
#4567 = DIRECTION ( 'NONE',  ( 0.000000000000000000, -1.000000000000000000, 0.000000000000000000 ) ) ;
#4568 = ADVANCED_FACE ( 'NONE', ( #4333 ), #1615, .F. ) ;
#4569 = CARTESIAN_POINT ( 'NONE',  ( -39.16032727911196076, -32.49992961829499905, 1.450000458186249563 ) ) ;
#4570 = EDGE_LOOP ( 'NONE', ( #5169, #221, #2031, #3199 ) ) ;
#4571 = ORIENTED_EDGE ( 'NONE', *, *, #1053, .T. ) ;
#4572 = VERTEX_POINT ( 'NONE', #2060 ) ;
#4573 = FACE_OUTER_BOUND ( 'NONE', #899, .T. ) ;
#4574 = CIRCLE ( 'NONE', #95, 0.5000000000000004441 ) ;
#4575 = AXIS2_PLACEMENT_3D ( 'NONE', #2005, #3785, #2066 ) ;
#4576 = DIRECTION ( 'NONE',  ( 0.000000000000000000, 0.000000000000000000, 1.000000000000000000 ) ) ;
#4577 = LINE ( 'NONE', #248, #3359 ) ;
#4578 = ORIENTED_EDGE ( 'NONE', *, *, #4978, .F. ) ;
#4579 = ORIENTED_EDGE ( 'NONE', *, *, #4643, .F. ) ;
#4580 = ORIENTED_EDGE ( 'NONE', *, *, #4029, .F. ) ;
#4581 = CARTESIAN_POINT ( 'NONE',  ( 51.70779702075834194, -38.00140858553671563, 0.000000000000000000 ) ) ;
#4582 = CARTESIAN_POINT ( 'NONE',  ( -39.16045748684096850, -40.49992961723538087, 1.450000807877520614 ) ) ;
#4583 = CARTESIAN_POINT ( 'NONE',  ( -36.56205575617909176, -1.999931335448993597, 3.000000000000000000 ) ) ;
#4584 = AXIS2_PLACEMENT_3D ( 'NONE', #3798, #3893, #5124 ) ;
#4585 = CARTESIAN_POINT ( 'NONE',  ( -39.16029472717970350, -30.49992961855991069, 0.000000000000000000 ) ) ;
#4586 = AXIS2_PLACEMENT_3D ( 'NONE', #3739, #578, #4665 ) ;
#4587 = CARTESIAN_POINT ( 'NONE',  ( 52.20787840052274476, -33.00141672418205019, 0.000000000000000000 ) ) ;
#4588 = CARTESIAN_POINT ( 'NONE',  ( -13.92494201660204212, -53.87510013580300949, 0.000000000000000000 ) ) ;
#4589 = LINE ( 'NONE', #4960, #3099 ) ;
#4590 = ADVANCED_FACE ( 'NONE', ( #4794 ), #3493, .F. ) ;
#4591 = AXIS2_PLACEMENT_3D ( 'NONE', #3067, #2134, #4717 ) ;
#4592 = VERTEX_POINT ( 'NONE', #5255 ) ;
#4593 = EDGE_CURVE ( 'NONE', #5115, #2003, #2487, .T. ) ;
#4594 = CARTESIAN_POINT ( 'NONE',  ( -53.71248359946253004, -33.76592310238539341, 0.000000000000000000 ) ) ;
#4595 = CARTESIAN_POINT ( 'NONE',  ( 39.16013196753240777, -7.499931335448995817, 3.000000000000000000 ) ) ;
#4596 = LINE ( 'NONE', #4646, #3539 ) ;
#4597 = ORIENTED_EDGE ( 'NONE', *, *, #2047, .F. ) ;
#4598 = AXIS2_PLACEMENT_3D ( 'NONE', #4098, #487, #1417 ) ;
#4599 = ORIENTED_EDGE ( 'NONE', *, *, #1382, .T. ) ;
#4600 = ORIENTED_EDGE ( 'NONE', *, *, #1486, .T. ) ;
#4601 = FACE_OUTER_BOUND ( 'NONE', #3082, .T. ) ;
#4602 = EDGE_CURVE ( 'NONE', #437, #1830, #1760, .T. ) ;
#4603 = DIRECTION ( 'NONE',  ( 0.000000000000000000, -0.9999999999999991118, 4.371140887245352218E-08 ) ) ;
#4604 = DIRECTION ( 'NONE',  ( -0.000000000000000000, -0.000000000000000000, -1.000000000000000000 ) ) ;
#4605 = VERTEX_POINT ( 'NONE', #1171 ) ;
#4606 = ORIENTED_EDGE ( 'NONE', *, *, #5151, .F. ) ;
#4607 = ORIENTED_EDGE ( 'NONE', *, *, #590, .F. ) ;
#4608 = LINE ( 'NONE', #1930, #5505 ) ;
#4609 = CARTESIAN_POINT ( 'NONE',  ( 13.53999999999997605, -20.54000000000002402, 1.449999935400402062 ) ) ;
#4610 = LINE ( 'NONE', #610, #2133 ) ;
#4611 = VECTOR ( 'NONE', #4666, 1000.000000000000000 ) ;
#4612 = CARTESIAN_POINT ( 'NONE',  ( 65.99999999999998579, 66.00000000000002842, 3.000000000000000000 ) ) ;
#4613 = CYLINDRICAL_SURFACE ( 'NONE', #375, 7.999999999999996447 ) ;
#4614 = DIRECTION ( 'NONE',  ( 0.000000000000000000, -1.000000000000000000, 0.000000000000000000 ) ) ;
#4615 = AXIS2_PLACEMENT_3D ( 'NONE', #2906, #4654, #627 ) ;
#4616 = ORIENTED_EDGE ( 'NONE', *, *, #4694, .T. ) ;
#4617 = CIRCLE ( 'NONE', #3610, 1.750000000000001554 ) ;
#4618 = PLANE ( 'NONE',  #1871 ) ;
#4619 = EDGE_CURVE ( 'NONE', #1062, #1062, #3279, .T. ) ;
#4620 = CARTESIAN_POINT ( 'NONE',  ( -37.42826019580637364, -31.49995780922772681, 3.000000000000000000 ) ) ;
#4621 = DIRECTION ( 'NONE',  ( 1.000000000000000000, 0.000000000000000000, 0.000000000000000000 ) ) ;
#4622 = ORIENTED_EDGE ( 'NONE', *, *, #2774, .T. ) ;
#4623 = EDGE_CURVE ( 'NONE', #2210, #805, #2521, .T. ) ;
#4624 = VERTEX_POINT ( 'NONE', #794 ) ;
#4625 = VERTEX_POINT ( 'NONE', #2027 ) ;
#4626 = ADVANCED_FACE ( 'NONE', ( #3804 ), #2150, .F. ) ;
#4627 = DIRECTION ( 'NONE',  ( -4.180742545671762101E-15, -4.371140887755362005E-08, -0.9999999999999992228 ) ) ;
#4628 = CARTESIAN_POINT ( 'NONE',  ( 3.499999999999999112, -15.99999999999998579, 3.000000000000000000 ) ) ;
#4629 = PLANE ( 'NONE',  #4615 ) ;
#4630 = DIRECTION ( 'NONE',  ( 1.000000000000000000, 0.000000000000000000, 0.000000000000000000 ) ) ;
#4631 = ORIENTED_EDGE ( 'NONE', *, *, #5162, .F. ) ;
#4632 = ORIENTED_EDGE ( 'NONE', *, *, #3892, .T. ) ;
#4633 = VERTEX_POINT ( 'NONE', #4511 ) ;
#4634 = DIRECTION ( 'NONE',  ( -0.9999999998675463964, 1.627596612578200236E-05, 0.000000000000000000 ) ) ;
#4635 = AXIS2_PLACEMENT_3D ( 'NONE', #1287, #3073, #4416 ) ;
#4636 = LINE ( 'NONE', #2832, #4611 ) ;
#4637 = DIRECTION ( 'NONE',  ( -0.000000000000000000, -0.000000000000000000, -1.000000000000000000 ) ) ;
#4638 = VECTOR ( 'NONE', #707, 999.9999999999998863 ) ;
#4639 = DIRECTION ( 'NONE',  ( 0.000000000000000000, 0.000000000000000000, -1.000000000000000000 ) ) ;
#4640 = CARTESIAN_POINT ( 'NONE',  ( 51.70808186218739166, -2.499931335448996261, 0.000000000000000000 ) ) ;
#4641 = DIRECTION ( 'NONE',  ( -0.000000000000000000, -0.000000000000000000, 1.000000000000000000 ) ) ;
#4642 = ORIENTED_EDGE ( 'NONE', *, *, #1882, .T. ) ;
#4643 = EDGE_CURVE ( 'NONE', #3348, #4407, #3114, .T. ) ;
#4644 = DIRECTION ( 'NONE',  ( -1.000000000000000000, 0.000000000000000000, 0.000000000000000000 ) ) ;
#4645 = DIRECTION ( 'NONE',  ( 0.000000000000000000, -0.000000000000000000, 1.000000000000000000 ) ) ;
#4646 = CARTESIAN_POINT ( 'NONE',  ( -39.16013196753240777, -7.499931335448995817, 3.000000000000000000 ) ) ;
#4647 = VERTEX_POINT ( 'NONE', #481 ) ;
#4648 = ORIENTED_EDGE ( 'NONE', *, *, #2286, .T. ) ;
#4649 = ORIENTED_EDGE ( 'NONE', *, *, #5439, .T. ) ;
#4650 = VECTOR ( 'NONE', #3100, 1000.000000000000000 ) ;
#4651 = EDGE_CURVE ( 'NONE', #429, #2656, #3749, .T. ) ;
#4652 = CARTESIAN_POINT ( 'NONE',  ( 47.02500206014519790, -33.14931709140557814, 1.450000486571279668 ) ) ;
#4653 = DIRECTION ( 'NONE',  ( 0.000000000000000000, 0.000000000000000000, 1.000000000000000000 ) ) ;
#4654 = DIRECTION ( 'NONE',  ( 0.000000000000000000, 1.000000000000000000, 0.000000000000000000 ) ) ;
#4655 = LINE ( 'NONE', #135, #4390 ) ;
#4656 = CIRCLE ( 'NONE', #5388, 2.000000000000001776 ) ;
#4657 = ORIENTED_EDGE ( 'NONE', *, *, #1154, .T. ) ;
#4658 = LINE ( 'NONE', #4245, #4533 ) ;
#4659 = VERTEX_POINT ( 'NONE', #5736 ) ;
#4660 = EDGE_LOOP ( 'NONE', ( #2053, #3707, #280, #2376 ) ) ;
#4661 = EDGE_CURVE ( 'NONE', #4592, #3789, #1323, .T. ) ;
#4662 = EDGE_CURVE ( 'NONE', #164, #305, #4504, .T. ) ;
#4663 = VECTOR ( 'NONE', #2451, 1000.000000000000000 ) ;
#4664 = VECTOR ( 'NONE', #1549, 1000.000000000000000 ) ;
#4665 = DIRECTION ( 'NONE',  ( -1.000000000000000000, 0.000000000000000000, 0.000000000000000000 ) ) ;
#4666 = DIRECTION ( 'NONE',  ( 1.000000000000000000, 0.000000000000000000, -4.180742545671766046E-15 ) ) ;
#4667 = CARTESIAN_POINT ( 'NONE',  ( -52.20808186218739166, -7.999931335448993153, 0.000000000000000000 ) ) ;
#4668 = FACE_OUTER_BOUND ( 'NONE', #1339, .T. ) ;
#4669 = VECTOR ( 'NONE', #908, 1000.000000000000000 ) ;
#4670 = DIRECTION ( 'NONE',  ( 1.000000000000000000, 0.000000000000000000, 0.000000000000000000 ) ) ;
#4671 = DIRECTION ( 'NONE',  ( 1.000000000000000000, 0.000000000000000000, 0.000000000000000000 ) ) ;
#4672 = EDGE_LOOP ( 'NONE', ( #81, #2617, #4080, #3945 ) ) ;
#4673 = VECTOR ( 'NONE', #3422, 999.9999999999998863 ) ;
#4674 = LINE ( 'NONE', #1203, #5394 ) ;
#4675 = DIRECTION ( 'NONE',  ( -1.000000000000000000, 0.000000000000000000, 0.000000000000000000 ) ) ;
#4676 = CARTESIAN_POINT ( 'NONE',  ( -51.70808186218739166, -7.499931335448993153, 0.000000000000000000 ) ) ;
#4677 = VERTEX_POINT ( 'NONE', #1295 ) ;
#4678 = AXIS2_PLACEMENT_3D ( 'NONE', #3854, #3944, #2537 ) ;
#4679 = ORIENTED_EDGE ( 'NONE', *, *, #3349, .F. ) ;
#4680 = VERTEX_POINT ( 'NONE', #4395 ) ;
#4681 = CARTESIAN_POINT ( 'NONE',  ( -39.16032727911196076, -32.49992961829499905, 0.000000000000000000 ) ) ;
#4682 = CARTESIAN_POINT ( 'NONE',  ( 30.49987792968802225, -35.50007057189900195, 36.80533964865399810 ) ) ;
#4683 = CYLINDRICAL_SURFACE ( 'NONE', #996, 3.000000000000002665 ) ;
#4684 = VERTEX_POINT ( 'NONE', #4450 ) ;
#4685 = DIRECTION ( 'NONE',  ( -0.000000000000000000, 0.000000000000000000, 1.000000000000000000 ) ) ;
#4686 = ORIENTED_EDGE ( 'NONE', *, *, #4766, .F. ) ;
#4687 = ORIENTED_EDGE ( 'NONE', *, *, #2078, .F. ) ;
#4688 = EDGE_CURVE ( 'NONE', #5610, #2720, #4425, .T. ) ;
#4689 = DIRECTION ( 'NONE',  ( 1.000000000000000000, 0.000000000000000000, 0.000000000000000000 ) ) ;
#4690 = AXIS2_PLACEMENT_3D ( 'NONE', #2000, #5130, #1140 ) ;
#4691 = EDGE_CURVE ( 'NONE', #4647, #5256, #1734, .T. ) ;
#4692 = ORIENTED_EDGE ( 'NONE', *, *, #3519, .T. ) ;
#4693 = DIRECTION ( 'NONE',  ( -0.000000000000000000, -0.000000000000000000, 1.000000000000000000 ) ) ;
#4694 = EDGE_CURVE ( 'NONE', #514, #4952, #394, .T. ) ;
#4695 = PLANE ( 'NONE',  #638 ) ;
#4696 = CARTESIAN_POINT ( 'NONE',  ( -36.56224293011970872, -31.99997190456163665, 3.000000000000000000 ) ) ;
#4697 = DIRECTION ( 'NONE',  ( 0.9999999999999961142, 8.742277677795539484E-08, -8.002115286624055570E-15 ) ) ;
#4698 = LINE ( 'NONE', #757, #2396 ) ;
#4699 = VECTOR ( 'NONE', #5007, 1000.000000000000000 ) ;
#4700 = ORIENTED_EDGE ( 'NONE', *, *, #3519, .F. ) ;
#4701 = DIRECTION ( 'NONE',  ( 0.000000000000000000, -0.000000000000000000, 1.000000000000000000 ) ) ;
#4702 = CARTESIAN_POINT ( 'NONE',  ( 53.13099752524905028, -33.09477641991259844, 28.04134375730104622 ) ) ;
#4703 = CARTESIAN_POINT ( 'NONE',  ( 47.14938835202706713, -32.50133439230313570, 1.450000653111696458 ) ) ;
#4704 = CARTESIAN_POINT ( 'NONE',  ( -51.70808186218739166, -2.999931335448996261, 0.000000000000000000 ) ) ;
#4705 = VERTEX_POINT ( 'NONE', #3986 ) ;
#4706 = ORIENTED_EDGE ( 'NONE', *, *, #4847, .F. ) ;
#4707 = ORIENTED_EDGE ( 'NONE', *, *, #2844, .T. ) ;
#4708 = CARTESIAN_POINT ( 'NONE',  ( 48.77500172706440651, -40.76931592906048252, 0.000000000000000000 ) ) ;
#4709 = ADVANCED_FACE ( 'NONE', ( #4822 ), #450, .T. ) ;
#4710 = CYLINDRICAL_SURFACE ( 'NONE', #4805, 0.5000000000000004441 ) ;
#4711 = LINE ( 'NONE', #3033, #4638 ) ;
#4712 = EDGE_LOOP ( 'NONE', ( #1658 ) ) ;
#4713 = CARTESIAN_POINT ( 'NONE',  ( -39.16042493490871124, -38.49992961750028542, 3.000000000000000000 ) ) ;
#4714 = ORIENTED_EDGE ( 'NONE', *, *, #973, .F. ) ;
#4715 = EDGE_LOOP ( 'NONE', ( #3402, #656, #2768, #5132 ) ) ;
#4716 = ADVANCED_FACE ( 'NONE', ( #4014 ), #5343, .T. ) ;
#4717 = DIRECTION ( 'NONE',  ( 0.000000000000000000, -0.9999999999999991118, 4.371140886858145003E-08 ) ) ;
#4718 = ORIENTED_EDGE ( 'NONE', *, *, #1317, .F. ) ;
#4719 = DIRECTION ( 'NONE',  ( -0.000000000000000000, -0.000000000000000000, -1.000000000000000000 ) ) ;
#4720 = EDGE_CURVE ( 'NONE', #3871, #5696, #1855, .T. ) ;
#4721 = DIRECTION ( 'NONE',  ( 6.829619963800051586E-16, -0.9999999999999991118, 4.371140887755362005E-08 ) ) ;
#4722 = LINE ( 'NONE', #3512, #5501 ) ;
#4723 = VECTOR ( 'NONE', #1404, 1000.000000000000227 ) ;
#4724 = CARTESIAN_POINT ( 'NONE',  ( -55.92498535135183602, 8.414992237443547296, 0.000000000000000000 ) ) ;
#4725 = DIRECTION ( 'NONE',  ( -1.000000000000000000, 1.994248318681190000E-16, 4.180742536954625851E-15 ) ) ;
#4726 = CARTESIAN_POINT ( 'NONE',  ( 35.21007646689129444, -52.94007753325929855, 1.450001351653348092 ) ) ;
#4727 = ADVANCED_FACE ( 'NONE', ( #1764 ), #508, .F. ) ;
#4728 = VECTOR ( 'NONE', #2374, 1000.000000000000000 ) ;
#4729 = ORIENTED_EDGE ( 'NONE', *, *, #4382, .T. ) ;
#4730 = EDGE_CURVE ( 'NONE', #574, #1776, #1355, .T. ) ;
#4731 = EDGE_CURVE ( 'NONE', #3832, #4797, #1979, .T. ) ;
#4732 = CARTESIAN_POINT ( 'NONE',  ( 29.96453803689026785, -18.91234094049699976, 0.000000000000000000 ) ) ;
#4733 = VECTOR ( 'NONE', #4489, 1000.000000000000000 ) ;
#4734 = DIRECTION ( 'NONE',  ( 0.000000000000000000, -0.9999999999999991118, 4.371140884147631631E-08 ) ) ;
#4735 = CYLINDRICAL_SURFACE ( 'NONE', #215, 3.000000000000002665 ) ;
#4736 = DIRECTION ( 'NONE',  ( -0.000000000000000000, 0.000000000000000000, -1.000000000000000000 ) ) ;
#4737 = EDGE_LOOP ( 'NONE', ( #5545, #4320, #4166, #3008 ) ) ;
#4738 = VECTOR ( 'NONE', #4096, 1000.000000000000000 ) ;
#4739 = EDGE_LOOP ( 'NONE', ( #681, #1568, #1507, #398 ) ) ;
#4740 = EDGE_CURVE ( 'NONE', #4032, #3832, #1828, .T. ) ;
#4741 = ORIENTED_EDGE ( 'NONE', *, *, #1790, .F. ) ;
#4742 = CARTESIAN_POINT ( 'NONE',  ( -51.70808186218739166, -2.999931335448996261, 0.000000000000000000 ) ) ;
#4743 = DIRECTION ( 'NONE',  ( 1.000000000000000000, 0.000000000000000000, 0.000000000000000000 ) ) ;
#4744 = FACE_OUTER_BOUND ( 'NONE', #1499, .T. ) ;
#4745 = EDGE_LOOP ( 'NONE', ( #2038, #5293, #884, #5596 ) ) ;
#4746 = CARTESIAN_POINT ( 'NONE',  ( 39.15993664557905873, -32.50120435625778015, 3.000000000000000000 ) ) ;
#4747 = EDGE_LOOP ( 'NONE', ( #629, #3806, #4132, #3153 ) ) ;
#4748 = LINE ( 'NONE', #2041, #5133 ) ;
#4749 = VERTEX_POINT ( 'NONE', #69 ) ;
#4750 = CARTESIAN_POINT ( 'NONE',  ( -55.00000000000000000, 55.00000000000000711, 3.000000000000000000 ) ) ;
#4751 = VECTOR ( 'NONE', #1966, 999.9999999999998863 ) ;
#4752 = VECTOR ( 'NONE', #4178, 1000.000000000000227 ) ;
#4753 = DIRECTION ( 'NONE',  ( -1.000000000000000000, 0.000000000000000000, 0.000000000000000000 ) ) ;
#4754 = LINE ( 'NONE', #3860, #3375 ) ;
#4755 = AXIS2_PLACEMENT_3D ( 'NONE', #3788, #5544, #5519 ) ;
#4756 = CARTESIAN_POINT ( 'NONE',  ( 37.42808115996353280, -9.499931335448987824, 1.449999452823600210 ) ) ;
#4757 = DIRECTION ( 'NONE',  ( -0.000000000000000000, -0.000000000000000000, -1.000000000000000000 ) ) ;
#4758 = CARTESIAN_POINT ( 'NONE',  ( 30.49987792968802225, -35.50007057189900195, 36.80533964865399810 ) ) ;
#4759 = ORIENTED_EDGE ( 'NONE', *, *, #1922, .T. ) ;
#4760 = DIRECTION ( 'NONE',  ( 1.000000000000000000, 0.000000000000000000, 0.000000000000000000 ) ) ;
#4761 = EDGE_CURVE ( 'NONE', #835, #3706, #2632, .T. ) ;
#4762 = FACE_OUTER_BOUND ( 'NONE', #4570, .T. ) ;
#4763 = DIRECTION ( 'NONE',  ( -4.180742545671762101E-15, -4.371140887755362005E-08, -0.9999999999999992228 ) ) ;
#4764 = DIRECTION ( 'NONE',  ( 0.000000000000000000, -0.9999999999999990008, 4.371140888484446938E-08 ) ) ;
#4765 = ORIENTED_EDGE ( 'NONE', *, *, #66, .F. ) ;
#4766 = EDGE_CURVE ( 'NONE', #893, #1834, #823, .T. ) ;
#4767 = ORIENTED_EDGE ( 'NONE', *, *, #2135, .T. ) ;
#4768 = AXIS2_PLACEMENT_3D ( 'NONE', #4853, #5311, #2728 ) ;
#4769 = VERTEX_POINT ( 'NONE', #4640 ) ;
#4770 = DIRECTION ( 'NONE',  ( 4.180742545671762101E-15, 4.371140887755362005E-08, 0.9999999999999992228 ) ) ;
#4771 = PERSON_AND_ORGANIZATION ( #4257, #2917 ) ;
#4772 = FACE_OUTER_BOUND ( 'NONE', #2587, .T. ) ;
#4773 = AXIS2_PLACEMENT_3D ( 'NONE', #3362, #788, #2511 ) ;
#4774 = CARTESIAN_POINT ( 'NONE',  ( 39.15993664557803555, -32.50120435625778015, 1.450000458241642365 ) ) ;
#4775 = ORIENTED_EDGE ( 'NONE', *, *, #1822, .F. ) ;
#4776 = DIRECTION ( 'NONE',  ( 0.000000000000000000, -0.9999999999999991118, 4.371140884147639571E-08 ) ) ;
#4777 = ORIENTED_EDGE ( 'NONE', *, *, #3426, .T. ) ;
#4778 = ORIENTED_EDGE ( 'NONE', *, *, #2912, .F. ) ;
#4779 = AXIS2_PLACEMENT_3D ( 'NONE', #3701, #2007, #2382 ) ;
#4780 = CARTESIAN_POINT ( 'NONE',  ( -37.42839040353538138, -39.49995780816809798, 1.450000764167336698 ) ) ;
#4781 = ORIENTED_EDGE ( 'NONE', *, *, #1189, .T. ) ;
#4782 = DIRECTION ( 'NONE',  ( 1.000000000000000000, 0.000000000000000000, 0.000000000000000000 ) ) ;
#4783 = VERTEX_POINT ( 'NONE', #4092 ) ;
#4784 = VECTOR ( 'NONE', #3124, 1000.000000000000000 ) ;
#4785 = CARTESIAN_POINT ( 'NONE',  ( -39.16013196753240777, -2.499931335448993597, 1.449999146844058284 ) ) ;
#4786 = FACE_OUTER_BOUND ( 'NONE', #1365, .T. ) ;
#4787 = CIRCLE ( 'NONE', #1248, 2.000000000000002665 ) ;
#4788 = CARTESIAN_POINT ( 'NONE',  ( -13.92494201660204212, -57.37510013580300949, 1.450001545514639778 ) ) ;
#4789 = LINE ( 'NONE', #4356, #5370 ) ;
#4790 = ORIENTED_EDGE ( 'NONE', *, *, #4900, .F. ) ;
#4791 = CARTESIAN_POINT ( 'NONE',  ( 65.99999999999998579, 61.00000000000004263, 3.000000000000000000 ) ) ;
#4792 = DIRECTION ( 'NONE',  ( 0.9999999999999961142, 8.742277677795539484E-08, -8.002115286624055570E-15 ) ) ;
#4793 = CARTESIAN_POINT ( 'NONE',  ( 47.37007602278353602, -48.40007575682851382, 0.000000000000000000 ) ) ;
#4794 = FACE_OUTER_BOUND ( 'NONE', #5458, .T. ) ;
#4795 = ORIENTED_EDGE ( 'NONE', *, *, #4520, .F. ) ;
#4796 = ORIENTED_EDGE ( 'NONE', *, *, #527, .F. ) ;
#4797 = VERTEX_POINT ( 'NONE', #1936 ) ;
#4798 = LINE ( 'NONE', #4366, #3090 ) ;
#4799 = EDGE_CURVE ( 'NONE', #3852, #1385, #108, .T. ) ;
#4800 = CARTESIAN_POINT ( 'NONE',  ( 51.70808186218739166, -7.999931335448993153, 3.000000000000000000 ) ) ;
#4801 = LINE ( 'NONE', #1149, #3717 ) ;
#4802 = VERTEX_POINT ( 'NONE', #5067 ) ;
#4803 = LINE ( 'NONE', #4861, #1516 ) ;
#4804 = VERTEX_POINT ( 'NONE', #2779 ) ;
#4805 = AXIS2_PLACEMENT_3D ( 'NONE', #3001, #3937, #1769 ) ;
#4806 = EDGE_CURVE ( 'NONE', #2506, #4680, #3370, .T. ) ;
#4807 = EDGE_LOOP ( 'NONE', ( #4388, #4109, #137, #3474, #2913, #2608 ) ) ;
#4808 = ADVANCED_FACE ( 'NONE', ( #3719 ), #204, .F. ) ;
#4809 = AXIS2_PLACEMENT_3D ( 'NONE', #3635, #122, #3612 ) ;
#4810 = DIRECTION ( 'NONE',  ( 0.9999999999999961142, 8.742277677795539484E-08, -8.002115286624055570E-15 ) ) ;
#4811 = ORIENTED_EDGE ( 'NONE', *, *, #2593, .T. ) ;
#4812 = CARTESIAN_POINT ( 'NONE',  ( -37.42826019580637364, -31.49995780922772681, 0.000000000000000000 ) ) ;
#4813 = EDGE_LOOP ( 'NONE', ( #4472, #4278, #1477, #5180 ) ) ;
#4814 = DIRECTION ( 'NONE',  ( -0.000000000000000000, -0.000000000000000000, -1.000000000000000000 ) ) ;
#4815 = CARTESIAN_POINT ( 'NONE',  ( -38.00000000000000000, 28.00000000000002842, 0.000000000000000000 ) ) ;
#4816 = FACE_OUTER_BOUND ( 'NONE', #5603, .T. ) ;
#4817 = DIRECTION ( 'NONE',  ( -4.180742545671762101E-15, -4.371140887755362005E-08, -0.9999999999999992228 ) ) ;
#4818 = ORIENTED_EDGE ( 'NONE', *, *, #1013, .T. ) ;
#4819 = DIRECTION ( 'NONE',  ( -1.000000000000000000, -1.051347561198064835E-16, 0.000000000000000000 ) ) ;
#4820 = CARTESIAN_POINT ( 'NONE',  ( 39.15996919751131600, -30.50120435652268824, 3.000000000000000000 ) ) ;
#4821 = CYLINDRICAL_SURFACE ( 'NONE', #1004, 5.000000000000004441 ) ;
#4822 = FACE_OUTER_BOUND ( 'NONE', #1943, .T. ) ;
#4823 = ORIENTED_EDGE ( 'NONE', *, *, #724, .T. ) ;
#4824 = ORIENTED_EDGE ( 'NONE', *, *, #5003, .F. ) ;
#4825 = ORIENTED_EDGE ( 'NONE', *, *, #1959, .T. ) ;
#4826 = DIRECTION ( 'NONE',  ( -0.000000000000000000, -0.000000000000000000, 1.000000000000000000 ) ) ;
#4827 = DIRECTION ( 'NONE',  ( 0.000000000000000000, -0.000000000000000000, 1.000000000000000000 ) ) ;
#4828 = CIRCLE ( 'NONE', #3808, 0.5000000000000004441 ) ;
#4829 = VECTOR ( 'NONE', #1334, 1000.000000000000000 ) ;
#4830 = CARTESIAN_POINT ( 'NONE',  ( 39.16013196753240777, -8.499931335448993153, 3.000000000000000000 ) ) ;
#4831 = ORIENTED_EDGE ( 'NONE', *, *, #4253, .F. ) ;
#4832 = DIRECTION ( 'NONE',  ( 1.627596612607036964E-05, 0.9999999998675465074, 0.000000000000000000 ) ) ;
#4833 = ORIENTED_EDGE ( 'NONE', *, *, #5295, .T. ) ;
#4834 = ORIENTED_EDGE ( 'NONE', *, *, #4420, .F. ) ;
#4835 = CARTESIAN_POINT ( 'NONE',  ( 0.000000000000000000, 0.000000000000000000, 0.000000000000000000 ) ) ;
#4836 = EDGE_CURVE ( 'NONE', #1973, #1343, #5036, .T. ) ;
#4837 = EDGE_CURVE ( 'NONE', #5271, #3396, #5013, .T. ) ;
#4838 = EDGE_LOOP ( 'NONE', ( #2820 ) ) ;
#4839 = AXIS2_PLACEMENT_3D ( 'NONE', #1501, #4627, #3340 ) ;
#4840 = FACE_OUTER_BOUND ( 'NONE', #5482, .T. ) ;
#4841 = DIRECTION ( 'NONE',  ( -0.000000000000000000, -0.000000000000000000, -1.000000000000000000 ) ) ;
#4842 = AXIS2_PLACEMENT_3D ( 'NONE', #2953, #5555, #4326 ) ;
#4843 = VECTOR ( 'NONE', #299, 1000.000000000000000 ) ;
#4844 = CIRCLE ( 'NONE', #3175, 1.749999999999992673 ) ;
#4845 = LINE ( 'NONE', #3981, #253 ) ;
#4846 = ORIENTED_EDGE ( 'NONE', *, *, #2472, .T. ) ;
#4847 = EDGE_CURVE ( 'NONE', #1083, #1221, #532, .T. ) ;
#4848 = LINE ( 'NONE', #2202, #1210 ) ;
#4849 = AXIS2_PLACEMENT_3D ( 'NONE', #3815, #1038, #1476 ) ;
#4850 = CIRCLE ( 'NONE', #1315, 7.999999999999996447 ) ;
#4851 = LINE ( 'NONE', #2264, #1780 ) ;
#4852 = CARTESIAN_POINT ( 'NONE',  ( -30.50012207031303291, -35.50007057189900195, 1.450000589326601252 ) ) ;
#4853 = CARTESIAN_POINT ( 'NONE',  ( 30.50012016296399153, -5.499931269881894735, 1.449999277977990886 ) ) ;
#4854 = DIRECTION ( 'NONE',  ( -1.994248318681189754E-16, 1.000000000000000000, 0.000000000000000000 ) ) ;
#4855 = VERTEX_POINT ( 'NONE', #3690 ) ;
#4856 = ORIENTED_EDGE ( 'NONE', *, *, #3498, .F. ) ;
#4857 = DIRECTION ( 'NONE',  ( -0.000000000000000000, -0.000000000000000000, -1.000000000000000000 ) ) ;
#4858 = CARTESIAN_POINT ( 'NONE',  ( 33.46453803689025364, -17.59675966251838730, 0.000000000000000000 ) ) ;
#4859 = CARTESIAN_POINT ( 'NONE',  ( 47.02500206014519790, -33.14931592906049218, 0.000000000000000000 ) ) ;
#4860 = ORIENTED_EDGE ( 'NONE', *, *, #64, .T. ) ;
#4861 = CARTESIAN_POINT ( 'NONE',  ( -36.56235686188259137, -38.99997190363446720, 0.000000000000000000 ) ) ;
#4862 = CIRCLE ( 'NONE', #1504, 3.499999999999999112 ) ;
#4863 = EDGE_LOOP ( 'NONE', ( #1900, #372, #282, #4259 ) ) ;
#4864 = ORIENTED_EDGE ( 'NONE', *, *, #3031, .T. ) ;
#4865 = CARTESIAN_POINT ( 'NONE',  ( 47.02500206014519790, -38.50133236859078067, 0.000000000000000000 ) ) ;
#4866 = CARTESIAN_POINT ( 'NONE',  ( 33.21007646689140813, -48.89130729459745339, 28.04134375730104622 ) ) ;
#4867 = ORIENTED_EDGE ( 'NONE', *, *, #566, .T. ) ;
#4868 = EDGE_CURVE ( 'NONE', #2763, #2763, #4862, .T. ) ;
#4869 = ORIENTED_EDGE ( 'NONE', *, *, #4981, .F. ) ;
#4870 = CIRCLE ( 'NONE', #3664, 0.5000000000000004441 ) ;
#4871 = DIRECTION ( 'NONE',  ( 4.180742545671762101E-15, 4.371140887755362005E-08, 0.9999999999999992228 ) ) ;
#4872 = CARTESIAN_POINT ( 'NONE',  ( 15.53999999999997783, -13.46000000000002927, 28.04134375730104622 ) ) ;
#4873 = EDGE_CURVE ( 'NONE', #1266, #4362, #3773, .T. ) ;
#4874 = AXIS2_PLACEMENT_3D ( 'NONE', #2759, #1103, #3747 ) ;
#4875 = CARTESIAN_POINT ( 'NONE',  ( -53.71248359946253004, -33.76592310238539341, 28.04134375730104622 ) ) ;
#4876 = ORIENTED_EDGE ( 'NONE', *, *, #5569, .F. ) ;
#4877 = FACE_BOUND ( 'NONE', #3127, .T. ) ;
#4878 = LINE ( 'NONE', #1378, #742 ) ;
#4879 = CARTESIAN_POINT ( 'NONE',  ( -37.42826019580637364, -31.49995780922773392, 1.450000414476065869 ) ) ;
#4880 = CARTESIAN_POINT ( 'NONE',  ( -52.20836668985239015, -37.99971724957600827, 3.000000000000000000 ) ) ;
#4881 = ORIENTED_EDGE ( 'NONE', *, *, #1457, .F. ) ;
#4882 = ORIENTED_EDGE ( 'NONE', *, *, #3305, .F. ) ;
#4883 = VERTEX_POINT ( 'NONE', #1881 ) ;
#4884 = EDGE_CURVE ( 'NONE', #2997, #498, #637, .T. ) ;
#4885 = DIRECTION ( 'NONE',  ( -0.000000000000000000, -0.000000000000000000, -1.000000000000000000 ) ) ;
#4886 = CARTESIAN_POINT ( 'NONE',  ( 38.00000000000000000, 46.00000000000002842, 0.000000000000000000 ) ) ;
#4887 = CARTESIAN_POINT ( 'NONE',  ( -42.63473434031897824, -32.49987306896335326, 0.000000000000000000 ) ) ;
#4888 = ORIENTED_EDGE ( 'NONE', *, *, #1784, .F. ) ;
#4889 = CARTESIAN_POINT ( 'NONE',  ( -39.16042493490871124, -38.49992961750028542, 0.000000000000000000 ) ) ;
#4890 = ORIENTED_EDGE ( 'NONE', *, *, #4900, .T. ) ;
#4891 = ORIENTED_EDGE ( 'NONE', *, *, #3663, .T. ) ;
#4892 = VERTEX_POINT ( 'NONE', #4986 ) ;
#4893 = CIRCLE ( 'NONE', #3602, 2.000000000000001776 ) ;
#4894 = EDGE_CURVE ( 'NONE', #1157, #2095, #2343, .T. ) ;
#4895 = CARTESIAN_POINT ( 'NONE',  ( 37.99999999999998579, 50.00000000000002842, 0.000000000000000000 ) ) ;
#4896 = DIRECTION ( 'NONE',  ( 0.000000000000000000, 0.000000000000000000, 1.000000000000000000 ) ) ;
#4897 = EDGE_LOOP ( 'NONE', ( #866, #4494, #5359, #2548 ) ) ;
#4898 = VERTEX_POINT ( 'NONE', #5420 ) ;
#4899 = ORIENTED_EDGE ( 'NONE', *, *, #5184, .T. ) ;
#4900 = EDGE_CURVE ( 'NONE', #4026, #2757, #988, .T. ) ;
#4901 = CIRCLE ( 'NONE', #611, 0.5000000000000004441 ) ;
#4902 = LINE ( 'NONE', #1283, #3448 ) ;
#4903 = DIRECTION ( 'NONE',  ( 1.000000000000000000, 0.000000000000000000, 0.000000000000000000 ) ) ;
#4904 = CARTESIAN_POINT ( 'NONE',  ( 37.42790211420572888, -31.50117616558996403, 1.450000414529008852 ) ) ;
#4905 = EDGE_CURVE ( 'NONE', #3964, #4246, #4121, .T. ) ;
#4906 = ORIENTED_EDGE ( 'NONE', *, *, #3417, .T. ) ;
#4907 = FACE_BOUND ( 'NONE', #1111, .T. ) ;
#4908 = CARTESIAN_POINT ( 'NONE',  ( -39.16013196753240777, -8.499931335448993153, 0.000000000000000000 ) ) ;
#4909 = CARTESIAN_POINT ( 'NONE',  ( 39.15993664557905873, -32.50120435625778015, 0.000000000000000000 ) ) ;
#4910 = DIRECTION ( 'NONE',  ( -1.000000000000000000, 0.000000000000000000, 0.000000000000000000 ) ) ;
#4911 = DIRECTION ( 'NONE',  ( -1.000000000000000000, 0.000000000000000000, 0.000000000000000000 ) ) ;
#4912 = ADVANCED_FACE ( 'NONE', ( #963 ), #1913, .F. ) ;
#4913 = EDGE_CURVE ( 'NONE', #3900, #3294, #4589, .T. ) ;
#4914 = EDGE_CURVE ( 'NONE', #1207, #5739, #572, .T. ) ;
#4915 = ORIENTED_EDGE ( 'NONE', *, *, #4308, .T. ) ;
#4916 = AXIS2_PLACEMENT_3D ( 'NONE', #263, #2579, #694 ) ;
#4917 = FACE_OUTER_BOUND ( 'NONE', #471, .T. ) ;
#4918 = DIRECTION ( 'NONE',  ( -1.000000000000000000, 0.000000000000000000, 0.000000000000000000 ) ) ;
#4919 = VERTEX_POINT ( 'NONE', #176 ) ;
#4920 = EDGE_CURVE ( 'NONE', #3619, #5059, #293, .T. ) ;
#4921 = LINE ( 'NONE', #4343, #5244 ) ;
#4922 = ORIENTED_EDGE ( 'NONE', *, *, #3265, .T. ) ;
#4923 = ORIENTED_EDGE ( 'NONE', *, *, #5754, .T. ) ;
#4924 = ORIENTED_EDGE ( 'NONE', *, *, #3382, .F. ) ;
#4925 = DIRECTION ( 'NONE',  ( 0.000000000000000000, -0.000000000000000000, 1.000000000000000000 ) ) ;
#4926 = AXIS2_PLACEMENT_3D ( 'NONE', #2189, #802, #2590 ) ;
#4927 = DIRECTION ( 'NONE',  ( -4.180742545671762101E-15, -4.371140887755362005E-08, -0.9999999999999992228 ) ) ;
#4928 = EDGE_LOOP ( 'NONE', ( #2900, #1556, #4968, #704 ) ) ;
#4929 = VERTEX_POINT ( 'NONE', #3303 ) ;
#4930 = VECTOR ( 'NONE', #3868, 1000.000000000000000 ) ;
#4931 = DIRECTION ( 'NONE',  ( 2.102695122396129669E-16, -1.000000000000000000, 0.000000000000000000 ) ) ;
#4932 = CARTESIAN_POINT ( 'NONE',  ( -58.25248347830570594, -43.92592313267459048, 1.450000957632349818 ) ) ;
#4933 = AXIS2_PLACEMENT_3D ( 'NONE', #3979, #4134, #132 ) ;
#4934 = FACE_BOUND ( 'NONE', #3074, .T. ) ;
#4935 = AXIS2_PLACEMENT_3D ( 'NONE', #1015, #555, #2450 ) ;
#4936 = CARTESIAN_POINT ( 'NONE',  ( -39.16032727911196076, -32.49992961829499905, 0.000000000000000000 ) ) ;
#4937 = PLANE ( 'NONE',  #1163 ) ;
#4938 = DIRECTION ( 'NONE',  ( -0.000000000000000000, -0.000000000000000000, 1.000000000000000000 ) ) ;
#4939 = EDGE_CURVE ( 'NONE', #13, #4314, #3016, .T. ) ;
#4940 = VECTOR ( 'NONE', #43, 999.9999999999998863 ) ;
#4941 = EDGE_CURVE ( 'NONE', #2962, #3764, #3840, .T. ) ;
#4942 = PLANE ( 'NONE',  #5149 ) ;
#4943 = CARTESIAN_POINT ( 'NONE',  ( -66.00000000000001421, -61.00000000000000711, 3.000000000000000000 ) ) ;
#4944 = VERTEX_POINT ( 'NONE', #2894 ) ;
#4945 = CARTESIAN_POINT ( 'NONE',  ( 14.95999999999986940, -24.75000000000002132, 1.450000119425427725 ) ) ;
#4946 = ORIENTED_EDGE ( 'NONE', *, *, #1201, .T. ) ;
#4947 = ORIENTED_EDGE ( 'NONE', *, *, #2836, .F. ) ;
#4948 = FACE_BOUND ( 'NONE', #5241, .T. ) ;
#4949 = CARTESIAN_POINT ( 'NONE',  ( 45.37007602278353602, -48.40007575682851382, 0.000000000000000000 ) ) ;
#4950 = DIRECTION ( 'NONE',  ( -0.000000000000000000, 0.000000000000000000, -1.000000000000000000 ) ) ;
#4951 = ORIENTED_EDGE ( 'NONE', *, *, #5743, .F. ) ;
#4952 = VERTEX_POINT ( 'NONE', #1101 ) ;
#4953 = AXIS2_PLACEMENT_3D ( 'NONE', #231, #1164, #355 ) ;
#4954 = PLANE ( 'NONE',  #1601 ) ;
#4955 = AXIS2_PLACEMENT_3D ( 'NONE', #2337, #3629, #2769 ) ;
#4956 = CARTESIAN_POINT ( 'NONE',  ( 39.15992036961294076, -33.50120435612532077, 3.000000000000000000 ) ) ;
#4957 = FACE_BOUND ( 'NONE', #4990, .T. ) ;
#4958 = DIRECTION ( 'NONE',  ( -0.000000000000000000, -0.000000000000000000, -1.000000000000000000 ) ) ;
#4959 = DIRECTION ( 'NONE',  ( -1.000000000000000000, 2.731848123972157184E-15, 0.000000000000000000 ) ) ;
#4960 = CARTESIAN_POINT ( 'NONE',  ( -58.25248347830570594, -33.76592310238539341, 28.04134375730104622 ) ) ;
#4961 = VECTOR ( 'NONE', #5477, 1000.000000000000000 ) ;
#4962 = DIRECTION ( 'NONE',  ( -0.000000000000000000, -0.000000000000000000, -1.000000000000000000 ) ) ;
#4963 = CARTESIAN_POINT ( 'NONE',  ( 39.16013196753240777, -10.49993133544899493, 0.000000000000000000 ) ) ;
#4964 = FACE_OUTER_BOUND ( 'NONE', #4807, .T. ) ;
#4965 = EDGE_LOOP ( 'NONE', ( #3816, #214, #3654, #2522, #1919, #2153, #1809, #4778, #1419, #2896, #5031, #2162, #411, #5097, #2297, #768 ) ) ;
#4966 = DIRECTION ( 'NONE',  ( -4.180742545671762101E-15, -4.371140887755362005E-08, -0.9999999999999992228 ) ) ;
#4967 = ORIENTED_EDGE ( 'NONE', *, *, #3097, .F. ) ;
#4968 = ORIENTED_EDGE ( 'NONE', *, *, #2495, .F. ) ;
#4969 = EDGE_CURVE ( 'NONE', #2874, #2745, #1572, .T. ) ;
#4970 = VERTEX_POINT ( 'NONE', #5082 ) ;
#4971 = DIRECTION ( 'NONE',  ( 0.000000000000000000, 0.000000000000000000, -1.000000000000000000 ) ) ;
#4972 = CARTESIAN_POINT ( 'NONE',  ( 55.00000000000000000, 55.00000000000000711, 3.000000000000000000 ) ) ;
#4973 = ORIENTED_EDGE ( 'NONE', *, *, #1523, .F. ) ;
#4974 = EDGE_CURVE ( 'NONE', #5256, #1157, #2077, .T. ) ;
#4975 = VERTEX_POINT ( 'NONE', #5186 ) ;
#4976 = VECTOR ( 'NONE', #688, 1000.000000000000000 ) ;
#4977 = EDGE_LOOP ( 'NONE', ( #885 ) ) ;
#4978 = EDGE_CURVE ( 'NONE', #2710, #3380, #5588, .T. ) ;
#4979 = DIRECTION ( 'NONE',  ( 0.000000000000000000, -0.000000000000000000, 1.000000000000000000 ) ) ;
#4980 = CARTESIAN_POINT ( 'NONE',  ( -37.99999999999997158, 24.00000000000002842, 0.000000000000000000 ) ) ;
#4981 = EDGE_CURVE ( 'NONE', #2102, #3403, #294, .T. ) ;
#4982 = DIRECTION ( 'NONE',  ( 0.000000000000000000, 0.000000000000000000, -1.000000000000000000 ) ) ;
#4983 = EDGE_CURVE ( 'NONE', #4952, #4461, #660, .T. ) ;
#4984 = DIRECTION ( 'NONE',  ( -4.180742545671762101E-15, -4.371140887755362005E-08, -0.9999999999999992228 ) ) ;
#4985 = DIRECTION ( 'NONE',  ( 1.000000000000000000, 6.829619984160653116E-16, 0.000000000000000000 ) ) ;
#4986 = CARTESIAN_POINT ( 'NONE',  ( -51.70808186218739166, -7.499931335448993153, 0.000000000000000000 ) ) ;
#4987 = CARTESIAN_POINT ( 'NONE',  ( -13.92494201660215225, -53.87510013580300949, 1.450001392524706612 ) ) ;
#4988 = DIRECTION ( 'NONE',  ( 1.000000000000000000, 1.994248318681189754E-16, 0.000000000000000000 ) ) ;
#4989 = CARTESIAN_POINT ( 'NONE',  ( 29.96453803689026785, -17.59675966251838730, 0.000000000000000000 ) ) ;
#4990 = EDGE_LOOP ( 'NONE', ( #1298 ) ) ;
#4991 = ORIENTED_EDGE ( 'NONE', *, *, #1602, .F. ) ;
#4992 = ORIENTED_EDGE ( 'NONE', *, *, #2736, .F. ) ;
#4993 = LINE ( 'NONE', #999, #3351 ) ;
#4994 = CIRCLE ( 'NONE', #1849, 3.000000000000002220 ) ;
#4995 = APPROVAL_ROLE ( '' ) ;
#4996 = CARTESIAN_POINT ( 'NONE',  ( 30.50012016296399153, -5.499931269881894735, 1.449999277977990886 ) ) ;
#4997 = DIRECTION ( 'NONE',  ( -1.000000000000000000, 1.994248318681189754E-16, 0.000000000000000000 ) ) ;
#4998 = ORIENTED_EDGE ( 'NONE', *, *, #4142, .T. ) ;
#4999 = ORIENTED_EDGE ( 'NONE', *, *, #1278, .T. ) ;
#5000 = AXIS2_PLACEMENT_3D ( 'NONE', #1386, #4488, #1857 ) ;
#5001 = ORIENTED_EDGE ( 'NONE', *, *, #5733, .F. ) ;
#5002 = DIRECTION ( 'NONE',  ( 0.000000000000000000, -0.000000000000000000, 1.000000000000000000 ) ) ;
#5003 = EDGE_CURVE ( 'NONE', #5624, #234, #1671, .T. ) ;
#5004 = EDGE_CURVE ( 'NONE', #2819, #2686, #1037, .T. ) ;
#5005 = CIRCLE ( 'NONE', #458, 4.999999999999997335 ) ;
#5006 = DIRECTION ( 'NONE',  ( 0.000000000000000000, 0.000000000000000000, 1.000000000000000000 ) ) ;
#5007 = DIRECTION ( 'NONE',  ( 1.000000000000000000, 1.994248318681189754E-16, -0.000000000000000000 ) ) ;
#5008 = AXIS2_PLACEMENT_3D ( 'NONE', #2092, #4763, #4394 ) ;
#5009 = EDGE_CURVE ( 'NONE', #1288, #5598, #5686, .T. ) ;
#5010 = LINE ( 'NONE', #4226, #833 ) ;
#5011 = CARTESIAN_POINT ( 'NONE',  ( 13.53999999999997783, -13.46000000000002927, 28.04134375730104622 ) ) ;
#5012 = CARTESIAN_POINT ( 'NONE',  ( 33.21007646689140813, -48.40007575682851382, 0.000000000000000000 ) ) ;
#5013 = LINE ( 'NONE', #5503, #851 ) ;
#5014 = EDGE_CURVE ( 'NONE', #3619, #5714, #2479, .T. ) ;
#5015 = VERTEX_POINT ( 'NONE', #1226 ) ;
#5016 = VECTOR ( 'NONE', #4576, 1000.000000000000000 ) ;
#5017 = DIRECTION ( 'NONE',  ( -1.000000000000000000, 0.000000000000000000, 0.000000000000000000 ) ) ;
#5018 = LINE ( 'NONE', #2755, #1720 ) ;
#5019 = CARTESIAN_POINT ( 'NONE',  ( 13.53999999999997783, -13.46000000000002927, 0.000000000000000000 ) ) ;
#5020 = VERTEX_POINT ( 'NONE', #1134 ) ;
#5021 = CIRCLE ( 'NONE', #5481, 1.999999999999994893 ) ;
#5022 = ORIENTED_EDGE ( 'NONE', *, *, #2658, .T. ) ;
#5023 = VERTEX_POINT ( 'NONE', #756 ) ;
#5024 = CARTESIAN_POINT ( 'NONE',  ( 39.15993664557905873, -32.50120435625778015, 0.000000000000000000 ) ) ;
#5025 = CARTESIAN_POINT ( 'NONE',  ( 58.50000000000000000, 55.00000000000000711, 0.000000000000000000 ) ) ;
#5026 = VECTOR ( 'NONE', #2385, 1000.000000000000000 ) ;
#5027 = VECTOR ( 'NONE', #5600, 1000.000000000000227 ) ;
#5028 = DIRECTION ( 'NONE',  ( 7.216449660063515935E-15, -0.9999999999999990008, 4.371140888484446938E-08 ) ) ;
#5029 = DIRECTION ( 'NONE',  ( 0.000000000000000000, -0.9999999999999991118, 4.371140905831675080E-08 ) ) ;
#5030 = ORIENTED_EDGE ( 'NONE', *, *, #2179, .T. ) ;
#5031 = ORIENTED_EDGE ( 'NONE', *, *, #1956, .T. ) ;
#5032 = VERTEX_POINT ( 'NONE', #4788 ) ;
#5033 = CARTESIAN_POINT ( 'NONE',  ( -13.92494201660204212, -57.37510013580300949, 0.000000000000000000 ) ) ;
#5034 = LINE ( 'NONE', #882, #1650 ) ;
#5035 = LINE ( 'NONE', #4980, #5064 ) ;
#5036 = CIRCLE ( 'NONE', #5228, 2.000000000000001776 ) ;
#5037 = ADVANCED_FACE ( 'NONE', ( #1607 ), #5095, .F. ) ;
#5038 = LINE ( 'NONE', #3686, #5206 ) ;
#5039 = EDGE_CURVE ( 'NONE', #600, #600, #1418, .T. ) ;
#5040 = VECTOR ( 'NONE', #1754, 1000.000000000000000 ) ;
#5041 = CYLINDRICAL_SURFACE ( 'NONE', #3179, 2.000000000000000000 ) ;
#5042 = CARTESIAN_POINT ( 'NONE',  ( -39.16034355507807874, -33.49992961816254677, 0.000000000000000000 ) ) ;
#5043 = ADVANCED_FACE ( 'NONE', ( #3862 ), #2924, .F. ) ;
#5044 = CIRCLE ( 'NONE', #2544, 2.000000000000001776 ) ;
#5045 = ORIENTED_EDGE ( 'NONE', *, *, #1740, .T. ) ;
#5046 = DIRECTION ( 'NONE',  ( 0.000000000000000000, 0.000000000000000000, 1.000000000000000000 ) ) ;
#5047 = DIRECTION ( 'NONE',  ( -0.000000000000000000, -0.000000000000000000, -1.000000000000000000 ) ) ;
#5048 = CARTESIAN_POINT ( 'NONE',  ( 39.16013196753240777, -8.499931335448993153, 0.000000000000000000 ) ) ;
#5049 = EDGE_LOOP ( 'NONE', ( #5210, #1297, #2242, #337, #4922, #4616 ) ) ;
#5050 = VECTOR ( 'NONE', #1303, 1000.000000000000227 ) ;
#5051 = EDGE_CURVE ( 'NONE', #1800, #3900, #1641, .T. ) ;
#5052 = EDGE_LOOP ( 'NONE', ( #112, #5722, #1265, #1744 ) ) ;
#5053 = EDGE_LOOP ( 'NONE', ( #1752, #4025, #1712, #3056 ) ) ;
#5054 = DIRECTION ( 'NONE',  ( 0.000000000000000000, 0.000000000000000000, 1.000000000000000000 ) ) ;
#5055 = CIRCLE ( 'NONE', #780, 1.750000000000001554 ) ;
#5056 = CARTESIAN_POINT ( 'NONE',  ( -51.70808186218739166, -2.999931335448996261, 0.000000000000000000 ) ) ;
#5057 = DIRECTION ( 'NONE',  ( -0.000000000000000000, 0.000000000000000000, -1.000000000000000000 ) ) ;
#5058 = VERTEX_POINT ( 'NONE', #3452 ) ;
#5059 = VERTEX_POINT ( 'NONE', #693 ) ;
#5060 = ORIENTED_EDGE ( 'NONE', *, *, #1884, .F. ) ;
#5061 = CARTESIAN_POINT ( 'NONE',  ( -51.70808186218739166, -2.499931335448996261, 3.000000000000000000 ) ) ;
#5062 = EDGE_CURVE ( 'NONE', #1142, #2012, #3480, .T. ) ;
#5063 = DIRECTION ( 'NONE',  ( 0.000000000000000000, 0.000000000000000000, 1.000000000000000000 ) ) ;
#5064 = VECTOR ( 'NONE', #3656, 1000.000000000000000 ) ;
#5065 = CARTESIAN_POINT ( 'NONE',  ( 51.70780515874140804, -37.50140858560294532, 3.000000000000000000 ) ) ;
#5066 = LINE ( 'NONE', #3215, #88 ) ;
#5067 = CARTESIAN_POINT ( 'NONE',  ( 39.15992036961294076, -33.50120435612532077, 3.000000000000000000 ) ) ;
#5068 = EDGE_CURVE ( 'NONE', #4465, #5577, #2049, .T. ) ;
#5069 = LINE ( 'NONE', #4517, #2737 ) ;
#5070 = AXIS2_PLACEMENT_3D ( 'NONE', #2069, #2008, #2466 ) ;
#5071 = VERTEX_POINT ( 'NONE', #5248 ) ;
#5072 = AXIS2_PLACEMENT_3D ( 'NONE', #3583, #3164, #2342 ) ;
#5073 = DIRECTION ( 'NONE',  ( -1.000000000000000000, 0.000000000000000000, 0.000000000000000000 ) ) ;
#5074 = CARTESIAN_POINT ( 'NONE',  ( 38.99823860727875768, -44.66674203942633170, 36.80533964865399810 ) ) ;
#5075 = DIRECTION ( 'NONE',  ( -1.000000000000000000, 0.000000000000000000, 0.000000000000000000 ) ) ;
#5076 = ADVANCED_FACE ( 'NONE', ( #3047, #4816 ), #3484, .F. ) ;
#5077 = EDGE_LOOP ( 'NONE', ( #790, #5533, #2625, #3371 ) ) ;
#5078 = ADVANCED_FACE ( 'NONE', ( #2606 ), #4384, .F. ) ;
#5079 = VERTEX_POINT ( 'NONE', #5183 ) ;
#5080 = ORIENTED_EDGE ( 'NONE', *, *, #3449, .F. ) ;
#5081 = LINE ( 'NONE', #2032, #286 ) ;
#5082 = CARTESIAN_POINT ( 'NONE',  ( 36.49987792968698130, -35.50007057189900905, 3.000000000000000000 ) ) ;
#5083 = EDGE_CURVE ( 'NONE', #1800, #1536, #3451, .T. ) ;
#5084 = CARTESIAN_POINT ( 'NONE',  ( -52.20808186218739166, -7.999931335448993153, 0.000000000000000000 ) ) ;
#5085 = FACE_OUTER_BOUND ( 'NONE', #2088, .T. ) ;
#5086 = EDGE_LOOP ( 'NONE', ( #4316 ) ) ;
#5087 = FACE_OUTER_BOUND ( 'NONE', #1173, .T. ) ;
#5088 = ORIENTED_EDGE ( 'NONE', *, *, #5500, .F. ) ;
#5089 = VERTEX_POINT ( 'NONE', #844 ) ;
#5090 = CARTESIAN_POINT ( 'NONE',  ( 39.16013196753240777, -2.499931335448993597, 0.000000000000000000 ) ) ;
#5091 = CARTESIAN_POINT ( 'NONE',  ( 13.53999999999997783, -11.46000000000002750, 0.000000000000000000 ) ) ;
#5092 = CARTESIAN_POINT ( 'NONE',  ( 45.37007602278353602, -50.94007753325929855, 0.000000000000000000 ) ) ;
#5093 = CIRCLE ( 'NONE', #5554, 3.500000000000003109 ) ;
#5094 = FACE_OUTER_BOUND ( 'NONE', #2944, .T. ) ;
#5095 = CYLINDRICAL_SURFACE ( 'NONE', #4773, 2.000000000000001776 ) ;
#5096 = CARTESIAN_POINT ( 'NONE',  ( 42.83884060894109780, -3.499931335448994929, 0.000000000000000000 ) ) ;
#5097 = ORIENTED_EDGE ( 'NONE', *, *, #4662, .T. ) ;
#5098 = DIRECTION ( 'NONE',  ( 0.000000000000000000, 0.000000000000000000, -1.000000000000000000 ) ) ;
#5099 = DIRECTION ( 'NONE',  ( 0.000000000000000000, 0.000000000000000000, 1.000000000000000000 ) ) ;
#5100 = CARTESIAN_POINT ( 'NONE',  ( 47.02500206014519790, -37.50133236845832840, 1.450000819652154993 ) ) ;
#5101 = ORIENTED_EDGE ( 'NONE', *, *, #4469, .T. ) ;
#5102 = ADVANCED_FACE ( 'NONE', ( #1161 ), #1604, .F. ) ;
#5103 = ORIENTED_EDGE ( 'NONE', *, *, #5639, .F. ) ;
#5104 = ORIENTED_EDGE ( 'NONE', *, *, #3274, .T. ) ;
#5105 = CYLINDRICAL_SURFACE ( 'NONE', #2996, 2.000000000000001776 ) ;
#5106 = EDGE_CURVE ( 'NONE', #2945, #4542, #1191, .T. ) ;
#5107 = ADVANCED_FACE ( 'NONE', ( #5674 ), #1254, .F. ) ;
#5108 = FACE_OUTER_BOUND ( 'NONE', #4747, .T. ) ;
#5109 = VECTOR ( 'NONE', #506, 1000.000000000000000 ) ;
#5110 = DIRECTION ( 'NONE',  ( 1.000000000000000000, 0.000000000000000000, 0.000000000000000000 ) ) ;
#5111 = VECTOR ( 'NONE', #5046, 1000.000000000000000 ) ;
#5112 = AXIS2_PLACEMENT_3D ( 'NONE', #4066, #3580, #5306 ) ;
#5113 = ORIENTED_EDGE ( 'NONE', *, *, #1847, .T. ) ;
#5114 = CARTESIAN_POINT ( 'NONE',  ( 10.99999999999997513, -13.46000000000002927, 1.449999625923636293 ) ) ;
#5115 = VERTEX_POINT ( 'NONE', #4354 ) ;
#5116 = ORIENTED_EDGE ( 'NONE', *, *, #4381, .F. ) ;
#5117 = AXIS2_PLACEMENT_3D ( 'NONE', #5408, #440, #1782 ) ;
#5118 = CIRCLE ( 'NONE', #2525, 2.000000000000003553 ) ;
#5119 = DIRECTION ( 'NONE',  ( 0.000000000000000000, 0.000000000000000000, 1.000000000000000000 ) ) ;
#5120 = ORIENTED_EDGE ( 'NONE', *, *, #3143, .F. ) ;
#5121 = DIRECTION ( 'NONE',  ( -0.000000000000000000, -0.000000000000000000, -1.000000000000000000 ) ) ;
#5122 = DIRECTION ( 'NONE',  ( -0.000000000000000000, -0.000000000000000000, 1.000000000000000000 ) ) ;
#5123 = DIRECTION ( 'NONE',  ( 4.180742545671757368E-15, 4.371140887755362005E-08, 0.9999999999999991118 ) ) ;
#5124 = DIRECTION ( 'NONE',  ( 6.106226635438358606E-15, -0.9999999999999990008, 4.371140888484446276E-08 ) ) ;
#5125 = DIRECTION ( 'NONE',  ( 0.9999999999999961142, 8.742277677795539484E-08, -8.002115286624055570E-15 ) ) ;
#5126 = VERTEX_POINT ( 'NONE', #4288 ) ;
#5127 = EDGE_CURVE ( 'NONE', #2136, #1288, #2509, .T. ) ;
#5128 = VECTOR ( 'NONE', #5215, 1000.000000000000000 ) ;
#5129 = DIRECTION ( 'NONE',  ( 0.000000000000000000, 0.000000000000000000, -1.000000000000000000 ) ) ;
#5130 = DIRECTION ( 'NONE',  ( 1.000000000000000000, -3.854941057726248944E-16, 0.000000000000000000 ) ) ;
#5131 = LINE ( 'NONE', #3053, #4177 ) ;
#5132 = ORIENTED_EDGE ( 'NONE', *, *, #690, .F. ) ;
#5133 = VECTOR ( 'NONE', #3913, 1000.000000000000000 ) ;
#5134 = EDGE_CURVE ( 'NONE', #4633, #2102, #4754, .T. ) ;
#5135 = EDGE_LOOP ( 'NONE', ( #550 ) ) ;
#5136 = VERTEX_POINT ( 'NONE', #323 ) ;
#5137 = PLANE ( 'NONE',  #842 ) ;
#5138 = CALENDAR_DATE ( 2026, 16, 4 ) ;
#5139 = CC_DESIGN_APPROVAL ( #2175, ( #3386 ) ) ;
#5140 = CIRCLE ( 'NONE', #2647, 2.000000000000003553 ) ;
#5141 = PLANE ( 'NONE',  #2294 ) ;
#5142 = FACE_OUTER_BOUND ( 'NONE', #4237, .T. ) ;
#5143 = ORIENTED_EDGE ( 'NONE', *, *, #4559, .F. ) ;
#5144 = CARTESIAN_POINT ( 'NONE',  ( -39.16034355507807874, -33.49992961816254677, 3.000000000000000000 ) ) ;
#5145 = EDGE_LOOP ( 'NONE', ( #3735, #1838, #3509, #4607 ) ) ;
#5146 = ADVANCED_FACE ( 'NONE', ( #4786 ), #752, .F. ) ;
#5147 = VERTEX_POINT ( 'NONE', #5273 ) ;
#5148 = DIRECTION ( 'NONE',  ( 1.000000000000000000, 0.000000000000000000, 0.000000000000000000 ) ) ;
#5149 = AXIS2_PLACEMENT_3D ( 'NONE', #484, #5346, #2270 ) ;
#5150 = EDGE_CURVE ( 'NONE', #1392, #875, #5325, .T. ) ;
#5151 = EDGE_CURVE ( 'NONE', #2683, #4157, #666, .T. ) ;
#5152 = EDGE_CURVE ( 'NONE', #4406, #2413, #291, .T. ) ;
#5153 = EDGE_LOOP ( 'NONE', ( #1172, #5238, #1651, #2721 ) ) ;
#5154 = LINE ( 'NONE', #2977, #1829 ) ;
#5155 = CARTESIAN_POINT ( 'NONE',  ( -39.16032727911196076, -32.49992961829499905, 0.000000000000000000 ) ) ;
#5156 = DIRECTION ( 'NONE',  ( 0.000000000000000000, -0.9999999999999991118, 4.371140884147635601E-08 ) ) ;
#5157 = FACE_OUTER_BOUND ( 'NONE', #2388, .T. ) ;
#5158 = ADVANCED_FACE ( 'NONE', ( #2198 ), #415, .F. ) ;
#5159 = DIRECTION ( 'NONE',  ( 0.000000000000000000, 0.000000000000000000, 1.000000000000000000 ) ) ;
#5160 = DIRECTION ( 'NONE',  ( 0.000000000000000000, 0.000000000000000000, 1.000000000000000000 ) ) ;
#5161 = CIRCLE ( 'NONE', #606, 3.500000000000003109 ) ;
#5162 = EDGE_CURVE ( 'NONE', #5199, #3969, #4312, .T. ) ;
#5163 = VERTEX_POINT ( 'NONE', #3013 ) ;
#5164 = PLANE ( 'NONE',  #929 ) ;
#5165 = CARTESIAN_POINT ( 'NONE',  ( 34.17085951043083725, -17.44873438152214007, 1.449999800276988493 ) ) ;
#5166 = DIRECTION ( 'NONE',  ( 1.000000000000000000, 0.000000000000000000, -0.000000000000000000 ) ) ;
#5167 = DIRECTION ( 'NONE',  ( 1.000000000000000000, 0.000000000000000000, 0.000000000000000000 ) ) ;
#5168 = VERTEX_POINT ( 'NONE', #3951 ) ;
#5169 = ORIENTED_EDGE ( 'NONE', *, *, #386, .T. ) ;
#5170 = AXIS2_PLACEMENT_3D ( 'NONE', #682, #2973, #2469 ) ;
#5171 = ORIENTED_EDGE ( 'NONE', *, *, #94, .F. ) ;
#5172 = CARTESIAN_POINT ( 'NONE',  ( -39.16013196753240777, -0.4999313354489935968, 1.449999059421240410 ) ) ;
#5173 = APPROVAL_ROLE ( '' ) ;
#5174 = DIRECTION ( 'NONE',  ( -0.000000000000000000, -0.000000000000000000, 1.000000000000000000 ) ) ;
#5175 = CARTESIAN_POINT ( 'NONE',  ( 30.49987792968802225, -5.499931335448994929, 1.449999277977988221 ) ) ;
#5176 = EDGE_LOOP ( 'NONE', ( #857, #2193, #4268, #2786, #4524, #3989, #5373, #4951, #264, #5647, #51, #2255, #865 ) ) ;
#5177 = CARTESIAN_POINT ( 'NONE',  ( 38.00000000000000000, 28.00000000000002842, 0.000000000000000000 ) ) ;
#5178 = ORIENTED_EDGE ( 'NONE', *, *, #1639, .T. ) ;
#5179 = CARTESIAN_POINT ( 'NONE',  ( 33.46453803689025364, -18.40463862520800475, 0.000000000000000000 ) ) ;
#5180 = ORIENTED_EDGE ( 'NONE', *, *, #771, .F. ) ;
#5181 = CARTESIAN_POINT ( 'NONE',  ( -30.49987792968801514, -5.499931269881881413, 1.449999277977991108 ) ) ;
#5182 = PLANE ( 'NONE',  #5 ) ;
#5183 = CARTESIAN_POINT ( 'NONE',  ( 4.574954986571961868, -55.32508182525600660, 1.450001455905375325 ) ) ;
#5184 = EDGE_CURVE ( 'NONE', #1536, #3294, #5703, .T. ) ;
#5185 = CARTESIAN_POINT ( 'NONE',  ( 52.20808186218739166, -2.999931335448996261, 3.000000000000000000 ) ) ;
#5186 = CARTESIAN_POINT ( 'NONE',  ( 37.99999999999998579, 50.00000000000002842, 0.000000000000000000 ) ) ;
#5187 = CARTESIAN_POINT ( 'NONE',  ( 55.67099752524903522, -33.09477641991259844, 28.04134375730104622 ) ) ;
#5188 = EDGE_CURVE ( 'NONE', #1121, #3791, #1422, .T. ) ;
#5189 = AXIS2_PLACEMENT_3D ( 'NONE', #4071, #2708, #1028 ) ;
#5190 = ORIENTED_EDGE ( 'NONE', *, *, #2956, .F. ) ;
#5191 = DIRECTION ( 'NONE',  ( 1.000000000000000000, 0.000000000000000000, 0.000000000000000000 ) ) ;
#5192 = CIRCLE ( 'NONE', #2696, 2.000000000000000000 ) ;
#5193 = DIRECTION ( 'NONE',  ( -1.000000000000000000, 0.000000000000000000, 0.000000000000000000 ) ) ;
#5194 = DIRECTION ( 'NONE',  ( -0.000000000000000000, -0.000000000000000000, 1.000000000000000000 ) ) ;
#5195 = DIRECTION ( 'NONE',  ( -0.000000000000000000, -0.000000000000000000, -1.000000000000000000 ) ) ;
#5196 = ORIENTED_EDGE ( 'NONE', *, *, #3456, .T. ) ;
#5197 = AXIS2_PLACEMENT_3D ( 'NONE', #1526, #3309, #5075 ) ;
#5198 = ORIENTED_EDGE ( 'NONE', *, *, #5680, .T. ) ;
#5199 = VERTEX_POINT ( 'NONE', #3391 ) ;
#5200 = CARTESIAN_POINT ( 'NONE',  ( -55.92498535135183602, 8.414992237443547296, 28.04134375730104622 ) ) ;
#5201 = DATE_AND_TIME ( #3373, #1903 ) ;
#5202 = CARTESIAN_POINT ( 'NONE',  ( -30.49987792968802225, -5.499931335448994929, 1.449999277978248680 ) ) ;
#5203 = CARTESIAN_POINT ( 'NONE',  ( 53.13099752524905028, -31.34477641991259489, 0.000000000000000000 ) ) ;
#5204 = ORIENTED_EDGE ( 'NONE', *, *, #2356, .T. ) ;
#5205 = LINE ( 'NONE', #193, #4241 ) ;
#5206 = VECTOR ( 'NONE', #3771, 1000.000000000000000 ) ;
#5207 = ORIENTED_EDGE ( 'NONE', *, *, #519, .T. ) ;
#5208 = DIRECTION ( 'NONE',  ( -0.000000000000000000, -0.000000000000000000, -1.000000000000000000 ) ) ;
#5209 = CIRCLE ( 'NONE', #472, 12.50000000000000355 ) ;
#5210 = ORIENTED_EDGE ( 'NONE', *, *, #3417, .F. ) ;
#5211 = DIRECTION ( 'NONE',  ( 0.000000000000000000, -0.000000000000000000, 1.000000000000000000 ) ) ;
#5212 = VECTOR ( 'NONE', #4090, 1000.000000000000000 ) ;
#5213 = AXIS2_PLACEMENT_3D ( 'NONE', #3722, #2783, #1999 ) ;
#5214 = CARTESIAN_POINT ( 'NONE',  ( 47.02500206014519790, -33.14931592906049218, 28.04134375730104622 ) ) ;
#5215 = DIRECTION ( 'NONE',  ( -0.000000000000000000, -0.000000000000000000, -1.000000000000000000 ) ) ;
#5216 = DIRECTION ( 'NONE',  ( -0.9999999998675465074, 1.627596612520374651E-05, 0.000000000000000000 ) ) ;
#5217 = CARTESIAN_POINT ( 'NONE',  ( -51.71248359946253714, -37.49974233679053981, 0.000000000000000000 ) ) ;
#5218 = EDGE_CURVE ( 'NONE', #696, #5565, #4722, .T. ) ;
#5219 = ORIENTED_EDGE ( 'NONE', *, *, #167, .T. ) ;
#5220 = FACE_OUTER_BOUND ( 'NONE', #1688, .T. ) ;
#5221 = CARTESIAN_POINT ( 'NONE',  ( 10.99999999999997513, -13.46000000000002927, 0.000000000000000000 ) ) ;
#5222 = FACE_OUTER_BOUND ( 'NONE', #2307, .T. ) ;
#5223 = CARTESIAN_POINT ( 'NONE',  ( -51.70829344807104633, -33.49972538815511314, 3.000000000000000000 ) ) ;
#5224 = ADVANCED_FACE ( 'NONE', ( #2141 ), #2950, .F. ) ;
#5225 = VERTEX_POINT ( 'NONE', #2694 ) ;
#5226 = ADVANCED_FACE ( 'NONE', ( #5727 ), #4553, .F. ) ;
#5227 = ORIENTED_EDGE ( 'NONE', *, *, #5561, .T. ) ;
#5228 = AXIS2_PLACEMENT_3D ( 'NONE', #5472, #4536, #4150 ) ;
#5229 = ORIENTED_EDGE ( 'NONE', *, *, #5399, .F. ) ;
#5230 = CARTESIAN_POINT ( 'NONE',  ( 51.70808186218739166, -7.999931335448993153, 0.000000000000000000 ) ) ;
#5231 = DATE_TIME_ROLE ( 'creation_date' ) ;
#5232 = DIRECTION ( 'NONE',  ( 0.000000000000000000, 0.000000000000000000, -1.000000000000000000 ) ) ;
#5233 = AXIS2_PLACEMENT_3D ( 'NONE', #4255, #261, #1194 ) ;
#5234 = DIRECTION ( 'NONE',  ( -1.000000000000000000, 0.000000000000000000, 0.000000000000000000 ) ) ;
#5235 = ORIENTED_EDGE ( 'NONE', *, *, #3691, .F. ) ;
#5236 = DIRECTION ( 'NONE',  ( 1.000000000000000000, 1.994248318681189754E-16, 0.000000000000000000 ) ) ;
#5237 = EDGE_LOOP ( 'NONE', ( #5103, #3499, #4906, #1522 ) ) ;
#5238 = ORIENTED_EDGE ( 'NONE', *, *, #3382, .T. ) ;
#5239 = AXIS2_PLACEMENT_3D ( 'NONE', #2659, #3647, #54 ) ;
#5240 = CARTESIAN_POINT ( 'NONE',  ( 65.99999999999998579, 61.00000000000004263, 3.000000000000000000 ) ) ;
#5241 = EDGE_LOOP ( 'NONE', ( #1839, #913, #1246, #5268, #3972, #1725, #2118, #3726 ) ) ;
#5242 = DIRECTION ( 'NONE',  ( 0.9999999998675463964, -1.627596612587094081E-05, 7.072646676600397240E-13 ) ) ;
#5243 = ORIENTED_EDGE ( 'NONE', *, *, #3970, .F. ) ;
#5244 = VECTOR ( 'NONE', #2685, 1000.000000000000000 ) ;
#5245 = VECTOR ( 'NONE', #3219, 1000.000000000000000 ) ;
#5246 = CARTESIAN_POINT ( 'NONE',  ( 14.95999999999997954, -28.25000000000002487, 28.04134375730104622 ) ) ;
#5247 = CARTESIAN_POINT ( 'NONE',  ( 42.83864707157683682, -37.50126423148633847, 36.80533964865399810 ) ) ;
#5248 = CARTESIAN_POINT ( 'NONE',  ( 50.52500206014519790, -33.50138933380996775, 0.000000000000000000 ) ) ;
#5249 = FACE_OUTER_BOUND ( 'NONE', #5052, .T. ) ;
#5250 = ORIENTED_EDGE ( 'NONE', *, *, #1372, .F. ) ;
#5251 = DIRECTION ( 'NONE',  ( -0.000000000000000000, 0.000000000000000000, -1.000000000000000000 ) ) ;
#5252 = LINE ( 'NONE', #4908, #3356 ) ;
#5253 = EDGE_CURVE ( 'NONE', #498, #1968, #3193, .T. ) ;
#5254 = DIRECTION ( 'NONE',  ( 0.000000000000000000, -0.9999999999999990008, 4.371140888484446938E-08 ) ) ;
#5255 = CARTESIAN_POINT ( 'NONE',  ( 52.20779702069211226, -38.00141672351978173, 3.000000000000000000 ) ) ;
#5256 = VERTEX_POINT ( 'NONE', #7 ) ;
#5257 = VECTOR ( 'NONE', #5063, 1000.000000000000000 ) ;
#5258 = ORIENTED_EDGE ( 'NONE', *, *, #1079, .F. ) ;
#5259 = ORIENTED_EDGE ( 'NONE', *, *, #5713, .T. ) ;
#5260 = APPROVAL ( #974, 'UNSPECIFIED' ) ;
#5261 = DIRECTION ( 'NONE',  ( -0.000000000000000000, -0.000000000000000000, -1.000000000000000000 ) ) ;
#5262 = ADVANCED_FACE ( 'NONE', ( #1400 ), #1789, .F. ) ;
#5263 = EDGE_CURVE ( 'NONE', #283, #2563, #1873, .T. ) ;
#5264 = DIRECTION ( 'NONE',  ( -4.180742545671762101E-15, -4.371140887755362005E-08, -0.9999999999999992228 ) ) ;
#5265 = DIRECTION ( 'NONE',  ( 0.000000000000000000, 0.000000000000000000, 1.000000000000000000 ) ) ;
#5266 = ORIENTED_EDGE ( 'NONE', *, *, #5678, .F. ) ;
#5267 = LINE ( 'NONE', #5748, #2550 ) ;
#5268 = ORIENTED_EDGE ( 'NONE', *, *, #5465, .F. ) ;
#5269 = ORIENTED_EDGE ( 'NONE', *, *, #354, .T. ) ;
#5270 = DIRECTION ( 'NONE',  ( -0.000000000000000000, -0.000000000000000000, -1.000000000000000000 ) ) ;
#5271 = VERTEX_POINT ( 'NONE', #2308 ) ;
#5272 = DIRECTION ( 'NONE',  ( -0.000000000000000000, -0.000000000000000000, -1.000000000000000000 ) ) ;
#5273 = CARTESIAN_POINT ( 'NONE',  ( 55.67099752524903522, -29.59477664196644042, 0.000000000000000000 ) ) ;
#5274 = CYLINDRICAL_SURFACE ( 'NONE', #1087, 1.999999999999994893 ) ;
#5275 = ORIENTED_EDGE ( 'NONE', *, *, #1198, .T. ) ;
#5276 = VECTOR ( 'NONE', #2261, 1000.000000000000000 ) ;
#5277 = DIRECTION ( 'NONE',  ( -0.000000000000000000, 0.000000000000000000, -1.000000000000000000 ) ) ;
#5278 = DIRECTION ( 'NONE',  ( 0.000000000000000000, 0.000000000000000000, -1.000000000000000000 ) ) ;
#5279 = DIRECTION ( 'NONE',  ( 0.000000000000000000, -0.000000000000000000, 1.000000000000000000 ) ) ;
#5280 = DIRECTION ( 'NONE',  ( -1.627596612607036964E-05, -0.9999999998675465074, 0.000000000000000000 ) ) ;
#5281 = LINE ( 'NONE', #5344, #217 ) ;
#5282 = ORIENTED_EDGE ( 'NONE', *, *, #1124, .T. ) ;
#5283 = AXIS2_PLACEMENT_3D ( 'NONE', #71, #5746, #3968 ) ;
#5284 = ORIENTED_EDGE ( 'NONE', *, *, #316, .T. ) ;
#5285 = DIRECTION ( 'NONE',  ( 0.000000000000000000, 0.9999999999999991118, -4.371140887755362005E-08 ) ) ;
#5286 = EDGE_CURVE ( 'NONE', #1221, #805, #4443, .T. ) ;
#5287 = DIRECTION ( 'NONE',  ( -0.000000000000000000, -0.000000000000000000, -1.000000000000000000 ) ) ;
#5288 = AXIS2_PLACEMENT_3D ( 'NONE', #4128, #1030, #1887 ) ;
#5289 = CARTESIAN_POINT ( 'NONE',  ( -51.70836668991861274, -37.99972538755907436, 1.450000698589868797 ) ) ;
#5290 = ORIENTED_EDGE ( 'NONE', *, *, #4836, .T. ) ;
#5291 = DIRECTION ( 'NONE',  ( 4.180742545671762101E-15, 4.371140887755362005E-08, 0.9999999999999992228 ) ) ;
#5292 = VECTOR ( 'NONE', #4423, 1000.000000000000000 ) ;
#5293 = ORIENTED_EDGE ( 'NONE', *, *, #5609, .T. ) ;
#5294 = VERTEX_POINT ( 'NONE', #551 ) ;
#5295 = EDGE_CURVE ( 'NONE', #5225, #3789, #901, .T. ) ;
#5296 = DIRECTION ( 'NONE',  ( -0.000000000000000000, -0.000000000000000000, 1.000000000000000000 ) ) ;
#5297 = DIRECTION ( 'NONE',  ( -4.180742545671762101E-15, -4.371140887755362005E-08, -0.9999999999999992228 ) ) ;
#5298 = VERTEX_POINT ( 'NONE', #4062 ) ;
#5299 = CARTESIAN_POINT ( 'NONE',  ( 52.20808186218739166, -7.999931335448993153, 3.000000000000000000 ) ) ;
#5300 = DIRECTION ( 'NONE',  ( 0.000000000000000000, -1.000000000000000000, -0.000000000000000000 ) ) ;
#5301 = CIRCLE ( 'NONE', #5552, 4.000000000000003553 ) ;
#5302 = CIRCLE ( 'NONE', #4842, 1.000000000000001776 ) ;
#5303 = ADVANCED_FACE ( 'NONE', ( #5332 ), #4954, .F. ) ;
#5304 = CARTESIAN_POINT ( 'NONE',  ( 39.15985526574843334, -37.50120435559551169, 0.000000000000000000 ) ) ;
#5305 = EDGE_LOOP ( 'NONE', ( #2691, #5409, #251, #2461 ) ) ;
#5306 = DIRECTION ( 'NONE',  ( -1.000000000000000000, 0.000000000000000000, 0.000000000000000000 ) ) ;
#5307 = AXIS2_PLACEMENT_3D ( 'NONE', #653, #1925, #5029 ) ;
#5308 = AXIS2_PLACEMENT_3D ( 'NONE', #3057, #5688, #4306 ) ;
#5309 = DIRECTION ( 'NONE',  ( 0.000000000000000000, 0.000000000000000000, 1.000000000000000000 ) ) ;
#5310 = CARTESIAN_POINT ( 'NONE',  ( 4.574954986571961868, -58.82508182525602791, 1.450001608895304051 ) ) ;
#5311 = DIRECTION ( 'NONE',  ( 4.180742545671757368E-15, 4.371140887755362005E-08, 0.9999999999999991118 ) ) ;
#5312 = CARTESIAN_POINT ( 'NONE',  ( 34.46453803689026074, -18.40463862520800475, 36.80533964865399810 ) ) ;
#5313 = ORIENTED_EDGE ( 'NONE', *, *, #4836, .F. ) ;
#5314 = ORIENTED_EDGE ( 'NONE', *, *, #4136, .F. ) ;
#5315 = FACE_OUTER_BOUND ( 'NONE', #3446, .T. ) ;
#5316 = CARTESIAN_POINT ( 'NONE',  ( -51.70808186218739166, -8.499931335448993153, 3.000000000000000000 ) ) ;
#5317 = EDGE_CURVE ( 'NONE', #597, #1031, #3576, .T. ) ;
#5318 = CARTESIAN_POINT ( 'NONE',  ( -39.16040865894258616, -37.49992961763273769, 0.000000000000000000 ) ) ;
#5319 = ORIENTED_EDGE ( 'NONE', *, *, #2918, .F. ) ;
#5320 = DIRECTION ( 'NONE',  ( 0.000000000000000000, -0.000000000000000000, 1.000000000000000000 ) ) ;
#5321 = AXIS2_PLACEMENT_3D ( 'NONE', #4230, #4757, #4293 ) ;
#5322 = ORIENTED_EDGE ( 'NONE', *, *, #5340, .T. ) ;
#5323 = VERTEX_POINT ( 'NONE', #443 ) ;
#5324 = DIRECTION ( 'NONE',  ( 1.000000000000000000, 0.000000000000000000, -0.000000000000000000 ) ) ;
#5325 = CIRCLE ( 'NONE', #1985, 1.750000000000003109 ) ;
#5326 = CARTESIAN_POINT ( 'NONE',  ( 13.53999999999997783, -11.46000000000002750, 1.449999538500810203 ) ) ;
#5327 = ORIENTED_EDGE ( 'NONE', *, *, #3102, .T. ) ;
#5328 = EDGE_CURVE ( 'NONE', #3479, #5059, #950, .T. ) ;
#5329 = EDGE_LOOP ( 'NONE', ( #1174, #131, #1068, #4176 ) ) ;
#5330 = AXIS2_PLACEMENT_3D ( 'NONE', #493, #2738, #2280 ) ;
#5331 = CARTESIAN_POINT ( 'NONE',  ( -13.92494201660204212, -53.87510013580300949, 28.04134375730104622 ) ) ;
#5332 = FACE_OUTER_BOUND ( 'NONE', #5049, .T. ) ;
#5333 = ADVANCED_FACE ( 'NONE', ( #61 ), #1318, .F. ) ;
#5334 = EDGE_CURVE ( 'NONE', #4970, #4970, #2352, .T. ) ;
#5335 = EDGE_CURVE ( 'NONE', #805, #4783, #1704, .T. ) ;
#5336 = CIRCLE ( 'NONE', #773, 0.5000000000000008882 ) ;
#5337 = DIRECTION ( 'NONE',  ( 0.000000000000000000, 0.000000000000000000, 1.000000000000000000 ) ) ;
#5338 = ORIENTED_EDGE ( 'NONE', *, *, #527, .T. ) ;
#5339 = CARTESIAN_POINT ( 'NONE',  ( 39.16013196753240777, -2.499931335448995373, 0.000000000000000000 ) ) ;
#5340 = EDGE_CURVE ( 'NONE', #4034, #2653, #38, .T. ) ;
#5341 = DIRECTION ( 'NONE',  ( -0.9999999998675465074, 1.627596612545157819E-05, 0.000000000000000000 ) ) ;
#5342 = CARTESIAN_POINT ( 'NONE',  ( -42.83911729986402150, -37.49986974309550192, 0.000000000000000000 ) ) ;
#5343 = CYLINDRICAL_SURFACE ( 'NONE', #2263, 1.000000000000000888 ) ;
#5344 = CARTESIAN_POINT ( 'NONE',  ( 32.08339509376522614, -47.89936383365682104, 36.80533964865399810 ) ) ;
#5345 = ORIENTED_EDGE ( 'NONE', *, *, #2377, .F. ) ;
#5346 = DIRECTION ( 'NONE',  ( 4.180742545671757368E-15, 4.371140887755362005E-08, 0.9999999999999991118 ) ) ;
#5347 = DIRECTION ( 'NONE',  ( 1.000000000000000000, 0.000000000000000000, 0.000000000000000000 ) ) ;
#5348 = ORIENTED_EDGE ( 'NONE', *, *, #4920, .F. ) ;
#5349 = LINE ( 'NONE', #3910, #1049 ) ;
#5350 = ORIENTED_EDGE ( 'NONE', *, *, #2022, .T. ) ;
#5351 = ORIENTED_EDGE ( 'NONE', *, *, #1668, .F. ) ;
#5352 = ORIENTED_EDGE ( 'NONE', *, *, #3305, .T. ) ;
#5353 = AXIS2_PLACEMENT_3D ( 'NONE', #1046, #1484, #3684 ) ;
#5354 = DIRECTION ( 'NONE',  ( 0.000000000000000000, -0.000000000000000000, 1.000000000000000000 ) ) ;
#5355 = CARTESIAN_POINT ( 'NONE',  ( 14.95999999999997954, -28.25000000000002487, 0.000000000000000000 ) ) ;
#5356 = ORIENTED_EDGE ( 'NONE', *, *, #2912, .T. ) ;
#5357 = VECTOR ( 'NONE', #4186, 999.9999999999998863 ) ;
#5358 = EDGE_LOOP ( 'NONE', ( #2300, #3849, #3368, #4600 ) ) ;
#5359 = ORIENTED_EDGE ( 'NONE', *, *, #2662, .F. ) ;
#5360 = VECTOR ( 'NONE', #1120, 1000.000000000000000 ) ;
#5361 = DIRECTION ( 'NONE',  ( 1.000000000000000000, 2.102695122396129669E-16, 0.000000000000000000 ) ) ;
#5362 = EDGE_CURVE ( 'NONE', #1901, #5323, #1818, .T. ) ;
#5363 = DIRECTION ( 'NONE',  ( -1.000000000000000000, 0.000000000000000000, 0.000000000000000000 ) ) ;
#5364 = FACE_BOUND ( 'NONE', #2638, .T. ) ;
#5365 = EDGE_CURVE ( 'NONE', #3871, #3852, #84, .T. ) ;
#5366 = DIRECTION ( 'NONE',  ( -0.000000000000000000, -0.000000000000000000, -1.000000000000000000 ) ) ;
#5367 = CARTESIAN_POINT ( 'NONE',  ( 10.99999999999997513, -18.54000000000002757, 1.449999847977594847 ) ) ;
#5368 = DIRECTION ( 'NONE',  ( 1.000000000000000000, 0.000000000000000000, 0.000000000000000000 ) ) ;
#5369 = ORIENTED_EDGE ( 'NONE', *, *, #3456, .F. ) ;
#5370 = VECTOR ( 'NONE', #356, 1000.000000000000000 ) ;
#5371 = DIRECTION ( 'NONE',  ( 1.000000000000000000, 3.469446951953611033E-15, 0.000000000000000000 ) ) ;
#5372 = CARTESIAN_POINT ( 'NONE',  ( -39.16034355507807874, -33.49992961816254677, 0.000000000000000000 ) ) ;
#5373 = ORIENTED_EDGE ( 'NONE', *, *, #845, .F. ) ;
#5374 = DIRECTION ( 'NONE',  ( 0.9999999998675463964, -1.627596612567151538E-05, 7.072646676513224198E-13 ) ) ;
#5375 = ORIENTED_EDGE ( 'NONE', *, *, #3537, .T. ) ;
#5376 = EDGE_LOOP ( 'NONE', ( #2301, #5382, #4777, #57 ) ) ;
#5377 = CARTESIAN_POINT ( 'NONE',  ( -8.924942016602040340, -55.62510013580300949, 1.450001469019652323 ) ) ;
#5378 = VECTOR ( 'NONE', #3695, 1000.000000000000000 ) ;
#5379 = DIRECTION ( 'NONE',  ( 0.000000000000000000, -0.000000000000000000, 1.000000000000000000 ) ) ;
#5380 = CARTESIAN_POINT ( 'NONE',  ( 30.50012016296399153, -5.499931269881894735, 1.449999277977990886 ) ) ;
#5381 = EDGE_LOOP ( 'NONE', ( #1690 ) ) ;
#5382 = ORIENTED_EDGE ( 'NONE', *, *, #5642, .T. ) ;
#5383 = CARTESIAN_POINT ( 'NONE',  ( 2.074954986571962312, -55.32508182525601370, 28.04134375730104622 ) ) ;
#5384 = DIRECTION ( 'NONE',  ( -0.000000000000000000, -0.000000000000000000, -1.000000000000000000 ) ) ;
#5385 = AXIS2_PLACEMENT_3D ( 'NONE', #718, #5612, #2111 ) ;
#5386 = LINE ( 'NONE', #87, #838 ) ;
#5387 = AXIS2_PLACEMENT_3D ( 'NONE', #952, #5432, #1395 ) ;
#5388 = AXIS2_PLACEMENT_3D ( 'NONE', #3487, #5251, #1259 ) ;
#5389 = CARTESIAN_POINT ( 'NONE',  ( 60.99999999999999289, 61.00000000000003553, 3.000000000000000000 ) ) ;
#5390 = DIRECTION ( 'NONE',  ( 1.000000000000000000, 0.000000000000000000, 0.000000000000000000 ) ) ;
#5391 = DIRECTION ( 'NONE',  ( -0.000000000000000000, 0.000000000000000000, -1.000000000000000000 ) ) ;
#5392 = ADVANCED_FACE ( 'NONE', ( #3211 ), #983, .F. ) ;
#5393 = AXIS2_PLACEMENT_3D ( 'NONE', #2331, #2740, #976 ) ;
#5394 = VECTOR ( 'NONE', #698, 1000.000000000000000 ) ;
#5395 = EDGE_CURVE ( 'NONE', #2819, #1392, #1567, .T. ) ;
#5396 = PLANE ( 'NONE',  #2253 ) ;
#5397 = FACE_OUTER_BOUND ( 'NONE', #4965, .T. ) ;
#5398 = CARTESIAN_POINT ( 'NONE',  ( -57.67498535135182181, 8.414992237443547296, 28.04134375730104622 ) ) ;
#5399 = EDGE_CURVE ( 'NONE', #3202, #2413, #3847, .T. ) ;
#5400 = ORIENTED_EDGE ( 'NONE', *, *, #3352, .T. ) ;
#5401 = DIRECTION ( 'NONE',  ( 0.000000000000000000, -0.9999999999999991118, 4.371140887245352218E-08 ) ) ;
#5402 = EDGE_LOOP ( 'NONE', ( #4334, #3903, #5190, #3933, #3497, #363 ) ) ;
#5403 = EDGE_LOOP ( 'NONE', ( #3440 ) ) ;
#5404 = DIRECTION ( 'NONE',  ( -0.000000000000000000, -0.000000000000000000, -1.000000000000000000 ) ) ;
#5405 = EDGE_CURVE ( 'NONE', #5126, #5298, #298, .T. ) ;
#5406 = PLANE ( 'NONE',  #1306 ) ;
#5407 = AXIS2_PLACEMENT_3D ( 'NONE', #147, #2369, #2809 ) ;
#5408 = CARTESIAN_POINT ( 'NONE',  ( -51.70828531008798024, -32.99972538822133572, 0.000000000000000000 ) ) ;
#5409 = ORIENTED_EDGE ( 'NONE', *, *, #4557, .T. ) ;
#5410 = ORIENTED_EDGE ( 'NONE', *, *, #1611, .T. ) ;
#5411 = VERTEX_POINT ( 'NONE', #3323 ) ;
#5412 = VECTOR ( 'NONE', #787, 1000.000000000000000 ) ;
#5413 = DIRECTION ( 'NONE',  ( 1.000000000000000000, 6.829619984160653116E-16, -4.180742575524996891E-15 ) ) ;
#5414 = CIRCLE ( 'NONE', #4779, 1.750000000000001554 ) ;
#5415 = CARTESIAN_POINT ( 'NONE',  ( -39.16013196753240777, -10.49993133544899493, 1.449999496535329335 ) ) ;
#5416 = FACE_OUTER_BOUND ( 'NONE', #4027, .T. ) ;
#5417 = SECURITY_CLASSIFICATION ( '', '', #1589 ) ;
#5418 = DIRECTION ( 'NONE',  ( -4.180742545671762101E-15, -4.371140887755362005E-08, -0.9999999999999992228 ) ) ;
#5419 = LINE ( 'NONE', #4588, #1923 ) ;
#5420 = CARTESIAN_POINT ( 'NONE',  ( 50.52500206014519790, -37.50138933433978394, 0.000000000000000000 ) ) ;
#5421 = CIRCLE ( 'NONE', #2925, 12.50000000000000000 ) ;
#5422 = DIRECTION ( 'NONE',  ( 0.9999999999999961142, 8.742277677795539484E-08, -8.002115286624055570E-15 ) ) ;
#5423 = DIRECTION ( 'NONE',  ( 1.000000000000000000, 0.000000000000000000, 0.000000000000000000 ) ) ;
#5424 = DIRECTION ( 'NONE',  ( -0.000000000000000000, -0.000000000000000000, 1.000000000000000000 ) ) ;
#5425 = VERTEX_POINT ( 'NONE', #2885 ) ;
#5426 = ORIENTED_EDGE ( 'NONE', *, *, #1847, .F. ) ;
#5427 = EDGE_LOOP ( 'NONE', ( #3025, #596, #1369, #5229 ) ) ;
#5428 = EDGE_CURVE ( 'NONE', #3698, #1221, #2914, .T. ) ;
#5429 = LINE ( 'NONE', #1034, #1958 ) ;
#5430 = EDGE_CURVE ( 'NONE', #767, #2434, #659, .T. ) ;
#5431 = DIRECTION ( 'NONE',  ( 0.9999999999999961142, 8.742277677795539484E-08, -8.002115286624055570E-15 ) ) ;
#5432 = DIRECTION ( 'NONE',  ( -0.000000000000000000, 0.000000000000000000, -1.000000000000000000 ) ) ;
#5433 = ORIENTED_EDGE ( 'NONE', *, *, #4129, .F. ) ;
#5434 = EDGE_CURVE ( 'NONE', #49, #410, #3767, .T. ) ;
#5435 = VERTEX_POINT ( 'NONE', #2390 ) ;
#5436 = VECTOR ( 'NONE', #4719, 1000.000000000000000 ) ;
#5437 = VERTEX_POINT ( 'NONE', #4143 ) ;
#5438 = CARTESIAN_POINT ( 'NONE',  ( 51.70808186218739166, -2.499931335448996261, 3.000000000000000000 ) ) ;
#5439 = EDGE_CURVE ( 'NONE', #708, #5483, #766, .T. ) ;
#5440 = CARTESIAN_POINT ( 'NONE',  ( 45.37007602278353602, -46.40007575682851382, 1.450001065780612164 ) ) ;
#5441 = LINE ( 'NONE', #3236, #4699 ) ;
#5442 = CYLINDRICAL_SURFACE ( 'NONE', #4011, 1.750000000000001554 ) ;
#5443 = FACE_OUTER_BOUND ( 'NONE', #5522, .T. ) ;
#5444 = CARTESIAN_POINT ( 'NONE',  ( -59.42498535135182181, -14.44500776255643437, 28.04134375730104622 ) ) ;
#5445 = CARTESIAN_POINT ( 'NONE',  ( -51.70827717210491414, -32.49972538828756541, 0.000000000000000000 ) ) ;
#5446 = VERTEX_POINT ( 'NONE', #3264 ) ;
#5447 = CARTESIAN_POINT ( 'NONE',  ( 36.56205575617909176, -1.999931335448993597, 0.000000000000000000 ) ) ;
#5448 = DIRECTION ( 'NONE',  ( -0.000000000000000000, -0.000000000000000000, 1.000000000000000000 ) ) ;
#5449 = CARTESIAN_POINT ( 'NONE',  ( -66.00000000000001421, -61.00000000000000711, 3.000000000000000000 ) ) ;
#5450 = VERTEX_POINT ( 'NONE', #2859 ) ;
#5451 = VERTEX_POINT ( 'NONE', #5033 ) ;
#5452 = ORIENTED_EDGE ( 'NONE', *, *, #1000, .F. ) ;
#5453 = DIRECTION ( 'NONE',  ( -0.9999999998675463964, 1.627596612587094420E-05, 0.000000000000000000 ) ) ;
#5454 = AXIS2_PLACEMENT_3D ( 'NONE', #3605, #3577, #5363 ) ;
#5455 = CARTESIAN_POINT ( 'NONE',  ( -51.50000000000000000, 55.00000000000000711, 0.000000000000000000 ) ) ;
#5456 = CARTESIAN_POINT ( 'NONE',  ( 30.49987792968802225, -35.50007057189900195, 1.450000589326344569 ) ) ;
#5457 = CYLINDRICAL_SURFACE ( 'NONE', #1493, 1.749999999999994671 ) ;
#5458 = EDGE_LOOP ( 'NONE', ( #1661, #1981, #4058, #4580 ) ) ;
#5459 = ORIENTED_EDGE ( 'NONE', *, *, #2916, .T. ) ;
#5460 = EDGE_CURVE ( 'NONE', #3969, #4769, #1538, .T. ) ;
#5461 = VECTOR ( 'NONE', #1742, 1000.000000000000000 ) ;
#5462 = ORIENTED_EDGE ( 'NONE', *, *, #2347, .F. ) ;
#5463 = EDGE_CURVE ( 'NONE', #1624, #893, #2915, .T. ) ;
#5464 = DIRECTION ( 'NONE',  ( 0.000000000000000000, 0.000000000000000000, 1.000000000000000000 ) ) ;
#5465 = EDGE_CURVE ( 'NONE', #380, #3137, #2799, .T. ) ;
#5466 = AXIS2_PLACEMENT_3D ( 'NONE', #2323, #182, #1971 ) ;
#5467 = VERTEX_POINT ( 'NONE', #2363 ) ;
#5468 = DIRECTION ( 'NONE',  ( 0.000000000000000000, -0.9999999999999991118, 4.371140884147635601E-08 ) ) ;
#5469 = DIRECTION ( 'NONE',  ( -1.000000000000000000, 0.000000000000000000, 0.000000000000000000 ) ) ;
#5470 = LINE ( 'NONE', #1490, #3927 ) ;
#5471 = EDGE_CURVE ( 'NONE', #2095, #3039, #3383, .T. ) ;
#5472 = CARTESIAN_POINT ( 'NONE',  ( -39.16013196753240777, -0.4999313354489935968, 3.000000000000000000 ) ) ;
#5473 = VECTOR ( 'NONE', #5272, 1000.000000000000000 ) ;
#5474 = VERTEX_POINT ( 'NONE', #5061 ) ;
#5475 = AXIS2_PLACEMENT_3D ( 'NONE', #5726, #3511, #4442 ) ;
#5476 = CARTESIAN_POINT ( 'NONE',  ( 30.49987792968802225, -5.499931335448994929, 1.449999277977993772 ) ) ;
#5477 = DIRECTION ( 'NONE',  ( 0.000000000000000000, 0.000000000000000000, 1.000000000000000000 ) ) ;
#5478 = CARTESIAN_POINT ( 'NONE',  ( -37.42808115996353280, -9.499931335448994929, 3.000000000000000000 ) ) ;
#5479 = ORIENTED_EDGE ( 'NONE', *, *, #947, .F. ) ;
#5480 = VECTOR ( 'NONE', #585, 1000.000000000000000 ) ;
#5481 = AXIS2_PLACEMENT_3D ( 'NONE', #4594, #3280, #5017 ) ;
#5482 = EDGE_LOOP ( 'NONE', ( #4181, #1893, #2795, #4101 ) ) ;
#5483 = VERTEX_POINT ( 'NONE', #1986 ) ;
#5484 = DIRECTION ( 'NONE',  ( 0.000000000000000000, -0.000000000000000000, -1.000000000000000000 ) ) ;
#5485 =( NAMED_UNIT ( * ) SI_UNIT ( $, .STERADIAN. ) SOLID_ANGLE_UNIT ( ) );
#5486 = EDGE_CURVE ( 'NONE', #977, #4032, #3952, .T. ) ;
#5487 = AXIS2_PLACEMENT_3D ( 'NONE', #5230, #3873, #2211 ) ;
#5488 = DIRECTION ( 'NONE',  ( 0.000000000000000000, 0.000000000000000000, -1.000000000000000000 ) ) ;
#5489 = DIRECTION ( 'NONE',  ( 1.000000000000000000, 0.000000000000000000, 0.000000000000000000 ) ) ;
#5490 = ORIENTED_EDGE ( 'NONE', *, *, #307, .F. ) ;
#5491 = ORIENTED_EDGE ( 'NONE', *, *, #227, .F. ) ;
#5492 = ORIENTED_EDGE ( 'NONE', *, *, #456, .F. ) ;
#5493 = DIRECTION ( 'NONE',  ( -0.000000000000000000, -0.000000000000000000, -1.000000000000000000 ) ) ;
#5494 = EDGE_CURVE ( 'NONE', #1868, #2826, #3682, .T. ) ;
#5495 = DIRECTION ( 'NONE',  ( 0.9999999998675463964, -1.627596612607036625E-05, 7.072646676687567254E-13 ) ) ;
#5496 = PLANE ( 'NONE',  #3874 ) ;
#5497 = AXIS2_PLACEMENT_3D ( 'NONE', #3636, #5391, #1408 ) ;
#5498 = CARTESIAN_POINT ( 'NONE',  ( 52.20787840052274476, -33.00141672418205019, 3.000000000000000000 ) ) ;
#5499 = EDGE_CURVE ( 'NONE', #4705, #1868, #4870, .T. ) ;
#5500 = EDGE_CURVE ( 'NONE', #2327, #3176, #4608, .T. ) ;
#5501 = VECTOR ( 'NONE', #719, 1000.000000000000000 ) ;
#5502 = CARTESIAN_POINT ( 'NONE',  ( 15.53999999999997783, -13.46000116234514543, 1.449999625923674484 ) ) ;
#5503 = CARTESIAN_POINT ( 'NONE',  ( 50.52500206014519790, -33.14931592906049218, 0.000000000000000000 ) ) ;
#5504 = CARTESIAN_POINT ( 'NONE',  ( -51.71248359946253714, -38.49970843832759471, 0.000000000000000000 ) ) ;
#5505 = VECTOR ( 'NONE', #3296, 1000.000000000000000 ) ;
#5506 = ORIENTED_EDGE ( 'NONE', *, *, #4720, .T. ) ;
#5507 = EDGE_CURVE ( 'NONE', #4769, #835, #4113, .T. ) ;
#5508 = DIRECTION ( 'NONE',  ( -4.180742545671762101E-15, -4.371140887755362005E-08, -0.9999999999999992228 ) ) ;
#5509 = CARTESIAN_POINT ( 'NONE',  ( 47.37007602278353602, -48.40007575682851382, 28.04134375730104622 ) ) ;
#5510 = DIRECTION ( 'NONE',  ( 0.9999999998675465074, -1.627596612693846999E-05, 0.000000000000000000 ) ) ;
#5511 = ORIENTED_EDGE ( 'NONE', *, *, #29, .T. ) ;
#5512 = CIRCLE ( 'NONE', #3389, 3.000000000000000888 ) ;
#5513 = EDGE_LOOP ( 'NONE', ( #2208, #1335, #1442, #1415 ) ) ;
#5514 = VERTEX_POINT ( 'NONE', #1069 ) ;
#5515 = CARTESIAN_POINT ( 'NONE',  ( 38.00000000000000000, 46.00000000000002842, 3.000000000000000000 ) ) ;
#5516 = CIRCLE ( 'NONE', #504, 1.750000000000003109 ) ;
#5517 = CARTESIAN_POINT ( 'NONE',  ( -51.50000000000000000, -55.00000000000000000, 3.000000000000000000 ) ) ;
#5518 = DIRECTION ( 'NONE',  ( 1.994248318681189754E-16, -1.000000000000000000, 0.000000000000000000 ) ) ;
#5519 = DIRECTION ( 'NONE',  ( -0.000000000000000000, 0.000000000000000000, -1.000000000000000000 ) ) ;
#5520 = ORIENTED_EDGE ( 'NONE', *, *, #4430, .T. ) ;
#5521 = CARTESIAN_POINT ( 'NONE',  ( -39.16045748684096850, -40.49992961723538087, 0.000000000000000000 ) ) ;
#5522 = EDGE_LOOP ( 'NONE', ( #3126, #341, #4082, #4881 ) ) ;
#5523 = ORIENTED_EDGE ( 'NONE', *, *, #1741, .F. ) ;
#5524 = DIRECTION ( 'NONE',  ( 1.000000000000000000, 0.000000000000000000, 0.000000000000000000 ) ) ;
#5525 = DIRECTION ( 'NONE',  ( 0.000000000000000000, -0.000000000000000000, 1.000000000000000000 ) ) ;
#5526 = CARTESIAN_POINT ( 'NONE',  ( -37.99999999999997158, 24.00000000000002842, 0.000000000000000000 ) ) ;
#5527 = EDGE_CURVE ( 'NONE', #5089, #732, #633, .T. ) ;
#5528 = DIRECTION ( 'NONE',  ( -0.000000000000000000, -0.000000000000000000, -1.000000000000000000 ) ) ;
#5529 = DIRECTION ( 'NONE',  ( -0.000000000000000000, -0.000000000000000000, -1.000000000000000000 ) ) ;
#5530 = DIRECTION ( 'NONE',  ( -1.000000000000000000, 0.000000000000000000, 0.000000000000000000 ) ) ;
#5531 = VECTOR ( 'NONE', #3059, 1000.000000000000227 ) ;
#5532 = EDGE_CURVE ( 'NONE', #4783, #2997, #579, .T. ) ;
#5533 = ORIENTED_EDGE ( 'NONE', *, *, #4088, .F. ) ;
#5534 = EDGE_CURVE ( 'NONE', #1845, #783, #4748, .T. ) ;
#5535 = CIRCLE ( 'NONE', #2115, 1.999999999999998224 ) ;
#5536 = DIRECTION ( 'NONE',  ( -0.000000000000000000, 0.000000000000000000, 1.000000000000000000 ) ) ;
#5537 = DIRECTION ( 'NONE',  ( 0.000000000000000000, 1.000000000000000000, 0.000000000000000000 ) ) ;
#5538 = LINE ( 'NONE', #4676, #5378 ) ;
#5539 = ORIENTED_EDGE ( 'NONE', *, *, #1230, .T. ) ;
#5540 = VERTEX_POINT ( 'NONE', #3006 ) ;
#5541 = EDGE_LOOP ( 'NONE', ( #1815, #5752, #2793, #4869 ) ) ;
#5542 = CARTESIAN_POINT ( 'NONE',  ( 36.56205575617909176, -8.999931335448994929, 0.000000000000000000 ) ) ;
#5543 = DIRECTION ( 'NONE',  ( -0.000000000000000000, -0.000000000000000000, -1.000000000000000000 ) ) ;
#5544 = DIRECTION ( 'NONE',  ( 1.000000000000000000, 0.000000000000000000, -0.000000000000000000 ) ) ;
#5545 = ORIENTED_EDGE ( 'NONE', *, *, #601, .F. ) ;
#5546 = LINE ( 'NONE', #2882, #3514 ) ;
#5547 = ORIENTED_EDGE ( 'NONE', *, *, #3607, .F. ) ;
#5548 = ORIENTED_EDGE ( 'NONE', *, *, #2142, .F. ) ;
#5549 = CARTESIAN_POINT ( 'NONE',  ( -39.16029472717970350, -30.49992961855991069, 3.000000000000000000 ) ) ;
#5550 = FACE_OUTER_BOUND ( 'NONE', #1344, .T. ) ;
#5551 = LINE ( 'NONE', #1570, #926 ) ;
#5552 = AXIS2_PLACEMENT_3D ( 'NONE', #975, #107, #3227 ) ;
#5553 = ADVANCED_FACE ( 'NONE', ( #1629 ), #3883, .F. ) ;
#5554 = AXIS2_PLACEMENT_3D ( 'NONE', #3502, #5265, #3171 ) ;
#5555 = DIRECTION ( 'NONE',  ( 4.180742545671762101E-15, 4.371140887755362005E-08, 0.9999999999999992228 ) ) ;
#5556 = DIRECTION ( 'NONE',  ( 0.9999999998675463964, -1.627596612567151538E-05, 0.000000000000000000 ) ) ;
#5557 = VECTOR ( 'NONE', #3930, 1000.000000000000000 ) ;
#5558 = DIRECTION ( 'NONE',  ( -0.000000000000000000, 0.000000000000000000, 1.000000000000000000 ) ) ;
#5559 = ORIENTED_EDGE ( 'NONE', *, *, #3892, .F. ) ;
#5560 = LINE ( 'NONE', #3834, #3263 ) ;
#5561 = EDGE_CURVE ( 'NONE', #2570, #2305, #1597, .T. ) ;
#5562 = CARTESIAN_POINT ( 'NONE',  ( 51.70780515874140804, -37.50140858560294532, 0.000000000000000000 ) ) ;
#5563 = LINE ( 'NONE', #3429, #916 ) ;
#5564 = ORIENTED_EDGE ( 'NONE', *, *, #5460, .F. ) ;
#5565 = VERTEX_POINT ( 'NONE', #5179 ) ;
#5566 = ORIENTED_EDGE ( 'NONE', *, *, #3270, .T. ) ;
#5567 = EDGE_CURVE ( 'NONE', #377, #1370, #5608, .T. ) ;
#5568 = CARTESIAN_POINT ( 'NONE',  ( -55.92498635059416046, -14.44500776255643437, 0.000000000000000000 ) ) ;
#5569 = EDGE_CURVE ( 'NONE', #5147, #1023, #2640, .T. ) ;
#5570 = CARTESIAN_POINT ( 'NONE',  ( 33.46453800660104605, -20.13675966251838645, 28.04134375730104622 ) ) ;
#5571 = AXIS2_PLACEMENT_3D ( 'NONE', #5389, #1433, #1020 ) ;
#5572 = DIRECTION ( 'NONE',  ( 0.000000000000000000, 0.000000000000000000, -1.000000000000000000 ) ) ;
#5573 = VECTOR ( 'NONE', #1613, 1000.000000000000000 ) ;
#5574 = VERTEX_POINT ( 'NONE', #4780 ) ;
#5575 = CYLINDRICAL_SURFACE ( 'NONE', #1267, 2.000000000000001776 ) ;
#5576 = ORIENTED_EDGE ( 'NONE', *, *, #227, .T. ) ;
#5577 = VERTEX_POINT ( 'NONE', #2975 ) ;
#5578 = CIRCLE ( 'NONE', #3087, 4.999999999999997335 ) ;
#5579 = VECTOR ( 'NONE', #4826, 1000.000000000000000 ) ;
#5580 = EDGE_CURVE ( 'NONE', #4919, #1187, #2357, .T. ) ;
#5581 = DIRECTION ( 'NONE',  ( -0.000000000000000000, 0.000000000000000000, -1.000000000000000000 ) ) ;
#5582 = ADVANCED_FACE ( 'NONE', ( #2076 ), #374, .F. ) ;
#5583 = ORIENTED_EDGE ( 'NONE', *, *, #1632, .T. ) ;
#5584 = CYLINDRICAL_SURFACE ( 'NONE', #2749, 1.000000000000000888 ) ;
#5585 = CARTESIAN_POINT ( 'NONE',  ( -38.00000000000000000, 46.00000000000002842, 0.000000000000000000 ) ) ;
#5586 = CYLINDRICAL_SURFACE ( 'NONE', #1402, 1.750000000000008438 ) ;
#5587 = VECTOR ( 'NONE', #1051, 1000.000000000000000 ) ;
#5588 = LINE ( 'NONE', #2578, #1410 ) ;
#5589 = CARTESIAN_POINT ( 'NONE',  ( -30.49987792968802225, -5.499931335448994929, 3.000000000000000000 ) ) ;
#5590 = ORIENTED_EDGE ( 'NONE', *, *, #1009, .T. ) ;
#5591 = CARTESIAN_POINT ( 'NONE',  ( 39.16013196753240777, -3.499931335448993597, 0.000000000000000000 ) ) ;
#5592 = AXIS2_PLACEMENT_3D ( 'NONE', #473, #524, #4903 ) ;
#5593 = DIRECTION ( 'NONE',  ( 1.000000000000000000, 0.000000000000000000, -0.000000000000000000 ) ) ;
#5594 = DIRECTION ( 'NONE',  ( 0.000000000000000000, 0.000000000000000000, 1.000000000000000000 ) ) ;
#5595 = LINE ( 'NONE', #4361, #5654 ) ;
#5596 = ORIENTED_EDGE ( 'NONE', *, *, #5009, .T. ) ;
#5597 = AXIS2_PLACEMENT_3D ( 'NONE', #3413, #3038, #782 ) ;
#5598 = VERTEX_POINT ( 'NONE', #4319 ) ;
#5599 = ORIENTED_EDGE ( 'NONE', *, *, #5134, .F. ) ;
#5600 = DIRECTION ( 'NONE',  ( -0.9999999998675463964, 1.627596612607036625E-05, -7.072646676687567254E-13 ) ) ;
#5601 = CARTESIAN_POINT ( 'NONE',  ( 42.00000000000000000, 46.00000000000001421, 0.000000000000000000 ) ) ;
#5602 = FACE_OUTER_BOUND ( 'NONE', #2735, .T. ) ;
#5603 = EDGE_LOOP ( 'NONE', ( #4350 ) ) ;
#5604 = DIRECTION ( 'NONE',  ( 1.000000000000000000, 0.000000000000000000, 0.000000000000000000 ) ) ;
#5605 = VERTEX_POINT ( 'NONE', #1249 ) ;
#5606 = ORIENTED_EDGE ( 'NONE', *, *, #5004, .T. ) ;
#5607 = ADVANCED_FACE ( 'NONE', ( #713 ), #2504, .F. ) ;
#5608 = LINE ( 'NONE', #1155, #499 ) ;
#5609 = EDGE_CURVE ( 'NONE', #1792, #2136, #1333, .T. ) ;
#5610 = VERTEX_POINT ( 'NONE', #318 ) ;
#5611 = DIRECTION ( 'NONE',  ( -0.000000000000000000, -0.000000000000000000, 1.000000000000000000 ) ) ;
#5612 = DIRECTION ( 'NONE',  ( 4.180742545671762101E-15, 4.371140887755362005E-08, 0.9999999999999992228 ) ) ;
#5613 = CARTESIAN_POINT ( 'NONE',  ( -58.25248347830570594, -43.92592313267459048, 28.04134375730104622 ) ) ;
#5614 = ADVANCED_FACE ( 'NONE', ( #2106 ), #5635, .F. ) ;
#5615 = FACE_OUTER_BOUND ( 'NONE', #5381, .T. ) ;
#5616 = CARTESIAN_POINT ( 'NONE',  ( 30.50012016296399153, -5.499931269881894735, 1.449999277977990886 ) ) ;
#5617 = DIRECTION ( 'NONE',  ( 0.000000000000000000, -0.9999999999999991118, 4.371140905831675080E-08 ) ) ;
#5618 = CIRCLE ( 'NONE', #4146, 0.5000000000000004441 ) ;
#5619 = ORIENTED_EDGE ( 'NONE', *, *, #1882, .F. ) ;
#5620 = CARTESIAN_POINT ( 'NONE',  ( 36.56175464079005621, -39.00116206919642536, 1.450000742363962924 ) ) ;
#5621 = CARTESIAN_POINT ( 'NONE',  ( 39.15983898978230826, -38.50120435546305941, 0.000000000000000000 ) ) ;
#5622 = FACE_OUTER_BOUND ( 'NONE', #675, .T. ) ;
#5623 = LINE ( 'NONE', #2993, #4930 ) ;
#5624 = VERTEX_POINT ( 'NONE', #3508 ) ;
#5625 = ORIENTED_EDGE ( 'NONE', *, *, #4223, .F. ) ;
#5626 = CIRCLE ( 'NONE', #3882, 2.000000000000000000 ) ;
#5627 = EDGE_LOOP ( 'NONE', ( #3911, #3977, #1817, #5250 ) ) ;
#5628 = CARTESIAN_POINT ( 'NONE',  ( -39.16013196753240777, -2.499931335448995373, 0.000000000000000000 ) ) ;
#5629 = COORDINATED_UNIVERSAL_TIME_OFFSET ( 3, 0, .AHEAD. ) ;
#5630 = CARTESIAN_POINT ( 'NONE',  ( 29.96453803689026785, -17.59676082486349813, 1.449999806747207742 ) ) ;
#5631 = CYLINDRICAL_SURFACE ( 'NONE', #1856, 2.000000000000001776 ) ;
#5632 = ORIENTED_EDGE ( 'NONE', *, *, #309, .F. ) ;
#5633 = CARTESIAN_POINT ( 'NONE',  ( 51.70808186218739166, -3.499931335448996261, 3.000000000000000000 ) ) ;
#5634 = VERTEX_POINT ( 'NONE', #2946 ) ;
#5635 = PLANE ( 'NONE',  #115 ) ;
#5636 = EDGE_CURVE ( 'NONE', #921, #2767, #809, .T. ) ;
#5637 = ORIENTED_EDGE ( 'NONE', *, *, #5534, .T. ) ;
#5638 = PLANE ( 'NONE',  #4338 ) ;
#5639 = EDGE_CURVE ( 'NONE', #4485, #4461, #4248, .T. ) ;
#5640 = DIRECTION ( 'NONE',  ( 1.000000000000000000, 0.000000000000000000, 0.000000000000000000 ) ) ;
#5641 = DIRECTION ( 'NONE',  ( -1.000000000000000000, 0.000000000000000000, 4.180742545671766046E-15 ) ) ;
#5642 = EDGE_CURVE ( 'NONE', #3902, #1792, #1988, .T. ) ;
#5643 = VECTOR ( 'NONE', #4085, 1000.000000000000227 ) ;
#5644 = CARTESIAN_POINT ( 'NONE',  ( 42.83884060894109780, -7.499931335448991376, 1.449999365400754359 ) ) ;
#5645 = DIRECTION ( 'NONE',  ( -0.000000000000000000, 0.000000000000000000, -1.000000000000000000 ) ) ;
#5646 = DIRECTION ( 'NONE',  ( 4.180742545671757368E-15, 4.371140887755362005E-08, 0.9999999999999991118 ) ) ;
#5647 = ORIENTED_EDGE ( 'NONE', *, *, #1000, .T. ) ;
#5648 = CARTESIAN_POINT ( 'NONE',  ( 47.37007602278353602, -48.40007575682851382, 1.450001153203423598 ) ) ;
#5649 = CIRCLE ( 'NONE', #3335, 0.5000000000000008882 ) ;
#5650 = PLANE ( 'NONE',  #4195 ) ;
#5651 = DIRECTION ( 'NONE',  ( -4.180742545671762101E-15, -4.371140887755362005E-08, -0.9999999999999992228 ) ) ;
#5652 = DIRECTION ( 'NONE',  ( -1.000000000000000000, 0.000000000000000000, 0.000000000000000000 ) ) ;
#5653 = ORIENTED_EDGE ( 'NONE', *, *, #2662, .T. ) ;
#5654 = VECTOR ( 'NONE', #239, 1000.000000000000000 ) ;
#5655 = VERTEX_POINT ( 'NONE', #2596 ) ;
#5656 = ORIENTED_EDGE ( 'NONE', *, *, #5715, .T. ) ;
#5657 = LINE ( 'NONE', #3085, #5671 ) ;
#5658 = CARTESIAN_POINT ( 'NONE',  ( 52.20787840052274476, -33.00141672418205019, 0.000000000000000000 ) ) ;
#5659 = CYLINDRICAL_SURFACE ( 'NONE', #4368, 0.5000000000000004441 ) ;
#5660 = ORIENTED_EDGE ( 'NONE', *, *, #1230, .F. ) ;
#5661 = FACE_OUTER_BOUND ( 'NONE', #2237, .T. ) ;
#5662 = ORIENTED_EDGE ( 'NONE', *, *, #4884, .F. ) ;
#5663 = ORIENTED_EDGE ( 'NONE', *, *, #1627, .F. ) ;
#5664 = ADVANCED_FACE ( 'NONE', ( #4374 ), #2164, .F. ) ;
#5665 = DIRECTION ( 'NONE',  ( 0.000000000000000000, -0.9999999999999991118, 4.371140884147639571E-08 ) ) ;
#5666 = AXIS2_PLACEMENT_3D ( 'NONE', #1759, #3188, #4477 ) ;
#5667 = ORIENTED_EDGE ( 'NONE', *, *, #3628, .F. ) ;
#5668 = CARTESIAN_POINT ( 'NONE',  ( 4.574954986571961868, -55.32508182525600660, 28.04134375730104622 ) ) ;
#5669 = VERTEX_POINT ( 'NONE', #3154 ) ;
#5670 = AXIS2_PLACEMENT_3D ( 'NONE', #4972, #4079, #897 ) ;
#5671 = VECTOR ( 'NONE', #4857, 1000.000000000000000 ) ;
#5672 = ADVANCED_FACE ( 'NONE', ( #1840 ), #76, .F. ) ;
#5673 = CARTESIAN_POINT ( 'NONE',  ( 52.16814849553698963, -32.80608465091061277, 0.000000000000000000 ) ) ;
#5674 = FACE_OUTER_BOUND ( 'NONE', #1119, .T. ) ;
#5675 = DIRECTION ( 'NONE',  ( -0.000000000000000000, -0.000000000000000000, -1.000000000000000000 ) ) ;
#5676 = DIRECTION ( 'NONE',  ( -4.180742545671762101E-15, -4.371140887755362005E-08, -0.9999999999999992228 ) ) ;
#5677 = ORIENTED_EDGE ( 'NONE', *, *, #590, .T. ) ;
#5678 = EDGE_CURVE ( 'NONE', #2767, #1370, #4030, .T. ) ;
#5679 = DIRECTION ( 'NONE',  ( 0.000000000000000000, -0.9999999999999991118, 4.371140887245358835E-08 ) ) ;
#5680 = EDGE_CURVE ( 'NONE', #5163, #3909, #2716, .T. ) ;
#5681 = CARTESIAN_POINT ( 'NONE',  ( -53.71248359946253004, -33.76592310238539341, 1.450000513524413837 ) ) ;
#5682 = CARTESIAN_POINT ( 'NONE',  ( -51.70836668991861274, -37.99972538755906726, 0.000000000000000000 ) ) ;
#5683 = DIRECTION ( 'NONE',  ( 0.000000000000000000, 0.000000000000000000, 1.000000000000000000 ) ) ;
#5684 = ORIENTED_EDGE ( 'NONE', *, *, #727, .F. ) ;
#5685 = ORIENTED_EDGE ( 'NONE', *, *, #2772, .T. ) ;
#5686 = CIRCLE ( 'NONE', #3941, 2.000000000000002665 ) ;
#5687 = ORIENTED_EDGE ( 'NONE', *, *, #4127, .T. ) ;
#5688 = DIRECTION ( 'NONE',  ( -0.000000000000000000, -0.000000000000000000, -1.000000000000000000 ) ) ;
#5689 = APPROVAL_DATE_TIME ( #2329, #5260 ) ;
#5690 = LINE ( 'NONE', #3086, #520 ) ;
#5691 = VECTOR ( 'NONE', #5464, 1000.000000000000000 ) ;
#5692 = CARTESIAN_POINT ( 'NONE',  ( 13.53999999999997605, -18.54000000000002402, 28.04134375730104622 ) ) ;
#5693 = ORIENTED_EDGE ( 'NONE', *, *, #5188, .F. ) ;
#5694 = DIRECTION ( 'NONE',  ( 1.000000000000000000, 0.000000000000000000, 0.000000000000000000 ) ) ;
#5695 = ORIENTED_EDGE ( 'NONE', *, *, #463, .T. ) ;
#5696 = VERTEX_POINT ( 'NONE', #2218 ) ;
#5697 = AXIS2_PLACEMENT_3D ( 'NONE', #3095, #869, #5324 ) ;
#5698 = DIRECTION ( 'NONE',  ( 0.000000000000000000, 0.000000000000000000, -1.000000000000000000 ) ) ;
#5699 = DIRECTION ( 'NONE',  ( 4.180742545671757368E-15, 4.371140887755362005E-08, 0.9999999999999991118 ) ) ;
#5700 = ORIENTED_EDGE ( 'NONE', *, *, #1552, .F. ) ;
#5701 = VECTOR ( 'NONE', #1550, 1000.000000000000000 ) ;
#5702 = CARTESIAN_POINT ( 'NONE',  ( -37.42839040353538138, -39.49995780816809798, 0.000000000000000000 ) ) ;
#5703 = LINE ( 'NONE', #384, #5412 ) ;
#5704 = DIRECTION ( 'NONE',  ( 0.000000000000000000, -0.9999999999999991118, 4.371140884147631631E-08 ) ) ;
#5705 = ORIENTED_EDGE ( 'NONE', *, *, #691, .F. ) ;
#5706 = CARTESIAN_POINT ( 'NONE',  ( -36.56224293011970872, -31.99997190456163665, 1.450000436332382625 ) ) ;
#5707 = ADVANCED_FACE ( 'NONE', ( #515 ), #1863, .F. ) ;
#5708 = DIRECTION ( 'NONE',  ( -0.9999999998675463964, 1.627596612578200236E-05, 0.000000000000000000 ) ) ;
#5709 = DIRECTION ( 'NONE',  ( 0.000000000000000000, 0.000000000000000000, -1.000000000000000000 ) ) ;
#5710 = DIRECTION ( 'NONE',  ( 0.000000000000000000, 0.000000000000000000, 1.000000000000000000 ) ) ;
#5711 = ORIENTED_EDGE ( 'NONE', *, *, #4905, .F. ) ;
#5712 = VECTOR ( 'NONE', #4693, 1000.000000000000000 ) ;
#5713 = EDGE_CURVE ( 'NONE', #1247, #429, #2447, .T. ) ;
#5714 = VERTEX_POINT ( 'NONE', #4865 ) ;
#5715 = EDGE_CURVE ( 'NONE', #4855, #4362, #4467, .T. ) ;
#5716 = ORIENTED_EDGE ( 'NONE', *, *, #5014, .T. ) ;
#5717 = CARTESIAN_POINT ( 'NONE',  ( 42.83884060894109780, -3.499931335448998926, 1.449999190555119055 ) ) ;
#5718 = CARTESIAN_POINT ( 'NONE',  ( -51.70808186218739166, -3.499931335448996261, 3.000000000000000000 ) ) ;
#5719 = DIRECTION ( 'NONE',  ( -0.000000000000000000, 1.000000000000000000, -0.000000000000000000 ) ) ;
#5720 = ORIENTED_EDGE ( 'NONE', *, *, #5062, .F. ) ;
#5721 = CYLINDRICAL_SURFACE ( 'NONE', #1905, 2.000000000000001776 ) ;
#5722 = ORIENTED_EDGE ( 'NONE', *, *, #2143, .F. ) ;
#5723 = ORIENTED_EDGE ( 'NONE', *, *, #4806, .F. ) ;
#5724 = FACE_BOUND ( 'NONE', #4209, .T. ) ;
#5725 = EDGE_LOOP ( 'NONE', ( #4714, #345, #2470, #2378 ) ) ;
#5726 = CARTESIAN_POINT ( 'NONE',  ( -30.50012207031303291, -35.50007057189900195, 0.000000000000000000 ) ) ;
#5727 = FACE_OUTER_BOUND ( 'NONE', #2245, .T. ) ;
#5728 = ADVANCED_FACE ( 'NONE', ( #4498 ), #409, .F. ) ;
#5729 = DIRECTION ( 'NONE',  ( 0.000000000000000000, -0.9999999999999990008, 4.371140884147636263E-08 ) ) ;
#5730 = ORIENTED_EDGE ( 'NONE', *, *, #2309, .F. ) ;
#5731 = AXIS2_PLACEMENT_3D ( 'NONE', #2087, #1257, #5160 ) ;
#5732 = FACE_BOUND ( 'NONE', #319, .T. ) ;
#5733 = EDGE_CURVE ( 'NONE', #3696, #2247, #3197, .T. ) ;
#5734 = DIRECTION ( 'NONE',  ( 0.000000000000000000, -0.000000000000000000, 1.000000000000000000 ) ) ;
#5735 = LINE ( 'NONE', #3867, #3544 ) ;
#5736 = CARTESIAN_POINT ( 'NONE',  ( 33.21007646689140813, -48.89130729459745339, 0.000000000000000000 ) ) ;
#5737 = DIRECTION ( 'NONE',  ( -1.000000000000000000, 0.000000000000000000, 0.000000000000000000 ) ) ;
#5738 = VECTOR ( 'NONE', #1716, 1000.000000000000000 ) ;
#5739 = VERTEX_POINT ( 'NONE', #3976 ) ;
#5740 = AXIS2_PLACEMENT_3D ( 'NONE', #1387, #1804, #5347 ) ;
#5741 = ORIENTED_EDGE ( 'NONE', *, *, #4662, .F. ) ;
#5742 = DIRECTION ( 'NONE',  ( -3.035386659626959625E-16, -0.9999999999999991118, 4.371140887755362005E-08 ) ) ;
#5743 = EDGE_CURVE ( 'NONE', #3895, #2471, #5044, .T. ) ;
#5744 = PLANE ( 'NONE',  #2968 ) ;
#5745 = VECTOR ( 'NONE', #564, 1000.000000000000000 ) ;
#5746 = DIRECTION ( 'NONE',  ( -4.180742545671762101E-15, -4.371140887755362005E-08, -0.9999999999999992228 ) ) ;
#5747 = ORIENTED_EDGE ( 'NONE', *, *, #702, .T. ) ;
#5748 = CARTESIAN_POINT ( 'NONE',  ( 34.17085951043083725, -17.44873438152215073, 36.80533964865399810 ) ) ;
#5749 = AXIS2_PLACEMENT_3D ( 'NONE', #2181, #1763, #2205 ) ;
#5750 = ORIENTED_EDGE ( 'NONE', *, *, #3609, .F. ) ;
#5751 = ADVANCED_FACE ( 'NONE', ( #3205, #4948, #1421, #2629, #1779, #2252, #3567, #4438, #949, #4077, #4408, #30, #5724, #896, #1367, #3538 ), #1308, .F. ) ;
#5752 = ORIENTED_EDGE ( 'NONE', *, *, #5494, .T. ) ;
#5753 = ADVANCED_FACE ( 'NONE', ( #1341 ), #3128, .F. ) ;
#5754 = EDGE_CURVE ( 'NONE', #2819, #1443, #5414, .T. ) ;
#5755 = DIRECTION ( 'NONE',  ( -0.000000000000000000, 0.000000000000000000, 1.000000000000000000 ) ) ;
ENDSEC;
END-ISO-10303-21;
