ISO-10303-21;
HEADER;

/* File generated by T-FLEX CAD Version 17.0.85.0 */

FILE_DESCRIPTION(('TFLEX Exchange Step'),'2;1');

FILE_NAME('X2\041F0430043D0435043B044C\X0\ \X2\0443043F044004300432043B0435043D0438044F\X0\ \X2\043A043E043F0438044F\X0\.stp',                                     
'2023-06-26T15:55:07+04:00',
('Kostya Samygin'),
('Unknown organisation'),
'TFLEX Exchange 2023.0',
'T-FLEX CAD',
'Unknown authorisation');

FILE_SCHEMA( ('AP242_MANAGED_MODEL_BASED_3D_ENGINEERING_MIM_LF {1 0 10303 442 1 1 4 }') );

ENDSEC;

DATA;
#3=(NAMED_UNIT(*)PLANE_ANGLE_UNIT()SI_UNIT($,.RADIAN.));
#4=PLANE_ANGLE_MEASURE_WITH_UNIT(PLANE_ANGLE_MEASURE(0.0174532925),#3);
#5=(CONVERSION_BASED_UNIT('DEGREE',#4)NAMED_UNIT(#6)PLANE_ANGLE_UNIT());
#6=DIMENSIONAL_EXPONENTS(0.,0.,0.,0.,0.,0.,0.);
#7=(NAMED_UNIT(*)SI_UNIT($,.STERADIAN.)SOLID_ANGLE_UNIT());
#8=(LENGTH_UNIT()NAMED_UNIT(*)SI_UNIT(.MILLI.,.METRE.));
#9=UNCERTAINTY_MEASURE_WITH_UNIT(LENGTH_MEASURE(1.000000E-03),#8,'DISTANCE_ACCURACY_VALUE','Maximum Tolerance applied to model');
#10=(GEOMETRIC_REPRESENTATION_CONTEXT(3)GLOBAL_UNCERTAINTY_ASSIGNED_CONTEXT((#9))GLOBAL_UNIT_ASSIGNED_CONTEXT((#8,#5,#7))REPRESENTATION_CONTEXT('','\X2\041F0430043D0435043B044C\X0\ \X2\0443043F044004300432043B0435043D0438044F\X0\ \X2\043A043E043F0438044F\X0\'));
#12=CARTESIAN_POINT('',(0.,0.,0.));
#13=DIRECTION('',(0.,0.,1.));
#14=DIRECTION('',(1.,0.,0.));
#15=AXIS2_PLACEMENT_3D('',#12,#13,#14);
#26=(NAMED_UNIT(*)PLANE_ANGLE_UNIT()SI_UNIT($,.RADIAN.));
#27=PLANE_ANGLE_MEASURE_WITH_UNIT(PLANE_ANGLE_MEASURE(0.0174532925),#26);
#28=(CONVERSION_BASED_UNIT('DEGREE',#27)NAMED_UNIT(#29)PLANE_ANGLE_UNIT());
#29=DIMENSIONAL_EXPONENTS(0.,0.,0.,0.,0.,0.,0.);
#30=(NAMED_UNIT(*)SI_UNIT($,.STERADIAN.)SOLID_ANGLE_UNIT());
#31=(LENGTH_UNIT()NAMED_UNIT(*)SI_UNIT(.MILLI.,.METRE.));
#32=UNCERTAINTY_MEASURE_WITH_UNIT(LENGTH_MEASURE(1.000000E-03),#31,'DISTANCE_ACCURACY_VALUE','Maximum Tolerance applied to model');
#33=(GEOMETRIC_REPRESENTATION_CONTEXT(3)GLOBAL_UNCERTAINTY_ASSIGNED_CONTEXT((#32))GLOBAL_UNIT_ASSIGNED_CONTEXT((#31,#28,#30))REPRESENTATION_CONTEXT('','3D \X2\0444044004300433043C0435043D0442\X0\_6'));
#45=CARTESIAN_POINT('',(-66.,3.9,50.));
#46=DIRECTION('',(0.,0.,1.));
#47=DIRECTION('',(-0.,-1.,0.));
#48=AXIS2_PLACEMENT_3D('',#45,#46,#47);
#49=ITEM_DEFINED_TRANSFORMATION('','',#48,#15);
#50=(REPRESENTATION_RELATIONSHIP('','',#35,#16)REPRESENTATION_RELATIONSHIP_WITH_TRANSFORMATION(#49)SHAPE_REPRESENTATION_RELATIONSHIP());
#51=NEXT_ASSEMBLY_USAGE_OCCURRENCE('3D \X2\0444044004300433043C0435043D0442\X0\_6_1','3D \X2\0444044004300433043C0435043D0442\X0\_6','3D \X2\0444044004300433043C0435043D0442\X0\_6',#25,#44,$);
#52=PRODUCT_DEFINITION_SHAPE('','',#51);
#53=CONTEXT_DEPENDENT_SHAPE_REPRESENTATION(#50,#52);
#54=(NAMED_UNIT(*)PLANE_ANGLE_UNIT()SI_UNIT($,.RADIAN.));
#55=PLANE_ANGLE_MEASURE_WITH_UNIT(PLANE_ANGLE_MEASURE(0.0174532925),#54);
#56=(CONVERSION_BASED_UNIT('DEGREE',#55)NAMED_UNIT(#57)PLANE_ANGLE_UNIT());
#57=DIMENSIONAL_EXPONENTS(0.,0.,0.,0.,0.,0.,0.);
#58=(NAMED_UNIT(*)SI_UNIT($,.STERADIAN.)SOLID_ANGLE_UNIT());
#59=(LENGTH_UNIT()NAMED_UNIT(*)SI_UNIT(.MILLI.,.METRE.));
#60=UNCERTAINTY_MEASURE_WITH_UNIT(LENGTH_MEASURE(1.000000E-05),#59,'DISTANCE_ACCURACY_VALUE','Maximum Tolerance applied to model');
#61=(GEOMETRIC_REPRESENTATION_CONTEXT(3)GLOBAL_UNCERTAINTY_ASSIGNED_CONTEXT((#60))GLOBAL_UNIT_ASSIGNED_CONTEXT((#59,#56,#58))REPRESENTATION_CONTEXT('','3D \X2\0444044004300433043C0435043D0442\X0\_6'));
#73=CARTESIAN_POINT('',(-10.,0.,0.));
#74=DIRECTION('',(0.,0.,1.));
#75=DIRECTION('',(1.,0.,-0.));
#76=AXIS2_PLACEMENT_3D('',#73,#74,#75);
#77=ITEM_DEFINED_TRANSFORMATION('','',#76,#15);
#78=(REPRESENTATION_RELATIONSHIP('','',#63,#35)REPRESENTATION_RELATIONSHIP_WITH_TRANSFORMATION(#77)SHAPE_REPRESENTATION_RELATIONSHIP());
#79=NEXT_ASSEMBLY_USAGE_OCCURRENCE('3D \X2\0444044004300433043C0435043D0442\X0\_6_2','3D \X2\0444044004300433043C0435043D0442\X0\_6','3D \X2\0444044004300433043C0435043D0442\X0\_6',#44,#72,$);
#80=PRODUCT_DEFINITION_SHAPE('','',#79);
#81=CONTEXT_DEPENDENT_SHAPE_REPRESENTATION(#78,#80);
#83=CARTESIAN_POINT('',(0.,0.,0.));
#84=DIRECTION('',(1.,0.,0.));
#85=DIRECTION('',(0.,0.,-1.));
#86=AXIS2_PLACEMENT_3D('',#83,#84,#85);
#87=CYLINDRICAL_SURFACE('',#86,15.5);
#88=CARTESIAN_POINT('',(-4.,15.467708298,1.));
#89=VERTEX_POINT('',#88);
#90=CARTESIAN_POINT('',(-4.,1.,15.467708298));
#91=VERTEX_POINT('',#90);
#92=CARTESIAN_POINT('',(-4.,0.,0.));
#93=DIRECTION('',(1.,0.,0.));
#94=DIRECTION('',(0.,0.,-1.));
#95=AXIS2_PLACEMENT_3D('',#92,#93,#94);
#96=CIRCLE('',#95,15.5);
#97=EDGE_CURVE('',#89,#91,#96,.T.);
#98=ORIENTED_EDGE('',*,*,#97,.F.);
#99=CARTESIAN_POINT('',(0.,15.467708298,1.));
#100=VERTEX_POINT('',#99);
#101=CARTESIAN_POINT('',(-4.,15.467708298,1.));
#102=DIRECTION('',(1.,0.,-0.));
#103=VECTOR('',#102,4.);
#104=LINE('',#101,#103);
#105=EDGE_CURVE('',#89,#100,#104,.T.);
#106=ORIENTED_EDGE('',*,*,#105,.T.);
#107=CARTESIAN_POINT('',(0.,1.,15.467708298));
#108=VERTEX_POINT('',#107);
#109=CARTESIAN_POINT('',(0.,0.,0.));
#110=DIRECTION('',(1.,0.,0.));
#111=DIRECTION('',(0.,0.,-1.));
#112=AXIS2_PLACEMENT_3D('',#109,#110,#111);
#113=CIRCLE('',#112,15.5);
#114=EDGE_CURVE('',#100,#108,#113,.T.);
#115=ORIENTED_EDGE('',*,*,#114,.T.);
#116=CARTESIAN_POINT('',(0.,1.,15.467708298));
#117=DIRECTION('',(-1.,-0.,0.));
#118=VECTOR('',#117,4.);
#119=LINE('',#116,#118);
#120=EDGE_CURVE('',#108,#91,#119,.T.);
#121=ORIENTED_EDGE('',*,*,#120,.T.);
#122=EDGE_LOOP('',(#98,#106,#115,#121));
#123=FACE_BOUND('',#122,.T.);
#124=ADVANCED_FACE('',(#123),#87,.F.);
#125=CARTESIAN_POINT('',(0.,0.,0.));
#126=DIRECTION('',(1.,0.,0.));
#127=DIRECTION('',(0.,0.,-1.));
#128=AXIS2_PLACEMENT_3D('',#125,#126,#127);
#129=CYLINDRICAL_SURFACE('',#128,15.5);
#130=CARTESIAN_POINT('',(0.,-1.,15.467708298));
#131=VERTEX_POINT('',#130);
#132=CARTESIAN_POINT('',(0.,-15.467708298,1.));
#133=VERTEX_POINT('',#132);
#134=CARTESIAN_POINT('',(0.,0.,0.));
#135=DIRECTION('',(1.,0.,0.));
#136=DIRECTION('',(0.,0.,-1.));
#137=AXIS2_PLACEMENT_3D('',#134,#135,#136);
#138=CIRCLE('',#137,15.5);
#139=EDGE_CURVE('',#131,#133,#138,.T.);
#140=ORIENTED_EDGE('',*,*,#139,.T.);
#141=CARTESIAN_POINT('',(-4.,-15.467708298,1.));
#142=VERTEX_POINT('',#141);
#143=CARTESIAN_POINT('',(0.,-15.467708298,1.));
#144=DIRECTION('',(-1.,-0.,0.));
#145=VECTOR('',#144,4.);
#146=LINE('',#143,#145);
#147=EDGE_CURVE('',#133,#142,#146,.T.);
#148=ORIENTED_EDGE('',*,*,#147,.T.);
#149=CARTESIAN_POINT('',(-4.,-1.,15.467708298));
#150=VERTEX_POINT('',#149);
#151=CARTESIAN_POINT('',(-4.,0.,0.));
#152=DIRECTION('',(1.,0.,0.));
#153=DIRECTION('',(0.,0.,-1.));
#154=AXIS2_PLACEMENT_3D('',#151,#152,#153);
#155=CIRCLE('',#154,15.5);
#156=EDGE_CURVE('',#150,#142,#155,.T.);
#157=ORIENTED_EDGE('',*,*,#156,.F.);
#158=CARTESIAN_POINT('',(-4.,-1.,15.467708298));
#159=DIRECTION('',(1.,0.,-0.));
#160=VECTOR('',#159,4.);
#161=LINE('',#158,#160);
#162=EDGE_CURVE('',#150,#131,#161,.T.);
#163=ORIENTED_EDGE('',*,*,#162,.T.);
#164=EDGE_LOOP('',(#140,#148,#157,#163));
#165=FACE_BOUND('',#164,.T.);
#166=ADVANCED_FACE('',(#165),#129,.F.);
#167=CARTESIAN_POINT('',(0.,0.,0.));
#168=DIRECTION('',(1.,0.,0.));
#169=DIRECTION('',(0.,0.,-1.));
#170=AXIS2_PLACEMENT_3D('',#167,#168,#169);
#171=CYLINDRICAL_SURFACE('',#170,15.5);
#172=CARTESIAN_POINT('',(-4.,-15.467708298,-1.));
#173=VERTEX_POINT('',#172);
#174=CARTESIAN_POINT('',(-4.,-1.,-15.467708298));
#175=VERTEX_POINT('',#174);
#176=CARTESIAN_POINT('',(-4.,0.,0.));
#177=DIRECTION('',(1.,0.,0.));
#178=DIRECTION('',(0.,0.,-1.));
#179=AXIS2_PLACEMENT_3D('',#176,#177,#178);
#180=CIRCLE('',#179,15.5);
#181=EDGE_CURVE('',#173,#175,#180,.T.);
#182=ORIENTED_EDGE('',*,*,#181,.F.);
#183=CARTESIAN_POINT('',(0.,-15.467708298,-1.));
#184=VERTEX_POINT('',#183);
#185=CARTESIAN_POINT('',(-4.,-15.467708298,-1.));
#186=DIRECTION('',(1.,0.,-0.));
#187=VECTOR('',#186,4.);
#188=LINE('',#185,#187);
#189=EDGE_CURVE('',#173,#184,#188,.T.);
#190=ORIENTED_EDGE('',*,*,#189,.T.);
#191=CARTESIAN_POINT('',(0.,-1.,-15.467708298));
#192=VERTEX_POINT('',#191);
#193=CARTESIAN_POINT('',(0.,0.,0.));
#194=DIRECTION('',(1.,0.,0.));
#195=DIRECTION('',(0.,0.,-1.));
#196=AXIS2_PLACEMENT_3D('',#193,#194,#195);
#197=CIRCLE('',#196,15.5);
#198=EDGE_CURVE('',#184,#192,#197,.T.);
#199=ORIENTED_EDGE('',*,*,#198,.T.);
#200=CARTESIAN_POINT('',(0.,-1.,-15.467708298));
#201=DIRECTION('',(-1.,-0.,0.));
#202=VECTOR('',#201,4.);
#203=LINE('',#200,#202);
#204=EDGE_CURVE('',#192,#175,#203,.T.);
#205=ORIENTED_EDGE('',*,*,#204,.T.);
#206=EDGE_LOOP('',(#182,#190,#199,#205));
#207=FACE_BOUND('',#206,.T.);
#208=ADVANCED_FACE('',(#207),#171,.F.);
#209=CARTESIAN_POINT('',(0.,0.,16.5));
#210=DIRECTION('',(-1.,0.,0.));
#211=DIRECTION('',(0.,0.,1.));
#212=AXIS2_PLACEMENT_3D('',#209,#210,#211);
#213=PLANE('',#212);
#214=CARTESIAN_POINT('',(0.,16.469669092,1.));
#215=VERTEX_POINT('',#214);
#216=CARTESIAN_POINT('',(0.,16.469669092,1.));
#217=DIRECTION('',(0.,-1.,0.));
#218=VECTOR('',#217,1.001960794);
#219=LINE('',#216,#218);
#220=EDGE_CURVE('',#215,#100,#219,.T.);
#221=ORIENTED_EDGE('',*,*,#220,.F.);
#222=CARTESIAN_POINT('',(0.,1.,16.469669092));
#223=VERTEX_POINT('',#222);
#224=CARTESIAN_POINT('',(0.,0.,0.));
#225=DIRECTION('',(1.,0.,0.));
#226=DIRECTION('',(0.,0.,-1.));
#227=AXIS2_PLACEMENT_3D('',#224,#225,#226);
#228=CIRCLE('',#227,16.5);
#229=EDGE_CURVE('',#215,#223,#228,.T.);
#230=ORIENTED_EDGE('',*,*,#229,.T.);
#231=CARTESIAN_POINT('',(0.,1.,16.469669092));
#232=DIRECTION('',(0.,0.,-1.));
#233=VECTOR('',#232,1.001960794);
#234=LINE('',#231,#233);
#235=EDGE_CURVE('',#223,#108,#234,.T.);
#236=ORIENTED_EDGE('',*,*,#235,.T.);
#237=ORIENTED_EDGE('',*,*,#114,.F.);
#238=EDGE_LOOP('',(#221,#230,#236,#237));
#239=FACE_BOUND('',#238,.T.);
#240=ADVANCED_FACE('',(#239),#213,.F.);
#241=CARTESIAN_POINT('',(0.,0.,16.5));
#242=DIRECTION('',(-1.,0.,0.));
#243=DIRECTION('',(0.,0.,1.));
#244=AXIS2_PLACEMENT_3D('',#241,#242,#243);
#245=PLANE('',#244);
#246=CARTESIAN_POINT('',(0.,-16.469669092,1.));
#247=VERTEX_POINT('',#246);
#248=CARTESIAN_POINT('',(0.,-15.467708298,1.));
#249=DIRECTION('',(0.,-1.,0.));
#250=VECTOR('',#249,1.001960794);
#251=LINE('',#248,#250);
#252=EDGE_CURVE('',#133,#247,#251,.T.);
#253=ORIENTED_EDGE('',*,*,#252,.F.);
#254=ORIENTED_EDGE('',*,*,#139,.F.);
#255=CARTESIAN_POINT('',(0.,-1.,16.469669092));
#256=VERTEX_POINT('',#255);
#257=CARTESIAN_POINT('',(0.,-1.,15.467708298));
#258=DIRECTION('',(0.,0.,1.));
#259=VECTOR('',#258,1.001960794);
#260=LINE('',#257,#259);
#261=EDGE_CURVE('',#131,#256,#260,.T.);
#262=ORIENTED_EDGE('',*,*,#261,.T.);
#263=CARTESIAN_POINT('',(0.,0.,0.));
#264=DIRECTION('',(1.,0.,0.));
#265=DIRECTION('',(0.,0.,-1.));
#266=AXIS2_PLACEMENT_3D('',#263,#264,#265);
#267=CIRCLE('',#266,16.5);
#268=EDGE_CURVE('',#256,#247,#267,.T.);
#269=ORIENTED_EDGE('',*,*,#268,.T.);
#270=EDGE_LOOP('',(#253,#254,#262,#269));
#271=FACE_BOUND('',#270,.T.);
#272=ADVANCED_FACE('',(#271),#245,.F.);
#273=CARTESIAN_POINT('',(0.,0.,16.5));
#274=DIRECTION('',(-1.,0.,0.));
#275=DIRECTION('',(0.,0.,1.));
#276=AXIS2_PLACEMENT_3D('',#273,#274,#275);
#277=PLANE('',#276);
#278=ORIENTED_EDGE('',*,*,#198,.F.);
#279=CARTESIAN_POINT('',(0.,-16.469669092,-1.));
#280=VERTEX_POINT('',#279);
#281=CARTESIAN_POINT('',(0.,-15.467708298,-1.));
#282=DIRECTION('',(0.,-1.,0.));
#283=VECTOR('',#282,1.001960794);
#284=LINE('',#281,#283);
#285=EDGE_CURVE('',#184,#280,#284,.T.);
#286=ORIENTED_EDGE('',*,*,#285,.T.);
#287=CARTESIAN_POINT('',(0.,-1.,-16.469669092));
#288=VERTEX_POINT('',#287);
#289=CARTESIAN_POINT('',(0.,0.,0.));
#290=DIRECTION('',(1.,0.,0.));
#291=DIRECTION('',(0.,0.,-1.));
#292=AXIS2_PLACEMENT_3D('',#289,#290,#291);
#293=CIRCLE('',#292,16.5);
#294=EDGE_CURVE('',#280,#288,#293,.T.);
#295=ORIENTED_EDGE('',*,*,#294,.T.);
#296=CARTESIAN_POINT('',(0.,-1.,-16.469669092));
#297=DIRECTION('',(0.,0.,1.));
#298=VECTOR('',#297,1.001960794);
#299=LINE('',#296,#298);
#300=EDGE_CURVE('',#288,#192,#299,.T.);
#301=ORIENTED_EDGE('',*,*,#300,.T.);
#302=EDGE_LOOP('',(#278,#286,#295,#301));
#303=FACE_BOUND('',#302,.T.);
#304=ADVANCED_FACE('',(#303),#277,.F.);
#305=CARTESIAN_POINT('',(0.,0.,0.));
#306=DIRECTION('',(1.,0.,0.));
#307=DIRECTION('',(0.,0.,-1.));
#308=AXIS2_PLACEMENT_3D('',#305,#306,#307);
#309=CYLINDRICAL_SURFACE('',#308,15.5);
#310=CARTESIAN_POINT('',(0.,1.,-15.467708298));
#311=VERTEX_POINT('',#310);
#312=CARTESIAN_POINT('',(0.,15.467708298,-1.));
#313=VERTEX_POINT('',#312);
#314=CARTESIAN_POINT('',(0.,0.,0.));
#315=DIRECTION('',(1.,0.,0.));
#316=DIRECTION('',(0.,0.,-1.));
#317=AXIS2_PLACEMENT_3D('',#314,#315,#316);
#318=CIRCLE('',#317,15.5);
#319=EDGE_CURVE('',#311,#313,#318,.T.);
#320=ORIENTED_EDGE('',*,*,#319,.T.);
#321=CARTESIAN_POINT('',(-4.,15.467708298,-1.));
#322=VERTEX_POINT('',#321);
#323=CARTESIAN_POINT('',(0.,15.467708298,-1.));
#324=DIRECTION('',(-1.,-0.,0.));
#325=VECTOR('',#324,4.);
#326=LINE('',#323,#325);
#327=EDGE_CURVE('',#313,#322,#326,.T.);
#328=ORIENTED_EDGE('',*,*,#327,.T.);
#329=CARTESIAN_POINT('',(-4.,1.,-15.467708298));
#330=VERTEX_POINT('',#329);
#331=CARTESIAN_POINT('',(-4.,0.,0.));
#332=DIRECTION('',(1.,0.,0.));
#333=DIRECTION('',(0.,0.,-1.));
#334=AXIS2_PLACEMENT_3D('',#331,#332,#333);
#335=CIRCLE('',#334,15.5);
#336=EDGE_CURVE('',#330,#322,#335,.T.);
#337=ORIENTED_EDGE('',*,*,#336,.F.);
#338=CARTESIAN_POINT('',(-4.,1.,-15.467708298));
#339=DIRECTION('',(1.,0.,-0.));
#340=VECTOR('',#339,4.);
#341=LINE('',#338,#340);
#342=EDGE_CURVE('',#330,#311,#341,.T.);
#343=ORIENTED_EDGE('',*,*,#342,.T.);
#344=EDGE_LOOP('',(#320,#328,#337,#343));
#345=FACE_BOUND('',#344,.T.);
#346=ADVANCED_FACE('',(#345),#309,.F.);
#347=CARTESIAN_POINT('',(-4.,0.,15.5));
#348=DIRECTION('',(-1.,0.,0.));
#349=DIRECTION('',(0.,0.,1.));
#350=AXIS2_PLACEMENT_3D('',#347,#348,#349);
#351=PLANE('',#350);
#352=ORIENTED_EDGE('',*,*,#156,.T.);
#353=CARTESIAN_POINT('',(-4.,-16.469669092,1.));
#354=VERTEX_POINT('',#353);
#355=CARTESIAN_POINT('',(-4.,-15.467708298,1.));
#356=DIRECTION('',(0.,-1.,0.));
#357=VECTOR('',#356,1.001960794);
#358=LINE('',#355,#357);
#359=EDGE_CURVE('',#142,#354,#358,.T.);
#360=ORIENTED_EDGE('',*,*,#359,.T.);
#361=CARTESIAN_POINT('',(-4.,-16.469669092,-1.));
#362=VERTEX_POINT('',#361);
#363=CARTESIAN_POINT('',(-4.,0.,0.));
#364=DIRECTION('',(-1.,0.,0.));
#365=DIRECTION('',(0.,0.,1.));
#366=AXIS2_PLACEMENT_3D('',#363,#364,#365);
#367=CIRCLE('',#366,16.5);
#368=EDGE_CURVE('',#362,#354,#367,.T.);
#369=ORIENTED_EDGE('',*,*,#368,.F.);
#370=CARTESIAN_POINT('',(-4.,-15.467708298,-1.));
#371=DIRECTION('',(0.,-1.,0.));
#372=VECTOR('',#371,1.001960794);
#373=LINE('',#370,#372);
#374=EDGE_CURVE('',#173,#362,#373,.T.);
#375=ORIENTED_EDGE('',*,*,#374,.F.);
#376=ORIENTED_EDGE('',*,*,#181,.T.);
#377=CARTESIAN_POINT('',(-4.,-1.,-16.469669092));
#378=VERTEX_POINT('',#377);
#379=CARTESIAN_POINT('',(-4.,-1.,-15.467708298));
#380=DIRECTION('',(0.,0.,-1.));
#381=VECTOR('',#380,1.001960794);
#382=LINE('',#379,#381);
#383=EDGE_CURVE('',#175,#378,#382,.T.);
#384=ORIENTED_EDGE('',*,*,#383,.T.);
#385=CARTESIAN_POINT('',(-4.,0.,-16.5));
#386=VERTEX_POINT('',#385);
#387=CARTESIAN_POINT('',(-4.,0.,0.));
#388=DIRECTION('',(-1.,0.,0.));
#389=DIRECTION('',(0.,0.,1.));
#390=AXIS2_PLACEMENT_3D('',#387,#388,#389);
#391=CIRCLE('',#390,16.5);
#392=EDGE_CURVE('',#386,#378,#391,.T.);
#393=ORIENTED_EDGE('',*,*,#392,.F.);
#394=CARTESIAN_POINT('',(-4.,1.,-16.469669092));
#395=VERTEX_POINT('',#394);
#396=CARTESIAN_POINT('',(-4.,0.,0.));
#397=DIRECTION('',(-1.,0.,0.));
#398=DIRECTION('',(0.,0.,1.));
#399=AXIS2_PLACEMENT_3D('',#396,#397,#398);
#400=CIRCLE('',#399,16.5);
#401=EDGE_CURVE('',#395,#386,#400,.T.);
#402=ORIENTED_EDGE('',*,*,#401,.F.);
#403=CARTESIAN_POINT('',(-4.,1.,-15.467708298));
#404=DIRECTION('',(0.,0.,-1.));
#405=VECTOR('',#404,1.001960794);
#406=LINE('',#403,#405);
#407=EDGE_CURVE('',#330,#395,#406,.T.);
#408=ORIENTED_EDGE('',*,*,#407,.F.);
#409=ORIENTED_EDGE('',*,*,#336,.T.);
#410=CARTESIAN_POINT('',(-4.,16.469669092,-1.));
#411=VERTEX_POINT('',#410);
#412=CARTESIAN_POINT('',(-4.,16.469669092,-1.));
#413=DIRECTION('',(0.,-1.,0.));
#414=VECTOR('',#413,1.001960794);
#415=LINE('',#412,#414);
#416=EDGE_CURVE('',#411,#322,#415,.T.);
#417=ORIENTED_EDGE('',*,*,#416,.F.);
#418=CARTESIAN_POINT('',(-4.,16.469669092,1.));
#419=VERTEX_POINT('',#418);
#420=CARTESIAN_POINT('',(-4.,0.,0.));
#421=DIRECTION('',(-1.,0.,0.));
#422=DIRECTION('',(0.,0.,1.));
#423=AXIS2_PLACEMENT_3D('',#420,#421,#422);
#424=CIRCLE('',#423,16.5);
#425=EDGE_CURVE('',#419,#411,#424,.T.);
#426=ORIENTED_EDGE('',*,*,#425,.F.);
#427=CARTESIAN_POINT('',(-4.,16.469669092,1.));
#428=DIRECTION('',(0.,-1.,0.));
#429=VECTOR('',#428,1.001960794);
#430=LINE('',#427,#429);
#431=EDGE_CURVE('',#419,#89,#430,.T.);
#432=ORIENTED_EDGE('',*,*,#431,.T.);
#433=ORIENTED_EDGE('',*,*,#97,.T.);
#434=CARTESIAN_POINT('',(-4.,1.,16.469669092));
#435=VERTEX_POINT('',#434);
#436=CARTESIAN_POINT('',(-4.,1.,16.469669092));
#437=DIRECTION('',(0.,0.,-1.));
#438=VECTOR('',#437,1.001960794);
#439=LINE('',#436,#438);
#440=EDGE_CURVE('',#435,#91,#439,.T.);
#441=ORIENTED_EDGE('',*,*,#440,.F.);
#442=CARTESIAN_POINT('',(-4.,-1.,16.469669092));
#443=VERTEX_POINT('',#442);
#444=CARTESIAN_POINT('',(-4.,0.,0.));
#445=DIRECTION('',(-1.,0.,0.));
#446=DIRECTION('',(0.,0.,1.));
#447=AXIS2_PLACEMENT_3D('',#444,#445,#446);
#448=CIRCLE('',#447,16.5);
#449=EDGE_CURVE('',#443,#435,#448,.T.);
#450=ORIENTED_EDGE('',*,*,#449,.F.);
#451=CARTESIAN_POINT('',(-4.,-1.,16.469669092));
#452=DIRECTION('',(0.,0.,-1.));
#453=VECTOR('',#452,1.001960794);
#454=LINE('',#451,#453);
#455=EDGE_CURVE('',#443,#150,#454,.T.);
#456=ORIENTED_EDGE('',*,*,#455,.T.);
#457=EDGE_LOOP('',(#352,#360,#369,#375,#376,#384,#393,#402,#408,#409,#417,#426,#432,#433,#441,#450,#456));
#458=FACE_BOUND('',#457,.T.);
#459=ADVANCED_FACE('',(#458),#351,.F.);
#460=CARTESIAN_POINT('',(-6.,0.,0.));
#461=DIRECTION('',(1.,0.,0.));
#462=DIRECTION('',(0.,0.,-1.));
#463=AXIS2_PLACEMENT_3D('',#460,#461,#462);
#464=PLANE('',#463);
#465=CARTESIAN_POINT('',(-6.,-0.,-16.5));
#466=VERTEX_POINT('',#465);
#467=CARTESIAN_POINT('',(-6.,0.,0.));
#468=DIRECTION('',(1.,0.,0.));
#469=DIRECTION('',(0.,0.,-1.));
#470=AXIS2_PLACEMENT_3D('',#467,#468,#469);
#471=CIRCLE('',#470,16.5);
#472=EDGE_CURVE('',#466,#466,#471,.T.);
#473=ORIENTED_EDGE('',*,*,#472,.F.);
#474=EDGE_LOOP('',(#473));
#475=FACE_BOUND('',#474,.T.);
#476=ADVANCED_FACE('',(#475),#464,.F.);
#477=CARTESIAN_POINT('',(0.,0.,0.));
#478=DIRECTION('',(1.,0.,0.));
#479=DIRECTION('',(0.,0.,-1.));
#480=AXIS2_PLACEMENT_3D('',#477,#478,#479);
#481=CYLINDRICAL_SURFACE('',#480,16.5);
#482=CARTESIAN_POINT('',(-4.,0.,-16.5));
#483=DIRECTION('',(-1.,-0.,0.));
#484=VECTOR('',#483,2.);
#485=LINE('',#482,#484);
#486=EDGE_CURVE('',#386,#466,#485,.T.);
#487=ORIENTED_EDGE('',*,*,#486,.T.);
#488=ORIENTED_EDGE('',*,*,#472,.T.);
#489=ORIENTED_EDGE('',*,*,#486,.F.);
#490=ORIENTED_EDGE('',*,*,#392,.T.);
#491=CARTESIAN_POINT('',(-4.,-1.,-16.469669092));
#492=DIRECTION('',(1.,0.,-0.));
#493=VECTOR('',#492,4.);
#494=LINE('',#491,#493);
#495=EDGE_CURVE('',#378,#288,#494,.T.);
#496=ORIENTED_EDGE('',*,*,#495,.T.);
#497=ORIENTED_EDGE('',*,*,#294,.F.);
#498=CARTESIAN_POINT('',(0.,-16.469669092,-1.));
#499=DIRECTION('',(-1.,-0.,0.));
#500=VECTOR('',#499,4.);
#501=LINE('',#498,#500);
#502=EDGE_CURVE('',#280,#362,#501,.T.);
#503=ORIENTED_EDGE('',*,*,#502,.T.);
#504=ORIENTED_EDGE('',*,*,#368,.T.);
#505=CARTESIAN_POINT('',(-4.,-16.469669092,1.));
#506=DIRECTION('',(1.,0.,-0.));
#507=VECTOR('',#506,4.);
#508=LINE('',#505,#507);
#509=EDGE_CURVE('',#354,#247,#508,.T.);
#510=ORIENTED_EDGE('',*,*,#509,.T.);
#511=ORIENTED_EDGE('',*,*,#268,.F.);
#512=CARTESIAN_POINT('',(0.,-1.,16.469669092));
#513=DIRECTION('',(-1.,-0.,0.));
#514=VECTOR('',#513,4.);
#515=LINE('',#512,#514);
#516=EDGE_CURVE('',#256,#443,#515,.T.);
#517=ORIENTED_EDGE('',*,*,#516,.T.);
#518=ORIENTED_EDGE('',*,*,#449,.T.);
#519=CARTESIAN_POINT('',(-4.,1.,16.469669092));
#520=DIRECTION('',(1.,0.,-0.));
#521=VECTOR('',#520,4.);
#522=LINE('',#519,#521);
#523=EDGE_CURVE('',#435,#223,#522,.T.);
#524=ORIENTED_EDGE('',*,*,#523,.T.);
#525=ORIENTED_EDGE('',*,*,#229,.F.);
#526=CARTESIAN_POINT('',(0.,16.469669092,1.));
#527=DIRECTION('',(-1.,-0.,0.));
#528=VECTOR('',#527,4.);
#529=LINE('',#526,#528);
#530=EDGE_CURVE('',#215,#419,#529,.T.);
#531=ORIENTED_EDGE('',*,*,#530,.T.);
#532=ORIENTED_EDGE('',*,*,#425,.T.);
#533=CARTESIAN_POINT('',(0.,16.469669092,-1.));
#534=VERTEX_POINT('',#533);
#535=CARTESIAN_POINT('',(-4.,16.469669092,-1.));
#536=DIRECTION('',(1.,0.,-0.));
#537=VECTOR('',#536,4.);
#538=LINE('',#535,#537);
#539=EDGE_CURVE('',#411,#534,#538,.T.);
#540=ORIENTED_EDGE('',*,*,#539,.T.);
#541=CARTESIAN_POINT('',(0.,1.,-16.469669092));
#542=VERTEX_POINT('',#541);
#543=CARTESIAN_POINT('',(0.,0.,0.));
#544=DIRECTION('',(1.,0.,0.));
#545=DIRECTION('',(0.,0.,-1.));
#546=AXIS2_PLACEMENT_3D('',#543,#544,#545);
#547=CIRCLE('',#546,16.5);
#548=EDGE_CURVE('',#542,#534,#547,.T.);
#549=ORIENTED_EDGE('',*,*,#548,.F.);
#550=CARTESIAN_POINT('',(0.,1.,-16.469669092));
#551=DIRECTION('',(-1.,-0.,0.));
#552=VECTOR('',#551,4.);
#553=LINE('',#550,#552);
#554=EDGE_CURVE('',#542,#395,#553,.T.);
#555=ORIENTED_EDGE('',*,*,#554,.T.);
#556=ORIENTED_EDGE('',*,*,#401,.T.);
#557=EDGE_LOOP('',(#487,#488,#489,#490,#496,#497,#503,#504,#510,#511,#517,#518,#524,#525,#531,#532,#540,#549,#555,#556));
#558=FACE_BOUND('',#557,.T.);
#559=ADVANCED_FACE('',(#558),#481,.T.);
#560=CARTESIAN_POINT('',(0.,0.,16.5));
#561=DIRECTION('',(-1.,0.,0.));
#562=DIRECTION('',(0.,0.,1.));
#563=AXIS2_PLACEMENT_3D('',#560,#561,#562);
#564=PLANE('',#563);
#565=ORIENTED_EDGE('',*,*,#548,.T.);
#566=CARTESIAN_POINT('',(0.,16.469669092,-1.));
#567=DIRECTION('',(0.,-1.,0.));
#568=VECTOR('',#567,1.001960794);
#569=LINE('',#566,#568);
#570=EDGE_CURVE('',#534,#313,#569,.T.);
#571=ORIENTED_EDGE('',*,*,#570,.T.);
#572=ORIENTED_EDGE('',*,*,#319,.F.);
#573=CARTESIAN_POINT('',(0.,1.,-15.467708298));
#574=DIRECTION('',(0.,0.,-1.));
#575=VECTOR('',#574,1.001960794);
#576=LINE('',#573,#575);
#577=EDGE_CURVE('',#311,#542,#576,.T.);
#578=ORIENTED_EDGE('',*,*,#577,.T.);
#579=EDGE_LOOP('',(#565,#571,#572,#578));
#580=FACE_BOUND('',#579,.T.);
#581=ADVANCED_FACE('',(#580),#564,.F.);
#582=CARTESIAN_POINT('',(0.,-1.,19.));
#583=DIRECTION('',(0.,-1.,0.));
#584=DIRECTION('',(0.,0.,-1.));
#585=AXIS2_PLACEMENT_3D('',#582,#583,#584);
#586=PLANE('',#585);
#587=ORIENTED_EDGE('',*,*,#455,.F.);
#588=ORIENTED_EDGE('',*,*,#516,.F.);
#589=ORIENTED_EDGE('',*,*,#261,.F.);
#590=ORIENTED_EDGE('',*,*,#162,.F.);
#591=EDGE_LOOP('',(#587,#588,#589,#590));
#592=FACE_BOUND('',#591,.T.);
#593=ADVANCED_FACE('',(#592),#586,.F.);
#594=CARTESIAN_POINT('',(-4.,1.,19.));
#595=DIRECTION('',(0.,1.,0.));
#596=DIRECTION('',(0.,0.,1.));
#597=AXIS2_PLACEMENT_3D('',#594,#595,#596);
#598=PLANE('',#597);
#599=ORIENTED_EDGE('',*,*,#235,.F.);
#600=ORIENTED_EDGE('',*,*,#523,.F.);
#601=ORIENTED_EDGE('',*,*,#440,.T.);
#602=ORIENTED_EDGE('',*,*,#120,.F.);
#603=EDGE_LOOP('',(#599,#600,#601,#602));
#604=FACE_BOUND('',#603,.T.);
#605=ADVANCED_FACE('',(#604),#598,.F.);
#606=CARTESIAN_POINT('',(-4.,1.,19.));
#607=DIRECTION('',(0.,1.,0.));
#608=DIRECTION('',(0.,0.,1.));
#609=AXIS2_PLACEMENT_3D('',#606,#607,#608);
#610=PLANE('',#609);
#611=ORIENTED_EDGE('',*,*,#407,.T.);
#612=ORIENTED_EDGE('',*,*,#554,.F.);
#613=ORIENTED_EDGE('',*,*,#577,.F.);
#614=ORIENTED_EDGE('',*,*,#342,.F.);
#615=EDGE_LOOP('',(#611,#612,#613,#614));
#616=FACE_BOUND('',#615,.T.);
#617=ADVANCED_FACE('',(#616),#610,.F.);
#618=CARTESIAN_POINT('',(0.,-1.,19.));
#619=DIRECTION('',(0.,-1.,0.));
#620=DIRECTION('',(0.,0.,-1.));
#621=AXIS2_PLACEMENT_3D('',#618,#619,#620);
#622=PLANE('',#621);
#623=ORIENTED_EDGE('',*,*,#300,.F.);
#624=ORIENTED_EDGE('',*,*,#495,.F.);
#625=ORIENTED_EDGE('',*,*,#383,.F.);
#626=ORIENTED_EDGE('',*,*,#204,.F.);
#627=EDGE_LOOP('',(#623,#624,#625,#626));
#628=FACE_BOUND('',#627,.T.);
#629=ADVANCED_FACE('',(#628),#622,.F.);
#630=CARTESIAN_POINT('',(-4.,19.,-1.));
#631=DIRECTION('',(0.,-0.,-1.));
#632=DIRECTION('',(0.,1.,-0.));
#633=AXIS2_PLACEMENT_3D('',#630,#631,#632);
#634=PLANE('',#633);
#635=ORIENTED_EDGE('',*,*,#374,.T.);
#636=ORIENTED_EDGE('',*,*,#502,.F.);
#637=ORIENTED_EDGE('',*,*,#285,.F.);
#638=ORIENTED_EDGE('',*,*,#189,.F.);
#639=EDGE_LOOP('',(#635,#636,#637,#638));
#640=FACE_BOUND('',#639,.T.);
#641=ADVANCED_FACE('',(#640),#634,.F.);
#642=CARTESIAN_POINT('',(0.,19.,1.));
#643=DIRECTION('',(0.,0.,1.));
#644=DIRECTION('',(0.,-1.,0.));
#645=AXIS2_PLACEMENT_3D('',#642,#643,#644);
#646=PLANE('',#645);
#647=ORIENTED_EDGE('',*,*,#252,.T.);
#648=ORIENTED_EDGE('',*,*,#509,.F.);
#649=ORIENTED_EDGE('',*,*,#359,.F.);
#650=ORIENTED_EDGE('',*,*,#147,.F.);
#651=EDGE_LOOP('',(#647,#648,#649,#650));
#652=FACE_BOUND('',#651,.T.);
#653=ADVANCED_FACE('',(#652),#646,.F.);
#654=CARTESIAN_POINT('',(0.,19.,1.));
#655=DIRECTION('',(0.,0.,1.));
#656=DIRECTION('',(0.,-1.,0.));
#657=AXIS2_PLACEMENT_3D('',#654,#655,#656);
#658=PLANE('',#657);
#659=ORIENTED_EDGE('',*,*,#431,.F.);
#660=ORIENTED_EDGE('',*,*,#530,.F.);
#661=ORIENTED_EDGE('',*,*,#220,.T.);
#662=ORIENTED_EDGE('',*,*,#105,.F.);
#663=EDGE_LOOP('',(#659,#660,#661,#662));
#664=FACE_BOUND('',#663,.T.);
#665=ADVANCED_FACE('',(#664),#658,.F.);
#666=CARTESIAN_POINT('',(-4.,19.,-1.));
#667=DIRECTION('',(0.,-0.,-1.));
#668=DIRECTION('',(0.,1.,-0.));
#669=AXIS2_PLACEMENT_3D('',#666,#667,#668);
#670=PLANE('',#669);
#671=ORIENTED_EDGE('',*,*,#570,.F.);
#672=ORIENTED_EDGE('',*,*,#539,.F.);
#673=ORIENTED_EDGE('',*,*,#416,.T.);
#674=ORIENTED_EDGE('',*,*,#327,.F.);
#675=EDGE_LOOP('',(#671,#672,#673,#674));
#676=FACE_BOUND('',#675,.T.);
#677=ADVANCED_FACE('',(#676),#670,.F.);
#678=CLOSED_SHELL('',(#124,#166,#208,#240,#272,#304,#346,#459,#476,#559,#581,#593,#605,#617,#629,#641,#653,#665,#677));
#679=MANIFOLD_SOLID_BREP('3D \X2\0444044004300433043C0435043D0442\X0\_6',#678);
#680=COLOUR_RGB('',0.286274523,0.286274523,0.286274523);
#681=FILL_AREA_STYLE_COLOUR('',#680);
#682=FILL_AREA_STYLE('',(#681));
#683=SURFACE_STYLE_FILL_AREA(#682);
#684=SURFACE_SIDE_STYLE('',(#683));
#685=SURFACE_STYLE_USAGE(.BOTH.,#684);
#686=PRESENTATION_STYLE_ASSIGNMENT((#685));
#82=STYLED_ITEM('',(#686),#679);
#687=DERIVED_UNIT_ELEMENT(#59,3.0);
#688=DERIVED_UNIT((#687));
#689=MEASURE_REPRESENTATION_ITEM('volume measure',VOLUME_MEASURE(2080.728610),#688);
#690=DERIVED_UNIT_ELEMENT(#59,2.0);
#691=DERIVED_UNIT((#690));
#692=MEASURE_REPRESENTATION_ITEM('surface area measure',AREA_MEASURE(2689.782292),#691);
#693=CARTESIAN_POINT('centre point',(-4.466167579,-0.,-0.));
#694=CARTESIAN_POINT('bounding box corner point',(-6.000000052,-16.499999911,-16.499999911));
#695=CARTESIAN_POINT('bounding box corner point',(0.,16.499999911,16.499999911));
#696=ID_ATTRIBUTE('SA #697',#697);
#697=SHAPE_ASPECT('properties','',#70,.F.);
#698=GEOMETRIC_ITEM_SPECIFIC_USAGE('','properties',#697,#64,#679);
#699=PROPERTY_DEFINITION('geometric validation property','',#697);
#700=REPRESENTATION('',(#689,#692,#693,#694,#695),#61);
#701=PROPERTY_DEFINITION_REPRESENTATION(#699,#700);
#63=SHAPE_REPRESENTATION('3D \X2\0444044004300433043C0435043D0442\X0\_6',(#15),#61);
#64=ADVANCED_BREP_SHAPE_REPRESENTATION('3D \X2\0444044004300433043C0435043D0442\X0\_6',(#679),#61);
#709=SHAPE_REPRESENTATION_RELATIONSHIP('','',#63,#64);
#710=CARTESIAN_POINT('',(0.,0.,0.));
#711=DIRECTION('',(0.,0.,1.));
#712=DIRECTION('',(1.,0.,0.));
#713=AXIS2_PLACEMENT_3D('',#710,#711,#712);
#715=MAPPED_ITEM('',#714,#713);
#714=REPRESENTATION_MAP(#713,#63);
#716=APPLICATION_CONTEXT('Managed model based 3d engineering');
#717=APPLICATION_PROTOCOL_DEFINITION('international standard','ap242_managed_model_based_3d_engineering',2013,#716);
#718=PRODUCT_CONTEXT('',#716,'mechanical');
#719=PRODUCT_DEFINITION_CONTEXT('part definition',#716,'design');
#71=PRODUCT('3D \X2\0444044004300433043C0435043D0442\X0\_6','3D \X2\0444044004300433043C0435043D0442\X0\_6','',(#718));
#720=PRODUCT_RELATED_PRODUCT_CATEGORY('part','',(#71));
#721=PRODUCT_DEFINITION_FORMATION_WITH_SPECIFIED_SOURCE('','',#71,.NOT_KNOWN.);
#72=PRODUCT_DEFINITION('design','',#721,#719);
#70=PRODUCT_DEFINITION_SHAPE('','',#72);
#722=SHAPE_DEFINITION_REPRESENTATION(#70,#63);
#62=DRAUGHTING_MODEL('',(#715),#61);
#723=DERIVED_UNIT_ELEMENT(#59,3.0);
#724=DERIVED_UNIT((#723));
#725=MEASURE_REPRESENTATION_ITEM('volume measure',VOLUME_MEASURE(2080.728610),#724);
#726=DERIVED_UNIT_ELEMENT(#59,2.0);
#727=DERIVED_UNIT((#726));
#728=MEASURE_REPRESENTATION_ITEM('surface area measure',AREA_MEASURE(2689.782292),#727);
#729=CARTESIAN_POINT('centre point',(-4.466167579,-0.,-0.));
#730=CARTESIAN_POINT('bounding box corner point',(-6.000000052,-16.499999911,-16.499999911));
#731=CARTESIAN_POINT('bounding box corner point',(0.,16.499999911,16.499999911));
#732=PROPERTY_DEFINITION('geometric validation property','',#72);
#733=REPRESENTATION('',(#725,#728,#729,#730,#731),#61);
#734=PROPERTY_DEFINITION_REPRESENTATION(#732,#733);
#735=(NAMED_UNIT(*)PLANE_ANGLE_UNIT()SI_UNIT($,.RADIAN.));
#736=PLANE_ANGLE_MEASURE_WITH_UNIT(PLANE_ANGLE_MEASURE(0.0174532925),#735);
#737=(CONVERSION_BASED_UNIT('DEGREE',#736)NAMED_UNIT(#738)PLANE_ANGLE_UNIT());
#738=DIMENSIONAL_EXPONENTS(0.,0.,0.,0.,0.,0.,0.);
#739=(NAMED_UNIT(*)SI_UNIT($,.STERADIAN.)SOLID_ANGLE_UNIT());
#740=(LENGTH_UNIT()NAMED_UNIT(*)SI_UNIT(.MILLI.,.METRE.));
#741=UNCERTAINTY_MEASURE_WITH_UNIT(LENGTH_MEASURE(1.000000E-05),#740,'DISTANCE_ACCURACY_VALUE','Maximum Tolerance applied to model');
#742=(GEOMETRIC_REPRESENTATION_CONTEXT(3)GLOBAL_UNCERTAINTY_ASSIGNED_CONTEXT((#741))GLOBAL_UNIT_ASSIGNED_CONTEXT((#740,#737,#739))REPRESENTATION_CONTEXT('','3D \X2\0444044004300433043C0435043D0442\X0\_5'));
#754=CARTESIAN_POINT('',(-15.2,0.,0.));
#755=DIRECTION('',(0.,0.,1.));
#756=DIRECTION('',(-1.,0.,0.));
#757=AXIS2_PLACEMENT_3D('',#754,#755,#756);
#758=ITEM_DEFINED_TRANSFORMATION('','',#757,#15);
#759=(REPRESENTATION_RELATIONSHIP('','',#744,#35)REPRESENTATION_RELATIONSHIP_WITH_TRANSFORMATION(#758)SHAPE_REPRESENTATION_RELATIONSHIP());
#760=NEXT_ASSEMBLY_USAGE_OCCURRENCE('3D \X2\0444044004300433043C0435043D0442\X0\_5_3','3D \X2\0444044004300433043C0435043D0442\X0\_5','3D \X2\0444044004300433043C0435043D0442\X0\_5',#44,#753,$);
#761=PRODUCT_DEFINITION_SHAPE('','',#760);
#762=CONTEXT_DEPENDENT_SHAPE_REPRESENTATION(#759,#761);
#764=CARTESIAN_POINT('',(-4.,0.,7.505553499));
#765=DIRECTION('',(0.,-0.5,0.866025404));
#766=DIRECTION('',(0.,0.866025404,0.5));
#767=AXIS2_PLACEMENT_3D('',#764,#765,#766);
#768=PLANE('',#767);
#769=CARTESIAN_POINT('',(-3.,-0.,7.505553499));
#770=VERTEX_POINT('',#769);
#771=CARTESIAN_POINT('',(-1.,0.,7.505553499));
#772=VERTEX_POINT('',#771);
#773=CARTESIAN_POINT('',(-3.,0.,7.505553499));
#774=DIRECTION('',(1.,0.,-0.));
#775=VECTOR('',#774,2.);
#776=LINE('',#773,#775);
#777=EDGE_CURVE('',#770,#772,#776,.T.);
#778=ORIENTED_EDGE('',*,*,#777,.F.);
#779=CARTESIAN_POINT('',(-3.,-6.5,3.75277675));
#780=VERTEX_POINT('',#779);
#781=CARTESIAN_POINT('',(-3.,0.,7.505553499));
#782=DIRECTION('',(0.,-0.866025404,-0.5));
#783=VECTOR('',#782,7.505553499);
#784=LINE('',#781,#783);
#785=EDGE_CURVE('',#770,#780,#784,.T.);
#786=ORIENTED_EDGE('',*,*,#785,.T.);
#787=CARTESIAN_POINT('',(-1.,-6.5,3.75277675));
#788=VERTEX_POINT('',#787);
#789=CARTESIAN_POINT('',(-3.,-6.5,3.75277675));
#790=DIRECTION('',(1.,0.,-0.));
#791=VECTOR('',#790,2.);
#792=LINE('',#789,#791);
#793=EDGE_CURVE('',#780,#788,#792,.T.);
#794=ORIENTED_EDGE('',*,*,#793,.T.);
#795=CARTESIAN_POINT('',(-1.,0.,7.505553499));
#796=DIRECTION('',(0.,-0.866025404,-0.5));
#797=VECTOR('',#796,7.505553499);
#798=LINE('',#795,#797);
#799=EDGE_CURVE('',#772,#788,#798,.T.);
#800=ORIENTED_EDGE('',*,*,#799,.F.);
#801=EDGE_LOOP('',(#778,#786,#794,#800));
#802=FACE_BOUND('',#801,.T.);
#803=ADVANCED_FACE('',(#802),#768,.T.);
#804=CARTESIAN_POINT('',(-4.,6.5,3.75277675));
#805=DIRECTION('',(0.,0.5,0.866025404));
#806=DIRECTION('',(-0.,0.866025404,-0.5));
#807=AXIS2_PLACEMENT_3D('',#804,#805,#806);
#808=PLANE('',#807);
#809=CARTESIAN_POINT('',(-3.,6.5,3.75277675));
#810=VERTEX_POINT('',#809);
#811=CARTESIAN_POINT('',(-1.,6.5,3.75277675));
#812=VERTEX_POINT('',#811);
#813=CARTESIAN_POINT('',(-3.,6.5,3.75277675));
#814=DIRECTION('',(1.,0.,-0.));
#815=VECTOR('',#814,2.);
#816=LINE('',#813,#815);
#817=EDGE_CURVE('',#810,#812,#816,.T.);
#818=ORIENTED_EDGE('',*,*,#817,.F.);
#819=CARTESIAN_POINT('',(-3.,6.5,3.75277675));
#820=DIRECTION('',(0.,-0.866025404,0.5));
#821=VECTOR('',#820,7.505553499);
#822=LINE('',#819,#821);
#823=EDGE_CURVE('',#810,#770,#822,.T.);
#824=ORIENTED_EDGE('',*,*,#823,.T.);
#825=ORIENTED_EDGE('',*,*,#777,.T.);
#826=CARTESIAN_POINT('',(-1.,6.5,3.75277675));
#827=DIRECTION('',(0.,-0.866025404,0.5));
#828=VECTOR('',#827,7.505553499);
#829=LINE('',#826,#828);
#830=EDGE_CURVE('',#812,#772,#829,.T.);
#831=ORIENTED_EDGE('',*,*,#830,.F.);
#832=EDGE_LOOP('',(#818,#824,#825,#831));
#833=FACE_BOUND('',#832,.T.);
#834=ADVANCED_FACE('',(#833),#808,.T.);
#835=CARTESIAN_POINT('',(-4.,6.5,-3.75277675));
#836=DIRECTION('',(0.,1.,0.));
#837=DIRECTION('',(-0.,0.,-1.));
#838=AXIS2_PLACEMENT_3D('',#835,#836,#837);
#839=PLANE('',#838);
#840=CARTESIAN_POINT('',(-3.,6.5,-3.75277675));
#841=VERTEX_POINT('',#840);
#842=CARTESIAN_POINT('',(-1.,6.5,-3.75277675));
#843=VERTEX_POINT('',#842);
#844=CARTESIAN_POINT('',(-3.,6.5,-3.75277675));
#845=DIRECTION('',(1.,0.,-0.));
#846=VECTOR('',#845,2.);
#847=LINE('',#844,#846);
#848=EDGE_CURVE('',#841,#843,#847,.T.);
#849=ORIENTED_EDGE('',*,*,#848,.F.);
#850=CARTESIAN_POINT('',(-3.,6.5,-3.75277675));
#851=DIRECTION('',(0.,0.,1.));
#852=VECTOR('',#851,7.505553499);
#853=LINE('',#850,#852);
#854=EDGE_CURVE('',#841,#810,#853,.T.);
#855=ORIENTED_EDGE('',*,*,#854,.T.);
#856=ORIENTED_EDGE('',*,*,#817,.T.);
#857=CARTESIAN_POINT('',(-1.,6.5,-3.75277675));
#858=DIRECTION('',(0.,0.,1.));
#859=VECTOR('',#858,7.505553499);
#860=LINE('',#857,#859);
#861=EDGE_CURVE('',#843,#812,#860,.T.);
#862=ORIENTED_EDGE('',*,*,#861,.F.);
#863=EDGE_LOOP('',(#849,#855,#856,#862));
#864=FACE_BOUND('',#863,.T.);
#865=ADVANCED_FACE('',(#864),#839,.T.);
#866=CARTESIAN_POINT('',(-4.,0.,-7.505553499));
#867=DIRECTION('',(-0.,0.5,-0.866025404));
#868=DIRECTION('',(-0.,-0.866025404,-0.5));
#869=AXIS2_PLACEMENT_3D('',#866,#867,#868);
#870=PLANE('',#869);
#871=CARTESIAN_POINT('',(-3.,0.,-7.505553499));
#872=VERTEX_POINT('',#871);
#873=CARTESIAN_POINT('',(-1.,-0.,-7.505553499));
#874=VERTEX_POINT('',#873);
#875=CARTESIAN_POINT('',(-3.,0.,-7.505553499));
#876=DIRECTION('',(1.,0.,-0.));
#877=VECTOR('',#876,2.);
#878=LINE('',#875,#877);
#879=EDGE_CURVE('',#872,#874,#878,.T.);
#880=ORIENTED_EDGE('',*,*,#879,.F.);
#881=CARTESIAN_POINT('',(-3.,0.,-7.505553499));
#882=DIRECTION('',(0.,0.866025404,0.5));
#883=VECTOR('',#882,7.505553499);
#884=LINE('',#881,#883);
#885=EDGE_CURVE('',#872,#841,#884,.T.);
#886=ORIENTED_EDGE('',*,*,#885,.T.);
#887=ORIENTED_EDGE('',*,*,#848,.T.);
#888=CARTESIAN_POINT('',(-1.,0.,-7.505553499));
#889=DIRECTION('',(0.,0.866025404,0.5));
#890=VECTOR('',#889,7.505553499);
#891=LINE('',#888,#890);
#892=EDGE_CURVE('',#874,#843,#891,.T.);
#893=ORIENTED_EDGE('',*,*,#892,.F.);
#894=EDGE_LOOP('',(#880,#886,#887,#893));
#895=FACE_BOUND('',#894,.T.);
#896=ADVANCED_FACE('',(#895),#870,.T.);
#897=CARTESIAN_POINT('',(-4.,-6.5,-3.75277675));
#898=DIRECTION('',(-0.,-0.5,-0.866025404));
#899=DIRECTION('',(0.,-0.866025404,0.5));
#900=AXIS2_PLACEMENT_3D('',#897,#898,#899);
#901=PLANE('',#900);
#902=CARTESIAN_POINT('',(-3.,-6.5,-3.75277675));
#903=VERTEX_POINT('',#902);
#904=CARTESIAN_POINT('',(-1.,-6.5,-3.75277675));
#905=VERTEX_POINT('',#904);
#906=CARTESIAN_POINT('',(-3.,-6.5,-3.75277675));
#907=DIRECTION('',(1.,0.,-0.));
#908=VECTOR('',#907,2.);
#909=LINE('',#906,#908);
#910=EDGE_CURVE('',#903,#905,#909,.T.);
#911=ORIENTED_EDGE('',*,*,#910,.F.);
#912=CARTESIAN_POINT('',(-3.,-6.5,-3.75277675));
#913=DIRECTION('',(0.,0.866025404,-0.5));
#914=VECTOR('',#913,7.505553499);
#915=LINE('',#912,#914);
#916=EDGE_CURVE('',#903,#872,#915,.T.);
#917=ORIENTED_EDGE('',*,*,#916,.T.);
#918=ORIENTED_EDGE('',*,*,#879,.T.);
#919=CARTESIAN_POINT('',(-1.,-6.5,-3.75277675));
#920=DIRECTION('',(0.,0.866025404,-0.5));
#921=VECTOR('',#920,7.505553499);
#922=LINE('',#919,#921);
#923=EDGE_CURVE('',#905,#874,#922,.T.);
#924=ORIENTED_EDGE('',*,*,#923,.F.);
#925=EDGE_LOOP('',(#911,#917,#918,#924));
#926=FACE_BOUND('',#925,.T.);
#927=ADVANCED_FACE('',(#926),#901,.T.);
#928=CARTESIAN_POINT('',(-4.,-6.5,3.75277675));
#929=DIRECTION('',(0.,-1.,0.));
#930=DIRECTION('',(0.,0.,1.));
#931=AXIS2_PLACEMENT_3D('',#928,#929,#930);
#932=PLANE('',#931);
#933=ORIENTED_EDGE('',*,*,#793,.F.);
#934=CARTESIAN_POINT('',(-3.,-6.5,3.75277675));
#935=DIRECTION('',(0.,0.,-1.));
#936=VECTOR('',#935,7.505553499);
#937=LINE('',#934,#936);
#938=EDGE_CURVE('',#780,#903,#937,.T.);
#939=ORIENTED_EDGE('',*,*,#938,.T.);
#940=ORIENTED_EDGE('',*,*,#910,.T.);
#941=CARTESIAN_POINT('',(-1.,-6.5,3.75277675));
#942=DIRECTION('',(0.,0.,-1.));
#943=VECTOR('',#942,7.505553499);
#944=LINE('',#941,#943);
#945=EDGE_CURVE('',#788,#905,#944,.T.);
#946=ORIENTED_EDGE('',*,*,#945,.F.);
#947=EDGE_LOOP('',(#933,#939,#940,#946));
#948=FACE_BOUND('',#947,.T.);
#949=ADVANCED_FACE('',(#948),#932,.T.);
#950=CARTESIAN_POINT('',(-1.,0.,11.94));
#951=DIRECTION('',(-1.,0.,0.));
#952=DIRECTION('',(0.,0.,1.));
#953=AXIS2_PLACEMENT_3D('',#950,#951,#952);
#954=PLANE('',#953);
#955=ORIENTED_EDGE('',*,*,#945,.T.);
#956=ORIENTED_EDGE('',*,*,#923,.T.);
#957=ORIENTED_EDGE('',*,*,#892,.T.);
#958=ORIENTED_EDGE('',*,*,#861,.T.);
#959=ORIENTED_EDGE('',*,*,#830,.T.);
#960=ORIENTED_EDGE('',*,*,#799,.T.);
#961=EDGE_LOOP('',(#955,#956,#957,#958,#959,#960));
#962=FACE_BOUND('',#961,.T.);
#963=CARTESIAN_POINT('',(-1.,0.,-3.3234375));
#964=VERTEX_POINT('',#963);
#965=CARTESIAN_POINT('',(-1.,-0.,3.3234375));
#966=VERTEX_POINT('',#965);
#967=CARTESIAN_POINT('',(-1.,0.,0.));
#968=DIRECTION('',(1.,-0.,-0.));
#969=DIRECTION('',(0.,0.,1.));
#970=AXIS2_PLACEMENT_3D('',#967,#968,#969);
#971=CIRCLE('',#970,3.3234375);
#972=EDGE_CURVE('',#964,#966,#971,.T.);
#973=ORIENTED_EDGE('',*,*,#972,.F.);
#974=CARTESIAN_POINT('',(-1.,0.,0.));
#975=DIRECTION('',(1.,-0.,-0.));
#976=DIRECTION('',(0.,0.,1.));
#977=AXIS2_PLACEMENT_3D('',#974,#975,#976);
#978=CIRCLE('',#977,3.3234375);
#979=EDGE_CURVE('',#966,#964,#978,.T.);
#980=ORIENTED_EDGE('',*,*,#979,.F.);
#981=EDGE_LOOP('',(#973,#980));
#982=FACE_BOUND('',#981,.T.);
#983=ADVANCED_FACE('',(#962,#982),#954,.F.);
#984=CARTESIAN_POINT('',(-3.,0.,11.94));
#985=DIRECTION('',(-1.,0.,0.));
#986=DIRECTION('',(0.,0.,1.));
#987=AXIS2_PLACEMENT_3D('',#984,#985,#986);
#988=PLANE('',#987);
#989=ORIENTED_EDGE('',*,*,#785,.F.);
#990=ORIENTED_EDGE('',*,*,#823,.F.);
#991=ORIENTED_EDGE('',*,*,#854,.F.);
#992=ORIENTED_EDGE('',*,*,#885,.F.);
#993=ORIENTED_EDGE('',*,*,#916,.F.);
#994=ORIENTED_EDGE('',*,*,#938,.F.);
#995=EDGE_LOOP('',(#989,#990,#991,#992,#993,#994));
#996=FACE_BOUND('',#995,.T.);
#997=CARTESIAN_POINT('',(-3.,-0.,3.3234375));
#998=VERTEX_POINT('',#997);
#999=CARTESIAN_POINT('',(-3.,0.,-3.3234375));
#1000=VERTEX_POINT('',#999);
#1001=CARTESIAN_POINT('',(-3.,0.,0.));
#1002=DIRECTION('',(1.,-0.,-0.));
#1003=DIRECTION('',(0.,0.,1.));
#1004=AXIS2_PLACEMENT_3D('',#1001,#1002,#1003);
#1005=CIRCLE('',#1004,3.3234375);
#1006=EDGE_CURVE('',#998,#1000,#1005,.T.);
#1007=ORIENTED_EDGE('',*,*,#1006,.T.);
#1008=CARTESIAN_POINT('',(-3.,0.,0.));
#1009=DIRECTION('',(1.,-0.,-0.));
#1010=DIRECTION('',(0.,0.,1.));
#1011=AXIS2_PLACEMENT_3D('',#1008,#1009,#1010);
#1012=CIRCLE('',#1011,3.3234375);
#1013=EDGE_CURVE('',#1000,#998,#1012,.T.);
#1014=ORIENTED_EDGE('',*,*,#1013,.T.);
#1015=EDGE_LOOP('',(#1007,#1014));
#1016=FACE_BOUND('',#1015,.T.);
#1017=ADVANCED_FACE('',(#996,#1016),#988,.T.);
#1018=CARTESIAN_POINT('',(-4.,0.,0.));
#1019=DIRECTION('',(1.,0.,-0.));
#1020=DIRECTION('',(-0.,0.,-1.));
#1021=AXIS2_PLACEMENT_3D('',#1018,#1019,#1020);
#1022=CYLINDRICAL_SURFACE('',#1021,3.3234375);
#1023=CARTESIAN_POINT('',(-1.,0.,-3.3234375));
#1024=DIRECTION('',(-1.,-0.,0.));
#1025=VECTOR('',#1024,2.);
#1026=LINE('',#1023,#1025);
#1027=EDGE_CURVE('',#964,#1000,#1026,.T.);
#1028=ORIENTED_EDGE('',*,*,#1027,.F.);
#1029=ORIENTED_EDGE('',*,*,#972,.T.);
#1030=ORIENTED_EDGE('',*,*,#979,.T.);
#1031=ORIENTED_EDGE('',*,*,#1027,.T.);
#1032=ORIENTED_EDGE('',*,*,#1006,.F.);
#1033=ORIENTED_EDGE('',*,*,#1013,.F.);
#1034=EDGE_LOOP('',(#1028,#1029,#1030,#1031,#1032,#1033));
#1035=FACE_BOUND('',#1034,.T.);
#1036=ADVANCED_FACE('',(#1035),#1022,.F.);
#1037=CLOSED_SHELL('',(#803,#834,#865,#896,#927,#949,#983,#1017,#1036));
#1038=MANIFOLD_SOLID_BREP('3D \X2\0444044004300433043C0435043D0442\X0\_5',#1037);
#1039=COLOUR_RGB('',0.713725507,0.713725507,0.713725507);
#1040=FILL_AREA_STYLE_COLOUR('',#1039);
#1041=FILL_AREA_STYLE('',(#1040));
#1042=SURFACE_STYLE_FILL_AREA(#1041);
#1043=SURFACE_SIDE_STYLE('',(#1042));
#1044=SURFACE_STYLE_USAGE(.BOTH.,#1043);
#1045=PRESENTATION_STYLE_ASSIGNMENT((#1044));
#763=STYLED_ITEM('',(#1045),#1038);
#1046=DERIVED_UNIT_ELEMENT(#740,3.0);
#1047=DERIVED_UNIT((#1046));
#1048=MEASURE_REPRESENTATION_ITEM('volume measure',VOLUME_MEASURE(223.345174),#1047);
#1049=DERIVED_UNIT_ELEMENT(#740,2.0);
#1050=DERIVED_UNIT((#1049));
#1051=MEASURE_REPRESENTATION_ITEM('surface area measure',AREA_MEASURE(355.171169),#1050);
#1052=CARTESIAN_POINT('centre point',(-2.,-0.,0.));
#1053=CARTESIAN_POINT('bounding box corner point',(-3.000000026,-6.500000134,-7.505553309));
#1054=CARTESIAN_POINT('bounding box corner point',(-1.000000047,6.500000134,7.505553309));
#1055=ID_ATTRIBUTE('SA #1056',#1056);
#1056=SHAPE_ASPECT('properties','',#751,.F.);
#1057=GEOMETRIC_ITEM_SPECIFIC_USAGE('','properties',#1056,#745,#1038);
#1058=PROPERTY_DEFINITION('geometric validation property','',#1056);
#1059=REPRESENTATION('',(#1048,#1051,#1052,#1053,#1054),#742);
#1060=PROPERTY_DEFINITION_REPRESENTATION(#1058,#1059);
#744=SHAPE_REPRESENTATION('3D \X2\0444044004300433043C0435043D0442\X0\_5',(#15),#742);
#745=ADVANCED_BREP_SHAPE_REPRESENTATION('3D \X2\0444044004300433043C0435043D0442\X0\_5',(#1038),#742);
#1068=SHAPE_REPRESENTATION_RELATIONSHIP('','',#744,#745);
#1069=CARTESIAN_POINT('',(0.,0.,0.));
#1070=DIRECTION('',(0.,0.,1.));
#1071=DIRECTION('',(1.,0.,0.));
#1072=AXIS2_PLACEMENT_3D('',#1069,#1070,#1071);
#1074=MAPPED_ITEM('',#1073,#1072);
#1073=REPRESENTATION_MAP(#1072,#744);
#752=PRODUCT('3D \X2\0444044004300433043C0435043D0442\X0\_5','3D \X2\0444044004300433043C0435043D0442\X0\_5','',(#718));
#1075=PRODUCT_RELATED_PRODUCT_CATEGORY('part','',(#752));
#1076=PRODUCT_DEFINITION_FORMATION_WITH_SPECIFIED_SOURCE('','',#752,.NOT_KNOWN.);
#753=PRODUCT_DEFINITION('design','',#1076,#719);
#751=PRODUCT_DEFINITION_SHAPE('','',#753);
#1077=SHAPE_DEFINITION_REPRESENTATION(#751,#744);
#743=DRAUGHTING_MODEL('',(#1074),#742);
#1078=DERIVED_UNIT_ELEMENT(#740,3.0);
#1079=DERIVED_UNIT((#1078));
#1080=MEASURE_REPRESENTATION_ITEM('volume measure',VOLUME_MEASURE(223.345174),#1079);
#1081=DERIVED_UNIT_ELEMENT(#740,2.0);
#1082=DERIVED_UNIT((#1081));
#1083=MEASURE_REPRESENTATION_ITEM('surface area measure',AREA_MEASURE(355.171169),#1082);
#1084=CARTESIAN_POINT('centre point',(-2.,-0.,0.));
#1085=CARTESIAN_POINT('bounding box corner point',(-3.000000026,-6.500000134,-7.505553309));
#1086=CARTESIAN_POINT('bounding box corner point',(-1.000000047,6.500000134,7.505553309));
#1087=PROPERTY_DEFINITION('geometric validation property','',#753);
#1088=REPRESENTATION('',(#1080,#1083,#1084,#1085,#1086),#742);
#1089=PROPERTY_DEFINITION_REPRESENTATION(#1087,#1088);
#1090=(NAMED_UNIT(*)PLANE_ANGLE_UNIT()SI_UNIT($,.RADIAN.));
#1091=PLANE_ANGLE_MEASURE_WITH_UNIT(PLANE_ANGLE_MEASURE(0.0174532925),#1090);
#1092=(CONVERSION_BASED_UNIT('DEGREE',#1091)NAMED_UNIT(#1093)PLANE_ANGLE_UNIT());
#1093=DIMENSIONAL_EXPONENTS(0.,0.,0.,0.,0.,0.,0.);
#1094=(NAMED_UNIT(*)SI_UNIT($,.STERADIAN.)SOLID_ANGLE_UNIT());
#1095=(LENGTH_UNIT()NAMED_UNIT(*)SI_UNIT(.MILLI.,.METRE.));
#1096=UNCERTAINTY_MEASURE_WITH_UNIT(LENGTH_MEASURE(1.000000E-05),#1095,'DISTANCE_ACCURACY_VALUE','Maximum Tolerance applied to model');
#1097=(GEOMETRIC_REPRESENTATION_CONTEXT(3)GLOBAL_UNCERTAINTY_ASSIGNED_CONTEXT((#1096))GLOBAL_UNIT_ASSIGNED_CONTEXT((#1095,#1092,#1094))REPRESENTATION_CONTEXT('','3D \X2\0444044004300433043C0435043D0442\X0\_4'));
#1109=CARTESIAN_POINT('',(-11.5,0.,0.));
#1110=DIRECTION('',(0.,0.,1.));
#1111=DIRECTION('',(1.,0.,-0.));
#1112=AXIS2_PLACEMENT_3D('',#1109,#1110,#1111);
#1113=ITEM_DEFINED_TRANSFORMATION('','',#1112,#15);
#1114=(REPRESENTATION_RELATIONSHIP('','',#1099,#35)REPRESENTATION_RELATIONSHIP_WITH_TRANSFORMATION(#1113)SHAPE_REPRESENTATION_RELATIONSHIP());
#1115=NEXT_ASSEMBLY_USAGE_OCCURRENCE('3D \X2\0444044004300433043C0435043D0442\X0\_4_4','3D \X2\0444044004300433043C0435043D0442\X0\_4','3D \X2\0444044004300433043C0435043D0442\X0\_4',#44,#1108,$);
#1116=PRODUCT_DEFINITION_SHAPE('','',#1115);
#1117=CONTEXT_DEPENDENT_SHAPE_REPRESENTATION(#1114,#1116);
#1119=CARTESIAN_POINT('',(0.,0.,0.));
#1120=DIRECTION('',(1.,0.,0.));
#1121=DIRECTION('',(0.,0.,-1.));
#1122=AXIS2_PLACEMENT_3D('',#1119,#1120,#1121);
#1123=CYLINDRICAL_SURFACE('',#1122,6.);
#1124=CARTESIAN_POINT('',(0.,-0.,-6.));
#1125=VERTEX_POINT('',#1124);
#1126=CARTESIAN_POINT('',(-0.7,-0.,-6.));
#1127=VERTEX_POINT('',#1126);
#1128=CARTESIAN_POINT('',(0.,0.,-6.));
#1129=DIRECTION('',(-1.,-0.,0.));
#1130=VECTOR('',#1129,0.7);
#1131=LINE('',#1128,#1130);
#1132=EDGE_CURVE('',#1125,#1127,#1131,.T.);
#1133=ORIENTED_EDGE('',*,*,#1132,.T.);
#1134=CARTESIAN_POINT('',(-0.7,0.,0.));
#1135=DIRECTION('',(1.,0.,0.));
#1136=DIRECTION('',(0.,0.,-1.));
#1137=AXIS2_PLACEMENT_3D('',#1134,#1135,#1136);
#1138=CIRCLE('',#1137,6.);
#1139=EDGE_CURVE('',#1127,#1127,#1138,.T.);
#1140=ORIENTED_EDGE('',*,*,#1139,.T.);
#1141=ORIENTED_EDGE('',*,*,#1132,.F.);
#1142=CARTESIAN_POINT('',(0.,0.,0.));
#1143=DIRECTION('',(1.,0.,0.));
#1144=DIRECTION('',(0.,0.,-1.));
#1145=AXIS2_PLACEMENT_3D('',#1142,#1143,#1144);
#1146=CIRCLE('',#1145,6.);
#1147=EDGE_CURVE('',#1125,#1125,#1146,.T.);
#1148=ORIENTED_EDGE('',*,*,#1147,.F.);
#1149=EDGE_LOOP('',(#1133,#1140,#1141,#1148));
#1150=FACE_BOUND('',#1149,.T.);
#1151=ADVANCED_FACE('',(#1150),#1123,.T.);
#1152=CARTESIAN_POINT('',(0.,0.,4.125));
#1153=DIRECTION('',(1.,0.,0.));
#1154=DIRECTION('',(0.,0.,-1.));
#1155=AXIS2_PLACEMENT_3D('',#1152,#1153,#1154);
#1156=PLANE('',#1155);
#1157=ORIENTED_EDGE('',*,*,#1147,.T.);
#1158=EDGE_LOOP('',(#1157));
#1159=FACE_BOUND('',#1158,.T.);
#1160=CARTESIAN_POINT('',(0.,-0.,-4.125));
#1161=VERTEX_POINT('',#1160);
#1162=CARTESIAN_POINT('',(0.,0.,0.));
#1163=DIRECTION('',(1.,0.,0.));
#1164=DIRECTION('',(0.,0.,-1.));
#1165=AXIS2_PLACEMENT_3D('',#1162,#1163,#1164);
#1166=CIRCLE('',#1165,4.125);
#1167=EDGE_CURVE('',#1161,#1161,#1166,.T.);
#1168=ORIENTED_EDGE('',*,*,#1167,.F.);
#1169=EDGE_LOOP('',(#1168));
#1170=FACE_BOUND('',#1169,.T.);
#1171=ADVANCED_FACE('',(#1159,#1170),#1156,.T.);
#1172=CARTESIAN_POINT('',(0.,0.,0.));
#1173=DIRECTION('',(1.,0.,0.));
#1174=DIRECTION('',(0.,0.,-1.));
#1175=AXIS2_PLACEMENT_3D('',#1172,#1173,#1174);
#1176=CYLINDRICAL_SURFACE('',#1175,4.125);
#1177=CARTESIAN_POINT('',(-0.7,-0.,-4.125));
#1178=VERTEX_POINT('',#1177);
#1179=CARTESIAN_POINT('',(0.,0.,-4.125));
#1180=DIRECTION('',(-1.,-0.,0.));
#1181=VECTOR('',#1180,0.7);
#1182=LINE('',#1179,#1181);
#1183=EDGE_CURVE('',#1161,#1178,#1182,.T.);
#1184=ORIENTED_EDGE('',*,*,#1183,.F.);
#1185=ORIENTED_EDGE('',*,*,#1167,.T.);
#1186=ORIENTED_EDGE('',*,*,#1183,.T.);
#1187=CARTESIAN_POINT('',(-0.7,0.,0.));
#1188=DIRECTION('',(1.,0.,0.));
#1189=DIRECTION('',(0.,0.,-1.));
#1190=AXIS2_PLACEMENT_3D('',#1187,#1188,#1189);
#1191=CIRCLE('',#1190,4.125);
#1192=EDGE_CURVE('',#1178,#1178,#1191,.T.);
#1193=ORIENTED_EDGE('',*,*,#1192,.F.);
#1194=EDGE_LOOP('',(#1184,#1185,#1186,#1193));
#1195=FACE_BOUND('',#1194,.T.);
#1196=ADVANCED_FACE('',(#1195),#1176,.F.);
#1197=CARTESIAN_POINT('',(-0.7,0.,6.));
#1198=DIRECTION('',(-1.,0.,0.));
#1199=DIRECTION('',(0.,0.,1.));
#1200=AXIS2_PLACEMENT_3D('',#1197,#1198,#1199);
#1201=PLANE('',#1200);
#1202=ORIENTED_EDGE('',*,*,#1192,.T.);
#1203=EDGE_LOOP('',(#1202));
#1204=FACE_BOUND('',#1203,.T.);
#1205=ORIENTED_EDGE('',*,*,#1139,.F.);
#1206=EDGE_LOOP('',(#1205));
#1207=FACE_BOUND('',#1206,.T.);
#1208=ADVANCED_FACE('',(#1204,#1207),#1201,.T.);
#1209=CLOSED_SHELL('',(#1151,#1171,#1196,#1208));
#1210=MANIFOLD_SOLID_BREP('3D \X2\0444044004300433043C0435043D0442\X0\_4',#1209);
#1211=COLOUR_RGB('',0.768627465,0.768627465,0.768627465);
#1212=FILL_AREA_STYLE_COLOUR('',#1211);
#1213=FILL_AREA_STYLE('',(#1212));
#1214=SURFACE_STYLE_FILL_AREA(#1213);
#1215=SURFACE_SIDE_STYLE('',(#1214));
#1216=SURFACE_STYLE_USAGE(.BOTH.,#1215);
#1217=PRESENTATION_STYLE_ASSIGNMENT((#1216));
#1118=STYLED_ITEM('',(#1217),#1210);
#1218=DERIVED_UNIT_ELEMENT(#1095,3.0);
#1219=DERIVED_UNIT((#1218));
#1220=MEASURE_REPRESENTATION_ITEM('volume measure',VOLUME_MEASURE(41.755897),#1219);
#1221=DERIVED_UNIT_ELEMENT(#1095,2.0);
#1222=DERIVED_UNIT((#1221));
#1223=MEASURE_REPRESENTATION_ITEM('surface area measure',AREA_MEASURE(163.832156),#1222);
#1224=CARTESIAN_POINT('centre point',(-0.349999994,0.,-0.));
#1225=CARTESIAN_POINT('bounding box corner point',(-0.699999975,-6.000000052,-6.000000052));
#1226=CARTESIAN_POINT('bounding box corner point',(0.,6.000000052,6.000000052));
#1227=ID_ATTRIBUTE('SA #1228',#1228);
#1228=SHAPE_ASPECT('properties','',#1106,.F.);
#1229=GEOMETRIC_ITEM_SPECIFIC_USAGE('','properties',#1228,#1100,#1210);
#1230=PROPERTY_DEFINITION('geometric validation property','',#1228);
#1231=REPRESENTATION('',(#1220,#1223,#1224,#1225,#1226),#1097);
#1232=PROPERTY_DEFINITION_REPRESENTATION(#1230,#1231);
#1099=SHAPE_REPRESENTATION('3D \X2\0444044004300433043C0435043D0442\X0\_4',(#15),#1097);
#1100=ADVANCED_BREP_SHAPE_REPRESENTATION('3D \X2\0444044004300433043C0435043D0442\X0\_4',(#1210),#1097);
#1240=SHAPE_REPRESENTATION_RELATIONSHIP('','',#1099,#1100);
#1241=CARTESIAN_POINT('',(0.,0.,0.));
#1242=DIRECTION('',(0.,0.,1.));
#1243=DIRECTION('',(1.,0.,0.));
#1244=AXIS2_PLACEMENT_3D('',#1241,#1242,#1243);
#1246=MAPPED_ITEM('',#1245,#1244);
#1245=REPRESENTATION_MAP(#1244,#1099);
#1107=PRODUCT('3D \X2\0444044004300433043C0435043D0442\X0\_4','3D \X2\0444044004300433043C0435043D0442\X0\_4','',(#718));
#1247=PRODUCT_RELATED_PRODUCT_CATEGORY('part','',(#1107));
#1248=PRODUCT_DEFINITION_FORMATION_WITH_SPECIFIED_SOURCE('','',#1107,.NOT_KNOWN.);
#1108=PRODUCT_DEFINITION('design','',#1248,#719);
#1106=PRODUCT_DEFINITION_SHAPE('','',#1108);
#1249=SHAPE_DEFINITION_REPRESENTATION(#1106,#1099);
#1098=DRAUGHTING_MODEL('',(#1246),#1097);
#1250=DERIVED_UNIT_ELEMENT(#1095,3.0);
#1251=DERIVED_UNIT((#1250));
#1252=MEASURE_REPRESENTATION_ITEM('volume measure',VOLUME_MEASURE(41.755897),#1251);
#1253=DERIVED_UNIT_ELEMENT(#1095,2.0);
#1254=DERIVED_UNIT((#1253));
#1255=MEASURE_REPRESENTATION_ITEM('surface area measure',AREA_MEASURE(163.832156),#1254);
#1256=CARTESIAN_POINT('centre point',(-0.349999994,0.,-0.));
#1257=CARTESIAN_POINT('bounding box corner point',(-0.699999975,-6.000000052,-6.000000052));
#1258=CARTESIAN_POINT('bounding box corner point',(0.,6.000000052,6.000000052));
#1259=PROPERTY_DEFINITION('geometric validation property','',#1108);
#1260=REPRESENTATION('',(#1252,#1255,#1256,#1257,#1258),#1097);
#1261=PROPERTY_DEFINITION_REPRESENTATION(#1259,#1260);
#1262=(NAMED_UNIT(*)PLANE_ANGLE_UNIT()SI_UNIT($,.RADIAN.));
#1263=PLANE_ANGLE_MEASURE_WITH_UNIT(PLANE_ANGLE_MEASURE(0.0174532925),#1262);
#1264=(CONVERSION_BASED_UNIT('DEGREE',#1263)NAMED_UNIT(#1265)PLANE_ANGLE_UNIT());
#1265=DIMENSIONAL_EXPONENTS(0.,0.,0.,0.,0.,0.,0.);
#1266=(NAMED_UNIT(*)SI_UNIT($,.STERADIAN.)SOLID_ANGLE_UNIT());
#1267=(LENGTH_UNIT()NAMED_UNIT(*)SI_UNIT(.MILLI.,.METRE.));
#1268=UNCERTAINTY_MEASURE_WITH_UNIT(LENGTH_MEASURE(1.000000E-05),#1267,'DISTANCE_ACCURACY_VALUE','Maximum Tolerance applied to model');
#1269=(GEOMETRIC_REPRESENTATION_CONTEXT(3)GLOBAL_UNCERTAINTY_ASSIGNED_CONTEXT((#1268))GLOBAL_UNIT_ASSIGNED_CONTEXT((#1267,#1264,#1266))REPRESENTATION_CONTEXT('','3D \X2\0444044004300433043C0435043D0442\X0\_3'));
#1281=CARTESIAN_POINT('',(-3.,0.,0.));
#1282=DIRECTION('',(-0.,0.,-1.));
#1283=DIRECTION('',(1.,-0.,-0.));
#1284=AXIS2_PLACEMENT_3D('',#1281,#1282,#1283);
#1285=ITEM_DEFINED_TRANSFORMATION('','',#1284,#15);
#1286=(REPRESENTATION_RELATIONSHIP('','',#1271,#35)REPRESENTATION_RELATIONSHIP_WITH_TRANSFORMATION(#1285)SHAPE_REPRESENTATION_RELATIONSHIP());
#1287=NEXT_ASSEMBLY_USAGE_OCCURRENCE('3D \X2\0444044004300433043C0435043D0442\X0\_3_5','3D \X2\0444044004300433043C0435043D0442\X0\_3','3D \X2\0444044004300433043C0435043D0442\X0\_3',#44,#1280,$);
#1288=PRODUCT_DEFINITION_SHAPE('','',#1287);
#1289=CONTEXT_DEPENDENT_SHAPE_REPRESENTATION(#1286,#1288);
#1291=CARTESIAN_POINT('',(0.,0.,0.));
#1292=DIRECTION('',(1.,0.,0.));
#1293=DIRECTION('',(0.,0.,-1.));
#1294=AXIS2_PLACEMENT_3D('',#1291,#1292,#1293);
#1295=CONICAL_SURFACE('',#1294,4.5,5.710593137);
#1296=CARTESIAN_POINT('',(-5.,0.3,-3.988734135));
#1297=VERTEX_POINT('',#1296);
#1298=CARTESIAN_POINT('',(0.,0.3,-4.489988864));
#1299=VERTEX_POINT('',#1298);
#1300=CARTESIAN_POINT('',(-5.,0.3,-3.988734135));
#1301=CARTESIAN_POINT('',(-3.333338542,0.3,-4.155871016));
#1302=CARTESIAN_POINT('',(-1.666671294,0.3,-4.322950125));
#1303=CARTESIAN_POINT('',(0.,0.3,-4.489988864));
#1304=B_SPLINE_CURVE_WITH_KNOTS('',3,(#1300,#1301,#1302,#1303),.UNSPECIFIED.,.F.,.F.,(4,4),(0.00656292,0.011587983),.UNSPECIFIED.);
#1305=EDGE_CURVE('',#1297,#1299,#1304,.T.);
#1306=ORIENTED_EDGE('',*,*,#1305,.F.);
#1307=CARTESIAN_POINT('',(-5.,3.988734135,-0.3));
#1308=VERTEX_POINT('',#1307);
#1309=CARTESIAN_POINT('',(-5.,0.,0.));
#1310=DIRECTION('',(1.,0.,0.));
#1311=DIRECTION('',(0.,0.,-1.));
#1312=AXIS2_PLACEMENT_3D('',#1309,#1310,#1311);
#1313=CIRCLE('',#1312,4.);
#1314=EDGE_CURVE('',#1297,#1308,#1313,.T.);
#1315=ORIENTED_EDGE('',*,*,#1314,.T.);
#1316=CARTESIAN_POINT('',(0.,4.489988864,-0.3));
#1317=VERTEX_POINT('',#1316);
#1318=CARTESIAN_POINT('',(0.,4.489988864,-0.3));
#1319=CARTESIAN_POINT('',(-1.666671294,4.322950124,-0.3));
#1320=CARTESIAN_POINT('',(-3.333338545,4.155871016,-0.3));
#1321=CARTESIAN_POINT('',(-5.,3.988734135,-0.3));
#1322=B_SPLINE_CURVE_WITH_KNOTS('',3,(#1318,#1319,#1320,#1321),.UNSPECIFIED.,.F.,.F.,(4,4),(0.006562827,0.01158789),.UNSPECIFIED.);
#1323=EDGE_CURVE('',#1317,#1308,#1322,.T.);
#1324=ORIENTED_EDGE('',*,*,#1323,.F.);
#1325=CARTESIAN_POINT('',(0.,0.,0.));
#1326=DIRECTION('',(1.,0.,0.));
#1327=DIRECTION('',(0.,0.,-1.));
#1328=AXIS2_PLACEMENT_3D('',#1325,#1326,#1327);
#1329=CIRCLE('',#1328,4.5);
#1330=EDGE_CURVE('',#1299,#1317,#1329,.T.);
#1331=ORIENTED_EDGE('',*,*,#1330,.F.);
#1332=EDGE_LOOP('',(#1306,#1315,#1324,#1331));
#1333=FACE_BOUND('',#1332,.T.);
#1334=ADVANCED_FACE('',(#1333),#1295,.T.);
#1335=CARTESIAN_POINT('',(0.,0.,0.));
#1336=DIRECTION('',(1.,0.,0.));
#1337=DIRECTION('',(0.,0.,-1.));
#1338=AXIS2_PLACEMENT_3D('',#1335,#1336,#1337);
#1339=CONICAL_SURFACE('',#1338,4.5,5.710593137);
#1340=CARTESIAN_POINT('',(0.,0.3,4.489988864));
#1341=VERTEX_POINT('',#1340);
#1342=CARTESIAN_POINT('',(-5.,0.3,3.988734135));
#1343=VERTEX_POINT('',#1342);
#1344=CARTESIAN_POINT('',(0.,0.3,4.489988864));
#1345=CARTESIAN_POINT('',(-1.666671294,0.3,4.322950124));
#1346=CARTESIAN_POINT('',(-3.333338545,0.3,4.155871016));
#1347=CARTESIAN_POINT('',(-5.,0.3,3.988734135));
#1348=B_SPLINE_CURVE_WITH_KNOTS('',3,(#1344,#1345,#1346,#1347),.UNSPECIFIED.,.F.,.F.,(4,4),(0.006562827,0.01158789),.UNSPECIFIED.);
#1349=EDGE_CURVE('',#1341,#1343,#1348,.T.);
#1350=ORIENTED_EDGE('',*,*,#1349,.F.);
#1351=CARTESIAN_POINT('',(0.,4.489988864,0.3));
#1352=VERTEX_POINT('',#1351);
#1353=CARTESIAN_POINT('',(0.,0.,0.));
#1354=DIRECTION('',(1.,0.,0.));
#1355=DIRECTION('',(0.,0.,-1.));
#1356=AXIS2_PLACEMENT_3D('',#1353,#1354,#1355);
#1357=CIRCLE('',#1356,4.5);
#1358=EDGE_CURVE('',#1352,#1341,#1357,.T.);
#1359=ORIENTED_EDGE('',*,*,#1358,.F.);
#1360=CARTESIAN_POINT('',(-5.,3.988734135,0.3));
#1361=VERTEX_POINT('',#1360);
#1362=CARTESIAN_POINT('',(-5.,3.988734135,0.3));
#1363=CARTESIAN_POINT('',(-3.333338542,4.155871016,0.3));
#1364=CARTESIAN_POINT('',(-1.666671294,4.322950125,0.3));
#1365=CARTESIAN_POINT('',(0.,4.489988864,0.3));
#1366=B_SPLINE_CURVE_WITH_KNOTS('',3,(#1362,#1363,#1364,#1365),.UNSPECIFIED.,.F.,.F.,(4,4),(0.00656292,0.011587983),.UNSPECIFIED.);
#1367=EDGE_CURVE('',#1361,#1352,#1366,.T.);
#1368=ORIENTED_EDGE('',*,*,#1367,.F.);
#1369=CARTESIAN_POINT('',(-5.,0.,0.));
#1370=DIRECTION('',(1.,0.,0.));
#1371=DIRECTION('',(0.,0.,-1.));
#1372=AXIS2_PLACEMENT_3D('',#1369,#1370,#1371);
#1373=CIRCLE('',#1372,4.);
#1374=EDGE_CURVE('',#1361,#1343,#1373,.T.);
#1375=ORIENTED_EDGE('',*,*,#1374,.T.);
#1376=EDGE_LOOP('',(#1350,#1359,#1368,#1375));
#1377=FACE_BOUND('',#1376,.T.);
#1378=ADVANCED_FACE('',(#1377),#1339,.T.);
#1379=CARTESIAN_POINT('',(0.,0.,0.));
#1380=DIRECTION('',(1.,0.,0.));
#1381=DIRECTION('',(0.,0.,-1.));
#1382=AXIS2_PLACEMENT_3D('',#1379,#1380,#1381);
#1383=CONICAL_SURFACE('',#1382,4.5,5.710593137);
#1384=CARTESIAN_POINT('',(-5.,-0.3,3.988734135));
#1385=VERTEX_POINT('',#1384);
#1386=CARTESIAN_POINT('',(0.,-0.3,4.489988864));
#1387=VERTEX_POINT('',#1386);
#1388=CARTESIAN_POINT('',(-5.,-0.3,3.988734135));
#1389=CARTESIAN_POINT('',(-3.333338542,-0.3,4.155871016));
#1390=CARTESIAN_POINT('',(-1.666671294,-0.3,4.322950125));
#1391=CARTESIAN_POINT('',(0.,-0.3,4.489988864));
#1392=B_SPLINE_CURVE_WITH_KNOTS('',3,(#1388,#1389,#1390,#1391),.UNSPECIFIED.,.F.,.F.,(4,4),(0.00656292,0.011587983),.UNSPECIFIED.);
#1393=EDGE_CURVE('',#1385,#1387,#1392,.T.);
#1394=ORIENTED_EDGE('',*,*,#1393,.F.);
#1395=CARTESIAN_POINT('',(-5.,-3.988734135,0.3));
#1396=VERTEX_POINT('',#1395);
#1397=CARTESIAN_POINT('',(-5.,0.,0.));
#1398=DIRECTION('',(1.,0.,0.));
#1399=DIRECTION('',(0.,0.,-1.));
#1400=AXIS2_PLACEMENT_3D('',#1397,#1398,#1399);
#1401=CIRCLE('',#1400,4.);
#1402=EDGE_CURVE('',#1385,#1396,#1401,.T.);
#1403=ORIENTED_EDGE('',*,*,#1402,.T.);
#1404=CARTESIAN_POINT('',(0.,-4.489988864,0.3));
#1405=VERTEX_POINT('',#1404);
#1406=CARTESIAN_POINT('',(0.,-4.489988864,0.3));
#1407=CARTESIAN_POINT('',(-1.666671294,-4.322950124,0.3));
#1408=CARTESIAN_POINT('',(-3.333338545,-4.155871016,0.3));
#1409=CARTESIAN_POINT('',(-5.,-3.988734135,0.3));
#1410=B_SPLINE_CURVE_WITH_KNOTS('',3,(#1406,#1407,#1408,#1409),.UNSPECIFIED.,.F.,.F.,(4,4),(0.006562827,0.01158789),.UNSPECIFIED.);
#1411=EDGE_CURVE('',#1405,#1396,#1410,.T.);
#1412=ORIENTED_EDGE('',*,*,#1411,.F.);
#1413=CARTESIAN_POINT('',(0.,0.,0.));
#1414=DIRECTION('',(1.,0.,0.));
#1415=DIRECTION('',(0.,0.,-1.));
#1416=AXIS2_PLACEMENT_3D('',#1413,#1414,#1415);
#1417=CIRCLE('',#1416,4.5);
#1418=EDGE_CURVE('',#1387,#1405,#1417,.T.);
#1419=ORIENTED_EDGE('',*,*,#1418,.F.);
#1420=EDGE_LOOP('',(#1394,#1403,#1412,#1419));
#1421=FACE_BOUND('',#1420,.T.);
#1422=ADVANCED_FACE('',(#1421),#1383,.T.);
#1423=CARTESIAN_POINT('',(0.,0.,4.5));
#1424=DIRECTION('',(1.,0.,0.));
#1425=DIRECTION('',(0.,0.,-1.));
#1426=AXIS2_PLACEMENT_3D('',#1423,#1424,#1425);
#1427=PLANE('',#1426);
#1428=CARTESIAN_POINT('',(0.,-0.3,2.984962311));
#1429=VERTEX_POINT('',#1428);
#1430=CARTESIAN_POINT('',(0.,-2.984962311,0.3));
#1431=VERTEX_POINT('',#1430);
#1432=CARTESIAN_POINT('',(0.,0.,0.));
#1433=DIRECTION('',(1.,0.,0.));
#1434=DIRECTION('',(0.,0.,-1.));
#1435=AXIS2_PLACEMENT_3D('',#1432,#1433,#1434);
#1436=CIRCLE('',#1435,3.);
#1437=EDGE_CURVE('',#1429,#1431,#1436,.T.);
#1438=ORIENTED_EDGE('',*,*,#1437,.F.);
#1439=CARTESIAN_POINT('',(0.,-0.3,2.984962311));
#1440=DIRECTION('',(0.,0.,1.));
#1441=VECTOR('',#1440,1.505026553);
#1442=LINE('',#1439,#1441);
#1443=EDGE_CURVE('',#1429,#1387,#1442,.T.);
#1444=ORIENTED_EDGE('',*,*,#1443,.T.);
#1445=ORIENTED_EDGE('',*,*,#1418,.T.);
#1446=CARTESIAN_POINT('',(0.,-2.984962311,0.3));
#1447=DIRECTION('',(0.,-1.,0.));
#1448=VECTOR('',#1447,1.505026553);
#1449=LINE('',#1446,#1448);
#1450=EDGE_CURVE('',#1431,#1405,#1449,.T.);
#1451=ORIENTED_EDGE('',*,*,#1450,.F.);
#1452=EDGE_LOOP('',(#1438,#1444,#1445,#1451));
#1453=FACE_BOUND('',#1452,.T.);
#1454=ADVANCED_FACE('',(#1453),#1427,.T.);
#1455=CARTESIAN_POINT('',(0.,0.,4.5));
#1456=DIRECTION('',(1.,0.,0.));
#1457=DIRECTION('',(0.,0.,-1.));
#1458=AXIS2_PLACEMENT_3D('',#1455,#1456,#1457);
#1459=PLANE('',#1458);
#1460=CARTESIAN_POINT('',(0.,-4.489988864,-0.3));
#1461=VERTEX_POINT('',#1460);
#1462=CARTESIAN_POINT('',(0.,-0.3,-4.489988864));
#1463=VERTEX_POINT('',#1462);
#1464=CARTESIAN_POINT('',(0.,0.,0.));
#1465=DIRECTION('',(1.,0.,0.));
#1466=DIRECTION('',(0.,0.,-1.));
#1467=AXIS2_PLACEMENT_3D('',#1464,#1465,#1466);
#1468=CIRCLE('',#1467,4.5);
#1469=EDGE_CURVE('',#1461,#1463,#1468,.T.);
#1470=ORIENTED_EDGE('',*,*,#1469,.T.);
#1471=CARTESIAN_POINT('',(0.,-0.3,-2.984962311));
#1472=VERTEX_POINT('',#1471);
#1473=CARTESIAN_POINT('',(0.,-0.3,-4.489988864));
#1474=DIRECTION('',(0.,0.,1.));
#1475=VECTOR('',#1474,1.505026553);
#1476=LINE('',#1473,#1475);
#1477=EDGE_CURVE('',#1463,#1472,#1476,.T.);
#1478=ORIENTED_EDGE('',*,*,#1477,.T.);
#1479=CARTESIAN_POINT('',(0.,-2.984962311,-0.3));
#1480=VERTEX_POINT('',#1479);
#1481=CARTESIAN_POINT('',(0.,0.,0.));
#1482=DIRECTION('',(1.,0.,0.));
#1483=DIRECTION('',(0.,0.,-1.));
#1484=AXIS2_PLACEMENT_3D('',#1481,#1482,#1483);
#1485=CIRCLE('',#1484,3.);
#1486=EDGE_CURVE('',#1480,#1472,#1485,.T.);
#1487=ORIENTED_EDGE('',*,*,#1486,.F.);
#1488=CARTESIAN_POINT('',(0.,-2.984962311,-0.3));
#1489=DIRECTION('',(0.,-1.,0.));
#1490=VECTOR('',#1489,1.505026553);
#1491=LINE('',#1488,#1490);
#1492=EDGE_CURVE('',#1480,#1461,#1491,.T.);
#1493=ORIENTED_EDGE('',*,*,#1492,.T.);
#1494=EDGE_LOOP('',(#1470,#1478,#1487,#1493));
#1495=FACE_BOUND('',#1494,.T.);
#1496=ADVANCED_FACE('',(#1495),#1459,.T.);
#1497=CARTESIAN_POINT('',(0.,0.,4.5));
#1498=DIRECTION('',(1.,0.,0.));
#1499=DIRECTION('',(0.,0.,-1.));
#1500=AXIS2_PLACEMENT_3D('',#1497,#1498,#1499);
#1501=PLANE('',#1500);
#1502=CARTESIAN_POINT('',(0.,0.3,2.984962311));
#1503=VERTEX_POINT('',#1502);
#1504=CARTESIAN_POINT('',(0.,0.3,2.984962311));
#1505=DIRECTION('',(0.,0.,1.));
#1506=VECTOR('',#1505,1.505026553);
#1507=LINE('',#1504,#1506);
#1508=EDGE_CURVE('',#1503,#1341,#1507,.T.);
#1509=ORIENTED_EDGE('',*,*,#1508,.F.);
#1510=CARTESIAN_POINT('',(0.,2.984962311,0.3));
#1511=VERTEX_POINT('',#1510);
#1512=CARTESIAN_POINT('',(0.,0.,0.));
#1513=DIRECTION('',(1.,0.,0.));
#1514=DIRECTION('',(0.,0.,-1.));
#1515=AXIS2_PLACEMENT_3D('',#1512,#1513,#1514);
#1516=CIRCLE('',#1515,3.);
#1517=EDGE_CURVE('',#1511,#1503,#1516,.T.);
#1518=ORIENTED_EDGE('',*,*,#1517,.F.);
#1519=CARTESIAN_POINT('',(0.,4.489988864,0.3));
#1520=DIRECTION('',(0.,-1.,0.));
#1521=VECTOR('',#1520,1.505026553);
#1522=LINE('',#1519,#1521);
#1523=EDGE_CURVE('',#1352,#1511,#1522,.T.);
#1524=ORIENTED_EDGE('',*,*,#1523,.F.);
#1525=ORIENTED_EDGE('',*,*,#1358,.T.);
#1526=EDGE_LOOP('',(#1509,#1518,#1524,#1525));
#1527=FACE_BOUND('',#1526,.T.);
#1528=ADVANCED_FACE('',(#1527),#1501,.T.);
#1529=CARTESIAN_POINT('',(0.,0.,0.));
#1530=DIRECTION('',(1.,0.,0.));
#1531=DIRECTION('',(0.,0.,-1.));
#1532=AXIS2_PLACEMENT_3D('',#1529,#1530,#1531);
#1533=CONICAL_SURFACE('',#1532,4.5,5.710593137);
#1534=CARTESIAN_POINT('',(-5.,-0.3,-3.988734135));
#1535=VERTEX_POINT('',#1534);
#1536=CARTESIAN_POINT('',(0.,-0.3,-4.489988864));
#1537=CARTESIAN_POINT('',(-1.666671294,-0.3,-4.322950124));
#1538=CARTESIAN_POINT('',(-3.333338545,-0.3,-4.155871016));
#1539=CARTESIAN_POINT('',(-5.,-0.3,-3.988734135));
#1540=B_SPLINE_CURVE_WITH_KNOTS('',3,(#1536,#1537,#1538,#1539),.UNSPECIFIED.,.F.,.F.,(4,4),(0.006562827,0.01158789),.UNSPECIFIED.);
#1541=EDGE_CURVE('',#1463,#1535,#1540,.T.);
#1542=ORIENTED_EDGE('',*,*,#1541,.F.);
#1543=ORIENTED_EDGE('',*,*,#1469,.F.);
#1544=CARTESIAN_POINT('',(-5.,-3.988734135,-0.3));
#1545=VERTEX_POINT('',#1544);
#1546=CARTESIAN_POINT('',(-5.,-3.988734135,-0.3));
#1547=CARTESIAN_POINT('',(-3.333338542,-4.155871016,-0.3));
#1548=CARTESIAN_POINT('',(-1.666671294,-4.322950125,-0.3));
#1549=CARTESIAN_POINT('',(0.,-4.489988864,-0.3));
#1550=B_SPLINE_CURVE_WITH_KNOTS('',3,(#1546,#1547,#1548,#1549),.UNSPECIFIED.,.F.,.F.,(4,4),(0.00656292,0.011587983),.UNSPECIFIED.);
#1551=EDGE_CURVE('',#1545,#1461,#1550,.T.);
#1552=ORIENTED_EDGE('',*,*,#1551,.F.);
#1553=CARTESIAN_POINT('',(-5.,0.,0.));
#1554=DIRECTION('',(1.,0.,0.));
#1555=DIRECTION('',(0.,0.,-1.));
#1556=AXIS2_PLACEMENT_3D('',#1553,#1554,#1555);
#1557=CIRCLE('',#1556,4.);
#1558=EDGE_CURVE('',#1545,#1535,#1557,.T.);
#1559=ORIENTED_EDGE('',*,*,#1558,.T.);
#1560=EDGE_LOOP('',(#1542,#1543,#1552,#1559));
#1561=FACE_BOUND('',#1560,.T.);
#1562=ADVANCED_FACE('',(#1561),#1533,.T.);
#1563=CARTESIAN_POINT('',(0.,0.,4.5));
#1564=DIRECTION('',(1.,0.,0.));
#1565=DIRECTION('',(0.,0.,-1.));
#1566=AXIS2_PLACEMENT_3D('',#1563,#1564,#1565);
#1567=PLANE('',#1566);
#1568=CARTESIAN_POINT('',(0.,0.3,-2.984962311));
#1569=VERTEX_POINT('',#1568);
#1570=CARTESIAN_POINT('',(0.,0.3,-4.489988864));
#1571=DIRECTION('',(0.,0.,1.));
#1572=VECTOR('',#1571,1.505026553);
#1573=LINE('',#1570,#1572);
#1574=EDGE_CURVE('',#1299,#1569,#1573,.T.);
#1575=ORIENTED_EDGE('',*,*,#1574,.F.);
#1576=ORIENTED_EDGE('',*,*,#1330,.T.);
#1577=CARTESIAN_POINT('',(0.,2.984962311,-0.3));
#1578=VERTEX_POINT('',#1577);
#1579=CARTESIAN_POINT('',(0.,4.489988864,-0.3));
#1580=DIRECTION('',(0.,-1.,0.));
#1581=VECTOR('',#1580,1.505026553);
#1582=LINE('',#1579,#1581);
#1583=EDGE_CURVE('',#1317,#1578,#1582,.T.);
#1584=ORIENTED_EDGE('',*,*,#1583,.T.);
#1585=CARTESIAN_POINT('',(0.,0.,0.));
#1586=DIRECTION('',(1.,0.,0.));
#1587=DIRECTION('',(0.,0.,-1.));
#1588=AXIS2_PLACEMENT_3D('',#1585,#1586,#1587);
#1589=CIRCLE('',#1588,3.);
#1590=EDGE_CURVE('',#1569,#1578,#1589,.T.);
#1591=ORIENTED_EDGE('',*,*,#1590,.F.);
#1592=EDGE_LOOP('',(#1575,#1576,#1584,#1591));
#1593=FACE_BOUND('',#1592,.T.);
#1594=ADVANCED_FACE('',(#1593),#1567,.T.);
#1595=CARTESIAN_POINT('',(0.,0.,0.));
#1596=DIRECTION('',(1.,0.,0.));
#1597=DIRECTION('',(0.,0.,-1.));
#1598=AXIS2_PLACEMENT_3D('',#1595,#1596,#1597);
#1599=CYLINDRICAL_SURFACE('',#1598,3.);
#1600=CARTESIAN_POINT('',(-5.,0.,-3.));
#1601=VERTEX_POINT('',#1600);
#1602=CARTESIAN_POINT('',(-12.,-0.,-3.));
#1603=VERTEX_POINT('',#1602);
#1604=CARTESIAN_POINT('',(-5.,0.,-3.));
#1605=DIRECTION('',(-1.,-0.,0.));
#1606=VECTOR('',#1605,7.);
#1607=LINE('',#1604,#1606);
#1608=EDGE_CURVE('',#1601,#1603,#1607,.T.);
#1609=ORIENTED_EDGE('',*,*,#1608,.F.);
#1610=CARTESIAN_POINT('',(-5.,0.3,-2.984962311));
#1611=VERTEX_POINT('',#1610);
#1612=CARTESIAN_POINT('',(-5.,0.,0.));
#1613=DIRECTION('',(-1.,0.,0.));
#1614=DIRECTION('',(0.,0.,1.));
#1615=AXIS2_PLACEMENT_3D('',#1612,#1613,#1614);
#1616=CIRCLE('',#1615,3.);
#1617=EDGE_CURVE('',#1611,#1601,#1616,.T.);
#1618=ORIENTED_EDGE('',*,*,#1617,.F.);
#1619=CARTESIAN_POINT('',(0.,0.3,-2.984962311));
#1620=DIRECTION('',(-1.,-0.,0.));
#1621=VECTOR('',#1620,5.);
#1622=LINE('',#1619,#1621);
#1623=EDGE_CURVE('',#1569,#1611,#1622,.T.);
#1624=ORIENTED_EDGE('',*,*,#1623,.F.);
#1625=ORIENTED_EDGE('',*,*,#1590,.T.);
#1626=CARTESIAN_POINT('',(-5.,2.984962311,-0.3));
#1627=VERTEX_POINT('',#1626);
#1628=CARTESIAN_POINT('',(-5.,2.984962311,-0.3));
#1629=DIRECTION('',(1.,0.,-0.));
#1630=VECTOR('',#1629,5.);
#1631=LINE('',#1628,#1630);
#1632=EDGE_CURVE('',#1627,#1578,#1631,.T.);
#1633=ORIENTED_EDGE('',*,*,#1632,.F.);
#1634=CARTESIAN_POINT('',(-5.,2.984962311,0.3));
#1635=VERTEX_POINT('',#1634);
#1636=CARTESIAN_POINT('',(-5.,0.,0.));
#1637=DIRECTION('',(-1.,0.,0.));
#1638=DIRECTION('',(0.,0.,1.));
#1639=AXIS2_PLACEMENT_3D('',#1636,#1637,#1638);
#1640=CIRCLE('',#1639,3.);
#1641=EDGE_CURVE('',#1635,#1627,#1640,.T.);
#1642=ORIENTED_EDGE('',*,*,#1641,.F.);
#1643=CARTESIAN_POINT('',(0.,2.984962311,0.3));
#1644=DIRECTION('',(-1.,-0.,0.));
#1645=VECTOR('',#1644,5.);
#1646=LINE('',#1643,#1645);
#1647=EDGE_CURVE('',#1511,#1635,#1646,.T.);
#1648=ORIENTED_EDGE('',*,*,#1647,.F.);
#1649=ORIENTED_EDGE('',*,*,#1517,.T.);
#1650=CARTESIAN_POINT('',(-5.,0.3,2.984962311));
#1651=VERTEX_POINT('',#1650);
#1652=CARTESIAN_POINT('',(-5.,0.3,2.984962311));
#1653=DIRECTION('',(1.,0.,-0.));
#1654=VECTOR('',#1653,5.);
#1655=LINE('',#1652,#1654);
#1656=EDGE_CURVE('',#1651,#1503,#1655,.T.);
#1657=ORIENTED_EDGE('',*,*,#1656,.F.);
#1658=CARTESIAN_POINT('',(-5.,-0.3,2.984962311));
#1659=VERTEX_POINT('',#1658);
#1660=CARTESIAN_POINT('',(-5.,0.,0.));
#1661=DIRECTION('',(-1.,0.,0.));
#1662=DIRECTION('',(0.,0.,1.));
#1663=AXIS2_PLACEMENT_3D('',#1660,#1661,#1662);
#1664=CIRCLE('',#1663,3.);
#1665=EDGE_CURVE('',#1659,#1651,#1664,.T.);
#1666=ORIENTED_EDGE('',*,*,#1665,.F.);
#1667=CARTESIAN_POINT('',(0.,-0.3,2.984962311));
#1668=DIRECTION('',(-1.,-0.,0.));
#1669=VECTOR('',#1668,5.);
#1670=LINE('',#1667,#1669);
#1671=EDGE_CURVE('',#1429,#1659,#1670,.T.);
#1672=ORIENTED_EDGE('',*,*,#1671,.F.);
#1673=ORIENTED_EDGE('',*,*,#1437,.T.);
#1674=CARTESIAN_POINT('',(-5.,-2.984962311,0.3));
#1675=VERTEX_POINT('',#1674);
#1676=CARTESIAN_POINT('',(-5.,-2.984962311,0.3));
#1677=DIRECTION('',(1.,0.,-0.));
#1678=VECTOR('',#1677,5.);
#1679=LINE('',#1676,#1678);
#1680=EDGE_CURVE('',#1675,#1431,#1679,.T.);
#1681=ORIENTED_EDGE('',*,*,#1680,.F.);
#1682=CARTESIAN_POINT('',(-5.,-2.984962311,-0.3));
#1683=VERTEX_POINT('',#1682);
#1684=CARTESIAN_POINT('',(-5.,0.,0.));
#1685=DIRECTION('',(-1.,0.,0.));
#1686=DIRECTION('',(0.,0.,1.));
#1687=AXIS2_PLACEMENT_3D('',#1684,#1685,#1686);
#1688=CIRCLE('',#1687,3.);
#1689=EDGE_CURVE('',#1683,#1675,#1688,.T.);
#1690=ORIENTED_EDGE('',*,*,#1689,.F.);
#1691=CARTESIAN_POINT('',(0.,-2.984962311,-0.3));
#1692=DIRECTION('',(-1.,-0.,0.));
#1693=VECTOR('',#1692,5.);
#1694=LINE('',#1691,#1693);
#1695=EDGE_CURVE('',#1480,#1683,#1694,.T.);
#1696=ORIENTED_EDGE('',*,*,#1695,.F.);
#1697=ORIENTED_EDGE('',*,*,#1486,.T.);
#1698=CARTESIAN_POINT('',(-5.,-0.3,-2.984962311));
#1699=VERTEX_POINT('',#1698);
#1700=CARTESIAN_POINT('',(-5.,-0.3,-2.984962311));
#1701=DIRECTION('',(1.,0.,-0.));
#1702=VECTOR('',#1701,5.);
#1703=LINE('',#1700,#1702);
#1704=EDGE_CURVE('',#1699,#1472,#1703,.T.);
#1705=ORIENTED_EDGE('',*,*,#1704,.F.);
#1706=CARTESIAN_POINT('',(-5.,0.,0.));
#1707=DIRECTION('',(-1.,0.,0.));
#1708=DIRECTION('',(0.,0.,1.));
#1709=AXIS2_PLACEMENT_3D('',#1706,#1707,#1708);
#1710=CIRCLE('',#1709,3.);
#1711=EDGE_CURVE('',#1601,#1699,#1710,.T.);
#1712=ORIENTED_EDGE('',*,*,#1711,.F.);
#1713=ORIENTED_EDGE('',*,*,#1608,.T.);
#1714=CARTESIAN_POINT('',(-12.,0.,0.));
#1715=DIRECTION('',(1.,0.,0.));
#1716=DIRECTION('',(0.,0.,-1.));
#1717=AXIS2_PLACEMENT_3D('',#1714,#1715,#1716);
#1718=CIRCLE('',#1717,3.);
#1719=EDGE_CURVE('',#1603,#1603,#1718,.T.);
#1720=ORIENTED_EDGE('',*,*,#1719,.F.);
#1721=EDGE_LOOP('',(#1609,#1618,#1624,#1625,#1633,#1642,#1648,#1649,#1657,#1666,#1672,#1673,#1681,#1690,#1696,#1697,#1705,#1712,#1713,#1720));
#1722=FACE_BOUND('',#1721,.T.);
#1723=ADVANCED_FACE('',(#1722),#1599,.F.);
#1724=CARTESIAN_POINT('',(-12.,0.,3.));
#1725=DIRECTION('',(-1.,0.,0.));
#1726=DIRECTION('',(0.,0.,1.));
#1727=AXIS2_PLACEMENT_3D('',#1724,#1725,#1726);
#1728=PLANE('',#1727);
#1729=ORIENTED_EDGE('',*,*,#1719,.T.);
#1730=EDGE_LOOP('',(#1729));
#1731=FACE_BOUND('',#1730,.T.);
#1732=CARTESIAN_POINT('',(-12.,-0.,-4.));
#1733=VERTEX_POINT('',#1732);
#1734=CARTESIAN_POINT('',(-12.,0.,0.));
#1735=DIRECTION('',(1.,0.,0.));
#1736=DIRECTION('',(0.,0.,-1.));
#1737=AXIS2_PLACEMENT_3D('',#1734,#1735,#1736);
#1738=CIRCLE('',#1737,4.);
#1739=EDGE_CURVE('',#1733,#1733,#1738,.T.);
#1740=ORIENTED_EDGE('',*,*,#1739,.F.);
#1741=EDGE_LOOP('',(#1740));
#1742=FACE_BOUND('',#1741,.T.);
#1743=ADVANCED_FACE('',(#1731,#1742),#1728,.T.);
#1744=CARTESIAN_POINT('',(0.,0.,0.));
#1745=DIRECTION('',(1.,0.,0.));
#1746=DIRECTION('',(0.,0.,-1.));
#1747=AXIS2_PLACEMENT_3D('',#1744,#1745,#1746);
#1748=CYLINDRICAL_SURFACE('',#1747,4.);
#1749=CARTESIAN_POINT('',(-5.,-0.,-4.));
#1750=VERTEX_POINT('',#1749);
#1751=CARTESIAN_POINT('',(-5.,0.,-4.));
#1752=DIRECTION('',(-1.,-0.,0.));
#1753=VECTOR('',#1752,7.);
#1754=LINE('',#1751,#1753);
#1755=EDGE_CURVE('',#1750,#1733,#1754,.T.);
#1756=ORIENTED_EDGE('',*,*,#1755,.T.);
#1757=ORIENTED_EDGE('',*,*,#1739,.T.);
#1758=ORIENTED_EDGE('',*,*,#1755,.F.);
#1759=CARTESIAN_POINT('',(-5.,0.,0.));
#1760=DIRECTION('',(1.,0.,0.));
#1761=DIRECTION('',(0.,0.,-1.));
#1762=AXIS2_PLACEMENT_3D('',#1759,#1760,#1761);
#1763=CIRCLE('',#1762,4.);
#1764=EDGE_CURVE('',#1535,#1750,#1763,.T.);
#1765=ORIENTED_EDGE('',*,*,#1764,.F.);
#1766=ORIENTED_EDGE('',*,*,#1558,.F.);
#1767=CARTESIAN_POINT('',(-5.,0.,0.));
#1768=DIRECTION('',(1.,0.,0.));
#1769=DIRECTION('',(0.,0.,-1.));
#1770=AXIS2_PLACEMENT_3D('',#1767,#1768,#1769);
#1771=CIRCLE('',#1770,4.);
#1772=EDGE_CURVE('',#1396,#1545,#1771,.T.);
#1773=ORIENTED_EDGE('',*,*,#1772,.F.);
#1774=ORIENTED_EDGE('',*,*,#1402,.F.);
#1775=CARTESIAN_POINT('',(-5.,0.,0.));
#1776=DIRECTION('',(1.,0.,0.));
#1777=DIRECTION('',(0.,0.,-1.));
#1778=AXIS2_PLACEMENT_3D('',#1775,#1776,#1777);
#1779=CIRCLE('',#1778,4.);
#1780=EDGE_CURVE('',#1343,#1385,#1779,.T.);
#1781=ORIENTED_EDGE('',*,*,#1780,.F.);
#1782=ORIENTED_EDGE('',*,*,#1374,.F.);
#1783=CARTESIAN_POINT('',(-5.,0.,0.));
#1784=DIRECTION('',(1.,0.,0.));
#1785=DIRECTION('',(0.,0.,-1.));
#1786=AXIS2_PLACEMENT_3D('',#1783,#1784,#1785);
#1787=CIRCLE('',#1786,4.);
#1788=EDGE_CURVE('',#1308,#1361,#1787,.T.);
#1789=ORIENTED_EDGE('',*,*,#1788,.F.);
#1790=ORIENTED_EDGE('',*,*,#1314,.F.);
#1791=CARTESIAN_POINT('',(-5.,0.,0.));
#1792=DIRECTION('',(1.,0.,0.));
#1793=DIRECTION('',(0.,0.,-1.));
#1794=AXIS2_PLACEMENT_3D('',#1791,#1792,#1793);
#1795=CIRCLE('',#1794,4.);
#1796=EDGE_CURVE('',#1750,#1297,#1795,.T.);
#1797=ORIENTED_EDGE('',*,*,#1796,.F.);
#1798=EDGE_LOOP('',(#1756,#1757,#1758,#1765,#1766,#1773,#1774,#1781,#1782,#1789,#1790,#1797));
#1799=FACE_BOUND('',#1798,.T.);
#1800=ADVANCED_FACE('',(#1799),#1748,.T.);
#1801=CARTESIAN_POINT('',(-5.,0.3,-10.));
#1802=DIRECTION('',(-1.,0.,0.));
#1803=DIRECTION('',(0.,1.,-0.));
#1804=AXIS2_PLACEMENT_3D('',#1801,#1802,#1803);
#1805=PLANE('',#1804);
#1806=ORIENTED_EDGE('',*,*,#1665,.T.);
#1807=CARTESIAN_POINT('',(-5.,0.3,2.984962311));
#1808=DIRECTION('',(0.,0.,1.));
#1809=VECTOR('',#1808,1.003771824);
#1810=LINE('',#1807,#1809);
#1811=EDGE_CURVE('',#1651,#1343,#1810,.T.);
#1812=ORIENTED_EDGE('',*,*,#1811,.T.);
#1813=ORIENTED_EDGE('',*,*,#1780,.T.);
#1814=CARTESIAN_POINT('',(-5.,-0.3,2.984962311));
#1815=DIRECTION('',(0.,0.,1.));
#1816=VECTOR('',#1815,1.003771824);
#1817=LINE('',#1814,#1816);
#1818=EDGE_CURVE('',#1659,#1385,#1817,.T.);
#1819=ORIENTED_EDGE('',*,*,#1818,.F.);
#1820=EDGE_LOOP('',(#1806,#1812,#1813,#1819));
#1821=FACE_BOUND('',#1820,.T.);
#1822=ADVANCED_FACE('',(#1821),#1805,.F.);
#1823=CARTESIAN_POINT('',(-5.,-0.3,-10.));
#1824=DIRECTION('',(0.,-1.,0.));
#1825=DIRECTION('',(-1.,0.,0.));
#1826=AXIS2_PLACEMENT_3D('',#1823,#1824,#1825);
#1827=PLANE('',#1826);
#1828=ORIENTED_EDGE('',*,*,#1393,.T.);
#1829=ORIENTED_EDGE('',*,*,#1443,.F.);
#1830=ORIENTED_EDGE('',*,*,#1671,.T.);
#1831=ORIENTED_EDGE('',*,*,#1818,.T.);
#1832=EDGE_LOOP('',(#1828,#1829,#1830,#1831));
#1833=FACE_BOUND('',#1832,.T.);
#1834=ADVANCED_FACE('',(#1833),#1827,.F.);
#1835=CARTESIAN_POINT('',(0.,0.3,-10.));
#1836=DIRECTION('',(0.,1.,-0.));
#1837=DIRECTION('',(1.,0.,0.));
#1838=AXIS2_PLACEMENT_3D('',#1835,#1836,#1837);
#1839=PLANE('',#1838);
#1840=ORIENTED_EDGE('',*,*,#1349,.T.);
#1841=ORIENTED_EDGE('',*,*,#1811,.F.);
#1842=ORIENTED_EDGE('',*,*,#1656,.T.);
#1843=ORIENTED_EDGE('',*,*,#1508,.T.);
#1844=EDGE_LOOP('',(#1840,#1841,#1842,#1843));
#1845=FACE_BOUND('',#1844,.T.);
#1846=ADVANCED_FACE('',(#1845),#1839,.F.);
#1847=CARTESIAN_POINT('',(-5.,0.3,-10.));
#1848=DIRECTION('',(-1.,0.,0.));
#1849=DIRECTION('',(0.,1.,-0.));
#1850=AXIS2_PLACEMENT_3D('',#1847,#1848,#1849);
#1851=PLANE('',#1850);
#1852=ORIENTED_EDGE('',*,*,#1641,.T.);
#1853=CARTESIAN_POINT('',(-5.,3.988734135,-0.3));
#1854=DIRECTION('',(0.,-1.,0.));
#1855=VECTOR('',#1854,1.003771824);
#1856=LINE('',#1853,#1855);
#1857=EDGE_CURVE('',#1308,#1627,#1856,.T.);
#1858=ORIENTED_EDGE('',*,*,#1857,.F.);
#1859=ORIENTED_EDGE('',*,*,#1788,.T.);
#1860=CARTESIAN_POINT('',(-5.,3.988734135,0.3));
#1861=DIRECTION('',(0.,-1.,0.));
#1862=VECTOR('',#1861,1.003771824);
#1863=LINE('',#1860,#1862);
#1864=EDGE_CURVE('',#1361,#1635,#1863,.T.);
#1865=ORIENTED_EDGE('',*,*,#1864,.T.);
#1866=EDGE_LOOP('',(#1852,#1858,#1859,#1865));
#1867=FACE_BOUND('',#1866,.T.);
#1868=ADVANCED_FACE('',(#1867),#1851,.F.);
#1869=CARTESIAN_POINT('',(-5.,10.,-0.3));
#1870=DIRECTION('',(0.,0.,-1.));
#1871=DIRECTION('',(-1.,0.,0.));
#1872=AXIS2_PLACEMENT_3D('',#1869,#1870,#1871);
#1873=PLANE('',#1872);
#1874=ORIENTED_EDGE('',*,*,#1323,.T.);
#1875=ORIENTED_EDGE('',*,*,#1857,.T.);
#1876=ORIENTED_EDGE('',*,*,#1632,.T.);
#1877=ORIENTED_EDGE('',*,*,#1583,.F.);
#1878=EDGE_LOOP('',(#1874,#1875,#1876,#1877));
#1879=FACE_BOUND('',#1878,.T.);
#1880=ADVANCED_FACE('',(#1879),#1873,.F.);
#1881=CARTESIAN_POINT('',(0.,10.,0.3));
#1882=DIRECTION('',(0.,0.,1.));
#1883=DIRECTION('',(1.,0.,0.));
#1884=AXIS2_PLACEMENT_3D('',#1881,#1882,#1883);
#1885=PLANE('',#1884);
#1886=ORIENTED_EDGE('',*,*,#1367,.T.);
#1887=ORIENTED_EDGE('',*,*,#1523,.T.);
#1888=ORIENTED_EDGE('',*,*,#1647,.T.);
#1889=ORIENTED_EDGE('',*,*,#1864,.F.);
#1890=EDGE_LOOP('',(#1886,#1887,#1888,#1889));
#1891=FACE_BOUND('',#1890,.T.);
#1892=ADVANCED_FACE('',(#1891),#1885,.F.);
#1893=CARTESIAN_POINT('',(-5.,0.3,-10.));
#1894=DIRECTION('',(-1.,0.,0.));
#1895=DIRECTION('',(0.,1.,-0.));
#1896=AXIS2_PLACEMENT_3D('',#1893,#1894,#1895);
#1897=PLANE('',#1896);
#1898=ORIENTED_EDGE('',*,*,#1617,.T.);
#1899=ORIENTED_EDGE('',*,*,#1711,.T.);
#1900=CARTESIAN_POINT('',(-5.,-0.3,-3.988734135));
#1901=DIRECTION('',(0.,0.,1.));
#1902=VECTOR('',#1901,1.003771824);
#1903=LINE('',#1900,#1902);
#1904=EDGE_CURVE('',#1535,#1699,#1903,.T.);
#1905=ORIENTED_EDGE('',*,*,#1904,.F.);
#1906=ORIENTED_EDGE('',*,*,#1764,.T.);
#1907=ORIENTED_EDGE('',*,*,#1796,.T.);
#1908=CARTESIAN_POINT('',(-5.,0.3,-3.988734135));
#1909=DIRECTION('',(0.,0.,1.));
#1910=VECTOR('',#1909,1.003771824);
#1911=LINE('',#1908,#1910);
#1912=EDGE_CURVE('',#1297,#1611,#1911,.T.);
#1913=ORIENTED_EDGE('',*,*,#1912,.T.);
#1914=EDGE_LOOP('',(#1898,#1899,#1905,#1906,#1907,#1913));
#1915=FACE_BOUND('',#1914,.T.);
#1916=ADVANCED_FACE('',(#1915),#1897,.F.);
#1917=CARTESIAN_POINT('',(-5.,-0.3,-10.));
#1918=DIRECTION('',(0.,-1.,0.));
#1919=DIRECTION('',(-1.,0.,0.));
#1920=AXIS2_PLACEMENT_3D('',#1917,#1918,#1919);
#1921=PLANE('',#1920);
#1922=ORIENTED_EDGE('',*,*,#1541,.T.);
#1923=ORIENTED_EDGE('',*,*,#1904,.T.);
#1924=ORIENTED_EDGE('',*,*,#1704,.T.);
#1925=ORIENTED_EDGE('',*,*,#1477,.F.);
#1926=EDGE_LOOP('',(#1922,#1923,#1924,#1925));
#1927=FACE_BOUND('',#1926,.T.);
#1928=ADVANCED_FACE('',(#1927),#1921,.F.);
#1929=CARTESIAN_POINT('',(0.,0.3,-10.));
#1930=DIRECTION('',(0.,1.,-0.));
#1931=DIRECTION('',(1.,0.,0.));
#1932=AXIS2_PLACEMENT_3D('',#1929,#1930,#1931);
#1933=PLANE('',#1932);
#1934=ORIENTED_EDGE('',*,*,#1305,.T.);
#1935=ORIENTED_EDGE('',*,*,#1574,.T.);
#1936=ORIENTED_EDGE('',*,*,#1623,.T.);
#1937=ORIENTED_EDGE('',*,*,#1912,.F.);
#1938=EDGE_LOOP('',(#1934,#1935,#1936,#1937));
#1939=FACE_BOUND('',#1938,.T.);
#1940=ADVANCED_FACE('',(#1939),#1933,.F.);
#1941=CARTESIAN_POINT('',(-5.,0.3,-10.));
#1942=DIRECTION('',(-1.,0.,0.));
#1943=DIRECTION('',(0.,1.,-0.));
#1944=AXIS2_PLACEMENT_3D('',#1941,#1942,#1943);
#1945=PLANE('',#1944);
#1946=ORIENTED_EDGE('',*,*,#1689,.T.);
#1947=CARTESIAN_POINT('',(-5.,-2.984962311,0.3));
#1948=DIRECTION('',(0.,-1.,0.));
#1949=VECTOR('',#1948,1.003771824);
#1950=LINE('',#1947,#1949);
#1951=EDGE_CURVE('',#1675,#1396,#1950,.T.);
#1952=ORIENTED_EDGE('',*,*,#1951,.T.);
#1953=ORIENTED_EDGE('',*,*,#1772,.T.);
#1954=CARTESIAN_POINT('',(-5.,-2.984962311,-0.3));
#1955=DIRECTION('',(0.,-1.,0.));
#1956=VECTOR('',#1955,1.003771824);
#1957=LINE('',#1954,#1956);
#1958=EDGE_CURVE('',#1683,#1545,#1957,.T.);
#1959=ORIENTED_EDGE('',*,*,#1958,.F.);
#1960=EDGE_LOOP('',(#1946,#1952,#1953,#1959));
#1961=FACE_BOUND('',#1960,.T.);
#1962=ADVANCED_FACE('',(#1961),#1945,.F.);
#1963=CARTESIAN_POINT('',(0.,10.,0.3));
#1964=DIRECTION('',(0.,0.,1.));
#1965=DIRECTION('',(1.,0.,0.));
#1966=AXIS2_PLACEMENT_3D('',#1963,#1964,#1965);
#1967=PLANE('',#1966);
#1968=ORIENTED_EDGE('',*,*,#1411,.T.);
#1969=ORIENTED_EDGE('',*,*,#1951,.F.);
#1970=ORIENTED_EDGE('',*,*,#1680,.T.);
#1971=ORIENTED_EDGE('',*,*,#1450,.T.);
#1972=EDGE_LOOP('',(#1968,#1969,#1970,#1971));
#1973=FACE_BOUND('',#1972,.T.);
#1974=ADVANCED_FACE('',(#1973),#1967,.F.);
#1975=CARTESIAN_POINT('',(-5.,10.,-0.3));
#1976=DIRECTION('',(0.,0.,-1.));
#1977=DIRECTION('',(-1.,0.,0.));
#1978=AXIS2_PLACEMENT_3D('',#1975,#1976,#1977);
#1979=PLANE('',#1978);
#1980=ORIENTED_EDGE('',*,*,#1551,.T.);
#1981=ORIENTED_EDGE('',*,*,#1492,.F.);
#1982=ORIENTED_EDGE('',*,*,#1695,.T.);
#1983=ORIENTED_EDGE('',*,*,#1958,.T.);
#1984=EDGE_LOOP('',(#1980,#1981,#1982,#1983));
#1985=FACE_BOUND('',#1984,.T.);
#1986=ADVANCED_FACE('',(#1985),#1979,.F.);
#1987=CLOSED_SHELL('',(#1334,#1378,#1422,#1454,#1496,#1528,#1562,#1594,#1723,#1743,#1800,#1822,#1834,#1846,#1868,#1880,#1892,#1916,#1928,#1940,#1962,#1974,#1986));
#1988=MANIFOLD_SOLID_BREP('3D \X2\0444044004300433043C0435043D0442\X0\_3',#1987);
#1989=COLOUR_RGB('',0.749019623,0.678431392,0.435294122);
#1990=FILL_AREA_STYLE_COLOUR('',#1989);
#1991=FILL_AREA_STYLE('',(#1990));
#1992=SURFACE_STYLE_FILL_AREA(#1991);
#1993=SURFACE_SIDE_STYLE('',(#1992));
#1994=SURFACE_STYLE_USAGE(.BOTH.,#1993);
#1995=PRESENTATION_STYLE_ASSIGNMENT((#1994));
#1290=STYLED_ITEM('',(#1995),#1988);
#1996=DERIVED_UNIT_ELEMENT(#1267,3.0);
#1997=DERIVED_UNIT((#1996));
#1998=MEASURE_REPRESENTATION_ITEM('volume measure',VOLUME_MEASURE(281.514103),#1997);
#1999=DERIVED_UNIT_ELEMENT(#1267,2.0);
#2000=DERIVED_UNIT((#1999));
#2001=MEASURE_REPRESENTATION_ITEM('surface area measure',AREA_MEASURE(618.460404),#2000);
#2002=CARTESIAN_POINT('centre point',(-5.690138565,-0.,0.));
#2003=CARTESIAN_POINT('bounding box corner point',(-12.000000104,-4.48998902,-4.48998902));
#2004=CARTESIAN_POINT('bounding box corner point',(0.,4.48998902,4.48998902));
#2005=ID_ATTRIBUTE('SA #2006',#2006);
#2006=SHAPE_ASPECT('properties','',#1278,.F.);
#2007=GEOMETRIC_ITEM_SPECIFIC_USAGE('','properties',#2006,#1272,#1988);
#2008=PROPERTY_DEFINITION('geometric validation property','',#2006);
#2009=REPRESENTATION('',(#1998,#2001,#2002,#2003,#2004),#1269);
#2010=PROPERTY_DEFINITION_REPRESENTATION(#2008,#2009);
#1271=SHAPE_REPRESENTATION('3D \X2\0444044004300433043C0435043D0442\X0\_3',(#15),#1269);
#1272=ADVANCED_BREP_SHAPE_REPRESENTATION('3D \X2\0444044004300433043C0435043D0442\X0\_3',(#1988),#1269);
#2018=SHAPE_REPRESENTATION_RELATIONSHIP('','',#1271,#1272);
#2019=CARTESIAN_POINT('',(0.,0.,0.));
#2020=DIRECTION('',(0.,0.,1.));
#2021=DIRECTION('',(1.,0.,0.));
#2022=AXIS2_PLACEMENT_3D('',#2019,#2020,#2021);
#2024=MAPPED_ITEM('',#2023,#2022);
#2023=REPRESENTATION_MAP(#2022,#1271);
#1279=PRODUCT('3D \X2\0444044004300433043C0435043D0442\X0\_3','3D \X2\0444044004300433043C0435043D0442\X0\_3','',(#718));
#2025=PRODUCT_RELATED_PRODUCT_CATEGORY('part','',(#1279));
#2026=PRODUCT_DEFINITION_FORMATION_WITH_SPECIFIED_SOURCE('','',#1279,.NOT_KNOWN.);
#1280=PRODUCT_DEFINITION('design','',#2026,#719);
#1278=PRODUCT_DEFINITION_SHAPE('','',#1280);
#2027=SHAPE_DEFINITION_REPRESENTATION(#1278,#1271);
#1270=DRAUGHTING_MODEL('',(#2024),#1269);
#2028=DERIVED_UNIT_ELEMENT(#1267,3.0);
#2029=DERIVED_UNIT((#2028));
#2030=MEASURE_REPRESENTATION_ITEM('volume measure',VOLUME_MEASURE(281.514103),#2029);
#2031=DERIVED_UNIT_ELEMENT(#1267,2.0);
#2032=DERIVED_UNIT((#2031));
#2033=MEASURE_REPRESENTATION_ITEM('surface area measure',AREA_MEASURE(618.460404),#2032);
#2034=CARTESIAN_POINT('centre point',(-5.690138565,-0.,0.));
#2035=CARTESIAN_POINT('bounding box corner point',(-12.000000104,-4.48998902,-4.48998902));
#2036=CARTESIAN_POINT('bounding box corner point',(0.,4.48998902,4.48998902));
#2037=PROPERTY_DEFINITION('geometric validation property','',#1280);
#2038=REPRESENTATION('',(#2030,#2033,#2034,#2035,#2036),#1269);
#2039=PROPERTY_DEFINITION_REPRESENTATION(#2037,#2038);
#2040=(NAMED_UNIT(*)PLANE_ANGLE_UNIT()SI_UNIT($,.RADIAN.));
#2041=PLANE_ANGLE_MEASURE_WITH_UNIT(PLANE_ANGLE_MEASURE(0.0174532925),#2040);
#2042=(CONVERSION_BASED_UNIT('DEGREE',#2041)NAMED_UNIT(#2043)PLANE_ANGLE_UNIT());
#2043=DIMENSIONAL_EXPONENTS(0.,0.,0.,0.,0.,0.,0.);
#2044=(NAMED_UNIT(*)SI_UNIT($,.STERADIAN.)SOLID_ANGLE_UNIT());
#2045=(LENGTH_UNIT()NAMED_UNIT(*)SI_UNIT(.MILLI.,.METRE.));
#2046=UNCERTAINTY_MEASURE_WITH_UNIT(LENGTH_MEASURE(1.000000E-05),#2045,'DISTANCE_ACCURACY_VALUE','Maximum Tolerance applied to model');
#2047=(GEOMETRIC_REPRESENTATION_CONTEXT(3)GLOBAL_UNCERTAINTY_ASSIGNED_CONTEXT((#2046))GLOBAL_UNIT_ASSIGNED_CONTEXT((#2045,#2042,#2044))REPRESENTATION_CONTEXT('','3D \X2\0444044004300433043C0435043D0442\X0\_2'));
#2059=CARTESIAN_POINT('',(-3.,0.,0.));
#2060=DIRECTION('',(-0.,0.,-1.));
#2061=DIRECTION('',(1.,-0.,-0.));
#2062=AXIS2_PLACEMENT_3D('',#2059,#2060,#2061);
#2063=ITEM_DEFINED_TRANSFORMATION('','',#2062,#15);
#2064=(REPRESENTATION_RELATIONSHIP('','',#2049,#35)REPRESENTATION_RELATIONSHIP_WITH_TRANSFORMATION(#2063)SHAPE_REPRESENTATION_RELATIONSHIP());
#2065=NEXT_ASSEMBLY_USAGE_OCCURRENCE('3D \X2\0444044004300433043C0435043D0442\X0\_2_6','3D \X2\0444044004300433043C0435043D0442\X0\_2','3D \X2\0444044004300433043C0435043D0442\X0\_2',#44,#2058,$);
#2066=PRODUCT_DEFINITION_SHAPE('','',#2065);
#2067=CONTEXT_DEPENDENT_SHAPE_REPRESENTATION(#2064,#2066);
#2069=CARTESIAN_POINT('',(0.,0.,0.));
#2070=DIRECTION('',(1.,0.,0.));
#2071=DIRECTION('',(0.,0.,-1.));
#2072=AXIS2_PLACEMENT_3D('',#2069,#2070,#2071);
#2073=CYLINDRICAL_SURFACE('',#2072,5.);
#2074=CARTESIAN_POINT('',(-1.,0.427741694,4.981670106));
#2075=VERTEX_POINT('',#2074);
#2076=CARTESIAN_POINT('',(-1.,0.2,4.995998399));
#2077=VERTEX_POINT('',#2076);
#2078=CARTESIAN_POINT('',(-1.,0.,0.));
#2079=DIRECTION('',(1.,0.,0.));
#2080=DIRECTION('',(0.,0.,-1.));
#2081=AXIS2_PLACEMENT_3D('',#2078,#2079,#2080);
#2082=CIRCLE('',#2081,5.);
#2083=EDGE_CURVE('',#2075,#2077,#2082,.T.);
#2084=ORIENTED_EDGE('',*,*,#2083,.T.);
#2085=CARTESIAN_POINT('',(0.,0.2,4.995998399));
#2086=VERTEX_POINT('',#2085);
#2087=CARTESIAN_POINT('',(-1.,0.2,4.995998399));
#2088=DIRECTION('',(1.,0.,-0.));
#2089=VECTOR('',#2088,1.);
#2090=LINE('',#2087,#2089);
#2091=EDGE_CURVE('',#2077,#2086,#2090,.T.);
#2092=ORIENTED_EDGE('',*,*,#2091,.T.);
#2093=CARTESIAN_POINT('',(0.,0.427741694,4.981670106));
#2094=VERTEX_POINT('',#2093);
#2095=CARTESIAN_POINT('',(0.,0.,0.));
#2096=DIRECTION('',(1.,0.,0.));
#2097=DIRECTION('',(0.,0.,-1.));
#2098=AXIS2_PLACEMENT_3D('',#2095,#2096,#2097);
#2099=CIRCLE('',#2098,5.);
#2100=EDGE_CURVE('',#2094,#2086,#2099,.T.);
#2101=ORIENTED_EDGE('',*,*,#2100,.F.);
#2102=CARTESIAN_POINT('',(-1.,0.427741694,4.981670106));
#2103=DIRECTION('',(1.,0.,-0.));
#2104=VECTOR('',#2103,1.);
#2105=LINE('',#2102,#2104);
#2106=EDGE_CURVE('',#2075,#2094,#2105,.T.);
#2107=ORIENTED_EDGE('',*,*,#2106,.F.);
#2108=EDGE_LOOP('',(#2084,#2092,#2101,#2107));
#2109=FACE_BOUND('',#2108,.T.);
#2110=ADVANCED_FACE('',(#2109),#2073,.T.);
#2111=CARTESIAN_POINT('',(0.,0.,0.));
#2112=DIRECTION('',(1.,0.,0.));
#2113=DIRECTION('',(0.,0.,-1.));
#2114=AXIS2_PLACEMENT_3D('',#2111,#2112,#2113);
#2115=CYLINDRICAL_SURFACE('',#2114,5.);
#2116=CARTESIAN_POINT('',(0.,-0.2,4.995998399));
#2117=VERTEX_POINT('',#2116);
#2118=CARTESIAN_POINT('',(0.,-0.427741694,4.981670106));
#2119=VERTEX_POINT('',#2118);
#2120=CARTESIAN_POINT('',(0.,0.,0.));
#2121=DIRECTION('',(1.,0.,0.));
#2122=DIRECTION('',(0.,0.,-1.));
#2123=AXIS2_PLACEMENT_3D('',#2120,#2121,#2122);
#2124=CIRCLE('',#2123,5.);
#2125=EDGE_CURVE('',#2117,#2119,#2124,.T.);
#2126=ORIENTED_EDGE('',*,*,#2125,.F.);
#2127=CARTESIAN_POINT('',(-1.,-0.2,4.995998399));
#2128=VERTEX_POINT('',#2127);
#2129=CARTESIAN_POINT('',(-1.,-0.2,4.995998399));
#2130=DIRECTION('',(1.,0.,-0.));
#2131=VECTOR('',#2130,1.);
#2132=LINE('',#2129,#2131);
#2133=EDGE_CURVE('',#2128,#2117,#2132,.T.);
#2134=ORIENTED_EDGE('',*,*,#2133,.F.);
#2135=CARTESIAN_POINT('',(-1.,-0.427741694,4.981670106));
#2136=VERTEX_POINT('',#2135);
#2137=CARTESIAN_POINT('',(-1.,0.,0.));
#2138=DIRECTION('',(1.,0.,0.));
#2139=DIRECTION('',(0.,0.,-1.));
#2140=AXIS2_PLACEMENT_3D('',#2137,#2138,#2139);
#2141=CIRCLE('',#2140,5.);
#2142=EDGE_CURVE('',#2128,#2136,#2141,.T.);
#2143=ORIENTED_EDGE('',*,*,#2142,.T.);
#2144=CARTESIAN_POINT('',(-1.,-0.427741694,4.981670106));
#2145=DIRECTION('',(1.,0.,-0.));
#2146=VECTOR('',#2145,1.);
#2147=LINE('',#2144,#2146);
#2148=EDGE_CURVE('',#2136,#2119,#2147,.T.);
#2149=ORIENTED_EDGE('',*,*,#2148,.T.);
#2150=EDGE_LOOP('',(#2126,#2134,#2143,#2149));
#2151=FACE_BOUND('',#2150,.T.);
#2152=ADVANCED_FACE('',(#2151),#2115,.T.);
#2153=CARTESIAN_POINT('',(0.,0.,0.));
#2154=DIRECTION('',(1.,0.,0.));
#2155=DIRECTION('',(0.,0.,-1.));
#2156=AXIS2_PLACEMENT_3D('',#2153,#2154,#2155);
#2157=CYLINDRICAL_SURFACE('',#2156,5.);
#2158=CARTESIAN_POINT('',(-1.,-0.824587574,4.931536812));
#2159=VERTEX_POINT('',#2158);
#2160=CARTESIAN_POINT('',(-1.,-1.048737646,4.888777899));
#2161=VERTEX_POINT('',#2160);
#2162=CARTESIAN_POINT('',(-1.,0.,0.));
#2163=DIRECTION('',(1.,0.,0.));
#2164=DIRECTION('',(0.,0.,-1.));
#2165=AXIS2_PLACEMENT_3D('',#2162,#2163,#2164);
#2166=CIRCLE('',#2165,5.);
#2167=EDGE_CURVE('',#2159,#2161,#2166,.T.);
#2168=ORIENTED_EDGE('',*,*,#2167,.T.);
#2169=CARTESIAN_POINT('',(0.,-1.048737646,4.888777899));
#2170=VERTEX_POINT('',#2169);
#2171=CARTESIAN_POINT('',(-1.,-1.048737646,4.888777899));
#2172=DIRECTION('',(1.,0.,-0.));
#2173=VECTOR('',#2172,1.);
#2174=LINE('',#2171,#2173);
#2175=EDGE_CURVE('',#2161,#2170,#2174,.T.);
#2176=ORIENTED_EDGE('',*,*,#2175,.T.);
#2177=CARTESIAN_POINT('',(0.,-0.824587574,4.931536812));
#2178=VERTEX_POINT('',#2177);
#2179=CARTESIAN_POINT('',(0.,0.,0.));
#2180=DIRECTION('',(1.,0.,0.));
#2181=DIRECTION('',(0.,0.,-1.));
#2182=AXIS2_PLACEMENT_3D('',#2179,#2180,#2181);
#2183=CIRCLE('',#2182,5.);
#2184=EDGE_CURVE('',#2178,#2170,#2183,.T.);
#2185=ORIENTED_EDGE('',*,*,#2184,.F.);
#2186=CARTESIAN_POINT('',(-1.,-0.824587574,4.931536812));
#2187=DIRECTION('',(1.,0.,-0.));
#2188=VECTOR('',#2187,1.);
#2189=LINE('',#2186,#2188);
#2190=EDGE_CURVE('',#2159,#2178,#2189,.T.);
#2191=ORIENTED_EDGE('',*,*,#2190,.F.);
#2192=EDGE_LOOP('',(#2168,#2176,#2185,#2191));
#2193=FACE_BOUND('',#2192,.T.);
#2194=ADVANCED_FACE('',(#2193),#2157,.T.);
#2195=CARTESIAN_POINT('',(0.,0.,0.));
#2196=DIRECTION('',(1.,0.,0.));
#2197=DIRECTION('',(0.,0.,-1.));
#2198=AXIS2_PLACEMENT_3D('',#2195,#2196,#2197);
#2199=CYLINDRICAL_SURFACE('',#2198,5.);
#2200=CARTESIAN_POINT('',(0.,-1.43617091,4.789301945));
#2201=VERTEX_POINT('',#2200);
#2202=CARTESIAN_POINT('',(0.,-1.653194379,4.718786745));
#2203=VERTEX_POINT('',#2202);
#2204=CARTESIAN_POINT('',(0.,0.,0.));
#2205=DIRECTION('',(1.,0.,0.));
#2206=DIRECTION('',(0.,0.,-1.));
#2207=AXIS2_PLACEMENT_3D('',#2204,#2205,#2206);
#2208=CIRCLE('',#2207,5.);
#2209=EDGE_CURVE('',#2201,#2203,#2208,.T.);
#2210=ORIENTED_EDGE('',*,*,#2209,.F.);
#2211=CARTESIAN_POINT('',(-1.,-1.43617091,4.789301945));
#2212=VERTEX_POINT('',#2211);
#2213=CARTESIAN_POINT('',(-1.,-1.43617091,4.789301945));
#2214=DIRECTION('',(1.,0.,-0.));
#2215=VECTOR('',#2214,1.);
#2216=LINE('',#2213,#2215);
#2217=EDGE_CURVE('',#2212,#2201,#2216,.T.);
#2218=ORIENTED_EDGE('',*,*,#2217,.F.);
#2219=CARTESIAN_POINT('',(-1.,-1.653194379,4.718786745));
#2220=VERTEX_POINT('',#2219);
#2221=CARTESIAN_POINT('',(-1.,0.,0.));
#2222=DIRECTION('',(1.,0.,0.));
#2223=DIRECTION('',(0.,0.,-1.));
#2224=AXIS2_PLACEMENT_3D('',#2221,#2222,#2223);
#2225=CIRCLE('',#2224,5.);
#2226=EDGE_CURVE('',#2212,#2220,#2225,.T.);
#2227=ORIENTED_EDGE('',*,*,#2226,.T.);
#2228=CARTESIAN_POINT('',(-1.,-1.653194379,4.718786745));
#2229=DIRECTION('',(1.,0.,-0.));
#2230=VECTOR('',#2229,1.);
#2231=LINE('',#2228,#2230);
#2232=EDGE_CURVE('',#2220,#2203,#2231,.T.);
#2233=ORIENTED_EDGE('',*,*,#2232,.T.);
#2234=EDGE_LOOP('',(#2210,#2218,#2227,#2233));
#2235=FACE_BOUND('',#2234,.T.);
#2236=ADVANCED_FACE('',(#2235),#2199,.T.);
#2237=CARTESIAN_POINT('',(0.,0.,0.));
#2238=DIRECTION('',(1.,0.,0.));
#2239=DIRECTION('',(0.,0.,-1.));
#2240=AXIS2_PLACEMENT_3D('',#2237,#2238,#2239);
#2241=CYLINDRICAL_SURFACE('',#2240,5.);
#2242=CARTESIAN_POINT('',(-1.,-2.025104973,4.571536924));
#2243=VERTEX_POINT('',#2242);
#2244=CARTESIAN_POINT('',(-1.,-2.231579248,4.474377505));
#2245=VERTEX_POINT('',#2244);
#2246=CARTESIAN_POINT('',(-1.,0.,0.));
#2247=DIRECTION('',(1.,0.,0.));
#2248=DIRECTION('',(0.,0.,-1.));
#2249=AXIS2_PLACEMENT_3D('',#2246,#2247,#2248);
#2250=CIRCLE('',#2249,5.);
#2251=EDGE_CURVE('',#2243,#2245,#2250,.T.);
#2252=ORIENTED_EDGE('',*,*,#2251,.T.);
#2253=CARTESIAN_POINT('',(0.,-2.231579248,4.474377505));
#2254=VERTEX_POINT('',#2253);
#2255=CARTESIAN_POINT('',(-1.,-2.231579248,4.474377505));
#2256=DIRECTION('',(1.,0.,-0.));
#2257=VECTOR('',#2256,1.);
#2258=LINE('',#2255,#2257);
#2259=EDGE_CURVE('',#2245,#2254,#2258,.T.);
#2260=ORIENTED_EDGE('',*,*,#2259,.T.);
#2261=CARTESIAN_POINT('',(0.,-2.025104973,4.571536924));
#2262=VERTEX_POINT('',#2261);
#2263=CARTESIAN_POINT('',(0.,0.,0.));
#2264=DIRECTION('',(1.,0.,0.));
#2265=DIRECTION('',(0.,0.,-1.));
#2266=AXIS2_PLACEMENT_3D('',#2263,#2264,#2265);
#2267=CIRCLE('',#2266,5.);
#2268=EDGE_CURVE('',#2262,#2254,#2267,.T.);
#2269=ORIENTED_EDGE('',*,*,#2268,.F.);
#2270=CARTESIAN_POINT('',(-1.,-2.025104973,4.571536924));
#2271=DIRECTION('',(1.,0.,-0.));
#2272=VECTOR('',#2271,1.);
#2273=LINE('',#2270,#2272);
#2274=EDGE_CURVE('',#2243,#2262,#2273,.T.);
#2275=ORIENTED_EDGE('',*,*,#2274,.F.);
#2276=EDGE_LOOP('',(#2252,#2260,#2269,#2275));
#2277=FACE_BOUND('',#2276,.T.);
#2278=ADVANCED_FACE('',(#2277),#2241,.T.);
#2279=CARTESIAN_POINT('',(0.,0.,0.));
#2280=DIRECTION('',(1.,0.,0.));
#2281=DIRECTION('',(0.,0.,-1.));
#2282=AXIS2_PLACEMENT_3D('',#2279,#2280,#2281);
#2283=CYLINDRICAL_SURFACE('',#2282,5.);
#2284=CARTESIAN_POINT('',(0.,-2.58210192,4.281676035));
#2285=VERTEX_POINT('',#2284);
#2286=CARTESIAN_POINT('',(0.,-2.77477078,4.159404659));
#2287=VERTEX_POINT('',#2286);
#2288=CARTESIAN_POINT('',(0.,0.,0.));
#2289=DIRECTION('',(1.,0.,0.));
#2290=DIRECTION('',(0.,0.,-1.));
#2291=AXIS2_PLACEMENT_3D('',#2288,#2289,#2290);
#2292=CIRCLE('',#2291,5.);
#2293=EDGE_CURVE('',#2285,#2287,#2292,.T.);
#2294=ORIENTED_EDGE('',*,*,#2293,.F.);
#2295=CARTESIAN_POINT('',(-1.,-2.58210192,4.281676035));
#2296=VERTEX_POINT('',#2295);
#2297=CARTESIAN_POINT('',(-1.,-2.58210192,4.281676035));
#2298=DIRECTION('',(1.,0.,-0.));
#2299=VECTOR('',#2298,1.);
#2300=LINE('',#2297,#2299);
#2301=EDGE_CURVE('',#2296,#2285,#2300,.T.);
#2302=ORIENTED_EDGE('',*,*,#2301,.F.);
#2303=CARTESIAN_POINT('',(-1.,-2.77477078,4.159404659));
#2304=VERTEX_POINT('',#2303);
#2305=CARTESIAN_POINT('',(-1.,0.,0.));
#2306=DIRECTION('',(1.,0.,0.));
#2307=DIRECTION('',(0.,0.,-1.));
#2308=AXIS2_PLACEMENT_3D('',#2305,#2306,#2307);
#2309=CIRCLE('',#2308,5.);
#2310=EDGE_CURVE('',#2296,#2304,#2309,.T.);
#2311=ORIENTED_EDGE('',*,*,#2310,.T.);
#2312=CARTESIAN_POINT('',(-1.,-2.77477078,4.159404659));
#2313=DIRECTION('',(1.,0.,-0.));
#2314=VECTOR('',#2313,1.);
#2315=LINE('',#2312,#2314);
#2316=EDGE_CURVE('',#2304,#2287,#2315,.T.);
#2317=ORIENTED_EDGE('',*,*,#2316,.T.);
#2318=EDGE_LOOP('',(#2294,#2302,#2311,#2317));
#2319=FACE_BOUND('',#2318,.T.);
#2320=ADVANCED_FACE('',(#2319),#2283,.T.);
#2321=CARTESIAN_POINT('',(0.,0.,0.));
#2322=DIRECTION('',(1.,0.,0.));
#2323=DIRECTION('',(0.,0.,-1.));
#2324=AXIS2_PLACEMENT_3D('',#2321,#2322,#2323);
#2325=CYLINDRICAL_SURFACE('',#2324,5.);
#2326=CARTESIAN_POINT('',(-1.,-3.098377578,3.924290558));
#2327=VERTEX_POINT('',#2326);
#2328=CARTESIAN_POINT('',(-1.,-3.27420252,3.778835516));
#2329=VERTEX_POINT('',#2328);
#2330=CARTESIAN_POINT('',(-1.,0.,0.));
#2331=DIRECTION('',(1.,0.,0.));
#2332=DIRECTION('',(0.,0.,-1.));
#2333=AXIS2_PLACEMENT_3D('',#2330,#2331,#2332);
#2334=CIRCLE('',#2333,5.);
#2335=EDGE_CURVE('',#2327,#2329,#2334,.T.);
#2336=ORIENTED_EDGE('',*,*,#2335,.T.);
#2337=CARTESIAN_POINT('',(0.,-3.27420252,3.778835516));
#2338=VERTEX_POINT('',#2337);
#2339=CARTESIAN_POINT('',(-1.,-3.27420252,3.778835516));
#2340=DIRECTION('',(1.,0.,-0.));
#2341=VECTOR('',#2340,1.);
#2342=LINE('',#2339,#2341);
#2343=EDGE_CURVE('',#2329,#2338,#2342,.T.);
#2344=ORIENTED_EDGE('',*,*,#2343,.T.);
#2345=CARTESIAN_POINT('',(0.,-3.098377578,3.924290558));
#2346=VERTEX_POINT('',#2345);
#2347=CARTESIAN_POINT('',(0.,0.,0.));
#2348=DIRECTION('',(1.,0.,0.));
#2349=DIRECTION('',(0.,0.,-1.));
#2350=AXIS2_PLACEMENT_3D('',#2347,#2348,#2349);
#2351=CIRCLE('',#2350,5.);
#2352=EDGE_CURVE('',#2346,#2338,#2351,.T.);
#2353=ORIENTED_EDGE('',*,*,#2352,.F.);
#2354=CARTESIAN_POINT('',(-1.,-3.098377578,3.924290558));
#2355=DIRECTION('',(1.,0.,-0.));
#2356=VECTOR('',#2355,1.);
#2357=LINE('',#2354,#2356);
#2358=EDGE_CURVE('',#2327,#2346,#2357,.T.);
#2359=ORIENTED_EDGE('',*,*,#2358,.F.);
#2360=EDGE_LOOP('',(#2336,#2344,#2353,#2359));
#2361=FACE_BOUND('',#2360,.T.);
#2362=ADVANCED_FACE('',(#2361),#2325,.T.);
#2363=CARTESIAN_POINT('',(0.,0.,0.));
#2364=DIRECTION('',(1.,0.,0.));
#2365=DIRECTION('',(0.,0.,-1.));
#2366=AXIS2_PLACEMENT_3D('',#2363,#2364,#2365);
#2367=CYLINDRICAL_SURFACE('',#2366,5.);
#2368=CARTESIAN_POINT('',(0.,-3.565789971,3.505016674));
#2369=VERTEX_POINT('',#2368);
#2370=CARTESIAN_POINT('',(0.,-3.721998129,3.338671881));
#2371=VERTEX_POINT('',#2370);
#2372=CARTESIAN_POINT('',(0.,0.,0.));
#2373=DIRECTION('',(1.,0.,0.));
#2374=DIRECTION('',(0.,0.,-1.));
#2375=AXIS2_PLACEMENT_3D('',#2372,#2373,#2374);
#2376=CIRCLE('',#2375,5.);
#2377=EDGE_CURVE('',#2369,#2371,#2376,.T.);
#2378=ORIENTED_EDGE('',*,*,#2377,.F.);
#2379=CARTESIAN_POINT('',(-1.,-3.565789971,3.505016674));
#2380=VERTEX_POINT('',#2379);
#2381=CARTESIAN_POINT('',(-1.,-3.565789971,3.505016674));
#2382=DIRECTION('',(1.,0.,-0.));
#2383=VECTOR('',#2382,1.);
#2384=LINE('',#2381,#2383);
#2385=EDGE_CURVE('',#2380,#2369,#2384,.T.);
#2386=ORIENTED_EDGE('',*,*,#2385,.F.);
#2387=CARTESIAN_POINT('',(-1.,-3.721998129,3.338671881));
#2388=VERTEX_POINT('',#2387);
#2389=CARTESIAN_POINT('',(-1.,0.,0.));
#2390=DIRECTION('',(1.,0.,0.));
#2391=DIRECTION('',(0.,0.,-1.));
#2392=AXIS2_PLACEMENT_3D('',#2389,#2390,#2391);
#2393=CIRCLE('',#2392,5.);
#2394=EDGE_CURVE('',#2380,#2388,#2393,.T.);
#2395=ORIENTED_EDGE('',*,*,#2394,.T.);
#2396=CARTESIAN_POINT('',(-1.,-3.721998129,3.338671881));
#2397=DIRECTION('',(1.,0.,-0.));
#2398=VECTOR('',#2397,1.);
#2399=LINE('',#2396,#2398);
#2400=EDGE_CURVE('',#2388,#2371,#2399,.T.);
#2401=ORIENTED_EDGE('',*,*,#2400,.T.);
#2402=EDGE_LOOP('',(#2378,#2386,#2395,#2401));
#2403=FACE_BOUND('',#2402,.T.);
#2404=ADVANCED_FACE('',(#2403),#2367,.T.);
#2405=CARTESIAN_POINT('',(0.,0.,0.));
#2406=DIRECTION('',(1.,0.,0.));
#2407=DIRECTION('',(0.,0.,-1.));
#2408=AXIS2_PLACEMENT_3D('',#2405,#2406,#2407);
#2409=CYLINDRICAL_SURFACE('',#2408,5.);
#2410=CARTESIAN_POINT('',(-1.,-3.976967725,3.030466584));
#2411=VERTEX_POINT('',#2410);
#2412=CARTESIAN_POINT('',(-1.,-4.111095605,2.845855395));
#2413=VERTEX_POINT('',#2412);
#2414=CARTESIAN_POINT('',(-1.,0.,0.));
#2415=DIRECTION('',(1.,0.,0.));
#2416=DIRECTION('',(0.,0.,-1.));
#2417=AXIS2_PLACEMENT_3D('',#2414,#2415,#2416);
#2418=CIRCLE('',#2417,5.);
#2419=EDGE_CURVE('',#2411,#2413,#2418,.T.);
#2420=ORIENTED_EDGE('',*,*,#2419,.T.);
#2421=CARTESIAN_POINT('',(0.,-4.111095605,2.845855395));
#2422=VERTEX_POINT('',#2421);
#2423=CARTESIAN_POINT('',(-1.,-4.111095605,2.845855395));
#2424=DIRECTION('',(1.,0.,-0.));
#2425=VECTOR('',#2424,1.);
#2426=LINE('',#2423,#2425);
#2427=EDGE_CURVE('',#2413,#2422,#2426,.T.);
#2428=ORIENTED_EDGE('',*,*,#2427,.T.);
#2429=CARTESIAN_POINT('',(0.,-3.976967725,3.030466584));
#2430=VERTEX_POINT('',#2429);
#2431=CARTESIAN_POINT('',(0.,0.,0.));
#2432=DIRECTION('',(1.,0.,0.));
#2433=DIRECTION('',(0.,0.,-1.));
#2434=AXIS2_PLACEMENT_3D('',#2431,#2432,#2433);
#2435=CIRCLE('',#2434,5.);
#2436=EDGE_CURVE('',#2430,#2422,#2435,.T.);
#2437=ORIENTED_EDGE('',*,*,#2436,.F.);
#2438=CARTESIAN_POINT('',(-1.,-3.976967725,3.030466584));
#2439=DIRECTION('',(1.,0.,-0.));
#2440=VECTOR('',#2439,1.);
#2441=LINE('',#2438,#2440);
#2442=EDGE_CURVE('',#2411,#2430,#2441,.T.);
#2443=ORIENTED_EDGE('',*,*,#2442,.F.);
#2444=EDGE_LOOP('',(#2420,#2428,#2437,#2443));
#2445=FACE_BOUND('',#2444,.T.);
#2446=ADVANCED_FACE('',(#2445),#2409,.T.);
#2447=CARTESIAN_POINT('',(0.,0.,0.));
#2448=DIRECTION('',(1.,0.,0.));
#2449=DIRECTION('',(0.,0.,-1.));
#2450=AXIS2_PLACEMENT_3D('',#2447,#2448,#2449);
#2451=CYLINDRICAL_SURFACE('',#2450,5.);
#2452=CARTESIAN_POINT('',(0.,-4.325426323,2.508124225));
#2453=VERTEX_POINT('',#2452);
#2454=CARTESIAN_POINT('',(0.,-4.435358647,2.308158069));
#2455=VERTEX_POINT('',#2454);
#2456=CARTESIAN_POINT('',(0.,0.,0.));
#2457=DIRECTION('',(1.,0.,0.));
#2458=DIRECTION('',(0.,0.,-1.));
#2459=AXIS2_PLACEMENT_3D('',#2456,#2457,#2458);
#2460=CIRCLE('',#2459,5.);
#2461=EDGE_CURVE('',#2453,#2455,#2460,.T.);
#2462=ORIENTED_EDGE('',*,*,#2461,.F.);
#2463=CARTESIAN_POINT('',(-1.,-4.325426323,2.508124225));
#2464=VERTEX_POINT('',#2463);
#2465=CARTESIAN_POINT('',(-1.,-4.325426323,2.508124225));
#2466=DIRECTION('',(1.,0.,-0.));
#2467=VECTOR('',#2466,1.);
#2468=LINE('',#2465,#2467);
#2469=EDGE_CURVE('',#2464,#2453,#2468,.T.);
#2470=ORIENTED_EDGE('',*,*,#2469,.F.);
#2471=CARTESIAN_POINT('',(-1.,-4.435358647,2.308158069));
#2472=VERTEX_POINT('',#2471);
#2473=CARTESIAN_POINT('',(-1.,0.,0.));
#2474=DIRECTION('',(1.,0.,0.));
#2475=DIRECTION('',(0.,0.,-1.));
#2476=AXIS2_PLACEMENT_3D('',#2473,#2474,#2475);
#2477=CIRCLE('',#2476,5.);
#2478=EDGE_CURVE('',#2464,#2472,#2477,.T.);
#2479=ORIENTED_EDGE('',*,*,#2478,.T.);
#2480=CARTESIAN_POINT('',(-1.,-4.435358647,2.308158069));
#2481=DIRECTION('',(1.,0.,-0.));
#2482=VECTOR('',#2481,1.);
#2483=LINE('',#2480,#2482);
#2484=EDGE_CURVE('',#2472,#2455,#2483,.T.);
#2485=ORIENTED_EDGE('',*,*,#2484,.T.);
#2486=EDGE_LOOP('',(#2462,#2470,#2479,#2485));
#2487=FACE_BOUND('',#2486,.T.);
#2488=ADVANCED_FACE('',(#2487),#2451,.T.);
#2489=CARTESIAN_POINT('',(0.,0.,0.));
#2490=DIRECTION('',(1.,0.,0.));
#2491=DIRECTION('',(0.,0.,-1.));
#2492=AXIS2_PLACEMENT_3D('',#2489,#2490,#2491);
#2493=CYLINDRICAL_SURFACE('',#2492,5.);
#2494=CARTESIAN_POINT('',(-1.,-4.605670364,1.946227248));
#2495=VERTEX_POINT('',#2494);
#2496=CARTESIAN_POINT('',(-1.,-4.689673434,1.734059712));
#2497=VERTEX_POINT('',#2496);
#2498=CARTESIAN_POINT('',(-1.,0.,0.));
#2499=DIRECTION('',(1.,0.,0.));
#2500=DIRECTION('',(0.,0.,-1.));
#2501=AXIS2_PLACEMENT_3D('',#2498,#2499,#2500);
#2502=CIRCLE('',#2501,5.);
#2503=EDGE_CURVE('',#2495,#2497,#2502,.T.);
#2504=ORIENTED_EDGE('',*,*,#2503,.T.);
#2505=CARTESIAN_POINT('',(0.,-4.689673434,1.734059712));
#2506=VERTEX_POINT('',#2505);
#2507=CARTESIAN_POINT('',(-1.,-4.689673434,1.734059712));
#2508=DIRECTION('',(1.,0.,-0.));
#2509=VECTOR('',#2508,1.);
#2510=LINE('',#2507,#2509);
#2511=EDGE_CURVE('',#2497,#2506,#2510,.T.);
#2512=ORIENTED_EDGE('',*,*,#2511,.T.);
#2513=CARTESIAN_POINT('',(0.,-4.605670364,1.946227248));
#2514=VERTEX_POINT('',#2513);
#2515=CARTESIAN_POINT('',(0.,0.,0.));
#2516=DIRECTION('',(1.,0.,0.));
#2517=DIRECTION('',(0.,0.,-1.));
#2518=AXIS2_PLACEMENT_3D('',#2515,#2516,#2517);
#2519=CIRCLE('',#2518,5.);
#2520=EDGE_CURVE('',#2514,#2506,#2519,.T.);
#2521=ORIENTED_EDGE('',*,*,#2520,.F.);
#2522=CARTESIAN_POINT('',(-1.,-4.605670364,1.946227248));
#2523=DIRECTION('',(1.,0.,-0.));
#2524=VECTOR('',#2523,1.);
#2525=LINE('',#2522,#2524);
#2526=EDGE_CURVE('',#2495,#2514,#2525,.T.);
#2527=ORIENTED_EDGE('',*,*,#2526,.F.);
#2528=EDGE_LOOP('',(#2504,#2512,#2521,#2527));
#2529=FACE_BOUND('',#2528,.T.);
#2530=ADVANCED_FACE('',(#2529),#2493,.T.);
#2531=CARTESIAN_POINT('',(0.,0.,0.));
#2532=DIRECTION('',(1.,0.,0.));
#2533=DIRECTION('',(0.,0.,-1.));
#2534=AXIS2_PLACEMENT_3D('',#2531,#2532,#2533);
#2535=CYLINDRICAL_SURFACE('',#2534,5.);
#2536=CARTESIAN_POINT('',(0.,-4.813280231,1.353637106));
#2537=VERTEX_POINT('',#2536);
#2538=CARTESIAN_POINT('',(0.,-4.870029269,1.132614198));
#2539=VERTEX_POINT('',#2538);
#2540=CARTESIAN_POINT('',(0.,0.,0.));
#2541=DIRECTION('',(1.,0.,0.));
#2542=DIRECTION('',(0.,0.,-1.));
#2543=AXIS2_PLACEMENT_3D('',#2540,#2541,#2542);
#2544=CIRCLE('',#2543,5.);
#2545=EDGE_CURVE('',#2537,#2539,#2544,.T.);
#2546=ORIENTED_EDGE('',*,*,#2545,.F.);
#2547=CARTESIAN_POINT('',(-1.,-4.813280231,1.353637106));
#2548=VERTEX_POINT('',#2547);
#2549=CARTESIAN_POINT('',(-1.,-4.813280231,1.353637106));
#2550=DIRECTION('',(1.,0.,-0.));
#2551=VECTOR('',#2550,1.);
#2552=LINE('',#2549,#2551);
#2553=EDGE_CURVE('',#2548,#2537,#2552,.T.);
#2554=ORIENTED_EDGE('',*,*,#2553,.F.);
#2555=CARTESIAN_POINT('',(-1.,-4.870029269,1.132614198));
#2556=VERTEX_POINT('',#2555);
#2557=CARTESIAN_POINT('',(-1.,0.,0.));
#2558=DIRECTION('',(1.,0.,0.));
#2559=DIRECTION('',(0.,0.,-1.));
#2560=AXIS2_PLACEMENT_3D('',#2557,#2558,#2559);
#2561=CIRCLE('',#2560,5.);
#2562=EDGE_CURVE('',#2548,#2556,#2561,.T.);
#2563=ORIENTED_EDGE('',*,*,#2562,.T.);
#2564=CARTESIAN_POINT('',(-1.,-4.870029269,1.132614198));
#2565=DIRECTION('',(1.,0.,-0.));
#2566=VECTOR('',#2565,1.);
#2567=LINE('',#2564,#2566);
#2568=EDGE_CURVE('',#2556,#2539,#2567,.T.);
#2569=ORIENTED_EDGE('',*,*,#2568,.T.);
#2570=EDGE_LOOP('',(#2546,#2554,#2563,#2569));
#2571=FACE_BOUND('',#2570,.T.);
#2572=ADVANCED_FACE('',(#2571),#2535,.T.);
#2573=CARTESIAN_POINT('',(0.,0.,0.));
#2574=DIRECTION('',(1.,0.,0.));
#2575=DIRECTION('',(0.,0.,-1.));
#2576=AXIS2_PLACEMENT_3D('',#2573,#2574,#2575);
#2577=CYLINDRICAL_SURFACE('',#2576,5.);
#2578=CARTESIAN_POINT('',(-1.,-4.944981795,0.739699297));
#2579=VERTEX_POINT('',#2578);
#2580=CARTESIAN_POINT('',(-1.,-4.973581833,0.513306681));
#2581=VERTEX_POINT('',#2580);
#2582=CARTESIAN_POINT('',(-1.,0.,0.));
#2583=DIRECTION('',(1.,0.,0.));
#2584=DIRECTION('',(0.,0.,-1.));
#2585=AXIS2_PLACEMENT_3D('',#2582,#2583,#2584);
#2586=CIRCLE('',#2585,5.);
#2587=EDGE_CURVE('',#2579,#2581,#2586,.T.);
#2588=ORIENTED_EDGE('',*,*,#2587,.T.);
#2589=CARTESIAN_POINT('',(0.,-4.973581833,0.513306681));
#2590=VERTEX_POINT('',#2589);
#2591=CARTESIAN_POINT('',(-1.,-4.973581833,0.513306681));
#2592=DIRECTION('',(1.,0.,-0.));
#2593=VECTOR('',#2592,1.);
#2594=LINE('',#2591,#2593);
#2595=EDGE_CURVE('',#2581,#2590,#2594,.T.);
#2596=ORIENTED_EDGE('',*,*,#2595,.T.);
#2597=CARTESIAN_POINT('',(0.,-4.944981795,0.739699297));
#2598=VERTEX_POINT('',#2597);
#2599=CARTESIAN_POINT('',(0.,0.,0.));
#2600=DIRECTION('',(1.,0.,0.));
#2601=DIRECTION('',(0.,0.,-1.));
#2602=AXIS2_PLACEMENT_3D('',#2599,#2600,#2601);
#2603=CIRCLE('',#2602,5.);
#2604=EDGE_CURVE('',#2598,#2590,#2603,.T.);
#2605=ORIENTED_EDGE('',*,*,#2604,.F.);
#2606=CARTESIAN_POINT('',(-1.,-4.944981795,0.739699297));
#2607=DIRECTION('',(1.,0.,-0.));
#2608=VECTOR('',#2607,1.);
#2609=LINE('',#2606,#2608);
#2610=EDGE_CURVE('',#2579,#2598,#2609,.T.);
#2611=ORIENTED_EDGE('',*,*,#2610,.F.);
#2612=EDGE_LOOP('',(#2588,#2596,#2605,#2611));
#2613=FACE_BOUND('',#2612,.T.);
#2614=ADVANCED_FACE('',(#2613),#2577,.T.);
#2615=CARTESIAN_POINT('',(0.,0.,0.));
#2616=DIRECTION('',(1.,0.,0.));
#2617=DIRECTION('',(0.,0.,-1.));
#2618=AXIS2_PLACEMENT_3D('',#2615,#2616,#2617);
#2619=CYLINDRICAL_SURFACE('',#2618,5.);
#2620=CARTESIAN_POINT('',(0.,-4.998698041,0.114095989));
#2621=VERTEX_POINT('',#2620);
#2622=CARTESIAN_POINT('',(0.,-4.998698041,-0.114095989));
#2623=VERTEX_POINT('',#2622);
#2624=CARTESIAN_POINT('',(0.,0.,0.));
#2625=DIRECTION('',(1.,0.,0.));
#2626=DIRECTION('',(0.,0.,-1.));
#2627=AXIS2_PLACEMENT_3D('',#2624,#2625,#2626);
#2628=CIRCLE('',#2627,5.);
#2629=EDGE_CURVE('',#2621,#2623,#2628,.T.);
#2630=ORIENTED_EDGE('',*,*,#2629,.F.);
#2631=CARTESIAN_POINT('',(-1.,-4.998698041,0.114095989));
#2632=VERTEX_POINT('',#2631);
#2633=CARTESIAN_POINT('',(-1.,-4.998698041,0.114095989));
#2634=DIRECTION('',(1.,0.,-0.));
#2635=VECTOR('',#2634,1.);
#2636=LINE('',#2633,#2635);
#2637=EDGE_CURVE('',#2632,#2621,#2636,.T.);
#2638=ORIENTED_EDGE('',*,*,#2637,.F.);
#2639=CARTESIAN_POINT('',(-1.,-4.998698041,-0.114095989));
#2640=VERTEX_POINT('',#2639);
#2641=CARTESIAN_POINT('',(-1.,0.,0.));
#2642=DIRECTION('',(1.,0.,0.));
#2643=DIRECTION('',(0.,0.,-1.));
#2644=AXIS2_PLACEMENT_3D('',#2641,#2642,#2643);
#2645=CIRCLE('',#2644,5.);
#2646=EDGE_CURVE('',#2632,#2640,#2645,.T.);
#2647=ORIENTED_EDGE('',*,*,#2646,.T.);
#2648=CARTESIAN_POINT('',(-1.,-4.998698041,-0.114095989));
#2649=DIRECTION('',(1.,0.,-0.));
#2650=VECTOR('',#2649,1.);
#2651=LINE('',#2648,#2650);
#2652=EDGE_CURVE('',#2640,#2623,#2651,.T.);
#2653=ORIENTED_EDGE('',*,*,#2652,.T.);
#2654=EDGE_LOOP('',(#2630,#2638,#2647,#2653));
#2655=FACE_BOUND('',#2654,.T.);
#2656=ADVANCED_FACE('',(#2655),#2619,.T.);
#2657=CARTESIAN_POINT('',(0.,0.,0.));
#2658=DIRECTION('',(1.,0.,0.));
#2659=DIRECTION('',(0.,0.,-1.));
#2660=AXIS2_PLACEMENT_3D('',#2657,#2658,#2659);
#2661=CYLINDRICAL_SURFACE('',#2660,5.);
#2662=CARTESIAN_POINT('',(-1.,-4.973581833,-0.513306681));
#2663=VERTEX_POINT('',#2662);
#2664=CARTESIAN_POINT('',(-1.,-4.944981795,-0.739699297));
#2665=VERTEX_POINT('',#2664);
#2666=CARTESIAN_POINT('',(-1.,0.,0.));
#2667=DIRECTION('',(1.,0.,0.));
#2668=DIRECTION('',(0.,0.,-1.));
#2669=AXIS2_PLACEMENT_3D('',#2666,#2667,#2668);
#2670=CIRCLE('',#2669,5.);
#2671=EDGE_CURVE('',#2663,#2665,#2670,.T.);
#2672=ORIENTED_EDGE('',*,*,#2671,.T.);
#2673=CARTESIAN_POINT('',(0.,-4.944981795,-0.739699297));
#2674=VERTEX_POINT('',#2673);
#2675=CARTESIAN_POINT('',(-1.,-4.944981795,-0.739699297));
#2676=DIRECTION('',(1.,0.,-0.));
#2677=VECTOR('',#2676,1.);
#2678=LINE('',#2675,#2677);
#2679=EDGE_CURVE('',#2665,#2674,#2678,.T.);
#2680=ORIENTED_EDGE('',*,*,#2679,.T.);
#2681=CARTESIAN_POINT('',(0.,-4.973581833,-0.513306681));
#2682=VERTEX_POINT('',#2681);
#2683=CARTESIAN_POINT('',(0.,0.,0.));
#2684=DIRECTION('',(1.,0.,0.));
#2685=DIRECTION('',(0.,0.,-1.));
#2686=AXIS2_PLACEMENT_3D('',#2683,#2684,#2685);
#2687=CIRCLE('',#2686,5.);
#2688=EDGE_CURVE('',#2682,#2674,#2687,.T.);
#2689=ORIENTED_EDGE('',*,*,#2688,.F.);
#2690=CARTESIAN_POINT('',(-1.,-4.973581833,-0.513306681));
#2691=DIRECTION('',(1.,0.,-0.));
#2692=VECTOR('',#2691,1.);
#2693=LINE('',#2690,#2692);
#2694=EDGE_CURVE('',#2663,#2682,#2693,.T.);
#2695=ORIENTED_EDGE('',*,*,#2694,.F.);
#2696=EDGE_LOOP('',(#2672,#2680,#2689,#2695));
#2697=FACE_BOUND('',#2696,.T.);
#2698=ADVANCED_FACE('',(#2697),#2661,.T.);
#2699=CARTESIAN_POINT('',(0.,0.,0.));
#2700=DIRECTION('',(1.,0.,0.));
#2701=DIRECTION('',(0.,0.,-1.));
#2702=AXIS2_PLACEMENT_3D('',#2699,#2700,#2701);
#2703=CYLINDRICAL_SURFACE('',#2702,5.);
#2704=CARTESIAN_POINT('',(0.,-4.870029269,-1.132614198));
#2705=VERTEX_POINT('',#2704);
#2706=CARTESIAN_POINT('',(0.,-4.813280231,-1.353637106));
#2707=VERTEX_POINT('',#2706);
#2708=CARTESIAN_POINT('',(0.,0.,0.));
#2709=DIRECTION('',(1.,0.,0.));
#2710=DIRECTION('',(0.,0.,-1.));
#2711=AXIS2_PLACEMENT_3D('',#2708,#2709,#2710);
#2712=CIRCLE('',#2711,5.);
#2713=EDGE_CURVE('',#2705,#2707,#2712,.T.);
#2714=ORIENTED_EDGE('',*,*,#2713,.F.);
#2715=CARTESIAN_POINT('',(-1.,-4.870029269,-1.132614198));
#2716=VERTEX_POINT('',#2715);
#2717=CARTESIAN_POINT('',(-1.,-4.870029269,-1.132614198));
#2718=DIRECTION('',(1.,0.,-0.));
#2719=VECTOR('',#2718,1.);
#2720=LINE('',#2717,#2719);
#2721=EDGE_CURVE('',#2716,#2705,#2720,.T.);
#2722=ORIENTED_EDGE('',*,*,#2721,.F.);
#2723=CARTESIAN_POINT('',(-1.,-4.813280231,-1.353637106));
#2724=VERTEX_POINT('',#2723);
#2725=CARTESIAN_POINT('',(-1.,0.,0.));
#2726=DIRECTION('',(1.,0.,0.));
#2727=DIRECTION('',(0.,0.,-1.));
#2728=AXIS2_PLACEMENT_3D('',#2725,#2726,#2727);
#2729=CIRCLE('',#2728,5.);
#2730=EDGE_CURVE('',#2716,#2724,#2729,.T.);
#2731=ORIENTED_EDGE('',*,*,#2730,.T.);
#2732=CARTESIAN_POINT('',(-1.,-4.813280231,-1.353637106));
#2733=DIRECTION('',(1.,0.,-0.));
#2734=VECTOR('',#2733,1.);
#2735=LINE('',#2732,#2734);
#2736=EDGE_CURVE('',#2724,#2707,#2735,.T.);
#2737=ORIENTED_EDGE('',*,*,#2736,.T.);
#2738=EDGE_LOOP('',(#2714,#2722,#2731,#2737));
#2739=FACE_BOUND('',#2738,.T.);
#2740=ADVANCED_FACE('',(#2739),#2703,.T.);
#2741=CARTESIAN_POINT('',(0.,0.,0.));
#2742=DIRECTION('',(1.,0.,0.));
#2743=DIRECTION('',(0.,0.,-1.));
#2744=AXIS2_PLACEMENT_3D('',#2741,#2742,#2743);
#2745=CYLINDRICAL_SURFACE('',#2744,5.);
#2746=CARTESIAN_POINT('',(-1.,-4.689673434,-1.734059712));
#2747=VERTEX_POINT('',#2746);
#2748=CARTESIAN_POINT('',(-1.,-4.605670364,-1.946227248));
#2749=VERTEX_POINT('',#2748);
#2750=CARTESIAN_POINT('',(-1.,0.,0.));
#2751=DIRECTION('',(1.,0.,0.));
#2752=DIRECTION('',(0.,0.,-1.));
#2753=AXIS2_PLACEMENT_3D('',#2750,#2751,#2752);
#2754=CIRCLE('',#2753,5.);
#2755=EDGE_CURVE('',#2747,#2749,#2754,.T.);
#2756=ORIENTED_EDGE('',*,*,#2755,.T.);
#2757=CARTESIAN_POINT('',(0.,-4.605670364,-1.946227248));
#2758=VERTEX_POINT('',#2757);
#2759=CARTESIAN_POINT('',(-1.,-4.605670364,-1.946227248));
#2760=DIRECTION('',(1.,0.,-0.));
#2761=VECTOR('',#2760,1.);
#2762=LINE('',#2759,#2761);
#2763=EDGE_CURVE('',#2749,#2758,#2762,.T.);
#2764=ORIENTED_EDGE('',*,*,#2763,.T.);
#2765=CARTESIAN_POINT('',(0.,-4.689673434,-1.734059712));
#2766=VERTEX_POINT('',#2765);
#2767=CARTESIAN_POINT('',(0.,0.,0.));
#2768=DIRECTION('',(1.,0.,0.));
#2769=DIRECTION('',(0.,0.,-1.));
#2770=AXIS2_PLACEMENT_3D('',#2767,#2768,#2769);
#2771=CIRCLE('',#2770,5.);
#2772=EDGE_CURVE('',#2766,#2758,#2771,.T.);
#2773=ORIENTED_EDGE('',*,*,#2772,.F.);
#2774=CARTESIAN_POINT('',(-1.,-4.689673434,-1.734059712));
#2775=DIRECTION('',(1.,0.,-0.));
#2776=VECTOR('',#2775,1.);
#2777=LINE('',#2774,#2776);
#2778=EDGE_CURVE('',#2747,#2766,#2777,.T.);
#2779=ORIENTED_EDGE('',*,*,#2778,.F.);
#2780=EDGE_LOOP('',(#2756,#2764,#2773,#2779));
#2781=FACE_BOUND('',#2780,.T.);
#2782=ADVANCED_FACE('',(#2781),#2745,.T.);
#2783=CARTESIAN_POINT('',(0.,0.,0.));
#2784=DIRECTION('',(1.,0.,0.));
#2785=DIRECTION('',(0.,0.,-1.));
#2786=AXIS2_PLACEMENT_3D('',#2783,#2784,#2785);
#2787=CYLINDRICAL_SURFACE('',#2786,5.);
#2788=CARTESIAN_POINT('',(0.,-4.435358647,-2.308158069));
#2789=VERTEX_POINT('',#2788);
#2790=CARTESIAN_POINT('',(0.,-4.325426323,-2.508124225));
#2791=VERTEX_POINT('',#2790);
#2792=CARTESIAN_POINT('',(0.,0.,0.));
#2793=DIRECTION('',(1.,0.,0.));
#2794=DIRECTION('',(0.,0.,-1.));
#2795=AXIS2_PLACEMENT_3D('',#2792,#2793,#2794);
#2796=CIRCLE('',#2795,5.);
#2797=EDGE_CURVE('',#2789,#2791,#2796,.T.);
#2798=ORIENTED_EDGE('',*,*,#2797,.F.);
#2799=CARTESIAN_POINT('',(-1.,-4.435358647,-2.308158069));
#2800=VERTEX_POINT('',#2799);
#2801=CARTESIAN_POINT('',(-1.,-4.435358647,-2.308158069));
#2802=DIRECTION('',(1.,0.,-0.));
#2803=VECTOR('',#2802,1.);
#2804=LINE('',#2801,#2803);
#2805=EDGE_CURVE('',#2800,#2789,#2804,.T.);
#2806=ORIENTED_EDGE('',*,*,#2805,.F.);
#2807=CARTESIAN_POINT('',(-1.,-4.325426323,-2.508124225));
#2808=VERTEX_POINT('',#2807);
#2809=CARTESIAN_POINT('',(-1.,0.,0.));
#2810=DIRECTION('',(1.,0.,0.));
#2811=DIRECTION('',(0.,0.,-1.));
#2812=AXIS2_PLACEMENT_3D('',#2809,#2810,#2811);
#2813=CIRCLE('',#2812,5.);
#2814=EDGE_CURVE('',#2800,#2808,#2813,.T.);
#2815=ORIENTED_EDGE('',*,*,#2814,.T.);
#2816=CARTESIAN_POINT('',(-1.,-4.325426323,-2.508124225));
#2817=DIRECTION('',(1.,0.,-0.));
#2818=VECTOR('',#2817,1.);
#2819=LINE('',#2816,#2818);
#2820=EDGE_CURVE('',#2808,#2791,#2819,.T.);
#2821=ORIENTED_EDGE('',*,*,#2820,.T.);
#2822=EDGE_LOOP('',(#2798,#2806,#2815,#2821));
#2823=FACE_BOUND('',#2822,.T.);
#2824=ADVANCED_FACE('',(#2823),#2787,.T.);
#2825=CARTESIAN_POINT('',(0.,0.,0.));
#2826=DIRECTION('',(1.,0.,0.));
#2827=DIRECTION('',(0.,0.,-1.));
#2828=AXIS2_PLACEMENT_3D('',#2825,#2826,#2827);
#2829=CYLINDRICAL_SURFACE('',#2828,5.);
#2830=CARTESIAN_POINT('',(0.,-4.111095605,-2.845855395));
#2831=VERTEX_POINT('',#2830);
#2832=CARTESIAN_POINT('',(0.,-3.976967725,-3.030466584));
#2833=VERTEX_POINT('',#2832);
#2834=CARTESIAN_POINT('',(0.,0.,0.));
#2835=DIRECTION('',(1.,0.,0.));
#2836=DIRECTION('',(0.,0.,-1.));
#2837=AXIS2_PLACEMENT_3D('',#2834,#2835,#2836);
#2838=CIRCLE('',#2837,5.);
#2839=EDGE_CURVE('',#2831,#2833,#2838,.T.);
#2840=ORIENTED_EDGE('',*,*,#2839,.F.);
#2841=CARTESIAN_POINT('',(-1.,-4.111095605,-2.845855395));
#2842=VERTEX_POINT('',#2841);
#2843=CARTESIAN_POINT('',(-1.,-4.111095605,-2.845855395));
#2844=DIRECTION('',(1.,0.,-0.));
#2845=VECTOR('',#2844,1.);
#2846=LINE('',#2843,#2845);
#2847=EDGE_CURVE('',#2842,#2831,#2846,.T.);
#2848=ORIENTED_EDGE('',*,*,#2847,.F.);
#2849=CARTESIAN_POINT('',(-1.,-3.976967725,-3.030466584));
#2850=VERTEX_POINT('',#2849);
#2851=CARTESIAN_POINT('',(-1.,0.,0.));
#2852=DIRECTION('',(1.,0.,0.));
#2853=DIRECTION('',(0.,0.,-1.));
#2854=AXIS2_PLACEMENT_3D('',#2851,#2852,#2853);
#2855=CIRCLE('',#2854,5.);
#2856=EDGE_CURVE('',#2842,#2850,#2855,.T.);
#2857=ORIENTED_EDGE('',*,*,#2856,.T.);
#2858=CARTESIAN_POINT('',(-1.,-3.976967725,-3.030466584));
#2859=DIRECTION('',(1.,0.,-0.));
#2860=VECTOR('',#2859,1.);
#2861=LINE('',#2858,#2860);
#2862=EDGE_CURVE('',#2850,#2833,#2861,.T.);
#2863=ORIENTED_EDGE('',*,*,#2862,.T.);
#2864=EDGE_LOOP('',(#2840,#2848,#2857,#2863));
#2865=FACE_BOUND('',#2864,.T.);
#2866=ADVANCED_FACE('',(#2865),#2829,.T.);
#2867=CARTESIAN_POINT('',(0.,0.,0.));
#2868=DIRECTION('',(1.,0.,0.));
#2869=DIRECTION('',(0.,0.,-1.));
#2870=AXIS2_PLACEMENT_3D('',#2867,#2868,#2869);
#2871=CYLINDRICAL_SURFACE('',#2870,5.);
#2872=CARTESIAN_POINT('',(0.,-3.721998129,-3.338671881));
#2873=VERTEX_POINT('',#2872);
#2874=CARTESIAN_POINT('',(0.,-3.565789971,-3.505016674));
#2875=VERTEX_POINT('',#2874);
#2876=CARTESIAN_POINT('',(0.,0.,0.));
#2877=DIRECTION('',(1.,0.,0.));
#2878=DIRECTION('',(0.,0.,-1.));
#2879=AXIS2_PLACEMENT_3D('',#2876,#2877,#2878);
#2880=CIRCLE('',#2879,5.);
#2881=EDGE_CURVE('',#2873,#2875,#2880,.T.);
#2882=ORIENTED_EDGE('',*,*,#2881,.F.);
#2883=CARTESIAN_POINT('',(-1.,-3.721998129,-3.338671881));
#2884=VERTEX_POINT('',#2883);
#2885=CARTESIAN_POINT('',(-1.,-3.721998129,-3.338671881));
#2886=DIRECTION('',(1.,0.,-0.));
#2887=VECTOR('',#2886,1.);
#2888=LINE('',#2885,#2887);
#2889=EDGE_CURVE('',#2884,#2873,#2888,.T.);
#2890=ORIENTED_EDGE('',*,*,#2889,.F.);
#2891=CARTESIAN_POINT('',(-1.,-3.565789971,-3.505016674));
#2892=VERTEX_POINT('',#2891);
#2893=CARTESIAN_POINT('',(-1.,0.,0.));
#2894=DIRECTION('',(1.,0.,0.));
#2895=DIRECTION('',(0.,0.,-1.));
#2896=AXIS2_PLACEMENT_3D('',#2893,#2894,#2895);
#2897=CIRCLE('',#2896,5.);
#2898=EDGE_CURVE('',#2884,#2892,#2897,.T.);
#2899=ORIENTED_EDGE('',*,*,#2898,.T.);
#2900=CARTESIAN_POINT('',(-1.,-3.565789971,-3.505016674));
#2901=DIRECTION('',(1.,0.,-0.));
#2902=VECTOR('',#2901,1.);
#2903=LINE('',#2900,#2902);
#2904=EDGE_CURVE('',#2892,#2875,#2903,.T.);
#2905=ORIENTED_EDGE('',*,*,#2904,.T.);
#2906=EDGE_LOOP('',(#2882,#2890,#2899,#2905));
#2907=FACE_BOUND('',#2906,.T.);
#2908=ADVANCED_FACE('',(#2907),#2871,.T.);
#2909=CARTESIAN_POINT('',(0.,0.,0.));
#2910=DIRECTION('',(1.,0.,0.));
#2911=DIRECTION('',(0.,0.,-1.));
#2912=AXIS2_PLACEMENT_3D('',#2909,#2910,#2911);
#2913=CYLINDRICAL_SURFACE('',#2912,5.);
#2914=CARTESIAN_POINT('',(0.,-3.27420252,-3.778835516));
#2915=VERTEX_POINT('',#2914);
#2916=CARTESIAN_POINT('',(0.,-3.098377578,-3.924290558));
#2917=VERTEX_POINT('',#2916);
#2918=CARTESIAN_POINT('',(0.,0.,0.));
#2919=DIRECTION('',(1.,0.,0.));
#2920=DIRECTION('',(0.,0.,-1.));
#2921=AXIS2_PLACEMENT_3D('',#2918,#2919,#2920);
#2922=CIRCLE('',#2921,5.);
#2923=EDGE_CURVE('',#2915,#2917,#2922,.T.);
#2924=ORIENTED_EDGE('',*,*,#2923,.F.);
#2925=CARTESIAN_POINT('',(-1.,-3.27420252,-3.778835516));
#2926=VERTEX_POINT('',#2925);
#2927=CARTESIAN_POINT('',(-1.,-3.27420252,-3.778835516));
#2928=DIRECTION('',(1.,0.,-0.));
#2929=VECTOR('',#2928,1.);
#2930=LINE('',#2927,#2929);
#2931=EDGE_CURVE('',#2926,#2915,#2930,.T.);
#2932=ORIENTED_EDGE('',*,*,#2931,.F.);
#2933=CARTESIAN_POINT('',(-1.,-3.098377578,-3.924290558));
#2934=VERTEX_POINT('',#2933);
#2935=CARTESIAN_POINT('',(-1.,0.,0.));
#2936=DIRECTION('',(1.,0.,0.));
#2937=DIRECTION('',(0.,0.,-1.));
#2938=AXIS2_PLACEMENT_3D('',#2935,#2936,#2937);
#2939=CIRCLE('',#2938,5.);
#2940=EDGE_CURVE('',#2926,#2934,#2939,.T.);
#2941=ORIENTED_EDGE('',*,*,#2940,.T.);
#2942=CARTESIAN_POINT('',(-1.,-3.098377578,-3.924290558));
#2943=DIRECTION('',(1.,0.,-0.));
#2944=VECTOR('',#2943,1.);
#2945=LINE('',#2942,#2944);
#2946=EDGE_CURVE('',#2934,#2917,#2945,.T.);
#2947=ORIENTED_EDGE('',*,*,#2946,.T.);
#2948=EDGE_LOOP('',(#2924,#2932,#2941,#2947));
#2949=FACE_BOUND('',#2948,.T.);
#2950=ADVANCED_FACE('',(#2949),#2913,.T.);
#2951=CARTESIAN_POINT('',(0.,0.,0.));
#2952=DIRECTION('',(1.,0.,0.));
#2953=DIRECTION('',(0.,0.,-1.));
#2954=AXIS2_PLACEMENT_3D('',#2951,#2952,#2953);
#2955=CYLINDRICAL_SURFACE('',#2954,5.);
#2956=CARTESIAN_POINT('',(0.,-2.77477078,-4.159404659));
#2957=VERTEX_POINT('',#2956);
#2958=CARTESIAN_POINT('',(0.,-2.58210192,-4.281676035));
#2959=VERTEX_POINT('',#2958);
#2960=CARTESIAN_POINT('',(0.,0.,0.));
#2961=DIRECTION('',(1.,0.,0.));
#2962=DIRECTION('',(0.,0.,-1.));
#2963=AXIS2_PLACEMENT_3D('',#2960,#2961,#2962);
#2964=CIRCLE('',#2963,5.);
#2965=EDGE_CURVE('',#2957,#2959,#2964,.T.);
#2966=ORIENTED_EDGE('',*,*,#2965,.F.);
#2967=CARTESIAN_POINT('',(-1.,-2.77477078,-4.159404659));
#2968=VERTEX_POINT('',#2967);
#2969=CARTESIAN_POINT('',(-1.,-2.77477078,-4.159404659));
#2970=DIRECTION('',(1.,0.,-0.));
#2971=VECTOR('',#2970,1.);
#2972=LINE('',#2969,#2971);
#2973=EDGE_CURVE('',#2968,#2957,#2972,.T.);
#2974=ORIENTED_EDGE('',*,*,#2973,.F.);
#2975=CARTESIAN_POINT('',(-1.,-2.58210192,-4.281676035));
#2976=VERTEX_POINT('',#2975);
#2977=CARTESIAN_POINT('',(-1.,0.,0.));
#2978=DIRECTION('',(1.,0.,0.));
#2979=DIRECTION('',(0.,0.,-1.));
#2980=AXIS2_PLACEMENT_3D('',#2977,#2978,#2979);
#2981=CIRCLE('',#2980,5.);
#2982=EDGE_CURVE('',#2968,#2976,#2981,.T.);
#2983=ORIENTED_EDGE('',*,*,#2982,.T.);
#2984=CARTESIAN_POINT('',(-1.,-2.58210192,-4.281676035));
#2985=DIRECTION('',(1.,0.,-0.));
#2986=VECTOR('',#2985,1.);
#2987=LINE('',#2984,#2986);
#2988=EDGE_CURVE('',#2976,#2959,#2987,.T.);
#2989=ORIENTED_EDGE('',*,*,#2988,.T.);
#2990=EDGE_LOOP('',(#2966,#2974,#2983,#2989));
#2991=FACE_BOUND('',#2990,.T.);
#2992=ADVANCED_FACE('',(#2991),#2955,.T.);
#2993=CARTESIAN_POINT('',(0.,0.,0.));
#2994=DIRECTION('',(1.,0.,0.));
#2995=DIRECTION('',(0.,0.,-1.));
#2996=AXIS2_PLACEMENT_3D('',#2993,#2994,#2995);
#2997=CYLINDRICAL_SURFACE('',#2996,5.);
#2998=CARTESIAN_POINT('',(0.,-2.231579248,-4.474377505));
#2999=VERTEX_POINT('',#2998);
#3000=CARTESIAN_POINT('',(0.,-2.025104973,-4.571536924));
#3001=VERTEX_POINT('',#3000);
#3002=CARTESIAN_POINT('',(0.,0.,0.));
#3003=DIRECTION('',(1.,0.,0.));
#3004=DIRECTION('',(0.,0.,-1.));
#3005=AXIS2_PLACEMENT_3D('',#3002,#3003,#3004);
#3006=CIRCLE('',#3005,5.);
#3007=EDGE_CURVE('',#2999,#3001,#3006,.T.);
#3008=ORIENTED_EDGE('',*,*,#3007,.F.);
#3009=CARTESIAN_POINT('',(-1.,-2.231579248,-4.474377505));
#3010=VERTEX_POINT('',#3009);
#3011=CARTESIAN_POINT('',(-1.,-2.231579248,-4.474377505));
#3012=DIRECTION('',(1.,0.,-0.));
#3013=VECTOR('',#3012,1.);
#3014=LINE('',#3011,#3013);
#3015=EDGE_CURVE('',#3010,#2999,#3014,.T.);
#3016=ORIENTED_EDGE('',*,*,#3015,.F.);
#3017=CARTESIAN_POINT('',(-1.,-2.025104973,-4.571536924));
#3018=VERTEX_POINT('',#3017);
#3019=CARTESIAN_POINT('',(-1.,0.,0.));
#3020=DIRECTION('',(1.,0.,0.));
#3021=DIRECTION('',(0.,0.,-1.));
#3022=AXIS2_PLACEMENT_3D('',#3019,#3020,#3021);
#3023=CIRCLE('',#3022,5.);
#3024=EDGE_CURVE('',#3010,#3018,#3023,.T.);
#3025=ORIENTED_EDGE('',*,*,#3024,.T.);
#3026=CARTESIAN_POINT('',(-1.,-2.025104973,-4.571536924));
#3027=DIRECTION('',(1.,0.,-0.));
#3028=VECTOR('',#3027,1.);
#3029=LINE('',#3026,#3028);
#3030=EDGE_CURVE('',#3018,#3001,#3029,.T.);
#3031=ORIENTED_EDGE('',*,*,#3030,.T.);
#3032=EDGE_LOOP('',(#3008,#3016,#3025,#3031));
#3033=FACE_BOUND('',#3032,.T.);
#3034=ADVANCED_FACE('',(#3033),#2997,.T.);
#3035=CARTESIAN_POINT('',(0.,0.,0.));
#3036=DIRECTION('',(1.,0.,0.));
#3037=DIRECTION('',(0.,0.,-1.));
#3038=AXIS2_PLACEMENT_3D('',#3035,#3036,#3037);
#3039=CYLINDRICAL_SURFACE('',#3038,5.);
#3040=CARTESIAN_POINT('',(0.,-1.653194379,-4.718786745));
#3041=VERTEX_POINT('',#3040);
#3042=CARTESIAN_POINT('',(0.,-1.43617091,-4.789301945));
#3043=VERTEX_POINT('',#3042);
#3044=CARTESIAN_POINT('',(0.,0.,0.));
#3045=DIRECTION('',(1.,0.,0.));
#3046=DIRECTION('',(0.,0.,-1.));
#3047=AXIS2_PLACEMENT_3D('',#3044,#3045,#3046);
#3048=CIRCLE('',#3047,5.);
#3049=EDGE_CURVE('',#3041,#3043,#3048,.T.);
#3050=ORIENTED_EDGE('',*,*,#3049,.F.);
#3051=CARTESIAN_POINT('',(-1.,-1.653194379,-4.718786745));
#3052=VERTEX_POINT('',#3051);
#3053=CARTESIAN_POINT('',(-1.,-1.653194379,-4.718786745));
#3054=DIRECTION('',(1.,0.,-0.));
#3055=VECTOR('',#3054,1.);
#3056=LINE('',#3053,#3055);
#3057=EDGE_CURVE('',#3052,#3041,#3056,.T.);
#3058=ORIENTED_EDGE('',*,*,#3057,.F.);
#3059=CARTESIAN_POINT('',(-1.,-1.43617091,-4.789301945));
#3060=VERTEX_POINT('',#3059);
#3061=CARTESIAN_POINT('',(-1.,0.,0.));
#3062=DIRECTION('',(1.,0.,0.));
#3063=DIRECTION('',(0.,0.,-1.));
#3064=AXIS2_PLACEMENT_3D('',#3061,#3062,#3063);
#3065=CIRCLE('',#3064,5.);
#3066=EDGE_CURVE('',#3052,#3060,#3065,.T.);
#3067=ORIENTED_EDGE('',*,*,#3066,.T.);
#3068=CARTESIAN_POINT('',(-1.,-1.43617091,-4.789301945));
#3069=DIRECTION('',(1.,0.,-0.));
#3070=VECTOR('',#3069,1.);
#3071=LINE('',#3068,#3070);
#3072=EDGE_CURVE('',#3060,#3043,#3071,.T.);
#3073=ORIENTED_EDGE('',*,*,#3072,.T.);
#3074=EDGE_LOOP('',(#3050,#3058,#3067,#3073));
#3075=FACE_BOUND('',#3074,.T.);
#3076=ADVANCED_FACE('',(#3075),#3039,.T.);
#3077=CARTESIAN_POINT('',(0.,0.,0.));
#3078=DIRECTION('',(1.,0.,0.));
#3079=DIRECTION('',(0.,0.,-1.));
#3080=AXIS2_PLACEMENT_3D('',#3077,#3078,#3079);
#3081=CYLINDRICAL_SURFACE('',#3080,5.);
#3082=CARTESIAN_POINT('',(0.,-1.048737646,-4.888777899));
#3083=VERTEX_POINT('',#3082);
#3084=CARTESIAN_POINT('',(0.,-0.824587574,-4.931536812));
#3085=VERTEX_POINT('',#3084);
#3086=CARTESIAN_POINT('',(0.,0.,0.));
#3087=DIRECTION('',(1.,0.,0.));
#3088=DIRECTION('',(0.,0.,-1.));
#3089=AXIS2_PLACEMENT_3D('',#3086,#3087,#3088);
#3090=CIRCLE('',#3089,5.);
#3091=EDGE_CURVE('',#3083,#3085,#3090,.T.);
#3092=ORIENTED_EDGE('',*,*,#3091,.F.);
#3093=CARTESIAN_POINT('',(-1.,-1.048737646,-4.888777899));
#3094=VERTEX_POINT('',#3093);
#3095=CARTESIAN_POINT('',(-1.,-1.048737646,-4.888777899));
#3096=DIRECTION('',(1.,0.,-0.));
#3097=VECTOR('',#3096,1.);
#3098=LINE('',#3095,#3097);
#3099=EDGE_CURVE('',#3094,#3083,#3098,.T.);
#3100=ORIENTED_EDGE('',*,*,#3099,.F.);
#3101=CARTESIAN_POINT('',(-1.,-0.824587574,-4.931536812));
#3102=VERTEX_POINT('',#3101);
#3103=CARTESIAN_POINT('',(-1.,0.,0.));
#3104=DIRECTION('',(1.,0.,0.));
#3105=DIRECTION('',(0.,0.,-1.));
#3106=AXIS2_PLACEMENT_3D('',#3103,#3104,#3105);
#3107=CIRCLE('',#3106,5.);
#3108=EDGE_CURVE('',#3094,#3102,#3107,.T.);
#3109=ORIENTED_EDGE('',*,*,#3108,.T.);
#3110=CARTESIAN_POINT('',(-1.,-0.824587574,-4.931536812));
#3111=DIRECTION('',(1.,0.,-0.));
#3112=VECTOR('',#3111,1.);
#3113=LINE('',#3110,#3112);
#3114=EDGE_CURVE('',#3102,#3085,#3113,.T.);
#3115=ORIENTED_EDGE('',*,*,#3114,.T.);
#3116=EDGE_LOOP('',(#3092,#3100,#3109,#3115));
#3117=FACE_BOUND('',#3116,.T.);
#3118=ADVANCED_FACE('',(#3117),#3081,.T.);
#3119=CARTESIAN_POINT('',(0.,0.,0.));
#3120=DIRECTION('',(1.,0.,0.));
#3121=DIRECTION('',(0.,0.,-1.));
#3122=AXIS2_PLACEMENT_3D('',#3119,#3120,#3121);
#3123=CYLINDRICAL_SURFACE('',#3122,5.);
#3124=CARTESIAN_POINT('',(0.,-0.427741694,-4.981670106));
#3125=VERTEX_POINT('',#3124);
#3126=CARTESIAN_POINT('',(0.,-0.2,-4.995998399));
#3127=VERTEX_POINT('',#3126);
#3128=CARTESIAN_POINT('',(0.,0.,0.));
#3129=DIRECTION('',(1.,0.,0.));
#3130=DIRECTION('',(0.,0.,-1.));
#3131=AXIS2_PLACEMENT_3D('',#3128,#3129,#3130);
#3132=CIRCLE('',#3131,5.);
#3133=EDGE_CURVE('',#3125,#3127,#3132,.T.);
#3134=ORIENTED_EDGE('',*,*,#3133,.F.);
#3135=CARTESIAN_POINT('',(-1.,-0.427741694,-4.981670106));
#3136=VERTEX_POINT('',#3135);
#3137=CARTESIAN_POINT('',(-1.,-0.427741694,-4.981670106));
#3138=DIRECTION('',(1.,0.,-0.));
#3139=VECTOR('',#3138,1.);
#3140=LINE('',#3137,#3139);
#3141=EDGE_CURVE('',#3136,#3125,#3140,.T.);
#3142=ORIENTED_EDGE('',*,*,#3141,.F.);
#3143=CARTESIAN_POINT('',(-1.,-0.2,-4.995998399));
#3144=VERTEX_POINT('',#3143);
#3145=CARTESIAN_POINT('',(-1.,0.,0.));
#3146=DIRECTION('',(1.,0.,0.));
#3147=DIRECTION('',(0.,0.,-1.));
#3148=AXIS2_PLACEMENT_3D('',#3145,#3146,#3147);
#3149=CIRCLE('',#3148,5.);
#3150=EDGE_CURVE('',#3136,#3144,#3149,.T.);
#3151=ORIENTED_EDGE('',*,*,#3150,.T.);
#3152=CARTESIAN_POINT('',(-1.,-0.2,-4.995998399));
#3153=DIRECTION('',(1.,0.,-0.));
#3154=VECTOR('',#3153,1.);
#3155=LINE('',#3152,#3154);
#3156=EDGE_CURVE('',#3144,#3127,#3155,.T.);
#3157=ORIENTED_EDGE('',*,*,#3156,.T.);
#3158=EDGE_LOOP('',(#3134,#3142,#3151,#3157));
#3159=FACE_BOUND('',#3158,.T.);
#3160=ADVANCED_FACE('',(#3159),#3123,.T.);
#3161=CARTESIAN_POINT('',(0.,0.,0.));
#3162=DIRECTION('',(1.,0.,0.));
#3163=DIRECTION('',(0.,0.,-1.));
#3164=AXIS2_PLACEMENT_3D('',#3161,#3162,#3163);
#3165=CYLINDRICAL_SURFACE('',#3164,5.);
#3166=CARTESIAN_POINT('',(0.,0.2,-4.995998399));
#3167=VERTEX_POINT('',#3166);
#3168=CARTESIAN_POINT('',(0.,0.427741694,-4.981670106));
#3169=VERTEX_POINT('',#3168);
#3170=CARTESIAN_POINT('',(0.,0.,0.));
#3171=DIRECTION('',(1.,0.,0.));
#3172=DIRECTION('',(0.,0.,-1.));
#3173=AXIS2_PLACEMENT_3D('',#3170,#3171,#3172);
#3174=CIRCLE('',#3173,5.);
#3175=EDGE_CURVE('',#3167,#3169,#3174,.T.);
#3176=ORIENTED_EDGE('',*,*,#3175,.F.);
#3177=CARTESIAN_POINT('',(-1.,0.2,-4.995998399));
#3178=VERTEX_POINT('',#3177);
#3179=CARTESIAN_POINT('',(-1.,0.2,-4.995998399));
#3180=DIRECTION('',(1.,0.,-0.));
#3181=VECTOR('',#3180,1.);
#3182=LINE('',#3179,#3181);
#3183=EDGE_CURVE('',#3178,#3167,#3182,.T.);
#3184=ORIENTED_EDGE('',*,*,#3183,.F.);
#3185=CARTESIAN_POINT('',(-1.,0.427741694,-4.981670106));
#3186=VERTEX_POINT('',#3185);
#3187=CARTESIAN_POINT('',(-1.,0.,0.));
#3188=DIRECTION('',(1.,0.,0.));
#3189=DIRECTION('',(0.,0.,-1.));
#3190=AXIS2_PLACEMENT_3D('',#3187,#3188,#3189);
#3191=CIRCLE('',#3190,5.);
#3192=EDGE_CURVE('',#3178,#3186,#3191,.T.);
#3193=ORIENTED_EDGE('',*,*,#3192,.T.);
#3194=CARTESIAN_POINT('',(-1.,0.427741694,-4.981670106));
#3195=DIRECTION('',(1.,0.,-0.));
#3196=VECTOR('',#3195,1.);
#3197=LINE('',#3194,#3196);
#3198=EDGE_CURVE('',#3186,#3169,#3197,.T.);
#3199=ORIENTED_EDGE('',*,*,#3198,.T.);
#3200=EDGE_LOOP('',(#3176,#3184,#3193,#3199));
#3201=FACE_BOUND('',#3200,.T.);
#3202=ADVANCED_FACE('',(#3201),#3165,.T.);
#3203=CARTESIAN_POINT('',(0.,0.,0.));
#3204=DIRECTION('',(1.,0.,0.));
#3205=DIRECTION('',(0.,0.,-1.));
#3206=AXIS2_PLACEMENT_3D('',#3203,#3204,#3205);
#3207=CYLINDRICAL_SURFACE('',#3206,5.);
#3208=CARTESIAN_POINT('',(0.,0.824587574,-4.931536812));
#3209=VERTEX_POINT('',#3208);
#3210=CARTESIAN_POINT('',(0.,1.048737646,-4.888777899));
#3211=VERTEX_POINT('',#3210);
#3212=CARTESIAN_POINT('',(0.,0.,0.));
#3213=DIRECTION('',(1.,0.,0.));
#3214=DIRECTION('',(0.,0.,-1.));
#3215=AXIS2_PLACEMENT_3D('',#3212,#3213,#3214);
#3216=CIRCLE('',#3215,5.);
#3217=EDGE_CURVE('',#3209,#3211,#3216,.T.);
#3218=ORIENTED_EDGE('',*,*,#3217,.F.);
#3219=CARTESIAN_POINT('',(-1.,0.824587574,-4.931536812));
#3220=VERTEX_POINT('',#3219);
#3221=CARTESIAN_POINT('',(-1.,0.824587574,-4.931536812));
#3222=DIRECTION('',(1.,0.,-0.));
#3223=VECTOR('',#3222,1.);
#3224=LINE('',#3221,#3223);
#3225=EDGE_CURVE('',#3220,#3209,#3224,.T.);
#3226=ORIENTED_EDGE('',*,*,#3225,.F.);
#3227=CARTESIAN_POINT('',(-1.,1.048737646,-4.888777899));
#3228=VERTEX_POINT('',#3227);
#3229=CARTESIAN_POINT('',(-1.,0.,0.));
#3230=DIRECTION('',(1.,0.,0.));
#3231=DIRECTION('',(0.,0.,-1.));
#3232=AXIS2_PLACEMENT_3D('',#3229,#3230,#3231);
#3233=CIRCLE('',#3232,5.);
#3234=EDGE_CURVE('',#3220,#3228,#3233,.T.);
#3235=ORIENTED_EDGE('',*,*,#3234,.T.);
#3236=CARTESIAN_POINT('',(-1.,1.048737646,-4.888777899));
#3237=DIRECTION('',(1.,0.,-0.));
#3238=VECTOR('',#3237,1.);
#3239=LINE('',#3236,#3238);
#3240=EDGE_CURVE('',#3228,#3211,#3239,.T.);
#3241=ORIENTED_EDGE('',*,*,#3240,.T.);
#3242=EDGE_LOOP('',(#3218,#3226,#3235,#3241));
#3243=FACE_BOUND('',#3242,.T.);
#3244=ADVANCED_FACE('',(#3243),#3207,.T.);
#3245=CARTESIAN_POINT('',(0.,0.,0.));
#3246=DIRECTION('',(1.,0.,0.));
#3247=DIRECTION('',(0.,0.,-1.));
#3248=AXIS2_PLACEMENT_3D('',#3245,#3246,#3247);
#3249=CYLINDRICAL_SURFACE('',#3248,5.);
#3250=CARTESIAN_POINT('',(-1.,1.43617091,-4.789301945));
#3251=VERTEX_POINT('',#3250);
#3252=CARTESIAN_POINT('',(-1.,1.653194379,-4.718786745));
#3253=VERTEX_POINT('',#3252);
#3254=CARTESIAN_POINT('',(-1.,0.,0.));
#3255=DIRECTION('',(1.,0.,0.));
#3256=DIRECTION('',(0.,0.,-1.));
#3257=AXIS2_PLACEMENT_3D('',#3254,#3255,#3256);
#3258=CIRCLE('',#3257,5.);
#3259=EDGE_CURVE('',#3251,#3253,#3258,.T.);
#3260=ORIENTED_EDGE('',*,*,#3259,.T.);
#3261=CARTESIAN_POINT('',(0.,1.653194379,-4.718786745));
#3262=VERTEX_POINT('',#3261);
#3263=CARTESIAN_POINT('',(-1.,1.653194379,-4.718786745));
#3264=DIRECTION('',(1.,0.,-0.));
#3265=VECTOR('',#3264,1.);
#3266=LINE('',#3263,#3265);
#3267=EDGE_CURVE('',#3253,#3262,#3266,.T.);
#3268=ORIENTED_EDGE('',*,*,#3267,.T.);
#3269=CARTESIAN_POINT('',(0.,1.43617091,-4.789301945));
#3270=VERTEX_POINT('',#3269);
#3271=CARTESIAN_POINT('',(0.,0.,0.));
#3272=DIRECTION('',(1.,0.,0.));
#3273=DIRECTION('',(0.,0.,-1.));
#3274=AXIS2_PLACEMENT_3D('',#3271,#3272,#3273);
#3275=CIRCLE('',#3274,5.);
#3276=EDGE_CURVE('',#3270,#3262,#3275,.T.);
#3277=ORIENTED_EDGE('',*,*,#3276,.F.);
#3278=CARTESIAN_POINT('',(-1.,1.43617091,-4.789301945));
#3279=DIRECTION('',(1.,0.,-0.));
#3280=VECTOR('',#3279,1.);
#3281=LINE('',#3278,#3280);
#3282=EDGE_CURVE('',#3251,#3270,#3281,.T.);
#3283=ORIENTED_EDGE('',*,*,#3282,.F.);
#3284=EDGE_LOOP('',(#3260,#3268,#3277,#3283));
#3285=FACE_BOUND('',#3284,.T.);
#3286=ADVANCED_FACE('',(#3285),#3249,.T.);
#3287=CARTESIAN_POINT('',(0.,0.,0.));
#3288=DIRECTION('',(1.,0.,0.));
#3289=DIRECTION('',(0.,0.,-1.));
#3290=AXIS2_PLACEMENT_3D('',#3287,#3288,#3289);
#3291=CYLINDRICAL_SURFACE('',#3290,5.);
#3292=CARTESIAN_POINT('',(0.,2.025104973,-4.571536924));
#3293=VERTEX_POINT('',#3292);
#3294=CARTESIAN_POINT('',(0.,2.231579248,-4.474377505));
#3295=VERTEX_POINT('',#3294);
#3296=CARTESIAN_POINT('',(0.,0.,0.));
#3297=DIRECTION('',(1.,0.,0.));
#3298=DIRECTION('',(0.,0.,-1.));
#3299=AXIS2_PLACEMENT_3D('',#3296,#3297,#3298);
#3300=CIRCLE('',#3299,5.);
#3301=EDGE_CURVE('',#3293,#3295,#3300,.T.);
#3302=ORIENTED_EDGE('',*,*,#3301,.F.);
#3303=CARTESIAN_POINT('',(-1.,2.025104973,-4.571536924));
#3304=VERTEX_POINT('',#3303);
#3305=CARTESIAN_POINT('',(-1.,2.025104973,-4.571536924));
#3306=DIRECTION('',(1.,0.,-0.));
#3307=VECTOR('',#3306,1.);
#3308=LINE('',#3305,#3307);
#3309=EDGE_CURVE('',#3304,#3293,#3308,.T.);
#3310=ORIENTED_EDGE('',*,*,#3309,.F.);
#3311=CARTESIAN_POINT('',(-1.,2.231579248,-4.474377505));
#3312=VERTEX_POINT('',#3311);
#3313=CARTESIAN_POINT('',(-1.,0.,0.));
#3314=DIRECTION('',(1.,0.,0.));
#3315=DIRECTION('',(0.,0.,-1.));
#3316=AXIS2_PLACEMENT_3D('',#3313,#3314,#3315);
#3317=CIRCLE('',#3316,5.);
#3318=EDGE_CURVE('',#3304,#3312,#3317,.T.);
#3319=ORIENTED_EDGE('',*,*,#3318,.T.);
#3320=CARTESIAN_POINT('',(-1.,2.231579248,-4.474377505));
#3321=DIRECTION('',(1.,0.,-0.));
#3322=VECTOR('',#3321,1.);
#3323=LINE('',#3320,#3322);
#3324=EDGE_CURVE('',#3312,#3295,#3323,.T.);
#3325=ORIENTED_EDGE('',*,*,#3324,.T.);
#3326=EDGE_LOOP('',(#3302,#3310,#3319,#3325));
#3327=FACE_BOUND('',#3326,.T.);
#3328=ADVANCED_FACE('',(#3327),#3291,.T.);
#3329=CARTESIAN_POINT('',(0.,0.,0.));
#3330=DIRECTION('',(1.,0.,0.));
#3331=DIRECTION('',(0.,0.,-1.));
#3332=AXIS2_PLACEMENT_3D('',#3329,#3330,#3331);
#3333=CYLINDRICAL_SURFACE('',#3332,5.);
#3334=CARTESIAN_POINT('',(-1.,1.653194379,4.718786745));
#3335=VERTEX_POINT('',#3334);
#3336=CARTESIAN_POINT('',(-1.,1.43617091,4.789301945));
#3337=VERTEX_POINT('',#3336);
#3338=CARTESIAN_POINT('',(-1.,0.,0.));
#3339=DIRECTION('',(1.,0.,0.));
#3340=DIRECTION('',(0.,0.,-1.));
#3341=AXIS2_PLACEMENT_3D('',#3338,#3339,#3340);
#3342=CIRCLE('',#3341,5.);
#3343=EDGE_CURVE('',#3335,#3337,#3342,.T.);
#3344=ORIENTED_EDGE('',*,*,#3343,.T.);
#3345=CARTESIAN_POINT('',(0.,1.43617091,4.789301945));
#3346=VERTEX_POINT('',#3345);
#3347=CARTESIAN_POINT('',(-1.,1.43617091,4.789301945));
#3348=DIRECTION('',(1.,0.,-0.));
#3349=VECTOR('',#3348,1.);
#3350=LINE('',#3347,#3349);
#3351=EDGE_CURVE('',#3337,#3346,#3350,.T.);
#3352=ORIENTED_EDGE('',*,*,#3351,.T.);
#3353=CARTESIAN_POINT('',(0.,1.653194379,4.718786745));
#3354=VERTEX_POINT('',#3353);
#3355=CARTESIAN_POINT('',(0.,0.,0.));
#3356=DIRECTION('',(1.,0.,0.));
#3357=DIRECTION('',(0.,0.,-1.));
#3358=AXIS2_PLACEMENT_3D('',#3355,#3356,#3357);
#3359=CIRCLE('',#3358,5.);
#3360=EDGE_CURVE('',#3354,#3346,#3359,.T.);
#3361=ORIENTED_EDGE('',*,*,#3360,.F.);
#3362=CARTESIAN_POINT('',(-1.,1.653194379,4.718786745));
#3363=DIRECTION('',(1.,0.,-0.));
#3364=VECTOR('',#3363,1.);
#3365=LINE('',#3362,#3364);
#3366=EDGE_CURVE('',#3335,#3354,#3365,.T.);
#3367=ORIENTED_EDGE('',*,*,#3366,.F.);
#3368=EDGE_LOOP('',(#3344,#3352,#3361,#3367));
#3369=FACE_BOUND('',#3368,.T.);
#3370=ADVANCED_FACE('',(#3369),#3333,.T.);
#3371=CARTESIAN_POINT('',(0.,0.,0.));
#3372=DIRECTION('',(1.,0.,0.));
#3373=DIRECTION('',(0.,0.,-1.));
#3374=AXIS2_PLACEMENT_3D('',#3371,#3372,#3373);
#3375=CYLINDRICAL_SURFACE('',#3374,5.);
#3376=CARTESIAN_POINT('',(0.,1.048737646,4.888777899));
#3377=VERTEX_POINT('',#3376);
#3378=CARTESIAN_POINT('',(0.,0.824587574,4.931536812));
#3379=VERTEX_POINT('',#3378);
#3380=CARTESIAN_POINT('',(0.,0.,0.));
#3381=DIRECTION('',(1.,0.,0.));
#3382=DIRECTION('',(0.,0.,-1.));
#3383=AXIS2_PLACEMENT_3D('',#3380,#3381,#3382);
#3384=CIRCLE('',#3383,5.);
#3385=EDGE_CURVE('',#3377,#3379,#3384,.T.);
#3386=ORIENTED_EDGE('',*,*,#3385,.F.);
#3387=CARTESIAN_POINT('',(-1.,1.048737646,4.888777899));
#3388=VERTEX_POINT('',#3387);
#3389=CARTESIAN_POINT('',(-1.,1.048737646,4.888777899));
#3390=DIRECTION('',(1.,0.,-0.));
#3391=VECTOR('',#3390,1.);
#3392=LINE('',#3389,#3391);
#3393=EDGE_CURVE('',#3388,#3377,#3392,.T.);
#3394=ORIENTED_EDGE('',*,*,#3393,.F.);
#3395=CARTESIAN_POINT('',(-1.,0.824587574,4.931536812));
#3396=VERTEX_POINT('',#3395);
#3397=CARTESIAN_POINT('',(-1.,0.,0.));
#3398=DIRECTION('',(1.,0.,0.));
#3399=DIRECTION('',(0.,0.,-1.));
#3400=AXIS2_PLACEMENT_3D('',#3397,#3398,#3399);
#3401=CIRCLE('',#3400,5.);
#3402=EDGE_CURVE('',#3388,#3396,#3401,.T.);
#3403=ORIENTED_EDGE('',*,*,#3402,.T.);
#3404=CARTESIAN_POINT('',(-1.,0.824587574,4.931536812));
#3405=DIRECTION('',(1.,0.,-0.));
#3406=VECTOR('',#3405,1.);
#3407=LINE('',#3404,#3406);
#3408=EDGE_CURVE('',#3396,#3379,#3407,.T.);
#3409=ORIENTED_EDGE('',*,*,#3408,.T.);
#3410=EDGE_LOOP('',(#3386,#3394,#3403,#3409));
#3411=FACE_BOUND('',#3410,.T.);
#3412=ADVANCED_FACE('',(#3411),#3375,.T.);
#3413=CARTESIAN_POINT('',(0.,0.,0.));
#3414=DIRECTION('',(1.,0.,0.));
#3415=DIRECTION('',(0.,0.,-1.));
#3416=AXIS2_PLACEMENT_3D('',#3413,#3414,#3415);
#3417=CYLINDRICAL_SURFACE('',#3416,5.);
#3418=CARTESIAN_POINT('',(-1.,2.231579248,4.474377505));
#3419=VERTEX_POINT('',#3418);
#3420=CARTESIAN_POINT('',(-1.,2.025104973,4.571536924));
#3421=VERTEX_POINT('',#3420);
#3422=CARTESIAN_POINT('',(-1.,0.,0.));
#3423=DIRECTION('',(1.,0.,0.));
#3424=DIRECTION('',(0.,0.,-1.));
#3425=AXIS2_PLACEMENT_3D('',#3422,#3423,#3424);
#3426=CIRCLE('',#3425,5.);
#3427=EDGE_CURVE('',#3419,#3421,#3426,.T.);
#3428=ORIENTED_EDGE('',*,*,#3427,.T.);
#3429=CARTESIAN_POINT('',(0.,2.025104973,4.571536924));
#3430=VERTEX_POINT('',#3429);
#3431=CARTESIAN_POINT('',(-1.,2.025104973,4.571536924));
#3432=DIRECTION('',(1.,0.,-0.));
#3433=VECTOR('',#3432,1.);
#3434=LINE('',#3431,#3433);
#3435=EDGE_CURVE('',#3421,#3430,#3434,.T.);
#3436=ORIENTED_EDGE('',*,*,#3435,.T.);
#3437=CARTESIAN_POINT('',(0.,2.231579248,4.474377505));
#3438=VERTEX_POINT('',#3437);
#3439=CARTESIAN_POINT('',(0.,0.,0.));
#3440=DIRECTION('',(1.,0.,0.));
#3441=DIRECTION('',(0.,0.,-1.));
#3442=AXIS2_PLACEMENT_3D('',#3439,#3440,#3441);
#3443=CIRCLE('',#3442,5.);
#3444=EDGE_CURVE('',#3438,#3430,#3443,.T.);
#3445=ORIENTED_EDGE('',*,*,#3444,.F.);
#3446=CARTESIAN_POINT('',(-1.,2.231579248,4.474377505));
#3447=DIRECTION('',(1.,0.,-0.));
#3448=VECTOR('',#3447,1.);
#3449=LINE('',#3446,#3448);
#3450=EDGE_CURVE('',#3419,#3438,#3449,.T.);
#3451=ORIENTED_EDGE('',*,*,#3450,.F.);
#3452=EDGE_LOOP('',(#3428,#3436,#3445,#3451));
#3453=FACE_BOUND('',#3452,.T.);
#3454=ADVANCED_FACE('',(#3453),#3417,.T.);
#3455=CARTESIAN_POINT('',(0.,0.,0.));
#3456=DIRECTION('',(1.,0.,0.));
#3457=DIRECTION('',(0.,0.,-1.));
#3458=AXIS2_PLACEMENT_3D('',#3455,#3456,#3457);
#3459=CYLINDRICAL_SURFACE('',#3458,5.);
#3460=CARTESIAN_POINT('',(-1.,2.77477078,4.159404659));
#3461=VERTEX_POINT('',#3460);
#3462=CARTESIAN_POINT('',(-1.,2.58210192,4.281676035));
#3463=VERTEX_POINT('',#3462);
#3464=CARTESIAN_POINT('',(-1.,0.,0.));
#3465=DIRECTION('',(1.,0.,0.));
#3466=DIRECTION('',(0.,0.,-1.));
#3467=AXIS2_PLACEMENT_3D('',#3464,#3465,#3466);
#3468=CIRCLE('',#3467,5.);
#3469=EDGE_CURVE('',#3461,#3463,#3468,.T.);
#3470=ORIENTED_EDGE('',*,*,#3469,.T.);
#3471=CARTESIAN_POINT('',(0.,2.58210192,4.281676035));
#3472=VERTEX_POINT('',#3471);
#3473=CARTESIAN_POINT('',(-1.,2.58210192,4.281676035));
#3474=DIRECTION('',(1.,0.,-0.));
#3475=VECTOR('',#3474,1.);
#3476=LINE('',#3473,#3475);
#3477=EDGE_CURVE('',#3463,#3472,#3476,.T.);
#3478=ORIENTED_EDGE('',*,*,#3477,.T.);
#3479=CARTESIAN_POINT('',(0.,2.77477078,4.159404659));
#3480=VERTEX_POINT('',#3479);
#3481=CARTESIAN_POINT('',(0.,0.,0.));
#3482=DIRECTION('',(1.,0.,0.));
#3483=DIRECTION('',(0.,0.,-1.));
#3484=AXIS2_PLACEMENT_3D('',#3481,#3482,#3483);
#3485=CIRCLE('',#3484,5.);
#3486=EDGE_CURVE('',#3480,#3472,#3485,.T.);
#3487=ORIENTED_EDGE('',*,*,#3486,.F.);
#3488=CARTESIAN_POINT('',(-1.,2.77477078,4.159404659));
#3489=DIRECTION('',(1.,0.,-0.));
#3490=VECTOR('',#3489,1.);
#3491=LINE('',#3488,#3490);
#3492=EDGE_CURVE('',#3461,#3480,#3491,.T.);
#3493=ORIENTED_EDGE('',*,*,#3492,.F.);
#3494=EDGE_LOOP('',(#3470,#3478,#3487,#3493));
#3495=FACE_BOUND('',#3494,.T.);
#3496=ADVANCED_FACE('',(#3495),#3459,.T.);
#3497=CARTESIAN_POINT('',(0.,0.,0.));
#3498=DIRECTION('',(1.,0.,0.));
#3499=DIRECTION('',(0.,0.,-1.));
#3500=AXIS2_PLACEMENT_3D('',#3497,#3498,#3499);
#3501=CYLINDRICAL_SURFACE('',#3500,5.);
#3502=CARTESIAN_POINT('',(-1.,3.27420252,3.778835516));
#3503=VERTEX_POINT('',#3502);
#3504=CARTESIAN_POINT('',(-1.,3.098377578,3.924290558));
#3505=VERTEX_POINT('',#3504);
#3506=CARTESIAN_POINT('',(-1.,0.,0.));
#3507=DIRECTION('',(1.,0.,0.));
#3508=DIRECTION('',(0.,0.,-1.));
#3509=AXIS2_PLACEMENT_3D('',#3506,#3507,#3508);
#3510=CIRCLE('',#3509,5.);
#3511=EDGE_CURVE('',#3503,#3505,#3510,.T.);
#3512=ORIENTED_EDGE('',*,*,#3511,.T.);
#3513=CARTESIAN_POINT('',(0.,3.098377578,3.924290558));
#3514=VERTEX_POINT('',#3513);
#3515=CARTESIAN_POINT('',(-1.,3.098377578,3.924290558));
#3516=DIRECTION('',(1.,0.,-0.));
#3517=VECTOR('',#3516,1.);
#3518=LINE('',#3515,#3517);
#3519=EDGE_CURVE('',#3505,#3514,#3518,.T.);
#3520=ORIENTED_EDGE('',*,*,#3519,.T.);
#3521=CARTESIAN_POINT('',(0.,3.27420252,3.778835516));
#3522=VERTEX_POINT('',#3521);
#3523=CARTESIAN_POINT('',(0.,0.,0.));
#3524=DIRECTION('',(1.,0.,0.));
#3525=DIRECTION('',(0.,0.,-1.));
#3526=AXIS2_PLACEMENT_3D('',#3523,#3524,#3525);
#3527=CIRCLE('',#3526,5.);
#3528=EDGE_CURVE('',#3522,#3514,#3527,.T.);
#3529=ORIENTED_EDGE('',*,*,#3528,.F.);
#3530=CARTESIAN_POINT('',(-1.,3.27420252,3.778835516));
#3531=DIRECTION('',(1.,0.,-0.));
#3532=VECTOR('',#3531,1.);
#3533=LINE('',#3530,#3532);
#3534=EDGE_CURVE('',#3503,#3522,#3533,.T.);
#3535=ORIENTED_EDGE('',*,*,#3534,.F.);
#3536=EDGE_LOOP('',(#3512,#3520,#3529,#3535));
#3537=FACE_BOUND('',#3536,.T.);
#3538=ADVANCED_FACE('',(#3537),#3501,.T.);
#3539=CARTESIAN_POINT('',(0.,0.,0.));
#3540=DIRECTION('',(1.,0.,0.));
#3541=DIRECTION('',(0.,0.,-1.));
#3542=AXIS2_PLACEMENT_3D('',#3539,#3540,#3541);
#3543=CYLINDRICAL_SURFACE('',#3542,5.);
#3544=CARTESIAN_POINT('',(-1.,3.721998129,3.338671881));
#3545=VERTEX_POINT('',#3544);
#3546=CARTESIAN_POINT('',(-1.,3.565789971,3.505016674));
#3547=VERTEX_POINT('',#3546);
#3548=CARTESIAN_POINT('',(-1.,0.,0.));
#3549=DIRECTION('',(1.,0.,0.));
#3550=DIRECTION('',(0.,0.,-1.));
#3551=AXIS2_PLACEMENT_3D('',#3548,#3549,#3550);
#3552=CIRCLE('',#3551,5.);
#3553=EDGE_CURVE('',#3545,#3547,#3552,.T.);
#3554=ORIENTED_EDGE('',*,*,#3553,.T.);
#3555=CARTESIAN_POINT('',(0.,3.565789971,3.505016674));
#3556=VERTEX_POINT('',#3555);
#3557=CARTESIAN_POINT('',(-1.,3.565789971,3.505016674));
#3558=DIRECTION('',(1.,0.,-0.));
#3559=VECTOR('',#3558,1.);
#3560=LINE('',#3557,#3559);
#3561=EDGE_CURVE('',#3547,#3556,#3560,.T.);
#3562=ORIENTED_EDGE('',*,*,#3561,.T.);
#3563=CARTESIAN_POINT('',(0.,3.721998129,3.338671881));
#3564=VERTEX_POINT('',#3563);
#3565=CARTESIAN_POINT('',(0.,0.,0.));
#3566=DIRECTION('',(1.,0.,0.));
#3567=DIRECTION('',(0.,0.,-1.));
#3568=AXIS2_PLACEMENT_3D('',#3565,#3566,#3567);
#3569=CIRCLE('',#3568,5.);
#3570=EDGE_CURVE('',#3564,#3556,#3569,.T.);
#3571=ORIENTED_EDGE('',*,*,#3570,.F.);
#3572=CARTESIAN_POINT('',(-1.,3.721998129,3.338671881));
#3573=DIRECTION('',(1.,0.,-0.));
#3574=VECTOR('',#3573,1.);
#3575=LINE('',#3572,#3574);
#3576=EDGE_CURVE('',#3545,#3564,#3575,.T.);
#3577=ORIENTED_EDGE('',*,*,#3576,.F.);
#3578=EDGE_LOOP('',(#3554,#3562,#3571,#3577));
#3579=FACE_BOUND('',#3578,.T.);
#3580=ADVANCED_FACE('',(#3579),#3543,.T.);
#3581=CARTESIAN_POINT('',(0.,0.,0.));
#3582=DIRECTION('',(1.,0.,0.));
#3583=DIRECTION('',(0.,0.,-1.));
#3584=AXIS2_PLACEMENT_3D('',#3581,#3582,#3583);
#3585=CYLINDRICAL_SURFACE('',#3584,5.);
#3586=CARTESIAN_POINT('',(-1.,4.111095605,2.845855395));
#3587=VERTEX_POINT('',#3586);
#3588=CARTESIAN_POINT('',(-1.,3.976967725,3.030466584));
#3589=VERTEX_POINT('',#3588);
#3590=CARTESIAN_POINT('',(-1.,0.,0.));
#3591=DIRECTION('',(1.,0.,0.));
#3592=DIRECTION('',(0.,0.,-1.));
#3593=AXIS2_PLACEMENT_3D('',#3590,#3591,#3592);
#3594=CIRCLE('',#3593,5.);
#3595=EDGE_CURVE('',#3587,#3589,#3594,.T.);
#3596=ORIENTED_EDGE('',*,*,#3595,.T.);
#3597=CARTESIAN_POINT('',(0.,3.976967725,3.030466584));
#3598=VERTEX_POINT('',#3597);
#3599=CARTESIAN_POINT('',(-1.,3.976967725,3.030466584));
#3600=DIRECTION('',(1.,0.,-0.));
#3601=VECTOR('',#3600,1.);
#3602=LINE('',#3599,#3601);
#3603=EDGE_CURVE('',#3589,#3598,#3602,.T.);
#3604=ORIENTED_EDGE('',*,*,#3603,.T.);
#3605=CARTESIAN_POINT('',(0.,4.111095605,2.845855395));
#3606=VERTEX_POINT('',#3605);
#3607=CARTESIAN_POINT('',(0.,0.,0.));
#3608=DIRECTION('',(1.,0.,0.));
#3609=DIRECTION('',(0.,0.,-1.));
#3610=AXIS2_PLACEMENT_3D('',#3607,#3608,#3609);
#3611=CIRCLE('',#3610,5.);
#3612=EDGE_CURVE('',#3606,#3598,#3611,.T.);
#3613=ORIENTED_EDGE('',*,*,#3612,.F.);
#3614=CARTESIAN_POINT('',(-1.,4.111095605,2.845855395));
#3615=DIRECTION('',(1.,0.,-0.));
#3616=VECTOR('',#3615,1.);
#3617=LINE('',#3614,#3616);
#3618=EDGE_CURVE('',#3587,#3606,#3617,.T.);
#3619=ORIENTED_EDGE('',*,*,#3618,.F.);
#3620=EDGE_LOOP('',(#3596,#3604,#3613,#3619));
#3621=FACE_BOUND('',#3620,.T.);
#3622=ADVANCED_FACE('',(#3621),#3585,.T.);
#3623=CARTESIAN_POINT('',(0.,0.,0.));
#3624=DIRECTION('',(1.,0.,0.));
#3625=DIRECTION('',(0.,0.,-1.));
#3626=AXIS2_PLACEMENT_3D('',#3623,#3624,#3625);
#3627=CYLINDRICAL_SURFACE('',#3626,5.);
#3628=CARTESIAN_POINT('',(-1.,4.435358647,2.308158069));
#3629=VERTEX_POINT('',#3628);
#3630=CARTESIAN_POINT('',(-1.,4.325426323,2.508124225));
#3631=VERTEX_POINT('',#3630);
#3632=CARTESIAN_POINT('',(-1.,0.,0.));
#3633=DIRECTION('',(1.,0.,0.));
#3634=DIRECTION('',(0.,0.,-1.));
#3635=AXIS2_PLACEMENT_3D('',#3632,#3633,#3634);
#3636=CIRCLE('',#3635,5.);
#3637=EDGE_CURVE('',#3629,#3631,#3636,.T.);
#3638=ORIENTED_EDGE('',*,*,#3637,.T.);
#3639=CARTESIAN_POINT('',(0.,4.325426323,2.508124225));
#3640=VERTEX_POINT('',#3639);
#3641=CARTESIAN_POINT('',(-1.,4.325426323,2.508124225));
#3642=DIRECTION('',(1.,0.,-0.));
#3643=VECTOR('',#3642,1.);
#3644=LINE('',#3641,#3643);
#3645=EDGE_CURVE('',#3631,#3640,#3644,.T.);
#3646=ORIENTED_EDGE('',*,*,#3645,.T.);
#3647=CARTESIAN_POINT('',(0.,4.435358647,2.308158069));
#3648=VERTEX_POINT('',#3647);
#3649=CARTESIAN_POINT('',(0.,0.,0.));
#3650=DIRECTION('',(1.,0.,0.));
#3651=DIRECTION('',(0.,0.,-1.));
#3652=AXIS2_PLACEMENT_3D('',#3649,#3650,#3651);
#3653=CIRCLE('',#3652,5.);
#3654=EDGE_CURVE('',#3648,#3640,#3653,.T.);
#3655=ORIENTED_EDGE('',*,*,#3654,.F.);
#3656=CARTESIAN_POINT('',(-1.,4.435358647,2.308158069));
#3657=DIRECTION('',(1.,0.,-0.));
#3658=VECTOR('',#3657,1.);
#3659=LINE('',#3656,#3658);
#3660=EDGE_CURVE('',#3629,#3648,#3659,.T.);
#3661=ORIENTED_EDGE('',*,*,#3660,.F.);
#3662=EDGE_LOOP('',(#3638,#3646,#3655,#3661));
#3663=FACE_BOUND('',#3662,.T.);
#3664=ADVANCED_FACE('',(#3663),#3627,.T.);
#3665=CARTESIAN_POINT('',(0.,0.,0.));
#3666=DIRECTION('',(1.,0.,0.));
#3667=DIRECTION('',(0.,0.,-1.));
#3668=AXIS2_PLACEMENT_3D('',#3665,#3666,#3667);
#3669=CYLINDRICAL_SURFACE('',#3668,5.);
#3670=CARTESIAN_POINT('',(-1.,4.689673434,1.734059712));
#3671=VERTEX_POINT('',#3670);
#3672=CARTESIAN_POINT('',(-1.,4.605670364,1.946227248));
#3673=VERTEX_POINT('',#3672);
#3674=CARTESIAN_POINT('',(-1.,0.,0.));
#3675=DIRECTION('',(1.,0.,0.));
#3676=DIRECTION('',(0.,0.,-1.));
#3677=AXIS2_PLACEMENT_3D('',#3674,#3675,#3676);
#3678=CIRCLE('',#3677,5.);
#3679=EDGE_CURVE('',#3671,#3673,#3678,.T.);
#3680=ORIENTED_EDGE('',*,*,#3679,.T.);
#3681=CARTESIAN_POINT('',(0.,4.605670364,1.946227248));
#3682=VERTEX_POINT('',#3681);
#3683=CARTESIAN_POINT('',(-1.,4.605670364,1.946227248));
#3684=DIRECTION('',(1.,0.,-0.));
#3685=VECTOR('',#3684,1.);
#3686=LINE('',#3683,#3685);
#3687=EDGE_CURVE('',#3673,#3682,#3686,.T.);
#3688=ORIENTED_EDGE('',*,*,#3687,.T.);
#3689=CARTESIAN_POINT('',(0.,4.689673434,1.734059712));
#3690=VERTEX_POINT('',#3689);
#3691=CARTESIAN_POINT('',(0.,0.,0.));
#3692=DIRECTION('',(1.,0.,0.));
#3693=DIRECTION('',(0.,0.,-1.));
#3694=AXIS2_PLACEMENT_3D('',#3691,#3692,#3693);
#3695=CIRCLE('',#3694,5.);
#3696=EDGE_CURVE('',#3690,#3682,#3695,.T.);
#3697=ORIENTED_EDGE('',*,*,#3696,.F.);
#3698=CARTESIAN_POINT('',(-1.,4.689673434,1.734059712));
#3699=DIRECTION('',(1.,0.,-0.));
#3700=VECTOR('',#3699,1.);
#3701=LINE('',#3698,#3700);
#3702=EDGE_CURVE('',#3671,#3690,#3701,.T.);
#3703=ORIENTED_EDGE('',*,*,#3702,.F.);
#3704=EDGE_LOOP('',(#3680,#3688,#3697,#3703));
#3705=FACE_BOUND('',#3704,.T.);
#3706=ADVANCED_FACE('',(#3705),#3669,.T.);
#3707=CARTESIAN_POINT('',(0.,0.,0.));
#3708=DIRECTION('',(1.,0.,0.));
#3709=DIRECTION('',(0.,0.,-1.));
#3710=AXIS2_PLACEMENT_3D('',#3707,#3708,#3709);
#3711=CYLINDRICAL_SURFACE('',#3710,5.);
#3712=CARTESIAN_POINT('',(-1.,4.870029269,1.132614198));
#3713=VERTEX_POINT('',#3712);
#3714=CARTESIAN_POINT('',(-1.,4.813280231,1.353637106));
#3715=VERTEX_POINT('',#3714);
#3716=CARTESIAN_POINT('',(-1.,0.,0.));
#3717=DIRECTION('',(1.,0.,0.));
#3718=DIRECTION('',(0.,0.,-1.));
#3719=AXIS2_PLACEMENT_3D('',#3716,#3717,#3718);
#3720=CIRCLE('',#3719,5.);
#3721=EDGE_CURVE('',#3713,#3715,#3720,.T.);
#3722=ORIENTED_EDGE('',*,*,#3721,.T.);
#3723=CARTESIAN_POINT('',(0.,4.813280231,1.353637106));
#3724=VERTEX_POINT('',#3723);
#3725=CARTESIAN_POINT('',(-1.,4.813280231,1.353637106));
#3726=DIRECTION('',(1.,0.,-0.));
#3727=VECTOR('',#3726,1.);
#3728=LINE('',#3725,#3727);
#3729=EDGE_CURVE('',#3715,#3724,#3728,.T.);
#3730=ORIENTED_EDGE('',*,*,#3729,.T.);
#3731=CARTESIAN_POINT('',(0.,4.870029269,1.132614198));
#3732=VERTEX_POINT('',#3731);
#3733=CARTESIAN_POINT('',(0.,0.,0.));
#3734=DIRECTION('',(1.,0.,0.));
#3735=DIRECTION('',(0.,0.,-1.));
#3736=AXIS2_PLACEMENT_3D('',#3733,#3734,#3735);
#3737=CIRCLE('',#3736,5.);
#3738=EDGE_CURVE('',#3732,#3724,#3737,.T.);
#3739=ORIENTED_EDGE('',*,*,#3738,.F.);
#3740=CARTESIAN_POINT('',(-1.,4.870029269,1.132614198));
#3741=DIRECTION('',(1.,0.,-0.));
#3742=VECTOR('',#3741,1.);
#3743=LINE('',#3740,#3742);
#3744=EDGE_CURVE('',#3713,#3732,#3743,.T.);
#3745=ORIENTED_EDGE('',*,*,#3744,.F.);
#3746=EDGE_LOOP('',(#3722,#3730,#3739,#3745));
#3747=FACE_BOUND('',#3746,.T.);
#3748=ADVANCED_FACE('',(#3747),#3711,.T.);
#3749=CARTESIAN_POINT('',(0.,0.,0.));
#3750=DIRECTION('',(1.,0.,0.));
#3751=DIRECTION('',(0.,0.,-1.));
#3752=AXIS2_PLACEMENT_3D('',#3749,#3750,#3751);
#3753=CYLINDRICAL_SURFACE('',#3752,5.);
#3754=CARTESIAN_POINT('',(-1.,4.973581833,0.513306681));
#3755=VERTEX_POINT('',#3754);
#3756=CARTESIAN_POINT('',(-1.,4.944981795,0.739699297));
#3757=VERTEX_POINT('',#3756);
#3758=CARTESIAN_POINT('',(-1.,0.,0.));
#3759=DIRECTION('',(1.,0.,0.));
#3760=DIRECTION('',(0.,0.,-1.));
#3761=AXIS2_PLACEMENT_3D('',#3758,#3759,#3760);
#3762=CIRCLE('',#3761,5.);
#3763=EDGE_CURVE('',#3755,#3757,#3762,.T.);
#3764=ORIENTED_EDGE('',*,*,#3763,.T.);
#3765=CARTESIAN_POINT('',(0.,4.944981795,0.739699297));
#3766=VERTEX_POINT('',#3765);
#3767=CARTESIAN_POINT('',(-1.,4.944981795,0.739699297));
#3768=DIRECTION('',(1.,0.,-0.));
#3769=VECTOR('',#3768,1.);
#3770=LINE('',#3767,#3769);
#3771=EDGE_CURVE('',#3757,#3766,#3770,.T.);
#3772=ORIENTED_EDGE('',*,*,#3771,.T.);
#3773=CARTESIAN_POINT('',(0.,4.973581833,0.513306681));
#3774=VERTEX_POINT('',#3773);
#3775=CARTESIAN_POINT('',(0.,0.,0.));
#3776=DIRECTION('',(1.,0.,0.));
#3777=DIRECTION('',(0.,0.,-1.));
#3778=AXIS2_PLACEMENT_3D('',#3775,#3776,#3777);
#3779=CIRCLE('',#3778,5.);
#3780=EDGE_CURVE('',#3774,#3766,#3779,.T.);
#3781=ORIENTED_EDGE('',*,*,#3780,.F.);
#3782=CARTESIAN_POINT('',(-1.,4.973581833,0.513306681));
#3783=DIRECTION('',(1.,0.,-0.));
#3784=VECTOR('',#3783,1.);
#3785=LINE('',#3782,#3784);
#3786=EDGE_CURVE('',#3755,#3774,#3785,.T.);
#3787=ORIENTED_EDGE('',*,*,#3786,.F.);
#3788=EDGE_LOOP('',(#3764,#3772,#3781,#3787));
#3789=FACE_BOUND('',#3788,.T.);
#3790=ADVANCED_FACE('',(#3789),#3753,.T.);
#3791=CARTESIAN_POINT('',(0.,0.,0.));
#3792=DIRECTION('',(1.,0.,0.));
#3793=DIRECTION('',(0.,0.,-1.));
#3794=AXIS2_PLACEMENT_3D('',#3791,#3792,#3793);
#3795=CYLINDRICAL_SURFACE('',#3794,5.);
#3796=CARTESIAN_POINT('',(-1.,4.998698041,-0.114095989));
#3797=VERTEX_POINT('',#3796);
#3798=CARTESIAN_POINT('',(-1.,4.998698041,0.114095989));
#3799=VERTEX_POINT('',#3798);
#3800=CARTESIAN_POINT('',(-1.,0.,0.));
#3801=DIRECTION('',(1.,0.,0.));
#3802=DIRECTION('',(0.,0.,-1.));
#3803=AXIS2_PLACEMENT_3D('',#3800,#3801,#3802);
#3804=CIRCLE('',#3803,5.);
#3805=EDGE_CURVE('',#3797,#3799,#3804,.T.);
#3806=ORIENTED_EDGE('',*,*,#3805,.T.);
#3807=CARTESIAN_POINT('',(0.,4.998698041,0.114095989));
#3808=VERTEX_POINT('',#3807);
#3809=CARTESIAN_POINT('',(-1.,4.998698041,0.114095989));
#3810=DIRECTION('',(1.,0.,-0.));
#3811=VECTOR('',#3810,1.);
#3812=LINE('',#3809,#3811);
#3813=EDGE_CURVE('',#3799,#3808,#3812,.T.);
#3814=ORIENTED_EDGE('',*,*,#3813,.T.);
#3815=CARTESIAN_POINT('',(0.,4.998698041,-0.114095989));
#3816=VERTEX_POINT('',#3815);
#3817=CARTESIAN_POINT('',(0.,0.,0.));
#3818=DIRECTION('',(1.,0.,0.));
#3819=DIRECTION('',(0.,0.,-1.));
#3820=AXIS2_PLACEMENT_3D('',#3817,#3818,#3819);
#3821=CIRCLE('',#3820,5.);
#3822=EDGE_CURVE('',#3816,#3808,#3821,.T.);
#3823=ORIENTED_EDGE('',*,*,#3822,.F.);
#3824=CARTESIAN_POINT('',(-1.,4.998698041,-0.114095989));
#3825=DIRECTION('',(1.,0.,-0.));
#3826=VECTOR('',#3825,1.);
#3827=LINE('',#3824,#3826);
#3828=EDGE_CURVE('',#3797,#3816,#3827,.T.);
#3829=ORIENTED_EDGE('',*,*,#3828,.F.);
#3830=EDGE_LOOP('',(#3806,#3814,#3823,#3829));
#3831=FACE_BOUND('',#3830,.T.);
#3832=ADVANCED_FACE('',(#3831),#3795,.T.);
#3833=CARTESIAN_POINT('',(0.,0.,0.));
#3834=DIRECTION('',(1.,0.,0.));
#3835=DIRECTION('',(0.,0.,-1.));
#3836=AXIS2_PLACEMENT_3D('',#3833,#3834,#3835);
#3837=CYLINDRICAL_SURFACE('',#3836,5.);
#3838=CARTESIAN_POINT('',(-1.,4.944981795,-0.739699297));
#3839=VERTEX_POINT('',#3838);
#3840=CARTESIAN_POINT('',(-1.,4.973581833,-0.513306681));
#3841=VERTEX_POINT('',#3840);
#3842=CARTESIAN_POINT('',(-1.,0.,0.));
#3843=DIRECTION('',(1.,0.,0.));
#3844=DIRECTION('',(0.,0.,-1.));
#3845=AXIS2_PLACEMENT_3D('',#3842,#3843,#3844);
#3846=CIRCLE('',#3845,5.);
#3847=EDGE_CURVE('',#3839,#3841,#3846,.T.);
#3848=ORIENTED_EDGE('',*,*,#3847,.T.);
#3849=CARTESIAN_POINT('',(0.,4.973581833,-0.513306681));
#3850=VERTEX_POINT('',#3849);
#3851=CARTESIAN_POINT('',(-1.,4.973581833,-0.513306681));
#3852=DIRECTION('',(1.,0.,-0.));
#3853=VECTOR('',#3852,1.);
#3854=LINE('',#3851,#3853);
#3855=EDGE_CURVE('',#3841,#3850,#3854,.T.);
#3856=ORIENTED_EDGE('',*,*,#3855,.T.);
#3857=CARTESIAN_POINT('',(0.,4.944981795,-0.739699297));
#3858=VERTEX_POINT('',#3857);
#3859=CARTESIAN_POINT('',(0.,0.,0.));
#3860=DIRECTION('',(1.,0.,0.));
#3861=DIRECTION('',(0.,0.,-1.));
#3862=AXIS2_PLACEMENT_3D('',#3859,#3860,#3861);
#3863=CIRCLE('',#3862,5.);
#3864=EDGE_CURVE('',#3858,#3850,#3863,.T.);
#3865=ORIENTED_EDGE('',*,*,#3864,.F.);
#3866=CARTESIAN_POINT('',(-1.,4.944981795,-0.739699297));
#3867=DIRECTION('',(1.,0.,-0.));
#3868=VECTOR('',#3867,1.);
#3869=LINE('',#3866,#3868);
#3870=EDGE_CURVE('',#3839,#3858,#3869,.T.);
#3871=ORIENTED_EDGE('',*,*,#3870,.F.);
#3872=EDGE_LOOP('',(#3848,#3856,#3865,#3871));
#3873=FACE_BOUND('',#3872,.T.);
#3874=ADVANCED_FACE('',(#3873),#3837,.T.);
#3875=CARTESIAN_POINT('',(0.,0.,0.));
#3876=DIRECTION('',(1.,0.,0.));
#3877=DIRECTION('',(0.,0.,-1.));
#3878=AXIS2_PLACEMENT_3D('',#3875,#3876,#3877);
#3879=CYLINDRICAL_SURFACE('',#3878,5.);
#3880=CARTESIAN_POINT('',(-1.,4.813280231,-1.353637106));
#3881=VERTEX_POINT('',#3880);
#3882=CARTESIAN_POINT('',(-1.,4.870029269,-1.132614198));
#3883=VERTEX_POINT('',#3882);
#3884=CARTESIAN_POINT('',(-1.,0.,0.));
#3885=DIRECTION('',(1.,0.,0.));
#3886=DIRECTION('',(0.,0.,-1.));
#3887=AXIS2_PLACEMENT_3D('',#3884,#3885,#3886);
#3888=CIRCLE('',#3887,5.);
#3889=EDGE_CURVE('',#3881,#3883,#3888,.T.);
#3890=ORIENTED_EDGE('',*,*,#3889,.T.);
#3891=CARTESIAN_POINT('',(0.,4.870029269,-1.132614198));
#3892=VERTEX_POINT('',#3891);
#3893=CARTESIAN_POINT('',(-1.,4.870029269,-1.132614198));
#3894=DIRECTION('',(1.,0.,-0.));
#3895=VECTOR('',#3894,1.);
#3896=LINE('',#3893,#3895);
#3897=EDGE_CURVE('',#3883,#3892,#3896,.T.);
#3898=ORIENTED_EDGE('',*,*,#3897,.T.);
#3899=CARTESIAN_POINT('',(0.,4.813280231,-1.353637106));
#3900=VERTEX_POINT('',#3899);
#3901=CARTESIAN_POINT('',(0.,0.,0.));
#3902=DIRECTION('',(1.,0.,0.));
#3903=DIRECTION('',(0.,0.,-1.));
#3904=AXIS2_PLACEMENT_3D('',#3901,#3902,#3903);
#3905=CIRCLE('',#3904,5.);
#3906=EDGE_CURVE('',#3900,#3892,#3905,.T.);
#3907=ORIENTED_EDGE('',*,*,#3906,.F.);
#3908=CARTESIAN_POINT('',(-1.,4.813280231,-1.353637106));
#3909=DIRECTION('',(1.,0.,-0.));
#3910=VECTOR('',#3909,1.);
#3911=LINE('',#3908,#3910);
#3912=EDGE_CURVE('',#3881,#3900,#3911,.T.);
#3913=ORIENTED_EDGE('',*,*,#3912,.F.);
#3914=EDGE_LOOP('',(#3890,#3898,#3907,#3913));
#3915=FACE_BOUND('',#3914,.T.);
#3916=ADVANCED_FACE('',(#3915),#3879,.T.);
#3917=CARTESIAN_POINT('',(0.,0.,0.));
#3918=DIRECTION('',(1.,0.,0.));
#3919=DIRECTION('',(0.,0.,-1.));
#3920=AXIS2_PLACEMENT_3D('',#3917,#3918,#3919);
#3921=CYLINDRICAL_SURFACE('',#3920,5.);
#3922=CARTESIAN_POINT('',(-1.,4.605670364,-1.946227248));
#3923=VERTEX_POINT('',#3922);
#3924=CARTESIAN_POINT('',(-1.,4.689673434,-1.734059712));
#3925=VERTEX_POINT('',#3924);
#3926=CARTESIAN_POINT('',(-1.,0.,0.));
#3927=DIRECTION('',(1.,0.,0.));
#3928=DIRECTION('',(0.,0.,-1.));
#3929=AXIS2_PLACEMENT_3D('',#3926,#3927,#3928);
#3930=CIRCLE('',#3929,5.);
#3931=EDGE_CURVE('',#3923,#3925,#3930,.T.);
#3932=ORIENTED_EDGE('',*,*,#3931,.T.);
#3933=CARTESIAN_POINT('',(0.,4.689673434,-1.734059712));
#3934=VERTEX_POINT('',#3933);
#3935=CARTESIAN_POINT('',(-1.,4.689673434,-1.734059712));
#3936=DIRECTION('',(1.,0.,-0.));
#3937=VECTOR('',#3936,1.);
#3938=LINE('',#3935,#3937);
#3939=EDGE_CURVE('',#3925,#3934,#3938,.T.);
#3940=ORIENTED_EDGE('',*,*,#3939,.T.);
#3941=CARTESIAN_POINT('',(0.,4.605670364,-1.946227248));
#3942=VERTEX_POINT('',#3941);
#3943=CARTESIAN_POINT('',(0.,0.,0.));
#3944=DIRECTION('',(1.,0.,0.));
#3945=DIRECTION('',(0.,0.,-1.));
#3946=AXIS2_PLACEMENT_3D('',#3943,#3944,#3945);
#3947=CIRCLE('',#3946,5.);
#3948=EDGE_CURVE('',#3942,#3934,#3947,.T.);
#3949=ORIENTED_EDGE('',*,*,#3948,.F.);
#3950=CARTESIAN_POINT('',(-1.,4.605670364,-1.946227248));
#3951=DIRECTION('',(1.,0.,-0.));
#3952=VECTOR('',#3951,1.);
#3953=LINE('',#3950,#3952);
#3954=EDGE_CURVE('',#3923,#3942,#3953,.T.);
#3955=ORIENTED_EDGE('',*,*,#3954,.F.);
#3956=EDGE_LOOP('',(#3932,#3940,#3949,#3955));
#3957=FACE_BOUND('',#3956,.T.);
#3958=ADVANCED_FACE('',(#3957),#3921,.T.);
#3959=CARTESIAN_POINT('',(0.,0.,0.));
#3960=DIRECTION('',(1.,0.,0.));
#3961=DIRECTION('',(0.,0.,-1.));
#3962=AXIS2_PLACEMENT_3D('',#3959,#3960,#3961);
#3963=CYLINDRICAL_SURFACE('',#3962,5.);
#3964=CARTESIAN_POINT('',(-1.,4.325426323,-2.508124225));
#3965=VERTEX_POINT('',#3964);
#3966=CARTESIAN_POINT('',(-1.,4.435358647,-2.308158069));
#3967=VERTEX_POINT('',#3966);
#3968=CARTESIAN_POINT('',(-1.,0.,0.));
#3969=DIRECTION('',(1.,0.,0.));
#3970=DIRECTION('',(0.,0.,-1.));
#3971=AXIS2_PLACEMENT_3D('',#3968,#3969,#3970);
#3972=CIRCLE('',#3971,5.);
#3973=EDGE_CURVE('',#3965,#3967,#3972,.T.);
#3974=ORIENTED_EDGE('',*,*,#3973,.T.);
#3975=CARTESIAN_POINT('',(0.,4.435358647,-2.308158069));
#3976=VERTEX_POINT('',#3975);
#3977=CARTESIAN_POINT('',(-1.,4.435358647,-2.308158069));
#3978=DIRECTION('',(1.,0.,-0.));
#3979=VECTOR('',#3978,1.);
#3980=LINE('',#3977,#3979);
#3981=EDGE_CURVE('',#3967,#3976,#3980,.T.);
#3982=ORIENTED_EDGE('',*,*,#3981,.T.);
#3983=CARTESIAN_POINT('',(0.,4.325426323,-2.508124225));
#3984=VERTEX_POINT('',#3983);
#3985=CARTESIAN_POINT('',(0.,0.,0.));
#3986=DIRECTION('',(1.,0.,0.));
#3987=DIRECTION('',(0.,0.,-1.));
#3988=AXIS2_PLACEMENT_3D('',#3985,#3986,#3987);
#3989=CIRCLE('',#3988,5.);
#3990=EDGE_CURVE('',#3984,#3976,#3989,.T.);
#3991=ORIENTED_EDGE('',*,*,#3990,.F.);
#3992=CARTESIAN_POINT('',(-1.,4.325426323,-2.508124225));
#3993=DIRECTION('',(1.,0.,-0.));
#3994=VECTOR('',#3993,1.);
#3995=LINE('',#3992,#3994);
#3996=EDGE_CURVE('',#3965,#3984,#3995,.T.);
#3997=ORIENTED_EDGE('',*,*,#3996,.F.);
#3998=EDGE_LOOP('',(#3974,#3982,#3991,#3997));
#3999=FACE_BOUND('',#3998,.T.);
#4000=ADVANCED_FACE('',(#3999),#3963,.T.);
#4001=CARTESIAN_POINT('',(0.,0.,0.));
#4002=DIRECTION('',(1.,0.,0.));
#4003=DIRECTION('',(0.,0.,-1.));
#4004=AXIS2_PLACEMENT_3D('',#4001,#4002,#4003);
#4005=CYLINDRICAL_SURFACE('',#4004,5.);
#4006=CARTESIAN_POINT('',(-1.,3.976967725,-3.030466584));
#4007=VERTEX_POINT('',#4006);
#4008=CARTESIAN_POINT('',(-1.,4.111095605,-2.845855395));
#4009=VERTEX_POINT('',#4008);
#4010=CARTESIAN_POINT('',(-1.,0.,0.));
#4011=DIRECTION('',(1.,0.,0.));
#4012=DIRECTION('',(0.,0.,-1.));
#4013=AXIS2_PLACEMENT_3D('',#4010,#4011,#4012);
#4014=CIRCLE('',#4013,5.);
#4015=EDGE_CURVE('',#4007,#4009,#4014,.T.);
#4016=ORIENTED_EDGE('',*,*,#4015,.T.);
#4017=CARTESIAN_POINT('',(0.,4.111095605,-2.845855395));
#4018=VERTEX_POINT('',#4017);
#4019=CARTESIAN_POINT('',(-1.,4.111095605,-2.845855395));
#4020=DIRECTION('',(1.,0.,-0.));
#4021=VECTOR('',#4020,1.);
#4022=LINE('',#4019,#4021);
#4023=EDGE_CURVE('',#4009,#4018,#4022,.T.);
#4024=ORIENTED_EDGE('',*,*,#4023,.T.);
#4025=CARTESIAN_POINT('',(0.,3.976967725,-3.030466584));
#4026=VERTEX_POINT('',#4025);
#4027=CARTESIAN_POINT('',(0.,0.,0.));
#4028=DIRECTION('',(1.,0.,0.));
#4029=DIRECTION('',(0.,0.,-1.));
#4030=AXIS2_PLACEMENT_3D('',#4027,#4028,#4029);
#4031=CIRCLE('',#4030,5.);
#4032=EDGE_CURVE('',#4026,#4018,#4031,.T.);
#4033=ORIENTED_EDGE('',*,*,#4032,.F.);
#4034=CARTESIAN_POINT('',(-1.,3.976967725,-3.030466584));
#4035=DIRECTION('',(1.,0.,-0.));
#4036=VECTOR('',#4035,1.);
#4037=LINE('',#4034,#4036);
#4038=EDGE_CURVE('',#4007,#4026,#4037,.T.);
#4039=ORIENTED_EDGE('',*,*,#4038,.F.);
#4040=EDGE_LOOP('',(#4016,#4024,#4033,#4039));
#4041=FACE_BOUND('',#4040,.T.);
#4042=ADVANCED_FACE('',(#4041),#4005,.T.);
#4043=CARTESIAN_POINT('',(0.,0.,0.));
#4044=DIRECTION('',(1.,0.,0.));
#4045=DIRECTION('',(0.,0.,-1.));
#4046=AXIS2_PLACEMENT_3D('',#4043,#4044,#4045);
#4047=CYLINDRICAL_SURFACE('',#4046,5.);
#4048=CARTESIAN_POINT('',(-1.,3.565789971,-3.505016674));
#4049=VERTEX_POINT('',#4048);
#4050=CARTESIAN_POINT('',(-1.,3.721998129,-3.338671881));
#4051=VERTEX_POINT('',#4050);
#4052=CARTESIAN_POINT('',(-1.,0.,0.));
#4053=DIRECTION('',(1.,0.,0.));
#4054=DIRECTION('',(0.,0.,-1.));
#4055=AXIS2_PLACEMENT_3D('',#4052,#4053,#4054);
#4056=CIRCLE('',#4055,5.);
#4057=EDGE_CURVE('',#4049,#4051,#4056,.T.);
#4058=ORIENTED_EDGE('',*,*,#4057,.T.);
#4059=CARTESIAN_POINT('',(0.,3.721998129,-3.338671881));
#4060=VERTEX_POINT('',#4059);
#4061=CARTESIAN_POINT('',(-1.,3.721998129,-3.338671881));
#4062=DIRECTION('',(1.,0.,-0.));
#4063=VECTOR('',#4062,1.);
#4064=LINE('',#4061,#4063);
#4065=EDGE_CURVE('',#4051,#4060,#4064,.T.);
#4066=ORIENTED_EDGE('',*,*,#4065,.T.);
#4067=CARTESIAN_POINT('',(0.,3.565789971,-3.505016674));
#4068=VERTEX_POINT('',#4067);
#4069=CARTESIAN_POINT('',(0.,0.,0.));
#4070=DIRECTION('',(1.,0.,0.));
#4071=DIRECTION('',(0.,0.,-1.));
#4072=AXIS2_PLACEMENT_3D('',#4069,#4070,#4071);
#4073=CIRCLE('',#4072,5.);
#4074=EDGE_CURVE('',#4068,#4060,#4073,.T.);
#4075=ORIENTED_EDGE('',*,*,#4074,.F.);
#4076=CARTESIAN_POINT('',(-1.,3.565789971,-3.505016674));
#4077=DIRECTION('',(1.,0.,-0.));
#4078=VECTOR('',#4077,1.);
#4079=LINE('',#4076,#4078);
#4080=EDGE_CURVE('',#4049,#4068,#4079,.T.);
#4081=ORIENTED_EDGE('',*,*,#4080,.F.);
#4082=EDGE_LOOP('',(#4058,#4066,#4075,#4081));
#4083=FACE_BOUND('',#4082,.T.);
#4084=ADVANCED_FACE('',(#4083),#4047,.T.);
#4085=CARTESIAN_POINT('',(0.,0.,0.));
#4086=DIRECTION('',(1.,0.,0.));
#4087=DIRECTION('',(0.,0.,-1.));
#4088=AXIS2_PLACEMENT_3D('',#4085,#4086,#4087);
#4089=CYLINDRICAL_SURFACE('',#4088,5.);
#4090=CARTESIAN_POINT('',(-1.,3.098377578,-3.924290558));
#4091=VERTEX_POINT('',#4090);
#4092=CARTESIAN_POINT('',(-1.,3.27420252,-3.778835516));
#4093=VERTEX_POINT('',#4092);
#4094=CARTESIAN_POINT('',(-1.,0.,0.));
#4095=DIRECTION('',(1.,0.,0.));
#4096=DIRECTION('',(0.,0.,-1.));
#4097=AXIS2_PLACEMENT_3D('',#4094,#4095,#4096);
#4098=CIRCLE('',#4097,5.);
#4099=EDGE_CURVE('',#4091,#4093,#4098,.T.);
#4100=ORIENTED_EDGE('',*,*,#4099,.T.);
#4101=CARTESIAN_POINT('',(0.,3.27420252,-3.778835516));
#4102=VERTEX_POINT('',#4101);
#4103=CARTESIAN_POINT('',(-1.,3.27420252,-3.778835516));
#4104=DIRECTION('',(1.,0.,-0.));
#4105=VECTOR('',#4104,1.);
#4106=LINE('',#4103,#4105);
#4107=EDGE_CURVE('',#4093,#4102,#4106,.T.);
#4108=ORIENTED_EDGE('',*,*,#4107,.T.);
#4109=CARTESIAN_POINT('',(0.,3.098377578,-3.924290558));
#4110=VERTEX_POINT('',#4109);
#4111=CARTESIAN_POINT('',(0.,0.,0.));
#4112=DIRECTION('',(1.,0.,0.));
#4113=DIRECTION('',(0.,0.,-1.));
#4114=AXIS2_PLACEMENT_3D('',#4111,#4112,#4113);
#4115=CIRCLE('',#4114,5.);
#4116=EDGE_CURVE('',#4110,#4102,#4115,.T.);
#4117=ORIENTED_EDGE('',*,*,#4116,.F.);
#4118=CARTESIAN_POINT('',(-1.,3.098377578,-3.924290558));
#4119=DIRECTION('',(1.,0.,-0.));
#4120=VECTOR('',#4119,1.);
#4121=LINE('',#4118,#4120);
#4122=EDGE_CURVE('',#4091,#4110,#4121,.T.);
#4123=ORIENTED_EDGE('',*,*,#4122,.F.);
#4124=EDGE_LOOP('',(#4100,#4108,#4117,#4123));
#4125=FACE_BOUND('',#4124,.T.);
#4126=ADVANCED_FACE('',(#4125),#4089,.T.);
#4127=CARTESIAN_POINT('',(0.,0.,0.));
#4128=DIRECTION('',(1.,0.,0.));
#4129=DIRECTION('',(0.,0.,-1.));
#4130=AXIS2_PLACEMENT_3D('',#4127,#4128,#4129);
#4131=CYLINDRICAL_SURFACE('',#4130,5.);
#4132=CARTESIAN_POINT('',(-1.,2.58210192,-4.281676035));
#4133=VERTEX_POINT('',#4132);
#4134=CARTESIAN_POINT('',(-1.,2.77477078,-4.159404659));
#4135=VERTEX_POINT('',#4134);
#4136=CARTESIAN_POINT('',(-1.,0.,0.));
#4137=DIRECTION('',(1.,0.,0.));
#4138=DIRECTION('',(0.,0.,-1.));
#4139=AXIS2_PLACEMENT_3D('',#4136,#4137,#4138);
#4140=CIRCLE('',#4139,5.);
#4141=EDGE_CURVE('',#4133,#4135,#4140,.T.);
#4142=ORIENTED_EDGE('',*,*,#4141,.T.);
#4143=CARTESIAN_POINT('',(0.,2.77477078,-4.159404659));
#4144=VERTEX_POINT('',#4143);
#4145=CARTESIAN_POINT('',(-1.,2.77477078,-4.159404659));
#4146=DIRECTION('',(1.,0.,-0.));
#4147=VECTOR('',#4146,1.);
#4148=LINE('',#4145,#4147);
#4149=EDGE_CURVE('',#4135,#4144,#4148,.T.);
#4150=ORIENTED_EDGE('',*,*,#4149,.T.);
#4151=CARTESIAN_POINT('',(0.,2.58210192,-4.281676035));
#4152=VERTEX_POINT('',#4151);
#4153=CARTESIAN_POINT('',(0.,0.,0.));
#4154=DIRECTION('',(1.,0.,0.));
#4155=DIRECTION('',(0.,0.,-1.));
#4156=AXIS2_PLACEMENT_3D('',#4153,#4154,#4155);
#4157=CIRCLE('',#4156,5.);
#4158=EDGE_CURVE('',#4152,#4144,#4157,.T.);
#4159=ORIENTED_EDGE('',*,*,#4158,.F.);
#4160=CARTESIAN_POINT('',(-1.,2.58210192,-4.281676035));
#4161=DIRECTION('',(1.,0.,-0.));
#4162=VECTOR('',#4161,1.);
#4163=LINE('',#4160,#4162);
#4164=EDGE_CURVE('',#4133,#4152,#4163,.T.);
#4165=ORIENTED_EDGE('',*,*,#4164,.F.);
#4166=EDGE_LOOP('',(#4142,#4150,#4159,#4165));
#4167=FACE_BOUND('',#4166,.T.);
#4168=ADVANCED_FACE('',(#4167),#4131,.T.);
#4169=CARTESIAN_POINT('',(-1.,0.,0.));
#4170=DIRECTION('',(1.,0.,0.));
#4171=DIRECTION('',(0.,0.,-1.));
#4172=AXIS2_PLACEMENT_3D('',#4169,#4170,#4171);
#4173=CONICAL_SURFACE('',#4172,4.9,5.710593137);
#4174=CARTESIAN_POINT('',(-1.,-0.,-4.9));
#4175=VERTEX_POINT('',#4174);
#4176=CARTESIAN_POINT('',(-5.,-0.,-4.5));
#4177=VERTEX_POINT('',#4176);
#4178=CARTESIAN_POINT('',(-1.,0.,-4.9));
#4179=DIRECTION('',(-0.99503719,-0.,0.099503719));
#4180=VECTOR('',#4179,4.019950248);
#4181=LINE('',#4178,#4180);
#4182=EDGE_CURVE('',#4175,#4177,#4181,.T.);
#4183=ORIENTED_EDGE('',*,*,#4182,.T.);
#4184=CARTESIAN_POINT('',(-5.,0.,0.));
#4185=DIRECTION('',(1.,0.,0.));
#4186=DIRECTION('',(0.,0.,-1.));
#4187=AXIS2_PLACEMENT_3D('',#4184,#4185,#4186);
#4188=CIRCLE('',#4187,4.5);
#4189=EDGE_CURVE('',#4177,#4177,#4188,.T.);
#4190=ORIENTED_EDGE('',*,*,#4189,.T.);
#4191=ORIENTED_EDGE('',*,*,#4182,.F.);
#4192=CARTESIAN_POINT('',(-1.,0.,0.));
#4193=DIRECTION('',(1.,0.,0.));
#4194=DIRECTION('',(0.,0.,-1.));
#4195=AXIS2_PLACEMENT_3D('',#4192,#4193,#4194);
#4196=CIRCLE('',#4195,4.9);
#4197=EDGE_CURVE('',#4175,#4175,#4196,.T.);
#4198=ORIENTED_EDGE('',*,*,#4197,.F.);
#4199=EDGE_LOOP('',(#4183,#4190,#4191,#4198));
#4200=FACE_BOUND('',#4199,.T.);
#4201=ADVANCED_FACE('',(#4200),#4173,.T.);
#4202=CARTESIAN_POINT('',(-1.,0.,4.9));
#4203=DIRECTION('',(-1.,0.,0.));
#4204=DIRECTION('',(0.,0.,1.));
#4205=AXIS2_PLACEMENT_3D('',#4202,#4203,#4204);
#4206=PLANE('',#4205);
#4207=ORIENTED_EDGE('',*,*,#4197,.T.);
#4208=EDGE_LOOP('',(#4207));
#4209=FACE_BOUND('',#4208,.T.);
#4210=ORIENTED_EDGE('',*,*,#3192,.F.);
#4211=CARTESIAN_POINT('',(-1.,0.2,-5.05));
#4212=VERTEX_POINT('',#4211);
#4213=CARTESIAN_POINT('',(-1.,0.2,-4.995998399));
#4214=DIRECTION('',(0.,0.,-1.));
#4215=VECTOR('',#4214,0.054001601);
#4216=LINE('',#4213,#4215);
#4217=EDGE_CURVE('',#3178,#4212,#4216,.T.);
#4218=ORIENTED_EDGE('',*,*,#4217,.T.);
#4219=CARTESIAN_POINT('',(-1.,-0.2,-5.05));
#4220=VERTEX_POINT('',#4219);
#4221=CARTESIAN_POINT('',(-1.,0.,-5.05));
#4222=DIRECTION('',(-1.,0.,0.));
#4223=DIRECTION('',(0.,0.,-1.));
#4224=AXIS2_PLACEMENT_3D('',#4221,#4222,#4223);
#4225=CIRCLE('',#4224,0.2);
#4226=EDGE_CURVE('',#4212,#4220,#4225,.T.);
#4227=ORIENTED_EDGE('',*,*,#4226,.T.);
#4228=CARTESIAN_POINT('',(-1.,-0.2,-5.05));
#4229=DIRECTION('',(0.,-0.,1.));
#4230=VECTOR('',#4229,0.054001601);
#4231=LINE('',#4228,#4230);
#4232=EDGE_CURVE('',#4220,#3144,#4231,.T.);
#4233=ORIENTED_EDGE('',*,*,#4232,.T.);
#4234=ORIENTED_EDGE('',*,*,#3150,.F.);
#4235=CARTESIAN_POINT('',(-1.,-0.434509889,-5.035245888));
#4236=VERTEX_POINT('',#4235);
#4237=CARTESIAN_POINT('',(-1.,-0.427741694,-4.981670106));
#4238=DIRECTION('',(0.,-0.125333234,-0.992114701));
#4239=VECTOR('',#4238,0.054001601);
#4240=LINE('',#4237,#4239);
#4241=EDGE_CURVE('',#3136,#4236,#4240,.T.);
#4242=ORIENTED_EDGE('',*,*,#4241,.T.);
#4243=CARTESIAN_POINT('',(-1.,-0.83135577,-4.985112595));
#4244=VERTEX_POINT('',#4243);
#4245=CARTESIAN_POINT('',(-1.,-0.632932829,-5.010179242));
#4246=DIRECTION('',(-1.,-0.,0.));
#4247=DIRECTION('',(0.,-0.125333234,-0.992114701));
#4248=AXIS2_PLACEMENT_3D('',#4245,#4246,#4247);
#4249=CIRCLE('',#4248,0.2);
#4250=EDGE_CURVE('',#4236,#4244,#4249,.T.);
#4251=ORIENTED_EDGE('',*,*,#4250,.T.);
#4252=CARTESIAN_POINT('',(-1.,-0.83135577,-4.985112595));
#4253=DIRECTION('',(0.,0.125333234,0.992114701));
#4254=VECTOR('',#4253,0.054001601);
#4255=LINE('',#4252,#4254);
#4256=EDGE_CURVE('',#4244,#3102,#4255,.T.);
#4257=ORIENTED_EDGE('',*,*,#4256,.T.);
#4258=ORIENTED_EDGE('',*,*,#3108,.F.);
#4259=CARTESIAN_POINT('',(-1.,-1.062167298,-4.941082941));
#4260=VERTEX_POINT('',#4259);
#4261=CARTESIAN_POINT('',(-1.,-1.048737646,-4.888777899));
#4262=DIRECTION('',(0.,-0.248689887,-0.968583161));
#4263=VECTOR('',#4262,0.054001601);
#4264=LINE('',#4261,#4263);
#4265=EDGE_CURVE('',#3094,#4260,#4264,.T.);
#4266=ORIENTED_EDGE('',*,*,#4265,.T.);
#4267=CARTESIAN_POINT('',(-1.,-1.449600562,-4.841606986));
#4268=VERTEX_POINT('',#4267);
#4269=CARTESIAN_POINT('',(-1.,-1.25588393,-4.891344964));
#4270=DIRECTION('',(-1.,-0.,0.));
#4271=DIRECTION('',(0.,-0.248689887,-0.968583161));
#4272=AXIS2_PLACEMENT_3D('',#4269,#4270,#4271);
#4273=CIRCLE('',#4272,0.2);
#4274=EDGE_CURVE('',#4260,#4268,#4273,.T.);
#4275=ORIENTED_EDGE('',*,*,#4274,.T.);
#4276=CARTESIAN_POINT('',(-1.,-1.449600562,-4.841606986));
#4277=DIRECTION('',(0.,0.248689887,0.968583161));
#4278=VECTOR('',#4277,0.054001601);
#4279=LINE('',#4276,#4278);
#4280=EDGE_CURVE('',#4268,#3060,#4279,.T.);
#4281=ORIENTED_EDGE('',*,*,#4280,.T.);
#4282=ORIENTED_EDGE('',*,*,#3066,.F.);
#4283=CARTESIAN_POINT('',(-1.,-1.673073694,-4.768996164));
#4284=VERTEX_POINT('',#4283);
#4285=CARTESIAN_POINT('',(-1.,-1.653194379,-4.718786745));
#4286=DIRECTION('',(0.,-0.368124553,-0.929776486));
#4287=VECTOR('',#4286,0.054001601);
#4288=LINE('',#4285,#4287);
#4289=EDGE_CURVE('',#3052,#4284,#4288,.T.);
#4290=ORIENTED_EDGE('',*,*,#4289,.T.);
#4291=CARTESIAN_POINT('',(-1.,-2.044984288,-4.621746343));
#4292=VERTEX_POINT('',#4291);
#4293=CARTESIAN_POINT('',(-1.,-1.859028991,-4.695371254));
#4294=DIRECTION('',(-1.,-0.,0.));
#4295=DIRECTION('',(0.,-0.368124553,-0.929776486));
#4296=AXIS2_PLACEMENT_3D('',#4293,#4294,#4295);
#4297=CIRCLE('',#4296,0.2);
#4298=EDGE_CURVE('',#4284,#4292,#4297,.T.);
#4299=ORIENTED_EDGE('',*,*,#4298,.T.);
#4300=CARTESIAN_POINT('',(-1.,-2.044984288,-4.621746343));
#4301=DIRECTION('',(0.,0.368124553,0.929776486));
#4302=VECTOR('',#4301,0.054001601);
#4303=LINE('',#4300,#4302);
#4304=EDGE_CURVE('',#4292,#3018,#4303,.T.);
#4305=ORIENTED_EDGE('',*,*,#4304,.T.);
#4306=ORIENTED_EDGE('',*,*,#3024,.F.);
#4307=CARTESIAN_POINT('',(-1.,-2.257594718,-4.521699469));
#4308=VERTEX_POINT('',#4307);
#4309=CARTESIAN_POINT('',(-1.,-2.231579248,-4.474377505));
#4310=DIRECTION('',(0.,-0.481753674,-0.87630668));
#4311=VECTOR('',#4310,0.054001601);
#4312=LINE('',#4309,#4311);
#4313=EDGE_CURVE('',#3010,#4308,#4312,.T.);
#4314=ORIENTED_EDGE('',*,*,#4313,.T.);
#4315=CARTESIAN_POINT('',(-1.,-2.60811739,-4.328997999));
#4316=VERTEX_POINT('',#4315);
#4317=CARTESIAN_POINT('',(-1.,-2.432856054,-4.425348734));
#4318=DIRECTION('',(-1.,-0.,0.));
#4319=DIRECTION('',(0.,-0.481753674,-0.87630668));
#4320=AXIS2_PLACEMENT_3D('',#4317,#4318,#4319);
#4321=CIRCLE('',#4320,0.2);
#4322=EDGE_CURVE('',#4308,#4316,#4321,.T.);
#4323=ORIENTED_EDGE('',*,*,#4322,.T.);
#4324=CARTESIAN_POINT('',(-1.,-2.60811739,-4.328997999));
#4325=DIRECTION('',(0.,0.481753674,0.87630668));
#4326=VECTOR('',#4325,0.054001601);
#4327=LINE('',#4324,#4326);
#4328=EDGE_CURVE('',#4316,#2976,#4327,.T.);
#4329=ORIENTED_EDGE('',*,*,#4328,.T.);
#4330=ORIENTED_EDGE('',*,*,#2982,.F.);
#4331=CARTESIAN_POINT('',(-1.,-2.806512125,-4.203092872));
#4332=VERTEX_POINT('',#4331);
#4333=CARTESIAN_POINT('',(-1.,-2.77477078,-4.159404659));
#4334=DIRECTION('',(0.,-0.587785252,-0.809016994));
#4335=VECTOR('',#4334,0.054001601);
#4336=LINE('',#4333,#4335);
#4337=EDGE_CURVE('',#2968,#4332,#4336,.T.);
#4338=ORIENTED_EDGE('',*,*,#4337,.T.);
#4339=CARTESIAN_POINT('',(-1.,-3.130118923,-3.967978771));
#4340=VERTEX_POINT('',#4339);
#4341=CARTESIAN_POINT('',(-1.,-2.968315524,-4.085535822));
#4342=DIRECTION('',(-1.,-0.,0.));
#4343=DIRECTION('',(0.,-0.587785252,-0.809016994));
#4344=AXIS2_PLACEMENT_3D('',#4341,#4342,#4343);
#4345=CIRCLE('',#4344,0.2);
#4346=EDGE_CURVE('',#4332,#4340,#4345,.T.);
#4347=ORIENTED_EDGE('',*,*,#4346,.T.);
#4348=CARTESIAN_POINT('',(-1.,-3.130118923,-3.967978771));
#4349=DIRECTION('',(0.,0.587785252,0.809016994));
#4350=VECTOR('',#4349,0.054001601);
#4351=LINE('',#4348,#4350);
#4352=EDGE_CURVE('',#4340,#2934,#4351,.T.);
#4353=ORIENTED_EDGE('',*,*,#4352,.T.);
#4354=ORIENTED_EDGE('',*,*,#2940,.F.);
#4355=CARTESIAN_POINT('',(-1.,-3.311169159,-3.81820099));
#4356=VERTEX_POINT('',#4355);
#4357=CARTESIAN_POINT('',(-1.,-3.27420252,-3.778835516));
#4358=DIRECTION('',(0.,-0.684547106,-0.728968627));
#4359=VECTOR('',#4358,0.054001601);
#4360=LINE('',#4357,#4359);
#4361=EDGE_CURVE('',#2926,#4356,#4360,.T.);
#4362=ORIENTED_EDGE('',*,*,#4361,.T.);
#4363=CARTESIAN_POINT('',(-1.,-3.60275661,-3.544382147));
#4364=VERTEX_POINT('',#4363);
#4365=CARTESIAN_POINT('',(-1.,-3.456962885,-3.681291568));
#4366=DIRECTION('',(-1.,-0.,0.));
#4367=DIRECTION('',(0.,-0.684547106,-0.728968627));
#4368=AXIS2_PLACEMENT_3D('',#4365,#4366,#4367);
#4369=CIRCLE('',#4368,0.2);
#4370=EDGE_CURVE('',#4356,#4364,#4369,.T.);
#4371=ORIENTED_EDGE('',*,*,#4370,.T.);
#4372=CARTESIAN_POINT('',(-1.,-3.60275661,-3.544382147));
#4373=DIRECTION('',(0.,0.684547106,0.728968627));
#4374=VECTOR('',#4373,0.054001601);
#4375=LINE('',#4372,#4374);
#4376=EDGE_CURVE('',#4364,#2892,#4375,.T.);
#4377=ORIENTED_EDGE('',*,*,#4376,.T.);
#4378=ORIENTED_EDGE('',*,*,#2898,.F.);
#4379=CARTESIAN_POINT('',(-1.,-3.763607078,-3.373093797));
#4380=VERTEX_POINT('',#4379);
#4381=CARTESIAN_POINT('',(-1.,-3.721998129,-3.338671881));
#4382=DIRECTION('',(0.,-0.770513243,-0.63742399));
#4383=VECTOR('',#4382,0.054001601);
#4384=LINE('',#4381,#4383);
#4385=EDGE_CURVE('',#2884,#4380,#4384,.T.);
#4386=ORIENTED_EDGE('',*,*,#4385,.T.);
#4387=CARTESIAN_POINT('',(-1.,-4.018576674,-3.0648885));
#4388=VERTEX_POINT('',#4387);
#4389=CARTESIAN_POINT('',(-1.,-3.891091876,-3.218991148));
#4390=DIRECTION('',(-1.,-0.,0.));
#4391=DIRECTION('',(0.,-0.770513243,-0.63742399));
#4392=AXIS2_PLACEMENT_3D('',#4389,#4390,#4391);
#4393=CIRCLE('',#4392,0.2);
#4394=EDGE_CURVE('',#4380,#4388,#4393,.T.);
#4395=ORIENTED_EDGE('',*,*,#4394,.T.);
#4396=CARTESIAN_POINT('',(-1.,-4.018576674,-3.0648885));
#4397=DIRECTION('',(0.,0.770513243,0.63742399));
#4398=VECTOR('',#4397,0.054001601);
#4399=LINE('',#4396,#4398);
#4400=EDGE_CURVE('',#4388,#2850,#4399,.T.);
#4401=ORIENTED_EDGE('',*,*,#4400,.T.);
#4402=ORIENTED_EDGE('',*,*,#2856,.F.);
#4403=CARTESIAN_POINT('',(-1.,-4.156690665,-2.8747909));
#4404=VERTEX_POINT('',#4403);
#4405=CARTESIAN_POINT('',(-1.,-4.111095605,-2.845855395));
#4406=DIRECTION('',(0.,-0.844327926,-0.535826795));
#4407=VECTOR('',#4406,0.054001601);
#4408=LINE('',#4405,#4407);
#4409=EDGE_CURVE('',#2842,#4404,#4408,.T.);
#4410=ORIENTED_EDGE('',*,*,#4409,.T.);
#4411=CARTESIAN_POINT('',(-1.,-4.371021383,-2.53705973));
#4412=VERTEX_POINT('',#4411);
#4413=CARTESIAN_POINT('',(-1.,-4.263856024,-2.705925315));
#4414=DIRECTION('',(-1.,-0.,0.));
#4415=DIRECTION('',(0.,-0.844327926,-0.535826795));
#4416=AXIS2_PLACEMENT_3D('',#4413,#4414,#4415);
#4417=CIRCLE('',#4416,0.2);
#4418=EDGE_CURVE('',#4404,#4412,#4417,.T.);
#4419=ORIENTED_EDGE('',*,*,#4418,.T.);
#4420=CARTESIAN_POINT('',(-1.,-4.371021383,-2.53705973));
#4421=DIRECTION('',(0.,0.844327926,0.535826795));
#4422=VECTOR('',#4421,0.054001601);
#4423=LINE('',#4420,#4422);
#4424=EDGE_CURVE('',#4412,#2808,#4423,.T.);
#4425=ORIENTED_EDGE('',*,*,#4424,.T.);
#4426=ORIENTED_EDGE('',*,*,#2814,.F.);
#4427=CARTESIAN_POINT('',(-1.,-4.484220757,-2.331150833));
#4428=VERTEX_POINT('',#4427);
#4429=CARTESIAN_POINT('',(-1.,-4.435358647,-2.308158069));
#4430=DIRECTION('',(0.,-0.904827052,-0.425779292));
#4431=VECTOR('',#4430,0.054001601);
#4432=LINE('',#4429,#4431);
#4433=EDGE_CURVE('',#2800,#4428,#4432,.T.);
#4434=ORIENTED_EDGE('',*,*,#4433,.T.);
#4435=CARTESIAN_POINT('',(-1.,-4.654532473,-1.969220012));
#4436=VERTEX_POINT('',#4435);
#4437=CARTESIAN_POINT('',(-1.,-4.569376615,-2.150185422));
#4438=DIRECTION('',(-1.,-0.,0.));
#4439=DIRECTION('',(0.,-0.904827052,-0.425779292));
#4440=AXIS2_PLACEMENT_3D('',#4437,#4438,#4439);
#4441=CIRCLE('',#4440,0.2);
#4442=EDGE_CURVE('',#4428,#4436,#4441,.T.);
#4443=ORIENTED_EDGE('',*,*,#4442,.T.);
#4444=CARTESIAN_POINT('',(-1.,-4.654532473,-1.969220012));
#4445=DIRECTION('',(0.,0.904827052,0.425779292));
#4446=VECTOR('',#4445,0.054001601);
#4447=LINE('',#4444,#4446);
#4448=EDGE_CURVE('',#4436,#2749,#4447,.T.);
#4449=ORIENTED_EDGE('',*,*,#4448,.T.);
#4450=ORIENTED_EDGE('',*,*,#2755,.F.);
#4451=CARTESIAN_POINT('',(-1.,-4.741032008,-1.750747125));
#4452=VERTEX_POINT('',#4451);
#4453=CARTESIAN_POINT('',(-1.,-4.689673434,-1.734059712));
#4454=DIRECTION('',(0.,-0.951056516,-0.309016994));
#4455=VECTOR('',#4454,0.054001601);
#4456=LINE('',#4453,#4455);
#4457=EDGE_CURVE('',#2747,#4452,#4456,.T.);
#4458=ORIENTED_EDGE('',*,*,#4457,.T.);
#4459=CARTESIAN_POINT('',(-1.,-4.864638806,-1.370324518));
#4460=VERTEX_POINT('',#4459);
#4461=CARTESIAN_POINT('',(-1.,-4.802835407,-1.560535822));
#4462=DIRECTION('',(-1.,-0.,0.));
#4463=DIRECTION('',(0.,-0.951056516,-0.309016994));
#4464=AXIS2_PLACEMENT_3D('',#4461,#4462,#4463);
#4465=CIRCLE('',#4464,0.2);
#4466=EDGE_CURVE('',#4452,#4460,#4465,.T.);
#4467=ORIENTED_EDGE('',*,*,#4466,.T.);
#4468=CARTESIAN_POINT('',(-1.,-4.864638806,-1.370324518));
#4469=DIRECTION('',(0.,0.951056516,0.309016994));
#4470=VECTOR('',#4469,0.054001601);
#4471=LINE('',#4468,#4470);
#4472=EDGE_CURVE('',#4460,#2724,#4471,.T.);
#4473=ORIENTED_EDGE('',*,*,#4472,.T.);
#4474=ORIENTED_EDGE('',*,*,#2730,.F.);
#4475=CARTESIAN_POINT('',(-1.,-4.923074353,-1.142733089));
#4476=VERTEX_POINT('',#4475);
#4477=CARTESIAN_POINT('',(-1.,-4.870029269,-1.132614198));
#4478=DIRECTION('',(0.,-0.982287251,-0.187381315));
#4479=VECTOR('',#4478,0.054001601);
#4480=LINE('',#4477,#4479);
#4481=EDGE_CURVE('',#2716,#4476,#4480,.T.);
#4482=ORIENTED_EDGE('',*,*,#4481,.T.);
#4483=CARTESIAN_POINT('',(-1.,-4.998026879,-0.749818189));
#4484=VERTEX_POINT('',#4483);
#4485=CARTESIAN_POINT('',(-1.,-4.960550616,-0.946275639));
#4486=DIRECTION('',(-1.,-0.,0.));
#4487=DIRECTION('',(0.,-0.982287251,-0.187381315));
#4488=AXIS2_PLACEMENT_3D('',#4485,#4486,#4487);
#4489=CIRCLE('',#4488,0.2);
#4490=EDGE_CURVE('',#4476,#4484,#4489,.T.);
#4491=ORIENTED_EDGE('',*,*,#4490,.T.);
#4492=CARTESIAN_POINT('',(-1.,-4.998026879,-0.749818189));
#4493=DIRECTION('',(0.,0.982287251,0.187381315));
#4494=VECTOR('',#4493,0.054001601);
#4495=LINE('',#4492,#4494);
#4496=EDGE_CURVE('',#4484,#2665,#4495,.T.);
#4497=ORIENTED_EDGE('',*,*,#4496,.T.);
#4498=ORIENTED_EDGE('',*,*,#2671,.F.);
#4499=CARTESIAN_POINT('',(-1.,-5.027476875,-0.516697469));
#4500=VERTEX_POINT('',#4499);
#4501=CARTESIAN_POINT('',(-1.,-4.973581833,-0.513306681));
#4502=DIRECTION('',(0.,-0.998026728,-0.06279052));
#4503=VECTOR('',#4502,0.054001601);
#4504=LINE('',#4501,#4503);
#4505=EDGE_CURVE('',#2663,#4500,#4504,.T.);
#4506=ORIENTED_EDGE('',*,*,#4505,.T.);
#4507=CARTESIAN_POINT('',(-1.,-5.052593082,-0.117486778));
#4508=VERTEX_POINT('',#4507);
#4509=CARTESIAN_POINT('',(-1.,-5.040034979,-0.317092124));
#4510=DIRECTION('',(-1.,-0.,0.));
#4511=DIRECTION('',(0.,-0.998026728,-0.06279052));
#4512=AXIS2_PLACEMENT_3D('',#4509,#4510,#4511);
#4513=CIRCLE('',#4512,0.2);
#4514=EDGE_CURVE('',#4500,#4508,#4513,.T.);
#4515=ORIENTED_EDGE('',*,*,#4514,.T.);
#4516=CARTESIAN_POINT('',(-1.,-5.052593082,-0.117486778));
#4517=DIRECTION('',(0.,0.998026728,0.06279052));
#4518=VECTOR('',#4517,0.054001601);
#4519=LINE('',#4516,#4518);
#4520=EDGE_CURVE('',#4508,#2640,#4519,.T.);
#4521=ORIENTED_EDGE('',*,*,#4520,.T.);
#4522=ORIENTED_EDGE('',*,*,#2646,.F.);
#4523=CARTESIAN_POINT('',(-1.,-5.052593082,0.117486778));
#4524=VERTEX_POINT('',#4523);
#4525=CARTESIAN_POINT('',(-1.,-4.998698041,0.114095989));
#4526=DIRECTION('',(0.,-0.998026728,0.06279052));
#4527=VECTOR('',#4526,0.054001601);
#4528=LINE('',#4525,#4527);
#4529=EDGE_CURVE('',#2632,#4524,#4528,.T.);
#4530=ORIENTED_EDGE('',*,*,#4529,.T.);
#4531=CARTESIAN_POINT('',(-1.,-5.027476875,0.516697469));
#4532=VERTEX_POINT('',#4531);
#4533=CARTESIAN_POINT('',(-1.,-5.040034979,0.317092124));
#4534=DIRECTION('',(-1.,0.,0.));
#4535=DIRECTION('',(0.,-0.998026728,0.06279052));
#4536=AXIS2_PLACEMENT_3D('',#4533,#4534,#4535);
#4537=CIRCLE('',#4536,0.2);
#4538=EDGE_CURVE('',#4524,#4532,#4537,.T.);
#4539=ORIENTED_EDGE('',*,*,#4538,.T.);
#4540=CARTESIAN_POINT('',(-1.,-5.027476875,0.516697469));
#4541=DIRECTION('',(0.,0.998026728,-0.06279052));
#4542=VECTOR('',#4541,0.054001601);
#4543=LINE('',#4540,#4542);
#4544=EDGE_CURVE('',#4532,#2581,#4543,.T.);
#4545=ORIENTED_EDGE('',*,*,#4544,.T.);
#4546=ORIENTED_EDGE('',*,*,#2587,.F.);
#4547=CARTESIAN_POINT('',(-1.,-4.998026879,0.749818189));
#4548=VERTEX_POINT('',#4547);
#4549=CARTESIAN_POINT('',(-1.,-4.944981795,0.739699297));
#4550=DIRECTION('',(0.,-0.982287251,0.187381315));
#4551=VECTOR('',#4550,0.054001601);
#4552=LINE('',#4549,#4551);
#4553=EDGE_CURVE('',#2579,#4548,#4552,.T.);
#4554=ORIENTED_EDGE('',*,*,#4553,.T.);
#4555=CARTESIAN_POINT('',(-1.,-4.923074353,1.142733089));
#4556=VERTEX_POINT('',#4555);
#4557=CARTESIAN_POINT('',(-1.,-4.960550616,0.946275639));
#4558=DIRECTION('',(-1.,0.,0.));
#4559=DIRECTION('',(0.,-0.982287251,0.187381315));
#4560=AXIS2_PLACEMENT_3D('',#4557,#4558,#4559);
#4561=CIRCLE('',#4560,0.2);
#4562=EDGE_CURVE('',#4548,#4556,#4561,.T.);
#4563=ORIENTED_EDGE('',*,*,#4562,.T.);
#4564=CARTESIAN_POINT('',(-1.,-4.923074353,1.142733089));
#4565=DIRECTION('',(0.,0.982287251,-0.187381315));
#4566=VECTOR('',#4565,0.054001601);
#4567=LINE('',#4564,#4566);
#4568=EDGE_CURVE('',#4556,#2556,#4567,.T.);
#4569=ORIENTED_EDGE('',*,*,#4568,.T.);
#4570=ORIENTED_EDGE('',*,*,#2562,.F.);
#4571=CARTESIAN_POINT('',(-1.,-4.864638806,1.370324518));
#4572=VERTEX_POINT('',#4571);
#4573=CARTESIAN_POINT('',(-1.,-4.813280231,1.353637106));
#4574=DIRECTION('',(0.,-0.951056516,0.309016994));
#4575=VECTOR('',#4574,0.054001601);
#4576=LINE('',#4573,#4575);
#4577=EDGE_CURVE('',#2548,#4572,#4576,.T.);
#4578=ORIENTED_EDGE('',*,*,#4577,.T.);
#4579=CARTESIAN_POINT('',(-1.,-4.741032008,1.750747125));
#4580=VERTEX_POINT('',#4579);
#4581=CARTESIAN_POINT('',(-1.,-4.802835407,1.560535822));
#4582=DIRECTION('',(-1.,0.,0.));
#4583=DIRECTION('',(0.,-0.951056516,0.309016994));
#4584=AXIS2_PLACEMENT_3D('',#4581,#4582,#4583);
#4585=CIRCLE('',#4584,0.2);
#4586=EDGE_CURVE('',#4572,#4580,#4585,.T.);
#4587=ORIENTED_EDGE('',*,*,#4586,.T.);
#4588=CARTESIAN_POINT('',(-1.,-4.741032008,1.750747125));
#4589=DIRECTION('',(0.,0.951056516,-0.309016994));
#4590=VECTOR('',#4589,0.054001601);
#4591=LINE('',#4588,#4590);
#4592=EDGE_CURVE('',#4580,#2497,#4591,.T.);
#4593=ORIENTED_EDGE('',*,*,#4592,.T.);
#4594=ORIENTED_EDGE('',*,*,#2503,.F.);
#4595=CARTESIAN_POINT('',(-1.,-4.654532473,1.969220012));
#4596=VERTEX_POINT('',#4595);
#4597=CARTESIAN_POINT('',(-1.,-4.605670364,1.946227248));
#4598=DIRECTION('',(0.,-0.904827052,0.425779292));
#4599=VECTOR('',#4598,0.054001601);
#4600=LINE('',#4597,#4599);
#4601=EDGE_CURVE('',#2495,#4596,#4600,.T.);
#4602=ORIENTED_EDGE('',*,*,#4601,.T.);
#4603=CARTESIAN_POINT('',(-1.,-4.484220757,2.331150833));
#4604=VERTEX_POINT('',#4603);
#4605=CARTESIAN_POINT('',(-1.,-4.569376615,2.150185422));
#4606=DIRECTION('',(-1.,0.,0.));
#4607=DIRECTION('',(0.,-0.904827052,0.425779292));
#4608=AXIS2_PLACEMENT_3D('',#4605,#4606,#4607);
#4609=CIRCLE('',#4608,0.2);
#4610=EDGE_CURVE('',#4596,#4604,#4609,.T.);
#4611=ORIENTED_EDGE('',*,*,#4610,.T.);
#4612=CARTESIAN_POINT('',(-1.,-4.484220757,2.331150833));
#4613=DIRECTION('',(0.,0.904827052,-0.425779292));
#4614=VECTOR('',#4613,0.054001601);
#4615=LINE('',#4612,#4614);
#4616=EDGE_CURVE('',#4604,#2472,#4615,.T.);
#4617=ORIENTED_EDGE('',*,*,#4616,.T.);
#4618=ORIENTED_EDGE('',*,*,#2478,.F.);
#4619=CARTESIAN_POINT('',(-1.,-4.371021383,2.53705973));
#4620=VERTEX_POINT('',#4619);
#4621=CARTESIAN_POINT('',(-1.,-4.325426323,2.508124225));
#4622=DIRECTION('',(0.,-0.844327926,0.535826795));
#4623=VECTOR('',#4622,0.054001601);
#4624=LINE('',#4621,#4623);
#4625=EDGE_CURVE('',#2464,#4620,#4624,.T.);
#4626=ORIENTED_EDGE('',*,*,#4625,.T.);
#4627=CARTESIAN_POINT('',(-1.,-4.156690665,2.8747909));
#4628=VERTEX_POINT('',#4627);
#4629=CARTESIAN_POINT('',(-1.,-4.263856024,2.705925315));
#4630=DIRECTION('',(-1.,0.,0.));
#4631=DIRECTION('',(0.,-0.844327926,0.535826795));
#4632=AXIS2_PLACEMENT_3D('',#4629,#4630,#4631);
#4633=CIRCLE('',#4632,0.2);
#4634=EDGE_CURVE('',#4620,#4628,#4633,.T.);
#4635=ORIENTED_EDGE('',*,*,#4634,.T.);
#4636=CARTESIAN_POINT('',(-1.,-4.156690665,2.8747909));
#4637=DIRECTION('',(0.,0.844327926,-0.535826795));
#4638=VECTOR('',#4637,0.054001601);
#4639=LINE('',#4636,#4638);
#4640=EDGE_CURVE('',#4628,#2413,#4639,.T.);
#4641=ORIENTED_EDGE('',*,*,#4640,.T.);
#4642=ORIENTED_EDGE('',*,*,#2419,.F.);
#4643=CARTESIAN_POINT('',(-1.,-4.018576674,3.0648885));
#4644=VERTEX_POINT('',#4643);
#4645=CARTESIAN_POINT('',(-1.,-3.976967725,3.030466584));
#4646=DIRECTION('',(0.,-0.770513243,0.63742399));
#4647=VECTOR('',#4646,0.054001601);
#4648=LINE('',#4645,#4647);
#4649=EDGE_CURVE('',#2411,#4644,#4648,.T.);
#4650=ORIENTED_EDGE('',*,*,#4649,.T.);
#4651=CARTESIAN_POINT('',(-1.,-3.763607078,3.373093797));
#4652=VERTEX_POINT('',#4651);
#4653=CARTESIAN_POINT('',(-1.,-3.891091876,3.218991148));
#4654=DIRECTION('',(-1.,0.,0.));
#4655=DIRECTION('',(0.,-0.770513243,0.63742399));
#4656=AXIS2_PLACEMENT_3D('',#4653,#4654,#4655);
#4657=CIRCLE('',#4656,0.2);
#4658=EDGE_CURVE('',#4644,#4652,#4657,.T.);
#4659=ORIENTED_EDGE('',*,*,#4658,.T.);
#4660=CARTESIAN_POINT('',(-1.,-3.763607078,3.373093797));
#4661=DIRECTION('',(0.,0.770513243,-0.63742399));
#4662=VECTOR('',#4661,0.054001601);
#4663=LINE('',#4660,#4662);
#4664=EDGE_CURVE('',#4652,#2388,#4663,.T.);
#4665=ORIENTED_EDGE('',*,*,#4664,.T.);
#4666=ORIENTED_EDGE('',*,*,#2394,.F.);
#4667=CARTESIAN_POINT('',(-1.,-3.60275661,3.544382147));
#4668=VERTEX_POINT('',#4667);
#4669=CARTESIAN_POINT('',(-1.,-3.565789971,3.505016674));
#4670=DIRECTION('',(0.,-0.684547106,0.728968627));
#4671=VECTOR('',#4670,0.054001601);
#4672=LINE('',#4669,#4671);
#4673=EDGE_CURVE('',#2380,#4668,#4672,.T.);
#4674=ORIENTED_EDGE('',*,*,#4673,.T.);
#4675=CARTESIAN_POINT('',(-1.,-3.311169159,3.81820099));
#4676=VERTEX_POINT('',#4675);
#4677=CARTESIAN_POINT('',(-1.,-3.456962885,3.681291568));
#4678=DIRECTION('',(-1.,0.,0.));
#4679=DIRECTION('',(0.,-0.684547106,0.728968627));
#4680=AXIS2_PLACEMENT_3D('',#4677,#4678,#4679);
#4681=CIRCLE('',#4680,0.2);
#4682=EDGE_CURVE('',#4668,#4676,#4681,.T.);
#4683=ORIENTED_EDGE('',*,*,#4682,.T.);
#4684=CARTESIAN_POINT('',(-1.,-3.311169159,3.81820099));
#4685=DIRECTION('',(0.,0.684547106,-0.728968627));
#4686=VECTOR('',#4685,0.054001601);
#4687=LINE('',#4684,#4686);
#4688=EDGE_CURVE('',#4676,#2329,#4687,.T.);
#4689=ORIENTED_EDGE('',*,*,#4688,.T.);
#4690=ORIENTED_EDGE('',*,*,#2335,.F.);
#4691=CARTESIAN_POINT('',(-1.,-3.130118923,3.967978771));
#4692=VERTEX_POINT('',#4691);
#4693=CARTESIAN_POINT('',(-1.,-3.098377578,3.924290558));
#4694=DIRECTION('',(0.,-0.587785252,0.809016994));
#4695=VECTOR('',#4694,0.054001601);
#4696=LINE('',#4693,#4695);
#4697=EDGE_CURVE('',#2327,#4692,#4696,.T.);
#4698=ORIENTED_EDGE('',*,*,#4697,.T.);
#4699=CARTESIAN_POINT('',(-1.,-2.806512125,4.203092872));
#4700=VERTEX_POINT('',#4699);
#4701=CARTESIAN_POINT('',(-1.,-2.968315524,4.085535822));
#4702=DIRECTION('',(-1.,0.,0.));
#4703=DIRECTION('',(0.,-0.587785252,0.809016994));
#4704=AXIS2_PLACEMENT_3D('',#4701,#4702,#4703);
#4705=CIRCLE('',#4704,0.2);
#4706=EDGE_CURVE('',#4692,#4700,#4705,.T.);
#4707=ORIENTED_EDGE('',*,*,#4706,.T.);
#4708=CARTESIAN_POINT('',(-1.,-2.806512125,4.203092872));
#4709=DIRECTION('',(0.,0.587785252,-0.809016994));
#4710=VECTOR('',#4709,0.054001601);
#4711=LINE('',#4708,#4710);
#4712=EDGE_CURVE('',#4700,#2304,#4711,.T.);
#4713=ORIENTED_EDGE('',*,*,#4712,.T.);
#4714=ORIENTED_EDGE('',*,*,#2310,.F.);
#4715=CARTESIAN_POINT('',(-1.,-2.60811739,4.328997999));
#4716=VERTEX_POINT('',#4715);
#4717=CARTESIAN_POINT('',(-1.,-2.58210192,4.281676035));
#4718=DIRECTION('',(0.,-0.481753674,0.87630668));
#4719=VECTOR('',#4718,0.054001601);
#4720=LINE('',#4717,#4719);
#4721=EDGE_CURVE('',#2296,#4716,#4720,.T.);
#4722=ORIENTED_EDGE('',*,*,#4721,.T.);
#4723=CARTESIAN_POINT('',(-1.,-2.257594718,4.521699469));
#4724=VERTEX_POINT('',#4723);
#4725=CARTESIAN_POINT('',(-1.,-2.432856054,4.425348734));
#4726=DIRECTION('',(-1.,0.,0.));
#4727=DIRECTION('',(0.,-0.481753674,0.87630668));
#4728=AXIS2_PLACEMENT_3D('',#4725,#4726,#4727);
#4729=CIRCLE('',#4728,0.2);
#4730=EDGE_CURVE('',#4716,#4724,#4729,.T.);
#4731=ORIENTED_EDGE('',*,*,#4730,.T.);
#4732=CARTESIAN_POINT('',(-1.,-2.257594718,4.521699469));
#4733=DIRECTION('',(0.,0.481753674,-0.87630668));
#4734=VECTOR('',#4733,0.054001601);
#4735=LINE('',#4732,#4734);
#4736=EDGE_CURVE('',#4724,#2245,#4735,.T.);
#4737=ORIENTED_EDGE('',*,*,#4736,.T.);
#4738=ORIENTED_EDGE('',*,*,#2251,.F.);
#4739=CARTESIAN_POINT('',(-1.,-2.044984288,4.621746343));
#4740=VERTEX_POINT('',#4739);
#4741=CARTESIAN_POINT('',(-1.,-2.025104973,4.571536924));
#4742=DIRECTION('',(0.,-0.368124553,0.929776486));
#4743=VECTOR('',#4742,0.054001601);
#4744=LINE('',#4741,#4743);
#4745=EDGE_CURVE('',#2243,#4740,#4744,.T.);
#4746=ORIENTED_EDGE('',*,*,#4745,.T.);
#4747=CARTESIAN_POINT('',(-1.,-1.673073694,4.768996164));
#4748=VERTEX_POINT('',#4747);
#4749=CARTESIAN_POINT('',(-1.,-1.859028991,4.695371254));
#4750=DIRECTION('',(-1.,0.,0.));
#4751=DIRECTION('',(0.,-0.368124553,0.929776486));
#4752=AXIS2_PLACEMENT_3D('',#4749,#4750,#4751);
#4753=CIRCLE('',#4752,0.2);
#4754=EDGE_CURVE('',#4740,#4748,#4753,.T.);
#4755=ORIENTED_EDGE('',*,*,#4754,.T.);
#4756=CARTESIAN_POINT('',(-1.,-1.673073694,4.768996164));
#4757=DIRECTION('',(0.,0.368124553,-0.929776486));
#4758=VECTOR('',#4757,0.054001601);
#4759=LINE('',#4756,#4758);
#4760=EDGE_CURVE('',#4748,#2220,#4759,.T.);
#4761=ORIENTED_EDGE('',*,*,#4760,.T.);
#4762=ORIENTED_EDGE('',*,*,#2226,.F.);
#4763=CARTESIAN_POINT('',(-1.,-1.449600562,4.841606986));
#4764=VERTEX_POINT('',#4763);
#4765=CARTESIAN_POINT('',(-1.,-1.43617091,4.789301945));
#4766=DIRECTION('',(0.,-0.248689887,0.968583161));
#4767=VECTOR('',#4766,0.054001601);
#4768=LINE('',#4765,#4767);
#4769=EDGE_CURVE('',#2212,#4764,#4768,.T.);
#4770=ORIENTED_EDGE('',*,*,#4769,.T.);
#4771=CARTESIAN_POINT('',(-1.,-1.062167298,4.941082941));
#4772=VERTEX_POINT('',#4771);
#4773=CARTESIAN_POINT('',(-1.,-1.25588393,4.891344964));
#4774=DIRECTION('',(-1.,0.,0.));
#4775=DIRECTION('',(0.,-0.248689887,0.968583161));
#4776=AXIS2_PLACEMENT_3D('',#4773,#4774,#4775);
#4777=CIRCLE('',#4776,0.2);
#4778=EDGE_CURVE('',#4764,#4772,#4777,.T.);
#4779=ORIENTED_EDGE('',*,*,#4778,.T.);
#4780=CARTESIAN_POINT('',(-1.,-1.062167298,4.941082941));
#4781=DIRECTION('',(0.,0.248689887,-0.968583161));
#4782=VECTOR('',#4781,0.054001601);
#4783=LINE('',#4780,#4782);
#4784=EDGE_CURVE('',#4772,#2161,#4783,.T.);
#4785=ORIENTED_EDGE('',*,*,#4784,.T.);
#4786=ORIENTED_EDGE('',*,*,#2167,.F.);
#4787=CARTESIAN_POINT('',(-1.,-0.83135577,4.985112595));
#4788=VERTEX_POINT('',#4787);
#4789=CARTESIAN_POINT('',(-1.,-0.824587574,4.931536812));
#4790=DIRECTION('',(0.,-0.125333234,0.992114701));
#4791=VECTOR('',#4790,0.054001601);
#4792=LINE('',#4789,#4791);
#4793=EDGE_CURVE('',#2159,#4788,#4792,.T.);
#4794=ORIENTED_EDGE('',*,*,#4793,.T.);
#4795=CARTESIAN_POINT('',(-1.,-0.434509889,5.035245888));
#4796=VERTEX_POINT('',#4795);
#4797=CARTESIAN_POINT('',(-1.,-0.632932829,5.010179242));
#4798=DIRECTION('',(-1.,0.,0.));
#4799=DIRECTION('',(0.,-0.125333234,0.992114701));
#4800=AXIS2_PLACEMENT_3D('',#4797,#4798,#4799);
#4801=CIRCLE('',#4800,0.2);
#4802=EDGE_CURVE('',#4788,#4796,#4801,.T.);
#4803=ORIENTED_EDGE('',*,*,#4802,.T.);
#4804=CARTESIAN_POINT('',(-1.,-0.434509889,5.035245888));
#4805=DIRECTION('',(0.,0.125333234,-0.992114701));
#4806=VECTOR('',#4805,0.054001601);
#4807=LINE('',#4804,#4806);
#4808=EDGE_CURVE('',#4796,#2136,#4807,.T.);
#4809=ORIENTED_EDGE('',*,*,#4808,.T.);
#4810=ORIENTED_EDGE('',*,*,#2142,.F.);
#4811=CARTESIAN_POINT('',(-1.,-0.2,5.05));
#4812=VERTEX_POINT('',#4811);
#4813=CARTESIAN_POINT('',(-1.,-0.2,4.995998399));
#4814=DIRECTION('',(0.,0.,1.));
#4815=VECTOR('',#4814,0.054001601);
#4816=LINE('',#4813,#4815);
#4817=EDGE_CURVE('',#2128,#4812,#4816,.T.);
#4818=ORIENTED_EDGE('',*,*,#4817,.T.);
#4819=CARTESIAN_POINT('',(-1.,0.2,5.05));
#4820=VERTEX_POINT('',#4819);
#4821=CARTESIAN_POINT('',(-1.,0.,5.05));
#4822=DIRECTION('',(-1.,0.,0.));
#4823=DIRECTION('',(0.,0.,1.));
#4824=AXIS2_PLACEMENT_3D('',#4821,#4822,#4823);
#4825=CIRCLE('',#4824,0.2);
#4826=EDGE_CURVE('',#4812,#4820,#4825,.T.);
#4827=ORIENTED_EDGE('',*,*,#4826,.T.);
#4828=CARTESIAN_POINT('',(-1.,0.2,5.05));
#4829=DIRECTION('',(0.,0.,-1.));
#4830=VECTOR('',#4829,0.054001601);
#4831=LINE('',#4828,#4830);
#4832=EDGE_CURVE('',#4820,#2077,#4831,.T.);
#4833=ORIENTED_EDGE('',*,*,#4832,.T.);
#4834=ORIENTED_EDGE('',*,*,#2083,.F.);
#4835=CARTESIAN_POINT('',(-1.,0.434509889,5.035245888));
#4836=VERTEX_POINT('',#4835);
#4837=CARTESIAN_POINT('',(-1.,0.427741694,4.981670106));
#4838=DIRECTION('',(0.,0.125333234,0.992114701));
#4839=VECTOR('',#4838,0.054001601);
#4840=LINE('',#4837,#4839);
#4841=EDGE_CURVE('',#2075,#4836,#4840,.T.);
#4842=ORIENTED_EDGE('',*,*,#4841,.T.);
#4843=CARTESIAN_POINT('',(-1.,0.83135577,4.985112595));
#4844=VERTEX_POINT('',#4843);
#4845=CARTESIAN_POINT('',(-1.,0.632932829,5.010179242));
#4846=DIRECTION('',(-1.,0.,0.));
#4847=DIRECTION('',(0.,0.125333234,0.992114701));
#4848=AXIS2_PLACEMENT_3D('',#4845,#4846,#4847);
#4849=CIRCLE('',#4848,0.2);
#4850=EDGE_CURVE('',#4836,#4844,#4849,.T.);
#4851=ORIENTED_EDGE('',*,*,#4850,.T.);
#4852=CARTESIAN_POINT('',(-1.,0.83135577,4.985112595));
#4853=DIRECTION('',(0.,-0.125333234,-0.992114701));
#4854=VECTOR('',#4853,0.054001601);
#4855=LINE('',#4852,#4854);
#4856=EDGE_CURVE('',#4844,#3396,#4855,.T.);
#4857=ORIENTED_EDGE('',*,*,#4856,.T.);
#4858=ORIENTED_EDGE('',*,*,#3402,.F.);
#4859=CARTESIAN_POINT('',(-1.,1.062167298,4.941082941));
#4860=VERTEX_POINT('',#4859);
#4861=CARTESIAN_POINT('',(-1.,1.048737646,4.888777899));
#4862=DIRECTION('',(0.,0.248689887,0.968583161));
#4863=VECTOR('',#4862,0.054001601);
#4864=LINE('',#4861,#4863);
#4865=EDGE_CURVE('',#3388,#4860,#4864,.T.);
#4866=ORIENTED_EDGE('',*,*,#4865,.T.);
#4867=CARTESIAN_POINT('',(-1.,1.449600562,4.841606986));
#4868=VERTEX_POINT('',#4867);
#4869=CARTESIAN_POINT('',(-1.,1.25588393,4.891344964));
#4870=DIRECTION('',(-1.,0.,0.));
#4871=DIRECTION('',(0.,0.248689887,0.968583161));
#4872=AXIS2_PLACEMENT_3D('',#4869,#4870,#4871);
#4873=CIRCLE('',#4872,0.2);
#4874=EDGE_CURVE('',#4860,#4868,#4873,.T.);
#4875=ORIENTED_EDGE('',*,*,#4874,.T.);
#4876=CARTESIAN_POINT('',(-1.,1.449600562,4.841606986));
#4877=DIRECTION('',(0.,-0.248689887,-0.968583161));
#4878=VECTOR('',#4877,0.054001601);
#4879=LINE('',#4876,#4878);
#4880=EDGE_CURVE('',#4868,#3337,#4879,.T.);
#4881=ORIENTED_EDGE('',*,*,#4880,.T.);
#4882=ORIENTED_EDGE('',*,*,#3343,.F.);
#4883=CARTESIAN_POINT('',(-1.,1.673073694,4.768996164));
#4884=VERTEX_POINT('',#4883);
#4885=CARTESIAN_POINT('',(-1.,1.653194379,4.718786745));
#4886=DIRECTION('',(0.,0.368124553,0.929776486));
#4887=VECTOR('',#4886,0.054001601);
#4888=LINE('',#4885,#4887);
#4889=EDGE_CURVE('',#3335,#4884,#4888,.T.);
#4890=ORIENTED_EDGE('',*,*,#4889,.T.);
#4891=CARTESIAN_POINT('',(-1.,2.044984288,4.621746343));
#4892=VERTEX_POINT('',#4891);
#4893=CARTESIAN_POINT('',(-1.,1.859028991,4.695371254));
#4894=DIRECTION('',(-1.,0.,0.));
#4895=DIRECTION('',(0.,0.368124553,0.929776486));
#4896=AXIS2_PLACEMENT_3D('',#4893,#4894,#4895);
#4897=CIRCLE('',#4896,0.2);
#4898=EDGE_CURVE('',#4884,#4892,#4897,.T.);
#4899=ORIENTED_EDGE('',*,*,#4898,.T.);
#4900=CARTESIAN_POINT('',(-1.,2.044984288,4.621746343));
#4901=DIRECTION('',(0.,-0.368124553,-0.929776486));
#4902=VECTOR('',#4901,0.054001601);
#4903=LINE('',#4900,#4902);
#4904=EDGE_CURVE('',#4892,#3421,#4903,.T.);
#4905=ORIENTED_EDGE('',*,*,#4904,.T.);
#4906=ORIENTED_EDGE('',*,*,#3427,.F.);
#4907=CARTESIAN_POINT('',(-1.,2.257594718,4.521699469));
#4908=VERTEX_POINT('',#4907);
#4909=CARTESIAN_POINT('',(-1.,2.231579248,4.474377505));
#4910=DIRECTION('',(0.,0.481753674,0.87630668));
#4911=VECTOR('',#4910,0.054001601);
#4912=LINE('',#4909,#4911);
#4913=EDGE_CURVE('',#3419,#4908,#4912,.T.);
#4914=ORIENTED_EDGE('',*,*,#4913,.T.);
#4915=CARTESIAN_POINT('',(-1.,2.60811739,4.328997999));
#4916=VERTEX_POINT('',#4915);
#4917=CARTESIAN_POINT('',(-1.,2.432856054,4.425348734));
#4918=DIRECTION('',(-1.,0.,0.));
#4919=DIRECTION('',(0.,0.481753674,0.87630668));
#4920=AXIS2_PLACEMENT_3D('',#4917,#4918,#4919);
#4921=CIRCLE('',#4920,0.2);
#4922=EDGE_CURVE('',#4908,#4916,#4921,.T.);
#4923=ORIENTED_EDGE('',*,*,#4922,.T.);
#4924=CARTESIAN_POINT('',(-1.,2.60811739,4.328997999));
#4925=DIRECTION('',(0.,-0.481753674,-0.87630668));
#4926=VECTOR('',#4925,0.054001601);
#4927=LINE('',#4924,#4926);
#4928=EDGE_CURVE('',#4916,#3463,#4927,.T.);
#4929=ORIENTED_EDGE('',*,*,#4928,.T.);
#4930=ORIENTED_EDGE('',*,*,#3469,.F.);
#4931=CARTESIAN_POINT('',(-1.,2.806512125,4.203092872));
#4932=VERTEX_POINT('',#4931);
#4933=CARTESIAN_POINT('',(-1.,2.77477078,4.159404659));
#4934=DIRECTION('',(0.,0.587785252,0.809016994));
#4935=VECTOR('',#4934,0.054001601);
#4936=LINE('',#4933,#4935);
#4937=EDGE_CURVE('',#3461,#4932,#4936,.T.);
#4938=ORIENTED_EDGE('',*,*,#4937,.T.);
#4939=CARTESIAN_POINT('',(-1.,3.130118923,3.967978771));
#4940=VERTEX_POINT('',#4939);
#4941=CARTESIAN_POINT('',(-1.,2.968315524,4.085535822));
#4942=DIRECTION('',(-1.,0.,0.));
#4943=DIRECTION('',(0.,0.587785252,0.809016994));
#4944=AXIS2_PLACEMENT_3D('',#4941,#4942,#4943);
#4945=CIRCLE('',#4944,0.2);
#4946=EDGE_CURVE('',#4932,#4940,#4945,.T.);
#4947=ORIENTED_EDGE('',*,*,#4946,.T.);
#4948=CARTESIAN_POINT('',(-1.,3.130118923,3.967978771));
#4949=DIRECTION('',(0.,-0.587785252,-0.809016994));
#4950=VECTOR('',#4949,0.054001601);
#4951=LINE('',#4948,#4950);
#4952=EDGE_CURVE('',#4940,#3505,#4951,.T.);
#4953=ORIENTED_EDGE('',*,*,#4952,.T.);
#4954=ORIENTED_EDGE('',*,*,#3511,.F.);
#4955=CARTESIAN_POINT('',(-1.,3.311169159,3.81820099));
#4956=VERTEX_POINT('',#4955);
#4957=CARTESIAN_POINT('',(-1.,3.27420252,3.778835516));
#4958=DIRECTION('',(0.,0.684547106,0.728968627));
#4959=VECTOR('',#4958,0.054001601);
#4960=LINE('',#4957,#4959);
#4961=EDGE_CURVE('',#3503,#4956,#4960,.T.);
#4962=ORIENTED_EDGE('',*,*,#4961,.T.);
#4963=CARTESIAN_POINT('',(-1.,3.60275661,3.544382147));
#4964=VERTEX_POINT('',#4963);
#4965=CARTESIAN_POINT('',(-1.,3.456962885,3.681291568));
#4966=DIRECTION('',(-1.,0.,0.));
#4967=DIRECTION('',(0.,0.684547106,0.728968627));
#4968=AXIS2_PLACEMENT_3D('',#4965,#4966,#4967);
#4969=CIRCLE('',#4968,0.2);
#4970=EDGE_CURVE('',#4956,#4964,#4969,.T.);
#4971=ORIENTED_EDGE('',*,*,#4970,.T.);
#4972=CARTESIAN_POINT('',(-1.,3.60275661,3.544382147));
#4973=DIRECTION('',(0.,-0.684547106,-0.728968627));
#4974=VECTOR('',#4973,0.054001601);
#4975=LINE('',#4972,#4974);
#4976=EDGE_CURVE('',#4964,#3547,#4975,.T.);
#4977=ORIENTED_EDGE('',*,*,#4976,.T.);
#4978=ORIENTED_EDGE('',*,*,#3553,.F.);
#4979=CARTESIAN_POINT('',(-1.,3.763607078,3.373093797));
#4980=VERTEX_POINT('',#4979);
#4981=CARTESIAN_POINT('',(-1.,3.721998129,3.338671881));
#4982=DIRECTION('',(0.,0.770513243,0.63742399));
#4983=VECTOR('',#4982,0.054001601);
#4984=LINE('',#4981,#4983);
#4985=EDGE_CURVE('',#3545,#4980,#4984,.T.);
#4986=ORIENTED_EDGE('',*,*,#4985,.T.);
#4987=CARTESIAN_POINT('',(-1.,4.018576674,3.0648885));
#4988=VERTEX_POINT('',#4987);
#4989=CARTESIAN_POINT('',(-1.,3.891091876,3.218991148));
#4990=DIRECTION('',(-1.,0.,0.));
#4991=DIRECTION('',(0.,0.770513243,0.63742399));
#4992=AXIS2_PLACEMENT_3D('',#4989,#4990,#4991);
#4993=CIRCLE('',#4992,0.2);
#4994=EDGE_CURVE('',#4980,#4988,#4993,.T.);
#4995=ORIENTED_EDGE('',*,*,#4994,.T.);
#4996=CARTESIAN_POINT('',(-1.,4.018576674,3.0648885));
#4997=DIRECTION('',(0.,-0.770513243,-0.63742399));
#4998=VECTOR('',#4997,0.054001601);
#4999=LINE('',#4996,#4998);
#5000=EDGE_CURVE('',#4988,#3589,#4999,.T.);
#5001=ORIENTED_EDGE('',*,*,#5000,.T.);
#5002=ORIENTED_EDGE('',*,*,#3595,.F.);
#5003=CARTESIAN_POINT('',(-1.,4.156690665,2.8747909));
#5004=VERTEX_POINT('',#5003);
#5005=CARTESIAN_POINT('',(-1.,4.111095605,2.845855395));
#5006=DIRECTION('',(0.,0.844327926,0.535826795));
#5007=VECTOR('',#5006,0.054001601);
#5008=LINE('',#5005,#5007);
#5009=EDGE_CURVE('',#3587,#5004,#5008,.T.);
#5010=ORIENTED_EDGE('',*,*,#5009,.T.);
#5011=CARTESIAN_POINT('',(-1.,4.371021383,2.53705973));
#5012=VERTEX_POINT('',#5011);
#5013=CARTESIAN_POINT('',(-1.,4.263856024,2.705925315));
#5014=DIRECTION('',(-1.,0.,0.));
#5015=DIRECTION('',(0.,0.844327926,0.535826795));
#5016=AXIS2_PLACEMENT_3D('',#5013,#5014,#5015);
#5017=CIRCLE('',#5016,0.2);
#5018=EDGE_CURVE('',#5004,#5012,#5017,.T.);
#5019=ORIENTED_EDGE('',*,*,#5018,.T.);
#5020=CARTESIAN_POINT('',(-1.,4.371021383,2.53705973));
#5021=DIRECTION('',(0.,-0.844327926,-0.535826795));
#5022=VECTOR('',#5021,0.054001601);
#5023=LINE('',#5020,#5022);
#5024=EDGE_CURVE('',#5012,#3631,#5023,.T.);
#5025=ORIENTED_EDGE('',*,*,#5024,.T.);
#5026=ORIENTED_EDGE('',*,*,#3637,.F.);
#5027=CARTESIAN_POINT('',(-1.,4.484220757,2.331150833));
#5028=VERTEX_POINT('',#5027);
#5029=CARTESIAN_POINT('',(-1.,4.435358647,2.308158069));
#5030=DIRECTION('',(0.,0.904827052,0.425779292));
#5031=VECTOR('',#5030,0.054001601);
#5032=LINE('',#5029,#5031);
#5033=EDGE_CURVE('',#3629,#5028,#5032,.T.);
#5034=ORIENTED_EDGE('',*,*,#5033,.T.);
#5035=CARTESIAN_POINT('',(-1.,4.654532473,1.969220012));
#5036=VERTEX_POINT('',#5035);
#5037=CARTESIAN_POINT('',(-1.,4.569376615,2.150185422));
#5038=DIRECTION('',(-1.,0.,0.));
#5039=DIRECTION('',(0.,0.904827052,0.425779292));
#5040=AXIS2_PLACEMENT_3D('',#5037,#5038,#5039);
#5041=CIRCLE('',#5040,0.2);
#5042=EDGE_CURVE('',#5028,#5036,#5041,.T.);
#5043=ORIENTED_EDGE('',*,*,#5042,.T.);
#5044=CARTESIAN_POINT('',(-1.,4.654532473,1.969220012));
#5045=DIRECTION('',(0.,-0.904827052,-0.425779292));
#5046=VECTOR('',#5045,0.054001601);
#5047=LINE('',#5044,#5046);
#5048=EDGE_CURVE('',#5036,#3673,#5047,.T.);
#5049=ORIENTED_EDGE('',*,*,#5048,.T.);
#5050=ORIENTED_EDGE('',*,*,#3679,.F.);
#5051=CARTESIAN_POINT('',(-1.,4.741032008,1.750747125));
#5052=VERTEX_POINT('',#5051);
#5053=CARTESIAN_POINT('',(-1.,4.689673434,1.734059712));
#5054=DIRECTION('',(0.,0.951056516,0.309016994));
#5055=VECTOR('',#5054,0.054001601);
#5056=LINE('',#5053,#5055);
#5057=EDGE_CURVE('',#3671,#5052,#5056,.T.);
#5058=ORIENTED_EDGE('',*,*,#5057,.T.);
#5059=CARTESIAN_POINT('',(-1.,4.864638806,1.370324518));
#5060=VERTEX_POINT('',#5059);
#5061=CARTESIAN_POINT('',(-1.,4.802835407,1.560535822));
#5062=DIRECTION('',(-1.,0.,0.));
#5063=DIRECTION('',(0.,0.951056516,0.309016994));
#5064=AXIS2_PLACEMENT_3D('',#5061,#5062,#5063);
#5065=CIRCLE('',#5064,0.2);
#5066=EDGE_CURVE('',#5052,#5060,#5065,.T.);
#5067=ORIENTED_EDGE('',*,*,#5066,.T.);
#5068=CARTESIAN_POINT('',(-1.,4.864638806,1.370324518));
#5069=DIRECTION('',(0.,-0.951056516,-0.309016994));
#5070=VECTOR('',#5069,0.054001601);
#5071=LINE('',#5068,#5070);
#5072=EDGE_CURVE('',#5060,#3715,#5071,.T.);
#5073=ORIENTED_EDGE('',*,*,#5072,.T.);
#5074=ORIENTED_EDGE('',*,*,#3721,.F.);
#5075=CARTESIAN_POINT('',(-1.,4.923074353,1.142733089));
#5076=VERTEX_POINT('',#5075);
#5077=CARTESIAN_POINT('',(-1.,4.870029269,1.132614198));
#5078=DIRECTION('',(0.,0.982287251,0.187381315));
#5079=VECTOR('',#5078,0.054001601);
#5080=LINE('',#5077,#5079);
#5081=EDGE_CURVE('',#3713,#5076,#5080,.T.);
#5082=ORIENTED_EDGE('',*,*,#5081,.T.);
#5083=CARTESIAN_POINT('',(-1.,4.998026879,0.749818189));
#5084=VERTEX_POINT('',#5083);
#5085=CARTESIAN_POINT('',(-1.,4.960550616,0.946275639));
#5086=DIRECTION('',(-1.,0.,0.));
#5087=DIRECTION('',(0.,0.982287251,0.187381315));
#5088=AXIS2_PLACEMENT_3D('',#5085,#5086,#5087);
#5089=CIRCLE('',#5088,0.2);
#5090=EDGE_CURVE('',#5076,#5084,#5089,.T.);
#5091=ORIENTED_EDGE('',*,*,#5090,.T.);
#5092=CARTESIAN_POINT('',(-1.,4.998026879,0.749818189));
#5093=DIRECTION('',(0.,-0.982287251,-0.187381315));
#5094=VECTOR('',#5093,0.054001601);
#5095=LINE('',#5092,#5094);
#5096=EDGE_CURVE('',#5084,#3757,#5095,.T.);
#5097=ORIENTED_EDGE('',*,*,#5096,.T.);
#5098=ORIENTED_EDGE('',*,*,#3763,.F.);
#5099=CARTESIAN_POINT('',(-1.,5.027476875,0.516697469));
#5100=VERTEX_POINT('',#5099);
#5101=CARTESIAN_POINT('',(-1.,4.973581833,0.513306681));
#5102=DIRECTION('',(0.,0.998026728,0.06279052));
#5103=VECTOR('',#5102,0.054001601);
#5104=LINE('',#5101,#5103);
#5105=EDGE_CURVE('',#3755,#5100,#5104,.T.);
#5106=ORIENTED_EDGE('',*,*,#5105,.T.);
#5107=CARTESIAN_POINT('',(-1.,5.052593082,0.117486778));
#5108=VERTEX_POINT('',#5107);
#5109=CARTESIAN_POINT('',(-1.,5.040034979,0.317092124));
#5110=DIRECTION('',(-1.,0.,0.));
#5111=DIRECTION('',(0.,0.998026728,0.06279052));
#5112=AXIS2_PLACEMENT_3D('',#5109,#5110,#5111);
#5113=CIRCLE('',#5112,0.2);
#5114=EDGE_CURVE('',#5100,#5108,#5113,.T.);
#5115=ORIENTED_EDGE('',*,*,#5114,.T.);
#5116=CARTESIAN_POINT('',(-1.,5.052593082,0.117486778));
#5117=DIRECTION('',(0.,-0.998026728,-0.06279052));
#5118=VECTOR('',#5117,0.054001601);
#5119=LINE('',#5116,#5118);
#5120=EDGE_CURVE('',#5108,#3799,#5119,.T.);
#5121=ORIENTED_EDGE('',*,*,#5120,.T.);
#5122=ORIENTED_EDGE('',*,*,#3805,.F.);
#5123=CARTESIAN_POINT('',(-1.,5.052593082,-0.117486778));
#5124=VERTEX_POINT('',#5123);
#5125=CARTESIAN_POINT('',(-1.,4.998698041,-0.114095989));
#5126=DIRECTION('',(0.,0.998026728,-0.06279052));
#5127=VECTOR('',#5126,0.054001601);
#5128=LINE('',#5125,#5127);
#5129=EDGE_CURVE('',#3797,#5124,#5128,.T.);
#5130=ORIENTED_EDGE('',*,*,#5129,.T.);
#5131=CARTESIAN_POINT('',(-1.,5.027476875,-0.516697469));
#5132=VERTEX_POINT('',#5131);
#5133=CARTESIAN_POINT('',(-1.,5.040034979,-0.317092124));
#5134=DIRECTION('',(-1.,0.,0.));
#5135=DIRECTION('',(0.,0.998026728,-0.06279052));
#5136=AXIS2_PLACEMENT_3D('',#5133,#5134,#5135);
#5137=CIRCLE('',#5136,0.2);
#5138=EDGE_CURVE('',#5124,#5132,#5137,.T.);
#5139=ORIENTED_EDGE('',*,*,#5138,.T.);
#5140=CARTESIAN_POINT('',(-1.,5.027476875,-0.516697469));
#5141=DIRECTION('',(0.,-0.998026728,0.06279052));
#5142=VECTOR('',#5141,0.054001601);
#5143=LINE('',#5140,#5142);
#5144=EDGE_CURVE('',#5132,#3841,#5143,.T.);
#5145=ORIENTED_EDGE('',*,*,#5144,.T.);
#5146=ORIENTED_EDGE('',*,*,#3847,.F.);
#5147=CARTESIAN_POINT('',(-1.,4.998026879,-0.749818189));
#5148=VERTEX_POINT('',#5147);
#5149=CARTESIAN_POINT('',(-1.,4.944981795,-0.739699297));
#5150=DIRECTION('',(0.,0.982287251,-0.187381315));
#5151=VECTOR('',#5150,0.054001601);
#5152=LINE('',#5149,#5151);
#5153=EDGE_CURVE('',#3839,#5148,#5152,.T.);
#5154=ORIENTED_EDGE('',*,*,#5153,.T.);
#5155=CARTESIAN_POINT('',(-1.,4.923074353,-1.142733089));
#5156=VERTEX_POINT('',#5155);
#5157=CARTESIAN_POINT('',(-1.,4.960550616,-0.946275639));
#5158=DIRECTION('',(-1.,0.,0.));
#5159=DIRECTION('',(0.,0.982287251,-0.187381315));
#5160=AXIS2_PLACEMENT_3D('',#5157,#5158,#5159);
#5161=CIRCLE('',#5160,0.2);
#5162=EDGE_CURVE('',#5148,#5156,#5161,.T.);
#5163=ORIENTED_EDGE('',*,*,#5162,.T.);
#5164=CARTESIAN_POINT('',(-1.,4.923074353,-1.142733089));
#5165=DIRECTION('',(0.,-0.982287251,0.187381315));
#5166=VECTOR('',#5165,0.054001601);
#5167=LINE('',#5164,#5166);
#5168=EDGE_CURVE('',#5156,#3883,#5167,.T.);
#5169=ORIENTED_EDGE('',*,*,#5168,.T.);
#5170=ORIENTED_EDGE('',*,*,#3889,.F.);
#5171=CARTESIAN_POINT('',(-1.,4.864638806,-1.370324518));
#5172=VERTEX_POINT('',#5171);
#5173=CARTESIAN_POINT('',(-1.,4.813280231,-1.353637106));
#5174=DIRECTION('',(0.,0.951056516,-0.309016994));
#5175=VECTOR('',#5174,0.054001601);
#5176=LINE('',#5173,#5175);
#5177=EDGE_CURVE('',#3881,#5172,#5176,.T.);
#5178=ORIENTED_EDGE('',*,*,#5177,.T.);
#5179=CARTESIAN_POINT('',(-1.,4.741032008,-1.750747125));
#5180=VERTEX_POINT('',#5179);
#5181=CARTESIAN_POINT('',(-1.,4.802835407,-1.560535822));
#5182=DIRECTION('',(-1.,0.,0.));
#5183=DIRECTION('',(0.,0.951056516,-0.309016994));
#5184=AXIS2_PLACEMENT_3D('',#5181,#5182,#5183);
#5185=CIRCLE('',#5184,0.2);
#5186=EDGE_CURVE('',#5172,#5180,#5185,.T.);
#5187=ORIENTED_EDGE('',*,*,#5186,.T.);
#5188=CARTESIAN_POINT('',(-1.,4.741032008,-1.750747125));
#5189=DIRECTION('',(0.,-0.951056516,0.309016994));
#5190=VECTOR('',#5189,0.054001601);
#5191=LINE('',#5188,#5190);
#5192=EDGE_CURVE('',#5180,#3925,#5191,.T.);
#5193=ORIENTED_EDGE('',*,*,#5192,.T.);
#5194=ORIENTED_EDGE('',*,*,#3931,.F.);
#5195=CARTESIAN_POINT('',(-1.,4.654532473,-1.969220012));
#5196=VERTEX_POINT('',#5195);
#5197=CARTESIAN_POINT('',(-1.,4.605670364,-1.946227248));
#5198=DIRECTION('',(0.,0.904827052,-0.425779292));
#5199=VECTOR('',#5198,0.054001601);
#5200=LINE('',#5197,#5199);
#5201=EDGE_CURVE('',#3923,#5196,#5200,.T.);
#5202=ORIENTED_EDGE('',*,*,#5201,.T.);
#5203=CARTESIAN_POINT('',(-1.,4.484220757,-2.331150833));
#5204=VERTEX_POINT('',#5203);
#5205=CARTESIAN_POINT('',(-1.,4.569376615,-2.150185422));
#5206=DIRECTION('',(-1.,0.,0.));
#5207=DIRECTION('',(0.,0.904827052,-0.425779292));
#5208=AXIS2_PLACEMENT_3D('',#5205,#5206,#5207);
#5209=CIRCLE('',#5208,0.2);
#5210=EDGE_CURVE('',#5196,#5204,#5209,.T.);
#5211=ORIENTED_EDGE('',*,*,#5210,.T.);
#5212=CARTESIAN_POINT('',(-1.,4.484220757,-2.331150833));
#5213=DIRECTION('',(0.,-0.904827052,0.425779292));
#5214=VECTOR('',#5213,0.054001601);
#5215=LINE('',#5212,#5214);
#5216=EDGE_CURVE('',#5204,#3967,#5215,.T.);
#5217=ORIENTED_EDGE('',*,*,#5216,.T.);
#5218=ORIENTED_EDGE('',*,*,#3973,.F.);
#5219=CARTESIAN_POINT('',(-1.,4.371021383,-2.53705973));
#5220=VERTEX_POINT('',#5219);
#5221=CARTESIAN_POINT('',(-1.,4.325426323,-2.508124225));
#5222=DIRECTION('',(0.,0.844327926,-0.535826795));
#5223=VECTOR('',#5222,0.054001601);
#5224=LINE('',#5221,#5223);
#5225=EDGE_CURVE('',#3965,#5220,#5224,.T.);
#5226=ORIENTED_EDGE('',*,*,#5225,.T.);
#5227=CARTESIAN_POINT('',(-1.,4.156690665,-2.8747909));
#5228=VERTEX_POINT('',#5227);
#5229=CARTESIAN_POINT('',(-1.,4.263856024,-2.705925315));
#5230=DIRECTION('',(-1.,0.,0.));
#5231=DIRECTION('',(0.,0.844327926,-0.535826795));
#5232=AXIS2_PLACEMENT_3D('',#5229,#5230,#5231);
#5233=CIRCLE('',#5232,0.2);
#5234=EDGE_CURVE('',#5220,#5228,#5233,.T.);
#5235=ORIENTED_EDGE('',*,*,#5234,.T.);
#5236=CARTESIAN_POINT('',(-1.,4.156690665,-2.8747909));
#5237=DIRECTION('',(0.,-0.844327926,0.535826795));
#5238=VECTOR('',#5237,0.054001601);
#5239=LINE('',#5236,#5238);
#5240=EDGE_CURVE('',#5228,#4009,#5239,.T.);
#5241=ORIENTED_EDGE('',*,*,#5240,.T.);
#5242=ORIENTED_EDGE('',*,*,#4015,.F.);
#5243=CARTESIAN_POINT('',(-1.,4.018576674,-3.0648885));
#5244=VERTEX_POINT('',#5243);
#5245=CARTESIAN_POINT('',(-1.,3.976967725,-3.030466584));
#5246=DIRECTION('',(0.,0.770513243,-0.63742399));
#5247=VECTOR('',#5246,0.054001601);
#5248=LINE('',#5245,#5247);
#5249=EDGE_CURVE('',#4007,#5244,#5248,.T.);
#5250=ORIENTED_EDGE('',*,*,#5249,.T.);
#5251=CARTESIAN_POINT('',(-1.,3.763607078,-3.373093797));
#5252=VERTEX_POINT('',#5251);
#5253=CARTESIAN_POINT('',(-1.,3.891091876,-3.218991148));
#5254=DIRECTION('',(-1.,0.,0.));
#5255=DIRECTION('',(0.,0.770513243,-0.63742399));
#5256=AXIS2_PLACEMENT_3D('',#5253,#5254,#5255);
#5257=CIRCLE('',#5256,0.2);
#5258=EDGE_CURVE('',#5244,#5252,#5257,.T.);
#5259=ORIENTED_EDGE('',*,*,#5258,.T.);
#5260=CARTESIAN_POINT('',(-1.,3.763607078,-3.373093797));
#5261=DIRECTION('',(0.,-0.770513243,0.63742399));
#5262=VECTOR('',#5261,0.054001601);
#5263=LINE('',#5260,#5262);
#5264=EDGE_CURVE('',#5252,#4051,#5263,.T.);
#5265=ORIENTED_EDGE('',*,*,#5264,.T.);
#5266=ORIENTED_EDGE('',*,*,#4057,.F.);
#5267=CARTESIAN_POINT('',(-1.,3.60275661,-3.544382147));
#5268=VERTEX_POINT('',#5267);
#5269=CARTESIAN_POINT('',(-1.,3.565789971,-3.505016674));
#5270=DIRECTION('',(0.,0.684547106,-0.728968627));
#5271=VECTOR('',#5270,0.054001601);
#5272=LINE('',#5269,#5271);
#5273=EDGE_CURVE('',#4049,#5268,#5272,.T.);
#5274=ORIENTED_EDGE('',*,*,#5273,.T.);
#5275=CARTESIAN_POINT('',(-1.,3.311169159,-3.81820099));
#5276=VERTEX_POINT('',#5275);
#5277=CARTESIAN_POINT('',(-1.,3.456962885,-3.681291568));
#5278=DIRECTION('',(-1.,0.,0.));
#5279=DIRECTION('',(0.,0.684547106,-0.728968627));
#5280=AXIS2_PLACEMENT_3D('',#5277,#5278,#5279);
#5281=CIRCLE('',#5280,0.2);
#5282=EDGE_CURVE('',#5268,#5276,#5281,.T.);
#5283=ORIENTED_EDGE('',*,*,#5282,.T.);
#5284=CARTESIAN_POINT('',(-1.,3.311169159,-3.81820099));
#5285=DIRECTION('',(0.,-0.684547106,0.728968627));
#5286=VECTOR('',#5285,0.054001601);
#5287=LINE('',#5284,#5286);
#5288=EDGE_CURVE('',#5276,#4093,#5287,.T.);
#5289=ORIENTED_EDGE('',*,*,#5288,.T.);
#5290=ORIENTED_EDGE('',*,*,#4099,.F.);
#5291=CARTESIAN_POINT('',(-1.,3.130118923,-3.967978771));
#5292=VERTEX_POINT('',#5291);
#5293=CARTESIAN_POINT('',(-1.,3.098377578,-3.924290558));
#5294=DIRECTION('',(0.,0.587785252,-0.809016994));
#5295=VECTOR('',#5294,0.054001601);
#5296=LINE('',#5293,#5295);
#5297=EDGE_CURVE('',#4091,#5292,#5296,.T.);
#5298=ORIENTED_EDGE('',*,*,#5297,.T.);
#5299=CARTESIAN_POINT('',(-1.,2.806512125,-4.203092872));
#5300=VERTEX_POINT('',#5299);
#5301=CARTESIAN_POINT('',(-1.,2.968315524,-4.085535822));
#5302=DIRECTION('',(-1.,0.,0.));
#5303=DIRECTION('',(0.,0.587785252,-0.809016994));
#5304=AXIS2_PLACEMENT_3D('',#5301,#5302,#5303);
#5305=CIRCLE('',#5304,0.2);
#5306=EDGE_CURVE('',#5292,#5300,#5305,.T.);
#5307=ORIENTED_EDGE('',*,*,#5306,.T.);
#5308=CARTESIAN_POINT('',(-1.,2.806512125,-4.203092872));
#5309=DIRECTION('',(0.,-0.587785252,0.809016994));
#5310=VECTOR('',#5309,0.054001601);
#5311=LINE('',#5308,#5310);
#5312=EDGE_CURVE('',#5300,#4135,#5311,.T.);
#5313=ORIENTED_EDGE('',*,*,#5312,.T.);
#5314=ORIENTED_EDGE('',*,*,#4141,.F.);
#5315=CARTESIAN_POINT('',(-1.,2.60811739,-4.328997999));
#5316=VERTEX_POINT('',#5315);
#5317=CARTESIAN_POINT('',(-1.,2.58210192,-4.281676035));
#5318=DIRECTION('',(0.,0.481753674,-0.87630668));
#5319=VECTOR('',#5318,0.054001601);
#5320=LINE('',#5317,#5319);
#5321=EDGE_CURVE('',#4133,#5316,#5320,.T.);
#5322=ORIENTED_EDGE('',*,*,#5321,.T.);
#5323=CARTESIAN_POINT('',(-1.,2.257594718,-4.521699469));
#5324=VERTEX_POINT('',#5323);
#5325=CARTESIAN_POINT('',(-1.,2.432856054,-4.425348734));
#5326=DIRECTION('',(-1.,0.,0.));
#5327=DIRECTION('',(0.,0.481753674,-0.87630668));
#5328=AXIS2_PLACEMENT_3D('',#5325,#5326,#5327);
#5329=CIRCLE('',#5328,0.2);
#5330=EDGE_CURVE('',#5316,#5324,#5329,.T.);
#5331=ORIENTED_EDGE('',*,*,#5330,.T.);
#5332=CARTESIAN_POINT('',(-1.,2.257594718,-4.521699469));
#5333=DIRECTION('',(0.,-0.481753674,0.87630668));
#5334=VECTOR('',#5333,0.054001601);
#5335=LINE('',#5332,#5334);
#5336=EDGE_CURVE('',#5324,#3312,#5335,.T.);
#5337=ORIENTED_EDGE('',*,*,#5336,.T.);
#5338=ORIENTED_EDGE('',*,*,#3318,.F.);
#5339=CARTESIAN_POINT('',(-1.,2.044984288,-4.621746343));
#5340=VERTEX_POINT('',#5339);
#5341=CARTESIAN_POINT('',(-1.,2.025104973,-4.571536924));
#5342=DIRECTION('',(0.,0.368124553,-0.929776486));
#5343=VECTOR('',#5342,0.054001601);
#5344=LINE('',#5341,#5343);
#5345=EDGE_CURVE('',#3304,#5340,#5344,.T.);
#5346=ORIENTED_EDGE('',*,*,#5345,.T.);
#5347=CARTESIAN_POINT('',(-1.,1.673073694,-4.768996164));
#5348=VERTEX_POINT('',#5347);
#5349=CARTESIAN_POINT('',(-1.,1.859028991,-4.695371254));
#5350=DIRECTION('',(-1.,0.,0.));
#5351=DIRECTION('',(0.,0.368124553,-0.929776486));
#5352=AXIS2_PLACEMENT_3D('',#5349,#5350,#5351);
#5353=CIRCLE('',#5352,0.2);
#5354=EDGE_CURVE('',#5340,#5348,#5353,.T.);
#5355=ORIENTED_EDGE('',*,*,#5354,.T.);
#5356=CARTESIAN_POINT('',(-1.,1.673073694,-4.768996164));
#5357=DIRECTION('',(0.,-0.368124553,0.929776486));
#5358=VECTOR('',#5357,0.054001601);
#5359=LINE('',#5356,#5358);
#5360=EDGE_CURVE('',#5348,#3253,#5359,.T.);
#5361=ORIENTED_EDGE('',*,*,#5360,.T.);
#5362=ORIENTED_EDGE('',*,*,#3259,.F.);
#5363=CARTESIAN_POINT('',(-1.,1.449600562,-4.841606986));
#5364=VERTEX_POINT('',#5363);
#5365=CARTESIAN_POINT('',(-1.,1.43617091,-4.789301945));
#5366=DIRECTION('',(0.,0.248689887,-0.968583161));
#5367=VECTOR('',#5366,0.054001601);
#5368=LINE('',#5365,#5367);
#5369=EDGE_CURVE('',#3251,#5364,#5368,.T.);
#5370=ORIENTED_EDGE('',*,*,#5369,.T.);
#5371=CARTESIAN_POINT('',(-1.,1.062167298,-4.941082941));
#5372=VERTEX_POINT('',#5371);
#5373=CARTESIAN_POINT('',(-1.,1.25588393,-4.891344964));
#5374=DIRECTION('',(-1.,0.,0.));
#5375=DIRECTION('',(0.,0.248689887,-0.968583161));
#5376=AXIS2_PLACEMENT_3D('',#5373,#5374,#5375);
#5377=CIRCLE('',#5376,0.2);
#5378=EDGE_CURVE('',#5364,#5372,#5377,.T.);
#5379=ORIENTED_EDGE('',*,*,#5378,.T.);
#5380=CARTESIAN_POINT('',(-1.,1.062167298,-4.941082941));
#5381=DIRECTION('',(0.,-0.248689887,0.968583161));
#5382=VECTOR('',#5381,0.054001601);
#5383=LINE('',#5380,#5382);
#5384=EDGE_CURVE('',#5372,#3228,#5383,.T.);
#5385=ORIENTED_EDGE('',*,*,#5384,.T.);
#5386=ORIENTED_EDGE('',*,*,#3234,.F.);
#5387=CARTESIAN_POINT('',(-1.,0.83135577,-4.985112595));
#5388=VERTEX_POINT('',#5387);
#5389=CARTESIAN_POINT('',(-1.,0.824587574,-4.931536812));
#5390=DIRECTION('',(0.,0.125333234,-0.992114701));
#5391=VECTOR('',#5390,0.054001601);
#5392=LINE('',#5389,#5391);
#5393=EDGE_CURVE('',#3220,#5388,#5392,.T.);
#5394=ORIENTED_EDGE('',*,*,#5393,.T.);
#5395=CARTESIAN_POINT('',(-1.,0.434509889,-5.035245888));
#5396=VERTEX_POINT('',#5395);
#5397=CARTESIAN_POINT('',(-1.,0.632932829,-5.010179242));
#5398=DIRECTION('',(-1.,0.,0.));
#5399=DIRECTION('',(0.,0.125333234,-0.992114701));
#5400=AXIS2_PLACEMENT_3D('',#5397,#5398,#5399);
#5401=CIRCLE('',#5400,0.2);
#5402=EDGE_CURVE('',#5388,#5396,#5401,.T.);
#5403=ORIENTED_EDGE('',*,*,#5402,.T.);
#5404=CARTESIAN_POINT('',(-1.,0.434509889,-5.035245888));
#5405=DIRECTION('',(0.,-0.125333234,0.992114701));
#5406=VECTOR('',#5405,0.054001601);
#5407=LINE('',#5404,#5406);
#5408=EDGE_CURVE('',#5396,#3186,#5407,.T.);
#5409=ORIENTED_EDGE('',*,*,#5408,.T.);
#5410=EDGE_LOOP('',(#4210,#4218,#4227,#4233,#4234,#4242,#4251,#4257,#4258,#4266,#4275,#4281,#4282,#4290,#4299,#4305,#4306,#4314,#4323,#4329,#4330,#4338,#4347,#4353,#4354,#4362,
#4371,#4377,#4378,#4386,#4395,#4401,#4402,#4410,#4419,#4425,#4426,#4434,#4443,#4449,#4450,#4458,#4467,#4473,#4474,#4482,#4491,#4497,#4498,#4506,#4515,
#4521,#4522,#4530,#4539,#4545,#4546,#4554,#4563,#4569,#4570,#4578,#4587,#4593,#4594,#4602,#4611,#4617,#4618,#4626,#4635,#4641,#4642,#4650,#4659,#4665,
#4666,#4674,#4683,#4689,#4690,#4698,#4707,#4713,#4714,#4722,#4731,#4737,#4738,#4746,#4755,#4761,#4762,#4770,#4779,#4785,#4786,#4794,#4803,#4809,#4810,
#4818,#4827,#4833,#4834,#4842,#4851,#4857,#4858,#4866,#4875,#4881,#4882,#4890,#4899,#4905,#4906,#4914,#4923,#4929,#4930,#4938,#4947,#4953,#4954,#4962,
#4971,#4977,#4978,#4986,#4995,#5001,#5002,#5010,#5019,#5025,#5026,#5034,#5043,#5049,#5050,#5058,#5067,#5073,#5074,#5082,#5091,#5097,#5098,#5106,#5115,
#5121,#5122,#5130,#5139,#5145,#5146,#5154,#5163,#5169,#5170,#5178,#5187,#5193,#5194,#5202,#5211,#5217,#5218,#5226,#5235,#5241,#5242,#5250,#5259,#5265,
#5266,#5274,#5283,#5289,#5290,#5298,#5307,#5313,#5314,#5322,#5331,#5337,#5338,#5346,#5355,#5361,#5362,#5370,#5379,#5385,#5386,#5394,#5403,#5409));
#5411=FACE_BOUND('',#5410,.T.);
#5412=ADVANCED_FACE('',(#4209,#5411),#4206,.T.);
#5413=CARTESIAN_POINT('',(0.,0.,4.5));
#5414=DIRECTION('',(1.,0.,0.));
#5415=DIRECTION('',(0.,0.,-1.));
#5416=AXIS2_PLACEMENT_3D('',#5413,#5414,#5415);
#5417=PLANE('',#5416);
#5418=ORIENTED_EDGE('',*,*,#3175,.T.);
#5419=CARTESIAN_POINT('',(0.,0.434509889,-5.035245888));
#5420=VERTEX_POINT('',#5419);
#5421=CARTESIAN_POINT('',(0.,0.434509889,-5.035245888));
#5422=DIRECTION('',(0.,-0.125333234,0.992114701));
#5423=VECTOR('',#5422,0.054001601);
#5424=LINE('',#5421,#5423);
#5425=EDGE_CURVE('',#5420,#3169,#5424,.T.);
#5426=ORIENTED_EDGE('',*,*,#5425,.F.);
#5427=CARTESIAN_POINT('',(0.,0.83135577,-4.985112595));
#5428=VERTEX_POINT('',#5427);
#5429=CARTESIAN_POINT('',(0.,0.632932829,-5.010179242));
#5430=DIRECTION('',(-1.,0.,0.));
#5431=DIRECTION('',(0.,0.125333234,-0.992114701));
#5432=AXIS2_PLACEMENT_3D('',#5429,#5430,#5431);
#5433=CIRCLE('',#5432,0.2);
#5434=EDGE_CURVE('',#5428,#5420,#5433,.T.);
#5435=ORIENTED_EDGE('',*,*,#5434,.F.);
#5436=CARTESIAN_POINT('',(0.,0.824587574,-4.931536812));
#5437=DIRECTION('',(0.,0.125333234,-0.992114701));
#5438=VECTOR('',#5437,0.054001601);
#5439=LINE('',#5436,#5438);
#5440=EDGE_CURVE('',#3209,#5428,#5439,.T.);
#5441=ORIENTED_EDGE('',*,*,#5440,.F.);
#5442=ORIENTED_EDGE('',*,*,#3217,.T.);
#5443=CARTESIAN_POINT('',(0.,1.062167298,-4.941082941));
#5444=VERTEX_POINT('',#5443);
#5445=CARTESIAN_POINT('',(0.,1.062167298,-4.941082941));
#5446=DIRECTION('',(0.,-0.248689887,0.968583161));
#5447=VECTOR('',#5446,0.054001601);
#5448=LINE('',#5445,#5447);
#5449=EDGE_CURVE('',#5444,#3211,#5448,.T.);
#5450=ORIENTED_EDGE('',*,*,#5449,.F.);
#5451=CARTESIAN_POINT('',(0.,1.449600562,-4.841606986));
#5452=VERTEX_POINT('',#5451);
#5453=CARTESIAN_POINT('',(0.,1.25588393,-4.891344964));
#5454=DIRECTION('',(-1.,0.,0.));
#5455=DIRECTION('',(0.,0.248689887,-0.968583161));
#5456=AXIS2_PLACEMENT_3D('',#5453,#5454,#5455);
#5457=CIRCLE('',#5456,0.2);
#5458=EDGE_CURVE('',#5452,#5444,#5457,.T.);
#5459=ORIENTED_EDGE('',*,*,#5458,.F.);
#5460=CARTESIAN_POINT('',(0.,1.43617091,-4.789301945));
#5461=DIRECTION('',(0.,0.248689887,-0.968583161));
#5462=VECTOR('',#5461,0.054001601);
#5463=LINE('',#5460,#5462);
#5464=EDGE_CURVE('',#3270,#5452,#5463,.T.);
#5465=ORIENTED_EDGE('',*,*,#5464,.F.);
#5466=ORIENTED_EDGE('',*,*,#3276,.T.);
#5467=CARTESIAN_POINT('',(0.,1.673073694,-4.768996164));
#5468=VERTEX_POINT('',#5467);
#5469=CARTESIAN_POINT('',(0.,1.673073694,-4.768996164));
#5470=DIRECTION('',(0.,-0.368124553,0.929776486));
#5471=VECTOR('',#5470,0.054001601);
#5472=LINE('',#5469,#5471);
#5473=EDGE_CURVE('',#5468,#3262,#5472,.T.);
#5474=ORIENTED_EDGE('',*,*,#5473,.F.);
#5475=CARTESIAN_POINT('',(0.,2.044984288,-4.621746343));
#5476=VERTEX_POINT('',#5475);
#5477=CARTESIAN_POINT('',(0.,1.859028991,-4.695371254));
#5478=DIRECTION('',(-1.,0.,0.));
#5479=DIRECTION('',(0.,0.368124553,-0.929776486));
#5480=AXIS2_PLACEMENT_3D('',#5477,#5478,#5479);
#5481=CIRCLE('',#5480,0.2);
#5482=EDGE_CURVE('',#5476,#5468,#5481,.T.);
#5483=ORIENTED_EDGE('',*,*,#5482,.F.);
#5484=CARTESIAN_POINT('',(0.,2.025104973,-4.571536924));
#5485=DIRECTION('',(0.,0.368124553,-0.929776486));
#5486=VECTOR('',#5485,0.054001601);
#5487=LINE('',#5484,#5486);
#5488=EDGE_CURVE('',#3293,#5476,#5487,.T.);
#5489=ORIENTED_EDGE('',*,*,#5488,.F.);
#5490=ORIENTED_EDGE('',*,*,#3301,.T.);
#5491=CARTESIAN_POINT('',(0.,2.257594718,-4.521699469));
#5492=VERTEX_POINT('',#5491);
#5493=CARTESIAN_POINT('',(0.,2.257594718,-4.521699469));
#5494=DIRECTION('',(0.,-0.481753674,0.87630668));
#5495=VECTOR('',#5494,0.054001601);
#5496=LINE('',#5493,#5495);
#5497=EDGE_CURVE('',#5492,#3295,#5496,.T.);
#5498=ORIENTED_EDGE('',*,*,#5497,.F.);
#5499=CARTESIAN_POINT('',(0.,2.60811739,-4.328997999));
#5500=VERTEX_POINT('',#5499);
#5501=CARTESIAN_POINT('',(0.,2.432856054,-4.425348734));
#5502=DIRECTION('',(-1.,0.,0.));
#5503=DIRECTION('',(0.,0.481753674,-0.87630668));
#5504=AXIS2_PLACEMENT_3D('',#5501,#5502,#5503);
#5505=CIRCLE('',#5504,0.2);
#5506=EDGE_CURVE('',#5500,#5492,#5505,.T.);
#5507=ORIENTED_EDGE('',*,*,#5506,.F.);
#5508=CARTESIAN_POINT('',(0.,2.58210192,-4.281676035));
#5509=DIRECTION('',(0.,0.481753674,-0.87630668));
#5510=VECTOR('',#5509,0.054001601);
#5511=LINE('',#5508,#5510);
#5512=EDGE_CURVE('',#4152,#5500,#5511,.T.);
#5513=ORIENTED_EDGE('',*,*,#5512,.F.);
#5514=ORIENTED_EDGE('',*,*,#4158,.T.);
#5515=CARTESIAN_POINT('',(0.,2.806512125,-4.203092872));
#5516=VERTEX_POINT('',#5515);
#5517=CARTESIAN_POINT('',(0.,2.806512125,-4.203092872));
#5518=DIRECTION('',(0.,-0.587785252,0.809016994));
#5519=VECTOR('',#5518,0.054001601);
#5520=LINE('',#5517,#5519);
#5521=EDGE_CURVE('',#5516,#4144,#5520,.T.);
#5522=ORIENTED_EDGE('',*,*,#5521,.F.);
#5523=CARTESIAN_POINT('',(0.,3.130118923,-3.967978771));
#5524=VERTEX_POINT('',#5523);
#5525=CARTESIAN_POINT('',(0.,2.968315524,-4.085535822));
#5526=DIRECTION('',(-1.,0.,0.));
#5527=DIRECTION('',(0.,0.587785252,-0.809016994));
#5528=AXIS2_PLACEMENT_3D('',#5525,#5526,#5527);
#5529=CIRCLE('',#5528,0.2);
#5530=EDGE_CURVE('',#5524,#5516,#5529,.T.);
#5531=ORIENTED_EDGE('',*,*,#5530,.F.);
#5532=CARTESIAN_POINT('',(0.,3.098377578,-3.924290558));
#5533=DIRECTION('',(0.,0.587785252,-0.809016994));
#5534=VECTOR('',#5533,0.054001601);
#5535=LINE('',#5532,#5534);
#5536=EDGE_CURVE('',#4110,#5524,#5535,.T.);
#5537=ORIENTED_EDGE('',*,*,#5536,.F.);
#5538=ORIENTED_EDGE('',*,*,#4116,.T.);
#5539=CARTESIAN_POINT('',(0.,3.311169159,-3.81820099));
#5540=VERTEX_POINT('',#5539);
#5541=CARTESIAN_POINT('',(0.,3.311169159,-3.81820099));
#5542=DIRECTION('',(0.,-0.684547106,0.728968627));
#5543=VECTOR('',#5542,0.054001601);
#5544=LINE('',#5541,#5543);
#5545=EDGE_CURVE('',#5540,#4102,#5544,.T.);
#5546=ORIENTED_EDGE('',*,*,#5545,.F.);
#5547=CARTESIAN_POINT('',(0.,3.60275661,-3.544382147));
#5548=VERTEX_POINT('',#5547);
#5549=CARTESIAN_POINT('',(0.,3.456962885,-3.681291568));
#5550=DIRECTION('',(-1.,0.,0.));
#5551=DIRECTION('',(0.,0.684547106,-0.728968627));
#5552=AXIS2_PLACEMENT_3D('',#5549,#5550,#5551);
#5553=CIRCLE('',#5552,0.2);
#5554=EDGE_CURVE('',#5548,#5540,#5553,.T.);
#5555=ORIENTED_EDGE('',*,*,#5554,.F.);
#5556=CARTESIAN_POINT('',(0.,3.565789971,-3.505016674));
#5557=DIRECTION('',(0.,0.684547106,-0.728968627));
#5558=VECTOR('',#5557,0.054001601);
#5559=LINE('',#5556,#5558);
#5560=EDGE_CURVE('',#4068,#5548,#5559,.T.);
#5561=ORIENTED_EDGE('',*,*,#5560,.F.);
#5562=ORIENTED_EDGE('',*,*,#4074,.T.);
#5563=CARTESIAN_POINT('',(0.,3.763607078,-3.373093797));
#5564=VERTEX_POINT('',#5563);
#5565=CARTESIAN_POINT('',(0.,3.763607078,-3.373093797));
#5566=DIRECTION('',(0.,-0.770513243,0.63742399));
#5567=VECTOR('',#5566,0.054001601);
#5568=LINE('',#5565,#5567);
#5569=EDGE_CURVE('',#5564,#4060,#5568,.T.);
#5570=ORIENTED_EDGE('',*,*,#5569,.F.);
#5571=CARTESIAN_POINT('',(0.,4.018576674,-3.0648885));
#5572=VERTEX_POINT('',#5571);
#5573=CARTESIAN_POINT('',(0.,3.891091876,-3.218991148));
#5574=DIRECTION('',(-1.,0.,0.));
#5575=DIRECTION('',(0.,0.770513243,-0.63742399));
#5576=AXIS2_PLACEMENT_3D('',#5573,#5574,#5575);
#5577=CIRCLE('',#5576,0.2);
#5578=EDGE_CURVE('',#5572,#5564,#5577,.T.);
#5579=ORIENTED_EDGE('',*,*,#5578,.F.);
#5580=CARTESIAN_POINT('',(0.,3.976967725,-3.030466584));
#5581=DIRECTION('',(0.,0.770513243,-0.63742399));
#5582=VECTOR('',#5581,0.054001601);
#5583=LINE('',#5580,#5582);
#5584=EDGE_CURVE('',#4026,#5572,#5583,.T.);
#5585=ORIENTED_EDGE('',*,*,#5584,.F.);
#5586=ORIENTED_EDGE('',*,*,#4032,.T.);
#5587=CARTESIAN_POINT('',(0.,4.156690665,-2.8747909));
#5588=VERTEX_POINT('',#5587);
#5589=CARTESIAN_POINT('',(0.,4.156690665,-2.8747909));
#5590=DIRECTION('',(0.,-0.844327926,0.535826795));
#5591=VECTOR('',#5590,0.054001601);
#5592=LINE('',#5589,#5591);
#5593=EDGE_CURVE('',#5588,#4018,#5592,.T.);
#5594=ORIENTED_EDGE('',*,*,#5593,.F.);
#5595=CARTESIAN_POINT('',(0.,4.371021383,-2.53705973));
#5596=VERTEX_POINT('',#5595);
#5597=CARTESIAN_POINT('',(0.,4.263856024,-2.705925315));
#5598=DIRECTION('',(-1.,0.,0.));
#5599=DIRECTION('',(0.,0.844327926,-0.535826795));
#5600=AXIS2_PLACEMENT_3D('',#5597,#5598,#5599);
#5601=CIRCLE('',#5600,0.2);
#5602=EDGE_CURVE('',#5596,#5588,#5601,.T.);
#5603=ORIENTED_EDGE('',*,*,#5602,.F.);
#5604=CARTESIAN_POINT('',(0.,4.325426323,-2.508124225));
#5605=DIRECTION('',(0.,0.844327926,-0.535826795));
#5606=VECTOR('',#5605,0.054001601);
#5607=LINE('',#5604,#5606);
#5608=EDGE_CURVE('',#3984,#5596,#5607,.T.);
#5609=ORIENTED_EDGE('',*,*,#5608,.F.);
#5610=ORIENTED_EDGE('',*,*,#3990,.T.);
#5611=CARTESIAN_POINT('',(0.,4.484220757,-2.331150833));
#5612=VERTEX_POINT('',#5611);
#5613=CARTESIAN_POINT('',(0.,4.484220757,-2.331150833));
#5614=DIRECTION('',(0.,-0.904827052,0.425779292));
#5615=VECTOR('',#5614,0.054001601);
#5616=LINE('',#5613,#5615);
#5617=EDGE_CURVE('',#5612,#3976,#5616,.T.);
#5618=ORIENTED_EDGE('',*,*,#5617,.F.);
#5619=CARTESIAN_POINT('',(0.,4.654532473,-1.969220012));
#5620=VERTEX_POINT('',#5619);
#5621=CARTESIAN_POINT('',(0.,4.569376615,-2.150185422));
#5622=DIRECTION('',(-1.,0.,0.));
#5623=DIRECTION('',(0.,0.904827052,-0.425779292));
#5624=AXIS2_PLACEMENT_3D('',#5621,#5622,#5623);
#5625=CIRCLE('',#5624,0.2);
#5626=EDGE_CURVE('',#5620,#5612,#5625,.T.);
#5627=ORIENTED_EDGE('',*,*,#5626,.F.);
#5628=CARTESIAN_POINT('',(0.,4.605670364,-1.946227248));
#5629=DIRECTION('',(0.,0.904827052,-0.425779292));
#5630=VECTOR('',#5629,0.054001601);
#5631=LINE('',#5628,#5630);
#5632=EDGE_CURVE('',#3942,#5620,#5631,.T.);
#5633=ORIENTED_EDGE('',*,*,#5632,.F.);
#5634=ORIENTED_EDGE('',*,*,#3948,.T.);
#5635=CARTESIAN_POINT('',(0.,4.741032008,-1.750747125));
#5636=VERTEX_POINT('',#5635);
#5637=CARTESIAN_POINT('',(0.,4.741032008,-1.750747125));
#5638=DIRECTION('',(0.,-0.951056516,0.309016994));
#5639=VECTOR('',#5638,0.054001601);
#5640=LINE('',#5637,#5639);
#5641=EDGE_CURVE('',#5636,#3934,#5640,.T.);
#5642=ORIENTED_EDGE('',*,*,#5641,.F.);
#5643=CARTESIAN_POINT('',(0.,4.864638806,-1.370324518));
#5644=VERTEX_POINT('',#5643);
#5645=CARTESIAN_POINT('',(0.,4.802835407,-1.560535822));
#5646=DIRECTION('',(-1.,0.,0.));
#5647=DIRECTION('',(0.,0.951056516,-0.309016994));
#5648=AXIS2_PLACEMENT_3D('',#5645,#5646,#5647);
#5649=CIRCLE('',#5648,0.2);
#5650=EDGE_CURVE('',#5644,#5636,#5649,.T.);
#5651=ORIENTED_EDGE('',*,*,#5650,.F.);
#5652=CARTESIAN_POINT('',(0.,4.813280231,-1.353637106));
#5653=DIRECTION('',(0.,0.951056516,-0.309016994));
#5654=VECTOR('',#5653,0.054001601);
#5655=LINE('',#5652,#5654);
#5656=EDGE_CURVE('',#3900,#5644,#5655,.T.);
#5657=ORIENTED_EDGE('',*,*,#5656,.F.);
#5658=ORIENTED_EDGE('',*,*,#3906,.T.);
#5659=CARTESIAN_POINT('',(0.,4.923074353,-1.142733089));
#5660=VERTEX_POINT('',#5659);
#5661=CARTESIAN_POINT('',(0.,4.923074353,-1.142733089));
#5662=DIRECTION('',(0.,-0.982287251,0.187381315));
#5663=VECTOR('',#5662,0.054001601);
#5664=LINE('',#5661,#5663);
#5665=EDGE_CURVE('',#5660,#3892,#5664,.T.);
#5666=ORIENTED_EDGE('',*,*,#5665,.F.);
#5667=CARTESIAN_POINT('',(0.,4.998026879,-0.749818189));
#5668=VERTEX_POINT('',#5667);
#5669=CARTESIAN_POINT('',(0.,4.960550616,-0.946275639));
#5670=DIRECTION('',(-1.,0.,0.));
#5671=DIRECTION('',(0.,0.982287251,-0.187381315));
#5672=AXIS2_PLACEMENT_3D('',#5669,#5670,#5671);
#5673=CIRCLE('',#5672,0.2);
#5674=EDGE_CURVE('',#5668,#5660,#5673,.T.);
#5675=ORIENTED_EDGE('',*,*,#5674,.F.);
#5676=CARTESIAN_POINT('',(0.,4.944981795,-0.739699297));
#5677=DIRECTION('',(0.,0.982287251,-0.187381315));
#5678=VECTOR('',#5677,0.054001601);
#5679=LINE('',#5676,#5678);
#5680=EDGE_CURVE('',#3858,#5668,#5679,.T.);
#5681=ORIENTED_EDGE('',*,*,#5680,.F.);
#5682=ORIENTED_EDGE('',*,*,#3864,.T.);
#5683=CARTESIAN_POINT('',(0.,5.027476875,-0.516697469));
#5684=VERTEX_POINT('',#5683);
#5685=CARTESIAN_POINT('',(0.,5.027476875,-0.516697469));
#5686=DIRECTION('',(0.,-0.998026728,0.06279052));
#5687=VECTOR('',#5686,0.054001601);
#5688=LINE('',#5685,#5687);
#5689=EDGE_CURVE('',#5684,#3850,#5688,.T.);
#5690=ORIENTED_EDGE('',*,*,#5689,.F.);
#5691=CARTESIAN_POINT('',(0.,5.052593082,-0.117486778));
#5692=VERTEX_POINT('',#5691);
#5693=CARTESIAN_POINT('',(0.,5.040034979,-0.317092124));
#5694=DIRECTION('',(-1.,0.,0.));
#5695=DIRECTION('',(0.,0.998026728,-0.06279052));
#5696=AXIS2_PLACEMENT_3D('',#5693,#5694,#5695);
#5697=CIRCLE('',#5696,0.2);
#5698=EDGE_CURVE('',#5692,#5684,#5697,.T.);
#5699=ORIENTED_EDGE('',*,*,#5698,.F.);
#5700=CARTESIAN_POINT('',(0.,4.998698041,-0.114095989));
#5701=DIRECTION('',(0.,0.998026728,-0.06279052));
#5702=VECTOR('',#5701,0.054001601);
#5703=LINE('',#5700,#5702);
#5704=EDGE_CURVE('',#3816,#5692,#5703,.T.);
#5705=ORIENTED_EDGE('',*,*,#5704,.F.);
#5706=ORIENTED_EDGE('',*,*,#3822,.T.);
#5707=CARTESIAN_POINT('',(0.,5.052593082,0.117486778));
#5708=VERTEX_POINT('',#5707);
#5709=CARTESIAN_POINT('',(0.,5.052593082,0.117486778));
#5710=DIRECTION('',(0.,-0.998026728,-0.06279052));
#5711=VECTOR('',#5710,0.054001601);
#5712=LINE('',#5709,#5711);
#5713=EDGE_CURVE('',#5708,#3808,#5712,.T.);
#5714=ORIENTED_EDGE('',*,*,#5713,.F.);
#5715=CARTESIAN_POINT('',(0.,5.027476875,0.516697469));
#5716=VERTEX_POINT('',#5715);
#5717=CARTESIAN_POINT('',(0.,5.040034979,0.317092124));
#5718=DIRECTION('',(-1.,0.,0.));
#5719=DIRECTION('',(0.,0.998026728,0.06279052));
#5720=AXIS2_PLACEMENT_3D('',#5717,#5718,#5719);
#5721=CIRCLE('',#5720,0.2);
#5722=EDGE_CURVE('',#5716,#5708,#5721,.T.);
#5723=ORIENTED_EDGE('',*,*,#5722,.F.);
#5724=CARTESIAN_POINT('',(0.,4.973581833,0.513306681));
#5725=DIRECTION('',(0.,0.998026728,0.06279052));
#5726=VECTOR('',#5725,0.054001601);
#5727=LINE('',#5724,#5726);
#5728=EDGE_CURVE('',#3774,#5716,#5727,.T.);
#5729=ORIENTED_EDGE('',*,*,#5728,.F.);
#5730=ORIENTED_EDGE('',*,*,#3780,.T.);
#5731=CARTESIAN_POINT('',(0.,4.998026879,0.749818189));
#5732=VERTEX_POINT('',#5731);
#5733=CARTESIAN_POINT('',(0.,4.998026879,0.749818189));
#5734=DIRECTION('',(0.,-0.982287251,-0.187381315));
#5735=VECTOR('',#5734,0.054001601);
#5736=LINE('',#5733,#5735);
#5737=EDGE_CURVE('',#5732,#3766,#5736,.T.);
#5738=ORIENTED_EDGE('',*,*,#5737,.F.);
#5739=CARTESIAN_POINT('',(0.,4.923074353,1.142733089));
#5740=VERTEX_POINT('',#5739);
#5741=CARTESIAN_POINT('',(0.,4.960550616,0.946275639));
#5742=DIRECTION('',(-1.,0.,0.));
#5743=DIRECTION('',(0.,0.982287251,0.187381315));
#5744=AXIS2_PLACEMENT_3D('',#5741,#5742,#5743);
#5745=CIRCLE('',#5744,0.2);
#5746=EDGE_CURVE('',#5740,#5732,#5745,.T.);
#5747=ORIENTED_EDGE('',*,*,#5746,.F.);
#5748=CARTESIAN_POINT('',(0.,4.870029269,1.132614198));
#5749=DIRECTION('',(0.,0.982287251,0.187381315));
#5750=VECTOR('',#5749,0.054001601);
#5751=LINE('',#5748,#5750);
#5752=EDGE_CURVE('',#3732,#5740,#5751,.T.);
#5753=ORIENTED_EDGE('',*,*,#5752,.F.);
#5754=ORIENTED_EDGE('',*,*,#3738,.T.);
#5755=CARTESIAN_POINT('',(0.,4.864638806,1.370324518));
#5756=VERTEX_POINT('',#5755);
#5757=CARTESIAN_POINT('',(0.,4.864638806,1.370324518));
#5758=DIRECTION('',(0.,-0.951056516,-0.309016994));
#5759=VECTOR('',#5758,0.054001601);
#5760=LINE('',#5757,#5759);
#5761=EDGE_CURVE('',#5756,#3724,#5760,.T.);
#5762=ORIENTED_EDGE('',*,*,#5761,.F.);
#5763=CARTESIAN_POINT('',(0.,4.741032008,1.750747125));
#5764=VERTEX_POINT('',#5763);
#5765=CARTESIAN_POINT('',(0.,4.802835407,1.560535822));
#5766=DIRECTION('',(-1.,0.,0.));
#5767=DIRECTION('',(0.,0.951056516,0.309016994));
#5768=AXIS2_PLACEMENT_3D('',#5765,#5766,#5767);
#5769=CIRCLE('',#5768,0.2);
#5770=EDGE_CURVE('',#5764,#5756,#5769,.T.);
#5771=ORIENTED_EDGE('',*,*,#5770,.F.);
#5772=CARTESIAN_POINT('',(0.,4.689673434,1.734059712));
#5773=DIRECTION('',(0.,0.951056516,0.309016994));
#5774=VECTOR('',#5773,0.054001601);
#5775=LINE('',#5772,#5774);
#5776=EDGE_CURVE('',#3690,#5764,#5775,.T.);
#5777=ORIENTED_EDGE('',*,*,#5776,.F.);
#5778=ORIENTED_EDGE('',*,*,#3696,.T.);
#5779=CARTESIAN_POINT('',(0.,4.654532473,1.969220012));
#5780=VERTEX_POINT('',#5779);
#5781=CARTESIAN_POINT('',(0.,4.654532473,1.969220012));
#5782=DIRECTION('',(0.,-0.904827052,-0.425779292));
#5783=VECTOR('',#5782,0.054001601);
#5784=LINE('',#5781,#5783);
#5785=EDGE_CURVE('',#5780,#3682,#5784,.T.);
#5786=ORIENTED_EDGE('',*,*,#5785,.F.);
#5787=CARTESIAN_POINT('',(0.,4.484220757,2.331150833));
#5788=VERTEX_POINT('',#5787);
#5789=CARTESIAN_POINT('',(0.,4.569376615,2.150185422));
#5790=DIRECTION('',(-1.,0.,0.));
#5791=DIRECTION('',(0.,0.904827052,0.425779292));
#5792=AXIS2_PLACEMENT_3D('',#5789,#5790,#5791);
#5793=CIRCLE('',#5792,0.2);
#5794=EDGE_CURVE('',#5788,#5780,#5793,.T.);
#5795=ORIENTED_EDGE('',*,*,#5794,.F.);
#5796=CARTESIAN_POINT('',(0.,4.435358647,2.308158069));
#5797=DIRECTION('',(0.,0.904827052,0.425779292));
#5798=VECTOR('',#5797,0.054001601);
#5799=LINE('',#5796,#5798);
#5800=EDGE_CURVE('',#3648,#5788,#5799,.T.);
#5801=ORIENTED_EDGE('',*,*,#5800,.F.);
#5802=ORIENTED_EDGE('',*,*,#3654,.T.);
#5803=CARTESIAN_POINT('',(0.,4.371021383,2.53705973));
#5804=VERTEX_POINT('',#5803);
#5805=CARTESIAN_POINT('',(0.,4.371021383,2.53705973));
#5806=DIRECTION('',(0.,-0.844327926,-0.535826795));
#5807=VECTOR('',#5806,0.054001601);
#5808=LINE('',#5805,#5807);
#5809=EDGE_CURVE('',#5804,#3640,#5808,.T.);
#5810=ORIENTED_EDGE('',*,*,#5809,.F.);
#5811=CARTESIAN_POINT('',(0.,4.156690665,2.8747909));
#5812=VERTEX_POINT('',#5811);
#5813=CARTESIAN_POINT('',(0.,4.263856024,2.705925315));
#5814=DIRECTION('',(-1.,0.,0.));
#5815=DIRECTION('',(0.,0.844327926,0.535826795));
#5816=AXIS2_PLACEMENT_3D('',#5813,#5814,#5815);
#5817=CIRCLE('',#5816,0.2);
#5818=EDGE_CURVE('',#5812,#5804,#5817,.T.);
#5819=ORIENTED_EDGE('',*,*,#5818,.F.);
#5820=CARTESIAN_POINT('',(0.,4.111095605,2.845855395));
#5821=DIRECTION('',(0.,0.844327926,0.535826795));
#5822=VECTOR('',#5821,0.054001601);
#5823=LINE('',#5820,#5822);
#5824=EDGE_CURVE('',#3606,#5812,#5823,.T.);
#5825=ORIENTED_EDGE('',*,*,#5824,.F.);
#5826=ORIENTED_EDGE('',*,*,#3612,.T.);
#5827=CARTESIAN_POINT('',(0.,4.018576674,3.0648885));
#5828=VERTEX_POINT('',#5827);
#5829=CARTESIAN_POINT('',(0.,4.018576674,3.0648885));
#5830=DIRECTION('',(0.,-0.770513243,-0.63742399));
#5831=VECTOR('',#5830,0.054001601);
#5832=LINE('',#5829,#5831);
#5833=EDGE_CURVE('',#5828,#3598,#5832,.T.);
#5834=ORIENTED_EDGE('',*,*,#5833,.F.);
#5835=CARTESIAN_POINT('',(0.,3.763607078,3.373093797));
#5836=VERTEX_POINT('',#5835);
#5837=CARTESIAN_POINT('',(0.,3.891091876,3.218991148));
#5838=DIRECTION('',(-1.,0.,0.));
#5839=DIRECTION('',(0.,0.770513243,0.63742399));
#5840=AXIS2_PLACEMENT_3D('',#5837,#5838,#5839);
#5841=CIRCLE('',#5840,0.2);
#5842=EDGE_CURVE('',#5836,#5828,#5841,.T.);
#5843=ORIENTED_EDGE('',*,*,#5842,.F.);
#5844=CARTESIAN_POINT('',(0.,3.721998129,3.338671881));
#5845=DIRECTION('',(0.,0.770513243,0.63742399));
#5846=VECTOR('',#5845,0.054001601);
#5847=LINE('',#5844,#5846);
#5848=EDGE_CURVE('',#3564,#5836,#5847,.T.);
#5849=ORIENTED_EDGE('',*,*,#5848,.F.);
#5850=ORIENTED_EDGE('',*,*,#3570,.T.);
#5851=CARTESIAN_POINT('',(0.,3.60275661,3.544382147));
#5852=VERTEX_POINT('',#5851);
#5853=CARTESIAN_POINT('',(0.,3.60275661,3.544382147));
#5854=DIRECTION('',(0.,-0.684547106,-0.728968627));
#5855=VECTOR('',#5854,0.054001601);
#5856=LINE('',#5853,#5855);
#5857=EDGE_CURVE('',#5852,#3556,#5856,.T.);
#5858=ORIENTED_EDGE('',*,*,#5857,.F.);
#5859=CARTESIAN_POINT('',(0.,3.311169159,3.81820099));
#5860=VERTEX_POINT('',#5859);
#5861=CARTESIAN_POINT('',(0.,3.456962885,3.681291568));
#5862=DIRECTION('',(-1.,0.,0.));
#5863=DIRECTION('',(0.,0.684547106,0.728968627));
#5864=AXIS2_PLACEMENT_3D('',#5861,#5862,#5863);
#5865=CIRCLE('',#5864,0.2);
#5866=EDGE_CURVE('',#5860,#5852,#5865,.T.);
#5867=ORIENTED_EDGE('',*,*,#5866,.F.);
#5868=CARTESIAN_POINT('',(0.,3.27420252,3.778835516));
#5869=DIRECTION('',(0.,0.684547106,0.728968627));
#5870=VECTOR('',#5869,0.054001601);
#5871=LINE('',#5868,#5870);
#5872=EDGE_CURVE('',#3522,#5860,#5871,.T.);
#5873=ORIENTED_EDGE('',*,*,#5872,.F.);
#5874=ORIENTED_EDGE('',*,*,#3528,.T.);
#5875=CARTESIAN_POINT('',(0.,3.130118923,3.967978771));
#5876=VERTEX_POINT('',#5875);
#5877=CARTESIAN_POINT('',(0.,3.130118923,3.967978771));
#5878=DIRECTION('',(0.,-0.587785252,-0.809016994));
#5879=VECTOR('',#5878,0.054001601);
#5880=LINE('',#5877,#5879);
#5881=EDGE_CURVE('',#5876,#3514,#5880,.T.);
#5882=ORIENTED_EDGE('',*,*,#5881,.F.);
#5883=CARTESIAN_POINT('',(0.,2.806512125,4.203092872));
#5884=VERTEX_POINT('',#5883);
#5885=CARTESIAN_POINT('',(0.,2.968315524,4.085535822));
#5886=DIRECTION('',(-1.,0.,0.));
#5887=DIRECTION('',(0.,0.587785252,0.809016994));
#5888=AXIS2_PLACEMENT_3D('',#5885,#5886,#5887);
#5889=CIRCLE('',#5888,0.2);
#5890=EDGE_CURVE('',#5884,#5876,#5889,.T.);
#5891=ORIENTED_EDGE('',*,*,#5890,.F.);
#5892=CARTESIAN_POINT('',(0.,2.77477078,4.159404659));
#5893=DIRECTION('',(0.,0.587785252,0.809016994));
#5894=VECTOR('',#5893,0.054001601);
#5895=LINE('',#5892,#5894);
#5896=EDGE_CURVE('',#3480,#5884,#5895,.T.);
#5897=ORIENTED_EDGE('',*,*,#5896,.F.);
#5898=ORIENTED_EDGE('',*,*,#3486,.T.);
#5899=CARTESIAN_POINT('',(0.,2.60811739,4.328997999));
#5900=VERTEX_POINT('',#5899);
#5901=CARTESIAN_POINT('',(0.,2.60811739,4.328997999));
#5902=DIRECTION('',(0.,-0.481753674,-0.87630668));
#5903=VECTOR('',#5902,0.054001601);
#5904=LINE('',#5901,#5903);
#5905=EDGE_CURVE('',#5900,#3472,#5904,.T.);
#5906=ORIENTED_EDGE('',*,*,#5905,.F.);
#5907=CARTESIAN_POINT('',(0.,2.257594718,4.521699469));
#5908=VERTEX_POINT('',#5907);
#5909=CARTESIAN_POINT('',(0.,2.432856054,4.425348734));
#5910=DIRECTION('',(-1.,0.,0.));
#5911=DIRECTION('',(0.,0.481753674,0.87630668));
#5912=AXIS2_PLACEMENT_3D('',#5909,#5910,#5911);
#5913=CIRCLE('',#5912,0.2);
#5914=EDGE_CURVE('',#5908,#5900,#5913,.T.);
#5915=ORIENTED_EDGE('',*,*,#5914,.F.);
#5916=CARTESIAN_POINT('',(0.,2.231579248,4.474377505));
#5917=DIRECTION('',(0.,0.481753674,0.87630668));
#5918=VECTOR('',#5917,0.054001601);
#5919=LINE('',#5916,#5918);
#5920=EDGE_CURVE('',#3438,#5908,#5919,.T.);
#5921=ORIENTED_EDGE('',*,*,#5920,.F.);
#5922=ORIENTED_EDGE('',*,*,#3444,.T.);
#5923=CARTESIAN_POINT('',(0.,2.044984288,4.621746343));
#5924=VERTEX_POINT('',#5923);
#5925=CARTESIAN_POINT('',(0.,2.044984288,4.621746343));
#5926=DIRECTION('',(0.,-0.368124553,-0.929776486));
#5927=VECTOR('',#5926,0.054001601);
#5928=LINE('',#5925,#5927);
#5929=EDGE_CURVE('',#5924,#3430,#5928,.T.);
#5930=ORIENTED_EDGE('',*,*,#5929,.F.);
#5931=CARTESIAN_POINT('',(0.,1.673073694,4.768996164));
#5932=VERTEX_POINT('',#5931);
#5933=CARTESIAN_POINT('',(0.,1.859028991,4.695371254));
#5934=DIRECTION('',(-1.,0.,0.));
#5935=DIRECTION('',(0.,0.368124553,0.929776486));
#5936=AXIS2_PLACEMENT_3D('',#5933,#5934,#5935);
#5937=CIRCLE('',#5936,0.2);
#5938=EDGE_CURVE('',#5932,#5924,#5937,.T.);
#5939=ORIENTED_EDGE('',*,*,#5938,.F.);
#5940=CARTESIAN_POINT('',(0.,1.653194379,4.718786745));
#5941=DIRECTION('',(0.,0.368124553,0.929776486));
#5942=VECTOR('',#5941,0.054001601);
#5943=LINE('',#5940,#5942);
#5944=EDGE_CURVE('',#3354,#5932,#5943,.T.);
#5945=ORIENTED_EDGE('',*,*,#5944,.F.);
#5946=ORIENTED_EDGE('',*,*,#3360,.T.);
#5947=CARTESIAN_POINT('',(0.,1.449600562,4.841606986));
#5948=VERTEX_POINT('',#5947);
#5949=CARTESIAN_POINT('',(0.,1.449600562,4.841606986));
#5950=DIRECTION('',(0.,-0.248689887,-0.968583161));
#5951=VECTOR('',#5950,0.054001601);
#5952=LINE('',#5949,#5951);
#5953=EDGE_CURVE('',#5948,#3346,#5952,.T.);
#5954=ORIENTED_EDGE('',*,*,#5953,.F.);
#5955=CARTESIAN_POINT('',(0.,1.062167298,4.941082941));
#5956=VERTEX_POINT('',#5955);
#5957=CARTESIAN_POINT('',(0.,1.25588393,4.891344964));
#5958=DIRECTION('',(-1.,0.,0.));
#5959=DIRECTION('',(0.,0.248689887,0.968583161));
#5960=AXIS2_PLACEMENT_3D('',#5957,#5958,#5959);
#5961=CIRCLE('',#5960,0.2);
#5962=EDGE_CURVE('',#5956,#5948,#5961,.T.);
#5963=ORIENTED_EDGE('',*,*,#5962,.F.);
#5964=CARTESIAN_POINT('',(0.,1.048737646,4.888777899));
#5965=DIRECTION('',(0.,0.248689887,0.968583161));
#5966=VECTOR('',#5965,0.054001601);
#5967=LINE('',#5964,#5966);
#5968=EDGE_CURVE('',#3377,#5956,#5967,.T.);
#5969=ORIENTED_EDGE('',*,*,#5968,.F.);
#5970=ORIENTED_EDGE('',*,*,#3385,.T.);
#5971=CARTESIAN_POINT('',(0.,0.83135577,4.985112595));
#5972=VERTEX_POINT('',#5971);
#5973=CARTESIAN_POINT('',(0.,0.83135577,4.985112595));
#5974=DIRECTION('',(0.,-0.125333234,-0.992114701));
#5975=VECTOR('',#5974,0.054001601);
#5976=LINE('',#5973,#5975);
#5977=EDGE_CURVE('',#5972,#3379,#5976,.T.);
#5978=ORIENTED_EDGE('',*,*,#5977,.F.);
#5979=CARTESIAN_POINT('',(0.,0.434509889,5.035245888));
#5980=VERTEX_POINT('',#5979);
#5981=CARTESIAN_POINT('',(0.,0.632932829,5.010179242));
#5982=DIRECTION('',(-1.,0.,0.));
#5983=DIRECTION('',(0.,0.125333234,0.992114701));
#5984=AXIS2_PLACEMENT_3D('',#5981,#5982,#5983);
#5985=CIRCLE('',#5984,0.2);
#5986=EDGE_CURVE('',#5980,#5972,#5985,.T.);
#5987=ORIENTED_EDGE('',*,*,#5986,.F.);
#5988=CARTESIAN_POINT('',(0.,0.427741694,4.981670106));
#5989=DIRECTION('',(0.,0.125333234,0.992114701));
#5990=VECTOR('',#5989,0.054001601);
#5991=LINE('',#5988,#5990);
#5992=EDGE_CURVE('',#2094,#5980,#5991,.T.);
#5993=ORIENTED_EDGE('',*,*,#5992,.F.);
#5994=ORIENTED_EDGE('',*,*,#2100,.T.);
#5995=CARTESIAN_POINT('',(0.,0.2,5.05));
#5996=VERTEX_POINT('',#5995);
#5997=CARTESIAN_POINT('',(0.,0.2,5.05));
#5998=DIRECTION('',(0.,0.,-1.));
#5999=VECTOR('',#5998,0.054001601);
#6000=LINE('',#5997,#5999);
#6001=EDGE_CURVE('',#5996,#2086,#6000,.T.);
#6002=ORIENTED_EDGE('',*,*,#6001,.F.);
#6003=CARTESIAN_POINT('',(0.,-0.2,5.05));
#6004=VERTEX_POINT('',#6003);
#6005=CARTESIAN_POINT('',(0.,0.,5.05));
#6006=DIRECTION('',(-1.,0.,0.));
#6007=DIRECTION('',(0.,0.,1.));
#6008=AXIS2_PLACEMENT_3D('',#6005,#6006,#6007);
#6009=CIRCLE('',#6008,0.2);
#6010=EDGE_CURVE('',#6004,#5996,#6009,.T.);
#6011=ORIENTED_EDGE('',*,*,#6010,.F.);
#6012=CARTESIAN_POINT('',(0.,-0.2,4.995998399));
#6013=DIRECTION('',(0.,0.,1.));
#6014=VECTOR('',#6013,0.054001601);
#6015=LINE('',#6012,#6014);
#6016=EDGE_CURVE('',#2117,#6004,#6015,.T.);
#6017=ORIENTED_EDGE('',*,*,#6016,.F.);
#6018=ORIENTED_EDGE('',*,*,#2125,.T.);
#6019=CARTESIAN_POINT('',(0.,-0.434509889,5.035245888));
#6020=VERTEX_POINT('',#6019);
#6021=CARTESIAN_POINT('',(0.,-0.434509889,5.035245888));
#6022=DIRECTION('',(0.,0.125333234,-0.992114701));
#6023=VECTOR('',#6022,0.054001601);
#6024=LINE('',#6021,#6023);
#6025=EDGE_CURVE('',#6020,#2119,#6024,.T.);
#6026=ORIENTED_EDGE('',*,*,#6025,.F.);
#6027=CARTESIAN_POINT('',(0.,-0.83135577,4.985112595));
#6028=VERTEX_POINT('',#6027);
#6029=CARTESIAN_POINT('',(0.,-0.632932829,5.010179242));
#6030=DIRECTION('',(-1.,0.,0.));
#6031=DIRECTION('',(0.,-0.125333234,0.992114701));
#6032=AXIS2_PLACEMENT_3D('',#6029,#6030,#6031);
#6033=CIRCLE('',#6032,0.2);
#6034=EDGE_CURVE('',#6028,#6020,#6033,.T.);
#6035=ORIENTED_EDGE('',*,*,#6034,.F.);
#6036=CARTESIAN_POINT('',(0.,-0.824587574,4.931536812));
#6037=DIRECTION('',(0.,-0.125333234,0.992114701));
#6038=VECTOR('',#6037,0.054001601);
#6039=LINE('',#6036,#6038);
#6040=EDGE_CURVE('',#2178,#6028,#6039,.T.);
#6041=ORIENTED_EDGE('',*,*,#6040,.F.);
#6042=ORIENTED_EDGE('',*,*,#2184,.T.);
#6043=CARTESIAN_POINT('',(0.,-1.062167298,4.941082941));
#6044=VERTEX_POINT('',#6043);
#6045=CARTESIAN_POINT('',(0.,-1.062167298,4.941082941));
#6046=DIRECTION('',(0.,0.248689887,-0.968583161));
#6047=VECTOR('',#6046,0.054001601);
#6048=LINE('',#6045,#6047);
#6049=EDGE_CURVE('',#6044,#2170,#6048,.T.);
#6050=ORIENTED_EDGE('',*,*,#6049,.F.);
#6051=CARTESIAN_POINT('',(0.,-1.449600562,4.841606986));
#6052=VERTEX_POINT('',#6051);
#6053=CARTESIAN_POINT('',(0.,-1.25588393,4.891344964));
#6054=DIRECTION('',(-1.,0.,0.));
#6055=DIRECTION('',(0.,-0.248689887,0.968583161));
#6056=AXIS2_PLACEMENT_3D('',#6053,#6054,#6055);
#6057=CIRCLE('',#6056,0.2);
#6058=EDGE_CURVE('',#6052,#6044,#6057,.T.);
#6059=ORIENTED_EDGE('',*,*,#6058,.F.);
#6060=CARTESIAN_POINT('',(0.,-1.43617091,4.789301945));
#6061=DIRECTION('',(0.,-0.248689887,0.968583161));
#6062=VECTOR('',#6061,0.054001601);
#6063=LINE('',#6060,#6062);
#6064=EDGE_CURVE('',#2201,#6052,#6063,.T.);
#6065=ORIENTED_EDGE('',*,*,#6064,.F.);
#6066=ORIENTED_EDGE('',*,*,#2209,.T.);
#6067=CARTESIAN_POINT('',(0.,-1.673073694,4.768996164));
#6068=VERTEX_POINT('',#6067);
#6069=CARTESIAN_POINT('',(0.,-1.673073694,4.768996164));
#6070=DIRECTION('',(0.,0.368124553,-0.929776486));
#6071=VECTOR('',#6070,0.054001601);
#6072=LINE('',#6069,#6071);
#6073=EDGE_CURVE('',#6068,#2203,#6072,.T.);
#6074=ORIENTED_EDGE('',*,*,#6073,.F.);
#6075=CARTESIAN_POINT('',(0.,-2.044984288,4.621746343));
#6076=VERTEX_POINT('',#6075);
#6077=CARTESIAN_POINT('',(0.,-1.859028991,4.695371254));
#6078=DIRECTION('',(-1.,0.,0.));
#6079=DIRECTION('',(0.,-0.368124553,0.929776486));
#6080=AXIS2_PLACEMENT_3D('',#6077,#6078,#6079);
#6081=CIRCLE('',#6080,0.2);
#6082=EDGE_CURVE('',#6076,#6068,#6081,.T.);
#6083=ORIENTED_EDGE('',*,*,#6082,.F.);
#6084=CARTESIAN_POINT('',(0.,-2.025104973,4.571536924));
#6085=DIRECTION('',(0.,-0.368124553,0.929776486));
#6086=VECTOR('',#6085,0.054001601);
#6087=LINE('',#6084,#6086);
#6088=EDGE_CURVE('',#2262,#6076,#6087,.T.);
#6089=ORIENTED_EDGE('',*,*,#6088,.F.);
#6090=ORIENTED_EDGE('',*,*,#2268,.T.);
#6091=CARTESIAN_POINT('',(0.,-2.257594718,4.521699469));
#6092=VERTEX_POINT('',#6091);
#6093=CARTESIAN_POINT('',(0.,-2.257594718,4.521699469));
#6094=DIRECTION('',(0.,0.481753674,-0.87630668));
#6095=VECTOR('',#6094,0.054001601);
#6096=LINE('',#6093,#6095);
#6097=EDGE_CURVE('',#6092,#2254,#6096,.T.);
#6098=ORIENTED_EDGE('',*,*,#6097,.F.);
#6099=CARTESIAN_POINT('',(0.,-2.60811739,4.328997999));
#6100=VERTEX_POINT('',#6099);
#6101=CARTESIAN_POINT('',(0.,-2.432856054,4.425348734));
#6102=DIRECTION('',(-1.,0.,0.));
#6103=DIRECTION('',(0.,-0.481753674,0.87630668));
#6104=AXIS2_PLACEMENT_3D('',#6101,#6102,#6103);
#6105=CIRCLE('',#6104,0.2);
#6106=EDGE_CURVE('',#6100,#6092,#6105,.T.);
#6107=ORIENTED_EDGE('',*,*,#6106,.F.);
#6108=CARTESIAN_POINT('',(0.,-2.58210192,4.281676035));
#6109=DIRECTION('',(0.,-0.481753674,0.87630668));
#6110=VECTOR('',#6109,0.054001601);
#6111=LINE('',#6108,#6110);
#6112=EDGE_CURVE('',#2285,#6100,#6111,.T.);
#6113=ORIENTED_EDGE('',*,*,#6112,.F.);
#6114=ORIENTED_EDGE('',*,*,#2293,.T.);
#6115=CARTESIAN_POINT('',(0.,-2.806512125,4.203092872));
#6116=VERTEX_POINT('',#6115);
#6117=CARTESIAN_POINT('',(0.,-2.806512125,4.203092872));
#6118=DIRECTION('',(0.,0.587785252,-0.809016994));
#6119=VECTOR('',#6118,0.054001601);
#6120=LINE('',#6117,#6119);
#6121=EDGE_CURVE('',#6116,#2287,#6120,.T.);
#6122=ORIENTED_EDGE('',*,*,#6121,.F.);
#6123=CARTESIAN_POINT('',(0.,-3.130118923,3.967978771));
#6124=VERTEX_POINT('',#6123);
#6125=CARTESIAN_POINT('',(0.,-2.968315524,4.085535822));
#6126=DIRECTION('',(-1.,0.,0.));
#6127=DIRECTION('',(0.,-0.587785252,0.809016994));
#6128=AXIS2_PLACEMENT_3D('',#6125,#6126,#6127);
#6129=CIRCLE('',#6128,0.2);
#6130=EDGE_CURVE('',#6124,#6116,#6129,.T.);
#6131=ORIENTED_EDGE('',*,*,#6130,.F.);
#6132=CARTESIAN_POINT('',(0.,-3.098377578,3.924290558));
#6133=DIRECTION('',(0.,-0.587785252,0.809016994));
#6134=VECTOR('',#6133,0.054001601);
#6135=LINE('',#6132,#6134);
#6136=EDGE_CURVE('',#2346,#6124,#6135,.T.);
#6137=ORIENTED_EDGE('',*,*,#6136,.F.);
#6138=ORIENTED_EDGE('',*,*,#2352,.T.);
#6139=CARTESIAN_POINT('',(0.,-3.311169159,3.81820099));
#6140=VERTEX_POINT('',#6139);
#6141=CARTESIAN_POINT('',(0.,-3.311169159,3.81820099));
#6142=DIRECTION('',(0.,0.684547106,-0.728968627));
#6143=VECTOR('',#6142,0.054001601);
#6144=LINE('',#6141,#6143);
#6145=EDGE_CURVE('',#6140,#2338,#6144,.T.);
#6146=ORIENTED_EDGE('',*,*,#6145,.F.);
#6147=CARTESIAN_POINT('',(0.,-3.60275661,3.544382147));
#6148=VERTEX_POINT('',#6147);
#6149=CARTESIAN_POINT('',(0.,-3.456962885,3.681291568));
#6150=DIRECTION('',(-1.,0.,0.));
#6151=DIRECTION('',(0.,-0.684547106,0.728968627));
#6152=AXIS2_PLACEMENT_3D('',#6149,#6150,#6151);
#6153=CIRCLE('',#6152,0.2);
#6154=EDGE_CURVE('',#6148,#6140,#6153,.T.);
#6155=ORIENTED_EDGE('',*,*,#6154,.F.);
#6156=CARTESIAN_POINT('',(0.,-3.565789971,3.505016674));
#6157=DIRECTION('',(0.,-0.684547106,0.728968627));
#6158=VECTOR('',#6157,0.054001601);
#6159=LINE('',#6156,#6158);
#6160=EDGE_CURVE('',#2369,#6148,#6159,.T.);
#6161=ORIENTED_EDGE('',*,*,#6160,.F.);
#6162=ORIENTED_EDGE('',*,*,#2377,.T.);
#6163=CARTESIAN_POINT('',(0.,-3.763607078,3.373093797));
#6164=VERTEX_POINT('',#6163);
#6165=CARTESIAN_POINT('',(0.,-3.763607078,3.373093797));
#6166=DIRECTION('',(0.,0.770513243,-0.63742399));
#6167=VECTOR('',#6166,0.054001601);
#6168=LINE('',#6165,#6167);
#6169=EDGE_CURVE('',#6164,#2371,#6168,.T.);
#6170=ORIENTED_EDGE('',*,*,#6169,.F.);
#6171=CARTESIAN_POINT('',(0.,-4.018576674,3.0648885));
#6172=VERTEX_POINT('',#6171);
#6173=CARTESIAN_POINT('',(0.,-3.891091876,3.218991148));
#6174=DIRECTION('',(-1.,0.,0.));
#6175=DIRECTION('',(0.,-0.770513243,0.63742399));
#6176=AXIS2_PLACEMENT_3D('',#6173,#6174,#6175);
#6177=CIRCLE('',#6176,0.2);
#6178=EDGE_CURVE('',#6172,#6164,#6177,.T.);
#6179=ORIENTED_EDGE('',*,*,#6178,.F.);
#6180=CARTESIAN_POINT('',(0.,-3.976967725,3.030466584));
#6181=DIRECTION('',(0.,-0.770513243,0.63742399));
#6182=VECTOR('',#6181,0.054001601);
#6183=LINE('',#6180,#6182);
#6184=EDGE_CURVE('',#2430,#6172,#6183,.T.);
#6185=ORIENTED_EDGE('',*,*,#6184,.F.);
#6186=ORIENTED_EDGE('',*,*,#2436,.T.);
#6187=CARTESIAN_POINT('',(0.,-4.156690665,2.8747909));
#6188=VERTEX_POINT('',#6187);
#6189=CARTESIAN_POINT('',(0.,-4.156690665,2.8747909));
#6190=DIRECTION('',(0.,0.844327926,-0.535826795));
#6191=VECTOR('',#6190,0.054001601);
#6192=LINE('',#6189,#6191);
#6193=EDGE_CURVE('',#6188,#2422,#6192,.T.);
#6194=ORIENTED_EDGE('',*,*,#6193,.F.);
#6195=CARTESIAN_POINT('',(0.,-4.371021383,2.53705973));
#6196=VERTEX_POINT('',#6195);
#6197=CARTESIAN_POINT('',(0.,-4.263856024,2.705925315));
#6198=DIRECTION('',(-1.,0.,0.));
#6199=DIRECTION('',(0.,-0.844327926,0.535826795));
#6200=AXIS2_PLACEMENT_3D('',#6197,#6198,#6199);
#6201=CIRCLE('',#6200,0.2);
#6202=EDGE_CURVE('',#6196,#6188,#6201,.T.);
#6203=ORIENTED_EDGE('',*,*,#6202,.F.);
#6204=CARTESIAN_POINT('',(0.,-4.325426323,2.508124225));
#6205=DIRECTION('',(0.,-0.844327926,0.535826795));
#6206=VECTOR('',#6205,0.054001601);
#6207=LINE('',#6204,#6206);
#6208=EDGE_CURVE('',#2453,#6196,#6207,.T.);
#6209=ORIENTED_EDGE('',*,*,#6208,.F.);
#6210=ORIENTED_EDGE('',*,*,#2461,.T.);
#6211=CARTESIAN_POINT('',(0.,-4.484220757,2.331150833));
#6212=VERTEX_POINT('',#6211);
#6213=CARTESIAN_POINT('',(0.,-4.484220757,2.331150833));
#6214=DIRECTION('',(0.,0.904827052,-0.425779292));
#6215=VECTOR('',#6214,0.054001601);
#6216=LINE('',#6213,#6215);
#6217=EDGE_CURVE('',#6212,#2455,#6216,.T.);
#6218=ORIENTED_EDGE('',*,*,#6217,.F.);
#6219=CARTESIAN_POINT('',(0.,-4.654532473,1.969220012));
#6220=VERTEX_POINT('',#6219);
#6221=CARTESIAN_POINT('',(0.,-4.569376615,2.150185422));
#6222=DIRECTION('',(-1.,0.,0.));
#6223=DIRECTION('',(0.,-0.904827052,0.425779292));
#6224=AXIS2_PLACEMENT_3D('',#6221,#6222,#6223);
#6225=CIRCLE('',#6224,0.2);
#6226=EDGE_CURVE('',#6220,#6212,#6225,.T.);
#6227=ORIENTED_EDGE('',*,*,#6226,.F.);
#6228=CARTESIAN_POINT('',(0.,-4.605670364,1.946227248));
#6229=DIRECTION('',(0.,-0.904827052,0.425779292));
#6230=VECTOR('',#6229,0.054001601);
#6231=LINE('',#6228,#6230);
#6232=EDGE_CURVE('',#2514,#6220,#6231,.T.);
#6233=ORIENTED_EDGE('',*,*,#6232,.F.);
#6234=ORIENTED_EDGE('',*,*,#2520,.T.);
#6235=CARTESIAN_POINT('',(0.,-4.741032008,1.750747125));
#6236=VERTEX_POINT('',#6235);
#6237=CARTESIAN_POINT('',(0.,-4.741032008,1.750747125));
#6238=DIRECTION('',(0.,0.951056516,-0.309016994));
#6239=VECTOR('',#6238,0.054001601);
#6240=LINE('',#6237,#6239);
#6241=EDGE_CURVE('',#6236,#2506,#6240,.T.);
#6242=ORIENTED_EDGE('',*,*,#6241,.F.);
#6243=CARTESIAN_POINT('',(0.,-4.864638806,1.370324518));
#6244=VERTEX_POINT('',#6243);
#6245=CARTESIAN_POINT('',(0.,-4.802835407,1.560535822));
#6246=DIRECTION('',(-1.,0.,0.));
#6247=DIRECTION('',(0.,-0.951056516,0.309016994));
#6248=AXIS2_PLACEMENT_3D('',#6245,#6246,#6247);
#6249=CIRCLE('',#6248,0.2);
#6250=EDGE_CURVE('',#6244,#6236,#6249,.T.);
#6251=ORIENTED_EDGE('',*,*,#6250,.F.);
#6252=CARTESIAN_POINT('',(0.,-4.813280231,1.353637106));
#6253=DIRECTION('',(0.,-0.951056516,0.309016994));
#6254=VECTOR('',#6253,0.054001601);
#6255=LINE('',#6252,#6254);
#6256=EDGE_CURVE('',#2537,#6244,#6255,.T.);
#6257=ORIENTED_EDGE('',*,*,#6256,.F.);
#6258=ORIENTED_EDGE('',*,*,#2545,.T.);
#6259=CARTESIAN_POINT('',(0.,-4.923074353,1.142733089));
#6260=VERTEX_POINT('',#6259);
#6261=CARTESIAN_POINT('',(0.,-4.923074353,1.142733089));
#6262=DIRECTION('',(0.,0.982287251,-0.187381315));
#6263=VECTOR('',#6262,0.054001601);
#6264=LINE('',#6261,#6263);
#6265=EDGE_CURVE('',#6260,#2539,#6264,.T.);
#6266=ORIENTED_EDGE('',*,*,#6265,.F.);
#6267=CARTESIAN_POINT('',(0.,-4.998026879,0.749818189));
#6268=VERTEX_POINT('',#6267);
#6269=CARTESIAN_POINT('',(0.,-4.960550616,0.946275639));
#6270=DIRECTION('',(-1.,0.,0.));
#6271=DIRECTION('',(0.,-0.982287251,0.187381315));
#6272=AXIS2_PLACEMENT_3D('',#6269,#6270,#6271);
#6273=CIRCLE('',#6272,0.2);
#6274=EDGE_CURVE('',#6268,#6260,#6273,.T.);
#6275=ORIENTED_EDGE('',*,*,#6274,.F.);
#6276=CARTESIAN_POINT('',(0.,-4.944981795,0.739699297));
#6277=DIRECTION('',(0.,-0.982287251,0.187381315));
#6278=VECTOR('',#6277,0.054001601);
#6279=LINE('',#6276,#6278);
#6280=EDGE_CURVE('',#2598,#6268,#6279,.T.);
#6281=ORIENTED_EDGE('',*,*,#6280,.F.);
#6282=ORIENTED_EDGE('',*,*,#2604,.T.);
#6283=CARTESIAN_POINT('',(0.,-5.027476875,0.516697469));
#6284=VERTEX_POINT('',#6283);
#6285=CARTESIAN_POINT('',(0.,-5.027476875,0.516697469));
#6286=DIRECTION('',(0.,0.998026728,-0.06279052));
#6287=VECTOR('',#6286,0.054001601);
#6288=LINE('',#6285,#6287);
#6289=EDGE_CURVE('',#6284,#2590,#6288,.T.);
#6290=ORIENTED_EDGE('',*,*,#6289,.F.);
#6291=CARTESIAN_POINT('',(0.,-5.052593082,0.117486778));
#6292=VERTEX_POINT('',#6291);
#6293=CARTESIAN_POINT('',(0.,-5.040034979,0.317092124));
#6294=DIRECTION('',(-1.,0.,0.));
#6295=DIRECTION('',(0.,-0.998026728,0.06279052));
#6296=AXIS2_PLACEMENT_3D('',#6293,#6294,#6295);
#6297=CIRCLE('',#6296,0.2);
#6298=EDGE_CURVE('',#6292,#6284,#6297,.T.);
#6299=ORIENTED_EDGE('',*,*,#6298,.F.);
#6300=CARTESIAN_POINT('',(0.,-4.998698041,0.114095989));
#6301=DIRECTION('',(0.,-0.998026728,0.06279052));
#6302=VECTOR('',#6301,0.054001601);
#6303=LINE('',#6300,#6302);
#6304=EDGE_CURVE('',#2621,#6292,#6303,.T.);
#6305=ORIENTED_EDGE('',*,*,#6304,.F.);
#6306=ORIENTED_EDGE('',*,*,#2629,.T.);
#6307=CARTESIAN_POINT('',(0.,-5.052593082,-0.117486778));
#6308=VERTEX_POINT('',#6307);
#6309=CARTESIAN_POINT('',(0.,-5.052593082,-0.117486778));
#6310=DIRECTION('',(0.,0.998026728,0.06279052));
#6311=VECTOR('',#6310,0.054001601);
#6312=LINE('',#6309,#6311);
#6313=EDGE_CURVE('',#6308,#2623,#6312,.T.);
#6314=ORIENTED_EDGE('',*,*,#6313,.F.);
#6315=CARTESIAN_POINT('',(0.,-5.027476875,-0.516697469));
#6316=VERTEX_POINT('',#6315);
#6317=CARTESIAN_POINT('',(0.,-5.040034979,-0.317092124));
#6318=DIRECTION('',(-1.,-0.,0.));
#6319=DIRECTION('',(0.,-0.998026728,-0.06279052));
#6320=AXIS2_PLACEMENT_3D('',#6317,#6318,#6319);
#6321=CIRCLE('',#6320,0.2);
#6322=EDGE_CURVE('',#6316,#6308,#6321,.T.);
#6323=ORIENTED_EDGE('',*,*,#6322,.F.);
#6324=CARTESIAN_POINT('',(0.,-4.973581833,-0.513306681));
#6325=DIRECTION('',(0.,-0.998026728,-0.06279052));
#6326=VECTOR('',#6325,0.054001601);
#6327=LINE('',#6324,#6326);
#6328=EDGE_CURVE('',#2682,#6316,#6327,.T.);
#6329=ORIENTED_EDGE('',*,*,#6328,.F.);
#6330=ORIENTED_EDGE('',*,*,#2688,.T.);
#6331=CARTESIAN_POINT('',(0.,-4.998026879,-0.749818189));
#6332=VERTEX_POINT('',#6331);
#6333=CARTESIAN_POINT('',(0.,-4.998026879,-0.749818189));
#6334=DIRECTION('',(0.,0.982287251,0.187381315));
#6335=VECTOR('',#6334,0.054001601);
#6336=LINE('',#6333,#6335);
#6337=EDGE_CURVE('',#6332,#2674,#6336,.T.);
#6338=ORIENTED_EDGE('',*,*,#6337,.F.);
#6339=CARTESIAN_POINT('',(0.,-4.923074353,-1.142733089));
#6340=VERTEX_POINT('',#6339);
#6341=CARTESIAN_POINT('',(0.,-4.960550616,-0.946275639));
#6342=DIRECTION('',(-1.,-0.,0.));
#6343=DIRECTION('',(0.,-0.982287251,-0.187381315));
#6344=AXIS2_PLACEMENT_3D('',#6341,#6342,#6343);
#6345=CIRCLE('',#6344,0.2);
#6346=EDGE_CURVE('',#6340,#6332,#6345,.T.);
#6347=ORIENTED_EDGE('',*,*,#6346,.F.);
#6348=CARTESIAN_POINT('',(0.,-4.870029269,-1.132614198));
#6349=DIRECTION('',(0.,-0.982287251,-0.187381315));
#6350=VECTOR('',#6349,0.054001601);
#6351=LINE('',#6348,#6350);
#6352=EDGE_CURVE('',#2705,#6340,#6351,.T.);
#6353=ORIENTED_EDGE('',*,*,#6352,.F.);
#6354=ORIENTED_EDGE('',*,*,#2713,.T.);
#6355=CARTESIAN_POINT('',(0.,-4.864638806,-1.370324518));
#6356=VERTEX_POINT('',#6355);
#6357=CARTESIAN_POINT('',(0.,-4.864638806,-1.370324518));
#6358=DIRECTION('',(0.,0.951056516,0.309016994));
#6359=VECTOR('',#6358,0.054001601);
#6360=LINE('',#6357,#6359);
#6361=EDGE_CURVE('',#6356,#2707,#6360,.T.);
#6362=ORIENTED_EDGE('',*,*,#6361,.F.);
#6363=CARTESIAN_POINT('',(0.,-4.741032008,-1.750747125));
#6364=VERTEX_POINT('',#6363);
#6365=CARTESIAN_POINT('',(0.,-4.802835407,-1.560535822));
#6366=DIRECTION('',(-1.,-0.,0.));
#6367=DIRECTION('',(0.,-0.951056516,-0.309016994));
#6368=AXIS2_PLACEMENT_3D('',#6365,#6366,#6367);
#6369=CIRCLE('',#6368,0.2);
#6370=EDGE_CURVE('',#6364,#6356,#6369,.T.);
#6371=ORIENTED_EDGE('',*,*,#6370,.F.);
#6372=CARTESIAN_POINT('',(0.,-4.689673434,-1.734059712));
#6373=DIRECTION('',(0.,-0.951056516,-0.309016994));
#6374=VECTOR('',#6373,0.054001601);
#6375=LINE('',#6372,#6374);
#6376=EDGE_CURVE('',#2766,#6364,#6375,.T.);
#6377=ORIENTED_EDGE('',*,*,#6376,.F.);
#6378=ORIENTED_EDGE('',*,*,#2772,.T.);
#6379=CARTESIAN_POINT('',(0.,-4.654532473,-1.969220012));
#6380=VERTEX_POINT('',#6379);
#6381=CARTESIAN_POINT('',(0.,-4.654532473,-1.969220012));
#6382=DIRECTION('',(0.,0.904827052,0.425779292));
#6383=VECTOR('',#6382,0.054001601);
#6384=LINE('',#6381,#6383);
#6385=EDGE_CURVE('',#6380,#2758,#6384,.T.);
#6386=ORIENTED_EDGE('',*,*,#6385,.F.);
#6387=CARTESIAN_POINT('',(0.,-4.484220757,-2.331150833));
#6388=VERTEX_POINT('',#6387);
#6389=CARTESIAN_POINT('',(0.,-4.569376615,-2.150185422));
#6390=DIRECTION('',(-1.,-0.,0.));
#6391=DIRECTION('',(0.,-0.904827052,-0.425779292));
#6392=AXIS2_PLACEMENT_3D('',#6389,#6390,#6391);
#6393=CIRCLE('',#6392,0.2);
#6394=EDGE_CURVE('',#6388,#6380,#6393,.T.);
#6395=ORIENTED_EDGE('',*,*,#6394,.F.);
#6396=CARTESIAN_POINT('',(0.,-4.435358647,-2.308158069));
#6397=DIRECTION('',(0.,-0.904827052,-0.425779292));
#6398=VECTOR('',#6397,0.054001601);
#6399=LINE('',#6396,#6398);
#6400=EDGE_CURVE('',#2789,#6388,#6399,.T.);
#6401=ORIENTED_EDGE('',*,*,#6400,.F.);
#6402=ORIENTED_EDGE('',*,*,#2797,.T.);
#6403=CARTESIAN_POINT('',(0.,-4.371021383,-2.53705973));
#6404=VERTEX_POINT('',#6403);
#6405=CARTESIAN_POINT('',(0.,-4.371021383,-2.53705973));
#6406=DIRECTION('',(0.,0.844327926,0.535826795));
#6407=VECTOR('',#6406,0.054001601);
#6408=LINE('',#6405,#6407);
#6409=EDGE_CURVE('',#6404,#2791,#6408,.T.);
#6410=ORIENTED_EDGE('',*,*,#6409,.F.);
#6411=CARTESIAN_POINT('',(0.,-4.156690665,-2.8747909));
#6412=VERTEX_POINT('',#6411);
#6413=CARTESIAN_POINT('',(0.,-4.263856024,-2.705925315));
#6414=DIRECTION('',(-1.,-0.,0.));
#6415=DIRECTION('',(0.,-0.844327926,-0.535826795));
#6416=AXIS2_PLACEMENT_3D('',#6413,#6414,#6415);
#6417=CIRCLE('',#6416,0.2);
#6418=EDGE_CURVE('',#6412,#6404,#6417,.T.);
#6419=ORIENTED_EDGE('',*,*,#6418,.F.);
#6420=CARTESIAN_POINT('',(0.,-4.111095605,-2.845855395));
#6421=DIRECTION('',(0.,-0.844327926,-0.535826795));
#6422=VECTOR('',#6421,0.054001601);
#6423=LINE('',#6420,#6422);
#6424=EDGE_CURVE('',#2831,#6412,#6423,.T.);
#6425=ORIENTED_EDGE('',*,*,#6424,.F.);
#6426=ORIENTED_EDGE('',*,*,#2839,.T.);
#6427=CARTESIAN_POINT('',(0.,-4.018576674,-3.0648885));
#6428=VERTEX_POINT('',#6427);
#6429=CARTESIAN_POINT('',(0.,-4.018576674,-3.0648885));
#6430=DIRECTION('',(0.,0.770513243,0.63742399));
#6431=VECTOR('',#6430,0.054001601);
#6432=LINE('',#6429,#6431);
#6433=EDGE_CURVE('',#6428,#2833,#6432,.T.);
#6434=ORIENTED_EDGE('',*,*,#6433,.F.);
#6435=CARTESIAN_POINT('',(0.,-3.763607078,-3.373093797));
#6436=VERTEX_POINT('',#6435);
#6437=CARTESIAN_POINT('',(0.,-3.891091876,-3.218991148));
#6438=DIRECTION('',(-1.,-0.,0.));
#6439=DIRECTION('',(0.,-0.770513243,-0.63742399));
#6440=AXIS2_PLACEMENT_3D('',#6437,#6438,#6439);
#6441=CIRCLE('',#6440,0.2);
#6442=EDGE_CURVE('',#6436,#6428,#6441,.T.);
#6443=ORIENTED_EDGE('',*,*,#6442,.F.);
#6444=CARTESIAN_POINT('',(0.,-3.721998129,-3.338671881));
#6445=DIRECTION('',(0.,-0.770513243,-0.63742399));
#6446=VECTOR('',#6445,0.054001601);
#6447=LINE('',#6444,#6446);
#6448=EDGE_CURVE('',#2873,#6436,#6447,.T.);
#6449=ORIENTED_EDGE('',*,*,#6448,.F.);
#6450=ORIENTED_EDGE('',*,*,#2881,.T.);
#6451=CARTESIAN_POINT('',(0.,-3.60275661,-3.544382147));
#6452=VERTEX_POINT('',#6451);
#6453=CARTESIAN_POINT('',(0.,-3.60275661,-3.544382147));
#6454=DIRECTION('',(0.,0.684547106,0.728968627));
#6455=VECTOR('',#6454,0.054001601);
#6456=LINE('',#6453,#6455);
#6457=EDGE_CURVE('',#6452,#2875,#6456,.T.);
#6458=ORIENTED_EDGE('',*,*,#6457,.F.);
#6459=CARTESIAN_POINT('',(0.,-3.311169159,-3.81820099));
#6460=VERTEX_POINT('',#6459);
#6461=CARTESIAN_POINT('',(0.,-3.456962885,-3.681291568));
#6462=DIRECTION('',(-1.,-0.,0.));
#6463=DIRECTION('',(0.,-0.684547106,-0.728968627));
#6464=AXIS2_PLACEMENT_3D('',#6461,#6462,#6463);
#6465=CIRCLE('',#6464,0.2);
#6466=EDGE_CURVE('',#6460,#6452,#6465,.T.);
#6467=ORIENTED_EDGE('',*,*,#6466,.F.);
#6468=CARTESIAN_POINT('',(0.,-3.27420252,-3.778835516));
#6469=DIRECTION('',(0.,-0.684547106,-0.728968627));
#6470=VECTOR('',#6469,0.054001601);
#6471=LINE('',#6468,#6470);
#6472=EDGE_CURVE('',#2915,#6460,#6471,.T.);
#6473=ORIENTED_EDGE('',*,*,#6472,.F.);
#6474=ORIENTED_EDGE('',*,*,#2923,.T.);
#6475=CARTESIAN_POINT('',(0.,-3.130118923,-3.967978771));
#6476=VERTEX_POINT('',#6475);
#6477=CARTESIAN_POINT('',(0.,-3.130118923,-3.967978771));
#6478=DIRECTION('',(0.,0.587785252,0.809016994));
#6479=VECTOR('',#6478,0.054001601);
#6480=LINE('',#6477,#6479);
#6481=EDGE_CURVE('',#6476,#2917,#6480,.T.);
#6482=ORIENTED_EDGE('',*,*,#6481,.F.);
#6483=CARTESIAN_POINT('',(0.,-2.806512125,-4.203092872));
#6484=VERTEX_POINT('',#6483);
#6485=CARTESIAN_POINT('',(0.,-2.968315524,-4.085535822));
#6486=DIRECTION('',(-1.,-0.,0.));
#6487=DIRECTION('',(0.,-0.587785252,-0.809016994));
#6488=AXIS2_PLACEMENT_3D('',#6485,#6486,#6487);
#6489=CIRCLE('',#6488,0.2);
#6490=EDGE_CURVE('',#6484,#6476,#6489,.T.);
#6491=ORIENTED_EDGE('',*,*,#6490,.F.);
#6492=CARTESIAN_POINT('',(0.,-2.77477078,-4.159404659));
#6493=DIRECTION('',(0.,-0.587785252,-0.809016994));
#6494=VECTOR('',#6493,0.054001601);
#6495=LINE('',#6492,#6494);
#6496=EDGE_CURVE('',#2957,#6484,#6495,.T.);
#6497=ORIENTED_EDGE('',*,*,#6496,.F.);
#6498=ORIENTED_EDGE('',*,*,#2965,.T.);
#6499=CARTESIAN_POINT('',(0.,-2.60811739,-4.328997999));
#6500=VERTEX_POINT('',#6499);
#6501=CARTESIAN_POINT('',(0.,-2.60811739,-4.328997999));
#6502=DIRECTION('',(0.,0.481753674,0.87630668));
#6503=VECTOR('',#6502,0.054001601);
#6504=LINE('',#6501,#6503);
#6505=EDGE_CURVE('',#6500,#2959,#6504,.T.);
#6506=ORIENTED_EDGE('',*,*,#6505,.F.);
#6507=CARTESIAN_POINT('',(0.,-2.257594718,-4.521699469));
#6508=VERTEX_POINT('',#6507);
#6509=CARTESIAN_POINT('',(0.,-2.432856054,-4.425348734));
#6510=DIRECTION('',(-1.,-0.,0.));
#6511=DIRECTION('',(0.,-0.481753674,-0.87630668));
#6512=AXIS2_PLACEMENT_3D('',#6509,#6510,#6511);
#6513=CIRCLE('',#6512,0.2);
#6514=EDGE_CURVE('',#6508,#6500,#6513,.T.);
#6515=ORIENTED_EDGE('',*,*,#6514,.F.);
#6516=CARTESIAN_POINT('',(0.,-2.231579248,-4.474377505));
#6517=DIRECTION('',(0.,-0.481753674,-0.87630668));
#6518=VECTOR('',#6517,0.054001601);
#6519=LINE('',#6516,#6518);
#6520=EDGE_CURVE('',#2999,#6508,#6519,.T.);
#6521=ORIENTED_EDGE('',*,*,#6520,.F.);
#6522=ORIENTED_EDGE('',*,*,#3007,.T.);
#6523=CARTESIAN_POINT('',(0.,-2.044984288,-4.621746343));
#6524=VERTEX_POINT('',#6523);
#6525=CARTESIAN_POINT('',(0.,-2.044984288,-4.621746343));
#6526=DIRECTION('',(0.,0.368124553,0.929776486));
#6527=VECTOR('',#6526,0.054001601);
#6528=LINE('',#6525,#6527);
#6529=EDGE_CURVE('',#6524,#3001,#6528,.T.);
#6530=ORIENTED_EDGE('',*,*,#6529,.F.);
#6531=CARTESIAN_POINT('',(0.,-1.673073694,-4.768996164));
#6532=VERTEX_POINT('',#6531);
#6533=CARTESIAN_POINT('',(0.,-1.859028991,-4.695371254));
#6534=DIRECTION('',(-1.,-0.,0.));
#6535=DIRECTION('',(0.,-0.368124553,-0.929776486));
#6536=AXIS2_PLACEMENT_3D('',#6533,#6534,#6535);
#6537=CIRCLE('',#6536,0.2);
#6538=EDGE_CURVE('',#6532,#6524,#6537,.T.);
#6539=ORIENTED_EDGE('',*,*,#6538,.F.);
#6540=CARTESIAN_POINT('',(0.,-1.653194379,-4.718786745));
#6541=DIRECTION('',(0.,-0.368124553,-0.929776486));
#6542=VECTOR('',#6541,0.054001601);
#6543=LINE('',#6540,#6542);
#6544=EDGE_CURVE('',#3041,#6532,#6543,.T.);
#6545=ORIENTED_EDGE('',*,*,#6544,.F.);
#6546=ORIENTED_EDGE('',*,*,#3049,.T.);
#6547=CARTESIAN_POINT('',(0.,-1.449600562,-4.841606986));
#6548=VERTEX_POINT('',#6547);
#6549=CARTESIAN_POINT('',(0.,-1.449600562,-4.841606986));
#6550=DIRECTION('',(0.,0.248689887,0.968583161));
#6551=VECTOR('',#6550,0.054001601);
#6552=LINE('',#6549,#6551);
#6553=EDGE_CURVE('',#6548,#3043,#6552,.T.);
#6554=ORIENTED_EDGE('',*,*,#6553,.F.);
#6555=CARTESIAN_POINT('',(0.,-1.062167298,-4.941082941));
#6556=VERTEX_POINT('',#6555);
#6557=CARTESIAN_POINT('',(0.,-1.25588393,-4.891344964));
#6558=DIRECTION('',(-1.,-0.,0.));
#6559=DIRECTION('',(0.,-0.248689887,-0.968583161));
#6560=AXIS2_PLACEMENT_3D('',#6557,#6558,#6559);
#6561=CIRCLE('',#6560,0.2);
#6562=EDGE_CURVE('',#6556,#6548,#6561,.T.);
#6563=ORIENTED_EDGE('',*,*,#6562,.F.);
#6564=CARTESIAN_POINT('',(0.,-1.048737646,-4.888777899));
#6565=DIRECTION('',(0.,-0.248689887,-0.968583161));
#6566=VECTOR('',#6565,0.054001601);
#6567=LINE('',#6564,#6566);
#6568=EDGE_CURVE('',#3083,#6556,#6567,.T.);
#6569=ORIENTED_EDGE('',*,*,#6568,.F.);
#6570=ORIENTED_EDGE('',*,*,#3091,.T.);
#6571=CARTESIAN_POINT('',(0.,-0.83135577,-4.985112595));
#6572=VERTEX_POINT('',#6571);
#6573=CARTESIAN_POINT('',(0.,-0.83135577,-4.985112595));
#6574=DIRECTION('',(0.,0.125333234,0.992114701));
#6575=VECTOR('',#6574,0.054001601);
#6576=LINE('',#6573,#6575);
#6577=EDGE_CURVE('',#6572,#3085,#6576,.T.);
#6578=ORIENTED_EDGE('',*,*,#6577,.F.);
#6579=CARTESIAN_POINT('',(0.,-0.434509889,-5.035245888));
#6580=VERTEX_POINT('',#6579);
#6581=CARTESIAN_POINT('',(0.,-0.632932829,-5.010179242));
#6582=DIRECTION('',(-1.,-0.,0.));
#6583=DIRECTION('',(0.,-0.125333234,-0.992114701));
#6584=AXIS2_PLACEMENT_3D('',#6581,#6582,#6583);
#6585=CIRCLE('',#6584,0.2);
#6586=EDGE_CURVE('',#6580,#6572,#6585,.T.);
#6587=ORIENTED_EDGE('',*,*,#6586,.F.);
#6588=CARTESIAN_POINT('',(0.,-0.427741694,-4.981670106));
#6589=DIRECTION('',(0.,-0.125333234,-0.992114701));
#6590=VECTOR('',#6589,0.054001601);
#6591=LINE('',#6588,#6590);
#6592=EDGE_CURVE('',#3125,#6580,#6591,.T.);
#6593=ORIENTED_EDGE('',*,*,#6592,.F.);
#6594=ORIENTED_EDGE('',*,*,#3133,.T.);
#6595=CARTESIAN_POINT('',(0.,-0.2,-5.05));
#6596=VERTEX_POINT('',#6595);
#6597=CARTESIAN_POINT('',(0.,-0.2,-5.05));
#6598=DIRECTION('',(0.,-0.,1.));
#6599=VECTOR('',#6598,0.054001601);
#6600=LINE('',#6597,#6599);
#6601=EDGE_CURVE('',#6596,#3127,#6600,.T.);
#6602=ORIENTED_EDGE('',*,*,#6601,.F.);
#6603=CARTESIAN_POINT('',(0.,0.2,-5.05));
#6604=VERTEX_POINT('',#6603);
#6605=CARTESIAN_POINT('',(0.,0.,-5.05));
#6606=DIRECTION('',(-1.,0.,0.));
#6607=DIRECTION('',(0.,0.,-1.));
#6608=AXIS2_PLACEMENT_3D('',#6605,#6606,#6607);
#6609=CIRCLE('',#6608,0.2);
#6610=EDGE_CURVE('',#6604,#6596,#6609,.T.);
#6611=ORIENTED_EDGE('',*,*,#6610,.F.);
#6612=CARTESIAN_POINT('',(0.,0.2,-4.995998399));
#6613=DIRECTION('',(0.,0.,-1.));
#6614=VECTOR('',#6613,0.054001601);
#6615=LINE('',#6612,#6614);
#6616=EDGE_CURVE('',#3167,#6604,#6615,.T.);
#6617=ORIENTED_EDGE('',*,*,#6616,.F.);
#6618=EDGE_LOOP('',(#5418,#5426,#5435,#5441,#5442,#5450,#5459,#5465,#5466,#5474,#5483,#5489,#5490,#5498,#5507,#5513,#5514,#5522,#5531,#5537,#5538,#5546,#5555,#5561,#5562,#5570,
#5579,#5585,#5586,#5594,#5603,#5609,#5610,#5618,#5627,#5633,#5634,#5642,#5651,#5657,#5658,#5666,#5675,#5681,#5682,#5690,#5699,#5705,#5706,#5714,#5723,
#5729,#5730,#5738,#5747,#5753,#5754,#5762,#5771,#5777,#5778,#5786,#5795,#5801,#5802,#5810,#5819,#5825,#5826,#5834,#5843,#5849,#5850,#5858,#5867,#5873,
#5874,#5882,#5891,#5897,#5898,#5906,#5915,#5921,#5922,#5930,#5939,#5945,#5946,#5954,#5963,#5969,#5970,#5978,#5987,#5993,#5994,#6002,#6011,#6017,#6018,
#6026,#6035,#6041,#6042,#6050,#6059,#6065,#6066,#6074,#6083,#6089,#6090,#6098,#6107,#6113,#6114,#6122,#6131,#6137,#6138,#6146,#6155,#6161,#6162,#6170,
#6179,#6185,#6186,#6194,#6203,#6209,#6210,#6218,#6227,#6233,#6234,#6242,#6251,#6257,#6258,#6266,#6275,#6281,#6282,#6290,#6299,#6305,#6306,#6314,#6323,
#6329,#6330,#6338,#6347,#6353,#6354,#6362,#6371,#6377,#6378,#6386,#6395,#6401,#6402,#6410,#6419,#6425,#6426,#6434,#6443,#6449,#6450,#6458,#6467,#6473,
#6474,#6482,#6491,#6497,#6498,#6506,#6515,#6521,#6522,#6530,#6539,#6545,#6546,#6554,#6563,#6569,#6570,#6578,#6587,#6593,#6594,#6602,#6611,#6617));
#6619=FACE_BOUND('',#6618,.T.);
#6620=CARTESIAN_POINT('',(-0.,-0.,-4.5));
#6621=VERTEX_POINT('',#6620);
#6622=CARTESIAN_POINT('',(0.,0.,0.));
#6623=DIRECTION('',(1.,0.,0.));
#6624=DIRECTION('',(0.,0.,-1.));
#6625=AXIS2_PLACEMENT_3D('',#6622,#6623,#6624);
#6626=CIRCLE('',#6625,4.5);
#6627=EDGE_CURVE('',#6621,#6621,#6626,.T.);
#6628=ORIENTED_EDGE('',*,*,#6627,.F.);
#6629=EDGE_LOOP('',(#6628));
#6630=FACE_BOUND('',#6629,.T.);
#6631=ADVANCED_FACE('',(#6619,#6630),#5417,.T.);
#6632=CARTESIAN_POINT('',(-5.,0.,0.));
#6633=DIRECTION('',(1.,0.,0.));
#6634=DIRECTION('',(0.,0.,-1.));
#6635=AXIS2_PLACEMENT_3D('',#6632,#6633,#6634);
#6636=CONICAL_SURFACE('',#6635,4.,5.710593137);
#6637=CARTESIAN_POINT('',(-5.,-0.,-4.));
#6638=VERTEX_POINT('',#6637);
#6639=CARTESIAN_POINT('',(0.,0.,-4.5));
#6640=DIRECTION('',(-0.99503719,-0.,0.099503719));
#6641=VECTOR('',#6640,5.024937811);
#6642=LINE('',#6639,#6641);
#6643=EDGE_CURVE('',#6621,#6638,#6642,.T.);
#6644=ORIENTED_EDGE('',*,*,#6643,.F.);
#6645=ORIENTED_EDGE('',*,*,#6627,.T.);
#6646=ORIENTED_EDGE('',*,*,#6643,.T.);
#6647=CARTESIAN_POINT('',(-5.,0.,0.));
#6648=DIRECTION('',(1.,0.,0.));
#6649=DIRECTION('',(0.,0.,-1.));
#6650=AXIS2_PLACEMENT_3D('',#6647,#6648,#6649);
#6651=CIRCLE('',#6650,4.);
#6652=EDGE_CURVE('',#6638,#6638,#6651,.T.);
#6653=ORIENTED_EDGE('',*,*,#6652,.F.);
#6654=EDGE_LOOP('',(#6644,#6645,#6646,#6653));
#6655=FACE_BOUND('',#6654,.T.);
#6656=ADVANCED_FACE('',(#6655),#6636,.F.);
#6657=CARTESIAN_POINT('',(0.,0.,0.));
#6658=DIRECTION('',(1.,0.,0.));
#6659=DIRECTION('',(0.,0.,-1.));
#6660=AXIS2_PLACEMENT_3D('',#6657,#6658,#6659);
#6661=CYLINDRICAL_SURFACE('',#6660,4.);
#6662=CARTESIAN_POINT('',(-8.5,-0.,-4.));
#6663=VERTEX_POINT('',#6662);
#6664=CARTESIAN_POINT('',(-5.,0.,-4.));
#6665=DIRECTION('',(-1.,-0.,0.));
#6666=VECTOR('',#6665,3.5);
#6667=LINE('',#6664,#6666);
#6668=EDGE_CURVE('',#6638,#6663,#6667,.T.);
#6669=ORIENTED_EDGE('',*,*,#6668,.F.);
#6670=ORIENTED_EDGE('',*,*,#6652,.T.);
#6671=ORIENTED_EDGE('',*,*,#6668,.T.);
#6672=CARTESIAN_POINT('',(-8.5,0.,0.));
#6673=DIRECTION('',(1.,0.,0.));
#6674=DIRECTION('',(0.,0.,-1.));
#6675=AXIS2_PLACEMENT_3D('',#6672,#6673,#6674);
#6676=CIRCLE('',#6675,4.);
#6677=EDGE_CURVE('',#6663,#6663,#6676,.T.);
#6678=ORIENTED_EDGE('',*,*,#6677,.F.);
#6679=EDGE_LOOP('',(#6669,#6670,#6671,#6678));
#6680=FACE_BOUND('',#6679,.T.);
#6681=ADVANCED_FACE('',(#6680),#6661,.F.);
#6682=CARTESIAN_POINT('',(-8.5,0.,4.5));
#6683=DIRECTION('',(-1.,0.,0.));
#6684=DIRECTION('',(0.,0.,1.));
#6685=AXIS2_PLACEMENT_3D('',#6682,#6683,#6684);
#6686=PLANE('',#6685);
#6687=ORIENTED_EDGE('',*,*,#6677,.T.);
#6688=EDGE_LOOP('',(#6687));
#6689=FACE_BOUND('',#6688,.T.);
#6690=CARTESIAN_POINT('',(-8.5,-0.,-4.5));
#6691=VERTEX_POINT('',#6690);
#6692=CARTESIAN_POINT('',(-8.5,0.,0.));
#6693=DIRECTION('',(1.,0.,0.));
#6694=DIRECTION('',(0.,0.,-1.));
#6695=AXIS2_PLACEMENT_3D('',#6692,#6693,#6694);
#6696=CIRCLE('',#6695,4.5);
#6697=EDGE_CURVE('',#6691,#6691,#6696,.T.);
#6698=ORIENTED_EDGE('',*,*,#6697,.F.);
#6699=EDGE_LOOP('',(#6698));
#6700=FACE_BOUND('',#6699,.T.);
#6701=ADVANCED_FACE('',(#6689,#6700),#6686,.T.);
#6702=CARTESIAN_POINT('',(0.,0.,0.));
#6703=DIRECTION('',(1.,0.,0.));
#6704=DIRECTION('',(0.,0.,-1.));
#6705=AXIS2_PLACEMENT_3D('',#6702,#6703,#6704);
#6706=CYLINDRICAL_SURFACE('',#6705,4.5);
#6707=CARTESIAN_POINT('',(-5.,0.,-4.5));
#6708=DIRECTION('',(-1.,-0.,0.));
#6709=VECTOR('',#6708,3.5);
#6710=LINE('',#6707,#6709);
#6711=EDGE_CURVE('',#4177,#6691,#6710,.T.);
#6712=ORIENTED_EDGE('',*,*,#6711,.T.);
#6713=ORIENTED_EDGE('',*,*,#6697,.T.);
#6714=ORIENTED_EDGE('',*,*,#6711,.F.);
#6715=ORIENTED_EDGE('',*,*,#4189,.F.);
#6716=EDGE_LOOP('',(#6712,#6713,#6714,#6715));
#6717=FACE_BOUND('',#6716,.T.);
#6718=ADVANCED_FACE('',(#6717),#6706,.T.);
#6719=CARTESIAN_POINT('',(-1.,0.824587574,4.931536812));
#6720=DIRECTION('',(0.,-0.992114701,0.125333234));
#6721=DIRECTION('',(0.,-0.125333234,-0.992114701));
#6722=AXIS2_PLACEMENT_3D('',#6719,#6720,#6721);
#6723=PLANE('',#6722);
#6724=ORIENTED_EDGE('',*,*,#5977,.T.);
#6725=ORIENTED_EDGE('',*,*,#3408,.F.);
#6726=ORIENTED_EDGE('',*,*,#4856,.F.);
#6727=CARTESIAN_POINT('',(-1.,0.83135577,4.985112595));
#6728=DIRECTION('',(1.,0.,-0.));
#6729=VECTOR('',#6728,1.);
#6730=LINE('',#6727,#6729);
#6731=EDGE_CURVE('',#4844,#5972,#6730,.T.);
#6732=ORIENTED_EDGE('',*,*,#6731,.T.);
#6733=EDGE_LOOP('',(#6724,#6725,#6726,#6732));
#6734=FACE_BOUND('',#6733,.T.);
#6735=ADVANCED_FACE('',(#6734),#6723,.F.);
#6736=CARTESIAN_POINT('',(-1.,0.632932829,5.010179242));
#6737=DIRECTION('',(1.,0.,0.));
#6738=DIRECTION('',(0.,-0.125333234,-0.992114701));
#6739=AXIS2_PLACEMENT_3D('',#6736,#6737,#6738);
#6740=CYLINDRICAL_SURFACE('',#6739,0.2);
#6741=ORIENTED_EDGE('',*,*,#5986,.T.);
#6742=ORIENTED_EDGE('',*,*,#6731,.F.);
#6743=ORIENTED_EDGE('',*,*,#4850,.F.);
#6744=CARTESIAN_POINT('',(-1.,0.434509889,5.035245888));
#6745=DIRECTION('',(1.,0.,-0.));
#6746=VECTOR('',#6745,1.);
#6747=LINE('',#6744,#6746);
#6748=EDGE_CURVE('',#4836,#5980,#6747,.T.);
#6749=ORIENTED_EDGE('',*,*,#6748,.T.);
#6750=EDGE_LOOP('',(#6741,#6742,#6743,#6749));
#6751=FACE_BOUND('',#6750,.T.);
#6752=ADVANCED_FACE('',(#6751),#6740,.T.);
#6753=CARTESIAN_POINT('',(-1.,0.434509889,5.035245888));
#6754=DIRECTION('',(0.,0.992114701,-0.125333234));
#6755=DIRECTION('',(0.,0.125333234,0.992114701));
#6756=AXIS2_PLACEMENT_3D('',#6753,#6754,#6755);
#6757=PLANE('',#6756);
#6758=ORIENTED_EDGE('',*,*,#5992,.T.);
#6759=ORIENTED_EDGE('',*,*,#6748,.F.);
#6760=ORIENTED_EDGE('',*,*,#4841,.F.);
#6761=ORIENTED_EDGE('',*,*,#2106,.T.);
#6762=EDGE_LOOP('',(#6758,#6759,#6760,#6761));
#6763=FACE_BOUND('',#6762,.T.);
#6764=ADVANCED_FACE('',(#6763),#6757,.F.);
#6765=CARTESIAN_POINT('',(-1.,-0.427741694,4.981670106));
#6766=DIRECTION('',(0.,-0.992114701,-0.125333234));
#6767=DIRECTION('',(0.,0.125333234,-0.992114701));
#6768=AXIS2_PLACEMENT_3D('',#6765,#6766,#6767);
#6769=PLANE('',#6768);
#6770=ORIENTED_EDGE('',*,*,#6025,.T.);
#6771=ORIENTED_EDGE('',*,*,#2148,.F.);
#6772=ORIENTED_EDGE('',*,*,#4808,.F.);
#6773=CARTESIAN_POINT('',(-1.,-0.434509889,5.035245888));
#6774=DIRECTION('',(1.,0.,-0.));
#6775=VECTOR('',#6774,1.);
#6776=LINE('',#6773,#6775);
#6777=EDGE_CURVE('',#4796,#6020,#6776,.T.);
#6778=ORIENTED_EDGE('',*,*,#6777,.T.);
#6779=EDGE_LOOP('',(#6770,#6771,#6772,#6778));
#6780=FACE_BOUND('',#6779,.T.);
#6781=ADVANCED_FACE('',(#6780),#6769,.F.);
#6782=CARTESIAN_POINT('',(-1.,-0.632932829,5.010179242));
#6783=DIRECTION('',(1.,0.,0.));
#6784=DIRECTION('',(0.,0.125333234,-0.992114701));
#6785=AXIS2_PLACEMENT_3D('',#6782,#6783,#6784);
#6786=CYLINDRICAL_SURFACE('',#6785,0.2);
#6787=ORIENTED_EDGE('',*,*,#6034,.T.);
#6788=ORIENTED_EDGE('',*,*,#6777,.F.);
#6789=ORIENTED_EDGE('',*,*,#4802,.F.);
#6790=CARTESIAN_POINT('',(-1.,-0.83135577,4.985112595));
#6791=DIRECTION('',(1.,0.,-0.));
#6792=VECTOR('',#6791,1.);
#6793=LINE('',#6790,#6792);
#6794=EDGE_CURVE('',#4788,#6028,#6793,.T.);
#6795=ORIENTED_EDGE('',*,*,#6794,.T.);
#6796=EDGE_LOOP('',(#6787,#6788,#6789,#6795));
#6797=FACE_BOUND('',#6796,.T.);
#6798=ADVANCED_FACE('',(#6797),#6786,.T.);
#6799=CARTESIAN_POINT('',(-1.,-0.83135577,4.985112595));
#6800=DIRECTION('',(0.,0.992114701,0.125333234));
#6801=DIRECTION('',(0.,-0.125333234,0.992114701));
#6802=AXIS2_PLACEMENT_3D('',#6799,#6800,#6801);
#6803=PLANE('',#6802);
#6804=ORIENTED_EDGE('',*,*,#6040,.T.);
#6805=ORIENTED_EDGE('',*,*,#6794,.F.);
#6806=ORIENTED_EDGE('',*,*,#4793,.F.);
#6807=ORIENTED_EDGE('',*,*,#2190,.T.);
#6808=EDGE_LOOP('',(#6804,#6805,#6806,#6807));
#6809=FACE_BOUND('',#6808,.T.);
#6810=ADVANCED_FACE('',(#6809),#6803,.F.);
#6811=CARTESIAN_POINT('',(-1.,-1.653194379,4.718786745));
#6812=DIRECTION('',(0.,-0.929776486,-0.368124553));
#6813=DIRECTION('',(0.,0.368124553,-0.929776486));
#6814=AXIS2_PLACEMENT_3D('',#6811,#6812,#6813);
#6815=PLANE('',#6814);
#6816=ORIENTED_EDGE('',*,*,#6073,.T.);
#6817=ORIENTED_EDGE('',*,*,#2232,.F.);
#6818=ORIENTED_EDGE('',*,*,#4760,.F.);
#6819=CARTESIAN_POINT('',(-1.,-1.673073694,4.768996164));
#6820=DIRECTION('',(1.,0.,-0.));
#6821=VECTOR('',#6820,1.);
#6822=LINE('',#6819,#6821);
#6823=EDGE_CURVE('',#4748,#6068,#6822,.T.);
#6824=ORIENTED_EDGE('',*,*,#6823,.T.);
#6825=EDGE_LOOP('',(#6816,#6817,#6818,#6824));
#6826=FACE_BOUND('',#6825,.T.);
#6827=ADVANCED_FACE('',(#6826),#6815,.F.);
#6828=CARTESIAN_POINT('',(-1.,-1.859028991,4.695371254));
#6829=DIRECTION('',(1.,0.,0.));
#6830=DIRECTION('',(0.,0.368124553,-0.929776486));
#6831=AXIS2_PLACEMENT_3D('',#6828,#6829,#6830);
#6832=CYLINDRICAL_SURFACE('',#6831,0.2);
#6833=ORIENTED_EDGE('',*,*,#6082,.T.);
#6834=ORIENTED_EDGE('',*,*,#6823,.F.);
#6835=ORIENTED_EDGE('',*,*,#4754,.F.);
#6836=CARTESIAN_POINT('',(-1.,-2.044984288,4.621746343));
#6837=DIRECTION('',(1.,0.,-0.));
#6838=VECTOR('',#6837,1.);
#6839=LINE('',#6836,#6838);
#6840=EDGE_CURVE('',#4740,#6076,#6839,.T.);
#6841=ORIENTED_EDGE('',*,*,#6840,.T.);
#6842=EDGE_LOOP('',(#6833,#6834,#6835,#6841));
#6843=FACE_BOUND('',#6842,.T.);
#6844=ADVANCED_FACE('',(#6843),#6832,.T.);
#6845=CARTESIAN_POINT('',(-1.,-2.044984288,4.621746343));
#6846=DIRECTION('',(0.,0.929776486,0.368124553));
#6847=DIRECTION('',(0.,-0.368124553,0.929776486));
#6848=AXIS2_PLACEMENT_3D('',#6845,#6846,#6847);
#6849=PLANE('',#6848);
#6850=ORIENTED_EDGE('',*,*,#6088,.T.);
#6851=ORIENTED_EDGE('',*,*,#6840,.F.);
#6852=ORIENTED_EDGE('',*,*,#4745,.F.);
#6853=ORIENTED_EDGE('',*,*,#2274,.T.);
#6854=EDGE_LOOP('',(#6850,#6851,#6852,#6853));
#6855=FACE_BOUND('',#6854,.T.);
#6856=ADVANCED_FACE('',(#6855),#6849,.F.);
#6857=CARTESIAN_POINT('',(-1.,-2.77477078,4.159404659));
#6858=DIRECTION('',(0.,-0.809016994,-0.587785252));
#6859=DIRECTION('',(0.,0.587785252,-0.809016994));
#6860=AXIS2_PLACEMENT_3D('',#6857,#6858,#6859);
#6861=PLANE('',#6860);
#6862=ORIENTED_EDGE('',*,*,#6121,.T.);
#6863=ORIENTED_EDGE('',*,*,#2316,.F.);
#6864=ORIENTED_EDGE('',*,*,#4712,.F.);
#6865=CARTESIAN_POINT('',(-1.,-2.806512125,4.203092872));
#6866=DIRECTION('',(1.,0.,-0.));
#6867=VECTOR('',#6866,1.);
#6868=LINE('',#6865,#6867);
#6869=EDGE_CURVE('',#4700,#6116,#6868,.T.);
#6870=ORIENTED_EDGE('',*,*,#6869,.T.);
#6871=EDGE_LOOP('',(#6862,#6863,#6864,#6870));
#6872=FACE_BOUND('',#6871,.T.);
#6873=ADVANCED_FACE('',(#6872),#6861,.F.);
#6874=CARTESIAN_POINT('',(-1.,-2.968315524,4.085535822));
#6875=DIRECTION('',(1.,0.,0.));
#6876=DIRECTION('',(0.,0.587785252,-0.809016994));
#6877=AXIS2_PLACEMENT_3D('',#6874,#6875,#6876);
#6878=CYLINDRICAL_SURFACE('',#6877,0.2);
#6879=ORIENTED_EDGE('',*,*,#6130,.T.);
#6880=ORIENTED_EDGE('',*,*,#6869,.F.);
#6881=ORIENTED_EDGE('',*,*,#4706,.F.);
#6882=CARTESIAN_POINT('',(-1.,-3.130118923,3.967978771));
#6883=DIRECTION('',(1.,0.,-0.));
#6884=VECTOR('',#6883,1.);
#6885=LINE('',#6882,#6884);
#6886=EDGE_CURVE('',#4692,#6124,#6885,.T.);
#6887=ORIENTED_EDGE('',*,*,#6886,.T.);
#6888=EDGE_LOOP('',(#6879,#6880,#6881,#6887));
#6889=FACE_BOUND('',#6888,.T.);
#6890=ADVANCED_FACE('',(#6889),#6878,.T.);
#6891=CARTESIAN_POINT('',(-1.,-3.130118923,3.967978771));
#6892=DIRECTION('',(0.,0.809016994,0.587785252));
#6893=DIRECTION('',(0.,-0.587785252,0.809016994));
#6894=AXIS2_PLACEMENT_3D('',#6891,#6892,#6893);
#6895=PLANE('',#6894);
#6896=ORIENTED_EDGE('',*,*,#6136,.T.);
#6897=ORIENTED_EDGE('',*,*,#6886,.F.);
#6898=ORIENTED_EDGE('',*,*,#4697,.F.);
#6899=ORIENTED_EDGE('',*,*,#2358,.T.);
#6900=EDGE_LOOP('',(#6896,#6897,#6898,#6899));
#6901=FACE_BOUND('',#6900,.T.);
#6902=ADVANCED_FACE('',(#6901),#6895,.F.);
#6903=CARTESIAN_POINT('',(-1.,-3.721998129,3.338671881));
#6904=DIRECTION('',(0.,-0.63742399,-0.770513243));
#6905=DIRECTION('',(0.,0.770513243,-0.63742399));
#6906=AXIS2_PLACEMENT_3D('',#6903,#6904,#6905);
#6907=PLANE('',#6906);
#6908=ORIENTED_EDGE('',*,*,#6169,.T.);
#6909=ORIENTED_EDGE('',*,*,#2400,.F.);
#6910=ORIENTED_EDGE('',*,*,#4664,.F.);
#6911=CARTESIAN_POINT('',(-1.,-3.763607078,3.373093797));
#6912=DIRECTION('',(1.,0.,-0.));
#6913=VECTOR('',#6912,1.);
#6914=LINE('',#6911,#6913);
#6915=EDGE_CURVE('',#4652,#6164,#6914,.T.);
#6916=ORIENTED_EDGE('',*,*,#6915,.T.);
#6917=EDGE_LOOP('',(#6908,#6909,#6910,#6916));
#6918=FACE_BOUND('',#6917,.T.);
#6919=ADVANCED_FACE('',(#6918),#6907,.F.);
#6920=CARTESIAN_POINT('',(-1.,-3.891091876,3.218991148));
#6921=DIRECTION('',(1.,0.,0.));
#6922=DIRECTION('',(0.,0.770513243,-0.63742399));
#6923=AXIS2_PLACEMENT_3D('',#6920,#6921,#6922);
#6924=CYLINDRICAL_SURFACE('',#6923,0.2);
#6925=ORIENTED_EDGE('',*,*,#6178,.T.);
#6926=ORIENTED_EDGE('',*,*,#6915,.F.);
#6927=ORIENTED_EDGE('',*,*,#4658,.F.);
#6928=CARTESIAN_POINT('',(-1.,-4.018576674,3.0648885));
#6929=DIRECTION('',(1.,0.,-0.));
#6930=VECTOR('',#6929,1.);
#6931=LINE('',#6928,#6930);
#6932=EDGE_CURVE('',#4644,#6172,#6931,.T.);
#6933=ORIENTED_EDGE('',*,*,#6932,.T.);
#6934=EDGE_LOOP('',(#6925,#6926,#6927,#6933));
#6935=FACE_BOUND('',#6934,.T.);
#6936=ADVANCED_FACE('',(#6935),#6924,.T.);
#6937=CARTESIAN_POINT('',(-1.,-4.018576674,3.0648885));
#6938=DIRECTION('',(0.,0.63742399,0.770513243));
#6939=DIRECTION('',(0.,-0.770513243,0.63742399));
#6940=AXIS2_PLACEMENT_3D('',#6937,#6938,#6939);
#6941=PLANE('',#6940);
#6942=ORIENTED_EDGE('',*,*,#6184,.T.);
#6943=ORIENTED_EDGE('',*,*,#6932,.F.);
#6944=ORIENTED_EDGE('',*,*,#4649,.F.);
#6945=ORIENTED_EDGE('',*,*,#2442,.T.);
#6946=EDGE_LOOP('',(#6942,#6943,#6944,#6945));
#6947=FACE_BOUND('',#6946,.T.);
#6948=ADVANCED_FACE('',(#6947),#6941,.F.);
#6949=CARTESIAN_POINT('',(-1.,-4.435358647,2.308158069));
#6950=DIRECTION('',(0.,-0.425779292,-0.904827052));
#6951=DIRECTION('',(0.,0.904827052,-0.425779292));
#6952=AXIS2_PLACEMENT_3D('',#6949,#6950,#6951);
#6953=PLANE('',#6952);
#6954=ORIENTED_EDGE('',*,*,#6217,.T.);
#6955=ORIENTED_EDGE('',*,*,#2484,.F.);
#6956=ORIENTED_EDGE('',*,*,#4616,.F.);
#6957=CARTESIAN_POINT('',(-1.,-4.484220757,2.331150833));
#6958=DIRECTION('',(1.,0.,-0.));
#6959=VECTOR('',#6958,1.);
#6960=LINE('',#6957,#6959);
#6961=EDGE_CURVE('',#4604,#6212,#6960,.T.);
#6962=ORIENTED_EDGE('',*,*,#6961,.T.);
#6963=EDGE_LOOP('',(#6954,#6955,#6956,#6962));
#6964=FACE_BOUND('',#6963,.T.);
#6965=ADVANCED_FACE('',(#6964),#6953,.F.);
#6966=CARTESIAN_POINT('',(-1.,-4.569376615,2.150185422));
#6967=DIRECTION('',(1.,0.,0.));
#6968=DIRECTION('',(0.,0.904827052,-0.425779292));
#6969=AXIS2_PLACEMENT_3D('',#6966,#6967,#6968);
#6970=CYLINDRICAL_SURFACE('',#6969,0.2);
#6971=ORIENTED_EDGE('',*,*,#6226,.T.);
#6972=ORIENTED_EDGE('',*,*,#6961,.F.);
#6973=ORIENTED_EDGE('',*,*,#4610,.F.);
#6974=CARTESIAN_POINT('',(-1.,-4.654532473,1.969220012));
#6975=DIRECTION('',(1.,0.,-0.));
#6976=VECTOR('',#6975,1.);
#6977=LINE('',#6974,#6976);
#6978=EDGE_CURVE('',#4596,#6220,#6977,.T.);
#6979=ORIENTED_EDGE('',*,*,#6978,.T.);
#6980=EDGE_LOOP('',(#6971,#6972,#6973,#6979));
#6981=FACE_BOUND('',#6980,.T.);
#6982=ADVANCED_FACE('',(#6981),#6970,.T.);
#6983=CARTESIAN_POINT('',(-1.,-4.654532473,1.969220012));
#6984=DIRECTION('',(0.,0.425779292,0.904827052));
#6985=DIRECTION('',(0.,-0.904827052,0.425779292));
#6986=AXIS2_PLACEMENT_3D('',#6983,#6984,#6985);
#6987=PLANE('',#6986);
#6988=ORIENTED_EDGE('',*,*,#6232,.T.);
#6989=ORIENTED_EDGE('',*,*,#6978,.F.);
#6990=ORIENTED_EDGE('',*,*,#4601,.F.);
#6991=ORIENTED_EDGE('',*,*,#2526,.T.);
#6992=EDGE_LOOP('',(#6988,#6989,#6990,#6991));
#6993=FACE_BOUND('',#6992,.T.);
#6994=ADVANCED_FACE('',(#6993),#6987,.F.);
#6995=CARTESIAN_POINT('',(-1.,-4.870029269,1.132614198));
#6996=DIRECTION('',(0.,-0.187381315,-0.982287251));
#6997=DIRECTION('',(0.,0.982287251,-0.187381315));
#6998=AXIS2_PLACEMENT_3D('',#6995,#6996,#6997);
#6999=PLANE('',#6998);
#7000=ORIENTED_EDGE('',*,*,#6265,.T.);
#7001=ORIENTED_EDGE('',*,*,#2568,.F.);
#7002=ORIENTED_EDGE('',*,*,#4568,.F.);
#7003=CARTESIAN_POINT('',(-1.,-4.923074353,1.142733089));
#7004=DIRECTION('',(1.,0.,-0.));
#7005=VECTOR('',#7004,1.);
#7006=LINE('',#7003,#7005);
#7007=EDGE_CURVE('',#4556,#6260,#7006,.T.);
#7008=ORIENTED_EDGE('',*,*,#7007,.T.);
#7009=EDGE_LOOP('',(#7000,#7001,#7002,#7008));
#7010=FACE_BOUND('',#7009,.T.);
#7011=ADVANCED_FACE('',(#7010),#6999,.F.);
#7012=CARTESIAN_POINT('',(-1.,-4.960550616,0.946275639));
#7013=DIRECTION('',(1.,0.,0.));
#7014=DIRECTION('',(0.,0.982287251,-0.187381315));
#7015=AXIS2_PLACEMENT_3D('',#7012,#7013,#7014);
#7016=CYLINDRICAL_SURFACE('',#7015,0.2);
#7017=ORIENTED_EDGE('',*,*,#6274,.T.);
#7018=ORIENTED_EDGE('',*,*,#7007,.F.);
#7019=ORIENTED_EDGE('',*,*,#4562,.F.);
#7020=CARTESIAN_POINT('',(-1.,-4.998026879,0.749818189));
#7021=DIRECTION('',(1.,0.,-0.));
#7022=VECTOR('',#7021,1.);
#7023=LINE('',#7020,#7022);
#7024=EDGE_CURVE('',#4548,#6268,#7023,.T.);
#7025=ORIENTED_EDGE('',*,*,#7024,.T.);
#7026=EDGE_LOOP('',(#7017,#7018,#7019,#7025));
#7027=FACE_BOUND('',#7026,.T.);
#7028=ADVANCED_FACE('',(#7027),#7016,.T.);
#7029=CARTESIAN_POINT('',(-1.,-4.998026879,0.749818189));
#7030=DIRECTION('',(0.,0.187381315,0.982287251));
#7031=DIRECTION('',(0.,-0.982287251,0.187381315));
#7032=AXIS2_PLACEMENT_3D('',#7029,#7030,#7031);
#7033=PLANE('',#7032);
#7034=ORIENTED_EDGE('',*,*,#6280,.T.);
#7035=ORIENTED_EDGE('',*,*,#7024,.F.);
#7036=ORIENTED_EDGE('',*,*,#4553,.F.);
#7037=ORIENTED_EDGE('',*,*,#2610,.T.);
#7038=EDGE_LOOP('',(#7034,#7035,#7036,#7037));
#7039=FACE_BOUND('',#7038,.T.);
#7040=ADVANCED_FACE('',(#7039),#7033,.F.);
#7041=CARTESIAN_POINT('',(-1.,-4.998698041,-0.114095989));
#7042=DIRECTION('',(0.,0.06279052,-0.998026728));
#7043=DIRECTION('',(0.,0.998026728,0.06279052));
#7044=AXIS2_PLACEMENT_3D('',#7041,#7042,#7043);
#7045=PLANE('',#7044);
#7046=ORIENTED_EDGE('',*,*,#6313,.T.);
#7047=ORIENTED_EDGE('',*,*,#2652,.F.);
#7048=ORIENTED_EDGE('',*,*,#4520,.F.);
#7049=CARTESIAN_POINT('',(-1.,-5.052593082,-0.117486778));
#7050=DIRECTION('',(1.,0.,-0.));
#7051=VECTOR('',#7050,1.);
#7052=LINE('',#7049,#7051);
#7053=EDGE_CURVE('',#4508,#6308,#7052,.T.);
#7054=ORIENTED_EDGE('',*,*,#7053,.T.);
#7055=EDGE_LOOP('',(#7046,#7047,#7048,#7054));
#7056=FACE_BOUND('',#7055,.T.);
#7057=ADVANCED_FACE('',(#7056),#7045,.F.);
#7058=CARTESIAN_POINT('',(-1.,-5.040034979,-0.317092124));
#7059=DIRECTION('',(1.,0.,-0.));
#7060=DIRECTION('',(0.,0.998026728,0.06279052));
#7061=AXIS2_PLACEMENT_3D('',#7058,#7059,#7060);
#7062=CYLINDRICAL_SURFACE('',#7061,0.2);
#7063=ORIENTED_EDGE('',*,*,#6322,.T.);
#7064=ORIENTED_EDGE('',*,*,#7053,.F.);
#7065=ORIENTED_EDGE('',*,*,#4514,.F.);
#7066=CARTESIAN_POINT('',(-1.,-5.027476875,-0.516697469));
#7067=DIRECTION('',(1.,0.,-0.));
#7068=VECTOR('',#7067,1.);
#7069=LINE('',#7066,#7068);
#7070=EDGE_CURVE('',#4500,#6316,#7069,.T.);
#7071=ORIENTED_EDGE('',*,*,#7070,.T.);
#7072=EDGE_LOOP('',(#7063,#7064,#7065,#7071));
#7073=FACE_BOUND('',#7072,.T.);
#7074=ADVANCED_FACE('',(#7073),#7062,.T.);
#7075=CARTESIAN_POINT('',(-1.,-5.027476875,-0.516697469));
#7076=DIRECTION('',(0.,-0.06279052,0.998026728));
#7077=DIRECTION('',(0.,-0.998026728,-0.06279052));
#7078=AXIS2_PLACEMENT_3D('',#7075,#7076,#7077);
#7079=PLANE('',#7078);
#7080=ORIENTED_EDGE('',*,*,#6328,.T.);
#7081=ORIENTED_EDGE('',*,*,#7070,.F.);
#7082=ORIENTED_EDGE('',*,*,#4505,.F.);
#7083=ORIENTED_EDGE('',*,*,#2694,.T.);
#7084=EDGE_LOOP('',(#7080,#7081,#7082,#7083));
#7085=FACE_BOUND('',#7084,.T.);
#7086=ADVANCED_FACE('',(#7085),#7079,.F.);
#7087=CARTESIAN_POINT('',(-1.,-4.813280231,-1.353637106));
#7088=DIRECTION('',(0.,0.309016994,-0.951056516));
#7089=DIRECTION('',(0.,0.951056516,0.309016994));
#7090=AXIS2_PLACEMENT_3D('',#7087,#7088,#7089);
#7091=PLANE('',#7090);
#7092=ORIENTED_EDGE('',*,*,#6361,.T.);
#7093=ORIENTED_EDGE('',*,*,#2736,.F.);
#7094=ORIENTED_EDGE('',*,*,#4472,.F.);
#7095=CARTESIAN_POINT('',(-1.,-4.864638806,-1.370324518));
#7096=DIRECTION('',(1.,0.,-0.));
#7097=VECTOR('',#7096,1.);
#7098=LINE('',#7095,#7097);
#7099=EDGE_CURVE('',#4460,#6356,#7098,.T.);
#7100=ORIENTED_EDGE('',*,*,#7099,.T.);
#7101=EDGE_LOOP('',(#7092,#7093,#7094,#7100));
#7102=FACE_BOUND('',#7101,.T.);
#7103=ADVANCED_FACE('',(#7102),#7091,.F.);
#7104=CARTESIAN_POINT('',(-1.,-4.802835407,-1.560535822));
#7105=DIRECTION('',(1.,0.,-0.));
#7106=DIRECTION('',(0.,0.951056516,0.309016994));
#7107=AXIS2_PLACEMENT_3D('',#7104,#7105,#7106);
#7108=CYLINDRICAL_SURFACE('',#7107,0.2);
#7109=ORIENTED_EDGE('',*,*,#6370,.T.);
#7110=ORIENTED_EDGE('',*,*,#7099,.F.);
#7111=ORIENTED_EDGE('',*,*,#4466,.F.);
#7112=CARTESIAN_POINT('',(-1.,-4.741032008,-1.750747125));
#7113=DIRECTION('',(1.,0.,-0.));
#7114=VECTOR('',#7113,1.);
#7115=LINE('',#7112,#7114);
#7116=EDGE_CURVE('',#4452,#6364,#7115,.T.);
#7117=ORIENTED_EDGE('',*,*,#7116,.T.);
#7118=EDGE_LOOP('',(#7109,#7110,#7111,#7117));
#7119=FACE_BOUND('',#7118,.T.);
#7120=ADVANCED_FACE('',(#7119),#7108,.T.);
#7121=CARTESIAN_POINT('',(-1.,-4.741032008,-1.750747125));
#7122=DIRECTION('',(0.,-0.309016994,0.951056516));
#7123=DIRECTION('',(0.,-0.951056516,-0.309016994));
#7124=AXIS2_PLACEMENT_3D('',#7121,#7122,#7123);
#7125=PLANE('',#7124);
#7126=ORIENTED_EDGE('',*,*,#6376,.T.);
#7127=ORIENTED_EDGE('',*,*,#7116,.F.);
#7128=ORIENTED_EDGE('',*,*,#4457,.F.);
#7129=ORIENTED_EDGE('',*,*,#2778,.T.);
#7130=EDGE_LOOP('',(#7126,#7127,#7128,#7129));
#7131=FACE_BOUND('',#7130,.T.);
#7132=ADVANCED_FACE('',(#7131),#7125,.F.);
#7133=CARTESIAN_POINT('',(-1.,1.048737646,-4.888777899));
#7134=DIRECTION('',(0.,0.968583161,0.248689887));
#7135=DIRECTION('',(0.,-0.248689887,0.968583161));
#7136=AXIS2_PLACEMENT_3D('',#7133,#7134,#7135);
#7137=PLANE('',#7136);
#7138=ORIENTED_EDGE('',*,*,#5449,.T.);
#7139=ORIENTED_EDGE('',*,*,#3240,.F.);
#7140=ORIENTED_EDGE('',*,*,#5384,.F.);
#7141=CARTESIAN_POINT('',(-1.,1.062167298,-4.941082941));
#7142=DIRECTION('',(1.,0.,-0.));
#7143=VECTOR('',#7142,1.);
#7144=LINE('',#7141,#7143);
#7145=EDGE_CURVE('',#5372,#5444,#7144,.T.);
#7146=ORIENTED_EDGE('',*,*,#7145,.T.);
#7147=EDGE_LOOP('',(#7138,#7139,#7140,#7146));
#7148=FACE_BOUND('',#7147,.T.);
#7149=ADVANCED_FACE('',(#7148),#7137,.F.);
#7150=CARTESIAN_POINT('',(-1.,1.25588393,-4.891344964));
#7151=DIRECTION('',(1.,0.,0.));
#7152=DIRECTION('',(0.,-0.248689887,0.968583161));
#7153=AXIS2_PLACEMENT_3D('',#7150,#7151,#7152);
#7154=CYLINDRICAL_SURFACE('',#7153,0.2);
#7155=ORIENTED_EDGE('',*,*,#5458,.T.);
#7156=ORIENTED_EDGE('',*,*,#7145,.F.);
#7157=ORIENTED_EDGE('',*,*,#5378,.F.);
#7158=CARTESIAN_POINT('',(-1.,1.449600562,-4.841606986));
#7159=DIRECTION('',(1.,0.,-0.));
#7160=VECTOR('',#7159,1.);
#7161=LINE('',#7158,#7160);
#7162=EDGE_CURVE('',#5364,#5452,#7161,.T.);
#7163=ORIENTED_EDGE('',*,*,#7162,.T.);
#7164=EDGE_LOOP('',(#7155,#7156,#7157,#7163));
#7165=FACE_BOUND('',#7164,.T.);
#7166=ADVANCED_FACE('',(#7165),#7154,.T.);
#7167=CARTESIAN_POINT('',(-1.,1.449600562,-4.841606986));
#7168=DIRECTION('',(0.,-0.968583161,-0.248689887));
#7169=DIRECTION('',(0.,0.248689887,-0.968583161));
#7170=AXIS2_PLACEMENT_3D('',#7167,#7168,#7169);
#7171=PLANE('',#7170);
#7172=ORIENTED_EDGE('',*,*,#5464,.T.);
#7173=ORIENTED_EDGE('',*,*,#7162,.F.);
#7174=ORIENTED_EDGE('',*,*,#5369,.F.);
#7175=ORIENTED_EDGE('',*,*,#3282,.T.);
#7176=EDGE_LOOP('',(#7172,#7173,#7174,#7175));
#7177=FACE_BOUND('',#7176,.T.);
#7178=ADVANCED_FACE('',(#7177),#7171,.F.);
#7179=CARTESIAN_POINT('',(-1.,2.231579248,-4.474377505));
#7180=DIRECTION('',(0.,0.87630668,0.481753674));
#7181=DIRECTION('',(0.,-0.481753674,0.87630668));
#7182=AXIS2_PLACEMENT_3D('',#7179,#7180,#7181);
#7183=PLANE('',#7182);
#7184=ORIENTED_EDGE('',*,*,#5497,.T.);
#7185=ORIENTED_EDGE('',*,*,#3324,.F.);
#7186=ORIENTED_EDGE('',*,*,#5336,.F.);
#7187=CARTESIAN_POINT('',(-1.,2.257594718,-4.521699469));
#7188=DIRECTION('',(1.,0.,-0.));
#7189=VECTOR('',#7188,1.);
#7190=LINE('',#7187,#7189);
#7191=EDGE_CURVE('',#5324,#5492,#7190,.T.);
#7192=ORIENTED_EDGE('',*,*,#7191,.T.);
#7193=EDGE_LOOP('',(#7184,#7185,#7186,#7192));
#7194=FACE_BOUND('',#7193,.T.);
#7195=ADVANCED_FACE('',(#7194),#7183,.F.);
#7196=CARTESIAN_POINT('',(-1.,2.432856054,-4.425348734));
#7197=DIRECTION('',(1.,0.,0.));
#7198=DIRECTION('',(0.,-0.481753674,0.87630668));
#7199=AXIS2_PLACEMENT_3D('',#7196,#7197,#7198);
#7200=CYLINDRICAL_SURFACE('',#7199,0.2);
#7201=ORIENTED_EDGE('',*,*,#5506,.T.);
#7202=ORIENTED_EDGE('',*,*,#7191,.F.);
#7203=ORIENTED_EDGE('',*,*,#5330,.F.);
#7204=CARTESIAN_POINT('',(-1.,2.60811739,-4.328997999));
#7205=DIRECTION('',(1.,0.,-0.));
#7206=VECTOR('',#7205,1.);
#7207=LINE('',#7204,#7206);
#7208=EDGE_CURVE('',#5316,#5500,#7207,.T.);
#7209=ORIENTED_EDGE('',*,*,#7208,.T.);
#7210=EDGE_LOOP('',(#7201,#7202,#7203,#7209));
#7211=FACE_BOUND('',#7210,.T.);
#7212=ADVANCED_FACE('',(#7211),#7200,.T.);
#7213=CARTESIAN_POINT('',(-1.,2.60811739,-4.328997999));
#7214=DIRECTION('',(0.,-0.87630668,-0.481753674));
#7215=DIRECTION('',(0.,0.481753674,-0.87630668));
#7216=AXIS2_PLACEMENT_3D('',#7213,#7214,#7215);
#7217=PLANE('',#7216);
#7218=ORIENTED_EDGE('',*,*,#5512,.T.);
#7219=ORIENTED_EDGE('',*,*,#7208,.F.);
#7220=ORIENTED_EDGE('',*,*,#5321,.F.);
#7221=ORIENTED_EDGE('',*,*,#4164,.T.);
#7222=EDGE_LOOP('',(#7218,#7219,#7220,#7221));
#7223=FACE_BOUND('',#7222,.T.);
#7224=ADVANCED_FACE('',(#7223),#7217,.F.);
#7225=CARTESIAN_POINT('',(-1.,2.77477078,-4.159404659));
#7226=DIRECTION('',(0.,0.809016994,0.587785252));
#7227=DIRECTION('',(0.,-0.587785252,0.809016994));
#7228=AXIS2_PLACEMENT_3D('',#7225,#7226,#7227);
#7229=PLANE('',#7228);
#7230=ORIENTED_EDGE('',*,*,#5521,.T.);
#7231=ORIENTED_EDGE('',*,*,#4149,.F.);
#7232=ORIENTED_EDGE('',*,*,#5312,.F.);
#7233=CARTESIAN_POINT('',(-1.,2.806512125,-4.203092872));
#7234=DIRECTION('',(1.,0.,-0.));
#7235=VECTOR('',#7234,1.);
#7236=LINE('',#7233,#7235);
#7237=EDGE_CURVE('',#5300,#5516,#7236,.T.);
#7238=ORIENTED_EDGE('',*,*,#7237,.T.);
#7239=EDGE_LOOP('',(#7230,#7231,#7232,#7238));
#7240=FACE_BOUND('',#7239,.T.);
#7241=ADVANCED_FACE('',(#7240),#7229,.F.);
#7242=CARTESIAN_POINT('',(-1.,2.968315524,-4.085535822));
#7243=DIRECTION('',(1.,0.,0.));
#7244=DIRECTION('',(0.,-0.587785252,0.809016994));
#7245=AXIS2_PLACEMENT_3D('',#7242,#7243,#7244);
#7246=CYLINDRICAL_SURFACE('',#7245,0.2);
#7247=ORIENTED_EDGE('',*,*,#5530,.T.);
#7248=ORIENTED_EDGE('',*,*,#7237,.F.);
#7249=ORIENTED_EDGE('',*,*,#5306,.F.);
#7250=CARTESIAN_POINT('',(-1.,3.130118923,-3.967978771));
#7251=DIRECTION('',(1.,0.,-0.));
#7252=VECTOR('',#7251,1.);
#7253=LINE('',#7250,#7252);
#7254=EDGE_CURVE('',#5292,#5524,#7253,.T.);
#7255=ORIENTED_EDGE('',*,*,#7254,.T.);
#7256=EDGE_LOOP('',(#7247,#7248,#7249,#7255));
#7257=FACE_BOUND('',#7256,.T.);
#7258=ADVANCED_FACE('',(#7257),#7246,.T.);
#7259=CARTESIAN_POINT('',(-1.,3.130118923,-3.967978771));
#7260=DIRECTION('',(0.,-0.809016994,-0.587785252));
#7261=DIRECTION('',(0.,0.587785252,-0.809016994));
#7262=AXIS2_PLACEMENT_3D('',#7259,#7260,#7261);
#7263=PLANE('',#7262);
#7264=ORIENTED_EDGE('',*,*,#5536,.T.);
#7265=ORIENTED_EDGE('',*,*,#7254,.F.);
#7266=ORIENTED_EDGE('',*,*,#5297,.F.);
#7267=ORIENTED_EDGE('',*,*,#4122,.T.);
#7268=EDGE_LOOP('',(#7264,#7265,#7266,#7267));
#7269=FACE_BOUND('',#7268,.T.);
#7270=ADVANCED_FACE('',(#7269),#7263,.F.);
#7271=CARTESIAN_POINT('',(-1.,3.27420252,-3.778835516));
#7272=DIRECTION('',(0.,0.728968627,0.684547106));
#7273=DIRECTION('',(0.,-0.684547106,0.728968627));
#7274=AXIS2_PLACEMENT_3D('',#7271,#7272,#7273);
#7275=PLANE('',#7274);
#7276=ORIENTED_EDGE('',*,*,#5545,.T.);
#7277=ORIENTED_EDGE('',*,*,#4107,.F.);
#7278=ORIENTED_EDGE('',*,*,#5288,.F.);
#7279=CARTESIAN_POINT('',(-1.,3.311169159,-3.81820099));
#7280=DIRECTION('',(1.,0.,-0.));
#7281=VECTOR('',#7280,1.);
#7282=LINE('',#7279,#7281);
#7283=EDGE_CURVE('',#5276,#5540,#7282,.T.);
#7284=ORIENTED_EDGE('',*,*,#7283,.T.);
#7285=EDGE_LOOP('',(#7276,#7277,#7278,#7284));
#7286=FACE_BOUND('',#7285,.T.);
#7287=ADVANCED_FACE('',(#7286),#7275,.F.);
#7288=CARTESIAN_POINT('',(-1.,3.456962885,-3.681291568));
#7289=DIRECTION('',(1.,0.,0.));
#7290=DIRECTION('',(0.,-0.684547106,0.728968627));
#7291=AXIS2_PLACEMENT_3D('',#7288,#7289,#7290);
#7292=CYLINDRICAL_SURFACE('',#7291,0.2);
#7293=ORIENTED_EDGE('',*,*,#5554,.T.);
#7294=ORIENTED_EDGE('',*,*,#7283,.F.);
#7295=ORIENTED_EDGE('',*,*,#5282,.F.);
#7296=CARTESIAN_POINT('',(-1.,3.60275661,-3.544382147));
#7297=DIRECTION('',(1.,0.,-0.));
#7298=VECTOR('',#7297,1.);
#7299=LINE('',#7296,#7298);
#7300=EDGE_CURVE('',#5268,#5548,#7299,.T.);
#7301=ORIENTED_EDGE('',*,*,#7300,.T.);
#7302=EDGE_LOOP('',(#7293,#7294,#7295,#7301));
#7303=FACE_BOUND('',#7302,.T.);
#7304=ADVANCED_FACE('',(#7303),#7292,.T.);
#7305=CARTESIAN_POINT('',(-1.,3.60275661,-3.544382147));
#7306=DIRECTION('',(0.,-0.728968627,-0.684547106));
#7307=DIRECTION('',(0.,0.684547106,-0.728968627));
#7308=AXIS2_PLACEMENT_3D('',#7305,#7306,#7307);
#7309=PLANE('',#7308);
#7310=ORIENTED_EDGE('',*,*,#5560,.T.);
#7311=ORIENTED_EDGE('',*,*,#7300,.F.);
#7312=ORIENTED_EDGE('',*,*,#5273,.F.);
#7313=ORIENTED_EDGE('',*,*,#4080,.T.);
#7314=EDGE_LOOP('',(#7310,#7311,#7312,#7313));
#7315=FACE_BOUND('',#7314,.T.);
#7316=ADVANCED_FACE('',(#7315),#7309,.F.);
#7317=CARTESIAN_POINT('',(-1.,3.721998129,-3.338671881));
#7318=DIRECTION('',(0.,0.63742399,0.770513243));
#7319=DIRECTION('',(0.,-0.770513243,0.63742399));
#7320=AXIS2_PLACEMENT_3D('',#7317,#7318,#7319);
#7321=PLANE('',#7320);
#7322=ORIENTED_EDGE('',*,*,#5569,.T.);
#7323=ORIENTED_EDGE('',*,*,#4065,.F.);
#7324=ORIENTED_EDGE('',*,*,#5264,.F.);
#7325=CARTESIAN_POINT('',(-1.,3.763607078,-3.373093797));
#7326=DIRECTION('',(1.,0.,-0.));
#7327=VECTOR('',#7326,1.);
#7328=LINE('',#7325,#7327);
#7329=EDGE_CURVE('',#5252,#5564,#7328,.T.);
#7330=ORIENTED_EDGE('',*,*,#7329,.T.);
#7331=EDGE_LOOP('',(#7322,#7323,#7324,#7330));
#7332=FACE_BOUND('',#7331,.T.);
#7333=ADVANCED_FACE('',(#7332),#7321,.F.);
#7334=CARTESIAN_POINT('',(-1.,3.891091876,-3.218991148));
#7335=DIRECTION('',(1.,0.,0.));
#7336=DIRECTION('',(0.,-0.770513243,0.63742399));
#7337=AXIS2_PLACEMENT_3D('',#7334,#7335,#7336);
#7338=CYLINDRICAL_SURFACE('',#7337,0.2);
#7339=ORIENTED_EDGE('',*,*,#5578,.T.);
#7340=ORIENTED_EDGE('',*,*,#7329,.F.);
#7341=ORIENTED_EDGE('',*,*,#5258,.F.);
#7342=CARTESIAN_POINT('',(-1.,4.018576674,-3.0648885));
#7343=DIRECTION('',(1.,0.,-0.));
#7344=VECTOR('',#7343,1.);
#7345=LINE('',#7342,#7344);
#7346=EDGE_CURVE('',#5244,#5572,#7345,.T.);
#7347=ORIENTED_EDGE('',*,*,#7346,.T.);
#7348=EDGE_LOOP('',(#7339,#7340,#7341,#7347));
#7349=FACE_BOUND('',#7348,.T.);
#7350=ADVANCED_FACE('',(#7349),#7338,.T.);
#7351=CARTESIAN_POINT('',(-1.,4.018576674,-3.0648885));
#7352=DIRECTION('',(0.,-0.63742399,-0.770513243));
#7353=DIRECTION('',(0.,0.770513243,-0.63742399));
#7354=AXIS2_PLACEMENT_3D('',#7351,#7352,#7353);
#7355=PLANE('',#7354);
#7356=ORIENTED_EDGE('',*,*,#5584,.T.);
#7357=ORIENTED_EDGE('',*,*,#7346,.F.);
#7358=ORIENTED_EDGE('',*,*,#5249,.F.);
#7359=ORIENTED_EDGE('',*,*,#4038,.T.);
#7360=EDGE_LOOP('',(#7356,#7357,#7358,#7359));
#7361=FACE_BOUND('',#7360,.T.);
#7362=ADVANCED_FACE('',(#7361),#7355,.F.);
#7363=CARTESIAN_POINT('',(-1.,4.111095605,-2.845855395));
#7364=DIRECTION('',(0.,0.535826795,0.844327926));
#7365=DIRECTION('',(0.,-0.844327926,0.535826795));
#7366=AXIS2_PLACEMENT_3D('',#7363,#7364,#7365);
#7367=PLANE('',#7366);
#7368=ORIENTED_EDGE('',*,*,#5593,.T.);
#7369=ORIENTED_EDGE('',*,*,#4023,.F.);
#7370=ORIENTED_EDGE('',*,*,#5240,.F.);
#7371=CARTESIAN_POINT('',(-1.,4.156690665,-2.8747909));
#7372=DIRECTION('',(1.,0.,-0.));
#7373=VECTOR('',#7372,1.);
#7374=LINE('',#7371,#7373);
#7375=EDGE_CURVE('',#5228,#5588,#7374,.T.);
#7376=ORIENTED_EDGE('',*,*,#7375,.T.);
#7377=EDGE_LOOP('',(#7368,#7369,#7370,#7376));
#7378=FACE_BOUND('',#7377,.T.);
#7379=ADVANCED_FACE('',(#7378),#7367,.F.);
#7380=CARTESIAN_POINT('',(-1.,4.263856024,-2.705925315));
#7381=DIRECTION('',(1.,0.,0.));
#7382=DIRECTION('',(0.,-0.844327926,0.535826795));
#7383=AXIS2_PLACEMENT_3D('',#7380,#7381,#7382);
#7384=CYLINDRICAL_SURFACE('',#7383,0.2);
#7385=ORIENTED_EDGE('',*,*,#5602,.T.);
#7386=ORIENTED_EDGE('',*,*,#7375,.F.);
#7387=ORIENTED_EDGE('',*,*,#5234,.F.);
#7388=CARTESIAN_POINT('',(-1.,4.371021383,-2.53705973));
#7389=DIRECTION('',(1.,0.,-0.));
#7390=VECTOR('',#7389,1.);
#7391=LINE('',#7388,#7390);
#7392=EDGE_CURVE('',#5220,#5596,#7391,.T.);
#7393=ORIENTED_EDGE('',*,*,#7392,.T.);
#7394=EDGE_LOOP('',(#7385,#7386,#7387,#7393));
#7395=FACE_BOUND('',#7394,.T.);
#7396=ADVANCED_FACE('',(#7395),#7384,.T.);
#7397=CARTESIAN_POINT('',(-1.,4.371021383,-2.53705973));
#7398=DIRECTION('',(0.,-0.535826795,-0.844327926));
#7399=DIRECTION('',(0.,0.844327926,-0.535826795));
#7400=AXIS2_PLACEMENT_3D('',#7397,#7398,#7399);
#7401=PLANE('',#7400);
#7402=ORIENTED_EDGE('',*,*,#5608,.T.);
#7403=ORIENTED_EDGE('',*,*,#7392,.F.);
#7404=ORIENTED_EDGE('',*,*,#5225,.F.);
#7405=ORIENTED_EDGE('',*,*,#3996,.T.);
#7406=EDGE_LOOP('',(#7402,#7403,#7404,#7405));
#7407=FACE_BOUND('',#7406,.T.);
#7408=ADVANCED_FACE('',(#7407),#7401,.F.);
#7409=CARTESIAN_POINT('',(-1.,4.435358647,-2.308158069));
#7410=DIRECTION('',(0.,0.425779292,0.904827052));
#7411=DIRECTION('',(0.,-0.904827052,0.425779292));
#7412=AXIS2_PLACEMENT_3D('',#7409,#7410,#7411);
#7413=PLANE('',#7412);
#7414=ORIENTED_EDGE('',*,*,#5617,.T.);
#7415=ORIENTED_EDGE('',*,*,#3981,.F.);
#7416=ORIENTED_EDGE('',*,*,#5216,.F.);
#7417=CARTESIAN_POINT('',(-1.,4.484220757,-2.331150833));
#7418=DIRECTION('',(1.,0.,-0.));
#7419=VECTOR('',#7418,1.);
#7420=LINE('',#7417,#7419);
#7421=EDGE_CURVE('',#5204,#5612,#7420,.T.);
#7422=ORIENTED_EDGE('',*,*,#7421,.T.);
#7423=EDGE_LOOP('',(#7414,#7415,#7416,#7422));
#7424=FACE_BOUND('',#7423,.T.);
#7425=ADVANCED_FACE('',(#7424),#7413,.F.);
#7426=CARTESIAN_POINT('',(-1.,4.569376615,-2.150185422));
#7427=DIRECTION('',(1.,0.,0.));
#7428=DIRECTION('',(0.,-0.904827052,0.425779292));
#7429=AXIS2_PLACEMENT_3D('',#7426,#7427,#7428);
#7430=CYLINDRICAL_SURFACE('',#7429,0.2);
#7431=ORIENTED_EDGE('',*,*,#5626,.T.);
#7432=ORIENTED_EDGE('',*,*,#7421,.F.);
#7433=ORIENTED_EDGE('',*,*,#5210,.F.);
#7434=CARTESIAN_POINT('',(-1.,4.654532473,-1.969220012));
#7435=DIRECTION('',(1.,0.,-0.));
#7436=VECTOR('',#7435,1.);
#7437=LINE('',#7434,#7436);
#7438=EDGE_CURVE('',#5196,#5620,#7437,.T.);
#7439=ORIENTED_EDGE('',*,*,#7438,.T.);
#7440=EDGE_LOOP('',(#7431,#7432,#7433,#7439));
#7441=FACE_BOUND('',#7440,.T.);
#7442=ADVANCED_FACE('',(#7441),#7430,.T.);
#7443=CARTESIAN_POINT('',(-1.,4.654532473,-1.969220012));
#7444=DIRECTION('',(0.,-0.425779292,-0.904827052));
#7445=DIRECTION('',(0.,0.904827052,-0.425779292));
#7446=AXIS2_PLACEMENT_3D('',#7443,#7444,#7445);
#7447=PLANE('',#7446);
#7448=ORIENTED_EDGE('',*,*,#5632,.T.);
#7449=ORIENTED_EDGE('',*,*,#7438,.F.);
#7450=ORIENTED_EDGE('',*,*,#5201,.F.);
#7451=ORIENTED_EDGE('',*,*,#3954,.T.);
#7452=EDGE_LOOP('',(#7448,#7449,#7450,#7451));
#7453=FACE_BOUND('',#7452,.T.);
#7454=ADVANCED_FACE('',(#7453),#7447,.F.);
#7455=CARTESIAN_POINT('',(-1.,4.689673434,-1.734059712));
#7456=DIRECTION('',(0.,0.309016994,0.951056516));
#7457=DIRECTION('',(0.,-0.951056516,0.309016994));
#7458=AXIS2_PLACEMENT_3D('',#7455,#7456,#7457);
#7459=PLANE('',#7458);
#7460=ORIENTED_EDGE('',*,*,#5641,.T.);
#7461=ORIENTED_EDGE('',*,*,#3939,.F.);
#7462=ORIENTED_EDGE('',*,*,#5192,.F.);
#7463=CARTESIAN_POINT('',(-1.,4.741032008,-1.750747125));
#7464=DIRECTION('',(1.,0.,-0.));
#7465=VECTOR('',#7464,1.);
#7466=LINE('',#7463,#7465);
#7467=EDGE_CURVE('',#5180,#5636,#7466,.T.);
#7468=ORIENTED_EDGE('',*,*,#7467,.T.);
#7469=EDGE_LOOP('',(#7460,#7461,#7462,#7468));
#7470=FACE_BOUND('',#7469,.T.);
#7471=ADVANCED_FACE('',(#7470),#7459,.F.);
#7472=CARTESIAN_POINT('',(-1.,4.802835407,-1.560535822));
#7473=DIRECTION('',(1.,0.,0.));
#7474=DIRECTION('',(0.,-0.951056516,0.309016994));
#7475=AXIS2_PLACEMENT_3D('',#7472,#7473,#7474);
#7476=CYLINDRICAL_SURFACE('',#7475,0.2);
#7477=ORIENTED_EDGE('',*,*,#5650,.T.);
#7478=ORIENTED_EDGE('',*,*,#7467,.F.);
#7479=ORIENTED_EDGE('',*,*,#5186,.F.);
#7480=CARTESIAN_POINT('',(-1.,4.864638806,-1.370324518));
#7481=DIRECTION('',(1.,0.,-0.));
#7482=VECTOR('',#7481,1.);
#7483=LINE('',#7480,#7482);
#7484=EDGE_CURVE('',#5172,#5644,#7483,.T.);
#7485=ORIENTED_EDGE('',*,*,#7484,.T.);
#7486=EDGE_LOOP('',(#7477,#7478,#7479,#7485));
#7487=FACE_BOUND('',#7486,.T.);
#7488=ADVANCED_FACE('',(#7487),#7476,.T.);
#7489=CARTESIAN_POINT('',(-1.,4.864638806,-1.370324518));
#7490=DIRECTION('',(0.,-0.309016994,-0.951056516));
#7491=DIRECTION('',(0.,0.951056516,-0.309016994));
#7492=AXIS2_PLACEMENT_3D('',#7489,#7490,#7491);
#7493=PLANE('',#7492);
#7494=ORIENTED_EDGE('',*,*,#5656,.T.);
#7495=ORIENTED_EDGE('',*,*,#7484,.F.);
#7496=ORIENTED_EDGE('',*,*,#5177,.F.);
#7497=ORIENTED_EDGE('',*,*,#3912,.T.);
#7498=EDGE_LOOP('',(#7494,#7495,#7496,#7497));
#7499=FACE_BOUND('',#7498,.T.);
#7500=ADVANCED_FACE('',(#7499),#7493,.F.);
#7501=CARTESIAN_POINT('',(-1.,4.870029269,-1.132614198));
#7502=DIRECTION('',(0.,0.187381315,0.982287251));
#7503=DIRECTION('',(0.,-0.982287251,0.187381315));
#7504=AXIS2_PLACEMENT_3D('',#7501,#7502,#7503);
#7505=PLANE('',#7504);
#7506=ORIENTED_EDGE('',*,*,#5665,.T.);
#7507=ORIENTED_EDGE('',*,*,#3897,.F.);
#7508=ORIENTED_EDGE('',*,*,#5168,.F.);
#7509=CARTESIAN_POINT('',(-1.,4.923074353,-1.142733089));
#7510=DIRECTION('',(1.,0.,-0.));
#7511=VECTOR('',#7510,1.);
#7512=LINE('',#7509,#7511);
#7513=EDGE_CURVE('',#5156,#5660,#7512,.T.);
#7514=ORIENTED_EDGE('',*,*,#7513,.T.);
#7515=EDGE_LOOP('',(#7506,#7507,#7508,#7514));
#7516=FACE_BOUND('',#7515,.T.);
#7517=ADVANCED_FACE('',(#7516),#7505,.F.);
#7518=CARTESIAN_POINT('',(-1.,4.960550616,-0.946275639));
#7519=DIRECTION('',(1.,0.,0.));
#7520=DIRECTION('',(0.,-0.982287251,0.187381315));
#7521=AXIS2_PLACEMENT_3D('',#7518,#7519,#7520);
#7522=CYLINDRICAL_SURFACE('',#7521,0.2);
#7523=ORIENTED_EDGE('',*,*,#5674,.T.);
#7524=ORIENTED_EDGE('',*,*,#7513,.F.);
#7525=ORIENTED_EDGE('',*,*,#5162,.F.);
#7526=CARTESIAN_POINT('',(-1.,4.998026879,-0.749818189));
#7527=DIRECTION('',(1.,0.,-0.));
#7528=VECTOR('',#7527,1.);
#7529=LINE('',#7526,#7528);
#7530=EDGE_CURVE('',#5148,#5668,#7529,.T.);
#7531=ORIENTED_EDGE('',*,*,#7530,.T.);
#7532=EDGE_LOOP('',(#7523,#7524,#7525,#7531));
#7533=FACE_BOUND('',#7532,.T.);
#7534=ADVANCED_FACE('',(#7533),#7522,.T.);
#7535=CARTESIAN_POINT('',(-1.,4.998026879,-0.749818189));
#7536=DIRECTION('',(0.,-0.187381315,-0.982287251));
#7537=DIRECTION('',(0.,0.982287251,-0.187381315));
#7538=AXIS2_PLACEMENT_3D('',#7535,#7536,#7537);
#7539=PLANE('',#7538);
#7540=ORIENTED_EDGE('',*,*,#5680,.T.);
#7541=ORIENTED_EDGE('',*,*,#7530,.F.);
#7542=ORIENTED_EDGE('',*,*,#5153,.F.);
#7543=ORIENTED_EDGE('',*,*,#3870,.T.);
#7544=EDGE_LOOP('',(#7540,#7541,#7542,#7543));
#7545=FACE_BOUND('',#7544,.T.);
#7546=ADVANCED_FACE('',(#7545),#7539,.F.);
#7547=CARTESIAN_POINT('',(-1.,4.973581833,-0.513306681));
#7548=DIRECTION('',(0.,0.06279052,0.998026728));
#7549=DIRECTION('',(0.,-0.998026728,0.06279052));
#7550=AXIS2_PLACEMENT_3D('',#7547,#7548,#7549);
#7551=PLANE('',#7550);
#7552=ORIENTED_EDGE('',*,*,#5689,.T.);
#7553=ORIENTED_EDGE('',*,*,#3855,.F.);
#7554=ORIENTED_EDGE('',*,*,#5144,.F.);
#7555=CARTESIAN_POINT('',(-1.,5.027476875,-0.516697469));
#7556=DIRECTION('',(1.,0.,-0.));
#7557=VECTOR('',#7556,1.);
#7558=LINE('',#7555,#7557);
#7559=EDGE_CURVE('',#5132,#5684,#7558,.T.);
#7560=ORIENTED_EDGE('',*,*,#7559,.T.);
#7561=EDGE_LOOP('',(#7552,#7553,#7554,#7560));
#7562=FACE_BOUND('',#7561,.T.);
#7563=ADVANCED_FACE('',(#7562),#7551,.F.);
#7564=CARTESIAN_POINT('',(-1.,5.040034979,-0.317092124));
#7565=DIRECTION('',(1.,0.,0.));
#7566=DIRECTION('',(0.,-0.998026728,0.06279052));
#7567=AXIS2_PLACEMENT_3D('',#7564,#7565,#7566);
#7568=CYLINDRICAL_SURFACE('',#7567,0.2);
#7569=ORIENTED_EDGE('',*,*,#5698,.T.);
#7570=ORIENTED_EDGE('',*,*,#7559,.F.);
#7571=ORIENTED_EDGE('',*,*,#5138,.F.);
#7572=CARTESIAN_POINT('',(-1.,5.052593082,-0.117486778));
#7573=DIRECTION('',(1.,0.,-0.));
#7574=VECTOR('',#7573,1.);
#7575=LINE('',#7572,#7574);
#7576=EDGE_CURVE('',#5124,#5692,#7575,.T.);
#7577=ORIENTED_EDGE('',*,*,#7576,.T.);
#7578=EDGE_LOOP('',(#7569,#7570,#7571,#7577));
#7579=FACE_BOUND('',#7578,.T.);
#7580=ADVANCED_FACE('',(#7579),#7568,.T.);
#7581=CARTESIAN_POINT('',(-1.,5.052593082,-0.117486778));
#7582=DIRECTION('',(0.,-0.06279052,-0.998026728));
#7583=DIRECTION('',(0.,0.998026728,-0.06279052));
#7584=AXIS2_PLACEMENT_3D('',#7581,#7582,#7583);
#7585=PLANE('',#7584);
#7586=ORIENTED_EDGE('',*,*,#5704,.T.);
#7587=ORIENTED_EDGE('',*,*,#7576,.F.);
#7588=ORIENTED_EDGE('',*,*,#5129,.F.);
#7589=ORIENTED_EDGE('',*,*,#3828,.T.);
#7590=EDGE_LOOP('',(#7586,#7587,#7588,#7589));
#7591=FACE_BOUND('',#7590,.T.);
#7592=ADVANCED_FACE('',(#7591),#7585,.F.);
#7593=CARTESIAN_POINT('',(-1.,4.998698041,0.114095989));
#7594=DIRECTION('',(0.,-0.06279052,0.998026728));
#7595=DIRECTION('',(0.,-0.998026728,-0.06279052));
#7596=AXIS2_PLACEMENT_3D('',#7593,#7594,#7595);
#7597=PLANE('',#7596);
#7598=ORIENTED_EDGE('',*,*,#5713,.T.);
#7599=ORIENTED_EDGE('',*,*,#3813,.F.);
#7600=ORIENTED_EDGE('',*,*,#5120,.F.);
#7601=CARTESIAN_POINT('',(-1.,5.052593082,0.117486778));
#7602=DIRECTION('',(1.,0.,-0.));
#7603=VECTOR('',#7602,1.);
#7604=LINE('',#7601,#7603);
#7605=EDGE_CURVE('',#5108,#5708,#7604,.T.);
#7606=ORIENTED_EDGE('',*,*,#7605,.T.);
#7607=EDGE_LOOP('',(#7598,#7599,#7600,#7606));
#7608=FACE_BOUND('',#7607,.T.);
#7609=ADVANCED_FACE('',(#7608),#7597,.F.);
#7610=CARTESIAN_POINT('',(-1.,5.040034979,0.317092124));
#7611=DIRECTION('',(1.,0.,0.));
#7612=DIRECTION('',(0.,-0.998026728,-0.06279052));
#7613=AXIS2_PLACEMENT_3D('',#7610,#7611,#7612);
#7614=CYLINDRICAL_SURFACE('',#7613,0.2);
#7615=ORIENTED_EDGE('',*,*,#5722,.T.);
#7616=ORIENTED_EDGE('',*,*,#7605,.F.);
#7617=ORIENTED_EDGE('',*,*,#5114,.F.);
#7618=CARTESIAN_POINT('',(-1.,5.027476875,0.516697469));
#7619=DIRECTION('',(1.,0.,-0.));
#7620=VECTOR('',#7619,1.);
#7621=LINE('',#7618,#7620);
#7622=EDGE_CURVE('',#5100,#5716,#7621,.T.);
#7623=ORIENTED_EDGE('',*,*,#7622,.T.);
#7624=EDGE_LOOP('',(#7615,#7616,#7617,#7623));
#7625=FACE_BOUND('',#7624,.T.);
#7626=ADVANCED_FACE('',(#7625),#7614,.T.);
#7627=CARTESIAN_POINT('',(-1.,5.027476875,0.516697469));
#7628=DIRECTION('',(0.,0.06279052,-0.998026728));
#7629=DIRECTION('',(0.,0.998026728,0.06279052));
#7630=AXIS2_PLACEMENT_3D('',#7627,#7628,#7629);
#7631=PLANE('',#7630);
#7632=ORIENTED_EDGE('',*,*,#5728,.T.);
#7633=ORIENTED_EDGE('',*,*,#7622,.F.);
#7634=ORIENTED_EDGE('',*,*,#5105,.F.);
#7635=ORIENTED_EDGE('',*,*,#3786,.T.);
#7636=EDGE_LOOP('',(#7632,#7633,#7634,#7635));
#7637=FACE_BOUND('',#7636,.T.);
#7638=ADVANCED_FACE('',(#7637),#7631,.F.);
#7639=CARTESIAN_POINT('',(-1.,4.944981795,0.739699297));
#7640=DIRECTION('',(0.,-0.187381315,0.982287251));
#7641=DIRECTION('',(0.,-0.982287251,-0.187381315));
#7642=AXIS2_PLACEMENT_3D('',#7639,#7640,#7641);
#7643=PLANE('',#7642);
#7644=ORIENTED_EDGE('',*,*,#5737,.T.);
#7645=ORIENTED_EDGE('',*,*,#3771,.F.);
#7646=ORIENTED_EDGE('',*,*,#5096,.F.);
#7647=CARTESIAN_POINT('',(-1.,4.998026879,0.749818189));
#7648=DIRECTION('',(1.,0.,-0.));
#7649=VECTOR('',#7648,1.);
#7650=LINE('',#7647,#7649);
#7651=EDGE_CURVE('',#5084,#5732,#7650,.T.);
#7652=ORIENTED_EDGE('',*,*,#7651,.T.);
#7653=EDGE_LOOP('',(#7644,#7645,#7646,#7652));
#7654=FACE_BOUND('',#7653,.T.);
#7655=ADVANCED_FACE('',(#7654),#7643,.F.);
#7656=CARTESIAN_POINT('',(-1.,4.960550616,0.946275639));
#7657=DIRECTION('',(1.,0.,0.));
#7658=DIRECTION('',(0.,-0.982287251,-0.187381315));
#7659=AXIS2_PLACEMENT_3D('',#7656,#7657,#7658);
#7660=CYLINDRICAL_SURFACE('',#7659,0.2);
#7661=ORIENTED_EDGE('',*,*,#5746,.T.);
#7662=ORIENTED_EDGE('',*,*,#7651,.F.);
#7663=ORIENTED_EDGE('',*,*,#5090,.F.);
#7664=CARTESIAN_POINT('',(-1.,4.923074353,1.142733089));
#7665=DIRECTION('',(1.,0.,-0.));
#7666=VECTOR('',#7665,1.);
#7667=LINE('',#7664,#7666);
#7668=EDGE_CURVE('',#5076,#5740,#7667,.T.);
#7669=ORIENTED_EDGE('',*,*,#7668,.T.);
#7670=EDGE_LOOP('',(#7661,#7662,#7663,#7669));
#7671=FACE_BOUND('',#7670,.T.);
#7672=ADVANCED_FACE('',(#7671),#7660,.T.);
#7673=CARTESIAN_POINT('',(-1.,4.923074353,1.142733089));
#7674=DIRECTION('',(0.,0.187381315,-0.982287251));
#7675=DIRECTION('',(0.,0.982287251,0.187381315));
#7676=AXIS2_PLACEMENT_3D('',#7673,#7674,#7675);
#7677=PLANE('',#7676);
#7678=ORIENTED_EDGE('',*,*,#5752,.T.);
#7679=ORIENTED_EDGE('',*,*,#7668,.F.);
#7680=ORIENTED_EDGE('',*,*,#5081,.F.);
#7681=ORIENTED_EDGE('',*,*,#3744,.T.);
#7682=EDGE_LOOP('',(#7678,#7679,#7680,#7681));
#7683=FACE_BOUND('',#7682,.T.);
#7684=ADVANCED_FACE('',(#7683),#7677,.F.);
#7685=CARTESIAN_POINT('',(-1.,4.813280231,1.353637106));
#7686=DIRECTION('',(0.,-0.309016994,0.951056516));
#7687=DIRECTION('',(0.,-0.951056516,-0.309016994));
#7688=AXIS2_PLACEMENT_3D('',#7685,#7686,#7687);
#7689=PLANE('',#7688);
#7690=ORIENTED_EDGE('',*,*,#5761,.T.);
#7691=ORIENTED_EDGE('',*,*,#3729,.F.);
#7692=ORIENTED_EDGE('',*,*,#5072,.F.);
#7693=CARTESIAN_POINT('',(-1.,4.864638806,1.370324518));
#7694=DIRECTION('',(1.,0.,-0.));
#7695=VECTOR('',#7694,1.);
#7696=LINE('',#7693,#7695);
#7697=EDGE_CURVE('',#5060,#5756,#7696,.T.);
#7698=ORIENTED_EDGE('',*,*,#7697,.T.);
#7699=EDGE_LOOP('',(#7690,#7691,#7692,#7698));
#7700=FACE_BOUND('',#7699,.T.);
#7701=ADVANCED_FACE('',(#7700),#7689,.F.);
#7702=CARTESIAN_POINT('',(-1.,4.802835407,1.560535822));
#7703=DIRECTION('',(1.,0.,0.));
#7704=DIRECTION('',(0.,-0.951056516,-0.309016994));
#7705=AXIS2_PLACEMENT_3D('',#7702,#7703,#7704);
#7706=CYLINDRICAL_SURFACE('',#7705,0.2);
#7707=ORIENTED_EDGE('',*,*,#5770,.T.);
#7708=ORIENTED_EDGE('',*,*,#7697,.F.);
#7709=ORIENTED_EDGE('',*,*,#5066,.F.);
#7710=CARTESIAN_POINT('',(-1.,4.741032008,1.750747125));
#7711=DIRECTION('',(1.,0.,-0.));
#7712=VECTOR('',#7711,1.);
#7713=LINE('',#7710,#7712);
#7714=EDGE_CURVE('',#5052,#5764,#7713,.T.);
#7715=ORIENTED_EDGE('',*,*,#7714,.T.);
#7716=EDGE_LOOP('',(#7707,#7708,#7709,#7715));
#7717=FACE_BOUND('',#7716,.T.);
#7718=ADVANCED_FACE('',(#7717),#7706,.T.);
#7719=CARTESIAN_POINT('',(-1.,4.741032008,1.750747125));
#7720=DIRECTION('',(0.,0.309016994,-0.951056516));
#7721=DIRECTION('',(0.,0.951056516,0.309016994));
#7722=AXIS2_PLACEMENT_3D('',#7719,#7720,#7721);
#7723=PLANE('',#7722);
#7724=ORIENTED_EDGE('',*,*,#5776,.T.);
#7725=ORIENTED_EDGE('',*,*,#7714,.F.);
#7726=ORIENTED_EDGE('',*,*,#5057,.F.);
#7727=ORIENTED_EDGE('',*,*,#3702,.T.);
#7728=EDGE_LOOP('',(#7724,#7725,#7726,#7727));
#7729=FACE_BOUND('',#7728,.T.);
#7730=ADVANCED_FACE('',(#7729),#7723,.F.);
#7731=CARTESIAN_POINT('',(-1.,4.605670364,1.946227248));
#7732=DIRECTION('',(0.,-0.425779292,0.904827052));
#7733=DIRECTION('',(0.,-0.904827052,-0.425779292));
#7734=AXIS2_PLACEMENT_3D('',#7731,#7732,#7733);
#7735=PLANE('',#7734);
#7736=ORIENTED_EDGE('',*,*,#5785,.T.);
#7737=ORIENTED_EDGE('',*,*,#3687,.F.);
#7738=ORIENTED_EDGE('',*,*,#5048,.F.);
#7739=CARTESIAN_POINT('',(-1.,4.654532473,1.969220012));
#7740=DIRECTION('',(1.,0.,-0.));
#7741=VECTOR('',#7740,1.);
#7742=LINE('',#7739,#7741);
#7743=EDGE_CURVE('',#5036,#5780,#7742,.T.);
#7744=ORIENTED_EDGE('',*,*,#7743,.T.);
#7745=EDGE_LOOP('',(#7736,#7737,#7738,#7744));
#7746=FACE_BOUND('',#7745,.T.);
#7747=ADVANCED_FACE('',(#7746),#7735,.F.);
#7748=CARTESIAN_POINT('',(-1.,4.569376615,2.150185422));
#7749=DIRECTION('',(1.,0.,0.));
#7750=DIRECTION('',(0.,-0.904827052,-0.425779292));
#7751=AXIS2_PLACEMENT_3D('',#7748,#7749,#7750);
#7752=CYLINDRICAL_SURFACE('',#7751,0.2);
#7753=ORIENTED_EDGE('',*,*,#5794,.T.);
#7754=ORIENTED_EDGE('',*,*,#7743,.F.);
#7755=ORIENTED_EDGE('',*,*,#5042,.F.);
#7756=CARTESIAN_POINT('',(-1.,4.484220757,2.331150833));
#7757=DIRECTION('',(1.,0.,-0.));
#7758=VECTOR('',#7757,1.);
#7759=LINE('',#7756,#7758);
#7760=EDGE_CURVE('',#5028,#5788,#7759,.T.);
#7761=ORIENTED_EDGE('',*,*,#7760,.T.);
#7762=EDGE_LOOP('',(#7753,#7754,#7755,#7761));
#7763=FACE_BOUND('',#7762,.T.);
#7764=ADVANCED_FACE('',(#7763),#7752,.T.);
#7765=CARTESIAN_POINT('',(-1.,4.484220757,2.331150833));
#7766=DIRECTION('',(0.,0.425779292,-0.904827052));
#7767=DIRECTION('',(0.,0.904827052,0.425779292));
#7768=AXIS2_PLACEMENT_3D('',#7765,#7766,#7767);
#7769=PLANE('',#7768);
#7770=ORIENTED_EDGE('',*,*,#5800,.T.);
#7771=ORIENTED_EDGE('',*,*,#7760,.F.);
#7772=ORIENTED_EDGE('',*,*,#5033,.F.);
#7773=ORIENTED_EDGE('',*,*,#3660,.T.);
#7774=EDGE_LOOP('',(#7770,#7771,#7772,#7773));
#7775=FACE_BOUND('',#7774,.T.);
#7776=ADVANCED_FACE('',(#7775),#7769,.F.);
#7777=CARTESIAN_POINT('',(-1.,4.325426323,2.508124225));
#7778=DIRECTION('',(0.,-0.535826795,0.844327926));
#7779=DIRECTION('',(0.,-0.844327926,-0.535826795));
#7780=AXIS2_PLACEMENT_3D('',#7777,#7778,#7779);
#7781=PLANE('',#7780);
#7782=ORIENTED_EDGE('',*,*,#5809,.T.);
#7783=ORIENTED_EDGE('',*,*,#3645,.F.);
#7784=ORIENTED_EDGE('',*,*,#5024,.F.);
#7785=CARTESIAN_POINT('',(-1.,4.371021383,2.53705973));
#7786=DIRECTION('',(1.,0.,-0.));
#7787=VECTOR('',#7786,1.);
#7788=LINE('',#7785,#7787);
#7789=EDGE_CURVE('',#5012,#5804,#7788,.T.);
#7790=ORIENTED_EDGE('',*,*,#7789,.T.);
#7791=EDGE_LOOP('',(#7782,#7783,#7784,#7790));
#7792=FACE_BOUND('',#7791,.T.);
#7793=ADVANCED_FACE('',(#7792),#7781,.F.);
#7794=CARTESIAN_POINT('',(-1.,4.263856024,2.705925315));
#7795=DIRECTION('',(1.,0.,0.));
#7796=DIRECTION('',(0.,-0.844327926,-0.535826795));
#7797=AXIS2_PLACEMENT_3D('',#7794,#7795,#7796);
#7798=CYLINDRICAL_SURFACE('',#7797,0.2);
#7799=ORIENTED_EDGE('',*,*,#5818,.T.);
#7800=ORIENTED_EDGE('',*,*,#7789,.F.);
#7801=ORIENTED_EDGE('',*,*,#5018,.F.);
#7802=CARTESIAN_POINT('',(-1.,4.156690665,2.8747909));
#7803=DIRECTION('',(1.,0.,-0.));
#7804=VECTOR('',#7803,1.);
#7805=LINE('',#7802,#7804);
#7806=EDGE_CURVE('',#5004,#5812,#7805,.T.);
#7807=ORIENTED_EDGE('',*,*,#7806,.T.);
#7808=EDGE_LOOP('',(#7799,#7800,#7801,#7807));
#7809=FACE_BOUND('',#7808,.T.);
#7810=ADVANCED_FACE('',(#7809),#7798,.T.);
#7811=CARTESIAN_POINT('',(-1.,4.156690665,2.8747909));
#7812=DIRECTION('',(0.,0.535826795,-0.844327926));
#7813=DIRECTION('',(0.,0.844327926,0.535826795));
#7814=AXIS2_PLACEMENT_3D('',#7811,#7812,#7813);
#7815=PLANE('',#7814);
#7816=ORIENTED_EDGE('',*,*,#5824,.T.);
#7817=ORIENTED_EDGE('',*,*,#7806,.F.);
#7818=ORIENTED_EDGE('',*,*,#5009,.F.);
#7819=ORIENTED_EDGE('',*,*,#3618,.T.);
#7820=EDGE_LOOP('',(#7816,#7817,#7818,#7819));
#7821=FACE_BOUND('',#7820,.T.);
#7822=ADVANCED_FACE('',(#7821),#7815,.F.);
#7823=CARTESIAN_POINT('',(-1.,3.976967725,3.030466584));
#7824=DIRECTION('',(0.,-0.63742399,0.770513243));
#7825=DIRECTION('',(0.,-0.770513243,-0.63742399));
#7826=AXIS2_PLACEMENT_3D('',#7823,#7824,#7825);
#7827=PLANE('',#7826);
#7828=ORIENTED_EDGE('',*,*,#5833,.T.);
#7829=ORIENTED_EDGE('',*,*,#3603,.F.);
#7830=ORIENTED_EDGE('',*,*,#5000,.F.);
#7831=CARTESIAN_POINT('',(-1.,4.018576674,3.0648885));
#7832=DIRECTION('',(1.,0.,-0.));
#7833=VECTOR('',#7832,1.);
#7834=LINE('',#7831,#7833);
#7835=EDGE_CURVE('',#4988,#5828,#7834,.T.);
#7836=ORIENTED_EDGE('',*,*,#7835,.T.);
#7837=EDGE_LOOP('',(#7828,#7829,#7830,#7836));
#7838=FACE_BOUND('',#7837,.T.);
#7839=ADVANCED_FACE('',(#7838),#7827,.F.);
#7840=CARTESIAN_POINT('',(-1.,3.891091876,3.218991148));
#7841=DIRECTION('',(1.,0.,0.));
#7842=DIRECTION('',(0.,-0.770513243,-0.63742399));
#7843=AXIS2_PLACEMENT_3D('',#7840,#7841,#7842);
#7844=CYLINDRICAL_SURFACE('',#7843,0.2);
#7845=ORIENTED_EDGE('',*,*,#5842,.T.);
#7846=ORIENTED_EDGE('',*,*,#7835,.F.);
#7847=ORIENTED_EDGE('',*,*,#4994,.F.);
#7848=CARTESIAN_POINT('',(-1.,3.763607078,3.373093797));
#7849=DIRECTION('',(1.,0.,-0.));
#7850=VECTOR('',#7849,1.);
#7851=LINE('',#7848,#7850);
#7852=EDGE_CURVE('',#4980,#5836,#7851,.T.);
#7853=ORIENTED_EDGE('',*,*,#7852,.T.);
#7854=EDGE_LOOP('',(#7845,#7846,#7847,#7853));
#7855=FACE_BOUND('',#7854,.T.);
#7856=ADVANCED_FACE('',(#7855),#7844,.T.);
#7857=CARTESIAN_POINT('',(-1.,3.763607078,3.373093797));
#7858=DIRECTION('',(0.,0.63742399,-0.770513243));
#7859=DIRECTION('',(0.,0.770513243,0.63742399));
#7860=AXIS2_PLACEMENT_3D('',#7857,#7858,#7859);
#7861=PLANE('',#7860);
#7862=ORIENTED_EDGE('',*,*,#5848,.T.);
#7863=ORIENTED_EDGE('',*,*,#7852,.F.);
#7864=ORIENTED_EDGE('',*,*,#4985,.F.);
#7865=ORIENTED_EDGE('',*,*,#3576,.T.);
#7866=EDGE_LOOP('',(#7862,#7863,#7864,#7865));
#7867=FACE_BOUND('',#7866,.T.);
#7868=ADVANCED_FACE('',(#7867),#7861,.F.);
#7869=CARTESIAN_POINT('',(-1.,3.565789971,3.505016674));
#7870=DIRECTION('',(0.,-0.728968627,0.684547106));
#7871=DIRECTION('',(0.,-0.684547106,-0.728968627));
#7872=AXIS2_PLACEMENT_3D('',#7869,#7870,#7871);
#7873=PLANE('',#7872);
#7874=ORIENTED_EDGE('',*,*,#5857,.T.);
#7875=ORIENTED_EDGE('',*,*,#3561,.F.);
#7876=ORIENTED_EDGE('',*,*,#4976,.F.);
#7877=CARTESIAN_POINT('',(-1.,3.60275661,3.544382147));
#7878=DIRECTION('',(1.,0.,-0.));
#7879=VECTOR('',#7878,1.);
#7880=LINE('',#7877,#7879);
#7881=EDGE_CURVE('',#4964,#5852,#7880,.T.);
#7882=ORIENTED_EDGE('',*,*,#7881,.T.);
#7883=EDGE_LOOP('',(#7874,#7875,#7876,#7882));
#7884=FACE_BOUND('',#7883,.T.);
#7885=ADVANCED_FACE('',(#7884),#7873,.F.);
#7886=CARTESIAN_POINT('',(-1.,3.456962885,3.681291568));
#7887=DIRECTION('',(1.,0.,0.));
#7888=DIRECTION('',(0.,-0.684547106,-0.728968627));
#7889=AXIS2_PLACEMENT_3D('',#7886,#7887,#7888);
#7890=CYLINDRICAL_SURFACE('',#7889,0.2);
#7891=ORIENTED_EDGE('',*,*,#5866,.T.);
#7892=ORIENTED_EDGE('',*,*,#7881,.F.);
#7893=ORIENTED_EDGE('',*,*,#4970,.F.);
#7894=CARTESIAN_POINT('',(-1.,3.311169159,3.81820099));
#7895=DIRECTION('',(1.,0.,-0.));
#7896=VECTOR('',#7895,1.);
#7897=LINE('',#7894,#7896);
#7898=EDGE_CURVE('',#4956,#5860,#7897,.T.);
#7899=ORIENTED_EDGE('',*,*,#7898,.T.);
#7900=EDGE_LOOP('',(#7891,#7892,#7893,#7899));
#7901=FACE_BOUND('',#7900,.T.);
#7902=ADVANCED_FACE('',(#7901),#7890,.T.);
#7903=CARTESIAN_POINT('',(-1.,3.311169159,3.81820099));
#7904=DIRECTION('',(0.,0.728968627,-0.684547106));
#7905=DIRECTION('',(0.,0.684547106,0.728968627));
#7906=AXIS2_PLACEMENT_3D('',#7903,#7904,#7905);
#7907=PLANE('',#7906);
#7908=ORIENTED_EDGE('',*,*,#5872,.T.);
#7909=ORIENTED_EDGE('',*,*,#7898,.F.);
#7910=ORIENTED_EDGE('',*,*,#4961,.F.);
#7911=ORIENTED_EDGE('',*,*,#3534,.T.);
#7912=EDGE_LOOP('',(#7908,#7909,#7910,#7911));
#7913=FACE_BOUND('',#7912,.T.);
#7914=ADVANCED_FACE('',(#7913),#7907,.F.);
#7915=CARTESIAN_POINT('',(-1.,3.098377578,3.924290558));
#7916=DIRECTION('',(0.,-0.809016994,0.587785252));
#7917=DIRECTION('',(0.,-0.587785252,-0.809016994));
#7918=AXIS2_PLACEMENT_3D('',#7915,#7916,#7917);
#7919=PLANE('',#7918);
#7920=ORIENTED_EDGE('',*,*,#5881,.T.);
#7921=ORIENTED_EDGE('',*,*,#3519,.F.);
#7922=ORIENTED_EDGE('',*,*,#4952,.F.);
#7923=CARTESIAN_POINT('',(-1.,3.130118923,3.967978771));
#7924=DIRECTION('',(1.,0.,-0.));
#7925=VECTOR('',#7924,1.);
#7926=LINE('',#7923,#7925);
#7927=EDGE_CURVE('',#4940,#5876,#7926,.T.);
#7928=ORIENTED_EDGE('',*,*,#7927,.T.);
#7929=EDGE_LOOP('',(#7920,#7921,#7922,#7928));
#7930=FACE_BOUND('',#7929,.T.);
#7931=ADVANCED_FACE('',(#7930),#7919,.F.);
#7932=CARTESIAN_POINT('',(-1.,2.968315524,4.085535822));
#7933=DIRECTION('',(1.,0.,0.));
#7934=DIRECTION('',(0.,-0.587785252,-0.809016994));
#7935=AXIS2_PLACEMENT_3D('',#7932,#7933,#7934);
#7936=CYLINDRICAL_SURFACE('',#7935,0.2);
#7937=ORIENTED_EDGE('',*,*,#5890,.T.);
#7938=ORIENTED_EDGE('',*,*,#7927,.F.);
#7939=ORIENTED_EDGE('',*,*,#4946,.F.);
#7940=CARTESIAN_POINT('',(-1.,2.806512125,4.203092872));
#7941=DIRECTION('',(1.,0.,-0.));
#7942=VECTOR('',#7941,1.);
#7943=LINE('',#7940,#7942);
#7944=EDGE_CURVE('',#4932,#5884,#7943,.T.);
#7945=ORIENTED_EDGE('',*,*,#7944,.T.);
#7946=EDGE_LOOP('',(#7937,#7938,#7939,#7945));
#7947=FACE_BOUND('',#7946,.T.);
#7948=ADVANCED_FACE('',(#7947),#7936,.T.);
#7949=CARTESIAN_POINT('',(-1.,2.806512125,4.203092872));
#7950=DIRECTION('',(0.,0.809016994,-0.587785252));
#7951=DIRECTION('',(0.,0.587785252,0.809016994));
#7952=AXIS2_PLACEMENT_3D('',#7949,#7950,#7951);
#7953=PLANE('',#7952);
#7954=ORIENTED_EDGE('',*,*,#5896,.T.);
#7955=ORIENTED_EDGE('',*,*,#7944,.F.);
#7956=ORIENTED_EDGE('',*,*,#4937,.F.);
#7957=ORIENTED_EDGE('',*,*,#3492,.T.);
#7958=EDGE_LOOP('',(#7954,#7955,#7956,#7957));
#7959=FACE_BOUND('',#7958,.T.);
#7960=ADVANCED_FACE('',(#7959),#7953,.F.);
#7961=CARTESIAN_POINT('',(-1.,2.58210192,4.281676035));
#7962=DIRECTION('',(0.,-0.87630668,0.481753674));
#7963=DIRECTION('',(0.,-0.481753674,-0.87630668));
#7964=AXIS2_PLACEMENT_3D('',#7961,#7962,#7963);
#7965=PLANE('',#7964);
#7966=ORIENTED_EDGE('',*,*,#5905,.T.);
#7967=ORIENTED_EDGE('',*,*,#3477,.F.);
#7968=ORIENTED_EDGE('',*,*,#4928,.F.);
#7969=CARTESIAN_POINT('',(-1.,2.60811739,4.328997999));
#7970=DIRECTION('',(1.,0.,-0.));
#7971=VECTOR('',#7970,1.);
#7972=LINE('',#7969,#7971);
#7973=EDGE_CURVE('',#4916,#5900,#7972,.T.);
#7974=ORIENTED_EDGE('',*,*,#7973,.T.);
#7975=EDGE_LOOP('',(#7966,#7967,#7968,#7974));
#7976=FACE_BOUND('',#7975,.T.);
#7977=ADVANCED_FACE('',(#7976),#7965,.F.);
#7978=CARTESIAN_POINT('',(-1.,2.432856054,4.425348734));
#7979=DIRECTION('',(1.,0.,0.));
#7980=DIRECTION('',(0.,-0.481753674,-0.87630668));
#7981=AXIS2_PLACEMENT_3D('',#7978,#7979,#7980);
#7982=CYLINDRICAL_SURFACE('',#7981,0.2);
#7983=ORIENTED_EDGE('',*,*,#5914,.T.);
#7984=ORIENTED_EDGE('',*,*,#7973,.F.);
#7985=ORIENTED_EDGE('',*,*,#4922,.F.);
#7986=CARTESIAN_POINT('',(-1.,2.257594718,4.521699469));
#7987=DIRECTION('',(1.,0.,-0.));
#7988=VECTOR('',#7987,1.);
#7989=LINE('',#7986,#7988);
#7990=EDGE_CURVE('',#4908,#5908,#7989,.T.);
#7991=ORIENTED_EDGE('',*,*,#7990,.T.);
#7992=EDGE_LOOP('',(#7983,#7984,#7985,#7991));
#7993=FACE_BOUND('',#7992,.T.);
#7994=ADVANCED_FACE('',(#7993),#7982,.T.);
#7995=CARTESIAN_POINT('',(-1.,2.257594718,4.521699469));
#7996=DIRECTION('',(0.,0.87630668,-0.481753674));
#7997=DIRECTION('',(0.,0.481753674,0.87630668));
#7998=AXIS2_PLACEMENT_3D('',#7995,#7996,#7997);
#7999=PLANE('',#7998);
#8000=ORIENTED_EDGE('',*,*,#5920,.T.);
#8001=ORIENTED_EDGE('',*,*,#7990,.F.);
#8002=ORIENTED_EDGE('',*,*,#4913,.F.);
#8003=ORIENTED_EDGE('',*,*,#3450,.T.);
#8004=EDGE_LOOP('',(#8000,#8001,#8002,#8003));
#8005=FACE_BOUND('',#8004,.T.);
#8006=ADVANCED_FACE('',(#8005),#7999,.F.);
#8007=CARTESIAN_POINT('',(-1.,2.025104973,4.571536924));
#8008=DIRECTION('',(0.,-0.929776486,0.368124553));
#8009=DIRECTION('',(0.,-0.368124553,-0.929776486));
#8010=AXIS2_PLACEMENT_3D('',#8007,#8008,#8009);
#8011=PLANE('',#8010);
#8012=ORIENTED_EDGE('',*,*,#5929,.T.);
#8013=ORIENTED_EDGE('',*,*,#3435,.F.);
#8014=ORIENTED_EDGE('',*,*,#4904,.F.);
#8015=CARTESIAN_POINT('',(-1.,2.044984288,4.621746343));
#8016=DIRECTION('',(1.,0.,-0.));
#8017=VECTOR('',#8016,1.);
#8018=LINE('',#8015,#8017);
#8019=EDGE_CURVE('',#4892,#5924,#8018,.T.);
#8020=ORIENTED_EDGE('',*,*,#8019,.T.);
#8021=EDGE_LOOP('',(#8012,#8013,#8014,#8020));
#8022=FACE_BOUND('',#8021,.T.);
#8023=ADVANCED_FACE('',(#8022),#8011,.F.);
#8024=CARTESIAN_POINT('',(-1.,1.859028991,4.695371254));
#8025=DIRECTION('',(1.,0.,0.));
#8026=DIRECTION('',(0.,-0.368124553,-0.929776486));
#8027=AXIS2_PLACEMENT_3D('',#8024,#8025,#8026);
#8028=CYLINDRICAL_SURFACE('',#8027,0.2);
#8029=ORIENTED_EDGE('',*,*,#5938,.T.);
#8030=ORIENTED_EDGE('',*,*,#8019,.F.);
#8031=ORIENTED_EDGE('',*,*,#4898,.F.);
#8032=CARTESIAN_POINT('',(-1.,1.673073694,4.768996164));
#8033=DIRECTION('',(1.,0.,-0.));
#8034=VECTOR('',#8033,1.);
#8035=LINE('',#8032,#8034);
#8036=EDGE_CURVE('',#4884,#5932,#8035,.T.);
#8037=ORIENTED_EDGE('',*,*,#8036,.T.);
#8038=EDGE_LOOP('',(#8029,#8030,#8031,#8037));
#8039=FACE_BOUND('',#8038,.T.);
#8040=ADVANCED_FACE('',(#8039),#8028,.T.);
#8041=CARTESIAN_POINT('',(-1.,1.673073694,4.768996164));
#8042=DIRECTION('',(0.,0.929776486,-0.368124553));
#8043=DIRECTION('',(0.,0.368124553,0.929776486));
#8044=AXIS2_PLACEMENT_3D('',#8041,#8042,#8043);
#8045=PLANE('',#8044);
#8046=ORIENTED_EDGE('',*,*,#5944,.T.);
#8047=ORIENTED_EDGE('',*,*,#8036,.F.);
#8048=ORIENTED_EDGE('',*,*,#4889,.F.);
#8049=ORIENTED_EDGE('',*,*,#3366,.T.);
#8050=EDGE_LOOP('',(#8046,#8047,#8048,#8049));
#8051=FACE_BOUND('',#8050,.T.);
#8052=ADVANCED_FACE('',(#8051),#8045,.F.);
#8053=CARTESIAN_POINT('',(-1.,1.43617091,4.789301945));
#8054=DIRECTION('',(0.,-0.968583161,0.248689887));
#8055=DIRECTION('',(0.,-0.248689887,-0.968583161));
#8056=AXIS2_PLACEMENT_3D('',#8053,#8054,#8055);
#8057=PLANE('',#8056);
#8058=ORIENTED_EDGE('',*,*,#5953,.T.);
#8059=ORIENTED_EDGE('',*,*,#3351,.F.);
#8060=ORIENTED_EDGE('',*,*,#4880,.F.);
#8061=CARTESIAN_POINT('',(-1.,1.449600562,4.841606986));
#8062=DIRECTION('',(1.,0.,-0.));
#8063=VECTOR('',#8062,1.);
#8064=LINE('',#8061,#8063);
#8065=EDGE_CURVE('',#4868,#5948,#8064,.T.);
#8066=ORIENTED_EDGE('',*,*,#8065,.T.);
#8067=EDGE_LOOP('',(#8058,#8059,#8060,#8066));
#8068=FACE_BOUND('',#8067,.T.);
#8069=ADVANCED_FACE('',(#8068),#8057,.F.);
#8070=CARTESIAN_POINT('',(-1.,1.25588393,4.891344964));
#8071=DIRECTION('',(1.,0.,0.));
#8072=DIRECTION('',(0.,-0.248689887,-0.968583161));
#8073=AXIS2_PLACEMENT_3D('',#8070,#8071,#8072);
#8074=CYLINDRICAL_SURFACE('',#8073,0.2);
#8075=ORIENTED_EDGE('',*,*,#5962,.T.);
#8076=ORIENTED_EDGE('',*,*,#8065,.F.);
#8077=ORIENTED_EDGE('',*,*,#4874,.F.);
#8078=CARTESIAN_POINT('',(-1.,1.062167298,4.941082941));
#8079=DIRECTION('',(1.,0.,-0.));
#8080=VECTOR('',#8079,1.);
#8081=LINE('',#8078,#8080);
#8082=EDGE_CURVE('',#4860,#5956,#8081,.T.);
#8083=ORIENTED_EDGE('',*,*,#8082,.T.);
#8084=EDGE_LOOP('',(#8075,#8076,#8077,#8083));
#8085=FACE_BOUND('',#8084,.T.);
#8086=ADVANCED_FACE('',(#8085),#8074,.T.);
#8087=CARTESIAN_POINT('',(-1.,1.062167298,4.941082941));
#8088=DIRECTION('',(0.,0.968583161,-0.248689887));
#8089=DIRECTION('',(0.,0.248689887,0.968583161));
#8090=AXIS2_PLACEMENT_3D('',#8087,#8088,#8089);
#8091=PLANE('',#8090);
#8092=ORIENTED_EDGE('',*,*,#5968,.T.);
#8093=ORIENTED_EDGE('',*,*,#8082,.F.);
#8094=ORIENTED_EDGE('',*,*,#4865,.F.);
#8095=ORIENTED_EDGE('',*,*,#3393,.T.);
#8096=EDGE_LOOP('',(#8092,#8093,#8094,#8095));
#8097=FACE_BOUND('',#8096,.T.);
#8098=ADVANCED_FACE('',(#8097),#8091,.F.);
#8099=CARTESIAN_POINT('',(-1.,1.653194379,-4.718786745));
#8100=DIRECTION('',(0.,0.929776486,0.368124553));
#8101=DIRECTION('',(0.,-0.368124553,0.929776486));
#8102=AXIS2_PLACEMENT_3D('',#8099,#8100,#8101);
#8103=PLANE('',#8102);
#8104=ORIENTED_EDGE('',*,*,#5473,.T.);
#8105=ORIENTED_EDGE('',*,*,#3267,.F.);
#8106=ORIENTED_EDGE('',*,*,#5360,.F.);
#8107=CARTESIAN_POINT('',(-1.,1.673073694,-4.768996164));
#8108=DIRECTION('',(1.,0.,-0.));
#8109=VECTOR('',#8108,1.);
#8110=LINE('',#8107,#8109);
#8111=EDGE_CURVE('',#5348,#5468,#8110,.T.);
#8112=ORIENTED_EDGE('',*,*,#8111,.T.);
#8113=EDGE_LOOP('',(#8104,#8105,#8106,#8112));
#8114=FACE_BOUND('',#8113,.T.);
#8115=ADVANCED_FACE('',(#8114),#8103,.F.);
#8116=CARTESIAN_POINT('',(-1.,1.859028991,-4.695371254));
#8117=DIRECTION('',(1.,0.,0.));
#8118=DIRECTION('',(0.,-0.368124553,0.929776486));
#8119=AXIS2_PLACEMENT_3D('',#8116,#8117,#8118);
#8120=CYLINDRICAL_SURFACE('',#8119,0.2);
#8121=ORIENTED_EDGE('',*,*,#5482,.T.);
#8122=ORIENTED_EDGE('',*,*,#8111,.F.);
#8123=ORIENTED_EDGE('',*,*,#5354,.F.);
#8124=CARTESIAN_POINT('',(-1.,2.044984288,-4.621746343));
#8125=DIRECTION('',(1.,0.,-0.));
#8126=VECTOR('',#8125,1.);
#8127=LINE('',#8124,#8126);
#8128=EDGE_CURVE('',#5340,#5476,#8127,.T.);
#8129=ORIENTED_EDGE('',*,*,#8128,.T.);
#8130=EDGE_LOOP('',(#8121,#8122,#8123,#8129));
#8131=FACE_BOUND('',#8130,.T.);
#8132=ADVANCED_FACE('',(#8131),#8120,.T.);
#8133=CARTESIAN_POINT('',(-1.,2.044984288,-4.621746343));
#8134=DIRECTION('',(0.,-0.929776486,-0.368124553));
#8135=DIRECTION('',(0.,0.368124553,-0.929776486));
#8136=AXIS2_PLACEMENT_3D('',#8133,#8134,#8135);
#8137=PLANE('',#8136);
#8138=ORIENTED_EDGE('',*,*,#5488,.T.);
#8139=ORIENTED_EDGE('',*,*,#8128,.F.);
#8140=ORIENTED_EDGE('',*,*,#5345,.F.);
#8141=ORIENTED_EDGE('',*,*,#3309,.T.);
#8142=EDGE_LOOP('',(#8138,#8139,#8140,#8141));
#8143=FACE_BOUND('',#8142,.T.);
#8144=ADVANCED_FACE('',(#8143),#8137,.F.);
#8145=CARTESIAN_POINT('',(-1.,0.427741694,-4.981670106));
#8146=DIRECTION('',(0.,0.992114701,0.125333234));
#8147=DIRECTION('',(0.,-0.125333234,0.992114701));
#8148=AXIS2_PLACEMENT_3D('',#8145,#8146,#8147);
#8149=PLANE('',#8148);
#8150=ORIENTED_EDGE('',*,*,#5425,.T.);
#8151=ORIENTED_EDGE('',*,*,#3198,.F.);
#8152=ORIENTED_EDGE('',*,*,#5408,.F.);
#8153=CARTESIAN_POINT('',(-1.,0.434509889,-5.035245888));
#8154=DIRECTION('',(1.,0.,-0.));
#8155=VECTOR('',#8154,1.);
#8156=LINE('',#8153,#8155);
#8157=EDGE_CURVE('',#5396,#5420,#8156,.T.);
#8158=ORIENTED_EDGE('',*,*,#8157,.T.);
#8159=EDGE_LOOP('',(#8150,#8151,#8152,#8158));
#8160=FACE_BOUND('',#8159,.T.);
#8161=ADVANCED_FACE('',(#8160),#8149,.F.);
#8162=CARTESIAN_POINT('',(-1.,0.632932829,-5.010179242));
#8163=DIRECTION('',(1.,0.,0.));
#8164=DIRECTION('',(0.,-0.125333234,0.992114701));
#8165=AXIS2_PLACEMENT_3D('',#8162,#8163,#8164);
#8166=CYLINDRICAL_SURFACE('',#8165,0.2);
#8167=ORIENTED_EDGE('',*,*,#5434,.T.);
#8168=ORIENTED_EDGE('',*,*,#8157,.F.);
#8169=ORIENTED_EDGE('',*,*,#5402,.F.);
#8170=CARTESIAN_POINT('',(-1.,0.83135577,-4.985112595));
#8171=DIRECTION('',(1.,0.,-0.));
#8172=VECTOR('',#8171,1.);
#8173=LINE('',#8170,#8172);
#8174=EDGE_CURVE('',#5388,#5428,#8173,.T.);
#8175=ORIENTED_EDGE('',*,*,#8174,.T.);
#8176=EDGE_LOOP('',(#8167,#8168,#8169,#8175));
#8177=FACE_BOUND('',#8176,.T.);
#8178=ADVANCED_FACE('',(#8177),#8166,.T.);
#8179=CARTESIAN_POINT('',(-1.,0.83135577,-4.985112595));
#8180=DIRECTION('',(0.,-0.992114701,-0.125333234));
#8181=DIRECTION('',(0.,0.125333234,-0.992114701));
#8182=AXIS2_PLACEMENT_3D('',#8179,#8180,#8181);
#8183=PLANE('',#8182);
#8184=ORIENTED_EDGE('',*,*,#5440,.T.);
#8185=ORIENTED_EDGE('',*,*,#8174,.F.);
#8186=ORIENTED_EDGE('',*,*,#5393,.F.);
#8187=ORIENTED_EDGE('',*,*,#3225,.T.);
#8188=EDGE_LOOP('',(#8184,#8185,#8186,#8187));
#8189=FACE_BOUND('',#8188,.T.);
#8190=ADVANCED_FACE('',(#8189),#8183,.F.);
#8191=CARTESIAN_POINT('',(-1.,-0.2,-4.995998399));
#8192=DIRECTION('',(0.,1.,0.));
#8193=DIRECTION('',(0.,-0.,1.));
#8194=AXIS2_PLACEMENT_3D('',#8191,#8192,#8193);
#8195=PLANE('',#8194);
#8196=ORIENTED_EDGE('',*,*,#6601,.T.);
#8197=ORIENTED_EDGE('',*,*,#3156,.F.);
#8198=ORIENTED_EDGE('',*,*,#4232,.F.);
#8199=CARTESIAN_POINT('',(-1.,-0.2,-5.05));
#8200=DIRECTION('',(1.,0.,-0.));
#8201=VECTOR('',#8200,1.);
#8202=LINE('',#8199,#8201);
#8203=EDGE_CURVE('',#4220,#6596,#8202,.T.);
#8204=ORIENTED_EDGE('',*,*,#8203,.T.);
#8205=EDGE_LOOP('',(#8196,#8197,#8198,#8204));
#8206=FACE_BOUND('',#8205,.T.);
#8207=ADVANCED_FACE('',(#8206),#8195,.F.);
#8208=CARTESIAN_POINT('',(-1.,0.,-5.05));
#8209=DIRECTION('',(1.,0.,0.));
#8210=DIRECTION('',(0.,-0.,1.));
#8211=AXIS2_PLACEMENT_3D('',#8208,#8209,#8210);
#8212=CYLINDRICAL_SURFACE('',#8211,0.2);
#8213=ORIENTED_EDGE('',*,*,#6610,.T.);
#8214=ORIENTED_EDGE('',*,*,#8203,.F.);
#8215=ORIENTED_EDGE('',*,*,#4226,.F.);
#8216=CARTESIAN_POINT('',(-1.,0.2,-5.05));
#8217=DIRECTION('',(1.,0.,-0.));
#8218=VECTOR('',#8217,1.);
#8219=LINE('',#8216,#8218);
#8220=EDGE_CURVE('',#4212,#6604,#8219,.T.);
#8221=ORIENTED_EDGE('',*,*,#8220,.T.);
#8222=EDGE_LOOP('',(#8213,#8214,#8215,#8221));
#8223=FACE_BOUND('',#8222,.T.);
#8224=ADVANCED_FACE('',(#8223),#8212,.T.);
#8225=CARTESIAN_POINT('',(-1.,0.2,-5.05));
#8226=DIRECTION('',(0.,-1.,-0.));
#8227=DIRECTION('',(0.,0.,-1.));
#8228=AXIS2_PLACEMENT_3D('',#8225,#8226,#8227);
#8229=PLANE('',#8228);
#8230=ORIENTED_EDGE('',*,*,#6616,.T.);
#8231=ORIENTED_EDGE('',*,*,#8220,.F.);
#8232=ORIENTED_EDGE('',*,*,#4217,.F.);
#8233=ORIENTED_EDGE('',*,*,#3183,.T.);
#8234=EDGE_LOOP('',(#8230,#8231,#8232,#8233));
#8235=FACE_BOUND('',#8234,.T.);
#8236=ADVANCED_FACE('',(#8235),#8229,.F.);
#8237=CARTESIAN_POINT('',(-1.,-0.824587574,-4.931536812));
#8238=DIRECTION('',(0.,0.992114701,-0.125333234));
#8239=DIRECTION('',(0.,0.125333234,0.992114701));
#8240=AXIS2_PLACEMENT_3D('',#8237,#8238,#8239);
#8241=PLANE('',#8240);
#8242=ORIENTED_EDGE('',*,*,#6577,.T.);
#8243=ORIENTED_EDGE('',*,*,#3114,.F.);
#8244=ORIENTED_EDGE('',*,*,#4256,.F.);
#8245=CARTESIAN_POINT('',(-1.,-0.83135577,-4.985112595));
#8246=DIRECTION('',(1.,0.,-0.));
#8247=VECTOR('',#8246,1.);
#8248=LINE('',#8245,#8247);
#8249=EDGE_CURVE('',#4244,#6572,#8248,.T.);
#8250=ORIENTED_EDGE('',*,*,#8249,.T.);
#8251=EDGE_LOOP('',(#8242,#8243,#8244,#8250));
#8252=FACE_BOUND('',#8251,.T.);
#8253=ADVANCED_FACE('',(#8252),#8241,.F.);
#8254=CARTESIAN_POINT('',(-1.,-0.632932829,-5.010179242));
#8255=DIRECTION('',(1.,0.,-0.));
#8256=DIRECTION('',(0.,0.125333234,0.992114701));
#8257=AXIS2_PLACEMENT_3D('',#8254,#8255,#8256);
#8258=CYLINDRICAL_SURFACE('',#8257,0.2);
#8259=ORIENTED_EDGE('',*,*,#6586,.T.);
#8260=ORIENTED_EDGE('',*,*,#8249,.F.);
#8261=ORIENTED_EDGE('',*,*,#4250,.F.);
#8262=CARTESIAN_POINT('',(-1.,-0.434509889,-5.035245888));
#8263=DIRECTION('',(1.,0.,-0.));
#8264=VECTOR('',#8263,1.);
#8265=LINE('',#8262,#8264);
#8266=EDGE_CURVE('',#4236,#6580,#8265,.T.);
#8267=ORIENTED_EDGE('',*,*,#8266,.T.);
#8268=EDGE_LOOP('',(#8259,#8260,#8261,#8267));
#8269=FACE_BOUND('',#8268,.T.);
#8270=ADVANCED_FACE('',(#8269),#8258,.T.);
#8271=CARTESIAN_POINT('',(-1.,-0.434509889,-5.035245888));
#8272=DIRECTION('',(0.,-0.992114701,0.125333234));
#8273=DIRECTION('',(0.,-0.125333234,-0.992114701));
#8274=AXIS2_PLACEMENT_3D('',#8271,#8272,#8273);
#8275=PLANE('',#8274);
#8276=ORIENTED_EDGE('',*,*,#6592,.T.);
#8277=ORIENTED_EDGE('',*,*,#8266,.F.);
#8278=ORIENTED_EDGE('',*,*,#4241,.F.);
#8279=ORIENTED_EDGE('',*,*,#3141,.T.);
#8280=EDGE_LOOP('',(#8276,#8277,#8278,#8279));
#8281=FACE_BOUND('',#8280,.T.);
#8282=ADVANCED_FACE('',(#8281),#8275,.F.);
#8283=CARTESIAN_POINT('',(-1.,-1.43617091,-4.789301945));
#8284=DIRECTION('',(0.,0.968583161,-0.248689887));
#8285=DIRECTION('',(0.,0.248689887,0.968583161));
#8286=AXIS2_PLACEMENT_3D('',#8283,#8284,#8285);
#8287=PLANE('',#8286);
#8288=ORIENTED_EDGE('',*,*,#6553,.T.);
#8289=ORIENTED_EDGE('',*,*,#3072,.F.);
#8290=ORIENTED_EDGE('',*,*,#4280,.F.);
#8291=CARTESIAN_POINT('',(-1.,-1.449600562,-4.841606986));
#8292=DIRECTION('',(1.,0.,-0.));
#8293=VECTOR('',#8292,1.);
#8294=LINE('',#8291,#8293);
#8295=EDGE_CURVE('',#4268,#6548,#8294,.T.);
#8296=ORIENTED_EDGE('',*,*,#8295,.T.);
#8297=EDGE_LOOP('',(#8288,#8289,#8290,#8296));
#8298=FACE_BOUND('',#8297,.T.);
#8299=ADVANCED_FACE('',(#8298),#8287,.F.);
#8300=CARTESIAN_POINT('',(-1.,-1.25588393,-4.891344964));
#8301=DIRECTION('',(1.,0.,-0.));
#8302=DIRECTION('',(0.,0.248689887,0.968583161));
#8303=AXIS2_PLACEMENT_3D('',#8300,#8301,#8302);
#8304=CYLINDRICAL_SURFACE('',#8303,0.2);
#8305=ORIENTED_EDGE('',*,*,#6562,.T.);
#8306=ORIENTED_EDGE('',*,*,#8295,.F.);
#8307=ORIENTED_EDGE('',*,*,#4274,.F.);
#8308=CARTESIAN_POINT('',(-1.,-1.062167298,-4.941082941));
#8309=DIRECTION('',(1.,0.,-0.));
#8310=VECTOR('',#8309,1.);
#8311=LINE('',#8308,#8310);
#8312=EDGE_CURVE('',#4260,#6556,#8311,.T.);
#8313=ORIENTED_EDGE('',*,*,#8312,.T.);
#8314=EDGE_LOOP('',(#8305,#8306,#8307,#8313));
#8315=FACE_BOUND('',#8314,.T.);
#8316=ADVANCED_FACE('',(#8315),#8304,.T.);
#8317=CARTESIAN_POINT('',(-1.,-1.062167298,-4.941082941));
#8318=DIRECTION('',(0.,-0.968583161,0.248689887));
#8319=DIRECTION('',(0.,-0.248689887,-0.968583161));
#8320=AXIS2_PLACEMENT_3D('',#8317,#8318,#8319);
#8321=PLANE('',#8320);
#8322=ORIENTED_EDGE('',*,*,#6568,.T.);
#8323=ORIENTED_EDGE('',*,*,#8312,.F.);
#8324=ORIENTED_EDGE('',*,*,#4265,.F.);
#8325=ORIENTED_EDGE('',*,*,#3099,.T.);
#8326=EDGE_LOOP('',(#8322,#8323,#8324,#8325));
#8327=FACE_BOUND('',#8326,.T.);
#8328=ADVANCED_FACE('',(#8327),#8321,.F.);
#8329=CARTESIAN_POINT('',(-1.,-2.025104973,-4.571536924));
#8330=DIRECTION('',(0.,0.929776486,-0.368124553));
#8331=DIRECTION('',(0.,0.368124553,0.929776486));
#8332=AXIS2_PLACEMENT_3D('',#8329,#8330,#8331);
#8333=PLANE('',#8332);
#8334=ORIENTED_EDGE('',*,*,#6529,.T.);
#8335=ORIENTED_EDGE('',*,*,#3030,.F.);
#8336=ORIENTED_EDGE('',*,*,#4304,.F.);
#8337=CARTESIAN_POINT('',(-1.,-2.044984288,-4.621746343));
#8338=DIRECTION('',(1.,0.,-0.));
#8339=VECTOR('',#8338,1.);
#8340=LINE('',#8337,#8339);
#8341=EDGE_CURVE('',#4292,#6524,#8340,.T.);
#8342=ORIENTED_EDGE('',*,*,#8341,.T.);
#8343=EDGE_LOOP('',(#8334,#8335,#8336,#8342));
#8344=FACE_BOUND('',#8343,.T.);
#8345=ADVANCED_FACE('',(#8344),#8333,.F.);
#8346=CARTESIAN_POINT('',(-1.,-1.859028991,-4.695371254));
#8347=DIRECTION('',(1.,0.,-0.));
#8348=DIRECTION('',(0.,0.368124553,0.929776486));
#8349=AXIS2_PLACEMENT_3D('',#8346,#8347,#8348);
#8350=CYLINDRICAL_SURFACE('',#8349,0.2);
#8351=ORIENTED_EDGE('',*,*,#6538,.T.);
#8352=ORIENTED_EDGE('',*,*,#8341,.F.);
#8353=ORIENTED_EDGE('',*,*,#4298,.F.);
#8354=CARTESIAN_POINT('',(-1.,-1.673073694,-4.768996164));
#8355=DIRECTION('',(1.,0.,-0.));
#8356=VECTOR('',#8355,1.);
#8357=LINE('',#8354,#8356);
#8358=EDGE_CURVE('',#4284,#6532,#8357,.T.);
#8359=ORIENTED_EDGE('',*,*,#8358,.T.);
#8360=EDGE_LOOP('',(#8351,#8352,#8353,#8359));
#8361=FACE_BOUND('',#8360,.T.);
#8362=ADVANCED_FACE('',(#8361),#8350,.T.);
#8363=CARTESIAN_POINT('',(-1.,-1.673073694,-4.768996164));
#8364=DIRECTION('',(0.,-0.929776486,0.368124553));
#8365=DIRECTION('',(0.,-0.368124553,-0.929776486));
#8366=AXIS2_PLACEMENT_3D('',#8363,#8364,#8365);
#8367=PLANE('',#8366);
#8368=ORIENTED_EDGE('',*,*,#6544,.T.);
#8369=ORIENTED_EDGE('',*,*,#8358,.F.);
#8370=ORIENTED_EDGE('',*,*,#4289,.F.);
#8371=ORIENTED_EDGE('',*,*,#3057,.T.);
#8372=EDGE_LOOP('',(#8368,#8369,#8370,#8371));
#8373=FACE_BOUND('',#8372,.T.);
#8374=ADVANCED_FACE('',(#8373),#8367,.F.);
#8375=CARTESIAN_POINT('',(-1.,-2.58210192,-4.281676035));
#8376=DIRECTION('',(0.,0.87630668,-0.481753674));
#8377=DIRECTION('',(0.,0.481753674,0.87630668));
#8378=AXIS2_PLACEMENT_3D('',#8375,#8376,#8377);
#8379=PLANE('',#8378);
#8380=ORIENTED_EDGE('',*,*,#6505,.T.);
#8381=ORIENTED_EDGE('',*,*,#2988,.F.);
#8382=ORIENTED_EDGE('',*,*,#4328,.F.);
#8383=CARTESIAN_POINT('',(-1.,-2.60811739,-4.328997999));
#8384=DIRECTION('',(1.,0.,-0.));
#8385=VECTOR('',#8384,1.);
#8386=LINE('',#8383,#8385);
#8387=EDGE_CURVE('',#4316,#6500,#8386,.T.);
#8388=ORIENTED_EDGE('',*,*,#8387,.T.);
#8389=EDGE_LOOP('',(#8380,#8381,#8382,#8388));
#8390=FACE_BOUND('',#8389,.T.);
#8391=ADVANCED_FACE('',(#8390),#8379,.F.);
#8392=CARTESIAN_POINT('',(-1.,-2.432856054,-4.425348734));
#8393=DIRECTION('',(1.,0.,-0.));
#8394=DIRECTION('',(0.,0.481753674,0.87630668));
#8395=AXIS2_PLACEMENT_3D('',#8392,#8393,#8394);
#8396=CYLINDRICAL_SURFACE('',#8395,0.2);
#8397=ORIENTED_EDGE('',*,*,#6514,.T.);
#8398=ORIENTED_EDGE('',*,*,#8387,.F.);
#8399=ORIENTED_EDGE('',*,*,#4322,.F.);
#8400=CARTESIAN_POINT('',(-1.,-2.257594718,-4.521699469));
#8401=DIRECTION('',(1.,0.,-0.));
#8402=VECTOR('',#8401,1.);
#8403=LINE('',#8400,#8402);
#8404=EDGE_CURVE('',#4308,#6508,#8403,.T.);
#8405=ORIENTED_EDGE('',*,*,#8404,.T.);
#8406=EDGE_LOOP('',(#8397,#8398,#8399,#8405));
#8407=FACE_BOUND('',#8406,.T.);
#8408=ADVANCED_FACE('',(#8407),#8396,.T.);
#8409=CARTESIAN_POINT('',(-1.,-2.257594718,-4.521699469));
#8410=DIRECTION('',(0.,-0.87630668,0.481753674));
#8411=DIRECTION('',(0.,-0.481753674,-0.87630668));
#8412=AXIS2_PLACEMENT_3D('',#8409,#8410,#8411);
#8413=PLANE('',#8412);
#8414=ORIENTED_EDGE('',*,*,#6520,.T.);
#8415=ORIENTED_EDGE('',*,*,#8404,.F.);
#8416=ORIENTED_EDGE('',*,*,#4313,.F.);
#8417=ORIENTED_EDGE('',*,*,#3015,.T.);
#8418=EDGE_LOOP('',(#8414,#8415,#8416,#8417));
#8419=FACE_BOUND('',#8418,.T.);
#8420=ADVANCED_FACE('',(#8419),#8413,.F.);
#8421=CARTESIAN_POINT('',(-1.,-3.098377578,-3.924290558));
#8422=DIRECTION('',(0.,0.809016994,-0.587785252));
#8423=DIRECTION('',(0.,0.587785252,0.809016994));
#8424=AXIS2_PLACEMENT_3D('',#8421,#8422,#8423);
#8425=PLANE('',#8424);
#8426=ORIENTED_EDGE('',*,*,#6481,.T.);
#8427=ORIENTED_EDGE('',*,*,#2946,.F.);
#8428=ORIENTED_EDGE('',*,*,#4352,.F.);
#8429=CARTESIAN_POINT('',(-1.,-3.130118923,-3.967978771));
#8430=DIRECTION('',(1.,0.,-0.));
#8431=VECTOR('',#8430,1.);
#8432=LINE('',#8429,#8431);
#8433=EDGE_CURVE('',#4340,#6476,#8432,.T.);
#8434=ORIENTED_EDGE('',*,*,#8433,.T.);
#8435=EDGE_LOOP('',(#8426,#8427,#8428,#8434));
#8436=FACE_BOUND('',#8435,.T.);
#8437=ADVANCED_FACE('',(#8436),#8425,.F.);
#8438=CARTESIAN_POINT('',(-1.,-2.968315524,-4.085535822));
#8439=DIRECTION('',(1.,0.,-0.));
#8440=DIRECTION('',(0.,0.587785252,0.809016994));
#8441=AXIS2_PLACEMENT_3D('',#8438,#8439,#8440);
#8442=CYLINDRICAL_SURFACE('',#8441,0.2);
#8443=ORIENTED_EDGE('',*,*,#6490,.T.);
#8444=ORIENTED_EDGE('',*,*,#8433,.F.);
#8445=ORIENTED_EDGE('',*,*,#4346,.F.);
#8446=CARTESIAN_POINT('',(-1.,-2.806512125,-4.203092872));
#8447=DIRECTION('',(1.,0.,-0.));
#8448=VECTOR('',#8447,1.);
#8449=LINE('',#8446,#8448);
#8450=EDGE_CURVE('',#4332,#6484,#8449,.T.);
#8451=ORIENTED_EDGE('',*,*,#8450,.T.);
#8452=EDGE_LOOP('',(#8443,#8444,#8445,#8451));
#8453=FACE_BOUND('',#8452,.T.);
#8454=ADVANCED_FACE('',(#8453),#8442,.T.);
#8455=CARTESIAN_POINT('',(-1.,-2.806512125,-4.203092872));
#8456=DIRECTION('',(0.,-0.809016994,0.587785252));
#8457=DIRECTION('',(0.,-0.587785252,-0.809016994));
#8458=AXIS2_PLACEMENT_3D('',#8455,#8456,#8457);
#8459=PLANE('',#8458);
#8460=ORIENTED_EDGE('',*,*,#6496,.T.);
#8461=ORIENTED_EDGE('',*,*,#8450,.F.);
#8462=ORIENTED_EDGE('',*,*,#4337,.F.);
#8463=ORIENTED_EDGE('',*,*,#2973,.T.);
#8464=EDGE_LOOP('',(#8460,#8461,#8462,#8463));
#8465=FACE_BOUND('',#8464,.T.);
#8466=ADVANCED_FACE('',(#8465),#8459,.F.);
#8467=CARTESIAN_POINT('',(-1.,-3.565789971,-3.505016674));
#8468=DIRECTION('',(0.,0.728968627,-0.684547106));
#8469=DIRECTION('',(0.,0.684547106,0.728968627));
#8470=AXIS2_PLACEMENT_3D('',#8467,#8468,#8469);
#8471=PLANE('',#8470);
#8472=ORIENTED_EDGE('',*,*,#6457,.T.);
#8473=ORIENTED_EDGE('',*,*,#2904,.F.);
#8474=ORIENTED_EDGE('',*,*,#4376,.F.);
#8475=CARTESIAN_POINT('',(-1.,-3.60275661,-3.544382147));
#8476=DIRECTION('',(1.,0.,-0.));
#8477=VECTOR('',#8476,1.);
#8478=LINE('',#8475,#8477);
#8479=EDGE_CURVE('',#4364,#6452,#8478,.T.);
#8480=ORIENTED_EDGE('',*,*,#8479,.T.);
#8481=EDGE_LOOP('',(#8472,#8473,#8474,#8480));
#8482=FACE_BOUND('',#8481,.T.);
#8483=ADVANCED_FACE('',(#8482),#8471,.F.);
#8484=CARTESIAN_POINT('',(-1.,-3.456962885,-3.681291568));
#8485=DIRECTION('',(1.,0.,-0.));
#8486=DIRECTION('',(0.,0.684547106,0.728968627));
#8487=AXIS2_PLACEMENT_3D('',#8484,#8485,#8486);
#8488=CYLINDRICAL_SURFACE('',#8487,0.2);
#8489=ORIENTED_EDGE('',*,*,#6466,.T.);
#8490=ORIENTED_EDGE('',*,*,#8479,.F.);
#8491=ORIENTED_EDGE('',*,*,#4370,.F.);
#8492=CARTESIAN_POINT('',(-1.,-3.311169159,-3.81820099));
#8493=DIRECTION('',(1.,0.,-0.));
#8494=VECTOR('',#8493,1.);
#8495=LINE('',#8492,#8494);
#8496=EDGE_CURVE('',#4356,#6460,#8495,.T.);
#8497=ORIENTED_EDGE('',*,*,#8496,.T.);
#8498=EDGE_LOOP('',(#8489,#8490,#8491,#8497));
#8499=FACE_BOUND('',#8498,.T.);
#8500=ADVANCED_FACE('',(#8499),#8488,.T.);
#8501=CARTESIAN_POINT('',(-1.,-3.311169159,-3.81820099));
#8502=DIRECTION('',(0.,-0.728968627,0.684547106));
#8503=DIRECTION('',(0.,-0.684547106,-0.728968627));
#8504=AXIS2_PLACEMENT_3D('',#8501,#8502,#8503);
#8505=PLANE('',#8504);
#8506=ORIENTED_EDGE('',*,*,#6472,.T.);
#8507=ORIENTED_EDGE('',*,*,#8496,.F.);
#8508=ORIENTED_EDGE('',*,*,#4361,.F.);
#8509=ORIENTED_EDGE('',*,*,#2931,.T.);
#8510=EDGE_LOOP('',(#8506,#8507,#8508,#8509));
#8511=FACE_BOUND('',#8510,.T.);
#8512=ADVANCED_FACE('',(#8511),#8505,.F.);
#8513=CARTESIAN_POINT('',(-1.,-3.976967725,-3.030466584));
#8514=DIRECTION('',(0.,0.63742399,-0.770513243));
#8515=DIRECTION('',(0.,0.770513243,0.63742399));
#8516=AXIS2_PLACEMENT_3D('',#8513,#8514,#8515);
#8517=PLANE('',#8516);
#8518=ORIENTED_EDGE('',*,*,#6433,.T.);
#8519=ORIENTED_EDGE('',*,*,#2862,.F.);
#8520=ORIENTED_EDGE('',*,*,#4400,.F.);
#8521=CARTESIAN_POINT('',(-1.,-4.018576674,-3.0648885));
#8522=DIRECTION('',(1.,0.,-0.));
#8523=VECTOR('',#8522,1.);
#8524=LINE('',#8521,#8523);
#8525=EDGE_CURVE('',#4388,#6428,#8524,.T.);
#8526=ORIENTED_EDGE('',*,*,#8525,.T.);
#8527=EDGE_LOOP('',(#8518,#8519,#8520,#8526));
#8528=FACE_BOUND('',#8527,.T.);
#8529=ADVANCED_FACE('',(#8528),#8517,.F.);
#8530=CARTESIAN_POINT('',(-1.,-3.891091876,-3.218991148));
#8531=DIRECTION('',(1.,0.,-0.));
#8532=DIRECTION('',(0.,0.770513243,0.63742399));
#8533=AXIS2_PLACEMENT_3D('',#8530,#8531,#8532);
#8534=CYLINDRICAL_SURFACE('',#8533,0.2);
#8535=ORIENTED_EDGE('',*,*,#6442,.T.);
#8536=ORIENTED_EDGE('',*,*,#8525,.F.);
#8537=ORIENTED_EDGE('',*,*,#4394,.F.);
#8538=CARTESIAN_POINT('',(-1.,-3.763607078,-3.373093797));
#8539=DIRECTION('',(1.,0.,-0.));
#8540=VECTOR('',#8539,1.);
#8541=LINE('',#8538,#8540);
#8542=EDGE_CURVE('',#4380,#6436,#8541,.T.);
#8543=ORIENTED_EDGE('',*,*,#8542,.T.);
#8544=EDGE_LOOP('',(#8535,#8536,#8537,#8543));
#8545=FACE_BOUND('',#8544,.T.);
#8546=ADVANCED_FACE('',(#8545),#8534,.T.);
#8547=CARTESIAN_POINT('',(-1.,-3.763607078,-3.373093797));
#8548=DIRECTION('',(0.,-0.63742399,0.770513243));
#8549=DIRECTION('',(0.,-0.770513243,-0.63742399));
#8550=AXIS2_PLACEMENT_3D('',#8547,#8548,#8549);
#8551=PLANE('',#8550);
#8552=ORIENTED_EDGE('',*,*,#6448,.T.);
#8553=ORIENTED_EDGE('',*,*,#8542,.F.);
#8554=ORIENTED_EDGE('',*,*,#4385,.F.);
#8555=ORIENTED_EDGE('',*,*,#2889,.T.);
#8556=EDGE_LOOP('',(#8552,#8553,#8554,#8555));
#8557=FACE_BOUND('',#8556,.T.);
#8558=ADVANCED_FACE('',(#8557),#8551,.F.);
#8559=CARTESIAN_POINT('',(-1.,-4.325426323,-2.508124225));
#8560=DIRECTION('',(0.,0.535826795,-0.844327926));
#8561=DIRECTION('',(0.,0.844327926,0.535826795));
#8562=AXIS2_PLACEMENT_3D('',#8559,#8560,#8561);
#8563=PLANE('',#8562);
#8564=ORIENTED_EDGE('',*,*,#6409,.T.);
#8565=ORIENTED_EDGE('',*,*,#2820,.F.);
#8566=ORIENTED_EDGE('',*,*,#4424,.F.);
#8567=CARTESIAN_POINT('',(-1.,-4.371021383,-2.53705973));
#8568=DIRECTION('',(1.,0.,-0.));
#8569=VECTOR('',#8568,1.);
#8570=LINE('',#8567,#8569);
#8571=EDGE_CURVE('',#4412,#6404,#8570,.T.);
#8572=ORIENTED_EDGE('',*,*,#8571,.T.);
#8573=EDGE_LOOP('',(#8564,#8565,#8566,#8572));
#8574=FACE_BOUND('',#8573,.T.);
#8575=ADVANCED_FACE('',(#8574),#8563,.F.);
#8576=CARTESIAN_POINT('',(-1.,-4.263856024,-2.705925315));
#8577=DIRECTION('',(1.,0.,-0.));
#8578=DIRECTION('',(0.,0.844327926,0.535826795));
#8579=AXIS2_PLACEMENT_3D('',#8576,#8577,#8578);
#8580=CYLINDRICAL_SURFACE('',#8579,0.2);
#8581=ORIENTED_EDGE('',*,*,#6418,.T.);
#8582=ORIENTED_EDGE('',*,*,#8571,.F.);
#8583=ORIENTED_EDGE('',*,*,#4418,.F.);
#8584=CARTESIAN_POINT('',(-1.,-4.156690665,-2.8747909));
#8585=DIRECTION('',(1.,0.,-0.));
#8586=VECTOR('',#8585,1.);
#8587=LINE('',#8584,#8586);
#8588=EDGE_CURVE('',#4404,#6412,#8587,.T.);
#8589=ORIENTED_EDGE('',*,*,#8588,.T.);
#8590=EDGE_LOOP('',(#8581,#8582,#8583,#8589));
#8591=FACE_BOUND('',#8590,.T.);
#8592=ADVANCED_FACE('',(#8591),#8580,.T.);
#8593=CARTESIAN_POINT('',(-1.,-4.156690665,-2.8747909));
#8594=DIRECTION('',(0.,-0.535826795,0.844327926));
#8595=DIRECTION('',(0.,-0.844327926,-0.535826795));
#8596=AXIS2_PLACEMENT_3D('',#8593,#8594,#8595);
#8597=PLANE('',#8596);
#8598=ORIENTED_EDGE('',*,*,#6424,.T.);
#8599=ORIENTED_EDGE('',*,*,#8588,.F.);
#8600=ORIENTED_EDGE('',*,*,#4409,.F.);
#8601=ORIENTED_EDGE('',*,*,#2847,.T.);
#8602=EDGE_LOOP('',(#8598,#8599,#8600,#8601));
#8603=FACE_BOUND('',#8602,.T.);
#8604=ADVANCED_FACE('',(#8603),#8597,.F.);
#8605=CARTESIAN_POINT('',(-1.,-4.605670364,-1.946227248));
#8606=DIRECTION('',(0.,0.425779292,-0.904827052));
#8607=DIRECTION('',(0.,0.904827052,0.425779292));
#8608=AXIS2_PLACEMENT_3D('',#8605,#8606,#8607);
#8609=PLANE('',#8608);
#8610=ORIENTED_EDGE('',*,*,#6385,.T.);
#8611=ORIENTED_EDGE('',*,*,#2763,.F.);
#8612=ORIENTED_EDGE('',*,*,#4448,.F.);
#8613=CARTESIAN_POINT('',(-1.,-4.654532473,-1.969220012));
#8614=DIRECTION('',(1.,0.,-0.));
#8615=VECTOR('',#8614,1.);
#8616=LINE('',#8613,#8615);
#8617=EDGE_CURVE('',#4436,#6380,#8616,.T.);
#8618=ORIENTED_EDGE('',*,*,#8617,.T.);
#8619=EDGE_LOOP('',(#8610,#8611,#8612,#8618));
#8620=FACE_BOUND('',#8619,.T.);
#8621=ADVANCED_FACE('',(#8620),#8609,.F.);
#8622=CARTESIAN_POINT('',(-1.,-4.569376615,-2.150185422));
#8623=DIRECTION('',(1.,0.,-0.));
#8624=DIRECTION('',(0.,0.904827052,0.425779292));
#8625=AXIS2_PLACEMENT_3D('',#8622,#8623,#8624);
#8626=CYLINDRICAL_SURFACE('',#8625,0.2);
#8627=ORIENTED_EDGE('',*,*,#6394,.T.);
#8628=ORIENTED_EDGE('',*,*,#8617,.F.);
#8629=ORIENTED_EDGE('',*,*,#4442,.F.);
#8630=CARTESIAN_POINT('',(-1.,-4.484220757,-2.331150833));
#8631=DIRECTION('',(1.,0.,-0.));
#8632=VECTOR('',#8631,1.);
#8633=LINE('',#8630,#8632);
#8634=EDGE_CURVE('',#4428,#6388,#8633,.T.);
#8635=ORIENTED_EDGE('',*,*,#8634,.T.);
#8636=EDGE_LOOP('',(#8627,#8628,#8629,#8635));
#8637=FACE_BOUND('',#8636,.T.);
#8638=ADVANCED_FACE('',(#8637),#8626,.T.);
#8639=CARTESIAN_POINT('',(-1.,-4.484220757,-2.331150833));
#8640=DIRECTION('',(0.,-0.425779292,0.904827052));
#8641=DIRECTION('',(0.,-0.904827052,-0.425779292));
#8642=AXIS2_PLACEMENT_3D('',#8639,#8640,#8641);
#8643=PLANE('',#8642);
#8644=ORIENTED_EDGE('',*,*,#6400,.T.);
#8645=ORIENTED_EDGE('',*,*,#8634,.F.);
#8646=ORIENTED_EDGE('',*,*,#4433,.F.);
#8647=ORIENTED_EDGE('',*,*,#2805,.T.);
#8648=EDGE_LOOP('',(#8644,#8645,#8646,#8647));
#8649=FACE_BOUND('',#8648,.T.);
#8650=ADVANCED_FACE('',(#8649),#8643,.F.);
#8651=CARTESIAN_POINT('',(-1.,-4.944981795,-0.739699297));
#8652=DIRECTION('',(0.,0.187381315,-0.982287251));
#8653=DIRECTION('',(0.,0.982287251,0.187381315));
#8654=AXIS2_PLACEMENT_3D('',#8651,#8652,#8653);
#8655=PLANE('',#8654);
#8656=ORIENTED_EDGE('',*,*,#6337,.T.);
#8657=ORIENTED_EDGE('',*,*,#2679,.F.);
#8658=ORIENTED_EDGE('',*,*,#4496,.F.);
#8659=CARTESIAN_POINT('',(-1.,-4.998026879,-0.749818189));
#8660=DIRECTION('',(1.,0.,-0.));
#8661=VECTOR('',#8660,1.);
#8662=LINE('',#8659,#8661);
#8663=EDGE_CURVE('',#4484,#6332,#8662,.T.);
#8664=ORIENTED_EDGE('',*,*,#8663,.T.);
#8665=EDGE_LOOP('',(#8656,#8657,#8658,#8664));
#8666=FACE_BOUND('',#8665,.T.);
#8667=ADVANCED_FACE('',(#8666),#8655,.F.);
#8668=CARTESIAN_POINT('',(-1.,-4.960550616,-0.946275639));
#8669=DIRECTION('',(1.,0.,-0.));
#8670=DIRECTION('',(0.,0.982287251,0.187381315));
#8671=AXIS2_PLACEMENT_3D('',#8668,#8669,#8670);
#8672=CYLINDRICAL_SURFACE('',#8671,0.2);
#8673=ORIENTED_EDGE('',*,*,#6346,.T.);
#8674=ORIENTED_EDGE('',*,*,#8663,.F.);
#8675=ORIENTED_EDGE('',*,*,#4490,.F.);
#8676=CARTESIAN_POINT('',(-1.,-4.923074353,-1.142733089));
#8677=DIRECTION('',(1.,0.,-0.));
#8678=VECTOR('',#8677,1.);
#8679=LINE('',#8676,#8678);
#8680=EDGE_CURVE('',#4476,#6340,#8679,.T.);
#8681=ORIENTED_EDGE('',*,*,#8680,.T.);
#8682=EDGE_LOOP('',(#8673,#8674,#8675,#8681));
#8683=FACE_BOUND('',#8682,.T.);
#8684=ADVANCED_FACE('',(#8683),#8672,.T.);
#8685=CARTESIAN_POINT('',(-1.,-4.923074353,-1.142733089));
#8686=DIRECTION('',(0.,-0.187381315,0.982287251));
#8687=DIRECTION('',(0.,-0.982287251,-0.187381315));
#8688=AXIS2_PLACEMENT_3D('',#8685,#8686,#8687);
#8689=PLANE('',#8688);
#8690=ORIENTED_EDGE('',*,*,#6352,.T.);
#8691=ORIENTED_EDGE('',*,*,#8680,.F.);
#8692=ORIENTED_EDGE('',*,*,#4481,.F.);
#8693=ORIENTED_EDGE('',*,*,#2721,.T.);
#8694=EDGE_LOOP('',(#8690,#8691,#8692,#8693));
#8695=FACE_BOUND('',#8694,.T.);
#8696=ADVANCED_FACE('',(#8695),#8689,.F.);
#8697=CARTESIAN_POINT('',(-1.,-4.973581833,0.513306681));
#8698=DIRECTION('',(0.,-0.06279052,-0.998026728));
#8699=DIRECTION('',(0.,0.998026728,-0.06279052));
#8700=AXIS2_PLACEMENT_3D('',#8697,#8698,#8699);
#8701=PLANE('',#8700);
#8702=ORIENTED_EDGE('',*,*,#6289,.T.);
#8703=ORIENTED_EDGE('',*,*,#2595,.F.);
#8704=ORIENTED_EDGE('',*,*,#4544,.F.);
#8705=CARTESIAN_POINT('',(-1.,-5.027476875,0.516697469));
#8706=DIRECTION('',(1.,0.,-0.));
#8707=VECTOR('',#8706,1.);
#8708=LINE('',#8705,#8707);
#8709=EDGE_CURVE('',#4532,#6284,#8708,.T.);
#8710=ORIENTED_EDGE('',*,*,#8709,.T.);
#8711=EDGE_LOOP('',(#8702,#8703,#8704,#8710));
#8712=FACE_BOUND('',#8711,.T.);
#8713=ADVANCED_FACE('',(#8712),#8701,.F.);
#8714=CARTESIAN_POINT('',(-1.,-5.040034979,0.317092124));
#8715=DIRECTION('',(1.,0.,0.));
#8716=DIRECTION('',(0.,0.998026728,-0.06279052));
#8717=AXIS2_PLACEMENT_3D('',#8714,#8715,#8716);
#8718=CYLINDRICAL_SURFACE('',#8717,0.2);
#8719=ORIENTED_EDGE('',*,*,#6298,.T.);
#8720=ORIENTED_EDGE('',*,*,#8709,.F.);
#8721=ORIENTED_EDGE('',*,*,#4538,.F.);
#8722=CARTESIAN_POINT('',(-1.,-5.052593082,0.117486778));
#8723=DIRECTION('',(1.,0.,-0.));
#8724=VECTOR('',#8723,1.);
#8725=LINE('',#8722,#8724);
#8726=EDGE_CURVE('',#4524,#6292,#8725,.T.);
#8727=ORIENTED_EDGE('',*,*,#8726,.T.);
#8728=EDGE_LOOP('',(#8719,#8720,#8721,#8727));
#8729=FACE_BOUND('',#8728,.T.);
#8730=ADVANCED_FACE('',(#8729),#8718,.T.);
#8731=CARTESIAN_POINT('',(-1.,-5.052593082,0.117486778));
#8732=DIRECTION('',(0.,0.06279052,0.998026728));
#8733=DIRECTION('',(0.,-0.998026728,0.06279052));
#8734=AXIS2_PLACEMENT_3D('',#8731,#8732,#8733);
#8735=PLANE('',#8734);
#8736=ORIENTED_EDGE('',*,*,#6304,.T.);
#8737=ORIENTED_EDGE('',*,*,#8726,.F.);
#8738=ORIENTED_EDGE('',*,*,#4529,.F.);
#8739=ORIENTED_EDGE('',*,*,#2637,.T.);
#8740=EDGE_LOOP('',(#8736,#8737,#8738,#8739));
#8741=FACE_BOUND('',#8740,.T.);
#8742=ADVANCED_FACE('',(#8741),#8735,.F.);
#8743=CARTESIAN_POINT('',(-1.,-4.689673434,1.734059712));
#8744=DIRECTION('',(0.,-0.309016994,-0.951056516));
#8745=DIRECTION('',(0.,0.951056516,-0.309016994));
#8746=AXIS2_PLACEMENT_3D('',#8743,#8744,#8745);
#8747=PLANE('',#8746);
#8748=ORIENTED_EDGE('',*,*,#6241,.T.);
#8749=ORIENTED_EDGE('',*,*,#2511,.F.);
#8750=ORIENTED_EDGE('',*,*,#4592,.F.);
#8751=CARTESIAN_POINT('',(-1.,-4.741032008,1.750747125));
#8752=DIRECTION('',(1.,0.,-0.));
#8753=VECTOR('',#8752,1.);
#8754=LINE('',#8751,#8753);
#8755=EDGE_CURVE('',#4580,#6236,#8754,.T.);
#8756=ORIENTED_EDGE('',*,*,#8755,.T.);
#8757=EDGE_LOOP('',(#8748,#8749,#8750,#8756));
#8758=FACE_BOUND('',#8757,.T.);
#8759=ADVANCED_FACE('',(#8758),#8747,.F.);
#8760=CARTESIAN_POINT('',(-1.,-4.802835407,1.560535822));
#8761=DIRECTION('',(1.,0.,0.));
#8762=DIRECTION('',(0.,0.951056516,-0.309016994));
#8763=AXIS2_PLACEMENT_3D('',#8760,#8761,#8762);
#8764=CYLINDRICAL_SURFACE('',#8763,0.2);
#8765=ORIENTED_EDGE('',*,*,#6250,.T.);
#8766=ORIENTED_EDGE('',*,*,#8755,.F.);
#8767=ORIENTED_EDGE('',*,*,#4586,.F.);
#8768=CARTESIAN_POINT('',(-1.,-4.864638806,1.370324518));
#8769=DIRECTION('',(1.,0.,-0.));
#8770=VECTOR('',#8769,1.);
#8771=LINE('',#8768,#8770);
#8772=EDGE_CURVE('',#4572,#6244,#8771,.T.);
#8773=ORIENTED_EDGE('',*,*,#8772,.T.);
#8774=EDGE_LOOP('',(#8765,#8766,#8767,#8773));
#8775=FACE_BOUND('',#8774,.T.);
#8776=ADVANCED_FACE('',(#8775),#8764,.T.);
#8777=CARTESIAN_POINT('',(-1.,-4.864638806,1.370324518));
#8778=DIRECTION('',(0.,0.309016994,0.951056516));
#8779=DIRECTION('',(0.,-0.951056516,0.309016994));
#8780=AXIS2_PLACEMENT_3D('',#8777,#8778,#8779);
#8781=PLANE('',#8780);
#8782=ORIENTED_EDGE('',*,*,#6256,.T.);
#8783=ORIENTED_EDGE('',*,*,#8772,.F.);
#8784=ORIENTED_EDGE('',*,*,#4577,.F.);
#8785=ORIENTED_EDGE('',*,*,#2553,.T.);
#8786=EDGE_LOOP('',(#8782,#8783,#8784,#8785));
#8787=FACE_BOUND('',#8786,.T.);
#8788=ADVANCED_FACE('',(#8787),#8781,.F.);
#8789=CARTESIAN_POINT('',(-1.,-4.111095605,2.845855395));
#8790=DIRECTION('',(0.,-0.535826795,-0.844327926));
#8791=DIRECTION('',(0.,0.844327926,-0.535826795));
#8792=AXIS2_PLACEMENT_3D('',#8789,#8790,#8791);
#8793=PLANE('',#8792);
#8794=ORIENTED_EDGE('',*,*,#6193,.T.);
#8795=ORIENTED_EDGE('',*,*,#2427,.F.);
#8796=ORIENTED_EDGE('',*,*,#4640,.F.);
#8797=CARTESIAN_POINT('',(-1.,-4.156690665,2.8747909));
#8798=DIRECTION('',(1.,0.,-0.));
#8799=VECTOR('',#8798,1.);
#8800=LINE('',#8797,#8799);
#8801=EDGE_CURVE('',#4628,#6188,#8800,.T.);
#8802=ORIENTED_EDGE('',*,*,#8801,.T.);
#8803=EDGE_LOOP('',(#8794,#8795,#8796,#8802));
#8804=FACE_BOUND('',#8803,.T.);
#8805=ADVANCED_FACE('',(#8804),#8793,.F.);
#8806=CARTESIAN_POINT('',(-1.,-4.263856024,2.705925315));
#8807=DIRECTION('',(1.,0.,0.));
#8808=DIRECTION('',(0.,0.844327926,-0.535826795));
#8809=AXIS2_PLACEMENT_3D('',#8806,#8807,#8808);
#8810=CYLINDRICAL_SURFACE('',#8809,0.2);
#8811=ORIENTED_EDGE('',*,*,#6202,.T.);
#8812=ORIENTED_EDGE('',*,*,#8801,.F.);
#8813=ORIENTED_EDGE('',*,*,#4634,.F.);
#8814=CARTESIAN_POINT('',(-1.,-4.371021383,2.53705973));
#8815=DIRECTION('',(1.,0.,-0.));
#8816=VECTOR('',#8815,1.);
#8817=LINE('',#8814,#8816);
#8818=EDGE_CURVE('',#4620,#6196,#8817,.T.);
#8819=ORIENTED_EDGE('',*,*,#8818,.T.);
#8820=EDGE_LOOP('',(#8811,#8812,#8813,#8819));
#8821=FACE_BOUND('',#8820,.T.);
#8822=ADVANCED_FACE('',(#8821),#8810,.T.);
#8823=CARTESIAN_POINT('',(-1.,-4.371021383,2.53705973));
#8824=DIRECTION('',(0.,0.535826795,0.844327926));
#8825=DIRECTION('',(0.,-0.844327926,0.535826795));
#8826=AXIS2_PLACEMENT_3D('',#8823,#8824,#8825);
#8827=PLANE('',#8826);
#8828=ORIENTED_EDGE('',*,*,#6208,.T.);
#8829=ORIENTED_EDGE('',*,*,#8818,.F.);
#8830=ORIENTED_EDGE('',*,*,#4625,.F.);
#8831=ORIENTED_EDGE('',*,*,#2469,.T.);
#8832=EDGE_LOOP('',(#8828,#8829,#8830,#8831));
#8833=FACE_BOUND('',#8832,.T.);
#8834=ADVANCED_FACE('',(#8833),#8827,.F.);
#8835=CARTESIAN_POINT('',(-1.,-3.27420252,3.778835516));
#8836=DIRECTION('',(0.,-0.728968627,-0.684547106));
#8837=DIRECTION('',(0.,0.684547106,-0.728968627));
#8838=AXIS2_PLACEMENT_3D('',#8835,#8836,#8837);
#8839=PLANE('',#8838);
#8840=ORIENTED_EDGE('',*,*,#6145,.T.);
#8841=ORIENTED_EDGE('',*,*,#2343,.F.);
#8842=ORIENTED_EDGE('',*,*,#4688,.F.);
#8843=CARTESIAN_POINT('',(-1.,-3.311169159,3.81820099));
#8844=DIRECTION('',(1.,0.,-0.));
#8845=VECTOR('',#8844,1.);
#8846=LINE('',#8843,#8845);
#8847=EDGE_CURVE('',#4676,#6140,#8846,.T.);
#8848=ORIENTED_EDGE('',*,*,#8847,.T.);
#8849=EDGE_LOOP('',(#8840,#8841,#8842,#8848));
#8850=FACE_BOUND('',#8849,.T.);
#8851=ADVANCED_FACE('',(#8850),#8839,.F.);
#8852=CARTESIAN_POINT('',(-1.,-3.456962885,3.681291568));
#8853=DIRECTION('',(1.,0.,0.));
#8854=DIRECTION('',(0.,0.684547106,-0.728968627));
#8855=AXIS2_PLACEMENT_3D('',#8852,#8853,#8854);
#8856=CYLINDRICAL_SURFACE('',#8855,0.2);
#8857=ORIENTED_EDGE('',*,*,#6154,.T.);
#8858=ORIENTED_EDGE('',*,*,#8847,.F.);
#8859=ORIENTED_EDGE('',*,*,#4682,.F.);
#8860=CARTESIAN_POINT('',(-1.,-3.60275661,3.544382147));
#8861=DIRECTION('',(1.,0.,-0.));
#8862=VECTOR('',#8861,1.);
#8863=LINE('',#8860,#8862);
#8864=EDGE_CURVE('',#4668,#6148,#8863,.T.);
#8865=ORIENTED_EDGE('',*,*,#8864,.T.);
#8866=EDGE_LOOP('',(#8857,#8858,#8859,#8865));
#8867=FACE_BOUND('',#8866,.T.);
#8868=ADVANCED_FACE('',(#8867),#8856,.T.);
#8869=CARTESIAN_POINT('',(-1.,-3.60275661,3.544382147));
#8870=DIRECTION('',(0.,0.728968627,0.684547106));
#8871=DIRECTION('',(0.,-0.684547106,0.728968627));
#8872=AXIS2_PLACEMENT_3D('',#8869,#8870,#8871);
#8873=PLANE('',#8872);
#8874=ORIENTED_EDGE('',*,*,#6160,.T.);
#8875=ORIENTED_EDGE('',*,*,#8864,.F.);
#8876=ORIENTED_EDGE('',*,*,#4673,.F.);
#8877=ORIENTED_EDGE('',*,*,#2385,.T.);
#8878=EDGE_LOOP('',(#8874,#8875,#8876,#8877));
#8879=FACE_BOUND('',#8878,.T.);
#8880=ADVANCED_FACE('',(#8879),#8873,.F.);
#8881=CARTESIAN_POINT('',(-1.,-2.231579248,4.474377505));
#8882=DIRECTION('',(0.,-0.87630668,-0.481753674));
#8883=DIRECTION('',(0.,0.481753674,-0.87630668));
#8884=AXIS2_PLACEMENT_3D('',#8881,#8882,#8883);
#8885=PLANE('',#8884);
#8886=ORIENTED_EDGE('',*,*,#6097,.T.);
#8887=ORIENTED_EDGE('',*,*,#2259,.F.);
#8888=ORIENTED_EDGE('',*,*,#4736,.F.);
#8889=CARTESIAN_POINT('',(-1.,-2.257594718,4.521699469));
#8890=DIRECTION('',(1.,0.,-0.));
#8891=VECTOR('',#8890,1.);
#8892=LINE('',#8889,#8891);
#8893=EDGE_CURVE('',#4724,#6092,#8892,.T.);
#8894=ORIENTED_EDGE('',*,*,#8893,.T.);
#8895=EDGE_LOOP('',(#8886,#8887,#8888,#8894));
#8896=FACE_BOUND('',#8895,.T.);
#8897=ADVANCED_FACE('',(#8896),#8885,.F.);
#8898=CARTESIAN_POINT('',(-1.,-2.432856054,4.425348734));
#8899=DIRECTION('',(1.,0.,0.));
#8900=DIRECTION('',(0.,0.481753674,-0.87630668));
#8901=AXIS2_PLACEMENT_3D('',#8898,#8899,#8900);
#8902=CYLINDRICAL_SURFACE('',#8901,0.2);
#8903=ORIENTED_EDGE('',*,*,#6106,.T.);
#8904=ORIENTED_EDGE('',*,*,#8893,.F.);
#8905=ORIENTED_EDGE('',*,*,#4730,.F.);
#8906=CARTESIAN_POINT('',(-1.,-2.60811739,4.328997999));
#8907=DIRECTION('',(1.,0.,-0.));
#8908=VECTOR('',#8907,1.);
#8909=LINE('',#8906,#8908);
#8910=EDGE_CURVE('',#4716,#6100,#8909,.T.);
#8911=ORIENTED_EDGE('',*,*,#8910,.T.);
#8912=EDGE_LOOP('',(#8903,#8904,#8905,#8911));
#8913=FACE_BOUND('',#8912,.T.);
#8914=ADVANCED_FACE('',(#8913),#8902,.T.);
#8915=CARTESIAN_POINT('',(-1.,-2.60811739,4.328997999));
#8916=DIRECTION('',(0.,0.87630668,0.481753674));
#8917=DIRECTION('',(0.,-0.481753674,0.87630668));
#8918=AXIS2_PLACEMENT_3D('',#8915,#8916,#8917);
#8919=PLANE('',#8918);
#8920=ORIENTED_EDGE('',*,*,#6112,.T.);
#8921=ORIENTED_EDGE('',*,*,#8910,.F.);
#8922=ORIENTED_EDGE('',*,*,#4721,.F.);
#8923=ORIENTED_EDGE('',*,*,#2301,.T.);
#8924=EDGE_LOOP('',(#8920,#8921,#8922,#8923));
#8925=FACE_BOUND('',#8924,.T.);
#8926=ADVANCED_FACE('',(#8925),#8919,.F.);
#8927=CARTESIAN_POINT('',(-1.,-1.048737646,4.888777899));
#8928=DIRECTION('',(0.,-0.968583161,-0.248689887));
#8929=DIRECTION('',(0.,0.248689887,-0.968583161));
#8930=AXIS2_PLACEMENT_3D('',#8927,#8928,#8929);
#8931=PLANE('',#8930);
#8932=ORIENTED_EDGE('',*,*,#6049,.T.);
#8933=ORIENTED_EDGE('',*,*,#2175,.F.);
#8934=ORIENTED_EDGE('',*,*,#4784,.F.);
#8935=CARTESIAN_POINT('',(-1.,-1.062167298,4.941082941));
#8936=DIRECTION('',(1.,0.,-0.));
#8937=VECTOR('',#8936,1.);
#8938=LINE('',#8935,#8937);
#8939=EDGE_CURVE('',#4772,#6044,#8938,.T.);
#8940=ORIENTED_EDGE('',*,*,#8939,.T.);
#8941=EDGE_LOOP('',(#8932,#8933,#8934,#8940));
#8942=FACE_BOUND('',#8941,.T.);
#8943=ADVANCED_FACE('',(#8942),#8931,.F.);
#8944=CARTESIAN_POINT('',(-1.,-1.25588393,4.891344964));
#8945=DIRECTION('',(1.,0.,0.));
#8946=DIRECTION('',(0.,0.248689887,-0.968583161));
#8947=AXIS2_PLACEMENT_3D('',#8944,#8945,#8946);
#8948=CYLINDRICAL_SURFACE('',#8947,0.2);
#8949=ORIENTED_EDGE('',*,*,#6058,.T.);
#8950=ORIENTED_EDGE('',*,*,#8939,.F.);
#8951=ORIENTED_EDGE('',*,*,#4778,.F.);
#8952=CARTESIAN_POINT('',(-1.,-1.449600562,4.841606986));
#8953=DIRECTION('',(1.,0.,-0.));
#8954=VECTOR('',#8953,1.);
#8955=LINE('',#8952,#8954);
#8956=EDGE_CURVE('',#4764,#6052,#8955,.T.);
#8957=ORIENTED_EDGE('',*,*,#8956,.T.);
#8958=EDGE_LOOP('',(#8949,#8950,#8951,#8957));
#8959=FACE_BOUND('',#8958,.T.);
#8960=ADVANCED_FACE('',(#8959),#8948,.T.);
#8961=CARTESIAN_POINT('',(-1.,-1.449600562,4.841606986));
#8962=DIRECTION('',(0.,0.968583161,0.248689887));
#8963=DIRECTION('',(0.,-0.248689887,0.968583161));
#8964=AXIS2_PLACEMENT_3D('',#8961,#8962,#8963);
#8965=PLANE('',#8964);
#8966=ORIENTED_EDGE('',*,*,#6064,.T.);
#8967=ORIENTED_EDGE('',*,*,#8956,.F.);
#8968=ORIENTED_EDGE('',*,*,#4769,.F.);
#8969=ORIENTED_EDGE('',*,*,#2217,.T.);
#8970=EDGE_LOOP('',(#8966,#8967,#8968,#8969));
#8971=FACE_BOUND('',#8970,.T.);
#8972=ADVANCED_FACE('',(#8971),#8965,.F.);
#8973=CARTESIAN_POINT('',(-1.,0.2,4.995998399));
#8974=DIRECTION('',(0.,-1.,0.));
#8975=DIRECTION('',(0.,0.,-1.));
#8976=AXIS2_PLACEMENT_3D('',#8973,#8974,#8975);
#8977=PLANE('',#8976);
#8978=ORIENTED_EDGE('',*,*,#6001,.T.);
#8979=ORIENTED_EDGE('',*,*,#2091,.F.);
#8980=ORIENTED_EDGE('',*,*,#4832,.F.);
#8981=CARTESIAN_POINT('',(-1.,0.2,5.05));
#8982=DIRECTION('',(1.,0.,-0.));
#8983=VECTOR('',#8982,1.);
#8984=LINE('',#8981,#8983);
#8985=EDGE_CURVE('',#4820,#5996,#8984,.T.);
#8986=ORIENTED_EDGE('',*,*,#8985,.T.);
#8987=EDGE_LOOP('',(#8978,#8979,#8980,#8986));
#8988=FACE_BOUND('',#8987,.T.);
#8989=ADVANCED_FACE('',(#8988),#8977,.F.);
#8990=CARTESIAN_POINT('',(-1.,0.,5.05));
#8991=DIRECTION('',(1.,0.,0.));
#8992=DIRECTION('',(0.,0.,-1.));
#8993=AXIS2_PLACEMENT_3D('',#8990,#8991,#8992);
#8994=CYLINDRICAL_SURFACE('',#8993,0.2);
#8995=ORIENTED_EDGE('',*,*,#6010,.T.);
#8996=ORIENTED_EDGE('',*,*,#8985,.F.);
#8997=ORIENTED_EDGE('',*,*,#4826,.F.);
#8998=CARTESIAN_POINT('',(-1.,-0.2,5.05));
#8999=DIRECTION('',(1.,0.,-0.));
#9000=VECTOR('',#8999,1.);
#9001=LINE('',#8998,#9000);
#9002=EDGE_CURVE('',#4812,#6004,#9001,.T.);
#9003=ORIENTED_EDGE('',*,*,#9002,.T.);
#9004=EDGE_LOOP('',(#8995,#8996,#8997,#9003));
#9005=FACE_BOUND('',#9004,.T.);
#9006=ADVANCED_FACE('',(#9005),#8994,.T.);
#9007=CARTESIAN_POINT('',(-1.,-0.2,5.05));
#9008=DIRECTION('',(0.,1.,0.));
#9009=DIRECTION('',(0.,0.,1.));
#9010=AXIS2_PLACEMENT_3D('',#9007,#9008,#9009);
#9011=PLANE('',#9010);
#9012=ORIENTED_EDGE('',*,*,#6016,.T.);
#9013=ORIENTED_EDGE('',*,*,#9002,.F.);
#9014=ORIENTED_EDGE('',*,*,#4817,.F.);
#9015=ORIENTED_EDGE('',*,*,#2133,.T.);
#9016=EDGE_LOOP('',(#9012,#9013,#9014,#9015));
#9017=FACE_BOUND('',#9016,.T.);
#9018=ADVANCED_FACE('',(#9017),#9011,.F.);
#9019=CLOSED_SHELL('',(#2110,#2152,#2194,#2236,#2278,#2320,#2362,#2404,#2446,#2488,#2530,#2572,#2614,#2656,#2698,#2740,#2782,#2824,#2866,#2908,#2950,#2992,#3034,#3076,#3118,#3160,
#3202,#3244,#3286,#3328,#3370,#3412,#3454,#3496,#3538,#3580,#3622,#3664,#3706,#3748,#3790,#3832,#3874,#3916,#3958,#4000,#4042,#4084,#4126,#4168,#4201,
#5412,#6631,#6656,#6681,#6701,#6718,#6735,#6752,#6764,#6781,#6798,#6810,#6827,#6844,#6856,#6873,#6890,#6902,#6919,#6936,#6948,#6965,#6982,#6994,#7011,
#7028,#7040,#7057,#7074,#7086,#7103,#7120,#7132,#7149,#7166,#7178,#7195,#7212,#7224,#7241,#7258,#7270,#7287,#7304,#7316,#7333,#7350,#7362,#7379,#7396,
#7408,#7425,#7442,#7454,#7471,#7488,#7500,#7517,#7534,#7546,#7563,#7580,#7592,#7609,#7626,#7638,#7655,#7672,#7684,#7701,#7718,#7730,#7747,#7764,#7776,
#7793,#7810,#7822,#7839,#7856,#7868,#7885,#7902,#7914,#7931,#7948,#7960,#7977,#7994,#8006,#8023,#8040,#8052,#8069,#8086,#8098,#8115,#8132,#8144,#8161,
#8178,#8190,#8207,#8224,#8236,#8253,#8270,#8282,#8299,#8316,#8328,#8345,#8362,#8374,#8391,#8408,#8420,#8437,#8454,#8466,#8483,#8500,#8512,#8529,#8546,
#8558,#8575,#8592,#8604,#8621,#8638,#8650,#8667,#8684,#8696,#8713,#8730,#8742,#8759,#8776,#8788,#8805,#8822,#8834,#8851,#8868,#8880,#8897,#8914,#8926,
#8943,#8960,#8972,#8989,#9006,#9018));
#9020=MANIFOLD_SOLID_BREP('3D \X2\0444044004300433043C0435043D0442\X0\_2',#9019);
#2068=STYLED_ITEM('',(#1995),#9020);
#9021=DERIVED_UNIT_ELEMENT(#2045,3.0);
#9022=DERIVED_UNIT((#9021));
#9023=MEASURE_REPRESENTATION_ITEM('volume measure',VOLUME_MEASURE(123.114416),#9022);
#9024=DERIVED_UNIT_ELEMENT(#2045,2.0);
#9025=DERIVED_UNIT((#9024));
#9026=MEASURE_REPRESENTATION_ITEM('surface area measure',AREA_MEASURE(527.731190),#9025);
#9027=CARTESIAN_POINT('centre point',(-3.994760372,0.,-0.000000006));
#9028=CARTESIAN_POINT('bounding box corner point',(-8.500000462,-5.239640363,-5.249999929));
#9029=CARTESIAN_POINT('bounding box corner point',(0.,5.239640363,5.249999929));
#9030=ID_ATTRIBUTE('SA #9031',#9031);
#9031=SHAPE_ASPECT('properties','',#2056,.F.);
#9032=GEOMETRIC_ITEM_SPECIFIC_USAGE('','properties',#9031,#2050,#9020);
#9033=PROPERTY_DEFINITION('geometric validation property','',#9031);
#9034=REPRESENTATION('',(#9023,#9026,#9027,#9028,#9029),#2047);
#9035=PROPERTY_DEFINITION_REPRESENTATION(#9033,#9034);
#2049=SHAPE_REPRESENTATION('3D \X2\0444044004300433043C0435043D0442\X0\_2',(#15),#2047);
#2050=ADVANCED_BREP_SHAPE_REPRESENTATION('3D \X2\0444044004300433043C0435043D0442\X0\_2',(#9020),#2047);
#9043=SHAPE_REPRESENTATION_RELATIONSHIP('','',#2049,#2050);
#9044=CARTESIAN_POINT('',(0.,0.,0.));
#9045=DIRECTION('',(0.,0.,1.));
#9046=DIRECTION('',(1.,0.,0.));
#9047=AXIS2_PLACEMENT_3D('',#9044,#9045,#9046);
#9049=MAPPED_ITEM('',#9048,#9047);
#9048=REPRESENTATION_MAP(#9047,#2049);
#2057=PRODUCT('3D \X2\0444044004300433043C0435043D0442\X0\_2','3D \X2\0444044004300433043C0435043D0442\X0\_2','',(#718));
#9050=PRODUCT_RELATED_PRODUCT_CATEGORY('part','',(#2057));
#9051=PRODUCT_DEFINITION_FORMATION_WITH_SPECIFIED_SOURCE('','',#2057,.NOT_KNOWN.);
#2058=PRODUCT_DEFINITION('design','',#9051,#719);
#2056=PRODUCT_DEFINITION_SHAPE('','',#2058);
#9052=SHAPE_DEFINITION_REPRESENTATION(#2056,#2049);
#2048=DRAUGHTING_MODEL('',(#9049),#2047);
#9053=DERIVED_UNIT_ELEMENT(#2045,3.0);
#9054=DERIVED_UNIT((#9053));
#9055=MEASURE_REPRESENTATION_ITEM('volume measure',VOLUME_MEASURE(123.114416),#9054);
#9056=DERIVED_UNIT_ELEMENT(#2045,2.0);
#9057=DERIVED_UNIT((#9056));
#9058=MEASURE_REPRESENTATION_ITEM('surface area measure',AREA_MEASURE(527.731190),#9057);
#9059=CARTESIAN_POINT('centre point',(-3.994760372,0.,-0.000000006));
#9060=CARTESIAN_POINT('bounding box corner point',(-8.500000462,-5.239640363,-5.249999929));
#9061=CARTESIAN_POINT('bounding box corner point',(0.,5.239640363,5.249999929));
#9062=PROPERTY_DEFINITION('geometric validation property','',#2058);
#9063=REPRESENTATION('',(#9055,#9058,#9059,#9060,#9061),#2047);
#9064=PROPERTY_DEFINITION_REPRESENTATION(#9062,#9063);
#9065=(NAMED_UNIT(*)PLANE_ANGLE_UNIT()SI_UNIT($,.RADIAN.));
#9066=PLANE_ANGLE_MEASURE_WITH_UNIT(PLANE_ANGLE_MEASURE(0.0174532925),#9065);
#9067=(CONVERSION_BASED_UNIT('DEGREE',#9066)NAMED_UNIT(#9068)PLANE_ANGLE_UNIT());
#9068=DIMENSIONAL_EXPONENTS(0.,0.,0.,0.,0.,0.,0.);
#9069=(NAMED_UNIT(*)SI_UNIT($,.STERADIAN.)SOLID_ANGLE_UNIT());
#9070=(LENGTH_UNIT()NAMED_UNIT(*)SI_UNIT(.MILLI.,.METRE.));
#9071=UNCERTAINTY_MEASURE_WITH_UNIT(LENGTH_MEASURE(1.000000E-05),#9070,'DISTANCE_ACCURACY_VALUE','Maximum Tolerance applied to model');
#9072=(GEOMETRIC_REPRESENTATION_CONTEXT(3)GLOBAL_UNCERTAINTY_ASSIGNED_CONTEXT((#9071))GLOBAL_UNIT_ASSIGNED_CONTEXT((#9070,#9067,#9069))REPRESENTATION_CONTEXT('','3D \X2\0444044004300433043C0435043D0442\X0\_1'));
#9084=CARTESIAN_POINT('',(0.,0.,0.));
#9085=DIRECTION('',(0.,0.,1.));
#9086=DIRECTION('',(1.,0.,-0.));
#9087=AXIS2_PLACEMENT_3D('',#9084,#9085,#9086);
#9088=ITEM_DEFINED_TRANSFORMATION('','',#9087,#15);
#9089=(REPRESENTATION_RELATIONSHIP('','',#9074,#35)REPRESENTATION_RELATIONSHIP_WITH_TRANSFORMATION(#9088)SHAPE_REPRESENTATION_RELATIONSHIP());
#9090=NEXT_ASSEMBLY_USAGE_OCCURRENCE('3D \X2\0444044004300433043C0435043D0442\X0\_1_7','3D \X2\0444044004300433043C0435043D0442\X0\_1','3D \X2\0444044004300433043C0435043D0442\X0\_1',#44,#9083,$);
#9091=PRODUCT_DEFINITION_SHAPE('','',#9090);
#9092=CONTEXT_DEPENDENT_SHAPE_REPRESENTATION(#9089,#9091);
#9094=CARTESIAN_POINT('',(0.,0.,0.));
#9095=DIRECTION('',(1.,0.,0.));
#9096=DIRECTION('',(0.,0.,-1.));
#9097=AXIS2_PLACEMENT_3D('',#9094,#9095,#9096);
#9098=CONICAL_SURFACE('',#9097,20.,3.576334375);
#9099=CARTESIAN_POINT('',(0.,-0.,-20.));
#9100=VERTEX_POINT('',#9099);
#9101=CARTESIAN_POINT('',(-15.062378286,0.,-19.058601357));
#9102=VERTEX_POINT('',#9101);
#9103=CARTESIAN_POINT('',(0.,0.,-20.));
#9104=DIRECTION('',(-0.998052578,-0.,0.062378286));
#9105=VECTOR('',#9104,15.091768321);
#9106=LINE('',#9103,#9105);
#9107=EDGE_CURVE('',#9100,#9102,#9106,.T.);
#9108=ORIENTED_EDGE('',*,*,#9107,.T.);
#9109=CARTESIAN_POINT('',(-15.062378286,-0.,19.058601357));
#9110=VERTEX_POINT('',#9109);
#9111=CARTESIAN_POINT('',(-15.062378286,0.,0.));
#9112=DIRECTION('',(1.,-0.,-0.));
#9113=DIRECTION('',(0.,0.,1.));
#9114=AXIS2_PLACEMENT_3D('',#9111,#9112,#9113);
#9115=CIRCLE('',#9114,19.058601357);
#9116=EDGE_CURVE('',#9102,#9110,#9115,.T.);
#9117=ORIENTED_EDGE('',*,*,#9116,.T.);
#9118=CARTESIAN_POINT('',(-15.062378286,0.,0.));
#9119=DIRECTION('',(1.,-0.,-0.));
#9120=DIRECTION('',(0.,0.,1.));
#9121=AXIS2_PLACEMENT_3D('',#9118,#9119,#9120);
#9122=CIRCLE('',#9121,19.058601357);
#9123=EDGE_CURVE('',#9110,#9102,#9122,.T.);
#9124=ORIENTED_EDGE('',*,*,#9123,.T.);
#9125=ORIENTED_EDGE('',*,*,#9107,.F.);
#9126=CARTESIAN_POINT('',(0.,0.,0.));
#9127=DIRECTION('',(1.,0.,0.));
#9128=DIRECTION('',(0.,0.,-1.));
#9129=AXIS2_PLACEMENT_3D('',#9126,#9127,#9128);
#9130=CIRCLE('',#9129,20.);
#9131=EDGE_CURVE('',#9100,#9100,#9130,.T.);
#9132=ORIENTED_EDGE('',*,*,#9131,.F.);
#9133=EDGE_LOOP('',(#9108,#9117,#9124,#9125,#9132));
#9134=FACE_BOUND('',#9133,.T.);
#9135=ADVANCED_FACE('',(#9134),#9098,.T.);
#9136=CARTESIAN_POINT('',(0.,0.,20.));
#9137=DIRECTION('',(1.,0.,0.));
#9138=DIRECTION('',(0.,0.,-1.));
#9139=AXIS2_PLACEMENT_3D('',#9136,#9137,#9138);
#9140=PLANE('',#9139);
#9141=ORIENTED_EDGE('',*,*,#9131,.T.);
#9142=EDGE_LOOP('',(#9141));
#9143=FACE_BOUND('',#9142,.T.);
#9144=CARTESIAN_POINT('',(0.,-0.,-18.));
#9145=VERTEX_POINT('',#9144);
#9146=CARTESIAN_POINT('',(0.,0.,0.));
#9147=DIRECTION('',(1.,0.,0.));
#9148=DIRECTION('',(0.,0.,-1.));
#9149=AXIS2_PLACEMENT_3D('',#9146,#9147,#9148);
#9150=CIRCLE('',#9149,18.);
#9151=EDGE_CURVE('',#9145,#9145,#9150,.T.);
#9152=ORIENTED_EDGE('',*,*,#9151,.F.);
#9153=EDGE_LOOP('',(#9152));
#9154=FACE_BOUND('',#9153,.T.);
#9155=ADVANCED_FACE('',(#9143,#9154),#9140,.T.);
#9156=CARTESIAN_POINT('',(0.,0.,0.));
#9157=DIRECTION('',(1.,0.,0.));
#9158=DIRECTION('',(0.,0.,-1.));
#9159=AXIS2_PLACEMENT_3D('',#9156,#9157,#9158);
#9160=CYLINDRICAL_SURFACE('',#9159,18.);
#9161=CARTESIAN_POINT('',(-9.,-0.,-18.));
#9162=VERTEX_POINT('',#9161);
#9163=CARTESIAN_POINT('',(0.,0.,-18.));
#9164=DIRECTION('',(-1.,-0.,0.));
#9165=VECTOR('',#9164,9.);
#9166=LINE('',#9163,#9165);
#9167=EDGE_CURVE('',#9145,#9162,#9166,.T.);
#9168=ORIENTED_EDGE('',*,*,#9167,.F.);
#9169=ORIENTED_EDGE('',*,*,#9151,.T.);
#9170=ORIENTED_EDGE('',*,*,#9167,.T.);
#9171=CARTESIAN_POINT('',(-9.,0.,0.));
#9172=DIRECTION('',(1.,0.,0.));
#9173=DIRECTION('',(0.,0.,-1.));
#9174=AXIS2_PLACEMENT_3D('',#9171,#9172,#9173);
#9175=CIRCLE('',#9174,18.);
#9176=EDGE_CURVE('',#9162,#9162,#9175,.T.);
#9177=ORIENTED_EDGE('',*,*,#9176,.F.);
#9178=EDGE_LOOP('',(#9168,#9169,#9170,#9177));
#9179=FACE_BOUND('',#9178,.T.);
#9180=ADVANCED_FACE('',(#9179),#9160,.F.);
#9181=CARTESIAN_POINT('',(-9.,0.,7.));
#9182=DIRECTION('',(1.,0.,0.));
#9183=DIRECTION('',(0.,0.,-1.));
#9184=AXIS2_PLACEMENT_3D('',#9181,#9182,#9183);
#9185=PLANE('',#9184);
#9186=ORIENTED_EDGE('',*,*,#9176,.T.);
#9187=EDGE_LOOP('',(#9186));
#9188=FACE_BOUND('',#9187,.T.);
#9189=CARTESIAN_POINT('',(-9.,-0.,-7.));
#9190=VERTEX_POINT('',#9189);
#9191=CARTESIAN_POINT('',(-9.,0.,0.));
#9192=DIRECTION('',(1.,0.,0.));
#9193=DIRECTION('',(0.,0.,-1.));
#9194=AXIS2_PLACEMENT_3D('',#9191,#9192,#9193);
#9195=CIRCLE('',#9194,7.);
#9196=EDGE_CURVE('',#9190,#9190,#9195,.T.);
#9197=ORIENTED_EDGE('',*,*,#9196,.F.);
#9198=EDGE_LOOP('',(#9197));
#9199=FACE_BOUND('',#9198,.T.);
#9200=ADVANCED_FACE('',(#9188,#9199),#9185,.T.);
#9201=CARTESIAN_POINT('',(0.,0.,0.));
#9202=DIRECTION('',(1.,0.,0.));
#9203=DIRECTION('',(0.,0.,-1.));
#9204=AXIS2_PLACEMENT_3D('',#9201,#9202,#9203);
#9205=CYLINDRICAL_SURFACE('',#9204,7.);
#9206=CARTESIAN_POINT('',(-3.,-0.,-7.));
#9207=VERTEX_POINT('',#9206);
#9208=CARTESIAN_POINT('',(-3.,0.,-7.));
#9209=DIRECTION('',(-1.,-0.,0.));
#9210=VECTOR('',#9209,6.);
#9211=LINE('',#9208,#9210);
#9212=EDGE_CURVE('',#9207,#9190,#9211,.T.);
#9213=ORIENTED_EDGE('',*,*,#9212,.T.);
#9214=ORIENTED_EDGE('',*,*,#9196,.T.);
#9215=ORIENTED_EDGE('',*,*,#9212,.F.);
#9216=CARTESIAN_POINT('',(-3.,0.,0.));
#9217=DIRECTION('',(1.,0.,0.));
#9218=DIRECTION('',(0.,0.,-1.));
#9219=AXIS2_PLACEMENT_3D('',#9216,#9217,#9218);
#9220=CIRCLE('',#9219,7.);
#9221=EDGE_CURVE('',#9207,#9207,#9220,.T.);
#9222=ORIENTED_EDGE('',*,*,#9221,.F.);
#9223=EDGE_LOOP('',(#9213,#9214,#9215,#9222));
#9224=FACE_BOUND('',#9223,.T.);
#9225=ADVANCED_FACE('',(#9224),#9205,.T.);
#9226=CARTESIAN_POINT('',(-3.,0.,7.));
#9227=DIRECTION('',(1.,0.,0.));
#9228=DIRECTION('',(0.,0.,-1.));
#9229=AXIS2_PLACEMENT_3D('',#9226,#9227,#9228);
#9230=PLANE('',#9229);
#9231=ORIENTED_EDGE('',*,*,#9221,.T.);
#9232=EDGE_LOOP('',(#9231));
#9233=FACE_BOUND('',#9232,.T.);
#9234=CARTESIAN_POINT('',(-3.,-0.,-5.));
#9235=VERTEX_POINT('',#9234);
#9236=CARTESIAN_POINT('',(-3.,0.,0.));
#9237=DIRECTION('',(1.,0.,0.));
#9238=DIRECTION('',(0.,0.,-1.));
#9239=AXIS2_PLACEMENT_3D('',#9236,#9237,#9238);
#9240=CIRCLE('',#9239,5.);
#9241=EDGE_CURVE('',#9235,#9235,#9240,.T.);
#9242=ORIENTED_EDGE('',*,*,#9241,.F.);
#9243=EDGE_LOOP('',(#9242));
#9244=FACE_BOUND('',#9243,.T.);
#9245=ADVANCED_FACE('',(#9233,#9244),#9230,.T.);
#9246=CARTESIAN_POINT('',(-6.,0.,0.));
#9247=DIRECTION('',(1.,0.,0.));
#9248=DIRECTION('',(0.,0.,-1.));
#9249=AXIS2_PLACEMENT_3D('',#9246,#9247,#9248);
#9250=CONICAL_SURFACE('',#9249,4.5,9.462322208);
#9251=CARTESIAN_POINT('',(-6.,-0.,-4.5));
#9252=VERTEX_POINT('',#9251);
#9253=CARTESIAN_POINT('',(-3.,0.,-5.));
#9254=DIRECTION('',(-0.986393924,-0.,0.164398987));
#9255=VECTOR('',#9254,3.041381265);
#9256=LINE('',#9253,#9255);
#9257=EDGE_CURVE('',#9235,#9252,#9256,.T.);
#9258=ORIENTED_EDGE('',*,*,#9257,.F.);
#9259=ORIENTED_EDGE('',*,*,#9241,.T.);
#9260=ORIENTED_EDGE('',*,*,#9257,.T.);
#9261=CARTESIAN_POINT('',(-6.,0.,0.));
#9262=DIRECTION('',(1.,0.,0.));
#9263=DIRECTION('',(0.,0.,-1.));
#9264=AXIS2_PLACEMENT_3D('',#9261,#9262,#9263);
#9265=CIRCLE('',#9264,4.5);
#9266=EDGE_CURVE('',#9252,#9252,#9265,.T.);
#9267=ORIENTED_EDGE('',*,*,#9266,.F.);
#9268=EDGE_LOOP('',(#9258,#9259,#9260,#9267));
#9269=FACE_BOUND('',#9268,.T.);
#9270=ADVANCED_FACE('',(#9269),#9250,.F.);
#9271=CARTESIAN_POINT('',(0.,0.,0.));
#9272=DIRECTION('',(1.,0.,0.));
#9273=DIRECTION('',(0.,0.,-1.));
#9274=AXIS2_PLACEMENT_3D('',#9271,#9272,#9273);
#9275=CYLINDRICAL_SURFACE('',#9274,4.5);
#9276=CARTESIAN_POINT('',(-11.5,-0.,-4.5));
#9277=VERTEX_POINT('',#9276);
#9278=CARTESIAN_POINT('',(-6.,0.,-4.5));
#9279=DIRECTION('',(-1.,-0.,0.));
#9280=VECTOR('',#9279,5.5);
#9281=LINE('',#9278,#9280);
#9282=EDGE_CURVE('',#9252,#9277,#9281,.T.);
#9283=ORIENTED_EDGE('',*,*,#9282,.F.);
#9284=ORIENTED_EDGE('',*,*,#9266,.T.);
#9285=ORIENTED_EDGE('',*,*,#9282,.T.);
#9286=CARTESIAN_POINT('',(-11.5,0.,0.));
#9287=DIRECTION('',(1.,0.,0.));
#9288=DIRECTION('',(0.,0.,-1.));
#9289=AXIS2_PLACEMENT_3D('',#9286,#9287,#9288);
#9290=CIRCLE('',#9289,4.5);
#9291=EDGE_CURVE('',#9277,#9277,#9290,.T.);
#9292=ORIENTED_EDGE('',*,*,#9291,.F.);
#9293=EDGE_LOOP('',(#9283,#9284,#9285,#9292));
#9294=FACE_BOUND('',#9293,.T.);
#9295=ADVANCED_FACE('',(#9294),#9275,.F.);
#9296=CARTESIAN_POINT('',(-11.5,0.,8.5));
#9297=DIRECTION('',(-1.,0.,0.));
#9298=DIRECTION('',(0.,0.,1.));
#9299=AXIS2_PLACEMENT_3D('',#9296,#9297,#9298);
#9300=PLANE('',#9299);
#9301=ORIENTED_EDGE('',*,*,#9291,.T.);
#9302=EDGE_LOOP('',(#9301));
#9303=FACE_BOUND('',#9302,.T.);
#9304=CARTESIAN_POINT('',(-11.5,-0.,-8.5));
#9305=VERTEX_POINT('',#9304);
#9306=CARTESIAN_POINT('',(-11.5,0.,0.));
#9307=DIRECTION('',(1.,0.,0.));
#9308=DIRECTION('',(0.,0.,-1.));
#9309=AXIS2_PLACEMENT_3D('',#9306,#9307,#9308);
#9310=CIRCLE('',#9309,8.5);
#9311=EDGE_CURVE('',#9305,#9305,#9310,.T.);
#9312=ORIENTED_EDGE('',*,*,#9311,.F.);
#9313=EDGE_LOOP('',(#9312));
#9314=FACE_BOUND('',#9313,.T.);
#9315=ADVANCED_FACE('',(#9303,#9314),#9300,.T.);
#9316=CARTESIAN_POINT('',(0.,0.,0.));
#9317=DIRECTION('',(1.,0.,0.));
#9318=DIRECTION('',(0.,0.,-1.));
#9319=AXIS2_PLACEMENT_3D('',#9316,#9317,#9318);
#9320=CYLINDRICAL_SURFACE('',#9319,8.5);
#9321=CARTESIAN_POINT('',(-10.5,-0.,-8.5));
#9322=VERTEX_POINT('',#9321);
#9323=CARTESIAN_POINT('',(-10.5,0.,-8.5));
#9324=DIRECTION('',(-1.,-0.,0.));
#9325=VECTOR('',#9324,1.);
#9326=LINE('',#9323,#9325);
#9327=EDGE_CURVE('',#9322,#9305,#9326,.T.);
#9328=ORIENTED_EDGE('',*,*,#9327,.T.);
#9329=ORIENTED_EDGE('',*,*,#9311,.T.);
#9330=ORIENTED_EDGE('',*,*,#9327,.F.);
#9331=CARTESIAN_POINT('',(-10.5,0.,0.));
#9332=DIRECTION('',(1.,0.,0.));
#9333=DIRECTION('',(0.,0.,-1.));
#9334=AXIS2_PLACEMENT_3D('',#9331,#9332,#9333);
#9335=CIRCLE('',#9334,8.5);
#9336=EDGE_CURVE('',#9322,#9322,#9335,.T.);
#9337=ORIENTED_EDGE('',*,*,#9336,.F.);
#9338=EDGE_LOOP('',(#9328,#9329,#9330,#9337));
#9339=FACE_BOUND('',#9338,.T.);
#9340=ADVANCED_FACE('',(#9339),#9320,.T.);
#9341=CARTESIAN_POINT('',(-10.5,0.,16.5));
#9342=DIRECTION('',(-1.,0.,0.));
#9343=DIRECTION('',(0.,0.,1.));
#9344=AXIS2_PLACEMENT_3D('',#9341,#9342,#9343);
#9345=PLANE('',#9344);
#9346=ORIENTED_EDGE('',*,*,#9336,.T.);
#9347=EDGE_LOOP('',(#9346));
#9348=FACE_BOUND('',#9347,.T.);
#9349=CARTESIAN_POINT('',(-10.5,-0.,-16.5));
#9350=VERTEX_POINT('',#9349);
#9351=CARTESIAN_POINT('',(-10.5,0.,0.));
#9352=DIRECTION('',(1.,0.,0.));
#9353=DIRECTION('',(0.,0.,-1.));
#9354=AXIS2_PLACEMENT_3D('',#9351,#9352,#9353);
#9355=CIRCLE('',#9354,16.5);
#9356=EDGE_CURVE('',#9350,#9350,#9355,.T.);
#9357=ORIENTED_EDGE('',*,*,#9356,.F.);
#9358=EDGE_LOOP('',(#9357));
#9359=FACE_BOUND('',#9358,.T.);
#9360=ADVANCED_FACE('',(#9348,#9359),#9345,.T.);
#9361=CARTESIAN_POINT('',(0.,0.,0.));
#9362=DIRECTION('',(1.,0.,0.));
#9363=DIRECTION('',(0.,0.,-1.));
#9364=AXIS2_PLACEMENT_3D('',#9361,#9362,#9363);
#9365=CYLINDRICAL_SURFACE('',#9364,16.5);
#9366=CARTESIAN_POINT('',(-16.,-0.,-16.5));
#9367=VERTEX_POINT('',#9366);
#9368=CARTESIAN_POINT('',(-10.5,0.,-16.5));
#9369=DIRECTION('',(-1.,-0.,0.));
#9370=VECTOR('',#9369,5.5);
#9371=LINE('',#9368,#9370);
#9372=EDGE_CURVE('',#9350,#9367,#9371,.T.);
#9373=ORIENTED_EDGE('',*,*,#9372,.F.);
#9374=ORIENTED_EDGE('',*,*,#9356,.T.);
#9375=ORIENTED_EDGE('',*,*,#9372,.T.);
#9376=CARTESIAN_POINT('',(-16.,0.,0.));
#9377=DIRECTION('',(1.,0.,0.));
#9378=DIRECTION('',(0.,0.,-1.));
#9379=AXIS2_PLACEMENT_3D('',#9376,#9377,#9378);
#9380=CIRCLE('',#9379,16.5);
#9381=EDGE_CURVE('',#9367,#9367,#9380,.T.);
#9382=ORIENTED_EDGE('',*,*,#9381,.F.);
#9383=EDGE_LOOP('',(#9373,#9374,#9375,#9382));
#9384=FACE_BOUND('',#9383,.T.);
#9385=ADVANCED_FACE('',(#9384),#9365,.F.);
#9386=CARTESIAN_POINT('',(-16.,0.,19.));
#9387=DIRECTION('',(-1.,0.,0.));
#9388=DIRECTION('',(0.,0.,1.));
#9389=AXIS2_PLACEMENT_3D('',#9386,#9387,#9388);
#9390=PLANE('',#9389);
#9391=CARTESIAN_POINT('',(-16.,-0.,18.060548779));
#9392=VERTEX_POINT('',#9391);
#9393=CARTESIAN_POINT('',(-16.,0.,0.));
#9394=DIRECTION('',(-1.,0.,0.));
#9395=DIRECTION('',(0.,0.,1.));
#9396=AXIS2_PLACEMENT_3D('',#9393,#9394,#9395);
#9397=CIRCLE('',#9396,18.060548779);
#9398=EDGE_CURVE('',#9392,#9392,#9397,.T.);
#9399=ORIENTED_EDGE('',*,*,#9398,.T.);
#9400=EDGE_LOOP('',(#9399));
#9401=FACE_BOUND('',#9400,.T.);
#9402=ORIENTED_EDGE('',*,*,#9381,.T.);
#9403=EDGE_LOOP('',(#9402));
#9404=FACE_BOUND('',#9403,.T.);
#9405=ADVANCED_FACE('',(#9401,#9404),#9390,.T.);
#9406=CARTESIAN_POINT('',(-15.,0.,0.));
#9407=DIRECTION('',(-1.,0.,0.));
#9408=DIRECTION('',(0.,0.,1.));
#9409=AXIS2_PLACEMENT_3D('',#9406,#9407,#9408);
#9410=TOROIDAL_SURFACE('',#9409,18.060548779,1.);
#9411=CARTESIAN_POINT('',(-15.,0.,18.060548779));
#9412=DIRECTION('',(-0.,1.,-0.));
#9413=DIRECTION('',(0.,0.,1.));
#9414=AXIS2_PLACEMENT_3D('',#9411,#9412,#9413);
#9415=CIRCLE('',#9414,1.);
#9416=EDGE_CURVE('',#9392,#9110,#9415,.T.);
#9417=ORIENTED_EDGE('',*,*,#9416,.T.);
#9418=ORIENTED_EDGE('',*,*,#9116,.F.);
#9419=ORIENTED_EDGE('',*,*,#9123,.F.);
#9420=ORIENTED_EDGE('',*,*,#9416,.F.);
#9421=ORIENTED_EDGE('',*,*,#9398,.F.);
#9422=EDGE_LOOP('',(#9417,#9418,#9419,#9420,#9421));
#9423=FACE_BOUND('',#9422,.T.);
#9424=ADVANCED_FACE('',(#9423),#9410,.T.);
#9425=CLOSED_SHELL('',(#9135,#9155,#9180,#9200,#9225,#9245,#9270,#9295,#9315,#9340,#9360,#9385,#9405,#9424));
#9426=MANIFOLD_SOLID_BREP('3D \X2\0444044004300433043C0435043D0442\X0\_1',#9425);
#9093=STYLED_ITEM('',(#686),#9426);
#9427=DERIVED_UNIT_ELEMENT(#9070,3.0);
#9428=DERIVED_UNIT((#9427));
#9429=MEASURE_REPRESENTATION_ITEM('volume measure',VOLUME_MEASURE(5820.334313),#9428);
#9430=DERIVED_UNIT_ELEMENT(#9070,2.0);
#9431=DERIVED_UNIT((#9430));
#9432=MEASURE_REPRESENTATION_ITEM('surface area measure',AREA_MEASURE(6318.907101),#9431);
#9433=CARTESIAN_POINT('centre point',(-8.66972658,0.,-0.));
#9434=CARTESIAN_POINT('bounding box corner point',(-16.00000076,-19.999999553,-19.999999553));
#9435=CARTESIAN_POINT('bounding box corner point',(0.,19.999999553,19.999999553));
#9436=ID_ATTRIBUTE('SA #9437',#9437);
#9437=SHAPE_ASPECT('properties','',#9081,.F.);
#9438=GEOMETRIC_ITEM_SPECIFIC_USAGE('','properties',#9437,#9075,#9426);
#9439=PROPERTY_DEFINITION('geometric validation property','',#9437);
#9440=REPRESENTATION('',(#9429,#9432,#9433,#9434,#9435),#9072);
#9441=PROPERTY_DEFINITION_REPRESENTATION(#9439,#9440);
#9074=SHAPE_REPRESENTATION('3D \X2\0444044004300433043C0435043D0442\X0\_1',(#15),#9072);
#9075=ADVANCED_BREP_SHAPE_REPRESENTATION('3D \X2\0444044004300433043C0435043D0442\X0\_1',(#9426),#9072);
#9449=SHAPE_REPRESENTATION_RELATIONSHIP('','',#9074,#9075);
#9450=CARTESIAN_POINT('',(0.,0.,0.));
#9451=DIRECTION('',(0.,0.,1.));
#9452=DIRECTION('',(1.,0.,0.));
#9453=AXIS2_PLACEMENT_3D('',#9450,#9451,#9452);
#9455=MAPPED_ITEM('',#9454,#9453);
#9454=REPRESENTATION_MAP(#9453,#9074);
#9082=PRODUCT('3D \X2\0444044004300433043C0435043D0442\X0\_1','3D \X2\0444044004300433043C0435043D0442\X0\_1','',(#718));
#9456=PRODUCT_RELATED_PRODUCT_CATEGORY('part','',(#9082));
#9457=PRODUCT_DEFINITION_FORMATION_WITH_SPECIFIED_SOURCE('','',#9082,.NOT_KNOWN.);
#9083=PRODUCT_DEFINITION('design','',#9457,#719);
#9081=PRODUCT_DEFINITION_SHAPE('','',#9083);
#9458=SHAPE_DEFINITION_REPRESENTATION(#9081,#9074);
#9073=DRAUGHTING_MODEL('',(#9455),#9072);
#9459=DERIVED_UNIT_ELEMENT(#9070,3.0);
#9460=DERIVED_UNIT((#9459));
#9461=MEASURE_REPRESENTATION_ITEM('volume measure',VOLUME_MEASURE(5820.334313),#9460);
#9462=DERIVED_UNIT_ELEMENT(#9070,2.0);
#9463=DERIVED_UNIT((#9462));
#9464=MEASURE_REPRESENTATION_ITEM('surface area measure',AREA_MEASURE(6318.907101),#9463);
#9465=CARTESIAN_POINT('centre point',(-8.66972658,0.,-0.));
#9466=CARTESIAN_POINT('bounding box corner point',(-16.00000076,-19.999999553,-19.999999553));
#9467=CARTESIAN_POINT('bounding box corner point',(0.,19.999999553,19.999999553));
#9468=PROPERTY_DEFINITION('geometric validation property','',#9083);
#9469=REPRESENTATION('',(#9461,#9464,#9465,#9466,#9467),#9072);
#9470=PROPERTY_DEFINITION_REPRESENTATION(#9468,#9469);
#35=SHAPE_REPRESENTATION('3D \X2\0444044004300433043C0435043D0442\X0\_6',(#15,#76,#757,#1112,#1284,#2062,#9087),#33);
#9471=CARTESIAN_POINT('',(0.,0.,0.));
#9472=DIRECTION('',(0.,0.,1.));
#9473=DIRECTION('',(1.,0.,0.));
#9474=AXIS2_PLACEMENT_3D('',#9471,#9472,#9473);
#9476=MAPPED_ITEM('',#9475,#9474);
#9475=REPRESENTATION_MAP(#9474,#35);
#43=PRODUCT('3D \X2\0444044004300433043C0435043D0442\X0\_6','3D \X2\0444044004300433043C0435043D0442\X0\_6','',(#718));
#9477=PRODUCT_RELATED_PRODUCT_CATEGORY('part','',(#43));
#9478=PRODUCT_DEFINITION_FORMATION_WITH_SPECIFIED_SOURCE('','',#43,.NOT_KNOWN.);
#44=PRODUCT_DEFINITION('design','',#9478,#719);
#42=PRODUCT_DEFINITION_SHAPE('','',#44);
#9479=SHAPE_DEFINITION_REPRESENTATION(#42,#35);
#34=DRAUGHTING_MODEL('',(#9476),#33);
#9480=DERIVED_UNIT_ELEMENT(#31,3.0);
#9481=DERIVED_UNIT((#9480));
#9482=MEASURE_REPRESENTATION_ITEM('volume measure',VOLUME_MEASURE(8570.792513),#9481);
#9483=DERIVED_UNIT_ELEMENT(#31,2.0);
#9484=DERIVED_UNIT((#9483));
#9485=MEASURE_REPRESENTATION_ITEM('surface area measure',AREA_MEASURE(10673.884313),#9484);
#9486=CARTESIAN_POINT('centre point',(-10.18708501,0.,-0.));
#9487=CARTESIAN_POINT('bounding box corner point',(-16.00000076,-19.999999553,-19.999999553));
#9488=CARTESIAN_POINT('bounding box corner point',(0.,19.999999553,19.999999553));
#9489=PROPERTY_DEFINITION('geometric validation property','',#44);
#9490=REPRESENTATION('',(#9482,#9485,#9486,#9487,#9488),#33);
#9491=PROPERTY_DEFINITION_REPRESENTATION(#9489,#9490);
#9492=(NAMED_UNIT(*)PLANE_ANGLE_UNIT()SI_UNIT($,.RADIAN.));
#9493=PLANE_ANGLE_MEASURE_WITH_UNIT(PLANE_ANGLE_MEASURE(0.0174532925),#9492);
#9494=(CONVERSION_BASED_UNIT('DEGREE',#9493)NAMED_UNIT(#9495)PLANE_ANGLE_UNIT());
#9495=DIMENSIONAL_EXPONENTS(0.,0.,0.,0.,0.,0.,0.);
#9496=(NAMED_UNIT(*)SI_UNIT($,.STERADIAN.)SOLID_ANGLE_UNIT());
#9497=(LENGTH_UNIT()NAMED_UNIT(*)SI_UNIT(.MILLI.,.METRE.));
#9498=UNCERTAINTY_MEASURE_WITH_UNIT(LENGTH_MEASURE(1.000000E-05),#9497,'DISTANCE_ACCURACY_VALUE','Maximum Tolerance applied to model');
#9499=(GEOMETRIC_REPRESENTATION_CONTEXT(3)GLOBAL_UNCERTAINTY_ASSIGNED_CONTEXT((#9498))GLOBAL_UNIT_ASSIGNED_CONTEXT((#9497,#9494,#9496))REPRESENTATION_CONTEXT('','3D \X2\0444044004300433043C0435043D0442\X0\_5'));
#9511=CARTESIAN_POINT('',(-66.,17.9,50.));
#9512=DIRECTION('',(0.,-0.,1.));
#9513=DIRECTION('',(0.,1.,0.));
#9514=AXIS2_PLACEMENT_3D('',#9511,#9512,#9513);
#9515=ITEM_DEFINED_TRANSFORMATION('','',#9514,#15);
#9516=(REPRESENTATION_RELATIONSHIP('','',#9501,#16)REPRESENTATION_RELATIONSHIP_WITH_TRANSFORMATION(#9515)SHAPE_REPRESENTATION_RELATIONSHIP());
#9517=NEXT_ASSEMBLY_USAGE_OCCURRENCE('3D \X2\0444044004300433043C0435043D0442\X0\_5_8','3D \X2\0444044004300433043C0435043D0442\X0\_5','3D \X2\0444044004300433043C0435043D0442\X0\_5',#25,#9510,$);
#9518=PRODUCT_DEFINITION_SHAPE('','',#9517);
#9519=CONTEXT_DEPENDENT_SHAPE_REPRESENTATION(#9516,#9518);
#9521=CARTESIAN_POINT('',(0.,0.,0.));
#9522=DIRECTION('',(1.,0.,0.));
#9523=DIRECTION('',(0.,0.,-1.));
#9524=AXIS2_PLACEMENT_3D('',#9521,#9522,#9523);
#9525=PLANE('',#9524);
#9526=CARTESIAN_POINT('',(0.,-2.291287847,1.));
#9527=VERTEX_POINT('',#9526);
#9528=CARTESIAN_POINT('',(0.,-0.,-2.5));
#9529=VERTEX_POINT('',#9528);
#9530=CARTESIAN_POINT('',(0.,0.,0.));
#9531=DIRECTION('',(1.,0.,0.));
#9532=DIRECTION('',(0.,0.,-1.));
#9533=AXIS2_PLACEMENT_3D('',#9530,#9531,#9532);
#9534=CIRCLE('',#9533,2.5);
#9535=EDGE_CURVE('',#9527,#9529,#9534,.T.);
#9536=ORIENTED_EDGE('',*,*,#9535,.T.);
#9537=CARTESIAN_POINT('',(0.,2.291287847,1.));
#9538=VERTEX_POINT('',#9537);
#9539=CARTESIAN_POINT('',(0.,0.,0.));
#9540=DIRECTION('',(1.,0.,0.));
#9541=DIRECTION('',(0.,0.,-1.));
#9542=AXIS2_PLACEMENT_3D('',#9539,#9540,#9541);
#9543=CIRCLE('',#9542,2.5);
#9544=EDGE_CURVE('',#9529,#9538,#9543,.T.);
#9545=ORIENTED_EDGE('',*,*,#9544,.T.);
#9546=CARTESIAN_POINT('',(0.,2.291287847,1.));
#9547=DIRECTION('',(0.,-1.,-0.));
#9548=VECTOR('',#9547,4.582575695);
#9549=LINE('',#9546,#9548);
#9550=EDGE_CURVE('',#9538,#9527,#9549,.T.);
#9551=ORIENTED_EDGE('',*,*,#9550,.T.);
#9552=EDGE_LOOP('',(#9536,#9545,#9551));
#9553=FACE_BOUND('',#9552,.T.);
#9554=ADVANCED_FACE('',(#9553),#9525,.T.);
#9555=CARTESIAN_POINT('',(0.,0.,0.));
#9556=DIRECTION('',(1.,0.,0.));
#9557=DIRECTION('',(0.,0.,-1.));
#9558=AXIS2_PLACEMENT_3D('',#9555,#9556,#9557);
#9559=CYLINDRICAL_SURFACE('',#9558,2.5);
#9560=CARTESIAN_POINT('',(-18.,-0.,-2.5));
#9561=VERTEX_POINT('',#9560);
#9562=CARTESIAN_POINT('',(0.,0.,-2.5));
#9563=DIRECTION('',(-1.,-0.,0.));
#9564=VECTOR('',#9563,18.);
#9565=LINE('',#9562,#9564);
#9566=EDGE_CURVE('',#9529,#9561,#9565,.T.);
#9567=ORIENTED_EDGE('',*,*,#9566,.T.);
#9568=CARTESIAN_POINT('',(-18.,0.,0.));
#9569=DIRECTION('',(1.,0.,0.));
#9570=DIRECTION('',(0.,0.,-1.));
#9571=AXIS2_PLACEMENT_3D('',#9568,#9569,#9570);
#9572=CIRCLE('',#9571,2.5);
#9573=EDGE_CURVE('',#9561,#9561,#9572,.T.);
#9574=ORIENTED_EDGE('',*,*,#9573,.T.);
#9575=ORIENTED_EDGE('',*,*,#9566,.F.);
#9576=ORIENTED_EDGE('',*,*,#9535,.F.);
#9577=CARTESIAN_POINT('',(-10.,-2.291287847,1.));
#9578=VERTEX_POINT('',#9577);
#9579=CARTESIAN_POINT('',(0.,-2.291287847,1.));
#9580=DIRECTION('',(-1.,-0.,0.));
#9581=VECTOR('',#9580,10.);
#9582=LINE('',#9579,#9581);
#9583=EDGE_CURVE('',#9527,#9578,#9582,.T.);
#9584=ORIENTED_EDGE('',*,*,#9583,.T.);
#9585=CARTESIAN_POINT('',(-10.,2.291287847,1.));
#9586=VERTEX_POINT('',#9585);
#9587=CARTESIAN_POINT('',(-10.,0.,0.));
#9588=DIRECTION('',(1.,-0.,-0.));
#9589=DIRECTION('',(0.,0.,1.));
#9590=AXIS2_PLACEMENT_3D('',#9587,#9588,#9589);
#9591=CIRCLE('',#9590,2.5);
#9592=EDGE_CURVE('',#9586,#9578,#9591,.T.);
#9593=ORIENTED_EDGE('',*,*,#9592,.F.);
#9594=CARTESIAN_POINT('',(-10.,2.291287847,1.));
#9595=DIRECTION('',(1.,0.,-0.));
#9596=VECTOR('',#9595,10.);
#9597=LINE('',#9594,#9596);
#9598=EDGE_CURVE('',#9586,#9538,#9597,.T.);
#9599=ORIENTED_EDGE('',*,*,#9598,.T.);
#9600=ORIENTED_EDGE('',*,*,#9544,.F.);
#9601=EDGE_LOOP('',(#9567,#9574,#9575,#9576,#9584,#9593,#9599,#9600));
#9602=FACE_BOUND('',#9601,.T.);
#9603=ADVANCED_FACE('',(#9602),#9559,.T.);
#9604=CARTESIAN_POINT('',(-18.,0.,2.5));
#9605=DIRECTION('',(-1.,0.,0.));
#9606=DIRECTION('',(0.,0.,1.));
#9607=AXIS2_PLACEMENT_3D('',#9604,#9605,#9606);
#9608=PLANE('',#9607);
#9609=ORIENTED_EDGE('',*,*,#9573,.F.);
#9610=EDGE_LOOP('',(#9609));
#9611=FACE_BOUND('',#9610,.T.);
#9612=ADVANCED_FACE('',(#9611),#9608,.T.);
#9613=CARTESIAN_POINT('',(-10.,2.5,1.));
#9614=DIRECTION('',(0.,-0.,1.));
#9615=DIRECTION('',(0.,-1.,-0.));
#9616=AXIS2_PLACEMENT_3D('',#9613,#9614,#9615);
#9617=PLANE('',#9616);
#9618=ORIENTED_EDGE('',*,*,#9550,.F.);
#9619=ORIENTED_EDGE('',*,*,#9598,.F.);
#9620=CARTESIAN_POINT('',(-10.,2.291287847,1.));
#9621=DIRECTION('',(0.,-1.,-0.));
#9622=VECTOR('',#9621,4.582575695);
#9623=LINE('',#9620,#9622);
#9624=EDGE_CURVE('',#9586,#9578,#9623,.T.);
#9625=ORIENTED_EDGE('',*,*,#9624,.T.);
#9626=ORIENTED_EDGE('',*,*,#9583,.F.);
#9627=EDGE_LOOP('',(#9618,#9619,#9625,#9626));
#9628=FACE_BOUND('',#9627,.T.);
#9629=ADVANCED_FACE('',(#9628),#9617,.T.);
#9630=CARTESIAN_POINT('',(-10.,0.,0.));
#9631=DIRECTION('',(-1.,0.,0.));
#9632=DIRECTION('',(0.,-1.,0.));
#9633=AXIS2_PLACEMENT_3D('',#9630,#9631,#9632);
#9634=PLANE('',#9633);
#9635=ORIENTED_EDGE('',*,*,#9592,.T.);
#9636=ORIENTED_EDGE('',*,*,#9624,.F.);
#9637=EDGE_LOOP('',(#9635,#9636));
#9638=FACE_BOUND('',#9637,.T.);
#9639=ADVANCED_FACE('',(#9638),#9634,.F.);
#9640=CLOSED_SHELL('',(#9554,#9603,#9612,#9629,#9639));
#9641=MANIFOLD_SOLID_BREP('3D \X2\0444044004300433043C0435043D0442\X0\_5',#9640);
#9520=STYLED_ITEM('',(#1217),#9641);
#9642=DERIVED_UNIT_ELEMENT(#9497,3.0);
#9643=DERIVED_UNIT((#9642));
#9644=MEASURE_REPRESENTATION_ITEM('volume measure',VOLUME_MEASURE(303.757642),#9643);
#9645=DERIVED_UNIT_ELEMENT(#9497,2.0);
#9646=DERIVED_UNIT((#9645));
#9647=MEASURE_REPRESENTATION_ITEM('surface area measure',AREA_MEASURE(309.822110),#9646);
#9648=CARTESIAN_POINT('centre point',(-9.652197157,0.,-0.26384855));
#9649=CARTESIAN_POINT('bounding box corner point',(-17.999999225,-2.499999944,-2.499999944));
#9650=CARTESIAN_POINT('bounding box corner point',(0.,2.499999944,2.499999944));
#9651=ID_ATTRIBUTE('SA #9652',#9652);
#9652=SHAPE_ASPECT('properties','',#9508,.F.);
#9653=GEOMETRIC_ITEM_SPECIFIC_USAGE('','properties',#9652,#9502,#9641);
#9654=PROPERTY_DEFINITION('geometric validation property','',#9652);
#9655=REPRESENTATION('',(#9644,#9647,#9648,#9649,#9650),#9499);
#9656=PROPERTY_DEFINITION_REPRESENTATION(#9654,#9655);
#9501=SHAPE_REPRESENTATION('3D \X2\0444044004300433043C0435043D0442\X0\_5',(#15),#9499);
#9502=ADVANCED_BREP_SHAPE_REPRESENTATION('3D \X2\0444044004300433043C0435043D0442\X0\_5',(#9641),#9499);
#9664=SHAPE_REPRESENTATION_RELATIONSHIP('','',#9501,#9502);
#9665=CARTESIAN_POINT('',(0.,0.,0.));
#9666=DIRECTION('',(0.,0.,1.));
#9667=DIRECTION('',(1.,0.,0.));
#9668=AXIS2_PLACEMENT_3D('',#9665,#9666,#9667);
#9670=MAPPED_ITEM('',#9669,#9668);
#9669=REPRESENTATION_MAP(#9668,#9501);
#9509=PRODUCT('3D \X2\0444044004300433043C0435043D0442\X0\_5','3D \X2\0444044004300433043C0435043D0442\X0\_5','',(#718));
#9671=PRODUCT_RELATED_PRODUCT_CATEGORY('part','',(#9509));
#9672=PRODUCT_DEFINITION_FORMATION_WITH_SPECIFIED_SOURCE('','',#9509,.NOT_KNOWN.);
#9510=PRODUCT_DEFINITION('design','',#9672,#719);
#9508=PRODUCT_DEFINITION_SHAPE('','',#9510);
#9673=SHAPE_DEFINITION_REPRESENTATION(#9508,#9501);
#9500=DRAUGHTING_MODEL('',(#9670),#9499);
#9674=DERIVED_UNIT_ELEMENT(#9497,3.0);
#9675=DERIVED_UNIT((#9674));
#9676=MEASURE_REPRESENTATION_ITEM('volume measure',VOLUME_MEASURE(303.757642),#9675);
#9677=DERIVED_UNIT_ELEMENT(#9497,2.0);
#9678=DERIVED_UNIT((#9677));
#9679=MEASURE_REPRESENTATION_ITEM('surface area measure',AREA_MEASURE(309.822110),#9678);
#9680=CARTESIAN_POINT('centre point',(-9.652197157,0.,-0.26384855));
#9681=CARTESIAN_POINT('bounding box corner point',(-17.999999225,-2.499999944,-2.499999944));
#9682=CARTESIAN_POINT('bounding box corner point',(0.,2.499999944,2.499999944));
#9683=PROPERTY_DEFINITION('geometric validation property','',#9510);
#9684=REPRESENTATION('',(#9676,#9679,#9680,#9681,#9682),#9499);
#9685=PROPERTY_DEFINITION_REPRESENTATION(#9683,#9684);
#9686=(NAMED_UNIT(*)PLANE_ANGLE_UNIT()SI_UNIT($,.RADIAN.));
#9687=PLANE_ANGLE_MEASURE_WITH_UNIT(PLANE_ANGLE_MEASURE(0.0174532925),#9686);
#9688=(CONVERSION_BASED_UNIT('DEGREE',#9687)NAMED_UNIT(#9689)PLANE_ANGLE_UNIT());
#9689=DIMENSIONAL_EXPONENTS(0.,0.,0.,0.,0.,0.,0.);
#9690=(NAMED_UNIT(*)SI_UNIT($,.STERADIAN.)SOLID_ANGLE_UNIT());
#9691=(LENGTH_UNIT()NAMED_UNIT(*)SI_UNIT(.MILLI.,.METRE.));
#9692=UNCERTAINTY_MEASURE_WITH_UNIT(LENGTH_MEASURE(1.000000E-05),#9691,'DISTANCE_ACCURACY_VALUE','Maximum Tolerance applied to model');
#9693=(GEOMETRIC_REPRESENTATION_CONTEXT(3)GLOBAL_UNCERTAINTY_ASSIGNED_CONTEXT((#9692))GLOBAL_UNIT_ASSIGNED_CONTEXT((#9691,#9688,#9690))REPRESENTATION_CONTEXT('','3D \X2\0444044004300433043C0435043D0442\X0\_4'));
#9705=CARTESIAN_POINT('',(-131.,-0.1,1.));
#9706=DIRECTION('',(0.,0.,1.));
#9707=DIRECTION('',(-1.,0.,0.));
#9708=AXIS2_PLACEMENT_3D('',#9705,#9706,#9707);
#9709=ITEM_DEFINED_TRANSFORMATION('','',#9708,#15);
#9710=(REPRESENTATION_RELATIONSHIP('','',#9695,#16)REPRESENTATION_RELATIONSHIP_WITH_TRANSFORMATION(#9709)SHAPE_REPRESENTATION_RELATIONSHIP());
#9711=NEXT_ASSEMBLY_USAGE_OCCURRENCE('3D \X2\0444044004300433043C0435043D0442\X0\_4_9','3D \X2\0444044004300433043C0435043D0442\X0\_4','3D \X2\0444044004300433043C0435043D0442\X0\_4',#25,#9704,$);
#9712=PRODUCT_DEFINITION_SHAPE('','',#9711);
#9713=CONTEXT_DEPENDENT_SHAPE_REPRESENTATION(#9710,#9712);
#9715=CARTESIAN_POINT('',(-25.,2.,89.));
#9716=DIRECTION('',(1.,0.,0.));
#9717=DIRECTION('',(0.,0.,-1.));
#9718=AXIS2_PLACEMENT_3D('',#9715,#9716,#9717);
#9719=PLANE('',#9718);
#9720=CARTESIAN_POINT('',(-25.,0.,89.));
#9721=VERTEX_POINT('',#9720);
#9722=CARTESIAN_POINT('',(-25.,0.,109.));
#9723=VERTEX_POINT('',#9722);
#9724=CARTESIAN_POINT('',(-25.,0.,89.));
#9725=DIRECTION('',(-0.,0.,1.));
#9726=VECTOR('',#9725,20.);
#9727=LINE('',#9724,#9726);
#9728=EDGE_CURVE('',#9721,#9723,#9727,.T.);
#9729=ORIENTED_EDGE('',*,*,#9728,.T.);
#9730=CARTESIAN_POINT('',(-25.,2.,109.));
#9731=VERTEX_POINT('',#9730);
#9732=CARTESIAN_POINT('',(-25.,2.,109.));
#9733=DIRECTION('',(0.,-1.,0.));
#9734=VECTOR('',#9733,2.);
#9735=LINE('',#9732,#9734);
#9736=EDGE_CURVE('',#9731,#9723,#9735,.T.);
#9737=ORIENTED_EDGE('',*,*,#9736,.F.);
#9738=CARTESIAN_POINT('',(-25.,2.,89.));
#9739=VERTEX_POINT('',#9738);
#9740=CARTESIAN_POINT('',(-25.,2.,89.));
#9741=DIRECTION('',(-0.,0.,1.));
#9742=VECTOR('',#9741,20.);
#9743=LINE('',#9740,#9742);
#9744=EDGE_CURVE('',#9739,#9731,#9743,.T.);
#9745=ORIENTED_EDGE('',*,*,#9744,.F.);
#9746=CARTESIAN_POINT('',(-25.,2.,89.));
#9747=DIRECTION('',(0.,-1.,0.));
#9748=VECTOR('',#9747,2.);
#9749=LINE('',#9746,#9748);
#9750=EDGE_CURVE('',#9739,#9721,#9749,.T.);
#9751=ORIENTED_EDGE('',*,*,#9750,.T.);
#9752=EDGE_LOOP('',(#9729,#9737,#9745,#9751));
#9753=FACE_BOUND('',#9752,.T.);
#9754=ADVANCED_FACE('',(#9753),#9719,.F.);
#9755=CARTESIAN_POINT('',(-25.,2.,109.));
#9756=DIRECTION('',(0.,0.,1.));
#9757=DIRECTION('',(1.,0.,0.));
#9758=AXIS2_PLACEMENT_3D('',#9755,#9756,#9757);
#9759=PLANE('',#9758);
#9760=CARTESIAN_POINT('',(-105.,0.,109.));
#9761=VERTEX_POINT('',#9760);
#9762=CARTESIAN_POINT('',(-25.,0.,109.));
#9763=DIRECTION('',(-1.,0.,0.));
#9764=VECTOR('',#9763,80.);
#9765=LINE('',#9762,#9764);
#9766=EDGE_CURVE('',#9723,#9761,#9765,.T.);
#9767=ORIENTED_EDGE('',*,*,#9766,.T.);
#9768=CARTESIAN_POINT('',(-105.,2.,109.));
#9769=VERTEX_POINT('',#9768);
#9770=CARTESIAN_POINT('',(-105.,2.,109.));
#9771=DIRECTION('',(0.,-1.,0.));
#9772=VECTOR('',#9771,2.);
#9773=LINE('',#9770,#9772);
#9774=EDGE_CURVE('',#9769,#9761,#9773,.T.);
#9775=ORIENTED_EDGE('',*,*,#9774,.F.);
#9776=CARTESIAN_POINT('',(-25.,2.,109.));
#9777=DIRECTION('',(-1.,0.,0.));
#9778=VECTOR('',#9777,80.);
#9779=LINE('',#9776,#9778);
#9780=EDGE_CURVE('',#9731,#9769,#9779,.T.);
#9781=ORIENTED_EDGE('',*,*,#9780,.F.);
#9782=ORIENTED_EDGE('',*,*,#9736,.T.);
#9783=EDGE_LOOP('',(#9767,#9775,#9781,#9782));
#9784=FACE_BOUND('',#9783,.T.);
#9785=ADVANCED_FACE('',(#9784),#9759,.F.);
#9786=CARTESIAN_POINT('',(-105.,2.,109.));
#9787=DIRECTION('',(-1.,0.,0.));
#9788=DIRECTION('',(0.,0.,1.));
#9789=AXIS2_PLACEMENT_3D('',#9786,#9787,#9788);
#9790=PLANE('',#9789);
#9791=CARTESIAN_POINT('',(-105.,0.,89.));
#9792=VERTEX_POINT('',#9791);
#9793=CARTESIAN_POINT('',(-105.,0.,109.));
#9794=DIRECTION('',(0.,0.,-1.));
#9795=VECTOR('',#9794,20.);
#9796=LINE('',#9793,#9795);
#9797=EDGE_CURVE('',#9761,#9792,#9796,.T.);
#9798=ORIENTED_EDGE('',*,*,#9797,.T.);
#9799=CARTESIAN_POINT('',(-105.,2.,89.));
#9800=VERTEX_POINT('',#9799);
#9801=CARTESIAN_POINT('',(-105.,2.,89.));
#9802=DIRECTION('',(0.,-1.,0.));
#9803=VECTOR('',#9802,2.);
#9804=LINE('',#9801,#9803);
#9805=EDGE_CURVE('',#9800,#9792,#9804,.T.);
#9806=ORIENTED_EDGE('',*,*,#9805,.F.);
#9807=CARTESIAN_POINT('',(-105.,2.,109.));
#9808=DIRECTION('',(0.,0.,-1.));
#9809=VECTOR('',#9808,20.);
#9810=LINE('',#9807,#9809);
#9811=EDGE_CURVE('',#9769,#9800,#9810,.T.);
#9812=ORIENTED_EDGE('',*,*,#9811,.F.);
#9813=ORIENTED_EDGE('',*,*,#9774,.T.);
#9814=EDGE_LOOP('',(#9798,#9806,#9812,#9813));
#9815=FACE_BOUND('',#9814,.T.);
#9816=ADVANCED_FACE('',(#9815),#9790,.F.);
#9817=CARTESIAN_POINT('',(-4.5,2.,125.5));
#9818=DIRECTION('',(0.,-1.,0.));
#9819=DIRECTION('',(0.,0.,-1.));
#9820=AXIS2_PLACEMENT_3D('',#9817,#9818,#9819);
#9821=CYLINDRICAL_SURFACE('',#9820,2.);
#9822=CARTESIAN_POINT('',(-4.5,0.,123.5));
#9823=VERTEX_POINT('',#9822);
#9824=CARTESIAN_POINT('',(-6.5,0.,125.5));
#9825=VERTEX_POINT('',#9824);
#9826=CARTESIAN_POINT('',(-4.5,0.,125.5));
#9827=DIRECTION('',(0.,1.,0.));
#9828=DIRECTION('',(0.,-0.,1.));
#9829=AXIS2_PLACEMENT_3D('',#9826,#9827,#9828);
#9830=CIRCLE('',#9829,2.);
#9831=EDGE_CURVE('',#9823,#9825,#9830,.T.);
#9832=ORIENTED_EDGE('',*,*,#9831,.F.);
#9833=CARTESIAN_POINT('',(-4.5,2.,123.5));
#9834=VERTEX_POINT('',#9833);
#9835=CARTESIAN_POINT('',(-4.5,2.,123.5));
#9836=DIRECTION('',(0.,-1.,0.));
#9837=VECTOR('',#9836,2.);
#9838=LINE('',#9835,#9837);
#9839=EDGE_CURVE('',#9834,#9823,#9838,.T.);
#9840=ORIENTED_EDGE('',*,*,#9839,.F.);
#9841=CARTESIAN_POINT('',(-6.5,2.,125.5));
#9842=VERTEX_POINT('',#9841);
#9843=CARTESIAN_POINT('',(-4.5,2.,125.5));
#9844=DIRECTION('',(0.,1.,0.));
#9845=DIRECTION('',(0.,-0.,1.));
#9846=AXIS2_PLACEMENT_3D('',#9843,#9844,#9845);
#9847=CIRCLE('',#9846,2.);
#9848=EDGE_CURVE('',#9834,#9842,#9847,.T.);
#9849=ORIENTED_EDGE('',*,*,#9848,.T.);
#9850=CARTESIAN_POINT('',(-6.5,2.,125.5));
#9851=DIRECTION('',(0.,-1.,0.));
#9852=VECTOR('',#9851,2.);
#9853=LINE('',#9850,#9852);
#9854=EDGE_CURVE('',#9842,#9825,#9853,.T.);
#9855=ORIENTED_EDGE('',*,*,#9854,.T.);
#9856=EDGE_LOOP('',(#9832,#9840,#9849,#9855));
#9857=FACE_BOUND('',#9856,.T.);
#9858=ADVANCED_FACE('',(#9857),#9821,.F.);
#9859=CARTESIAN_POINT('',(-4.5,2.,6.5));
#9860=DIRECTION('',(1.,0.,0.));
#9861=DIRECTION('',(0.,0.,-1.));
#9862=AXIS2_PLACEMENT_3D('',#9859,#9860,#9861);
#9863=PLANE('',#9862);
#9864=CARTESIAN_POINT('',(-4.5,0.,6.5));
#9865=VERTEX_POINT('',#9864);
#9866=CARTESIAN_POINT('',(-4.5,0.,6.5));
#9867=DIRECTION('',(0.,0.,1.));
#9868=VECTOR('',#9867,117.);
#9869=LINE('',#9866,#9868);
#9870=EDGE_CURVE('',#9865,#9823,#9869,.T.);
#9871=ORIENTED_EDGE('',*,*,#9870,.F.);
#9872=CARTESIAN_POINT('',(-4.5,2.,6.5));
#9873=VERTEX_POINT('',#9872);
#9874=CARTESIAN_POINT('',(-4.5,2.,6.5));
#9875=DIRECTION('',(0.,-1.,0.));
#9876=VECTOR('',#9875,2.);
#9877=LINE('',#9874,#9876);
#9878=EDGE_CURVE('',#9873,#9865,#9877,.T.);
#9879=ORIENTED_EDGE('',*,*,#9878,.F.);
#9880=CARTESIAN_POINT('',(-4.5,2.,6.5));
#9881=DIRECTION('',(0.,0.,1.));
#9882=VECTOR('',#9881,117.);
#9883=LINE('',#9880,#9882);
#9884=EDGE_CURVE('',#9873,#9834,#9883,.T.);
#9885=ORIENTED_EDGE('',*,*,#9884,.T.);
#9886=ORIENTED_EDGE('',*,*,#9839,.T.);
#9887=EDGE_LOOP('',(#9871,#9879,#9885,#9886));
#9888=FACE_BOUND('',#9887,.T.);
#9889=ADVANCED_FACE('',(#9888),#9863,.T.);
#9890=CARTESIAN_POINT('',(-4.5,2.,4.5));
#9891=DIRECTION('',(0.,-1.,0.));
#9892=DIRECTION('',(0.,0.,-1.));
#9893=AXIS2_PLACEMENT_3D('',#9890,#9891,#9892);
#9894=CYLINDRICAL_SURFACE('',#9893,2.);
#9895=CARTESIAN_POINT('',(-6.5,0.,4.5));
#9896=VERTEX_POINT('',#9895);
#9897=CARTESIAN_POINT('',(-4.5,0.,4.5));
#9898=DIRECTION('',(0.,1.,0.));
#9899=DIRECTION('',(-1.,0.,0.));
#9900=AXIS2_PLACEMENT_3D('',#9897,#9898,#9899);
#9901=CIRCLE('',#9900,2.);
#9902=EDGE_CURVE('',#9896,#9865,#9901,.T.);
#9903=ORIENTED_EDGE('',*,*,#9902,.F.);
#9904=CARTESIAN_POINT('',(-6.5,2.,4.5));
#9905=VERTEX_POINT('',#9904);
#9906=CARTESIAN_POINT('',(-6.5,2.,4.5));
#9907=DIRECTION('',(0.,-1.,0.));
#9908=VECTOR('',#9907,2.);
#9909=LINE('',#9906,#9908);
#9910=EDGE_CURVE('',#9905,#9896,#9909,.T.);
#9911=ORIENTED_EDGE('',*,*,#9910,.F.);
#9912=CARTESIAN_POINT('',(-4.5,2.,4.5));
#9913=DIRECTION('',(0.,1.,0.));
#9914=DIRECTION('',(-1.,0.,0.));
#9915=AXIS2_PLACEMENT_3D('',#9912,#9913,#9914);
#9916=CIRCLE('',#9915,2.);
#9917=EDGE_CURVE('',#9905,#9873,#9916,.T.);
#9918=ORIENTED_EDGE('',*,*,#9917,.T.);
#9919=ORIENTED_EDGE('',*,*,#9878,.T.);
#9920=EDGE_LOOP('',(#9903,#9911,#9918,#9919));
#9921=FACE_BOUND('',#9920,.T.);
#9922=ADVANCED_FACE('',(#9921),#9894,.F.);
#9923=CARTESIAN_POINT('',(-123.5,2.,4.5));
#9924=DIRECTION('',(0.,0.,-1.));
#9925=DIRECTION('',(-1.,0.,0.));
#9926=AXIS2_PLACEMENT_3D('',#9923,#9924,#9925);
#9927=PLANE('',#9926);
#9928=CARTESIAN_POINT('',(-123.5,0.,4.5));
#9929=VERTEX_POINT('',#9928);
#9930=CARTESIAN_POINT('',(-123.5,0.,4.5));
#9931=DIRECTION('',(1.,0.,-0.));
#9932=VECTOR('',#9931,117.);
#9933=LINE('',#9930,#9932);
#9934=EDGE_CURVE('',#9929,#9896,#9933,.T.);
#9935=ORIENTED_EDGE('',*,*,#9934,.F.);
#9936=CARTESIAN_POINT('',(-123.5,2.,4.5));
#9937=VERTEX_POINT('',#9936);
#9938=CARTESIAN_POINT('',(-123.5,2.,4.5));
#9939=DIRECTION('',(0.,-1.,0.));
#9940=VECTOR('',#9939,2.);
#9941=LINE('',#9938,#9940);
#9942=EDGE_CURVE('',#9937,#9929,#9941,.T.);
#9943=ORIENTED_EDGE('',*,*,#9942,.F.);
#9944=CARTESIAN_POINT('',(-123.5,2.,4.5));
#9945=DIRECTION('',(1.,0.,-0.));
#9946=VECTOR('',#9945,117.);
#9947=LINE('',#9944,#9946);
#9948=EDGE_CURVE('',#9937,#9905,#9947,.T.);
#9949=ORIENTED_EDGE('',*,*,#9948,.T.);
#9950=ORIENTED_EDGE('',*,*,#9910,.T.);
#9951=EDGE_LOOP('',(#9935,#9943,#9949,#9950));
#9952=FACE_BOUND('',#9951,.T.);
#9953=ADVANCED_FACE('',(#9952),#9927,.T.);
#9954=CARTESIAN_POINT('',(-125.5,2.,4.5));
#9955=DIRECTION('',(0.,-1.,0.));
#9956=DIRECTION('',(0.,0.,-1.));
#9957=AXIS2_PLACEMENT_3D('',#9954,#9955,#9956);
#9958=CYLINDRICAL_SURFACE('',#9957,2.);
#9959=CARTESIAN_POINT('',(-125.5,0.,6.5));
#9960=VERTEX_POINT('',#9959);
#9961=CARTESIAN_POINT('',(-125.5,0.,4.5));
#9962=DIRECTION('',(0.,1.,0.));
#9963=DIRECTION('',(-1.,0.,0.));
#9964=AXIS2_PLACEMENT_3D('',#9961,#9962,#9963);
#9965=CIRCLE('',#9964,2.);
#9966=EDGE_CURVE('',#9960,#9929,#9965,.T.);
#9967=ORIENTED_EDGE('',*,*,#9966,.F.);
#9968=CARTESIAN_POINT('',(-125.5,2.,6.5));
#9969=VERTEX_POINT('',#9968);
#9970=CARTESIAN_POINT('',(-125.5,2.,6.5));
#9971=DIRECTION('',(0.,-1.,0.));
#9972=VECTOR('',#9971,2.);
#9973=LINE('',#9970,#9972);
#9974=EDGE_CURVE('',#9969,#9960,#9973,.T.);
#9975=ORIENTED_EDGE('',*,*,#9974,.F.);
#9976=CARTESIAN_POINT('',(-125.5,2.,4.5));
#9977=DIRECTION('',(0.,1.,0.));
#9978=DIRECTION('',(-1.,0.,0.));
#9979=AXIS2_PLACEMENT_3D('',#9976,#9977,#9978);
#9980=CIRCLE('',#9979,2.);
#9981=EDGE_CURVE('',#9969,#9937,#9980,.T.);
#9982=ORIENTED_EDGE('',*,*,#9981,.T.);
#9983=ORIENTED_EDGE('',*,*,#9942,.T.);
#9984=EDGE_LOOP('',(#9967,#9975,#9982,#9983));
#9985=FACE_BOUND('',#9984,.T.);
#9986=ADVANCED_FACE('',(#9985),#9958,.F.);
#9987=CARTESIAN_POINT('',(-125.5,2.,123.5));
#9988=DIRECTION('',(-1.,0.,0.));
#9989=DIRECTION('',(0.,0.,1.));
#9990=AXIS2_PLACEMENT_3D('',#9987,#9988,#9989);
#9991=PLANE('',#9990);
#9992=CARTESIAN_POINT('',(-125.5,0.,123.5));
#9993=VERTEX_POINT('',#9992);
#9994=CARTESIAN_POINT('',(-125.5,0.,123.5));
#9995=DIRECTION('',(0.,0.,-1.));
#9996=VECTOR('',#9995,117.);
#9997=LINE('',#9994,#9996);
#9998=EDGE_CURVE('',#9993,#9960,#9997,.T.);
#9999=ORIENTED_EDGE('',*,*,#9998,.F.);
#10000=CARTESIAN_POINT('',(-125.5,2.,123.5));
#10001=VERTEX_POINT('',#10000);
#10002=CARTESIAN_POINT('',(-125.5,2.,123.5));
#10003=DIRECTION('',(0.,-1.,0.));
#10004=VECTOR('',#10003,2.);
#10005=LINE('',#10002,#10004);
#10006=EDGE_CURVE('',#10001,#9993,#10005,.T.);
#10007=ORIENTED_EDGE('',*,*,#10006,.F.);
#10008=CARTESIAN_POINT('',(-125.5,2.,123.5));
#10009=DIRECTION('',(0.,0.,-1.));
#10010=VECTOR('',#10009,117.);
#10011=LINE('',#10008,#10010);
#10012=EDGE_CURVE('',#10001,#9969,#10011,.T.);
#10013=ORIENTED_EDGE('',*,*,#10012,.T.);
#10014=ORIENTED_EDGE('',*,*,#9974,.T.);
#10015=EDGE_LOOP('',(#9999,#10007,#10013,#10014));
#10016=FACE_BOUND('',#10015,.T.);
#10017=ADVANCED_FACE('',(#10016),#9991,.T.);
#10018=CARTESIAN_POINT('',(-125.5,2.,125.5));
#10019=DIRECTION('',(0.,-1.,0.));
#10020=DIRECTION('',(0.,0.,-1.));
#10021=AXIS2_PLACEMENT_3D('',#10018,#10019,#10020);
#10022=CYLINDRICAL_SURFACE('',#10021,2.);
#10023=CARTESIAN_POINT('',(-123.5,0.,125.5));
#10024=VERTEX_POINT('',#10023);
#10025=CARTESIAN_POINT('',(-125.5,0.,125.5));
#10026=DIRECTION('',(0.,1.,0.));
#10027=DIRECTION('',(-1.,0.,0.));
#10028=AXIS2_PLACEMENT_3D('',#10025,#10026,#10027);
#10029=CIRCLE('',#10028,2.);
#10030=EDGE_CURVE('',#10024,#9993,#10029,.T.);
#10031=ORIENTED_EDGE('',*,*,#10030,.F.);
#10032=CARTESIAN_POINT('',(-123.5,2.,125.5));
#10033=VERTEX_POINT('',#10032);
#10034=CARTESIAN_POINT('',(-123.5,2.,125.5));
#10035=DIRECTION('',(0.,-1.,0.));
#10036=VECTOR('',#10035,2.);
#10037=LINE('',#10034,#10036);
#10038=EDGE_CURVE('',#10033,#10024,#10037,.T.);
#10039=ORIENTED_EDGE('',*,*,#10038,.F.);
#10040=CARTESIAN_POINT('',(-125.5,2.,125.5));
#10041=DIRECTION('',(0.,1.,0.));
#10042=DIRECTION('',(-1.,0.,0.));
#10043=AXIS2_PLACEMENT_3D('',#10040,#10041,#10042);
#10044=CIRCLE('',#10043,2.);
#10045=EDGE_CURVE('',#10033,#10001,#10044,.T.);
#10046=ORIENTED_EDGE('',*,*,#10045,.T.);
#10047=ORIENTED_EDGE('',*,*,#10006,.T.);
#10048=EDGE_LOOP('',(#10031,#10039,#10046,#10047));
#10049=FACE_BOUND('',#10048,.T.);
#10050=ADVANCED_FACE('',(#10049),#10022,.F.);
#10051=CARTESIAN_POINT('',(-120.,2.,10.));
#10052=DIRECTION('',(0.,-1.,0.));
#10053=DIRECTION('',(0.,0.,-1.));
#10054=AXIS2_PLACEMENT_3D('',#10051,#10052,#10053);
#10055=CYLINDRICAL_SURFACE('',#10054,3.5);
#10056=CARTESIAN_POINT('',(-120.,0.,6.5));
#10057=VERTEX_POINT('',#10056);
#10058=CARTESIAN_POINT('',(-120.,2.,6.5));
#10059=VERTEX_POINT('',#10058);
#10060=CARTESIAN_POINT('',(-120.,0.,6.5));
#10061=DIRECTION('',(-0.,1.,-0.));
#10062=VECTOR('',#10061,2.);
#10063=LINE('',#10060,#10062);
#10064=EDGE_CURVE('',#10057,#10059,#10063,.T.);
#10065=ORIENTED_EDGE('',*,*,#10064,.F.);
#10066=CARTESIAN_POINT('',(-123.5,0.,10.));
#10067=VERTEX_POINT('',#10066);
#10068=CARTESIAN_POINT('',(-120.,0.,10.));
#10069=DIRECTION('',(0.,1.,0.));
#10070=DIRECTION('',(-1.,0.,0.));
#10071=AXIS2_PLACEMENT_3D('',#10068,#10069,#10070);
#10072=CIRCLE('',#10071,3.5);
#10073=EDGE_CURVE('',#10067,#10057,#10072,.T.);
#10074=ORIENTED_EDGE('',*,*,#10073,.F.);
#10075=CARTESIAN_POINT('',(-123.5,2.,10.));
#10076=VERTEX_POINT('',#10075);
#10077=CARTESIAN_POINT('',(-123.5,2.,10.));
#10078=DIRECTION('',(0.,-1.,0.));
#10079=VECTOR('',#10078,2.);
#10080=LINE('',#10077,#10079);
#10081=EDGE_CURVE('',#10076,#10067,#10080,.T.);
#10082=ORIENTED_EDGE('',*,*,#10081,.F.);
#10083=CARTESIAN_POINT('',(-120.,2.,10.));
#10084=DIRECTION('',(0.,1.,0.));
#10085=DIRECTION('',(-1.,0.,0.));
#10086=AXIS2_PLACEMENT_3D('',#10083,#10084,#10085);
#10087=CIRCLE('',#10086,3.5);
#10088=EDGE_CURVE('',#10076,#10059,#10087,.T.);
#10089=ORIENTED_EDGE('',*,*,#10088,.T.);
#10090=EDGE_LOOP('',(#10065,#10074,#10082,#10089));
#10091=FACE_BOUND('',#10090,.T.);
#10092=ADVANCED_FACE('',(#10091),#10055,.F.);
#10093=CARTESIAN_POINT('',(-10.,2.,10.));
#10094=DIRECTION('',(0.,-1.,0.));
#10095=DIRECTION('',(0.,0.,-1.));
#10096=AXIS2_PLACEMENT_3D('',#10093,#10094,#10095);
#10097=CYLINDRICAL_SURFACE('',#10096,3.5);
#10098=CARTESIAN_POINT('',(-10.,0.,6.5));
#10099=VERTEX_POINT('',#10098);
#10100=CARTESIAN_POINT('',(-10.,2.,6.5));
#10101=VERTEX_POINT('',#10100);
#10102=CARTESIAN_POINT('',(-10.,0.,6.5));
#10103=DIRECTION('',(-0.,1.,-0.));
#10104=VECTOR('',#10103,2.);
#10105=LINE('',#10102,#10104);
#10106=EDGE_CURVE('',#10099,#10101,#10105,.T.);
#10107=ORIENTED_EDGE('',*,*,#10106,.F.);
#10108=CARTESIAN_POINT('',(-13.5,0.,10.));
#10109=VERTEX_POINT('',#10108);
#10110=CARTESIAN_POINT('',(-10.,0.,10.));
#10111=DIRECTION('',(0.,1.,0.));
#10112=DIRECTION('',(-1.,0.,0.));
#10113=AXIS2_PLACEMENT_3D('',#10110,#10111,#10112);
#10114=CIRCLE('',#10113,3.5);
#10115=EDGE_CURVE('',#10109,#10099,#10114,.T.);
#10116=ORIENTED_EDGE('',*,*,#10115,.F.);
#10117=CARTESIAN_POINT('',(-13.5,2.,10.));
#10118=VERTEX_POINT('',#10117);
#10119=CARTESIAN_POINT('',(-13.5,2.,10.));
#10120=DIRECTION('',(0.,-1.,0.));
#10121=VECTOR('',#10120,2.);
#10122=LINE('',#10119,#10121);
#10123=EDGE_CURVE('',#10118,#10109,#10122,.T.);
#10124=ORIENTED_EDGE('',*,*,#10123,.F.);
#10125=CARTESIAN_POINT('',(-10.,2.,10.));
#10126=DIRECTION('',(0.,1.,0.));
#10127=DIRECTION('',(-1.,0.,0.));
#10128=AXIS2_PLACEMENT_3D('',#10125,#10126,#10127);
#10129=CIRCLE('',#10128,3.5);
#10130=EDGE_CURVE('',#10118,#10101,#10129,.T.);
#10131=ORIENTED_EDGE('',*,*,#10130,.T.);
#10132=EDGE_LOOP('',(#10107,#10116,#10124,#10131));
#10133=FACE_BOUND('',#10132,.T.);
#10134=ADVANCED_FACE('',(#10133),#10097,.F.);
#10135=CARTESIAN_POINT('',(-120.,2.,120.));
#10136=DIRECTION('',(0.,-1.,0.));
#10137=DIRECTION('',(0.,0.,-1.));
#10138=AXIS2_PLACEMENT_3D('',#10135,#10136,#10137);
#10139=CYLINDRICAL_SURFACE('',#10138,3.5);
#10140=CARTESIAN_POINT('',(-120.,0.,116.5));
#10141=VERTEX_POINT('',#10140);
#10142=CARTESIAN_POINT('',(-120.,2.,116.5));
#10143=VERTEX_POINT('',#10142);
#10144=CARTESIAN_POINT('',(-120.,0.,116.5));
#10145=DIRECTION('',(-0.,1.,-0.));
#10146=VECTOR('',#10145,2.);
#10147=LINE('',#10144,#10146);
#10148=EDGE_CURVE('',#10141,#10143,#10147,.T.);
#10149=ORIENTED_EDGE('',*,*,#10148,.F.);
#10150=CARTESIAN_POINT('',(-123.5,0.,120.));
#10151=VERTEX_POINT('',#10150);
#10152=CARTESIAN_POINT('',(-120.,0.,120.));
#10153=DIRECTION('',(0.,1.,0.));
#10154=DIRECTION('',(-1.,0.,0.));
#10155=AXIS2_PLACEMENT_3D('',#10152,#10153,#10154);
#10156=CIRCLE('',#10155,3.5);
#10157=EDGE_CURVE('',#10151,#10141,#10156,.T.);
#10158=ORIENTED_EDGE('',*,*,#10157,.F.);
#10159=CARTESIAN_POINT('',(-123.5,2.,120.));
#10160=VERTEX_POINT('',#10159);
#10161=CARTESIAN_POINT('',(-123.5,2.,120.));
#10162=DIRECTION('',(0.,-1.,0.));
#10163=VECTOR('',#10162,2.);
#10164=LINE('',#10161,#10163);
#10165=EDGE_CURVE('',#10160,#10151,#10164,.T.);
#10166=ORIENTED_EDGE('',*,*,#10165,.F.);
#10167=CARTESIAN_POINT('',(-120.,2.,120.));
#10168=DIRECTION('',(0.,1.,0.));
#10169=DIRECTION('',(-1.,0.,0.));
#10170=AXIS2_PLACEMENT_3D('',#10167,#10168,#10169);
#10171=CIRCLE('',#10170,3.5);
#10172=EDGE_CURVE('',#10160,#10143,#10171,.T.);
#10173=ORIENTED_EDGE('',*,*,#10172,.T.);
#10174=EDGE_LOOP('',(#10149,#10158,#10166,#10173));
#10175=FACE_BOUND('',#10174,.T.);
#10176=ADVANCED_FACE('',(#10175),#10139,.F.);
#10177=CARTESIAN_POINT('',(-10.,2.,120.));
#10178=DIRECTION('',(0.,-1.,0.));
#10179=DIRECTION('',(0.,0.,-1.));
#10180=AXIS2_PLACEMENT_3D('',#10177,#10178,#10179);
#10181=CYLINDRICAL_SURFACE('',#10180,3.5);
#10182=CARTESIAN_POINT('',(-10.,0.,116.5));
#10183=VERTEX_POINT('',#10182);
#10184=CARTESIAN_POINT('',(-10.,2.,116.5));
#10185=VERTEX_POINT('',#10184);
#10186=CARTESIAN_POINT('',(-10.,0.,116.5));
#10187=DIRECTION('',(-0.,1.,-0.));
#10188=VECTOR('',#10187,2.);
#10189=LINE('',#10186,#10188);
#10190=EDGE_CURVE('',#10183,#10185,#10189,.T.);
#10191=ORIENTED_EDGE('',*,*,#10190,.F.);
#10192=CARTESIAN_POINT('',(-13.5,0.,120.));
#10193=VERTEX_POINT('',#10192);
#10194=CARTESIAN_POINT('',(-10.,0.,120.));
#10195=DIRECTION('',(0.,1.,0.));
#10196=DIRECTION('',(0.,-0.,1.));
#10197=AXIS2_PLACEMENT_3D('',#10194,#10195,#10196);
#10198=CIRCLE('',#10197,3.5);
#10199=EDGE_CURVE('',#10193,#10183,#10198,.T.);
#10200=ORIENTED_EDGE('',*,*,#10199,.F.);
#10201=CARTESIAN_POINT('',(-13.5,2.,120.));
#10202=VERTEX_POINT('',#10201);
#10203=CARTESIAN_POINT('',(-13.5,2.,120.));
#10204=DIRECTION('',(0.,-1.,0.));
#10205=VECTOR('',#10204,2.);
#10206=LINE('',#10203,#10205);
#10207=EDGE_CURVE('',#10202,#10193,#10206,.T.);
#10208=ORIENTED_EDGE('',*,*,#10207,.F.);
#10209=CARTESIAN_POINT('',(-10.,2.,120.));
#10210=DIRECTION('',(0.,1.,0.));
#10211=DIRECTION('',(0.,-0.,1.));
#10212=AXIS2_PLACEMENT_3D('',#10209,#10210,#10211);
#10213=CIRCLE('',#10212,3.5);
#10214=EDGE_CURVE('',#10202,#10185,#10213,.T.);
#10215=ORIENTED_EDGE('',*,*,#10214,.T.);
#10216=EDGE_LOOP('',(#10191,#10200,#10208,#10215));
#10217=FACE_BOUND('',#10216,.T.);
#10218=ADVANCED_FACE('',(#10217),#10181,.F.);
#10219=CARTESIAN_POINT('',(-6.5,2.,125.5));
#10220=DIRECTION('',(0.,0.,1.));
#10221=DIRECTION('',(1.,0.,0.));
#10222=AXIS2_PLACEMENT_3D('',#10219,#10220,#10221);
#10223=PLANE('',#10222);
#10224=CARTESIAN_POINT('',(-6.5,0.,125.5));
#10225=DIRECTION('',(-1.,0.,0.));
#10226=VECTOR('',#10225,117.);
#10227=LINE('',#10224,#10226);
#10228=EDGE_CURVE('',#9825,#10024,#10227,.T.);
#10229=ORIENTED_EDGE('',*,*,#10228,.F.);
#10230=ORIENTED_EDGE('',*,*,#9854,.F.);
#10231=CARTESIAN_POINT('',(-6.5,2.,125.5));
#10232=DIRECTION('',(-1.,0.,0.));
#10233=VECTOR('',#10232,117.);
#10234=LINE('',#10231,#10233);
#10235=EDGE_CURVE('',#9842,#10033,#10234,.T.);
#10236=ORIENTED_EDGE('',*,*,#10235,.T.);
#10237=ORIENTED_EDGE('',*,*,#10038,.T.);
#10238=EDGE_LOOP('',(#10229,#10230,#10236,#10237));
#10239=FACE_BOUND('',#10238,.T.);
#10240=ADVANCED_FACE('',(#10239),#10223,.T.);
#10241=CARTESIAN_POINT('',(-105.,2.,89.));
#10242=DIRECTION('',(0.,0.,-1.));
#10243=DIRECTION('',(-1.,0.,0.));
#10244=AXIS2_PLACEMENT_3D('',#10241,#10242,#10243);
#10245=PLANE('',#10244);
#10246=CARTESIAN_POINT('',(-105.,0.,89.));
#10247=DIRECTION('',(1.,0.,-0.));
#10248=VECTOR('',#10247,80.);
#10249=LINE('',#10246,#10248);
#10250=EDGE_CURVE('',#9792,#9721,#10249,.T.);
#10251=ORIENTED_EDGE('',*,*,#10250,.T.);
#10252=ORIENTED_EDGE('',*,*,#9750,.F.);
#10253=CARTESIAN_POINT('',(-105.,2.,89.));
#10254=DIRECTION('',(1.,0.,-0.));
#10255=VECTOR('',#10254,80.);
#10256=LINE('',#10253,#10255);
#10257=EDGE_CURVE('',#9800,#9739,#10256,.T.);
#10258=ORIENTED_EDGE('',*,*,#10257,.F.);
#10259=ORIENTED_EDGE('',*,*,#9805,.T.);
#10260=EDGE_LOOP('',(#10251,#10252,#10258,#10259));
#10261=FACE_BOUND('',#10260,.T.);
#10262=ADVANCED_FACE('',(#10261),#10245,.F.);
#10263=CARTESIAN_POINT('',(0.,2.,0.));
#10264=DIRECTION('',(0.,1.,0.));
#10265=DIRECTION('',(-1.,0.,0.));
#10266=AXIS2_PLACEMENT_3D('',#10263,#10264,#10265);
#10267=PLANE('',#10266);
#10268=ORIENTED_EDGE('',*,*,#9848,.F.);
#10269=ORIENTED_EDGE('',*,*,#9884,.F.);
#10270=ORIENTED_EDGE('',*,*,#9917,.F.);
#10271=ORIENTED_EDGE('',*,*,#9948,.F.);
#10272=ORIENTED_EDGE('',*,*,#9981,.F.);
#10273=ORIENTED_EDGE('',*,*,#10012,.F.);
#10274=ORIENTED_EDGE('',*,*,#10045,.F.);
#10275=ORIENTED_EDGE('',*,*,#10235,.F.);
#10276=EDGE_LOOP('',(#10268,#10269,#10270,#10271,#10272,#10273,#10274,#10275));
#10277=FACE_BOUND('',#10276,.T.);
#10278=CARTESIAN_POINT('',(-10.,2.,120.));
#10279=DIRECTION('',(0.,1.,0.));
#10280=DIRECTION('',(0.,-0.,1.));
#10281=AXIS2_PLACEMENT_3D('',#10278,#10279,#10280);
#10282=CIRCLE('',#10281,3.5);
#10283=EDGE_CURVE('',#10185,#10202,#10282,.T.);
#10284=ORIENTED_EDGE('',*,*,#10283,.F.);
#10285=ORIENTED_EDGE('',*,*,#10214,.F.);
#10286=EDGE_LOOP('',(#10284,#10285));
#10287=FACE_BOUND('',#10286,.T.);
#10288=CARTESIAN_POINT('',(-120.,2.,120.));
#10289=DIRECTION('',(0.,1.,0.));
#10290=DIRECTION('',(-1.,0.,0.));
#10291=AXIS2_PLACEMENT_3D('',#10288,#10289,#10290);
#10292=CIRCLE('',#10291,3.5);
#10293=EDGE_CURVE('',#10143,#10160,#10292,.T.);
#10294=ORIENTED_EDGE('',*,*,#10293,.F.);
#10295=ORIENTED_EDGE('',*,*,#10172,.F.);
#10296=EDGE_LOOP('',(#10294,#10295));
#10297=FACE_BOUND('',#10296,.T.);
#10298=CARTESIAN_POINT('',(-10.,2.,10.));
#10299=DIRECTION('',(0.,1.,0.));
#10300=DIRECTION('',(-1.,0.,0.));
#10301=AXIS2_PLACEMENT_3D('',#10298,#10299,#10300);
#10302=CIRCLE('',#10301,3.5);
#10303=EDGE_CURVE('',#10101,#10118,#10302,.T.);
#10304=ORIENTED_EDGE('',*,*,#10303,.F.);
#10305=ORIENTED_EDGE('',*,*,#10130,.F.);
#10306=EDGE_LOOP('',(#10304,#10305));
#10307=FACE_BOUND('',#10306,.T.);
#10308=CARTESIAN_POINT('',(-120.,2.,10.));
#10309=DIRECTION('',(0.,1.,0.));
#10310=DIRECTION('',(-1.,0.,0.));
#10311=AXIS2_PLACEMENT_3D('',#10308,#10309,#10310);
#10312=CIRCLE('',#10311,3.5);
#10313=EDGE_CURVE('',#10059,#10076,#10312,.T.);
#10314=ORIENTED_EDGE('',*,*,#10313,.F.);
#10315=ORIENTED_EDGE('',*,*,#10088,.F.);
#10316=EDGE_LOOP('',(#10314,#10315));
#10317=FACE_BOUND('',#10316,.T.);
#10318=ORIENTED_EDGE('',*,*,#9744,.T.);
#10319=ORIENTED_EDGE('',*,*,#9780,.T.);
#10320=ORIENTED_EDGE('',*,*,#9811,.T.);
#10321=ORIENTED_EDGE('',*,*,#10257,.T.);
#10322=EDGE_LOOP('',(#10318,#10319,#10320,#10321));
#10323=FACE_BOUND('',#10322,.T.);
#10324=ADVANCED_FACE('',(#10277,#10287,#10297,#10307,#10317,#10323),#10267,.T.);
#10325=CARTESIAN_POINT('',(0.,0.,0.));
#10326=DIRECTION('',(0.,1.,0.));
#10327=DIRECTION('',(-1.,0.,0.));
#10328=AXIS2_PLACEMENT_3D('',#10325,#10326,#10327);
#10329=PLANE('',#10328);
#10330=ORIENTED_EDGE('',*,*,#9831,.T.);
#10331=ORIENTED_EDGE('',*,*,#10228,.T.);
#10332=ORIENTED_EDGE('',*,*,#10030,.T.);
#10333=ORIENTED_EDGE('',*,*,#9998,.T.);
#10334=ORIENTED_EDGE('',*,*,#9966,.T.);
#10335=ORIENTED_EDGE('',*,*,#9934,.T.);
#10336=ORIENTED_EDGE('',*,*,#9902,.T.);
#10337=ORIENTED_EDGE('',*,*,#9870,.T.);
#10338=EDGE_LOOP('',(#10330,#10331,#10332,#10333,#10334,#10335,#10336,#10337));
#10339=FACE_BOUND('',#10338,.T.);
#10340=ORIENTED_EDGE('',*,*,#10199,.T.);
#10341=CARTESIAN_POINT('',(-10.,0.,120.));
#10342=DIRECTION('',(0.,1.,0.));
#10343=DIRECTION('',(0.,-0.,1.));
#10344=AXIS2_PLACEMENT_3D('',#10341,#10342,#10343);
#10345=CIRCLE('',#10344,3.5);
#10346=EDGE_CURVE('',#10183,#10193,#10345,.T.);
#10347=ORIENTED_EDGE('',*,*,#10346,.T.);
#10348=EDGE_LOOP('',(#10340,#10347));
#10349=FACE_BOUND('',#10348,.T.);
#10350=ORIENTED_EDGE('',*,*,#10157,.T.);
#10351=CARTESIAN_POINT('',(-120.,0.,120.));
#10352=DIRECTION('',(0.,1.,0.));
#10353=DIRECTION('',(-1.,0.,0.));
#10354=AXIS2_PLACEMENT_3D('',#10351,#10352,#10353);
#10355=CIRCLE('',#10354,3.5);
#10356=EDGE_CURVE('',#10141,#10151,#10355,.T.);
#10357=ORIENTED_EDGE('',*,*,#10356,.T.);
#10358=EDGE_LOOP('',(#10350,#10357));
#10359=FACE_BOUND('',#10358,.T.);
#10360=ORIENTED_EDGE('',*,*,#10115,.T.);
#10361=CARTESIAN_POINT('',(-10.,0.,10.));
#10362=DIRECTION('',(0.,1.,0.));
#10363=DIRECTION('',(-1.,0.,0.));
#10364=AXIS2_PLACEMENT_3D('',#10361,#10362,#10363);
#10365=CIRCLE('',#10364,3.5);
#10366=EDGE_CURVE('',#10099,#10109,#10365,.T.);
#10367=ORIENTED_EDGE('',*,*,#10366,.T.);
#10368=EDGE_LOOP('',(#10360,#10367));
#10369=FACE_BOUND('',#10368,.T.);
#10370=ORIENTED_EDGE('',*,*,#10073,.T.);
#10371=CARTESIAN_POINT('',(-120.,0.,10.));
#10372=DIRECTION('',(0.,1.,0.));
#10373=DIRECTION('',(-1.,0.,0.));
#10374=AXIS2_PLACEMENT_3D('',#10371,#10372,#10373);
#10375=CIRCLE('',#10374,3.5);
#10376=EDGE_CURVE('',#10057,#10067,#10375,.T.);
#10377=ORIENTED_EDGE('',*,*,#10376,.T.);
#10378=EDGE_LOOP('',(#10370,#10377));
#10379=FACE_BOUND('',#10378,.T.);
#10380=ORIENTED_EDGE('',*,*,#9728,.F.);
#10381=ORIENTED_EDGE('',*,*,#10250,.F.);
#10382=ORIENTED_EDGE('',*,*,#9797,.F.);
#10383=ORIENTED_EDGE('',*,*,#9766,.F.);
#10384=EDGE_LOOP('',(#10380,#10381,#10382,#10383));
#10385=FACE_BOUND('',#10384,.T.);
#10386=ADVANCED_FACE('',(#10339,#10349,#10359,#10369,#10379,#10385),#10329,.F.);
#10387=CARTESIAN_POINT('',(-120.,2.,10.));
#10388=DIRECTION('',(0.,-1.,0.));
#10389=DIRECTION('',(0.,0.,-1.));
#10390=AXIS2_PLACEMENT_3D('',#10387,#10388,#10389);
#10391=CYLINDRICAL_SURFACE('',#10390,3.5);
#10392=ORIENTED_EDGE('',*,*,#10064,.T.);
#10393=ORIENTED_EDGE('',*,*,#10313,.T.);
#10394=ORIENTED_EDGE('',*,*,#10081,.T.);
#10395=ORIENTED_EDGE('',*,*,#10376,.F.);
#10396=EDGE_LOOP('',(#10392,#10393,#10394,#10395));
#10397=FACE_BOUND('',#10396,.T.);
#10398=ADVANCED_FACE('',(#10397),#10391,.F.);
#10399=CARTESIAN_POINT('',(-10.,2.,10.));
#10400=DIRECTION('',(0.,-1.,0.));
#10401=DIRECTION('',(0.,0.,-1.));
#10402=AXIS2_PLACEMENT_3D('',#10399,#10400,#10401);
#10403=CYLINDRICAL_SURFACE('',#10402,3.5);
#10404=ORIENTED_EDGE('',*,*,#10106,.T.);
#10405=ORIENTED_EDGE('',*,*,#10303,.T.);
#10406=ORIENTED_EDGE('',*,*,#10123,.T.);
#10407=ORIENTED_EDGE('',*,*,#10366,.F.);
#10408=EDGE_LOOP('',(#10404,#10405,#10406,#10407));
#10409=FACE_BOUND('',#10408,.T.);
#10410=ADVANCED_FACE('',(#10409),#10403,.F.);
#10411=CARTESIAN_POINT('',(-120.,2.,120.));
#10412=DIRECTION('',(0.,-1.,0.));
#10413=DIRECTION('',(0.,0.,-1.));
#10414=AXIS2_PLACEMENT_3D('',#10411,#10412,#10413);
#10415=CYLINDRICAL_SURFACE('',#10414,3.5);
#10416=ORIENTED_EDGE('',*,*,#10148,.T.);
#10417=ORIENTED_EDGE('',*,*,#10293,.T.);
#10418=ORIENTED_EDGE('',*,*,#10165,.T.);
#10419=ORIENTED_EDGE('',*,*,#10356,.F.);
#10420=EDGE_LOOP('',(#10416,#10417,#10418,#10419));
#10421=FACE_BOUND('',#10420,.T.);
#10422=ADVANCED_FACE('',(#10421),#10415,.F.);
#10423=CARTESIAN_POINT('',(-10.,2.,120.));
#10424=DIRECTION('',(0.,-1.,0.));
#10425=DIRECTION('',(0.,0.,-1.));
#10426=AXIS2_PLACEMENT_3D('',#10423,#10424,#10425);
#10427=CYLINDRICAL_SURFACE('',#10426,3.5);
#10428=ORIENTED_EDGE('',*,*,#10190,.T.);
#10429=ORIENTED_EDGE('',*,*,#10283,.T.);
#10430=ORIENTED_EDGE('',*,*,#10207,.T.);
#10431=ORIENTED_EDGE('',*,*,#10346,.F.);
#10432=EDGE_LOOP('',(#10428,#10429,#10430,#10431));
#10433=FACE_BOUND('',#10432,.T.);
#10434=ADVANCED_FACE('',(#10433),#10427,.F.);
#10435=CLOSED_SHELL('',(#9754,#9785,#9816,#9858,#9889,#9922,#9953,#9986,#10017,#10050,#10092,#10134,#10176,#10218,#10240,#10262,#10324,#10386,#10398,#10410,#10422,#10434));
#10436=MANIFOLD_SOLID_BREP('3D \X2\0444044004300433043C0435043D0442\X0\_4:2',#10435);
#10437=COLOUR_RGB('',0.258823544,1.,0.258823544);
#10438=FILL_AREA_STYLE_COLOUR('',#10437);
#10439=FILL_AREA_STYLE('',(#10438));
#10440=SURFACE_STYLE_FILL_AREA(#10439);
#10441=SURFACE_SIDE_STYLE('',(#10440));
#10442=SURFACE_STYLE_USAGE(.BOTH.,#10441);
#10443=PRESENTATION_STYLE_ASSIGNMENT((#10442));
#9714=STYLED_ITEM('',(#10443),#10436);
#10444=DERIVED_UNIT_ELEMENT(#9691,3.0);
#10445=DERIVED_UNIT((#10444));
#10446=MEASURE_REPRESENTATION_ITEM('volume measure',VOLUME_MEASURE(25749.522275),#10445);
#10447=DERIVED_UNIT_ELEMENT(#9691,2.0);
#10448=DERIVED_UNIT((#10447));
#10449=MEASURE_REPRESENTATION_ITEM('surface area measure',AREA_MEASURE(27286.503413),#10448);
#10450=CARTESIAN_POINT('centre point',(-64.999995794,1.,60.774674685));
#10451=CARTESIAN_POINT('bounding box corner point',(-125.499993563,0.,4.499999806));
#10452=CARTESIAN_POINT('bounding box corner point',(-4.499999806,2.000000095,125.499993563));
#10453=ID_ATTRIBUTE('SA #10454',#10454);
#10454=SHAPE_ASPECT('properties','',#9702,.F.);
#10455=GEOMETRIC_ITEM_SPECIFIC_USAGE('','properties',#10454,#9696,#10436);
#10456=PROPERTY_DEFINITION('geometric validation property','',#10454);
#10457=REPRESENTATION('',(#10446,#10449,#10450,#10451,#10452),#9693);
#10458=PROPERTY_DEFINITION_REPRESENTATION(#10456,#10457);
#10460=CARTESIAN_POINT('',(-25.,2.,109.));
#10461=DIRECTION('',(0.,0.,1.));
#10462=DIRECTION('',(1.,0.,0.));
#10463=AXIS2_PLACEMENT_3D('',#10460,#10461,#10462);
#10464=PLANE('',#10463);
#10465=CARTESIAN_POINT('',(-25.,0.,109.));
#10466=VERTEX_POINT('',#10465);
#10467=CARTESIAN_POINT('',(-105.,0.,109.));
#10468=VERTEX_POINT('',#10467);
#10469=CARTESIAN_POINT('',(-25.,0.,109.));
#10470=DIRECTION('',(-1.,0.,0.));
#10471=VECTOR('',#10470,80.);
#10472=LINE('',#10469,#10471);
#10473=EDGE_CURVE('',#10466,#10468,#10472,.T.);
#10474=ORIENTED_EDGE('',*,*,#10473,.F.);
#10475=CARTESIAN_POINT('',(-25.,2.,109.));
#10476=VERTEX_POINT('',#10475);
#10477=CARTESIAN_POINT('',(-25.,2.,109.));
#10478=DIRECTION('',(0.,-1.,0.));
#10479=VECTOR('',#10478,2.);
#10480=LINE('',#10477,#10479);
#10481=EDGE_CURVE('',#10476,#10466,#10480,.T.);
#10482=ORIENTED_EDGE('',*,*,#10481,.F.);
#10483=CARTESIAN_POINT('',(-105.,2.,109.));
#10484=VERTEX_POINT('',#10483);
#10485=CARTESIAN_POINT('',(-25.,2.,109.));
#10486=DIRECTION('',(-1.,0.,0.));
#10487=VECTOR('',#10486,80.);
#10488=LINE('',#10485,#10487);
#10489=EDGE_CURVE('',#10476,#10484,#10488,.T.);
#10490=ORIENTED_EDGE('',*,*,#10489,.T.);
#10491=CARTESIAN_POINT('',(-105.,2.,109.));
#10492=DIRECTION('',(0.,-1.,0.));
#10493=VECTOR('',#10492,2.);
#10494=LINE('',#10491,#10493);
#10495=EDGE_CURVE('',#10484,#10468,#10494,.T.);
#10496=ORIENTED_EDGE('',*,*,#10495,.T.);
#10497=EDGE_LOOP('',(#10474,#10482,#10490,#10496));
#10498=FACE_BOUND('',#10497,.T.);
#10499=ADVANCED_FACE('',(#10498),#10464,.T.);
#10500=CARTESIAN_POINT('',(-25.,2.,89.));
#10501=DIRECTION('',(1.,0.,0.));
#10502=DIRECTION('',(0.,0.,-1.));
#10503=AXIS2_PLACEMENT_3D('',#10500,#10501,#10502);
#10504=PLANE('',#10503);
#10505=CARTESIAN_POINT('',(-25.,0.,89.));
#10506=VERTEX_POINT('',#10505);
#10507=CARTESIAN_POINT('',(-25.,0.,89.));
#10508=DIRECTION('',(-0.,0.,1.));
#10509=VECTOR('',#10508,20.);
#10510=LINE('',#10507,#10509);
#10511=EDGE_CURVE('',#10506,#10466,#10510,.T.);
#10512=ORIENTED_EDGE('',*,*,#10511,.F.);
#10513=CARTESIAN_POINT('',(-25.,2.,89.));
#10514=VERTEX_POINT('',#10513);
#10515=CARTESIAN_POINT('',(-25.,2.,89.));
#10516=DIRECTION('',(0.,-1.,0.));
#10517=VECTOR('',#10516,2.);
#10518=LINE('',#10515,#10517);
#10519=EDGE_CURVE('',#10514,#10506,#10518,.T.);
#10520=ORIENTED_EDGE('',*,*,#10519,.F.);
#10521=CARTESIAN_POINT('',(-25.,2.,89.));
#10522=DIRECTION('',(-0.,0.,1.));
#10523=VECTOR('',#10522,20.);
#10524=LINE('',#10521,#10523);
#10525=EDGE_CURVE('',#10514,#10476,#10524,.T.);
#10526=ORIENTED_EDGE('',*,*,#10525,.T.);
#10527=ORIENTED_EDGE('',*,*,#10481,.T.);
#10528=EDGE_LOOP('',(#10512,#10520,#10526,#10527));
#10529=FACE_BOUND('',#10528,.T.);
#10530=ADVANCED_FACE('',(#10529),#10504,.T.);
#10531=CARTESIAN_POINT('',(-105.,2.,89.));
#10532=DIRECTION('',(0.,0.,-1.));
#10533=DIRECTION('',(-1.,0.,0.));
#10534=AXIS2_PLACEMENT_3D('',#10531,#10532,#10533);
#10535=PLANE('',#10534);
#10536=CARTESIAN_POINT('',(-105.,0.,89.));
#10537=VERTEX_POINT('',#10536);
#10538=CARTESIAN_POINT('',(-105.,0.,89.));
#10539=DIRECTION('',(1.,0.,-0.));
#10540=VECTOR('',#10539,80.);
#10541=LINE('',#10538,#10540);
#10542=EDGE_CURVE('',#10537,#10506,#10541,.T.);
#10543=ORIENTED_EDGE('',*,*,#10542,.F.);
#10544=CARTESIAN_POINT('',(-105.,2.,89.));
#10545=VERTEX_POINT('',#10544);
#10546=CARTESIAN_POINT('',(-105.,2.,89.));
#10547=DIRECTION('',(0.,-1.,0.));
#10548=VECTOR('',#10547,2.);
#10549=LINE('',#10546,#10548);
#10550=EDGE_CURVE('',#10545,#10537,#10549,.T.);
#10551=ORIENTED_EDGE('',*,*,#10550,.F.);
#10552=CARTESIAN_POINT('',(-105.,2.,89.));
#10553=DIRECTION('',(1.,0.,-0.));
#10554=VECTOR('',#10553,80.);
#10555=LINE('',#10552,#10554);
#10556=EDGE_CURVE('',#10545,#10514,#10555,.T.);
#10557=ORIENTED_EDGE('',*,*,#10556,.T.);
#10558=ORIENTED_EDGE('',*,*,#10519,.T.);
#10559=EDGE_LOOP('',(#10543,#10551,#10557,#10558));
#10560=FACE_BOUND('',#10559,.T.);
#10561=ADVANCED_FACE('',(#10560),#10535,.T.);
#10562=CARTESIAN_POINT('',(-105.,2.,109.));
#10563=DIRECTION('',(-1.,0.,0.));
#10564=DIRECTION('',(0.,0.,1.));
#10565=AXIS2_PLACEMENT_3D('',#10562,#10563,#10564);
#10566=PLANE('',#10565);
#10567=CARTESIAN_POINT('',(-105.,0.,109.));
#10568=DIRECTION('',(0.,0.,-1.));
#10569=VECTOR('',#10568,20.);
#10570=LINE('',#10567,#10569);
#10571=EDGE_CURVE('',#10468,#10537,#10570,.T.);
#10572=ORIENTED_EDGE('',*,*,#10571,.F.);
#10573=ORIENTED_EDGE('',*,*,#10495,.F.);
#10574=CARTESIAN_POINT('',(-105.,2.,109.));
#10575=DIRECTION('',(0.,0.,-1.));
#10576=VECTOR('',#10575,20.);
#10577=LINE('',#10574,#10576);
#10578=EDGE_CURVE('',#10484,#10545,#10577,.T.);
#10579=ORIENTED_EDGE('',*,*,#10578,.T.);
#10580=ORIENTED_EDGE('',*,*,#10550,.T.);
#10581=EDGE_LOOP('',(#10572,#10573,#10579,#10580));
#10582=FACE_BOUND('',#10581,.T.);
#10583=ADVANCED_FACE('',(#10582),#10566,.T.);
#10584=CARTESIAN_POINT('',(0.,2.,0.));
#10585=DIRECTION('',(0.,-1.,0.));
#10586=DIRECTION('',(1.,0.,0.));
#10587=AXIS2_PLACEMENT_3D('',#10584,#10585,#10586);
#10588=PLANE('',#10587);
#10589=ORIENTED_EDGE('',*,*,#10489,.F.);
#10590=ORIENTED_EDGE('',*,*,#10525,.F.);
#10591=ORIENTED_EDGE('',*,*,#10556,.F.);
#10592=ORIENTED_EDGE('',*,*,#10578,.F.);
#10593=EDGE_LOOP('',(#10589,#10590,#10591,#10592));
#10594=FACE_BOUND('',#10593,.T.);
#10595=ADVANCED_FACE('',(#10594),#10588,.F.);
#10596=CARTESIAN_POINT('',(0.,0.,0.));
#10597=DIRECTION('',(0.,-1.,0.));
#10598=DIRECTION('',(1.,0.,0.));
#10599=AXIS2_PLACEMENT_3D('',#10596,#10597,#10598);
#10600=PLANE('',#10599);
#10601=ORIENTED_EDGE('',*,*,#10473,.T.);
#10602=ORIENTED_EDGE('',*,*,#10571,.T.);
#10603=ORIENTED_EDGE('',*,*,#10542,.T.);
#10604=ORIENTED_EDGE('',*,*,#10511,.T.);
#10605=EDGE_LOOP('',(#10601,#10602,#10603,#10604));
#10606=FACE_BOUND('',#10605,.T.);
#10607=ADVANCED_FACE('',(#10606),#10600,.T.);
#10608=CLOSED_SHELL('',(#10499,#10530,#10561,#10583,#10595,#10607));
#10609=MANIFOLD_SOLID_BREP('3D \X2\0444044004300433043C0435043D0442\X0\_4:1',#10608);
#10610=DRAUGHTING_PRE_DEFINED_COLOUR('black');
#10611=FILL_AREA_STYLE_COLOUR('',#10610);
#10612=FILL_AREA_STYLE('',(#10611));
#10613=SURFACE_STYLE_FILL_AREA(#10612);
#10614=SURFACE_SIDE_STYLE('',(#10613));
#10615=SURFACE_STYLE_USAGE(.BOTH.,#10614);
#10616=PRESENTATION_STYLE_ASSIGNMENT((#10615));
#10459=STYLED_ITEM('',(#10616),#10609);
#10617=DERIVED_UNIT_ELEMENT(#9691,3.0);
#10618=DERIVED_UNIT((#10617));
#10619=MEASURE_REPRESENTATION_ITEM('volume measure',VOLUME_MEASURE(3200.000000),#10618);
#10620=DERIVED_UNIT_ELEMENT(#9691,2.0);
#10621=DERIVED_UNIT((#10620));
#10622=MEASURE_REPRESENTATION_ITEM('surface area measure',AREA_MEASURE(3600.000000),#10621);
#10623=CARTESIAN_POINT('centre point',(-65.,1.,99.));
#10624=CARTESIAN_POINT('bounding box corner point',(-104.999996722,0.,89.00000155));
#10625=CARTESIAN_POINT('bounding box corner point',(-25.000000373,2.000000095,108.999997377));
#10626=ID_ATTRIBUTE('SA #10627',#10627);
#10627=SHAPE_ASPECT('properties','',#9702,.F.);
#10628=GEOMETRIC_ITEM_SPECIFIC_USAGE('','properties',#10627,#9696,#10609);
#10629=PROPERTY_DEFINITION('geometric validation property','',#10627);
#10630=REPRESENTATION('',(#10619,#10622,#10623,#10624,#10625),#9693);
#10631=PROPERTY_DEFINITION_REPRESENTATION(#10629,#10630);
#9695=SHAPE_REPRESENTATION('3D \X2\0444044004300433043C0435043D0442\X0\_4',(#15),#9693);
#9696=ADVANCED_BREP_SHAPE_REPRESENTATION('3D \X2\0444044004300433043C0435043D0442\X0\_4',(#10436,#10609),#9693);
#10639=SHAPE_REPRESENTATION_RELATIONSHIP('','',#9695,#9696);
#10640=CARTESIAN_POINT('',(0.,0.,0.));
#10641=DIRECTION('',(0.,0.,1.));
#10642=DIRECTION('',(1.,0.,0.));
#10643=AXIS2_PLACEMENT_3D('',#10640,#10641,#10642);
#10645=MAPPED_ITEM('',#10644,#10643);
#10644=REPRESENTATION_MAP(#10643,#9695);
#9703=PRODUCT('3D \X2\0444044004300433043C0435043D0442\X0\_4','3D \X2\0444044004300433043C0435043D0442\X0\_4','',(#718));
#10646=PRODUCT_RELATED_PRODUCT_CATEGORY('part','',(#9703));
#10647=PRODUCT_DEFINITION_FORMATION_WITH_SPECIFIED_SOURCE('','',#9703,.NOT_KNOWN.);
#9704=PRODUCT_DEFINITION('design','',#10647,#719);
#9702=PRODUCT_DEFINITION_SHAPE('','',#9704);
#10648=SHAPE_DEFINITION_REPRESENTATION(#9702,#9695);
#9694=DRAUGHTING_MODEL('',(#10645),#9693);
#10649=DERIVED_UNIT_ELEMENT(#9691,3.0);
#10650=DERIVED_UNIT((#10649));
#10651=MEASURE_REPRESENTATION_ITEM('volume measure',VOLUME_MEASURE(28949.522275),#10650);
#10652=DERIVED_UNIT_ELEMENT(#9691,2.0);
#10653=DERIVED_UNIT((#10652));
#10654=MEASURE_REPRESENTATION_ITEM('surface area measure',AREA_MEASURE(30886.503413),#10653);
#10655=CARTESIAN_POINT('centre point',(-64.999996259,1.,64.999996259));
#10656=CARTESIAN_POINT('bounding box corner point',(-125.499993563,0.,4.499999806));
#10657=CARTESIAN_POINT('bounding box corner point',(-4.499999806,2.000000095,125.499993563));
#10658=PROPERTY_DEFINITION('geometric validation property','',#9704);
#10659=REPRESENTATION('',(#10651,#10654,#10655,#10656,#10657),#9693);
#10660=PROPERTY_DEFINITION_REPRESENTATION(#10658,#10659);
#10661=(NAMED_UNIT(*)PLANE_ANGLE_UNIT()SI_UNIT($,.RADIAN.));
#10662=PLANE_ANGLE_MEASURE_WITH_UNIT(PLANE_ANGLE_MEASURE(0.0174532925),#10661);
#10663=(CONVERSION_BASED_UNIT('DEGREE',#10662)NAMED_UNIT(#10664)PLANE_ANGLE_UNIT());
#10664=DIMENSIONAL_EXPONENTS(0.,0.,0.,0.,0.,0.,0.);
#10665=(NAMED_UNIT(*)SI_UNIT($,.STERADIAN.)SOLID_ANGLE_UNIT());
#10666=(LENGTH_UNIT()NAMED_UNIT(*)SI_UNIT(.MILLI.,.METRE.));
#10667=UNCERTAINTY_MEASURE_WITH_UNIT(LENGTH_MEASURE(1.000000E-05),#10666,'DISTANCE_ACCURACY_VALUE','Maximum Tolerance applied to model');
#10668=(GEOMETRIC_REPRESENTATION_CONTEXT(3)GLOBAL_UNCERTAINTY_ASSIGNED_CONTEXT((#10667))GLOBAL_UNIT_ASSIGNED_CONTEXT((#10666,#10663,#10665))REPRESENTATION_CONTEXT('','3D \X2\0444044004300433043C0435043D0442\X0\_3'));
#10680=CARTESIAN_POINT('',(0.,-0.1,0.));
#10681=DIRECTION('',(0.,0.,1.));
#10682=DIRECTION('',(1.,0.,-0.));
#10683=AXIS2_PLACEMENT_3D('',#10680,#10681,#10682);
#10684=ITEM_DEFINED_TRANSFORMATION('','',#10683,#15);
#10685=(REPRESENTATION_RELATIONSHIP('','',#10670,#16)REPRESENTATION_RELATIONSHIP_WITH_TRANSFORMATION(#10684)SHAPE_REPRESENTATION_RELATIONSHIP());
#10686=NEXT_ASSEMBLY_USAGE_OCCURRENCE('3D \X2\0444044004300433043C0435043D0442\X0\_3_10','3D \X2\0444044004300433043C0435043D0442\X0\_3','3D \X2\0444044004300433043C0435043D0442\X0\_3',#25,#10679,$);
#10687=PRODUCT_DEFINITION_SHAPE('','',#10686);
#10688=CONTEXT_DEPENDENT_SHAPE_REPRESENTATION(#10685,#10687);
#10690=CARTESIAN_POINT('',(-26.,0.1,90.));
#10691=DIRECTION('',(1.,0.,0.));
#10692=DIRECTION('',(0.,0.,-1.));
#10693=AXIS2_PLACEMENT_3D('',#10690,#10691,#10692);
#10694=PLANE('',#10693);
#10695=CARTESIAN_POINT('',(-26.,0.,90.));
#10696=VERTEX_POINT('',#10695);
#10697=CARTESIAN_POINT('',(-26.,0.,110.));
#10698=VERTEX_POINT('',#10697);
#10699=CARTESIAN_POINT('',(-26.,0.,90.));
#10700=DIRECTION('',(0.,0.,1.));
#10701=VECTOR('',#10700,20.);
#10702=LINE('',#10699,#10701);
#10703=EDGE_CURVE('',#10696,#10698,#10702,.T.);
#10704=ORIENTED_EDGE('',*,*,#10703,.T.);
#10705=CARTESIAN_POINT('',(-26.,0.1,110.));
#10706=VERTEX_POINT('',#10705);
#10707=CARTESIAN_POINT('',(-26.,0.1,110.));
#10708=DIRECTION('',(0.,-1.,0.));
#10709=VECTOR('',#10708,0.1);
#10710=LINE('',#10707,#10709);
#10711=EDGE_CURVE('',#10706,#10698,#10710,.T.);
#10712=ORIENTED_EDGE('',*,*,#10711,.F.);
#10713=CARTESIAN_POINT('',(-26.,0.1,90.));
#10714=VERTEX_POINT('',#10713);
#10715=CARTESIAN_POINT('',(-26.,0.1,90.));
#10716=DIRECTION('',(0.,0.,1.));
#10717=VECTOR('',#10716,20.);
#10718=LINE('',#10715,#10717);
#10719=EDGE_CURVE('',#10714,#10706,#10718,.T.);
#10720=ORIENTED_EDGE('',*,*,#10719,.F.);
#10721=CARTESIAN_POINT('',(-26.,0.1,90.));
#10722=DIRECTION('',(0.,-1.,0.));
#10723=VECTOR('',#10722,0.1);
#10724=LINE('',#10721,#10723);
#10725=EDGE_CURVE('',#10714,#10696,#10724,.T.);
#10726=ORIENTED_EDGE('',*,*,#10725,.T.);
#10727=EDGE_LOOP('',(#10704,#10712,#10720,#10726));
#10728=FACE_BOUND('',#10727,.T.);
#10729=ADVANCED_FACE('',(#10728),#10694,.F.);
#10730=CARTESIAN_POINT('',(-26.,0.1,110.));
#10731=DIRECTION('',(0.,0.,1.));
#10732=DIRECTION('',(1.,0.,0.));
#10733=AXIS2_PLACEMENT_3D('',#10730,#10731,#10732);
#10734=PLANE('',#10733);
#10735=CARTESIAN_POINT('',(-106.,0.,110.));
#10736=VERTEX_POINT('',#10735);
#10737=CARTESIAN_POINT('',(-26.,0.,110.));
#10738=DIRECTION('',(-1.,0.,0.));
#10739=VECTOR('',#10738,80.);
#10740=LINE('',#10737,#10739);
#10741=EDGE_CURVE('',#10698,#10736,#10740,.T.);
#10742=ORIENTED_EDGE('',*,*,#10741,.T.);
#10743=CARTESIAN_POINT('',(-106.,0.1,110.));
#10744=VERTEX_POINT('',#10743);
#10745=CARTESIAN_POINT('',(-106.,0.1,110.));
#10746=DIRECTION('',(0.,-1.,0.));
#10747=VECTOR('',#10746,0.1);
#10748=LINE('',#10745,#10747);
#10749=EDGE_CURVE('',#10744,#10736,#10748,.T.);
#10750=ORIENTED_EDGE('',*,*,#10749,.F.);
#10751=CARTESIAN_POINT('',(-26.,0.1,110.));
#10752=DIRECTION('',(-1.,0.,0.));
#10753=VECTOR('',#10752,80.);
#10754=LINE('',#10751,#10753);
#10755=EDGE_CURVE('',#10706,#10744,#10754,.T.);
#10756=ORIENTED_EDGE('',*,*,#10755,.F.);
#10757=ORIENTED_EDGE('',*,*,#10711,.T.);
#10758=EDGE_LOOP('',(#10742,#10750,#10756,#10757));
#10759=FACE_BOUND('',#10758,.T.);
#10760=ADVANCED_FACE('',(#10759),#10734,.F.);
#10761=CARTESIAN_POINT('',(-106.,0.1,110.));
#10762=DIRECTION('',(-1.,0.,0.));
#10763=DIRECTION('',(0.,0.,1.));
#10764=AXIS2_PLACEMENT_3D('',#10761,#10762,#10763);
#10765=PLANE('',#10764);
#10766=CARTESIAN_POINT('',(-106.,0.,90.));
#10767=VERTEX_POINT('',#10766);
#10768=CARTESIAN_POINT('',(-106.,0.,110.));
#10769=DIRECTION('',(0.,0.,-1.));
#10770=VECTOR('',#10769,20.);
#10771=LINE('',#10768,#10770);
#10772=EDGE_CURVE('',#10736,#10767,#10771,.T.);
#10773=ORIENTED_EDGE('',*,*,#10772,.T.);
#10774=CARTESIAN_POINT('',(-106.,0.1,90.));
#10775=VERTEX_POINT('',#10774);
#10776=CARTESIAN_POINT('',(-106.,0.1,90.));
#10777=DIRECTION('',(0.,-1.,0.));
#10778=VECTOR('',#10777,0.1);
#10779=LINE('',#10776,#10778);
#10780=EDGE_CURVE('',#10775,#10767,#10779,.T.);
#10781=ORIENTED_EDGE('',*,*,#10780,.F.);
#10782=CARTESIAN_POINT('',(-106.,0.1,110.));
#10783=DIRECTION('',(0.,0.,-1.));
#10784=VECTOR('',#10783,20.);
#10785=LINE('',#10782,#10784);
#10786=EDGE_CURVE('',#10744,#10775,#10785,.T.);
#10787=ORIENTED_EDGE('',*,*,#10786,.F.);
#10788=ORIENTED_EDGE('',*,*,#10749,.T.);
#10789=EDGE_LOOP('',(#10773,#10781,#10787,#10788));
#10790=FACE_BOUND('',#10789,.T.);
#10791=ADVANCED_FACE('',(#10790),#10765,.F.);
#10792=CARTESIAN_POINT('',(-5.,0.1,132.));
#10793=DIRECTION('',(0.,0.,-1.));
#10794=DIRECTION('',(-1.,0.,0.));
#10795=AXIS2_PLACEMENT_3D('',#10792,#10793,#10794);
#10796=PLANE('',#10795);
#10797=CARTESIAN_POINT('',(-127.,0.,132.));
#10798=VERTEX_POINT('',#10797);
#10799=CARTESIAN_POINT('',(-5.,0.,132.));
#10800=VERTEX_POINT('',#10799);
#10801=CARTESIAN_POINT('',(-127.,0.,132.));
#10802=DIRECTION('',(1.,0.,-0.));
#10803=VECTOR('',#10802,122.);
#10804=LINE('',#10801,#10803);
#10805=EDGE_CURVE('',#10798,#10800,#10804,.T.);
#10806=ORIENTED_EDGE('',*,*,#10805,.T.);
#10807=CARTESIAN_POINT('',(-5.,0.1,132.));
#10808=VERTEX_POINT('',#10807);
#10809=CARTESIAN_POINT('',(-5.,0.1,132.));
#10810=DIRECTION('',(0.,-1.,0.));
#10811=VECTOR('',#10810,0.1);
#10812=LINE('',#10809,#10811);
#10813=EDGE_CURVE('',#10808,#10800,#10812,.T.);
#10814=ORIENTED_EDGE('',*,*,#10813,.F.);
#10815=CARTESIAN_POINT('',(-127.,0.1,132.));
#10816=VERTEX_POINT('',#10815);
#10817=CARTESIAN_POINT('',(-127.,0.1,132.));
#10818=DIRECTION('',(1.,0.,-0.));
#10819=VECTOR('',#10818,122.);
#10820=LINE('',#10817,#10819);
#10821=EDGE_CURVE('',#10816,#10808,#10820,.T.);
#10822=ORIENTED_EDGE('',*,*,#10821,.F.);
#10823=CARTESIAN_POINT('',(-127.,0.1,132.));
#10824=DIRECTION('',(0.,-1.,0.));
#10825=VECTOR('',#10824,0.1);
#10826=LINE('',#10823,#10825);
#10827=EDGE_CURVE('',#10816,#10798,#10826,.T.);
#10828=ORIENTED_EDGE('',*,*,#10827,.T.);
#10829=EDGE_LOOP('',(#10806,#10814,#10822,#10828));
#10830=FACE_BOUND('',#10829,.T.);
#10831=ADVANCED_FACE('',(#10830),#10796,.F.);
#10832=CARTESIAN_POINT('',(-5.,0.1,127.));
#10833=DIRECTION('',(0.,-1.,0.));
#10834=DIRECTION('',(0.,0.,-1.));
#10835=AXIS2_PLACEMENT_3D('',#10832,#10833,#10834);
#10836=CYLINDRICAL_SURFACE('',#10835,5.);
#10837=CARTESIAN_POINT('',(0.,0.,127.));
#10838=VERTEX_POINT('',#10837);
#10839=CARTESIAN_POINT('',(-5.,0.,127.));
#10840=DIRECTION('',(0.,1.,0.));
#10841=DIRECTION('',(0.,-0.,1.));
#10842=AXIS2_PLACEMENT_3D('',#10839,#10840,#10841);
#10843=CIRCLE('',#10842,5.);
#10844=EDGE_CURVE('',#10800,#10838,#10843,.T.);
#10845=ORIENTED_EDGE('',*,*,#10844,.T.);
#10846=CARTESIAN_POINT('',(0.,0.1,127.));
#10847=VERTEX_POINT('',#10846);
#10848=CARTESIAN_POINT('',(0.,0.1,127.));
#10849=DIRECTION('',(0.,-1.,0.));
#10850=VECTOR('',#10849,0.1);
#10851=LINE('',#10848,#10850);
#10852=EDGE_CURVE('',#10847,#10838,#10851,.T.);
#10853=ORIENTED_EDGE('',*,*,#10852,.F.);
#10854=CARTESIAN_POINT('',(-5.,0.1,127.));
#10855=DIRECTION('',(0.,1.,0.));
#10856=DIRECTION('',(0.,-0.,1.));
#10857=AXIS2_PLACEMENT_3D('',#10854,#10855,#10856);
#10858=CIRCLE('',#10857,5.);
#10859=EDGE_CURVE('',#10808,#10847,#10858,.T.);
#10860=ORIENTED_EDGE('',*,*,#10859,.F.);
#10861=ORIENTED_EDGE('',*,*,#10813,.T.);
#10862=EDGE_LOOP('',(#10845,#10853,#10860,#10861));
#10863=FACE_BOUND('',#10862,.T.);
#10864=ADVANCED_FACE('',(#10863),#10836,.T.);
#10865=CARTESIAN_POINT('',(0.,0.1,5.));
#10866=DIRECTION('',(-1.,0.,0.));
#10867=DIRECTION('',(0.,0.,1.));
#10868=AXIS2_PLACEMENT_3D('',#10865,#10866,#10867);
#10869=PLANE('',#10868);
#10870=CARTESIAN_POINT('',(0.,0.,5.));
#10871=VERTEX_POINT('',#10870);
#10872=CARTESIAN_POINT('',(0.,0.,127.));
#10873=DIRECTION('',(0.,0.,-1.));
#10874=VECTOR('',#10873,122.);
#10875=LINE('',#10872,#10874);
#10876=EDGE_CURVE('',#10838,#10871,#10875,.T.);
#10877=ORIENTED_EDGE('',*,*,#10876,.T.);
#10878=CARTESIAN_POINT('',(0.,0.1,5.));
#10879=VERTEX_POINT('',#10878);
#10880=CARTESIAN_POINT('',(0.,0.1,5.));
#10881=DIRECTION('',(0.,-1.,0.));
#10882=VECTOR('',#10881,0.1);
#10883=LINE('',#10880,#10882);
#10884=EDGE_CURVE('',#10879,#10871,#10883,.T.);
#10885=ORIENTED_EDGE('',*,*,#10884,.F.);
#10886=CARTESIAN_POINT('',(0.,0.1,127.));
#10887=DIRECTION('',(0.,0.,-1.));
#10888=VECTOR('',#10887,122.);
#10889=LINE('',#10886,#10888);
#10890=EDGE_CURVE('',#10847,#10879,#10889,.T.);
#10891=ORIENTED_EDGE('',*,*,#10890,.F.);
#10892=ORIENTED_EDGE('',*,*,#10852,.T.);
#10893=EDGE_LOOP('',(#10877,#10885,#10891,#10892));
#10894=FACE_BOUND('',#10893,.T.);
#10895=ADVANCED_FACE('',(#10894),#10869,.F.);
#10896=CARTESIAN_POINT('',(-5.,0.1,5.));
#10897=DIRECTION('',(0.,-1.,0.));
#10898=DIRECTION('',(0.,0.,-1.));
#10899=AXIS2_PLACEMENT_3D('',#10896,#10897,#10898);
#10900=CYLINDRICAL_SURFACE('',#10899,5.);
#10901=CARTESIAN_POINT('',(-5.,0.,0.));
#10902=VERTEX_POINT('',#10901);
#10903=CARTESIAN_POINT('',(-5.,0.,5.));
#10904=DIRECTION('',(0.,1.,0.));
#10905=DIRECTION('',(-1.,0.,0.));
#10906=AXIS2_PLACEMENT_3D('',#10903,#10904,#10905);
#10907=CIRCLE('',#10906,5.);
#10908=EDGE_CURVE('',#10871,#10902,#10907,.T.);
#10909=ORIENTED_EDGE('',*,*,#10908,.T.);
#10910=CARTESIAN_POINT('',(-5.,0.1,0.));
#10911=VERTEX_POINT('',#10910);
#10912=CARTESIAN_POINT('',(-5.,0.1,0.));
#10913=DIRECTION('',(0.,-1.,0.));
#10914=VECTOR('',#10913,0.1);
#10915=LINE('',#10912,#10914);
#10916=EDGE_CURVE('',#10911,#10902,#10915,.T.);
#10917=ORIENTED_EDGE('',*,*,#10916,.F.);
#10918=CARTESIAN_POINT('',(-5.,0.1,5.));
#10919=DIRECTION('',(0.,1.,0.));
#10920=DIRECTION('',(-1.,0.,0.));
#10921=AXIS2_PLACEMENT_3D('',#10918,#10919,#10920);
#10922=CIRCLE('',#10921,5.);
#10923=EDGE_CURVE('',#10879,#10911,#10922,.T.);
#10924=ORIENTED_EDGE('',*,*,#10923,.F.);
#10925=ORIENTED_EDGE('',*,*,#10884,.T.);
#10926=EDGE_LOOP('',(#10909,#10917,#10924,#10925));
#10927=FACE_BOUND('',#10926,.T.);
#10928=ADVANCED_FACE('',(#10927),#10900,.T.);
#10929=CARTESIAN_POINT('',(-127.,0.1,0.));
#10930=DIRECTION('',(0.,0.,1.));
#10931=DIRECTION('',(1.,0.,0.));
#10932=AXIS2_PLACEMENT_3D('',#10929,#10930,#10931);
#10933=PLANE('',#10932);
#10934=CARTESIAN_POINT('',(-127.,0.,0.));
#10935=VERTEX_POINT('',#10934);
#10936=CARTESIAN_POINT('',(-5.,0.,0.));
#10937=DIRECTION('',(-1.,0.,0.));
#10938=VECTOR('',#10937,122.);
#10939=LINE('',#10936,#10938);
#10940=EDGE_CURVE('',#10902,#10935,#10939,.T.);
#10941=ORIENTED_EDGE('',*,*,#10940,.T.);
#10942=CARTESIAN_POINT('',(-127.,0.1,0.));
#10943=VERTEX_POINT('',#10942);
#10944=CARTESIAN_POINT('',(-127.,0.1,0.));
#10945=DIRECTION('',(0.,-1.,0.));
#10946=VECTOR('',#10945,0.1);
#10947=LINE('',#10944,#10946);
#10948=EDGE_CURVE('',#10943,#10935,#10947,.T.);
#10949=ORIENTED_EDGE('',*,*,#10948,.F.);
#10950=CARTESIAN_POINT('',(-5.,0.1,0.));
#10951=DIRECTION('',(-1.,0.,0.));
#10952=VECTOR('',#10951,122.);
#10953=LINE('',#10950,#10952);
#10954=EDGE_CURVE('',#10911,#10943,#10953,.T.);
#10955=ORIENTED_EDGE('',*,*,#10954,.F.);
#10956=ORIENTED_EDGE('',*,*,#10916,.T.);
#10957=EDGE_LOOP('',(#10941,#10949,#10955,#10956));
#10958=FACE_BOUND('',#10957,.T.);
#10959=ADVANCED_FACE('',(#10958),#10933,.F.);
#10960=CARTESIAN_POINT('',(-127.,0.1,5.));
#10961=DIRECTION('',(0.,-1.,0.));
#10962=DIRECTION('',(0.,0.,-1.));
#10963=AXIS2_PLACEMENT_3D('',#10960,#10961,#10962);
#10964=CYLINDRICAL_SURFACE('',#10963,5.);
#10965=CARTESIAN_POINT('',(-132.,0.,5.));
#10966=VERTEX_POINT('',#10965);
#10967=CARTESIAN_POINT('',(-127.,0.,5.));
#10968=DIRECTION('',(0.,1.,0.));
#10969=DIRECTION('',(-1.,0.,0.));
#10970=AXIS2_PLACEMENT_3D('',#10967,#10968,#10969);
#10971=CIRCLE('',#10970,5.);
#10972=EDGE_CURVE('',#10935,#10966,#10971,.T.);
#10973=ORIENTED_EDGE('',*,*,#10972,.T.);
#10974=CARTESIAN_POINT('',(-132.,0.1,5.));
#10975=VERTEX_POINT('',#10974);
#10976=CARTESIAN_POINT('',(-132.,0.1,5.));
#10977=DIRECTION('',(0.,-1.,0.));
#10978=VECTOR('',#10977,0.1);
#10979=LINE('',#10976,#10978);
#10980=EDGE_CURVE('',#10975,#10966,#10979,.T.);
#10981=ORIENTED_EDGE('',*,*,#10980,.F.);
#10982=CARTESIAN_POINT('',(-127.,0.1,5.));
#10983=DIRECTION('',(0.,1.,0.));
#10984=DIRECTION('',(-1.,0.,0.));
#10985=AXIS2_PLACEMENT_3D('',#10982,#10983,#10984);
#10986=CIRCLE('',#10985,5.);
#10987=EDGE_CURVE('',#10943,#10975,#10986,.T.);
#10988=ORIENTED_EDGE('',*,*,#10987,.F.);
#10989=ORIENTED_EDGE('',*,*,#10948,.T.);
#10990=EDGE_LOOP('',(#10973,#10981,#10988,#10989));
#10991=FACE_BOUND('',#10990,.T.);
#10992=ADVANCED_FACE('',(#10991),#10964,.T.);
#10993=CARTESIAN_POINT('',(-132.,0.1,127.));
#10994=DIRECTION('',(1.,0.,0.));
#10995=DIRECTION('',(0.,0.,-1.));
#10996=AXIS2_PLACEMENT_3D('',#10993,#10994,#10995);
#10997=PLANE('',#10996);
#10998=CARTESIAN_POINT('',(-132.,0.,127.));
#10999=VERTEX_POINT('',#10998);
#11000=CARTESIAN_POINT('',(-132.,0.,5.));
#11001=DIRECTION('',(0.,0.,1.));
#11002=VECTOR('',#11001,122.);
#11003=LINE('',#11000,#11002);
#11004=EDGE_CURVE('',#10966,#10999,#11003,.T.);
#11005=ORIENTED_EDGE('',*,*,#11004,.T.);
#11006=CARTESIAN_POINT('',(-132.,0.1,127.));
#11007=VERTEX_POINT('',#11006);
#11008=CARTESIAN_POINT('',(-132.,0.1,127.));
#11009=DIRECTION('',(0.,-1.,0.));
#11010=VECTOR('',#11009,0.1);
#11011=LINE('',#11008,#11010);
#11012=EDGE_CURVE('',#11007,#10999,#11011,.T.);
#11013=ORIENTED_EDGE('',*,*,#11012,.F.);
#11014=CARTESIAN_POINT('',(-132.,0.1,5.));
#11015=DIRECTION('',(0.,0.,1.));
#11016=VECTOR('',#11015,122.);
#11017=LINE('',#11014,#11016);
#11018=EDGE_CURVE('',#10975,#11007,#11017,.T.);
#11019=ORIENTED_EDGE('',*,*,#11018,.F.);
#11020=ORIENTED_EDGE('',*,*,#10980,.T.);
#11021=EDGE_LOOP('',(#11005,#11013,#11019,#11020));
#11022=FACE_BOUND('',#11021,.T.);
#11023=ADVANCED_FACE('',(#11022),#10997,.F.);
#11024=CARTESIAN_POINT('',(-106.,0.1,90.));
#11025=DIRECTION('',(0.,0.,-1.));
#11026=DIRECTION('',(-1.,0.,0.));
#11027=AXIS2_PLACEMENT_3D('',#11024,#11025,#11026);
#11028=PLANE('',#11027);
#11029=CARTESIAN_POINT('',(-106.,0.,90.));
#11030=DIRECTION('',(1.,0.,-0.));
#11031=VECTOR('',#11030,80.);
#11032=LINE('',#11029,#11031);
#11033=EDGE_CURVE('',#10767,#10696,#11032,.T.);
#11034=ORIENTED_EDGE('',*,*,#11033,.T.);
#11035=ORIENTED_EDGE('',*,*,#10725,.F.);
#11036=CARTESIAN_POINT('',(-106.,0.1,90.));
#11037=DIRECTION('',(1.,0.,-0.));
#11038=VECTOR('',#11037,80.);
#11039=LINE('',#11036,#11038);
#11040=EDGE_CURVE('',#10775,#10714,#11039,.T.);
#11041=ORIENTED_EDGE('',*,*,#11040,.F.);
#11042=ORIENTED_EDGE('',*,*,#10780,.T.);
#11043=EDGE_LOOP('',(#11034,#11035,#11041,#11042));
#11044=FACE_BOUND('',#11043,.T.);
#11045=ADVANCED_FACE('',(#11044),#11028,.F.);
#11046=CARTESIAN_POINT('',(-121.,0.1,11.));
#11047=DIRECTION('',(0.,-1.,0.));
#11048=DIRECTION('',(0.,0.,-1.));
#11049=AXIS2_PLACEMENT_3D('',#11046,#11047,#11048);
#11050=CYLINDRICAL_SURFACE('',#11049,3.5);
#11051=CARTESIAN_POINT('',(-121.,0.,7.5));
#11052=VERTEX_POINT('',#11051);
#11053=CARTESIAN_POINT('',(-121.,0.1,7.5));
#11054=VERTEX_POINT('',#11053);
#11055=CARTESIAN_POINT('',(-121.,0.,7.5));
#11056=DIRECTION('',(-0.,1.,-0.));
#11057=VECTOR('',#11056,0.1);
#11058=LINE('',#11055,#11057);
#11059=EDGE_CURVE('',#11052,#11054,#11058,.T.);
#11060=ORIENTED_EDGE('',*,*,#11059,.F.);
#11061=CARTESIAN_POINT('',(-124.5,0.,11.));
#11062=VERTEX_POINT('',#11061);
#11063=CARTESIAN_POINT('',(-121.,0.,11.));
#11064=DIRECTION('',(0.,1.,0.));
#11065=DIRECTION('',(-1.,0.,0.));
#11066=AXIS2_PLACEMENT_3D('',#11063,#11064,#11065);
#11067=CIRCLE('',#11066,3.5);
#11068=EDGE_CURVE('',#11062,#11052,#11067,.T.);
#11069=ORIENTED_EDGE('',*,*,#11068,.F.);
#11070=CARTESIAN_POINT('',(-124.5,0.1,11.));
#11071=VERTEX_POINT('',#11070);
#11072=CARTESIAN_POINT('',(-124.5,0.1,11.));
#11073=DIRECTION('',(0.,-1.,0.));
#11074=VECTOR('',#11073,0.1);
#11075=LINE('',#11072,#11074);
#11076=EDGE_CURVE('',#11071,#11062,#11075,.T.);
#11077=ORIENTED_EDGE('',*,*,#11076,.F.);
#11078=CARTESIAN_POINT('',(-121.,0.1,11.));
#11079=DIRECTION('',(0.,1.,0.));
#11080=DIRECTION('',(-1.,0.,0.));
#11081=AXIS2_PLACEMENT_3D('',#11078,#11079,#11080);
#11082=CIRCLE('',#11081,3.5);
#11083=EDGE_CURVE('',#11071,#11054,#11082,.T.);
#11084=ORIENTED_EDGE('',*,*,#11083,.T.);
#11085=EDGE_LOOP('',(#11060,#11069,#11077,#11084));
#11086=FACE_BOUND('',#11085,.T.);
#11087=ADVANCED_FACE('',(#11086),#11050,.F.);
#11088=CARTESIAN_POINT('',(-11.,0.1,11.));
#11089=DIRECTION('',(0.,-1.,0.));
#11090=DIRECTION('',(0.,0.,-1.));
#11091=AXIS2_PLACEMENT_3D('',#11088,#11089,#11090);
#11092=CYLINDRICAL_SURFACE('',#11091,3.5);
#11093=CARTESIAN_POINT('',(-11.,0.,7.5));
#11094=VERTEX_POINT('',#11093);
#11095=CARTESIAN_POINT('',(-11.,0.1,7.5));
#11096=VERTEX_POINT('',#11095);
#11097=CARTESIAN_POINT('',(-11.,0.,7.5));
#11098=DIRECTION('',(-0.,1.,-0.));
#11099=VECTOR('',#11098,0.1);
#11100=LINE('',#11097,#11099);
#11101=EDGE_CURVE('',#11094,#11096,#11100,.T.);
#11102=ORIENTED_EDGE('',*,*,#11101,.F.);
#11103=CARTESIAN_POINT('',(-14.5,0.,11.));
#11104=VERTEX_POINT('',#11103);
#11105=CARTESIAN_POINT('',(-11.,0.,11.));
#11106=DIRECTION('',(0.,1.,0.));
#11107=DIRECTION('',(-1.,0.,0.));
#11108=AXIS2_PLACEMENT_3D('',#11105,#11106,#11107);
#11109=CIRCLE('',#11108,3.5);
#11110=EDGE_CURVE('',#11104,#11094,#11109,.T.);
#11111=ORIENTED_EDGE('',*,*,#11110,.F.);
#11112=CARTESIAN_POINT('',(-14.5,0.1,11.));
#11113=VERTEX_POINT('',#11112);
#11114=CARTESIAN_POINT('',(-14.5,0.1,11.));
#11115=DIRECTION('',(0.,-1.,0.));
#11116=VECTOR('',#11115,0.1);
#11117=LINE('',#11114,#11116);
#11118=EDGE_CURVE('',#11113,#11104,#11117,.T.);
#11119=ORIENTED_EDGE('',*,*,#11118,.F.);
#11120=CARTESIAN_POINT('',(-11.,0.1,11.));
#11121=DIRECTION('',(0.,1.,0.));
#11122=DIRECTION('',(-1.,0.,0.));
#11123=AXIS2_PLACEMENT_3D('',#11120,#11121,#11122);
#11124=CIRCLE('',#11123,3.5);
#11125=EDGE_CURVE('',#11113,#11096,#11124,.T.);
#11126=ORIENTED_EDGE('',*,*,#11125,.T.);
#11127=EDGE_LOOP('',(#11102,#11111,#11119,#11126));
#11128=FACE_BOUND('',#11127,.T.);
#11129=ADVANCED_FACE('',(#11128),#11092,.F.);
#11130=CARTESIAN_POINT('',(-121.,0.1,121.));
#11131=DIRECTION('',(0.,-1.,0.));
#11132=DIRECTION('',(0.,0.,-1.));
#11133=AXIS2_PLACEMENT_3D('',#11130,#11131,#11132);
#11134=CYLINDRICAL_SURFACE('',#11133,3.5);
#11135=CARTESIAN_POINT('',(-121.,0.,117.5));
#11136=VERTEX_POINT('',#11135);
#11137=CARTESIAN_POINT('',(-121.,0.1,117.5));
#11138=VERTEX_POINT('',#11137);
#11139=CARTESIAN_POINT('',(-121.,0.,117.5));
#11140=DIRECTION('',(-0.,1.,-0.));
#11141=VECTOR('',#11140,0.1);
#11142=LINE('',#11139,#11141);
#11143=EDGE_CURVE('',#11136,#11138,#11142,.T.);
#11144=ORIENTED_EDGE('',*,*,#11143,.F.);
#11145=CARTESIAN_POINT('',(-124.5,0.,121.));
#11146=VERTEX_POINT('',#11145);
#11147=CARTESIAN_POINT('',(-121.,0.,121.));
#11148=DIRECTION('',(0.,1.,0.));
#11149=DIRECTION('',(-1.,0.,0.));
#11150=AXIS2_PLACEMENT_3D('',#11147,#11148,#11149);
#11151=CIRCLE('',#11150,3.5);
#11152=EDGE_CURVE('',#11146,#11136,#11151,.T.);
#11153=ORIENTED_EDGE('',*,*,#11152,.F.);
#11154=CARTESIAN_POINT('',(-124.5,0.1,121.));
#11155=VERTEX_POINT('',#11154);
#11156=CARTESIAN_POINT('',(-124.5,0.1,121.));
#11157=DIRECTION('',(0.,-1.,0.));
#11158=VECTOR('',#11157,0.1);
#11159=LINE('',#11156,#11158);
#11160=EDGE_CURVE('',#11155,#11146,#11159,.T.);
#11161=ORIENTED_EDGE('',*,*,#11160,.F.);
#11162=CARTESIAN_POINT('',(-121.,0.1,121.));
#11163=DIRECTION('',(0.,1.,0.));
#11164=DIRECTION('',(-1.,0.,0.));
#11165=AXIS2_PLACEMENT_3D('',#11162,#11163,#11164);
#11166=CIRCLE('',#11165,3.5);
#11167=EDGE_CURVE('',#11155,#11138,#11166,.T.);
#11168=ORIENTED_EDGE('',*,*,#11167,.T.);
#11169=EDGE_LOOP('',(#11144,#11153,#11161,#11168));
#11170=FACE_BOUND('',#11169,.T.);
#11171=ADVANCED_FACE('',(#11170),#11134,.F.);
#11172=CARTESIAN_POINT('',(-11.,0.1,121.));
#11173=DIRECTION('',(0.,-1.,0.));
#11174=DIRECTION('',(0.,0.,-1.));
#11175=AXIS2_PLACEMENT_3D('',#11172,#11173,#11174);
#11176=CYLINDRICAL_SURFACE('',#11175,3.5);
#11177=CARTESIAN_POINT('',(-11.,0.,117.5));
#11178=VERTEX_POINT('',#11177);
#11179=CARTESIAN_POINT('',(-11.,0.1,117.5));
#11180=VERTEX_POINT('',#11179);
#11181=CARTESIAN_POINT('',(-11.,0.,117.5));
#11182=DIRECTION('',(-0.,1.,-0.));
#11183=VECTOR('',#11182,0.1);
#11184=LINE('',#11181,#11183);
#11185=EDGE_CURVE('',#11178,#11180,#11184,.T.);
#11186=ORIENTED_EDGE('',*,*,#11185,.F.);
#11187=CARTESIAN_POINT('',(-14.5,0.,121.));
#11188=VERTEX_POINT('',#11187);
#11189=CARTESIAN_POINT('',(-11.,0.,121.));
#11190=DIRECTION('',(0.,1.,0.));
#11191=DIRECTION('',(0.,-0.,1.));
#11192=AXIS2_PLACEMENT_3D('',#11189,#11190,#11191);
#11193=CIRCLE('',#11192,3.5);
#11194=EDGE_CURVE('',#11188,#11178,#11193,.T.);
#11195=ORIENTED_EDGE('',*,*,#11194,.F.);
#11196=CARTESIAN_POINT('',(-14.5,0.1,121.));
#11197=VERTEX_POINT('',#11196);
#11198=CARTESIAN_POINT('',(-14.5,0.1,121.));
#11199=DIRECTION('',(0.,-1.,0.));
#11200=VECTOR('',#11199,0.1);
#11201=LINE('',#11198,#11200);
#11202=EDGE_CURVE('',#11197,#11188,#11201,.T.);
#11203=ORIENTED_EDGE('',*,*,#11202,.F.);
#11204=CARTESIAN_POINT('',(-11.,0.1,121.));
#11205=DIRECTION('',(0.,1.,0.));
#11206=DIRECTION('',(0.,-0.,1.));
#11207=AXIS2_PLACEMENT_3D('',#11204,#11205,#11206);
#11208=CIRCLE('',#11207,3.5);
#11209=EDGE_CURVE('',#11197,#11180,#11208,.T.);
#11210=ORIENTED_EDGE('',*,*,#11209,.T.);
#11211=EDGE_LOOP('',(#11186,#11195,#11203,#11210));
#11212=FACE_BOUND('',#11211,.T.);
#11213=ADVANCED_FACE('',(#11212),#11176,.F.);
#11214=CARTESIAN_POINT('',(-127.,0.1,127.));
#11215=DIRECTION('',(0.,-1.,0.));
#11216=DIRECTION('',(0.,0.,-1.));
#11217=AXIS2_PLACEMENT_3D('',#11214,#11215,#11216);
#11218=CYLINDRICAL_SURFACE('',#11217,5.);
#11219=CARTESIAN_POINT('',(-127.,0.,127.));
#11220=DIRECTION('',(0.,1.,0.));
#11221=DIRECTION('',(-1.,0.,0.));
#11222=AXIS2_PLACEMENT_3D('',#11219,#11220,#11221);
#11223=CIRCLE('',#11222,5.);
#11224=EDGE_CURVE('',#10999,#10798,#11223,.T.);
#11225=ORIENTED_EDGE('',*,*,#11224,.T.);
#11226=ORIENTED_EDGE('',*,*,#10827,.F.);
#11227=CARTESIAN_POINT('',(-127.,0.1,127.));
#11228=DIRECTION('',(0.,1.,0.));
#11229=DIRECTION('',(-1.,0.,0.));
#11230=AXIS2_PLACEMENT_3D('',#11227,#11228,#11229);
#11231=CIRCLE('',#11230,5.);
#11232=EDGE_CURVE('',#11007,#10816,#11231,.T.);
#11233=ORIENTED_EDGE('',*,*,#11232,.F.);
#11234=ORIENTED_EDGE('',*,*,#11012,.T.);
#11235=EDGE_LOOP('',(#11225,#11226,#11233,#11234));
#11236=FACE_BOUND('',#11235,.T.);
#11237=ADVANCED_FACE('',(#11236),#11218,.T.);
#11238=CARTESIAN_POINT('',(-66.,0.1,50.));
#11239=DIRECTION('',(0.,-1.,0.));
#11240=DIRECTION('',(0.,0.,-1.));
#11241=AXIS2_PLACEMENT_3D('',#11238,#11239,#11240);
#11242=CYLINDRICAL_SURFACE('',#11241,2.5);
#11243=CARTESIAN_POINT('',(-66.,0.,47.5));
#11244=VERTEX_POINT('',#11243);
#11245=CARTESIAN_POINT('',(-66.,0.1,47.5));
#11246=VERTEX_POINT('',#11245);
#11247=CARTESIAN_POINT('',(-66.,0.,47.5));
#11248=DIRECTION('',(-0.,1.,-0.));
#11249=VECTOR('',#11248,0.1);
#11250=LINE('',#11247,#11249);
#11251=EDGE_CURVE('',#11244,#11246,#11250,.T.);
#11252=ORIENTED_EDGE('',*,*,#11251,.F.);
#11253=CARTESIAN_POINT('',(-68.5,0.,50.));
#11254=VERTEX_POINT('',#11253);
#11255=CARTESIAN_POINT('',(-66.,0.,50.));
#11256=DIRECTION('',(0.,1.,0.));
#11257=DIRECTION('',(-1.,0.,0.));
#11258=AXIS2_PLACEMENT_3D('',#11255,#11256,#11257);
#11259=CIRCLE('',#11258,2.5);
#11260=EDGE_CURVE('',#11254,#11244,#11259,.T.);
#11261=ORIENTED_EDGE('',*,*,#11260,.F.);
#11262=CARTESIAN_POINT('',(-68.5,0.1,50.));
#11263=VERTEX_POINT('',#11262);
#11264=CARTESIAN_POINT('',(-68.5,0.1,50.));
#11265=DIRECTION('',(0.,-1.,0.));
#11266=VECTOR('',#11265,0.1);
#11267=LINE('',#11264,#11266);
#11268=EDGE_CURVE('',#11263,#11254,#11267,.T.);
#11269=ORIENTED_EDGE('',*,*,#11268,.F.);
#11270=CARTESIAN_POINT('',(-66.,0.1,50.));
#11271=DIRECTION('',(0.,1.,0.));
#11272=DIRECTION('',(-1.,0.,0.));
#11273=AXIS2_PLACEMENT_3D('',#11270,#11271,#11272);
#11274=CIRCLE('',#11273,2.5);
#11275=EDGE_CURVE('',#11263,#11246,#11274,.T.);
#11276=ORIENTED_EDGE('',*,*,#11275,.T.);
#11277=EDGE_LOOP('',(#11252,#11261,#11269,#11276));
#11278=FACE_BOUND('',#11277,.T.);
#11279=ADVANCED_FACE('',(#11278),#11242,.F.);
#11280=CARTESIAN_POINT('',(0.,0.1,0.));
#11281=DIRECTION('',(0.,1.,0.));
#11282=DIRECTION('',(-1.,0.,0.));
#11283=AXIS2_PLACEMENT_3D('',#11280,#11281,#11282);
#11284=PLANE('',#11283);
#11285=ORIENTED_EDGE('',*,*,#10821,.T.);
#11286=ORIENTED_EDGE('',*,*,#10859,.T.);
#11287=ORIENTED_EDGE('',*,*,#10890,.T.);
#11288=ORIENTED_EDGE('',*,*,#10923,.T.);
#11289=ORIENTED_EDGE('',*,*,#10954,.T.);
#11290=ORIENTED_EDGE('',*,*,#10987,.T.);
#11291=ORIENTED_EDGE('',*,*,#11018,.T.);
#11292=ORIENTED_EDGE('',*,*,#11232,.T.);
#11293=EDGE_LOOP('',(#11285,#11286,#11287,#11288,#11289,#11290,#11291,#11292));
#11294=FACE_BOUND('',#11293,.T.);
#11295=CARTESIAN_POINT('',(-11.,0.1,121.));
#11296=DIRECTION('',(0.,1.,0.));
#11297=DIRECTION('',(0.,-0.,1.));
#11298=AXIS2_PLACEMENT_3D('',#11295,#11296,#11297);
#11299=CIRCLE('',#11298,3.5);
#11300=EDGE_CURVE('',#11180,#11197,#11299,.T.);
#11301=ORIENTED_EDGE('',*,*,#11300,.F.);
#11302=ORIENTED_EDGE('',*,*,#11209,.F.);
#11303=EDGE_LOOP('',(#11301,#11302));
#11304=FACE_BOUND('',#11303,.T.);
#11305=CARTESIAN_POINT('',(-121.,0.1,121.));
#11306=DIRECTION('',(0.,1.,0.));
#11307=DIRECTION('',(-1.,0.,0.));
#11308=AXIS2_PLACEMENT_3D('',#11305,#11306,#11307);
#11309=CIRCLE('',#11308,3.5);
#11310=EDGE_CURVE('',#11138,#11155,#11309,.T.);
#11311=ORIENTED_EDGE('',*,*,#11310,.F.);
#11312=ORIENTED_EDGE('',*,*,#11167,.F.);
#11313=EDGE_LOOP('',(#11311,#11312));
#11314=FACE_BOUND('',#11313,.T.);
#11315=CARTESIAN_POINT('',(-11.,0.1,11.));
#11316=DIRECTION('',(0.,1.,0.));
#11317=DIRECTION('',(-1.,0.,0.));
#11318=AXIS2_PLACEMENT_3D('',#11315,#11316,#11317);
#11319=CIRCLE('',#11318,3.5);
#11320=EDGE_CURVE('',#11096,#11113,#11319,.T.);
#11321=ORIENTED_EDGE('',*,*,#11320,.F.);
#11322=ORIENTED_EDGE('',*,*,#11125,.F.);
#11323=EDGE_LOOP('',(#11321,#11322));
#11324=FACE_BOUND('',#11323,.T.);
#11325=CARTESIAN_POINT('',(-121.,0.1,11.));
#11326=DIRECTION('',(0.,1.,0.));
#11327=DIRECTION('',(-1.,0.,0.));
#11328=AXIS2_PLACEMENT_3D('',#11325,#11326,#11327);
#11329=CIRCLE('',#11328,3.5);
#11330=EDGE_CURVE('',#11054,#11071,#11329,.T.);
#11331=ORIENTED_EDGE('',*,*,#11330,.F.);
#11332=ORIENTED_EDGE('',*,*,#11083,.F.);
#11333=EDGE_LOOP('',(#11331,#11332));
#11334=FACE_BOUND('',#11333,.T.);
#11335=ORIENTED_EDGE('',*,*,#10719,.T.);
#11336=ORIENTED_EDGE('',*,*,#10755,.T.);
#11337=ORIENTED_EDGE('',*,*,#10786,.T.);
#11338=ORIENTED_EDGE('',*,*,#11040,.T.);
#11339=EDGE_LOOP('',(#11335,#11336,#11337,#11338));
#11340=FACE_BOUND('',#11339,.T.);
#11341=CARTESIAN_POINT('',(-66.,0.1,50.));
#11342=DIRECTION('',(0.,1.,0.));
#11343=DIRECTION('',(-1.,0.,0.));
#11344=AXIS2_PLACEMENT_3D('',#11341,#11342,#11343);
#11345=CIRCLE('',#11344,2.5);
#11346=EDGE_CURVE('',#11246,#11263,#11345,.T.);
#11347=ORIENTED_EDGE('',*,*,#11346,.F.);
#11348=ORIENTED_EDGE('',*,*,#11275,.F.);
#11349=EDGE_LOOP('',(#11347,#11348));
#11350=FACE_BOUND('',#11349,.T.);
#11351=ADVANCED_FACE('',(#11294,#11304,#11314,#11324,#11334,#11340,#11350),#11284,.T.);
#11352=COLOUR_RGB('',0.749019623,0.749019623,0.749019623);
#11353=FILL_AREA_STYLE_COLOUR('',#11352);
#11354=FILL_AREA_STYLE('',(#11353));
#11355=SURFACE_STYLE_FILL_AREA(#11354);
#11356=SURFACE_SIDE_STYLE('',(#11355));
#11357=SURFACE_STYLE_USAGE(.BOTH.,#11356);
#11358=PRESENTATION_STYLE_ASSIGNMENT((#11357));
#11359=OVER_RIDING_STYLED_ITEM('',(#11358),#11351,#10689);
#11360=CARTESIAN_POINT('',(0.,0.,0.));
#11361=DIRECTION('',(0.,1.,0.));
#11362=DIRECTION('',(-1.,0.,0.));
#11363=AXIS2_PLACEMENT_3D('',#11360,#11361,#11362);
#11364=PLANE('',#11363);
#11365=ORIENTED_EDGE('',*,*,#10805,.F.);
#11366=ORIENTED_EDGE('',*,*,#11224,.F.);
#11367=ORIENTED_EDGE('',*,*,#11004,.F.);
#11368=ORIENTED_EDGE('',*,*,#10972,.F.);
#11369=ORIENTED_EDGE('',*,*,#10940,.F.);
#11370=ORIENTED_EDGE('',*,*,#10908,.F.);
#11371=ORIENTED_EDGE('',*,*,#10876,.F.);
#11372=ORIENTED_EDGE('',*,*,#10844,.F.);
#11373=EDGE_LOOP('',(#11365,#11366,#11367,#11368,#11369,#11370,#11371,#11372));
#11374=FACE_BOUND('',#11373,.T.);
#11375=ORIENTED_EDGE('',*,*,#11194,.T.);
#11376=CARTESIAN_POINT('',(-11.,0.,121.));
#11377=DIRECTION('',(0.,1.,0.));
#11378=DIRECTION('',(0.,-0.,1.));
#11379=AXIS2_PLACEMENT_3D('',#11376,#11377,#11378);
#11380=CIRCLE('',#11379,3.5);
#11381=EDGE_CURVE('',#11178,#11188,#11380,.T.);
#11382=ORIENTED_EDGE('',*,*,#11381,.T.);
#11383=EDGE_LOOP('',(#11375,#11382));
#11384=FACE_BOUND('',#11383,.T.);
#11385=ORIENTED_EDGE('',*,*,#11152,.T.);
#11386=CARTESIAN_POINT('',(-121.,0.,121.));
#11387=DIRECTION('',(0.,1.,0.));
#11388=DIRECTION('',(-1.,0.,0.));
#11389=AXIS2_PLACEMENT_3D('',#11386,#11387,#11388);
#11390=CIRCLE('',#11389,3.5);
#11391=EDGE_CURVE('',#11136,#11146,#11390,.T.);
#11392=ORIENTED_EDGE('',*,*,#11391,.T.);
#11393=EDGE_LOOP('',(#11385,#11392));
#11394=FACE_BOUND('',#11393,.T.);
#11395=ORIENTED_EDGE('',*,*,#11110,.T.);
#11396=CARTESIAN_POINT('',(-11.,0.,11.));
#11397=DIRECTION('',(0.,1.,0.));
#11398=DIRECTION('',(-1.,0.,0.));
#11399=AXIS2_PLACEMENT_3D('',#11396,#11397,#11398);
#11400=CIRCLE('',#11399,3.5);
#11401=EDGE_CURVE('',#11094,#11104,#11400,.T.);
#11402=ORIENTED_EDGE('',*,*,#11401,.T.);
#11403=EDGE_LOOP('',(#11395,#11402));
#11404=FACE_BOUND('',#11403,.T.);
#11405=ORIENTED_EDGE('',*,*,#11068,.T.);
#11406=CARTESIAN_POINT('',(-121.,0.,11.));
#11407=DIRECTION('',(0.,1.,0.));
#11408=DIRECTION('',(-1.,0.,0.));
#11409=AXIS2_PLACEMENT_3D('',#11406,#11407,#11408);
#11410=CIRCLE('',#11409,3.5);
#11411=EDGE_CURVE('',#11052,#11062,#11410,.T.);
#11412=ORIENTED_EDGE('',*,*,#11411,.T.);
#11413=EDGE_LOOP('',(#11405,#11412));
#11414=FACE_BOUND('',#11413,.T.);
#11415=ORIENTED_EDGE('',*,*,#10703,.F.);
#11416=ORIENTED_EDGE('',*,*,#11033,.F.);
#11417=ORIENTED_EDGE('',*,*,#10772,.F.);
#11418=ORIENTED_EDGE('',*,*,#10741,.F.);
#11419=EDGE_LOOP('',(#11415,#11416,#11417,#11418));
#11420=FACE_BOUND('',#11419,.T.);
#11421=ORIENTED_EDGE('',*,*,#11260,.T.);
#11422=CARTESIAN_POINT('',(-66.,0.,50.));
#11423=DIRECTION('',(0.,1.,0.));
#11424=DIRECTION('',(-1.,0.,0.));
#11425=AXIS2_PLACEMENT_3D('',#11422,#11423,#11424);
#11426=CIRCLE('',#11425,2.5);
#11427=EDGE_CURVE('',#11244,#11254,#11426,.T.);
#11428=ORIENTED_EDGE('',*,*,#11427,.T.);
#11429=EDGE_LOOP('',(#11421,#11428));
#11430=FACE_BOUND('',#11429,.T.);
#11431=ADVANCED_FACE('',(#11374,#11384,#11394,#11404,#11414,#11420,#11430),#11364,.F.);
#11432=CARTESIAN_POINT('',(-121.,0.1,11.));
#11433=DIRECTION('',(0.,-1.,0.));
#11434=DIRECTION('',(0.,0.,-1.));
#11435=AXIS2_PLACEMENT_3D('',#11432,#11433,#11434);
#11436=CYLINDRICAL_SURFACE('',#11435,3.5);
#11437=ORIENTED_EDGE('',*,*,#11059,.T.);
#11438=ORIENTED_EDGE('',*,*,#11330,.T.);
#11439=ORIENTED_EDGE('',*,*,#11076,.T.);
#11440=ORIENTED_EDGE('',*,*,#11411,.F.);
#11441=EDGE_LOOP('',(#11437,#11438,#11439,#11440));
#11442=FACE_BOUND('',#11441,.T.);
#11443=ADVANCED_FACE('',(#11442),#11436,.F.);
#11444=CARTESIAN_POINT('',(-11.,0.1,11.));
#11445=DIRECTION('',(0.,-1.,0.));
#11446=DIRECTION('',(0.,0.,-1.));
#11447=AXIS2_PLACEMENT_3D('',#11444,#11445,#11446);
#11448=CYLINDRICAL_SURFACE('',#11447,3.5);
#11449=ORIENTED_EDGE('',*,*,#11101,.T.);
#11450=ORIENTED_EDGE('',*,*,#11320,.T.);
#11451=ORIENTED_EDGE('',*,*,#11118,.T.);
#11452=ORIENTED_EDGE('',*,*,#11401,.F.);
#11453=EDGE_LOOP('',(#11449,#11450,#11451,#11452));
#11454=FACE_BOUND('',#11453,.T.);
#11455=ADVANCED_FACE('',(#11454),#11448,.F.);
#11456=CARTESIAN_POINT('',(-121.,0.1,121.));
#11457=DIRECTION('',(0.,-1.,0.));
#11458=DIRECTION('',(0.,0.,-1.));
#11459=AXIS2_PLACEMENT_3D('',#11456,#11457,#11458);
#11460=CYLINDRICAL_SURFACE('',#11459,3.5);
#11461=ORIENTED_EDGE('',*,*,#11143,.T.);
#11462=ORIENTED_EDGE('',*,*,#11310,.T.);
#11463=ORIENTED_EDGE('',*,*,#11160,.T.);
#11464=ORIENTED_EDGE('',*,*,#11391,.F.);
#11465=EDGE_LOOP('',(#11461,#11462,#11463,#11464));
#11466=FACE_BOUND('',#11465,.T.);
#11467=ADVANCED_FACE('',(#11466),#11460,.F.);
#11468=CARTESIAN_POINT('',(-11.,0.1,121.));
#11469=DIRECTION('',(0.,-1.,0.));
#11470=DIRECTION('',(0.,0.,-1.));
#11471=AXIS2_PLACEMENT_3D('',#11468,#11469,#11470);
#11472=CYLINDRICAL_SURFACE('',#11471,3.5);
#11473=ORIENTED_EDGE('',*,*,#11185,.T.);
#11474=ORIENTED_EDGE('',*,*,#11300,.T.);
#11475=ORIENTED_EDGE('',*,*,#11202,.T.);
#11476=ORIENTED_EDGE('',*,*,#11381,.F.);
#11477=EDGE_LOOP('',(#11473,#11474,#11475,#11476));
#11478=FACE_BOUND('',#11477,.T.);
#11479=ADVANCED_FACE('',(#11478),#11472,.F.);
#11480=CARTESIAN_POINT('',(-66.,0.1,50.));
#11481=DIRECTION('',(0.,-1.,0.));
#11482=DIRECTION('',(0.,0.,-1.));
#11483=AXIS2_PLACEMENT_3D('',#11480,#11481,#11482);
#11484=CYLINDRICAL_SURFACE('',#11483,2.5);
#11485=ORIENTED_EDGE('',*,*,#11251,.T.);
#11486=ORIENTED_EDGE('',*,*,#11346,.T.);
#11487=ORIENTED_EDGE('',*,*,#11268,.T.);
#11488=ORIENTED_EDGE('',*,*,#11427,.F.);
#11489=EDGE_LOOP('',(#11485,#11486,#11487,#11488));
#11490=FACE_BOUND('',#11489,.T.);
#11491=ADVANCED_FACE('',(#11490),#11484,.F.);
#11492=CLOSED_SHELL('',(#10729,#10760,#10791,#10831,#10864,#10895,#10928,#10959,#10992,#11023,#11045,#11087,#11129,#11171,#11213,#11237,#11279,#11351,#11431,#11443,#11455,#11467,#11479,#11491));
#11493=MANIFOLD_SOLID_BREP('3D \X2\0444044004300433043C0435043D0442\X0\_3',#11492);
#10689=STYLED_ITEM('',(#686),#11493);
#11494=DERIVED_UNIT_ELEMENT(#10666,3.0);
#11495=DERIVED_UNIT((#11494));
#11496=MEASURE_REPRESENTATION_ITEM('volume measure',VOLUME_MEASURE(1562.911848),#11495);
#11497=DERIVED_UNIT_ELEMENT(#10666,2.0);
#11498=DERIVED_UNIT((#11497));
#11499=MEASURE_REPRESENTATION_ITEM('surface area measure',AREA_MEASURE(31340.542237),#11498);
#11500=CARTESIAN_POINT('centre point',(-66.000000006,0.049999997,62.539386281));
#11501=CARTESIAN_POINT('bounding box corner point',(-131.999999285,0.,0.));
#11502=CARTESIAN_POINT('bounding box corner point',(0.,0.099999997,131.999999285));
#11503=ID_ATTRIBUTE('SA #11504',#11504);
#11504=SHAPE_ASPECT('properties','',#10677,.F.);
#11505=GEOMETRIC_ITEM_SPECIFIC_USAGE('','properties',#11504,#10671,#11493);
#11506=PROPERTY_DEFINITION('geometric validation property','',#11504);
#11507=REPRESENTATION('',(#11496,#11499,#11500,#11501,#11502),#10668);
#11508=PROPERTY_DEFINITION_REPRESENTATION(#11506,#11507);
#10670=SHAPE_REPRESENTATION('3D \X2\0444044004300433043C0435043D0442\X0\_3',(#15),#10668);
#10671=ADVANCED_BREP_SHAPE_REPRESENTATION('3D \X2\0444044004300433043C0435043D0442\X0\_3',(#11493),#10668);
#11516=SHAPE_REPRESENTATION_RELATIONSHIP('','',#10670,#10671);
#11517=CARTESIAN_POINT('',(0.,0.,0.));
#11518=DIRECTION('',(0.,0.,1.));
#11519=DIRECTION('',(1.,0.,0.));
#11520=AXIS2_PLACEMENT_3D('',#11517,#11518,#11519);
#11522=MAPPED_ITEM('',#11521,#11520);
#11521=REPRESENTATION_MAP(#11520,#10670);
#10678=PRODUCT('3D \X2\0444044004300433043C0435043D0442\X0\_3','3D \X2\0444044004300433043C0435043D0442\X0\_3','',(#718));
#11523=PRODUCT_RELATED_PRODUCT_CATEGORY('part','',(#10678));
#11524=PRODUCT_DEFINITION_FORMATION_WITH_SPECIFIED_SOURCE('','',#10678,.NOT_KNOWN.);
#10679=PRODUCT_DEFINITION('design','',#11524,#719);
#10677=PRODUCT_DEFINITION_SHAPE('','',#10679);
#11525=SHAPE_DEFINITION_REPRESENTATION(#10677,#10670);
#10669=DRAUGHTING_MODEL('',(#11522),#10668);
#11526=DERIVED_UNIT_ELEMENT(#10666,3.0);
#11527=DERIVED_UNIT((#11526));
#11528=MEASURE_REPRESENTATION_ITEM('volume measure',VOLUME_MEASURE(1562.911848),#11527);
#11529=DERIVED_UNIT_ELEMENT(#10666,2.0);
#11530=DERIVED_UNIT((#11529));
#11531=MEASURE_REPRESENTATION_ITEM('surface area measure',AREA_MEASURE(31340.542237),#11530);
#11532=CARTESIAN_POINT('centre point',(-66.000000006,0.049999997,62.539386281));
#11533=CARTESIAN_POINT('bounding box corner point',(-131.999999285,0.,0.));
#11534=CARTESIAN_POINT('bounding box corner point',(0.,0.099999997,131.999999285));
#11535=PROPERTY_DEFINITION('geometric validation property','',#10679);
#11536=REPRESENTATION('',(#11528,#11531,#11532,#11533,#11534),#10668);
#11537=PROPERTY_DEFINITION_REPRESENTATION(#11535,#11536);
#11538=(NAMED_UNIT(*)PLANE_ANGLE_UNIT()SI_UNIT($,.RADIAN.));
#11539=PLANE_ANGLE_MEASURE_WITH_UNIT(PLANE_ANGLE_MEASURE(0.0174532925),#11538);
#11540=(CONVERSION_BASED_UNIT('DEGREE',#11539)NAMED_UNIT(#11541)PLANE_ANGLE_UNIT());
#11541=DIMENSIONAL_EXPONENTS(0.,0.,0.,0.,0.,0.,0.);
#11542=(NAMED_UNIT(*)SI_UNIT($,.STERADIAN.)SOLID_ANGLE_UNIT());
#11543=(LENGTH_UNIT()NAMED_UNIT(*)SI_UNIT(.MILLI.,.METRE.));
#11544=UNCERTAINTY_MEASURE_WITH_UNIT(LENGTH_MEASURE(1.000000E-05),#11543,'DISTANCE_ACCURACY_VALUE','Maximum Tolerance applied to model');
#11545=(GEOMETRIC_REPRESENTATION_CONTEXT(3)GLOBAL_UNCERTAINTY_ASSIGNED_CONTEXT((#11544))GLOBAL_UNIT_ASSIGNED_CONTEXT((#11543,#11540,#11542))REPRESENTATION_CONTEXT('','3D \X2\0444044004300433043C0435043D0442\X0\_2'));
#11557=CARTESIAN_POINT('',(-1.,-2.1,1.));
#11558=DIRECTION('',(0.,0.,1.));
#11559=DIRECTION('',(1.,0.,-0.));
#11560=AXIS2_PLACEMENT_3D('',#11557,#11558,#11559);
#11561=ITEM_DEFINED_TRANSFORMATION('','',#11560,#15);
#11562=(REPRESENTATION_RELATIONSHIP('','',#11547,#16)REPRESENTATION_RELATIONSHIP_WITH_TRANSFORMATION(#11561)SHAPE_REPRESENTATION_RELATIONSHIP());
#11563=NEXT_ASSEMBLY_USAGE_OCCURRENCE('3D \X2\0444044004300433043C0435043D0442\X0\_2_11','3D \X2\0444044004300433043C0435043D0442\X0\_2','3D \X2\0444044004300433043C0435043D0442\X0\_2',#25,#11556,$);
#11564=PRODUCT_DEFINITION_SHAPE('','',#11563);
#11565=CONTEXT_DEPENDENT_SHAPE_REPRESENTATION(#11562,#11564);
#11567=CARTESIAN_POINT('',(-125.5,2.,123.5));
#11568=DIRECTION('',(1.,0.,0.));
#11569=DIRECTION('',(0.,0.,-1.));
#11570=AXIS2_PLACEMENT_3D('',#11567,#11568,#11569);
#11571=PLANE('',#11570);
#11572=CARTESIAN_POINT('',(-125.5,0.,6.5));
#11573=VERTEX_POINT('',#11572);
#11574=CARTESIAN_POINT('',(-125.5,0.,123.5));
#11575=VERTEX_POINT('',#11574);
#11576=CARTESIAN_POINT('',(-125.5,0.,6.5));
#11577=DIRECTION('',(0.,0.,1.));
#11578=VECTOR('',#11577,117.);
#11579=LINE('',#11576,#11578);
#11580=EDGE_CURVE('',#11573,#11575,#11579,.T.);
#11581=ORIENTED_EDGE('',*,*,#11580,.F.);
#11582=CARTESIAN_POINT('',(-125.5,2.,6.5));
#11583=VERTEX_POINT('',#11582);
#11584=CARTESIAN_POINT('',(-125.5,2.,6.5));
#11585=DIRECTION('',(0.,-1.,0.));
#11586=VECTOR('',#11585,2.);
#11587=LINE('',#11584,#11586);
#11588=EDGE_CURVE('',#11583,#11573,#11587,.T.);
#11589=ORIENTED_EDGE('',*,*,#11588,.F.);
#11590=CARTESIAN_POINT('',(-125.5,2.,123.5));
#11591=VERTEX_POINT('',#11590);
#11592=CARTESIAN_POINT('',(-125.5,2.,6.5));
#11593=DIRECTION('',(0.,0.,1.));
#11594=VECTOR('',#11593,117.);
#11595=LINE('',#11592,#11594);
#11596=EDGE_CURVE('',#11583,#11591,#11595,.T.);
#11597=ORIENTED_EDGE('',*,*,#11596,.T.);
#11598=CARTESIAN_POINT('',(-125.5,2.,123.5));
#11599=DIRECTION('',(0.,-1.,0.));
#11600=VECTOR('',#11599,2.);
#11601=LINE('',#11598,#11600);
#11602=EDGE_CURVE('',#11591,#11575,#11601,.T.);
#11603=ORIENTED_EDGE('',*,*,#11602,.T.);
#11604=EDGE_LOOP('',(#11581,#11589,#11597,#11603));
#11605=FACE_BOUND('',#11604,.T.);
#11606=ADVANCED_FACE('',(#11605),#11571,.T.);
#11607=CARTESIAN_POINT('',(-123.5,2.,6.5));
#11608=DIRECTION('',(0.,-1.,0.));
#11609=DIRECTION('',(0.,0.,-1.));
#11610=AXIS2_PLACEMENT_3D('',#11607,#11608,#11609);
#11611=CYLINDRICAL_SURFACE('',#11610,2.);
#11612=CARTESIAN_POINT('',(-123.5,0.,4.5));
#11613=VERTEX_POINT('',#11612);
#11614=CARTESIAN_POINT('',(-123.5,0.,6.5));
#11615=DIRECTION('',(0.,1.,0.));
#11616=DIRECTION('',(-1.,0.,0.));
#11617=AXIS2_PLACEMENT_3D('',#11614,#11615,#11616);
#11618=CIRCLE('',#11617,2.);
#11619=EDGE_CURVE('',#11613,#11573,#11618,.T.);
#11620=ORIENTED_EDGE('',*,*,#11619,.F.);
#11621=CARTESIAN_POINT('',(-123.5,2.,4.5));
#11622=VERTEX_POINT('',#11621);
#11623=CARTESIAN_POINT('',(-123.5,2.,4.5));
#11624=DIRECTION('',(0.,-1.,0.));
#11625=VECTOR('',#11624,2.);
#11626=LINE('',#11623,#11625);
#11627=EDGE_CURVE('',#11622,#11613,#11626,.T.);
#11628=ORIENTED_EDGE('',*,*,#11627,.F.);
#11629=CARTESIAN_POINT('',(-123.5,2.,6.5));
#11630=DIRECTION('',(0.,1.,0.));
#11631=DIRECTION('',(-1.,0.,0.));
#11632=AXIS2_PLACEMENT_3D('',#11629,#11630,#11631);
#11633=CIRCLE('',#11632,2.);
#11634=EDGE_CURVE('',#11622,#11583,#11633,.T.);
#11635=ORIENTED_EDGE('',*,*,#11634,.T.);
#11636=ORIENTED_EDGE('',*,*,#11588,.T.);
#11637=EDGE_LOOP('',(#11620,#11628,#11635,#11636));
#11638=FACE_BOUND('',#11637,.T.);
#11639=ADVANCED_FACE('',(#11638),#11611,.F.);
#11640=CARTESIAN_POINT('',(-123.5,2.,4.5));
#11641=DIRECTION('',(0.,0.,1.));
#11642=DIRECTION('',(1.,0.,-0.));
#11643=AXIS2_PLACEMENT_3D('',#11640,#11641,#11642);
#11644=PLANE('',#11643);
#11645=CARTESIAN_POINT('',(-6.5,0.,4.5));
#11646=VERTEX_POINT('',#11645);
#11647=CARTESIAN_POINT('',(-6.5,0.,4.5));
#11648=DIRECTION('',(-1.,0.,0.));
#11649=VECTOR('',#11648,117.);
#11650=LINE('',#11647,#11649);
#11651=EDGE_CURVE('',#11646,#11613,#11650,.T.);
#11652=ORIENTED_EDGE('',*,*,#11651,.F.);
#11653=CARTESIAN_POINT('',(-6.5,2.,4.5));
#11654=VERTEX_POINT('',#11653);
#11655=CARTESIAN_POINT('',(-6.5,2.,4.5));
#11656=DIRECTION('',(0.,-1.,0.));
#11657=VECTOR('',#11656,2.);
#11658=LINE('',#11655,#11657);
#11659=EDGE_CURVE('',#11654,#11646,#11658,.T.);
#11660=ORIENTED_EDGE('',*,*,#11659,.F.);
#11661=CARTESIAN_POINT('',(-6.5,2.,4.5));
#11662=DIRECTION('',(-1.,0.,0.));
#11663=VECTOR('',#11662,117.);
#11664=LINE('',#11661,#11663);
#11665=EDGE_CURVE('',#11654,#11622,#11664,.T.);
#11666=ORIENTED_EDGE('',*,*,#11665,.T.);
#11667=ORIENTED_EDGE('',*,*,#11627,.T.);
#11668=EDGE_LOOP('',(#11652,#11660,#11666,#11667));
#11669=FACE_BOUND('',#11668,.T.);
#11670=ADVANCED_FACE('',(#11669),#11644,.T.);
#11671=CARTESIAN_POINT('',(-6.5,2.,6.5));
#11672=DIRECTION('',(0.,-1.,0.));
#11673=DIRECTION('',(0.,0.,-1.));
#11674=AXIS2_PLACEMENT_3D('',#11671,#11672,#11673);
#11675=CYLINDRICAL_SURFACE('',#11674,2.);
#11676=CARTESIAN_POINT('',(-4.5,0.,6.5));
#11677=VERTEX_POINT('',#11676);
#11678=CARTESIAN_POINT('',(-6.5,0.,6.5));
#11679=DIRECTION('',(0.,1.,0.));
#11680=DIRECTION('',(-1.,0.,0.));
#11681=AXIS2_PLACEMENT_3D('',#11678,#11679,#11680);
#11682=CIRCLE('',#11681,2.);
#11683=EDGE_CURVE('',#11677,#11646,#11682,.T.);
#11684=ORIENTED_EDGE('',*,*,#11683,.F.);
#11685=CARTESIAN_POINT('',(-4.5,2.,6.5));
#11686=VERTEX_POINT('',#11685);
#11687=CARTESIAN_POINT('',(-4.5,2.,6.5));
#11688=DIRECTION('',(0.,-1.,0.));
#11689=VECTOR('',#11688,2.);
#11690=LINE('',#11687,#11689);
#11691=EDGE_CURVE('',#11686,#11677,#11690,.T.);
#11692=ORIENTED_EDGE('',*,*,#11691,.F.);
#11693=CARTESIAN_POINT('',(-6.5,2.,6.5));
#11694=DIRECTION('',(0.,1.,0.));
#11695=DIRECTION('',(-1.,0.,0.));
#11696=AXIS2_PLACEMENT_3D('',#11693,#11694,#11695);
#11697=CIRCLE('',#11696,2.);
#11698=EDGE_CURVE('',#11686,#11654,#11697,.T.);
#11699=ORIENTED_EDGE('',*,*,#11698,.T.);
#11700=ORIENTED_EDGE('',*,*,#11659,.T.);
#11701=EDGE_LOOP('',(#11684,#11692,#11699,#11700));
#11702=FACE_BOUND('',#11701,.T.);
#11703=ADVANCED_FACE('',(#11702),#11675,.F.);
#11704=CARTESIAN_POINT('',(-4.5,2.,6.5));
#11705=DIRECTION('',(-1.,0.,0.));
#11706=DIRECTION('',(0.,0.,1.));
#11707=AXIS2_PLACEMENT_3D('',#11704,#11705,#11706);
#11708=PLANE('',#11707);
#11709=CARTESIAN_POINT('',(-4.5,0.,123.5));
#11710=VERTEX_POINT('',#11709);
#11711=CARTESIAN_POINT('',(-4.5,0.,123.5));
#11712=DIRECTION('',(0.,0.,-1.));
#11713=VECTOR('',#11712,117.);
#11714=LINE('',#11711,#11713);
#11715=EDGE_CURVE('',#11710,#11677,#11714,.T.);
#11716=ORIENTED_EDGE('',*,*,#11715,.F.);
#11717=CARTESIAN_POINT('',(-4.5,2.,123.5));
#11718=VERTEX_POINT('',#11717);
#11719=CARTESIAN_POINT('',(-4.5,2.,123.5));
#11720=DIRECTION('',(0.,-1.,0.));
#11721=VECTOR('',#11720,2.);
#11722=LINE('',#11719,#11721);
#11723=EDGE_CURVE('',#11718,#11710,#11722,.T.);
#11724=ORIENTED_EDGE('',*,*,#11723,.F.);
#11725=CARTESIAN_POINT('',(-4.5,2.,123.5));
#11726=DIRECTION('',(0.,0.,-1.));
#11727=VECTOR('',#11726,117.);
#11728=LINE('',#11725,#11727);
#11729=EDGE_CURVE('',#11718,#11686,#11728,.T.);
#11730=ORIENTED_EDGE('',*,*,#11729,.T.);
#11731=ORIENTED_EDGE('',*,*,#11691,.T.);
#11732=EDGE_LOOP('',(#11716,#11724,#11730,#11731));
#11733=FACE_BOUND('',#11732,.T.);
#11734=ADVANCED_FACE('',(#11733),#11708,.T.);
#11735=CARTESIAN_POINT('',(-6.5,2.,123.5));
#11736=DIRECTION('',(0.,-1.,0.));
#11737=DIRECTION('',(0.,0.,-1.));
#11738=AXIS2_PLACEMENT_3D('',#11735,#11736,#11737);
#11739=CYLINDRICAL_SURFACE('',#11738,2.);
#11740=CARTESIAN_POINT('',(-6.5,0.,125.5));
#11741=VERTEX_POINT('',#11740);
#11742=CARTESIAN_POINT('',(-6.5,0.,123.5));
#11743=DIRECTION('',(0.,1.,0.));
#11744=DIRECTION('',(0.,-0.,1.));
#11745=AXIS2_PLACEMENT_3D('',#11742,#11743,#11744);
#11746=CIRCLE('',#11745,2.);
#11747=EDGE_CURVE('',#11741,#11710,#11746,.T.);
#11748=ORIENTED_EDGE('',*,*,#11747,.F.);
#11749=CARTESIAN_POINT('',(-6.5,2.,125.5));
#11750=VERTEX_POINT('',#11749);
#11751=CARTESIAN_POINT('',(-6.5,2.,125.5));
#11752=DIRECTION('',(0.,-1.,0.));
#11753=VECTOR('',#11752,2.);
#11754=LINE('',#11751,#11753);
#11755=EDGE_CURVE('',#11750,#11741,#11754,.T.);
#11756=ORIENTED_EDGE('',*,*,#11755,.F.);
#11757=CARTESIAN_POINT('',(-6.5,2.,123.5));
#11758=DIRECTION('',(0.,1.,0.));
#11759=DIRECTION('',(0.,-0.,1.));
#11760=AXIS2_PLACEMENT_3D('',#11757,#11758,#11759);
#11761=CIRCLE('',#11760,2.);
#11762=EDGE_CURVE('',#11750,#11718,#11761,.T.);
#11763=ORIENTED_EDGE('',*,*,#11762,.T.);
#11764=ORIENTED_EDGE('',*,*,#11723,.T.);
#11765=EDGE_LOOP('',(#11748,#11756,#11763,#11764));
#11766=FACE_BOUND('',#11765,.T.);
#11767=ADVANCED_FACE('',(#11766),#11739,.F.);
#11768=CARTESIAN_POINT('',(-6.5,2.,125.5));
#11769=DIRECTION('',(0.,0.,-1.));
#11770=DIRECTION('',(-1.,0.,0.));
#11771=AXIS2_PLACEMENT_3D('',#11768,#11769,#11770);
#11772=PLANE('',#11771);
#11773=CARTESIAN_POINT('',(-123.5,0.,125.5));
#11774=VERTEX_POINT('',#11773);
#11775=CARTESIAN_POINT('',(-123.5,0.,125.5));
#11776=DIRECTION('',(1.,0.,-0.));
#11777=VECTOR('',#11776,117.);
#11778=LINE('',#11775,#11777);
#11779=EDGE_CURVE('',#11774,#11741,#11778,.T.);
#11780=ORIENTED_EDGE('',*,*,#11779,.F.);
#11781=CARTESIAN_POINT('',(-123.5,2.,125.5));
#11782=VERTEX_POINT('',#11781);
#11783=CARTESIAN_POINT('',(-123.5,2.,125.5));
#11784=DIRECTION('',(0.,-1.,0.));
#11785=VECTOR('',#11784,2.);
#11786=LINE('',#11783,#11785);
#11787=EDGE_CURVE('',#11782,#11774,#11786,.T.);
#11788=ORIENTED_EDGE('',*,*,#11787,.F.);
#11789=CARTESIAN_POINT('',(-123.5,2.,125.5));
#11790=DIRECTION('',(1.,0.,-0.));
#11791=VECTOR('',#11790,117.);
#11792=LINE('',#11789,#11791);
#11793=EDGE_CURVE('',#11782,#11750,#11792,.T.);
#11794=ORIENTED_EDGE('',*,*,#11793,.T.);
#11795=ORIENTED_EDGE('',*,*,#11755,.T.);
#11796=EDGE_LOOP('',(#11780,#11788,#11794,#11795));
#11797=FACE_BOUND('',#11796,.T.);
#11798=ADVANCED_FACE('',(#11797),#11772,.T.);
#11799=CARTESIAN_POINT('',(-5.,2.,130.));
#11800=DIRECTION('',(0.,0.,-1.));
#11801=DIRECTION('',(-1.,0.,0.));
#11802=AXIS2_PLACEMENT_3D('',#11799,#11800,#11801);
#11803=PLANE('',#11802);
#11804=CARTESIAN_POINT('',(-125.,0.,130.));
#11805=VERTEX_POINT('',#11804);
#11806=CARTESIAN_POINT('',(-5.,0.,130.));
#11807=VERTEX_POINT('',#11806);
#11808=CARTESIAN_POINT('',(-125.,0.,130.));
#11809=DIRECTION('',(1.,0.,-0.));
#11810=VECTOR('',#11809,120.);
#11811=LINE('',#11808,#11810);
#11812=EDGE_CURVE('',#11805,#11807,#11811,.T.);
#11813=ORIENTED_EDGE('',*,*,#11812,.T.);
#11814=CARTESIAN_POINT('',(-5.,2.,130.));
#11815=VERTEX_POINT('',#11814);
#11816=CARTESIAN_POINT('',(-5.,2.,130.));
#11817=DIRECTION('',(0.,-1.,0.));
#11818=VECTOR('',#11817,2.);
#11819=LINE('',#11816,#11818);
#11820=EDGE_CURVE('',#11815,#11807,#11819,.T.);
#11821=ORIENTED_EDGE('',*,*,#11820,.F.);
#11822=CARTESIAN_POINT('',(-125.,2.,130.));
#11823=VERTEX_POINT('',#11822);
#11824=CARTESIAN_POINT('',(-125.,2.,130.));
#11825=DIRECTION('',(1.,0.,-0.));
#11826=VECTOR('',#11825,120.);
#11827=LINE('',#11824,#11826);
#11828=EDGE_CURVE('',#11823,#11815,#11827,.T.);
#11829=ORIENTED_EDGE('',*,*,#11828,.F.);
#11830=CARTESIAN_POINT('',(-125.,2.,130.));
#11831=DIRECTION('',(0.,-1.,0.));
#11832=VECTOR('',#11831,2.);
#11833=LINE('',#11830,#11832);
#11834=EDGE_CURVE('',#11823,#11805,#11833,.T.);
#11835=ORIENTED_EDGE('',*,*,#11834,.T.);
#11836=EDGE_LOOP('',(#11813,#11821,#11829,#11835));
#11837=FACE_BOUND('',#11836,.T.);
#11838=ADVANCED_FACE('',(#11837),#11803,.F.);
#11839=CARTESIAN_POINT('',(-5.,2.,125.));
#11840=DIRECTION('',(0.,-1.,0.));
#11841=DIRECTION('',(0.,0.,-1.));
#11842=AXIS2_PLACEMENT_3D('',#11839,#11840,#11841);
#11843=CYLINDRICAL_SURFACE('',#11842,5.);
#11844=CARTESIAN_POINT('',(0.,0.,125.));
#11845=VERTEX_POINT('',#11844);
#11846=CARTESIAN_POINT('',(-5.,0.,125.));
#11847=DIRECTION('',(0.,1.,0.));
#11848=DIRECTION('',(0.,-0.,1.));
#11849=AXIS2_PLACEMENT_3D('',#11846,#11847,#11848);
#11850=CIRCLE('',#11849,5.);
#11851=EDGE_CURVE('',#11807,#11845,#11850,.T.);
#11852=ORIENTED_EDGE('',*,*,#11851,.T.);
#11853=CARTESIAN_POINT('',(0.,2.,125.));
#11854=VERTEX_POINT('',#11853);
#11855=CARTESIAN_POINT('',(0.,2.,125.));
#11856=DIRECTION('',(0.,-1.,0.));
#11857=VECTOR('',#11856,2.);
#11858=LINE('',#11855,#11857);
#11859=EDGE_CURVE('',#11854,#11845,#11858,.T.);
#11860=ORIENTED_EDGE('',*,*,#11859,.F.);
#11861=CARTESIAN_POINT('',(-5.,2.,125.));
#11862=DIRECTION('',(0.,1.,0.));
#11863=DIRECTION('',(0.,-0.,1.));
#11864=AXIS2_PLACEMENT_3D('',#11861,#11862,#11863);
#11865=CIRCLE('',#11864,5.);
#11866=EDGE_CURVE('',#11815,#11854,#11865,.T.);
#11867=ORIENTED_EDGE('',*,*,#11866,.F.);
#11868=ORIENTED_EDGE('',*,*,#11820,.T.);
#11869=EDGE_LOOP('',(#11852,#11860,#11867,#11868));
#11870=FACE_BOUND('',#11869,.T.);
#11871=ADVANCED_FACE('',(#11870),#11843,.T.);
#11872=CARTESIAN_POINT('',(0.,2.,5.));
#11873=DIRECTION('',(-1.,0.,0.));
#11874=DIRECTION('',(0.,0.,1.));
#11875=AXIS2_PLACEMENT_3D('',#11872,#11873,#11874);
#11876=PLANE('',#11875);
#11877=CARTESIAN_POINT('',(0.,0.,5.));
#11878=VERTEX_POINT('',#11877);
#11879=CARTESIAN_POINT('',(0.,0.,125.));
#11880=DIRECTION('',(0.,0.,-1.));
#11881=VECTOR('',#11880,120.);
#11882=LINE('',#11879,#11881);
#11883=EDGE_CURVE('',#11845,#11878,#11882,.T.);
#11884=ORIENTED_EDGE('',*,*,#11883,.T.);
#11885=CARTESIAN_POINT('',(0.,2.,5.));
#11886=VERTEX_POINT('',#11885);
#11887=CARTESIAN_POINT('',(0.,2.,5.));
#11888=DIRECTION('',(0.,-1.,0.));
#11889=VECTOR('',#11888,2.);
#11890=LINE('',#11887,#11889);
#11891=EDGE_CURVE('',#11886,#11878,#11890,.T.);
#11892=ORIENTED_EDGE('',*,*,#11891,.F.);
#11893=CARTESIAN_POINT('',(0.,2.,125.));
#11894=DIRECTION('',(0.,0.,-1.));
#11895=VECTOR('',#11894,120.);
#11896=LINE('',#11893,#11895);
#11897=EDGE_CURVE('',#11854,#11886,#11896,.T.);
#11898=ORIENTED_EDGE('',*,*,#11897,.F.);
#11899=ORIENTED_EDGE('',*,*,#11859,.T.);
#11900=EDGE_LOOP('',(#11884,#11892,#11898,#11899));
#11901=FACE_BOUND('',#11900,.T.);
#11902=ADVANCED_FACE('',(#11901),#11876,.F.);
#11903=CARTESIAN_POINT('',(-5.,2.,5.));
#11904=DIRECTION('',(0.,-1.,0.));
#11905=DIRECTION('',(0.,0.,-1.));
#11906=AXIS2_PLACEMENT_3D('',#11903,#11904,#11905);
#11907=CYLINDRICAL_SURFACE('',#11906,5.);
#11908=CARTESIAN_POINT('',(-5.,0.,0.));
#11909=VERTEX_POINT('',#11908);
#11910=CARTESIAN_POINT('',(-5.,0.,5.));
#11911=DIRECTION('',(0.,1.,0.));
#11912=DIRECTION('',(-1.,0.,0.));
#11913=AXIS2_PLACEMENT_3D('',#11910,#11911,#11912);
#11914=CIRCLE('',#11913,5.);
#11915=EDGE_CURVE('',#11878,#11909,#11914,.T.);
#11916=ORIENTED_EDGE('',*,*,#11915,.T.);
#11917=CARTESIAN_POINT('',(-5.,2.,0.));
#11918=VERTEX_POINT('',#11917);
#11919=CARTESIAN_POINT('',(-5.,2.,0.));
#11920=DIRECTION('',(0.,-1.,0.));
#11921=VECTOR('',#11920,2.);
#11922=LINE('',#11919,#11921);
#11923=EDGE_CURVE('',#11918,#11909,#11922,.T.);
#11924=ORIENTED_EDGE('',*,*,#11923,.F.);
#11925=CARTESIAN_POINT('',(-5.,2.,5.));
#11926=DIRECTION('',(0.,1.,0.));
#11927=DIRECTION('',(-1.,0.,0.));
#11928=AXIS2_PLACEMENT_3D('',#11925,#11926,#11927);
#11929=CIRCLE('',#11928,5.);
#11930=EDGE_CURVE('',#11886,#11918,#11929,.T.);
#11931=ORIENTED_EDGE('',*,*,#11930,.F.);
#11932=ORIENTED_EDGE('',*,*,#11891,.T.);
#11933=EDGE_LOOP('',(#11916,#11924,#11931,#11932));
#11934=FACE_BOUND('',#11933,.T.);
#11935=ADVANCED_FACE('',(#11934),#11907,.T.);
#11936=CARTESIAN_POINT('',(-125.,2.,0.));
#11937=DIRECTION('',(0.,0.,1.));
#11938=DIRECTION('',(1.,0.,0.));
#11939=AXIS2_PLACEMENT_3D('',#11936,#11937,#11938);
#11940=PLANE('',#11939);
#11941=CARTESIAN_POINT('',(-125.,0.,-0.));
#11942=VERTEX_POINT('',#11941);
#11943=CARTESIAN_POINT('',(-5.,0.,0.));
#11944=DIRECTION('',(-1.,0.,0.));
#11945=VECTOR('',#11944,120.);
#11946=LINE('',#11943,#11945);
#11947=EDGE_CURVE('',#11909,#11942,#11946,.T.);
#11948=ORIENTED_EDGE('',*,*,#11947,.T.);
#11949=CARTESIAN_POINT('',(-125.,2.,-0.));
#11950=VERTEX_POINT('',#11949);
#11951=CARTESIAN_POINT('',(-125.,2.,-0.));
#11952=DIRECTION('',(0.,-1.,0.));
#11953=VECTOR('',#11952,2.);
#11954=LINE('',#11951,#11953);
#11955=EDGE_CURVE('',#11950,#11942,#11954,.T.);
#11956=ORIENTED_EDGE('',*,*,#11955,.F.);
#11957=CARTESIAN_POINT('',(-5.,2.,0.));
#11958=DIRECTION('',(-1.,0.,0.));
#11959=VECTOR('',#11958,120.);
#11960=LINE('',#11957,#11959);
#11961=EDGE_CURVE('',#11918,#11950,#11960,.T.);
#11962=ORIENTED_EDGE('',*,*,#11961,.F.);
#11963=ORIENTED_EDGE('',*,*,#11923,.T.);
#11964=EDGE_LOOP('',(#11948,#11956,#11962,#11963));
#11965=FACE_BOUND('',#11964,.T.);
#11966=ADVANCED_FACE('',(#11965),#11940,.F.);
#11967=CARTESIAN_POINT('',(-125.,2.,5.));
#11968=DIRECTION('',(0.,-1.,0.));
#11969=DIRECTION('',(0.,0.,-1.));
#11970=AXIS2_PLACEMENT_3D('',#11967,#11968,#11969);
#11971=CYLINDRICAL_SURFACE('',#11970,5.);
#11972=CARTESIAN_POINT('',(-130.,0.,5.));
#11973=VERTEX_POINT('',#11972);
#11974=CARTESIAN_POINT('',(-125.,0.,5.));
#11975=DIRECTION('',(0.,1.,0.));
#11976=DIRECTION('',(-1.,0.,0.));
#11977=AXIS2_PLACEMENT_3D('',#11974,#11975,#11976);
#11978=CIRCLE('',#11977,5.);
#11979=EDGE_CURVE('',#11942,#11973,#11978,.T.);
#11980=ORIENTED_EDGE('',*,*,#11979,.T.);
#11981=CARTESIAN_POINT('',(-130.,2.,5.));
#11982=VERTEX_POINT('',#11981);
#11983=CARTESIAN_POINT('',(-130.,2.,5.));
#11984=DIRECTION('',(0.,-1.,0.));
#11985=VECTOR('',#11984,2.);
#11986=LINE('',#11983,#11985);
#11987=EDGE_CURVE('',#11982,#11973,#11986,.T.);
#11988=ORIENTED_EDGE('',*,*,#11987,.F.);
#11989=CARTESIAN_POINT('',(-125.,2.,5.));
#11990=DIRECTION('',(0.,1.,0.));
#11991=DIRECTION('',(-1.,0.,0.));
#11992=AXIS2_PLACEMENT_3D('',#11989,#11990,#11991);
#11993=CIRCLE('',#11992,5.);
#11994=EDGE_CURVE('',#11950,#11982,#11993,.T.);
#11995=ORIENTED_EDGE('',*,*,#11994,.F.);
#11996=ORIENTED_EDGE('',*,*,#11955,.T.);
#11997=EDGE_LOOP('',(#11980,#11988,#11995,#11996));
#11998=FACE_BOUND('',#11997,.T.);
#11999=ADVANCED_FACE('',(#11998),#11971,.T.);
#12000=CARTESIAN_POINT('',(-130.,2.,125.));
#12001=DIRECTION('',(1.,0.,0.));
#12002=DIRECTION('',(0.,0.,-1.));
#12003=AXIS2_PLACEMENT_3D('',#12000,#12001,#12002);
#12004=PLANE('',#12003);
#12005=CARTESIAN_POINT('',(-130.,0.,125.));
#12006=VERTEX_POINT('',#12005);
#12007=CARTESIAN_POINT('',(-130.,0.,5.));
#12008=DIRECTION('',(0.,0.,1.));
#12009=VECTOR('',#12008,120.);
#12010=LINE('',#12007,#12009);
#12011=EDGE_CURVE('',#11973,#12006,#12010,.T.);
#12012=ORIENTED_EDGE('',*,*,#12011,.T.);
#12013=CARTESIAN_POINT('',(-130.,2.,125.));
#12014=VERTEX_POINT('',#12013);
#12015=CARTESIAN_POINT('',(-130.,2.,125.));
#12016=DIRECTION('',(0.,-1.,0.));
#12017=VECTOR('',#12016,2.);
#12018=LINE('',#12015,#12017);
#12019=EDGE_CURVE('',#12014,#12006,#12018,.T.);
#12020=ORIENTED_EDGE('',*,*,#12019,.F.);
#12021=CARTESIAN_POINT('',(-130.,2.,5.));
#12022=DIRECTION('',(0.,0.,1.));
#12023=VECTOR('',#12022,120.);
#12024=LINE('',#12021,#12023);
#12025=EDGE_CURVE('',#11982,#12014,#12024,.T.);
#12026=ORIENTED_EDGE('',*,*,#12025,.F.);
#12027=ORIENTED_EDGE('',*,*,#11987,.T.);
#12028=EDGE_LOOP('',(#12012,#12020,#12026,#12027));
#12029=FACE_BOUND('',#12028,.T.);
#12030=ADVANCED_FACE('',(#12029),#12004,.F.);
#12031=CARTESIAN_POINT('',(-125.,2.,125.));
#12032=DIRECTION('',(0.,-1.,0.));
#12033=DIRECTION('',(0.,0.,-1.));
#12034=AXIS2_PLACEMENT_3D('',#12031,#12032,#12033);
#12035=CYLINDRICAL_SURFACE('',#12034,5.);
#12036=CARTESIAN_POINT('',(-125.,0.,125.));
#12037=DIRECTION('',(0.,1.,0.));
#12038=DIRECTION('',(-1.,0.,0.));
#12039=AXIS2_PLACEMENT_3D('',#12036,#12037,#12038);
#12040=CIRCLE('',#12039,5.);
#12041=EDGE_CURVE('',#12006,#11805,#12040,.T.);
#12042=ORIENTED_EDGE('',*,*,#12041,.T.);
#12043=ORIENTED_EDGE('',*,*,#11834,.F.);
#12044=CARTESIAN_POINT('',(-125.,2.,125.));
#12045=DIRECTION('',(0.,1.,0.));
#12046=DIRECTION('',(-1.,0.,0.));
#12047=AXIS2_PLACEMENT_3D('',#12044,#12045,#12046);
#12048=CIRCLE('',#12047,5.);
#12049=EDGE_CURVE('',#12014,#11823,#12048,.T.);
#12050=ORIENTED_EDGE('',*,*,#12049,.F.);
#12051=ORIENTED_EDGE('',*,*,#12019,.T.);
#12052=EDGE_LOOP('',(#12042,#12043,#12050,#12051));
#12053=FACE_BOUND('',#12052,.T.);
#12054=ADVANCED_FACE('',(#12053),#12035,.T.);
#12055=CARTESIAN_POINT('',(-123.5,2.,123.5));
#12056=DIRECTION('',(0.,-1.,0.));
#12057=DIRECTION('',(0.,0.,-1.));
#12058=AXIS2_PLACEMENT_3D('',#12055,#12056,#12057);
#12059=CYLINDRICAL_SURFACE('',#12058,2.);
#12060=CARTESIAN_POINT('',(-123.5,0.,123.5));
#12061=DIRECTION('',(0.,1.,0.));
#12062=DIRECTION('',(-1.,0.,0.));
#12063=AXIS2_PLACEMENT_3D('',#12060,#12061,#12062);
#12064=CIRCLE('',#12063,2.);
#12065=EDGE_CURVE('',#11575,#11774,#12064,.T.);
#12066=ORIENTED_EDGE('',*,*,#12065,.F.);
#12067=ORIENTED_EDGE('',*,*,#11602,.F.);
#12068=CARTESIAN_POINT('',(-123.5,2.,123.5));
#12069=DIRECTION('',(0.,1.,0.));
#12070=DIRECTION('',(-1.,0.,0.));
#12071=AXIS2_PLACEMENT_3D('',#12068,#12069,#12070);
#12072=CIRCLE('',#12071,2.);
#12073=EDGE_CURVE('',#11591,#11782,#12072,.T.);
#12074=ORIENTED_EDGE('',*,*,#12073,.T.);
#12075=ORIENTED_EDGE('',*,*,#11787,.T.);
#12076=EDGE_LOOP('',(#12066,#12067,#12074,#12075));
#12077=FACE_BOUND('',#12076,.T.);
#12078=ADVANCED_FACE('',(#12077),#12059,.F.);
#12079=CARTESIAN_POINT('',(0.,2.,0.));
#12080=DIRECTION('',(0.,1.,0.));
#12081=DIRECTION('',(-1.,0.,0.));
#12082=AXIS2_PLACEMENT_3D('',#12079,#12080,#12081);
#12083=PLANE('',#12082);
#12084=ORIENTED_EDGE('',*,*,#11828,.T.);
#12085=ORIENTED_EDGE('',*,*,#11866,.T.);
#12086=ORIENTED_EDGE('',*,*,#11897,.T.);
#12087=ORIENTED_EDGE('',*,*,#11930,.T.);
#12088=ORIENTED_EDGE('',*,*,#11961,.T.);
#12089=ORIENTED_EDGE('',*,*,#11994,.T.);
#12090=ORIENTED_EDGE('',*,*,#12025,.T.);
#12091=ORIENTED_EDGE('',*,*,#12049,.T.);
#12092=EDGE_LOOP('',(#12084,#12085,#12086,#12087,#12088,#12089,#12090,#12091));
#12093=FACE_BOUND('',#12092,.T.);
#12094=ORIENTED_EDGE('',*,*,#11596,.F.);
#12095=ORIENTED_EDGE('',*,*,#11634,.F.);
#12096=ORIENTED_EDGE('',*,*,#11665,.F.);
#12097=ORIENTED_EDGE('',*,*,#11698,.F.);
#12098=ORIENTED_EDGE('',*,*,#11729,.F.);
#12099=ORIENTED_EDGE('',*,*,#11762,.F.);
#12100=ORIENTED_EDGE('',*,*,#11793,.F.);
#12101=ORIENTED_EDGE('',*,*,#12073,.F.);
#12102=EDGE_LOOP('',(#12094,#12095,#12096,#12097,#12098,#12099,#12100,#12101));
#12103=FACE_BOUND('',#12102,.T.);
#12104=ADVANCED_FACE('',(#12093,#12103),#12083,.T.);
#12105=CARTESIAN_POINT('',(0.,0.,0.));
#12106=DIRECTION('',(0.,1.,0.));
#12107=DIRECTION('',(-1.,0.,0.));
#12108=AXIS2_PLACEMENT_3D('',#12105,#12106,#12107);
#12109=PLANE('',#12108);
#12110=ORIENTED_EDGE('',*,*,#11812,.F.);
#12111=ORIENTED_EDGE('',*,*,#12041,.F.);
#12112=ORIENTED_EDGE('',*,*,#12011,.F.);
#12113=ORIENTED_EDGE('',*,*,#11979,.F.);
#12114=ORIENTED_EDGE('',*,*,#11947,.F.);
#12115=ORIENTED_EDGE('',*,*,#11915,.F.);
#12116=ORIENTED_EDGE('',*,*,#11883,.F.);
#12117=ORIENTED_EDGE('',*,*,#11851,.F.);
#12118=EDGE_LOOP('',(#12110,#12111,#12112,#12113,#12114,#12115,#12116,#12117));
#12119=FACE_BOUND('',#12118,.T.);
#12120=ORIENTED_EDGE('',*,*,#11580,.T.);
#12121=ORIENTED_EDGE('',*,*,#12065,.T.);
#12122=ORIENTED_EDGE('',*,*,#11779,.T.);
#12123=ORIENTED_EDGE('',*,*,#11747,.T.);
#12124=ORIENTED_EDGE('',*,*,#11715,.T.);
#12125=ORIENTED_EDGE('',*,*,#11683,.T.);
#12126=ORIENTED_EDGE('',*,*,#11651,.T.);
#12127=ORIENTED_EDGE('',*,*,#11619,.T.);
#12128=EDGE_LOOP('',(#12120,#12121,#12122,#12123,#12124,#12125,#12126,#12127));
#12129=FACE_BOUND('',#12128,.T.);
#12130=ADVANCED_FACE('',(#12119,#12129),#12109,.F.);
#12131=CLOSED_SHELL('',(#11606,#11639,#11670,#11703,#11734,#11767,#11798,#11838,#11871,#11902,#11935,#11966,#11999,#12030,#12054,#12078,#12104,#12130));
#12132=MANIFOLD_SOLID_BREP('3D \X2\0444044004300433043C0435043D0442\X0\_2',#12131);
#12133=COLOUR_RGB('',0.266666681,0.270588249,0.282352954);
#12134=FILL_AREA_STYLE_COLOUR('',#12133);
#12135=FILL_AREA_STYLE('',(#12134));
#12136=SURFACE_STYLE_FILL_AREA(#12135);
#12137=SURFACE_SIDE_STYLE('',(#12136));
#12138=SURFACE_STYLE_USAGE(.BOTH.,#12137);
#12139=PRESENTATION_STYLE_ASSIGNMENT((#12138));
#11566=STYLED_ITEM('',(#12139),#12132);
#12140=DERIVED_UNIT_ELEMENT(#11543,3.0);
#12141=DERIVED_UNIT((#12140));
#12142=MEASURE_REPRESENTATION_ITEM('volume measure',VOLUME_MEASURE(4481.738686),#12141);
#12143=DERIVED_UNIT_ELEMENT(#11543,2.0);
#12144=DERIVED_UNIT((#12143));
#12145=MEASURE_REPRESENTATION_ITEM('surface area measure',AREA_MEASURE(6465.667949),#12144);
#12146=CARTESIAN_POINT('centre point',(-65.000024682,1.,65.000024682));
#12147=CARTESIAN_POINT('bounding box corner point',(-129.999995232,0.,-0.));
#12148=CARTESIAN_POINT('bounding box corner point',(0.,2.000000095,129.999995232));
#12149=ID_ATTRIBUTE('SA #12150',#12150);
#12150=SHAPE_ASPECT('properties','',#11554,.F.);
#12151=GEOMETRIC_ITEM_SPECIFIC_USAGE('','properties',#12150,#11548,#12132);
#12152=PROPERTY_DEFINITION('geometric validation property','',#12150);
#12153=REPRESENTATION('',(#12142,#12145,#12146,#12147,#12148),#11545);
#12154=PROPERTY_DEFINITION_REPRESENTATION(#12152,#12153);
#11547=SHAPE_REPRESENTATION('3D \X2\0444044004300433043C0435043D0442\X0\_2',(#15),#11545);
#11548=ADVANCED_BREP_SHAPE_REPRESENTATION('3D \X2\0444044004300433043C0435043D0442\X0\_2',(#12132),#11545);
#12162=SHAPE_REPRESENTATION_RELATIONSHIP('','',#11547,#11548);
#12163=CARTESIAN_POINT('',(0.,0.,0.));
#12164=DIRECTION('',(0.,0.,1.));
#12165=DIRECTION('',(1.,0.,0.));
#12166=AXIS2_PLACEMENT_3D('',#12163,#12164,#12165);
#12168=MAPPED_ITEM('',#12167,#12166);
#12167=REPRESENTATION_MAP(#12166,#11547);
#11555=PRODUCT('3D \X2\0444044004300433043C0435043D0442\X0\_2','3D \X2\0444044004300433043C0435043D0442\X0\_2','',(#718));
#12169=PRODUCT_RELATED_PRODUCT_CATEGORY('part','',(#11555));
#12170=PRODUCT_DEFINITION_FORMATION_WITH_SPECIFIED_SOURCE('','',#11555,.NOT_KNOWN.);
#11556=PRODUCT_DEFINITION('design','',#12170,#719);
#11554=PRODUCT_DEFINITION_SHAPE('','',#11556);
#12171=SHAPE_DEFINITION_REPRESENTATION(#11554,#11547);
#11546=DRAUGHTING_MODEL('',(#12168),#11545);
#12172=DERIVED_UNIT_ELEMENT(#11543,3.0);
#12173=DERIVED_UNIT((#12172));
#12174=MEASURE_REPRESENTATION_ITEM('volume measure',VOLUME_MEASURE(4481.738686),#12173);
#12175=DERIVED_UNIT_ELEMENT(#11543,2.0);
#12176=DERIVED_UNIT((#12175));
#12177=MEASURE_REPRESENTATION_ITEM('surface area measure',AREA_MEASURE(6465.667949),#12176);
#12178=CARTESIAN_POINT('centre point',(-65.000024682,1.,65.000024682));
#12179=CARTESIAN_POINT('bounding box corner point',(-129.999995232,0.,-0.));
#12180=CARTESIAN_POINT('bounding box corner point',(0.,2.000000095,129.999995232));
#12181=PROPERTY_DEFINITION('geometric validation property','',#11556);
#12182=REPRESENTATION('',(#12174,#12177,#12178,#12179,#12180),#11545);
#12183=PROPERTY_DEFINITION_REPRESENTATION(#12181,#12182);
#12184=(NAMED_UNIT(*)PLANE_ANGLE_UNIT()SI_UNIT($,.RADIAN.));
#12185=PLANE_ANGLE_MEASURE_WITH_UNIT(PLANE_ANGLE_MEASURE(0.0174532925),#12184);
#12186=(CONVERSION_BASED_UNIT('DEGREE',#12185)NAMED_UNIT(#12187)PLANE_ANGLE_UNIT());
#12187=DIMENSIONAL_EXPONENTS(0.,0.,0.,0.,0.,0.,0.);
#12188=(NAMED_UNIT(*)SI_UNIT($,.STERADIAN.)SOLID_ANGLE_UNIT());
#12189=(LENGTH_UNIT()NAMED_UNIT(*)SI_UNIT(.MILLI.,.METRE.));
#12190=UNCERTAINTY_MEASURE_WITH_UNIT(LENGTH_MEASURE(1.000000E-05),#12189,'DISTANCE_ACCURACY_VALUE','Maximum Tolerance applied to model');
#12191=(GEOMETRIC_REPRESENTATION_CONTEXT(3)GLOBAL_UNCERTAINTY_ASSIGNED_CONTEXT((#12190))GLOBAL_UNIT_ASSIGNED_CONTEXT((#12189,#12186,#12188))REPRESENTATION_CONTEXT('','3D \X2\0444044004300433043C0435043D0442\X0\_1'));
#12203=CARTESIAN_POINT('',(0.,0.,0.));
#12204=DIRECTION('',(0.,0.,1.));
#12205=DIRECTION('',(1.,0.,-0.));
#12206=AXIS2_PLACEMENT_3D('',#12203,#12204,#12205);
#12207=ITEM_DEFINED_TRANSFORMATION('','',#12206,#15);
#12208=(REPRESENTATION_RELATIONSHIP('','',#12193,#16)REPRESENTATION_RELATIONSHIP_WITH_TRANSFORMATION(#12207)SHAPE_REPRESENTATION_RELATIONSHIP());
#12209=NEXT_ASSEMBLY_USAGE_OCCURRENCE('3D \X2\0444044004300433043C0435043D0442\X0\_1_12','3D \X2\0444044004300433043C0435043D0442\X0\_1','3D \X2\0444044004300433043C0435043D0442\X0\_1',#25,#12202,$);
#12210=PRODUCT_DEFINITION_SHAPE('','',#12209);
#12211=CONTEXT_DEPENDENT_SHAPE_REPRESENTATION(#12208,#12210);
#12213=CARTESIAN_POINT('',(-5.,3.,132.));
#12214=DIRECTION('',(0.,0.,-1.));
#12215=DIRECTION('',(-1.,0.,0.));
#12216=AXIS2_PLACEMENT_3D('',#12213,#12214,#12215);
#12217=PLANE('',#12216);
#12218=CARTESIAN_POINT('',(-127.,0.,132.));
#12219=VERTEX_POINT('',#12218);
#12220=CARTESIAN_POINT('',(-5.,0.,132.));
#12221=VERTEX_POINT('',#12220);
#12222=CARTESIAN_POINT('',(-127.,0.,132.));
#12223=DIRECTION('',(1.,0.,-0.));
#12224=VECTOR('',#12223,122.);
#12225=LINE('',#12222,#12224);
#12226=EDGE_CURVE('',#12219,#12221,#12225,.T.);
#12227=ORIENTED_EDGE('',*,*,#12226,.T.);
#12228=CARTESIAN_POINT('',(-5.,3.,132.));
#12229=VERTEX_POINT('',#12228);
#12230=CARTESIAN_POINT('',(-5.,3.,132.));
#12231=DIRECTION('',(0.,-1.,0.));
#12232=VECTOR('',#12231,3.);
#12233=LINE('',#12230,#12232);
#12234=EDGE_CURVE('',#12229,#12221,#12233,.T.);
#12235=ORIENTED_EDGE('',*,*,#12234,.F.);
#12236=CARTESIAN_POINT('',(-127.,3.,132.));
#12237=VERTEX_POINT('',#12236);
#12238=CARTESIAN_POINT('',(-127.,3.,132.));
#12239=DIRECTION('',(1.,0.,-0.));
#12240=VECTOR('',#12239,122.);
#12241=LINE('',#12238,#12240);
#12242=EDGE_CURVE('',#12237,#12229,#12241,.T.);
#12243=ORIENTED_EDGE('',*,*,#12242,.F.);
#12244=CARTESIAN_POINT('',(-127.,3.,132.));
#12245=DIRECTION('',(0.,-1.,0.));
#12246=VECTOR('',#12245,3.);
#12247=LINE('',#12244,#12246);
#12248=EDGE_CURVE('',#12237,#12219,#12247,.T.);
#12249=ORIENTED_EDGE('',*,*,#12248,.T.);
#12250=EDGE_LOOP('',(#12227,#12235,#12243,#12249));
#12251=FACE_BOUND('',#12250,.T.);
#12252=ADVANCED_FACE('',(#12251),#12217,.F.);
#12253=CARTESIAN_POINT('',(-5.,3.,127.));
#12254=DIRECTION('',(0.,-1.,0.));
#12255=DIRECTION('',(0.,0.,-1.));
#12256=AXIS2_PLACEMENT_3D('',#12253,#12254,#12255);
#12257=CYLINDRICAL_SURFACE('',#12256,5.);
#12258=CARTESIAN_POINT('',(0.,0.,127.));
#12259=VERTEX_POINT('',#12258);
#12260=CARTESIAN_POINT('',(-5.,0.,127.));
#12261=DIRECTION('',(0.,1.,0.));
#12262=DIRECTION('',(0.,-0.,1.));
#12263=AXIS2_PLACEMENT_3D('',#12260,#12261,#12262);
#12264=CIRCLE('',#12263,5.);
#12265=EDGE_CURVE('',#12221,#12259,#12264,.T.);
#12266=ORIENTED_EDGE('',*,*,#12265,.T.);
#12267=CARTESIAN_POINT('',(0.,3.,127.));
#12268=VERTEX_POINT('',#12267);
#12269=CARTESIAN_POINT('',(0.,3.,127.));
#12270=DIRECTION('',(0.,-1.,0.));
#12271=VECTOR('',#12270,3.);
#12272=LINE('',#12269,#12271);
#12273=EDGE_CURVE('',#12268,#12259,#12272,.T.);
#12274=ORIENTED_EDGE('',*,*,#12273,.F.);
#12275=CARTESIAN_POINT('',(-5.,3.,127.));
#12276=DIRECTION('',(0.,1.,0.));
#12277=DIRECTION('',(0.,-0.,1.));
#12278=AXIS2_PLACEMENT_3D('',#12275,#12276,#12277);
#12279=CIRCLE('',#12278,5.);
#12280=EDGE_CURVE('',#12229,#12268,#12279,.T.);
#12281=ORIENTED_EDGE('',*,*,#12280,.F.);
#12282=ORIENTED_EDGE('',*,*,#12234,.T.);
#12283=EDGE_LOOP('',(#12266,#12274,#12281,#12282));
#12284=FACE_BOUND('',#12283,.T.);
#12285=ADVANCED_FACE('',(#12284),#12257,.T.);
#12286=CARTESIAN_POINT('',(0.,3.,5.));
#12287=DIRECTION('',(-1.,0.,0.));
#12288=DIRECTION('',(0.,0.,1.));
#12289=AXIS2_PLACEMENT_3D('',#12286,#12287,#12288);
#12290=PLANE('',#12289);
#12291=CARTESIAN_POINT('',(0.,0.,5.));
#12292=VERTEX_POINT('',#12291);
#12293=CARTESIAN_POINT('',(0.,0.,127.));
#12294=DIRECTION('',(0.,0.,-1.));
#12295=VECTOR('',#12294,122.);
#12296=LINE('',#12293,#12295);
#12297=EDGE_CURVE('',#12259,#12292,#12296,.T.);
#12298=ORIENTED_EDGE('',*,*,#12297,.T.);
#12299=CARTESIAN_POINT('',(0.,3.,5.));
#12300=VERTEX_POINT('',#12299);
#12301=CARTESIAN_POINT('',(0.,3.,5.));
#12302=DIRECTION('',(0.,-1.,0.));
#12303=VECTOR('',#12302,3.);
#12304=LINE('',#12301,#12303);
#12305=EDGE_CURVE('',#12300,#12292,#12304,.T.);
#12306=ORIENTED_EDGE('',*,*,#12305,.F.);
#12307=CARTESIAN_POINT('',(0.,3.,127.));
#12308=DIRECTION('',(0.,0.,-1.));
#12309=VECTOR('',#12308,122.);
#12310=LINE('',#12307,#12309);
#12311=EDGE_CURVE('',#12268,#12300,#12310,.T.);
#12312=ORIENTED_EDGE('',*,*,#12311,.F.);
#12313=ORIENTED_EDGE('',*,*,#12273,.T.);
#12314=EDGE_LOOP('',(#12298,#12306,#12312,#12313));
#12315=FACE_BOUND('',#12314,.T.);
#12316=ADVANCED_FACE('',(#12315),#12290,.F.);
#12317=CARTESIAN_POINT('',(-5.,3.,5.));
#12318=DIRECTION('',(0.,-1.,0.));
#12319=DIRECTION('',(0.,0.,-1.));
#12320=AXIS2_PLACEMENT_3D('',#12317,#12318,#12319);
#12321=CYLINDRICAL_SURFACE('',#12320,5.);
#12322=CARTESIAN_POINT('',(-5.,0.,0.));
#12323=VERTEX_POINT('',#12322);
#12324=CARTESIAN_POINT('',(-5.,0.,5.));
#12325=DIRECTION('',(0.,1.,0.));
#12326=DIRECTION('',(-1.,0.,0.));
#12327=AXIS2_PLACEMENT_3D('',#12324,#12325,#12326);
#12328=CIRCLE('',#12327,5.);
#12329=EDGE_CURVE('',#12292,#12323,#12328,.T.);
#12330=ORIENTED_EDGE('',*,*,#12329,.T.);
#12331=CARTESIAN_POINT('',(-5.,3.,0.));
#12332=VERTEX_POINT('',#12331);
#12333=CARTESIAN_POINT('',(-5.,3.,0.));
#12334=DIRECTION('',(0.,-1.,0.));
#12335=VECTOR('',#12334,3.);
#12336=LINE('',#12333,#12335);
#12337=EDGE_CURVE('',#12332,#12323,#12336,.T.);
#12338=ORIENTED_EDGE('',*,*,#12337,.F.);
#12339=CARTESIAN_POINT('',(-5.,3.,5.));
#12340=DIRECTION('',(0.,1.,0.));
#12341=DIRECTION('',(-1.,0.,0.));
#12342=AXIS2_PLACEMENT_3D('',#12339,#12340,#12341);
#12343=CIRCLE('',#12342,5.);
#12344=EDGE_CURVE('',#12300,#12332,#12343,.T.);
#12345=ORIENTED_EDGE('',*,*,#12344,.F.);
#12346=ORIENTED_EDGE('',*,*,#12305,.T.);
#12347=EDGE_LOOP('',(#12330,#12338,#12345,#12346));
#12348=FACE_BOUND('',#12347,.T.);
#12349=ADVANCED_FACE('',(#12348),#12321,.T.);
#12350=CARTESIAN_POINT('',(-127.,3.,0.));
#12351=DIRECTION('',(0.,0.,1.));
#12352=DIRECTION('',(1.,0.,0.));
#12353=AXIS2_PLACEMENT_3D('',#12350,#12351,#12352);
#12354=PLANE('',#12353);
#12355=CARTESIAN_POINT('',(-127.,0.,0.));
#12356=VERTEX_POINT('',#12355);
#12357=CARTESIAN_POINT('',(-5.,0.,0.));
#12358=DIRECTION('',(-1.,0.,0.));
#12359=VECTOR('',#12358,122.);
#12360=LINE('',#12357,#12359);
#12361=EDGE_CURVE('',#12323,#12356,#12360,.T.);
#12362=ORIENTED_EDGE('',*,*,#12361,.T.);
#12363=CARTESIAN_POINT('',(-127.,3.,0.));
#12364=VERTEX_POINT('',#12363);
#12365=CARTESIAN_POINT('',(-127.,3.,0.));
#12366=DIRECTION('',(0.,-1.,0.));
#12367=VECTOR('',#12366,3.);
#12368=LINE('',#12365,#12367);
#12369=EDGE_CURVE('',#12364,#12356,#12368,.T.);
#12370=ORIENTED_EDGE('',*,*,#12369,.F.);
#12371=CARTESIAN_POINT('',(-5.,3.,0.));
#12372=DIRECTION('',(-1.,0.,0.));
#12373=VECTOR('',#12372,122.);
#12374=LINE('',#12371,#12373);
#12375=EDGE_CURVE('',#12332,#12364,#12374,.T.);
#12376=ORIENTED_EDGE('',*,*,#12375,.F.);
#12377=ORIENTED_EDGE('',*,*,#12337,.T.);
#12378=EDGE_LOOP('',(#12362,#12370,#12376,#12377));
#12379=FACE_BOUND('',#12378,.T.);
#12380=ADVANCED_FACE('',(#12379),#12354,.F.);
#12381=CARTESIAN_POINT('',(-127.,3.,5.));
#12382=DIRECTION('',(0.,-1.,0.));
#12383=DIRECTION('',(0.,0.,-1.));
#12384=AXIS2_PLACEMENT_3D('',#12381,#12382,#12383);
#12385=CYLINDRICAL_SURFACE('',#12384,5.);
#12386=CARTESIAN_POINT('',(-132.,0.,5.));
#12387=VERTEX_POINT('',#12386);
#12388=CARTESIAN_POINT('',(-127.,0.,5.));
#12389=DIRECTION('',(0.,1.,0.));
#12390=DIRECTION('',(-1.,0.,0.));
#12391=AXIS2_PLACEMENT_3D('',#12388,#12389,#12390);
#12392=CIRCLE('',#12391,5.);
#12393=EDGE_CURVE('',#12356,#12387,#12392,.T.);
#12394=ORIENTED_EDGE('',*,*,#12393,.T.);
#12395=CARTESIAN_POINT('',(-132.,3.,5.));
#12396=VERTEX_POINT('',#12395);
#12397=CARTESIAN_POINT('',(-132.,3.,5.));
#12398=DIRECTION('',(0.,-1.,0.));
#12399=VECTOR('',#12398,3.);
#12400=LINE('',#12397,#12399);
#12401=EDGE_CURVE('',#12396,#12387,#12400,.T.);
#12402=ORIENTED_EDGE('',*,*,#12401,.F.);
#12403=CARTESIAN_POINT('',(-127.,3.,5.));
#12404=DIRECTION('',(0.,1.,0.));
#12405=DIRECTION('',(-1.,0.,0.));
#12406=AXIS2_PLACEMENT_3D('',#12403,#12404,#12405);
#12407=CIRCLE('',#12406,5.);
#12408=EDGE_CURVE('',#12364,#12396,#12407,.T.);
#12409=ORIENTED_EDGE('',*,*,#12408,.F.);
#12410=ORIENTED_EDGE('',*,*,#12369,.T.);
#12411=EDGE_LOOP('',(#12394,#12402,#12409,#12410));
#12412=FACE_BOUND('',#12411,.T.);
#12413=ADVANCED_FACE('',(#12412),#12385,.T.);
#12414=CARTESIAN_POINT('',(-132.,3.,127.));
#12415=DIRECTION('',(1.,0.,0.));
#12416=DIRECTION('',(0.,0.,-1.));
#12417=AXIS2_PLACEMENT_3D('',#12414,#12415,#12416);
#12418=PLANE('',#12417);
#12419=CARTESIAN_POINT('',(-132.,0.,127.));
#12420=VERTEX_POINT('',#12419);
#12421=CARTESIAN_POINT('',(-132.,0.,5.));
#12422=DIRECTION('',(0.,0.,1.));
#12423=VECTOR('',#12422,122.);
#12424=LINE('',#12421,#12423);
#12425=EDGE_CURVE('',#12387,#12420,#12424,.T.);
#12426=ORIENTED_EDGE('',*,*,#12425,.T.);
#12427=CARTESIAN_POINT('',(-132.,3.,127.));
#12428=VERTEX_POINT('',#12427);
#12429=CARTESIAN_POINT('',(-132.,3.,127.));
#12430=DIRECTION('',(0.,-1.,0.));
#12431=VECTOR('',#12430,3.);
#12432=LINE('',#12429,#12431);
#12433=EDGE_CURVE('',#12428,#12420,#12432,.T.);
#12434=ORIENTED_EDGE('',*,*,#12433,.F.);
#12435=CARTESIAN_POINT('',(-132.,3.,5.));
#12436=DIRECTION('',(0.,0.,1.));
#12437=VECTOR('',#12436,122.);
#12438=LINE('',#12435,#12437);
#12439=EDGE_CURVE('',#12396,#12428,#12438,.T.);
#12440=ORIENTED_EDGE('',*,*,#12439,.F.);
#12441=ORIENTED_EDGE('',*,*,#12401,.T.);
#12442=EDGE_LOOP('',(#12426,#12434,#12440,#12441));
#12443=FACE_BOUND('',#12442,.T.);
#12444=ADVANCED_FACE('',(#12443),#12418,.F.);
#12445=CARTESIAN_POINT('',(-121.,3.,11.));
#12446=DIRECTION('',(0.,-1.,0.));
#12447=DIRECTION('',(0.,0.,-1.));
#12448=AXIS2_PLACEMENT_3D('',#12445,#12446,#12447);
#12449=CYLINDRICAL_SURFACE('',#12448,3.5);
#12450=CARTESIAN_POINT('',(-121.,0.,7.5));
#12451=VERTEX_POINT('',#12450);
#12452=CARTESIAN_POINT('',(-121.,3.,7.5));
#12453=VERTEX_POINT('',#12452);
#12454=CARTESIAN_POINT('',(-121.,0.,7.5));
#12455=DIRECTION('',(-0.,1.,-0.));
#12456=VECTOR('',#12455,3.);
#12457=LINE('',#12454,#12456);
#12458=EDGE_CURVE('',#12451,#12453,#12457,.T.);
#12459=ORIENTED_EDGE('',*,*,#12458,.F.);
#12460=CARTESIAN_POINT('',(-124.5,0.,11.));
#12461=VERTEX_POINT('',#12460);
#12462=CARTESIAN_POINT('',(-121.,0.,11.));
#12463=DIRECTION('',(0.,1.,0.));
#12464=DIRECTION('',(-1.,0.,0.));
#12465=AXIS2_PLACEMENT_3D('',#12462,#12463,#12464);
#12466=CIRCLE('',#12465,3.5);
#12467=EDGE_CURVE('',#12461,#12451,#12466,.T.);
#12468=ORIENTED_EDGE('',*,*,#12467,.F.);
#12469=CARTESIAN_POINT('',(-124.5,3.,11.));
#12470=VERTEX_POINT('',#12469);
#12471=CARTESIAN_POINT('',(-124.5,3.,11.));
#12472=DIRECTION('',(0.,-1.,0.));
#12473=VECTOR('',#12472,3.);
#12474=LINE('',#12471,#12473);
#12475=EDGE_CURVE('',#12470,#12461,#12474,.T.);
#12476=ORIENTED_EDGE('',*,*,#12475,.F.);
#12477=CARTESIAN_POINT('',(-121.,3.,11.));
#12478=DIRECTION('',(0.,1.,0.));
#12479=DIRECTION('',(-1.,0.,0.));
#12480=AXIS2_PLACEMENT_3D('',#12477,#12478,#12479);
#12481=CIRCLE('',#12480,3.5);
#12482=EDGE_CURVE('',#12470,#12453,#12481,.T.);
#12483=ORIENTED_EDGE('',*,*,#12482,.T.);
#12484=EDGE_LOOP('',(#12459,#12468,#12476,#12483));
#12485=FACE_BOUND('',#12484,.T.);
#12486=ADVANCED_FACE('',(#12485),#12449,.F.);
#12487=CARTESIAN_POINT('',(-11.,3.,11.));
#12488=DIRECTION('',(0.,-1.,0.));
#12489=DIRECTION('',(0.,0.,-1.));
#12490=AXIS2_PLACEMENT_3D('',#12487,#12488,#12489);
#12491=CYLINDRICAL_SURFACE('',#12490,3.5);
#12492=CARTESIAN_POINT('',(-11.,0.,7.5));
#12493=VERTEX_POINT('',#12492);
#12494=CARTESIAN_POINT('',(-11.,3.,7.5));
#12495=VERTEX_POINT('',#12494);
#12496=CARTESIAN_POINT('',(-11.,0.,7.5));
#12497=DIRECTION('',(-0.,1.,-0.));
#12498=VECTOR('',#12497,3.);
#12499=LINE('',#12496,#12498);
#12500=EDGE_CURVE('',#12493,#12495,#12499,.T.);
#12501=ORIENTED_EDGE('',*,*,#12500,.F.);
#12502=CARTESIAN_POINT('',(-14.5,0.,11.));
#12503=VERTEX_POINT('',#12502);
#12504=CARTESIAN_POINT('',(-11.,0.,11.));
#12505=DIRECTION('',(0.,1.,0.));
#12506=DIRECTION('',(-1.,0.,0.));
#12507=AXIS2_PLACEMENT_3D('',#12504,#12505,#12506);
#12508=CIRCLE('',#12507,3.5);
#12509=EDGE_CURVE('',#12503,#12493,#12508,.T.);
#12510=ORIENTED_EDGE('',*,*,#12509,.F.);
#12511=CARTESIAN_POINT('',(-14.5,3.,11.));
#12512=VERTEX_POINT('',#12511);
#12513=CARTESIAN_POINT('',(-14.5,3.,11.));
#12514=DIRECTION('',(0.,-1.,0.));
#12515=VECTOR('',#12514,3.);
#12516=LINE('',#12513,#12515);
#12517=EDGE_CURVE('',#12512,#12503,#12516,.T.);
#12518=ORIENTED_EDGE('',*,*,#12517,.F.);
#12519=CARTESIAN_POINT('',(-11.,3.,11.));
#12520=DIRECTION('',(0.,1.,0.));
#12521=DIRECTION('',(-1.,0.,0.));
#12522=AXIS2_PLACEMENT_3D('',#12519,#12520,#12521);
#12523=CIRCLE('',#12522,3.5);
#12524=EDGE_CURVE('',#12512,#12495,#12523,.T.);
#12525=ORIENTED_EDGE('',*,*,#12524,.T.);
#12526=EDGE_LOOP('',(#12501,#12510,#12518,#12525));
#12527=FACE_BOUND('',#12526,.T.);
#12528=ADVANCED_FACE('',(#12527),#12491,.F.);
#12529=CARTESIAN_POINT('',(-121.,3.,121.));
#12530=DIRECTION('',(0.,-1.,0.));
#12531=DIRECTION('',(0.,0.,-1.));
#12532=AXIS2_PLACEMENT_3D('',#12529,#12530,#12531);
#12533=CYLINDRICAL_SURFACE('',#12532,3.5);
#12534=CARTESIAN_POINT('',(-121.,0.,117.5));
#12535=VERTEX_POINT('',#12534);
#12536=CARTESIAN_POINT('',(-121.,3.,117.5));
#12537=VERTEX_POINT('',#12536);
#12538=CARTESIAN_POINT('',(-121.,0.,117.5));
#12539=DIRECTION('',(-0.,1.,-0.));
#12540=VECTOR('',#12539,3.);
#12541=LINE('',#12538,#12540);
#12542=EDGE_CURVE('',#12535,#12537,#12541,.T.);
#12543=ORIENTED_EDGE('',*,*,#12542,.F.);
#12544=CARTESIAN_POINT('',(-124.5,0.,121.));
#12545=VERTEX_POINT('',#12544);
#12546=CARTESIAN_POINT('',(-121.,0.,121.));
#12547=DIRECTION('',(0.,1.,0.));
#12548=DIRECTION('',(-1.,0.,0.));
#12549=AXIS2_PLACEMENT_3D('',#12546,#12547,#12548);
#12550=CIRCLE('',#12549,3.5);
#12551=EDGE_CURVE('',#12545,#12535,#12550,.T.);
#12552=ORIENTED_EDGE('',*,*,#12551,.F.);
#12553=CARTESIAN_POINT('',(-124.5,3.,121.));
#12554=VERTEX_POINT('',#12553);
#12555=CARTESIAN_POINT('',(-124.5,3.,121.));
#12556=DIRECTION('',(0.,-1.,0.));
#12557=VECTOR('',#12556,3.);
#12558=LINE('',#12555,#12557);
#12559=EDGE_CURVE('',#12554,#12545,#12558,.T.);
#12560=ORIENTED_EDGE('',*,*,#12559,.F.);
#12561=CARTESIAN_POINT('',(-121.,3.,121.));
#12562=DIRECTION('',(0.,1.,0.));
#12563=DIRECTION('',(-1.,0.,0.));
#12564=AXIS2_PLACEMENT_3D('',#12561,#12562,#12563);
#12565=CIRCLE('',#12564,3.5);
#12566=EDGE_CURVE('',#12554,#12537,#12565,.T.);
#12567=ORIENTED_EDGE('',*,*,#12566,.T.);
#12568=EDGE_LOOP('',(#12543,#12552,#12560,#12567));
#12569=FACE_BOUND('',#12568,.T.);
#12570=ADVANCED_FACE('',(#12569),#12533,.F.);
#12571=CARTESIAN_POINT('',(-11.,3.,121.));
#12572=DIRECTION('',(0.,-1.,0.));
#12573=DIRECTION('',(0.,0.,-1.));
#12574=AXIS2_PLACEMENT_3D('',#12571,#12572,#12573);
#12575=CYLINDRICAL_SURFACE('',#12574,3.5);
#12576=CARTESIAN_POINT('',(-11.,0.,117.5));
#12577=VERTEX_POINT('',#12576);
#12578=CARTESIAN_POINT('',(-11.,3.,117.5));
#12579=VERTEX_POINT('',#12578);
#12580=CARTESIAN_POINT('',(-11.,0.,117.5));
#12581=DIRECTION('',(-0.,1.,-0.));
#12582=VECTOR('',#12581,3.);
#12583=LINE('',#12580,#12582);
#12584=EDGE_CURVE('',#12577,#12579,#12583,.T.);
#12585=ORIENTED_EDGE('',*,*,#12584,.F.);
#12586=CARTESIAN_POINT('',(-14.5,0.,121.));
#12587=VERTEX_POINT('',#12586);
#12588=CARTESIAN_POINT('',(-11.,0.,121.));
#12589=DIRECTION('',(0.,1.,0.));
#12590=DIRECTION('',(0.,-0.,1.));
#12591=AXIS2_PLACEMENT_3D('',#12588,#12589,#12590);
#12592=CIRCLE('',#12591,3.5);
#12593=EDGE_CURVE('',#12587,#12577,#12592,.T.);
#12594=ORIENTED_EDGE('',*,*,#12593,.F.);
#12595=CARTESIAN_POINT('',(-14.5,3.,121.));
#12596=VERTEX_POINT('',#12595);
#12597=CARTESIAN_POINT('',(-14.5,3.,121.));
#12598=DIRECTION('',(0.,-1.,0.));
#12599=VECTOR('',#12598,3.);
#12600=LINE('',#12597,#12599);
#12601=EDGE_CURVE('',#12596,#12587,#12600,.T.);
#12602=ORIENTED_EDGE('',*,*,#12601,.F.);
#12603=CARTESIAN_POINT('',(-11.,3.,121.));
#12604=DIRECTION('',(0.,1.,0.));
#12605=DIRECTION('',(0.,-0.,1.));
#12606=AXIS2_PLACEMENT_3D('',#12603,#12604,#12605);
#12607=CIRCLE('',#12606,3.5);
#12608=EDGE_CURVE('',#12596,#12579,#12607,.T.);
#12609=ORIENTED_EDGE('',*,*,#12608,.T.);
#12610=EDGE_LOOP('',(#12585,#12594,#12602,#12609));
#12611=FACE_BOUND('',#12610,.T.);
#12612=ADVANCED_FACE('',(#12611),#12575,.F.);
#12613=CARTESIAN_POINT('',(-127.,3.,127.));
#12614=DIRECTION('',(0.,-1.,0.));
#12615=DIRECTION('',(0.,0.,-1.));
#12616=AXIS2_PLACEMENT_3D('',#12613,#12614,#12615);
#12617=CYLINDRICAL_SURFACE('',#12616,5.);
#12618=CARTESIAN_POINT('',(-127.,0.,127.));
#12619=DIRECTION('',(0.,1.,0.));
#12620=DIRECTION('',(-1.,0.,0.));
#12621=AXIS2_PLACEMENT_3D('',#12618,#12619,#12620);
#12622=CIRCLE('',#12621,5.);
#12623=EDGE_CURVE('',#12420,#12219,#12622,.T.);
#12624=ORIENTED_EDGE('',*,*,#12623,.T.);
#12625=ORIENTED_EDGE('',*,*,#12248,.F.);
#12626=CARTESIAN_POINT('',(-127.,3.,127.));
#12627=DIRECTION('',(0.,1.,0.));
#12628=DIRECTION('',(-1.,0.,0.));
#12629=AXIS2_PLACEMENT_3D('',#12626,#12627,#12628);
#12630=CIRCLE('',#12629,5.);
#12631=EDGE_CURVE('',#12428,#12237,#12630,.T.);
#12632=ORIENTED_EDGE('',*,*,#12631,.F.);
#12633=ORIENTED_EDGE('',*,*,#12433,.T.);
#12634=EDGE_LOOP('',(#12624,#12625,#12632,#12633));
#12635=FACE_BOUND('',#12634,.T.);
#12636=ADVANCED_FACE('',(#12635),#12617,.T.);
#12637=CARTESIAN_POINT('',(-66.,3.,50.));
#12638=DIRECTION('',(0.,-1.,0.));
#12639=DIRECTION('',(0.,0.,-1.));
#12640=AXIS2_PLACEMENT_3D('',#12637,#12638,#12639);
#12641=CYLINDRICAL_SURFACE('',#12640,2.5);
#12642=CARTESIAN_POINT('',(-66.,0.,47.5));
#12643=VERTEX_POINT('',#12642);
#12644=CARTESIAN_POINT('',(-66.,3.,47.5));
#12645=VERTEX_POINT('',#12644);
#12646=CARTESIAN_POINT('',(-66.,0.,47.5));
#12647=DIRECTION('',(-0.,1.,-0.));
#12648=VECTOR('',#12647,3.);
#12649=LINE('',#12646,#12648);
#12650=EDGE_CURVE('',#12643,#12645,#12649,.T.);
#12651=ORIENTED_EDGE('',*,*,#12650,.F.);
#12652=CARTESIAN_POINT('',(-68.5,0.,50.));
#12653=VERTEX_POINT('',#12652);
#12654=CARTESIAN_POINT('',(-66.,0.,50.));
#12655=DIRECTION('',(0.,1.,0.));
#12656=DIRECTION('',(-1.,0.,0.));
#12657=AXIS2_PLACEMENT_3D('',#12654,#12655,#12656);
#12658=CIRCLE('',#12657,2.5);
#12659=EDGE_CURVE('',#12653,#12643,#12658,.T.);
#12660=ORIENTED_EDGE('',*,*,#12659,.F.);
#12661=CARTESIAN_POINT('',(-68.5,3.,50.));
#12662=VERTEX_POINT('',#12661);
#12663=CARTESIAN_POINT('',(-68.5,3.,50.));
#12664=DIRECTION('',(0.,-1.,0.));
#12665=VECTOR('',#12664,3.);
#12666=LINE('',#12663,#12665);
#12667=EDGE_CURVE('',#12662,#12653,#12666,.T.);
#12668=ORIENTED_EDGE('',*,*,#12667,.F.);
#12669=CARTESIAN_POINT('',(-66.,3.,50.));
#12670=DIRECTION('',(0.,1.,0.));
#12671=DIRECTION('',(-1.,0.,0.));
#12672=AXIS2_PLACEMENT_3D('',#12669,#12670,#12671);
#12673=CIRCLE('',#12672,2.5);
#12674=EDGE_CURVE('',#12662,#12645,#12673,.T.);
#12675=ORIENTED_EDGE('',*,*,#12674,.T.);
#12676=EDGE_LOOP('',(#12651,#12660,#12668,#12675));
#12677=FACE_BOUND('',#12676,.T.);
#12678=ADVANCED_FACE('',(#12677),#12641,.F.);
#12679=CARTESIAN_POINT('',(0.,3.,0.));
#12680=DIRECTION('',(0.,1.,0.));
#12681=DIRECTION('',(-1.,0.,0.));
#12682=AXIS2_PLACEMENT_3D('',#12679,#12680,#12681);
#12683=PLANE('',#12682);
#12684=ORIENTED_EDGE('',*,*,#12242,.T.);
#12685=ORIENTED_EDGE('',*,*,#12280,.T.);
#12686=ORIENTED_EDGE('',*,*,#12311,.T.);
#12687=ORIENTED_EDGE('',*,*,#12344,.T.);
#12688=ORIENTED_EDGE('',*,*,#12375,.T.);
#12689=ORIENTED_EDGE('',*,*,#12408,.T.);
#12690=ORIENTED_EDGE('',*,*,#12439,.T.);
#12691=ORIENTED_EDGE('',*,*,#12631,.T.);
#12692=EDGE_LOOP('',(#12684,#12685,#12686,#12687,#12688,#12689,#12690,#12691));
#12693=FACE_BOUND('',#12692,.T.);
#12694=CARTESIAN_POINT('',(-11.,3.,121.));
#12695=DIRECTION('',(0.,1.,0.));
#12696=DIRECTION('',(0.,-0.,1.));
#12697=AXIS2_PLACEMENT_3D('',#12694,#12695,#12696);
#12698=CIRCLE('',#12697,3.5);
#12699=EDGE_CURVE('',#12579,#12596,#12698,.T.);
#12700=ORIENTED_EDGE('',*,*,#12699,.F.);
#12701=ORIENTED_EDGE('',*,*,#12608,.F.);
#12702=EDGE_LOOP('',(#12700,#12701));
#12703=FACE_BOUND('',#12702,.T.);
#12704=CARTESIAN_POINT('',(-121.,3.,121.));
#12705=DIRECTION('',(0.,1.,0.));
#12706=DIRECTION('',(-1.,0.,0.));
#12707=AXIS2_PLACEMENT_3D('',#12704,#12705,#12706);
#12708=CIRCLE('',#12707,3.5);
#12709=EDGE_CURVE('',#12537,#12554,#12708,.T.);
#12710=ORIENTED_EDGE('',*,*,#12709,.F.);
#12711=ORIENTED_EDGE('',*,*,#12566,.F.);
#12712=EDGE_LOOP('',(#12710,#12711));
#12713=FACE_BOUND('',#12712,.T.);
#12714=CARTESIAN_POINT('',(-11.,3.,11.));
#12715=DIRECTION('',(0.,1.,0.));
#12716=DIRECTION('',(-1.,0.,0.));
#12717=AXIS2_PLACEMENT_3D('',#12714,#12715,#12716);
#12718=CIRCLE('',#12717,3.5);
#12719=EDGE_CURVE('',#12495,#12512,#12718,.T.);
#12720=ORIENTED_EDGE('',*,*,#12719,.F.);
#12721=ORIENTED_EDGE('',*,*,#12524,.F.);
#12722=EDGE_LOOP('',(#12720,#12721));
#12723=FACE_BOUND('',#12722,.T.);
#12724=CARTESIAN_POINT('',(-121.,3.,11.));
#12725=DIRECTION('',(0.,1.,0.));
#12726=DIRECTION('',(-1.,0.,0.));
#12727=AXIS2_PLACEMENT_3D('',#12724,#12725,#12726);
#12728=CIRCLE('',#12727,3.5);
#12729=EDGE_CURVE('',#12453,#12470,#12728,.T.);
#12730=ORIENTED_EDGE('',*,*,#12729,.F.);
#12731=ORIENTED_EDGE('',*,*,#12482,.F.);
#12732=EDGE_LOOP('',(#12730,#12731));
#12733=FACE_BOUND('',#12732,.T.);
#12734=CARTESIAN_POINT('',(-66.,3.,50.));
#12735=DIRECTION('',(0.,1.,0.));
#12736=DIRECTION('',(-1.,0.,0.));
#12737=AXIS2_PLACEMENT_3D('',#12734,#12735,#12736);
#12738=CIRCLE('',#12737,2.5);
#12739=EDGE_CURVE('',#12645,#12662,#12738,.T.);
#12740=ORIENTED_EDGE('',*,*,#12739,.F.);
#12741=ORIENTED_EDGE('',*,*,#12674,.F.);
#12742=EDGE_LOOP('',(#12740,#12741));
#12743=FACE_BOUND('',#12742,.T.);
#12744=ADVANCED_FACE('',(#12693,#12703,#12713,#12723,#12733,#12743),#12683,.T.);
#12745=CARTESIAN_POINT('',(0.,0.,0.));
#12746=DIRECTION('',(0.,1.,0.));
#12747=DIRECTION('',(-1.,0.,0.));
#12748=AXIS2_PLACEMENT_3D('',#12745,#12746,#12747);
#12749=PLANE('',#12748);
#12750=ORIENTED_EDGE('',*,*,#12226,.F.);
#12751=ORIENTED_EDGE('',*,*,#12623,.F.);
#12752=ORIENTED_EDGE('',*,*,#12425,.F.);
#12753=ORIENTED_EDGE('',*,*,#12393,.F.);
#12754=ORIENTED_EDGE('',*,*,#12361,.F.);
#12755=ORIENTED_EDGE('',*,*,#12329,.F.);
#12756=ORIENTED_EDGE('',*,*,#12297,.F.);
#12757=ORIENTED_EDGE('',*,*,#12265,.F.);
#12758=EDGE_LOOP('',(#12750,#12751,#12752,#12753,#12754,#12755,#12756,#12757));
#12759=FACE_BOUND('',#12758,.T.);
#12760=ORIENTED_EDGE('',*,*,#12593,.T.);
#12761=CARTESIAN_POINT('',(-11.,0.,121.));
#12762=DIRECTION('',(0.,1.,0.));
#12763=DIRECTION('',(0.,-0.,1.));
#12764=AXIS2_PLACEMENT_3D('',#12761,#12762,#12763);
#12765=CIRCLE('',#12764,3.5);
#12766=EDGE_CURVE('',#12577,#12587,#12765,.T.);
#12767=ORIENTED_EDGE('',*,*,#12766,.T.);
#12768=EDGE_LOOP('',(#12760,#12767));
#12769=FACE_BOUND('',#12768,.T.);
#12770=ORIENTED_EDGE('',*,*,#12551,.T.);
#12771=CARTESIAN_POINT('',(-121.,0.,121.));
#12772=DIRECTION('',(0.,1.,0.));
#12773=DIRECTION('',(-1.,0.,0.));
#12774=AXIS2_PLACEMENT_3D('',#12771,#12772,#12773);
#12775=CIRCLE('',#12774,3.5);
#12776=EDGE_CURVE('',#12535,#12545,#12775,.T.);
#12777=ORIENTED_EDGE('',*,*,#12776,.T.);
#12778=EDGE_LOOP('',(#12770,#12777));
#12779=FACE_BOUND('',#12778,.T.);
#12780=ORIENTED_EDGE('',*,*,#12509,.T.);
#12781=CARTESIAN_POINT('',(-11.,0.,11.));
#12782=DIRECTION('',(0.,1.,0.));
#12783=DIRECTION('',(-1.,0.,0.));
#12784=AXIS2_PLACEMENT_3D('',#12781,#12782,#12783);
#12785=CIRCLE('',#12784,3.5);
#12786=EDGE_CURVE('',#12493,#12503,#12785,.T.);
#12787=ORIENTED_EDGE('',*,*,#12786,.T.);
#12788=EDGE_LOOP('',(#12780,#12787));
#12789=FACE_BOUND('',#12788,.T.);
#12790=ORIENTED_EDGE('',*,*,#12467,.T.);
#12791=CARTESIAN_POINT('',(-121.,0.,11.));
#12792=DIRECTION('',(0.,1.,0.));
#12793=DIRECTION('',(-1.,0.,0.));
#12794=AXIS2_PLACEMENT_3D('',#12791,#12792,#12793);
#12795=CIRCLE('',#12794,3.5);
#12796=EDGE_CURVE('',#12451,#12461,#12795,.T.);
#12797=ORIENTED_EDGE('',*,*,#12796,.T.);
#12798=EDGE_LOOP('',(#12790,#12797));
#12799=FACE_BOUND('',#12798,.T.);
#12800=ORIENTED_EDGE('',*,*,#12659,.T.);
#12801=CARTESIAN_POINT('',(-66.,0.,50.));
#12802=DIRECTION('',(0.,1.,0.));
#12803=DIRECTION('',(-1.,0.,0.));
#12804=AXIS2_PLACEMENT_3D('',#12801,#12802,#12803);
#12805=CIRCLE('',#12804,2.5);
#12806=EDGE_CURVE('',#12643,#12653,#12805,.T.);
#12807=ORIENTED_EDGE('',*,*,#12806,.T.);
#12808=EDGE_LOOP('',(#12800,#12807));
#12809=FACE_BOUND('',#12808,.T.);
#12810=ADVANCED_FACE('',(#12759,#12769,#12779,#12789,#12799,#12809),#12749,.F.);
#12811=CARTESIAN_POINT('',(-121.,3.,11.));
#12812=DIRECTION('',(0.,-1.,0.));
#12813=DIRECTION('',(0.,0.,-1.));
#12814=AXIS2_PLACEMENT_3D('',#12811,#12812,#12813);
#12815=CYLINDRICAL_SURFACE('',#12814,3.5);
#12816=ORIENTED_EDGE('',*,*,#12458,.T.);
#12817=ORIENTED_EDGE('',*,*,#12729,.T.);
#12818=ORIENTED_EDGE('',*,*,#12475,.T.);
#12819=ORIENTED_EDGE('',*,*,#12796,.F.);
#12820=EDGE_LOOP('',(#12816,#12817,#12818,#12819));
#12821=FACE_BOUND('',#12820,.T.);
#12822=ADVANCED_FACE('',(#12821),#12815,.F.);
#12823=CARTESIAN_POINT('',(-11.,3.,11.));
#12824=DIRECTION('',(0.,-1.,0.));
#12825=DIRECTION('',(0.,0.,-1.));
#12826=AXIS2_PLACEMENT_3D('',#12823,#12824,#12825);
#12827=CYLINDRICAL_SURFACE('',#12826,3.5);
#12828=ORIENTED_EDGE('',*,*,#12500,.T.);
#12829=ORIENTED_EDGE('',*,*,#12719,.T.);
#12830=ORIENTED_EDGE('',*,*,#12517,.T.);
#12831=ORIENTED_EDGE('',*,*,#12786,.F.);
#12832=EDGE_LOOP('',(#12828,#12829,#12830,#12831));
#12833=FACE_BOUND('',#12832,.T.);
#12834=ADVANCED_FACE('',(#12833),#12827,.F.);
#12835=CARTESIAN_POINT('',(-121.,3.,121.));
#12836=DIRECTION('',(0.,-1.,0.));
#12837=DIRECTION('',(0.,0.,-1.));
#12838=AXIS2_PLACEMENT_3D('',#12835,#12836,#12837);
#12839=CYLINDRICAL_SURFACE('',#12838,3.5);
#12840=ORIENTED_EDGE('',*,*,#12542,.T.);
#12841=ORIENTED_EDGE('',*,*,#12709,.T.);
#12842=ORIENTED_EDGE('',*,*,#12559,.T.);
#12843=ORIENTED_EDGE('',*,*,#12776,.F.);
#12844=EDGE_LOOP('',(#12840,#12841,#12842,#12843));
#12845=FACE_BOUND('',#12844,.T.);
#12846=ADVANCED_FACE('',(#12845),#12839,.F.);
#12847=CARTESIAN_POINT('',(-11.,3.,121.));
#12848=DIRECTION('',(0.,-1.,0.));
#12849=DIRECTION('',(0.,0.,-1.));
#12850=AXIS2_PLACEMENT_3D('',#12847,#12848,#12849);
#12851=CYLINDRICAL_SURFACE('',#12850,3.5);
#12852=ORIENTED_EDGE('',*,*,#12584,.T.);
#12853=ORIENTED_EDGE('',*,*,#12699,.T.);
#12854=ORIENTED_EDGE('',*,*,#12601,.T.);
#12855=ORIENTED_EDGE('',*,*,#12766,.F.);
#12856=EDGE_LOOP('',(#12852,#12853,#12854,#12855));
#12857=FACE_BOUND('',#12856,.T.);
#12858=ADVANCED_FACE('',(#12857),#12851,.F.);
#12859=CARTESIAN_POINT('',(-66.,3.,50.));
#12860=DIRECTION('',(0.,-1.,0.));
#12861=DIRECTION('',(0.,0.,-1.));
#12862=AXIS2_PLACEMENT_3D('',#12859,#12860,#12861);
#12863=CYLINDRICAL_SURFACE('',#12862,2.5);
#12864=ORIENTED_EDGE('',*,*,#12650,.T.);
#12865=ORIENTED_EDGE('',*,*,#12739,.T.);
#12866=ORIENTED_EDGE('',*,*,#12667,.T.);
#12867=ORIENTED_EDGE('',*,*,#12806,.F.);
#12868=EDGE_LOOP('',(#12864,#12865,#12866,#12867));
#12869=FACE_BOUND('',#12868,.T.);
#12870=ADVANCED_FACE('',(#12869),#12863,.F.);
#12871=CLOSED_SHELL('',(#12252,#12285,#12316,#12349,#12380,#12413,#12444,#12486,#12528,#12570,#12612,#12636,#12678,#12744,#12810,#12822,#12834,#12846,#12858,#12870));
#12872=MANIFOLD_SOLID_BREP('3D \X2\0444044004300433043C0435043D0442\X0\_1',#12871);
#12873=DRAUGHTING_PRE_DEFINED_COLOUR('white');
#12874=FILL_AREA_STYLE_COLOUR('',#12873);
#12875=FILL_AREA_STYLE('',(#12874));
#12876=SURFACE_STYLE_FILL_AREA(#12875);
#12877=SURFACE_SIDE_STYLE('',(#12876));
#12878=SURFACE_STYLE_USAGE(.BOTH.,#12877);
#12879=PRESENTATION_STYLE_ASSIGNMENT((#12878));
#12212=STYLED_ITEM('',(#12879),#12872);
#12880=DERIVED_UNIT_ELEMENT(#12189,3.0);
#12881=DERIVED_UNIT((#12880));
#12882=MEASURE_REPRESENTATION_ITEM('volume measure',VOLUME_MEASURE(51687.358227),#12881);
#12883=DERIVED_UNIT_ELEMENT(#12189,2.0);
#12884=DERIVED_UNIT((#12883));
#12885=MEASURE_REPRESENTATION_ITEM('surface area measure',AREA_MEASURE(36327.341546),#12884);
#12886=CARTESIAN_POINT('centre point',(-66.000000006,1.5,66.018204932));
#12887=CARTESIAN_POINT('bounding box corner point',(-131.999999285,0.,0.));
#12888=CARTESIAN_POINT('bounding box corner point',(0.,3.000000026,131.999999285));
#12889=ID_ATTRIBUTE('SA #12890',#12890);
#12890=SHAPE_ASPECT('properties','',#12200,.F.);
#12891=GEOMETRIC_ITEM_SPECIFIC_USAGE('','properties',#12890,#12194,#12872);
#12892=PROPERTY_DEFINITION('geometric validation property','',#12890);
#12893=REPRESENTATION('',(#12882,#12885,#12886,#12887,#12888),#12191);
#12894=PROPERTY_DEFINITION_REPRESENTATION(#12892,#12893);
#12193=SHAPE_REPRESENTATION('3D \X2\0444044004300433043C0435043D0442\X0\_1',(#15),#12191);
#12194=ADVANCED_BREP_SHAPE_REPRESENTATION('3D \X2\0444044004300433043C0435043D0442\X0\_1',(#12872),#12191);
#12902=SHAPE_REPRESENTATION_RELATIONSHIP('','',#12193,#12194);
#12903=CARTESIAN_POINT('',(0.,0.,0.));
#12904=DIRECTION('',(0.,0.,1.));
#12905=DIRECTION('',(1.,0.,0.));
#12906=AXIS2_PLACEMENT_3D('',#12903,#12904,#12905);
#12908=MAPPED_ITEM('',#12907,#12906);
#12907=REPRESENTATION_MAP(#12906,#12193);
#12201=PRODUCT('3D \X2\0444044004300433043C0435043D0442\X0\_1','3D \X2\0444044004300433043C0435043D0442\X0\_1','',(#718));
#12909=PRODUCT_RELATED_PRODUCT_CATEGORY('part','',(#12201));
#12910=PRODUCT_DEFINITION_FORMATION_WITH_SPECIFIED_SOURCE('','',#12201,.NOT_KNOWN.);
#12202=PRODUCT_DEFINITION('design','',#12910,#719);
#12200=PRODUCT_DEFINITION_SHAPE('','',#12202);
#12911=SHAPE_DEFINITION_REPRESENTATION(#12200,#12193);
#12192=DRAUGHTING_MODEL('',(#12908),#12191);
#12912=DERIVED_UNIT_ELEMENT(#12189,3.0);
#12913=DERIVED_UNIT((#12912));
#12914=MEASURE_REPRESENTATION_ITEM('volume measure',VOLUME_MEASURE(51687.358227),#12913);
#12915=DERIVED_UNIT_ELEMENT(#12189,2.0);
#12916=DERIVED_UNIT((#12915));
#12917=MEASURE_REPRESENTATION_ITEM('surface area measure',AREA_MEASURE(36327.341546),#12916);
#12918=CARTESIAN_POINT('centre point',(-66.000000006,1.5,66.018204932));
#12919=CARTESIAN_POINT('bounding box corner point',(-131.999999285,0.,0.));
#12920=CARTESIAN_POINT('bounding box corner point',(0.,3.000000026,131.999999285));
#12921=PROPERTY_DEFINITION('geometric validation property','',#12202);
#12922=REPRESENTATION('',(#12914,#12917,#12918,#12919,#12920),#12191);
#12923=PROPERTY_DEFINITION_REPRESENTATION(#12921,#12922);
#16=SHAPE_REPRESENTATION('\X2\041F0430043D0435043B044C\X0\ \X2\0443043F044004300432043B0435043D0438044F\X0\ \X2\043A043E043F0438044F\X0\',(#15,#48,#9514,#9708,#10683,#11560,#12206),#10);
#12924=CARTESIAN_POINT('',(0.,0.,0.));
#12925=DIRECTION('',(0.,0.,1.));
#12926=DIRECTION('',(1.,0.,0.));
#12927=AXIS2_PLACEMENT_3D('',#12924,#12925,#12926);
#12929=MAPPED_ITEM('',#12928,#12927);
#12928=REPRESENTATION_MAP(#12927,#16);
#24=PRODUCT('\X2\041F0430043D0435043B044C\X0\ \X2\0443043F044004300432043B0435043D0438044F\X0\ \X2\043A043E043F0438044F\X0\','\X2\041F0430043D0435043B044C\X0\ \X2\0443043F044004300432043B0435043D0438044F\X0\ \X2\043A043E043F0438044F\X0\','',(#718));
#12930=PRODUCT_RELATED_PRODUCT_CATEGORY('part','',(#24));
#12931=PRODUCT_DEFINITION_FORMATION_WITH_SPECIFIED_SOURCE('','',#24,.NOT_KNOWN.);
#25=PRODUCT_DEFINITION('design','',#12931,#719);
#23=PRODUCT_DEFINITION_SHAPE('','',#25);
#12932=SHAPE_DEFINITION_REPRESENTATION(#23,#16);
#11=DRAUGHTING_MODEL('',(#12929),#10);
#12933=DERIVED_UNIT_ELEMENT(#8,3.0);
#12934=DERIVED_UNIT((#12933));
#12935=MEASURE_REPRESENTATION_ITEM('volume measure',VOLUME_MEASURE(95556.081190),#12934);
#12936=DERIVED_UNIT_ELEMENT(#8,2.0);
#12937=DERIVED_UNIT((#12936));
#12938=MEASURE_REPRESENTATION_ITEM('surface area measure',AREA_MEASURE(116003.761568),#12937);
#12939=CARTESIAN_POINT('centre point',(-66.000002294,1.715446244,64.466443855));
#12940=CARTESIAN_POINT('bounding box corner point',(-131.999999285,-2.100000095,0.));
#12941=CARTESIAN_POINT('bounding box corner point',(0.,19.90000076,131.999999285));
#12942=PROPERTY_DEFINITION('geometric validation property','',#25);
#12943=REPRESENTATION('',(#12935,#12938,#12939,#12940,#12941),#10);
#12944=PROPERTY_DEFINITION_REPRESENTATION(#12942,#12943);
#1=MECHANICAL_DESIGN_GEOMETRIC_PRESENTATION_REPRESENTATION('',(#82,#763,#1118,#1290,#2068,#9093,#9520,#9714,#10459,#11359,#10689,#11566,#12212),#10);
ENDSEC;
END-ISO-10303-21;
