ISO-10303-21;
HEADER;
FILE_DESCRIPTION (( 'STEP AP203' ),
    '1' );
FILE_NAME ('Накладка лицевой панели (3D print rev2).STEP',
    '2026-04-17T06:22:16',
    ( '' ),
    ( '' ),
    'SwSTEP 2.0',
    'SolidWorks 2020',
    '' );
FILE_SCHEMA (( 'CONFIG_CONTROL_DESIGN' ));
ENDSEC;

DATA;
#1 = PLANE ( 'NONE',  #2081 ) ;
#2 = VECTOR ( 'NONE', #683, 1000.000000000000227 ) ;
#3 = DIRECTION ( 'NONE',  ( -0.000000000000000000, 0.000000000000000000, -1.000000000000000000 ) ) ;
#4 = DIRECTION ( 'NONE',  ( -0.000000000000000000, -0.000000000000000000, 1.000000000000000000 ) ) ;
#5 = EDGE_LOOP ( 'NONE', ( #5656, #31, #5452, #3089, #5564, #2704, #4790, #1948, #1657, #838 ) ) ;
#6 = CARTESIAN_POINT ( 'NONE',  ( 39.15993664557905873, -32.50120435625778015, 0.000000000000000000 ) ) ;
#7 = EDGE_LOOP ( 'NONE', ( #4824, #3070, #4404, #3733 ) ) ;
#8 = CARTESIAN_POINT ( 'NONE',  ( 37.43782217350893404, 53.00000000000003553, 0.000000000000000000 ) ) ;
#9 = LINE ( 'NONE', #5474, #1041 ) ;
#10 = ORIENTED_EDGE ( 'NONE', *, *, #1979, .T. ) ;
#11 = ORIENTED_EDGE ( 'NONE', *, *, #1151, .T. ) ;
#12 = VERTEX_POINT ( 'NONE', #4113 ) ;
#13 = DIRECTION ( 'NONE',  ( -0.000000000000000000, -0.000000000000000000, -1.000000000000000000 ) ) ;
#14 = EDGE_CURVE ( 'NONE', #2972, #3802, #5096, .T. ) ;
#15 = EDGE_CURVE ( 'NONE', #4147, #3038, #845, .T. ) ;
#16 = CARTESIAN_POINT ( 'NONE',  ( 0.000000000000000000, 0.000000000000000000, 3.000000000000000000 ) ) ;
#17 = ORIENTED_EDGE ( 'NONE', *, *, #22, .T. ) ;
#18 = ORIENTED_EDGE ( 'NONE', *, *, #3898, .T. ) ;
#19 = DIRECTION ( 'NONE',  ( -1.000000000000000000, -2.775557561562891351E-15, 0.000000000000000000 ) ) ;
#20 = CARTESIAN_POINT ( 'NONE',  ( 39.16013196753240777, -2.499931335448993597, 0.000000000000000000 ) ) ;
#21 = VERTEX_POINT ( 'NONE', #1422 ) ;
#22 = EDGE_CURVE ( 'NONE', #5735, #3663, #2478, .T. ) ;
#23 = EDGE_CURVE ( 'NONE', #1984, #3662, #5068, .T. ) ;
#24 = CARTESIAN_POINT ( 'NONE',  ( -39.16042493490871124, -38.49992961750028542, 0.000000000000000000 ) ) ;
#25 = VECTOR ( 'NONE', #2600, 1000.000000000000000 ) ;
#26 = EDGE_CURVE ( 'NONE', #1426, #892, #3730, .T. ) ;
#27 = DIRECTION ( 'NONE',  ( -1.000000000000000000, 0.000000000000000000, 0.000000000000000000 ) ) ;
#28 = DIRECTION ( 'NONE',  ( 0.9999999998675463964, -1.627596612607036625E-05, 0.000000000000000000 ) ) ;
#29 = DIRECTION ( 'NONE',  ( -0.000000000000000000, -0.000000000000000000, -1.000000000000000000 ) ) ;
#30 = CARTESIAN_POINT ( 'NONE',  ( -42.00000000000000000, 46.00000000000000000, 0.000000000000000000 ) ) ;
#31 = ORIENTED_EDGE ( 'NONE', *, *, #3592, .F. ) ;
#32 = AXIS2_PLACEMENT_3D ( 'NONE', #5491, #1791, #505 ) ;
#33 = LINE ( 'NONE', #3651, #4188 ) ;
#34 = PLANE ( 'NONE',  #4986 ) ;
#35 = CARTESIAN_POINT ( 'NONE',  ( 38.00000000000000000, 28.00000000000002842, 0.000000000000000000 ) ) ;
#36 = ORIENTED_EDGE ( 'NONE', *, *, #1290, .T. ) ;
#37 = VECTOR ( 'NONE', #3780, 1000.000000000000000 ) ;
#38 = VECTOR ( 'NONE', #68, 1000.000000000000227 ) ;
#39 = LINE ( 'NONE', #3690, #2074 ) ;
#40 = EDGE_LOOP ( 'NONE', ( #3790 ) ) ;
#41 = CARTESIAN_POINT ( 'NONE',  ( 10.99999999999997513, -20.54000000000003112, 1.449999935400410278 ) ) ;
#42 = DIRECTION ( 'NONE',  ( 0.000000000000000000, -0.9999999999999991118, 4.371140884147631631E-08 ) ) ;
#43 = ORIENTED_EDGE ( 'NONE', *, *, #792, .F. ) ;
#44 = ORIENTED_EDGE ( 'NONE', *, *, #3382, .T. ) ;
#45 = VECTOR ( 'NONE', #2068, 999.9999999999998863 ) ;
#46 = ORIENTED_EDGE ( 'NONE', *, *, #5057, .F. ) ;
#47 = CARTESIAN_POINT ( 'NONE',  ( 53.13099752524905028, -29.59477641991259489, 0.000000000000000000 ) ) ;
#48 = ADVANCED_FACE ( 'NONE', ( #398 ), #4976, .F. ) ;
#49 = VECTOR ( 'NONE', #4351, 1000.000000000000000 ) ;
#50 = ADVANCED_FACE ( 'NONE', ( #3275 ), #3249, .F. ) ;
#51 = DIRECTION ( 'NONE',  ( 0.9999999998675463964, -1.627596612587094420E-05, 0.000000000000000000 ) ) ;
#52 = ORIENTED_EDGE ( 'NONE', *, *, #4705, .T. ) ;
#53 = ORIENTED_EDGE ( 'NONE', *, *, #5856, .T. ) ;
#54 = DIRECTION ( 'NONE',  ( -1.000000000000000000, 0.000000000000000000, 0.000000000000000000 ) ) ;
#55 = CARTESIAN_POINT ( 'NONE',  ( 51.70787840058896734, -33.00140858619899120, 3.000000000000000000 ) ) ;
#56 = ORIENTED_EDGE ( 'NONE', *, *, #3049, .T. ) ;
#57 = AXIS2_PLACEMENT_3D ( 'NONE', #1945, #2978, #3407 ) ;
#58 = EDGE_CURVE ( 'NONE', #639, #2300, #5864, .T. ) ;
#59 = CARTESIAN_POINT ( 'NONE',  ( -61.00000000000001421, -66.00000000000000000, 0.000000000000000000 ) ) ;
#60 = CYLINDRICAL_SURFACE ( 'NONE', #3656, 2.000000000000001776 ) ;
#61 = LINE ( 'NONE', #4184, #3781 ) ;
#62 = DIRECTION ( 'NONE',  ( -0.000000000000000000, -0.000000000000000000, 1.000000000000000000 ) ) ;
#63 = DIRECTION ( 'NONE',  ( -0.000000000000000000, 0.000000000000000000, -1.000000000000000000 ) ) ;
#64 = EDGE_LOOP ( 'NONE', ( #3567, #2295, #5280, #2806 ) ) ;
#65 = EDGE_CURVE ( 'NONE', #5602, #3753, #5052, .T. ) ;
#66 = FACE_OUTER_BOUND ( 'NONE', #3367, .T. ) ;
#67 = DIRECTION ( 'NONE',  ( 1.000000000000000000, 0.000000000000000000, 0.000000000000000000 ) ) ;
#68 = DIRECTION ( 'NONE',  ( 0.9999999998675463964, -1.627596612587094081E-05, 0.000000000000000000 ) ) ;
#69 = ORIENTED_EDGE ( 'NONE', *, *, #3393, .F. ) ;
#70 = DIRECTION ( 'NONE',  ( 0.000000000000000000, -0.000000000000000000, 1.000000000000000000 ) ) ;
#71 = DIRECTION ( 'NONE',  ( 0.000000000000000000, -0.9999999999999990008, 4.371140888484446938E-08 ) ) ;
#72 = DIRECTION ( 'NONE',  ( -1.000000000000000000, 0.000000000000000000, 0.000000000000000000 ) ) ;
#73 = ORIENTED_EDGE ( 'NONE', *, *, #3017, .T. ) ;
#74 = ORIENTED_EDGE ( 'NONE', *, *, #413, .T. ) ;
#75 = CARTESIAN_POINT ( 'NONE',  ( -39.16013196753240777, -10.49993133544899493, 3.000000000000000000 ) ) ;
#76 = CARTESIAN_POINT ( 'NONE',  ( 39.15983898978127797, -38.50120435546305941, 1.450000720510095764 ) ) ;
#77 = ADVANCED_FACE ( 'NONE', ( #878 ), #524, .F. ) ;
#78 = EDGE_LOOP ( 'NONE', ( #3626, #1596, #3933, #5759 ) ) ;
#79 = VECTOR ( 'NONE', #1499, 1000.000000000000000 ) ;
#80 = VERTEX_POINT ( 'NONE', #4531 ) ;
#81 = CARTESIAN_POINT ( 'NONE',  ( -39.16013196753240777, -7.499931335448996705, 3.000000000000000000 ) ) ;
#82 = CARTESIAN_POINT ( 'NONE',  ( 51.70779702075834194, -38.00140858553672274, 0.000000000000000000 ) ) ;
#83 = ORIENTED_EDGE ( 'NONE', *, *, #3358, .T. ) ;
#84 = VECTOR ( 'NONE', #3844, 1000.000000000000000 ) ;
#85 = AXIS2_PLACEMENT_3D ( 'NONE', #5723, #3498, #4865 ) ;
#86 = VECTOR ( 'NONE', #4302, 1000.000000000000000 ) ;
#87 = FACE_OUTER_BOUND ( 'NONE', #4344, .T. ) ;
#88 = VECTOR ( 'NONE', #4587, 1000.000000000000000 ) ;
#89 = LINE ( 'NONE', #535, #791 ) ;
#90 = CARTESIAN_POINT ( 'NONE',  ( 50.52500206014519790, -38.50138933447222911, 1.450000720517879094 ) ) ;
#91 = CARTESIAN_POINT ( 'NONE',  ( -42.00000000000000000, 28.00000000000004619, 3.000000000000000000 ) ) ;
#92 = CARTESIAN_POINT ( 'NONE',  ( -53.50000000000002132, -34.70000000000000995, 1.450000554354231808 ) ) ;
#93 = VERTEX_POINT ( 'NONE', #5416 ) ;
#94 = ADVANCED_FACE ( 'NONE', ( #1327 ), #431, .F. ) ;
#95 = CARTESIAN_POINT ( 'NONE',  ( 53.13099752524905028, -31.34477641991259489, 0.000000000000000000 ) ) ;
#96 = CARTESIAN_POINT ( 'NONE',  ( 10.99999999999997513, -20.54000000000003112, 0.000000000000000000 ) ) ;
#97 = EDGE_CURVE ( 'NONE', #509, #3631, #459, .T. ) ;
#98 = CYLINDRICAL_SURFACE ( 'NONE', #3568, 3.000000000000002665 ) ;
#99 = ORIENTED_EDGE ( 'NONE', *, *, #2918, .F. ) ;
#100 = VECTOR ( 'NONE', #5721, 1000.000000000000000 ) ;
#101 = EDGE_CURVE ( 'NONE', #1165, #4968, #1299, .T. ) ;
#102 = CARTESIAN_POINT ( 'NONE',  ( 30.49987792968802225, -5.499931335448994929, 0.000000000000000000 ) ) ;
#103 = ADVANCED_FACE ( 'NONE', ( #2296 ), #3664, .F. ) ;
#104 = EDGE_CURVE ( 'NONE', #3438, #216, #4592, .T. ) ;
#105 = DIRECTION ( 'NONE',  ( 1.000000000000000000, 0.000000000000000000, 0.000000000000000000 ) ) ;
#106 = VERTEX_POINT ( 'NONE', #2015 ) ;
#107 = ORIENTED_EDGE ( 'NONE', *, *, #5746, .F. ) ;
#108 = EDGE_LOOP ( 'NONE', ( #4417, #1206, #250, #5030, #4409, #491, #1695, #3253 ) ) ;
#109 = DIRECTION ( 'NONE',  ( -0.000000000000000000, -0.000000000000000000, -1.000000000000000000 ) ) ;
#110 = CARTESIAN_POINT ( 'NONE',  ( -8.924942016602040340, -57.37510013580300949, 23.43294756465299500 ) ) ;
#111 = VERTEX_POINT ( 'NONE', #47 ) ;
#112 = ORIENTED_EDGE ( 'NONE', *, *, #824, .F. ) ;
#113 = CYLINDRICAL_SURFACE ( 'NONE', #2631, 3.000000000000002665 ) ;
#114 = DIRECTION ( 'NONE',  ( -0.000000000000000000, -0.000000000000000000, -1.000000000000000000 ) ) ;
#115 = EDGE_LOOP ( 'NONE', ( #310, #2110, #3331, #2736, #2915, #785 ) ) ;
#116 = CARTESIAN_POINT ( 'NONE',  ( 44.35714285714286120, 45.59291590537790029, 1.500000000000000000 ) ) ;
#117 = DIRECTION ( 'NONE',  ( 1.000000000000000000, 0.000000000000000000, 0.000000000000000000 ) ) ;
#118 = CARTESIAN_POINT ( 'NONE',  ( 39.16013196753241488, -8.499931335448993153, 1.449999409112184168 ) ) ;
#119 = DIRECTION ( 'NONE',  ( -1.000000000000000000, 2.775557561562891745E-15, 4.180742424348234962E-15 ) ) ;
#120 = DIRECTION ( 'NONE',  ( -0.000000000000000000, 0.000000000000000000, -1.000000000000000000 ) ) ;
#121 = ORIENTED_EDGE ( 'NONE', *, *, #2954, .F. ) ;
#122 = AXIS2_PLACEMENT_3D ( 'NONE', #3805, #5176, #4698 ) ;
#123 = CARTESIAN_POINT ( 'NONE',  ( -39.16013196753240777, -0.4999313354489935968, 1.449999059421240410 ) ) ;
#124 = CYLINDRICAL_SURFACE ( 'NONE', #212, 7.000000000000002665 ) ;
#125 = EDGE_CURVE ( 'NONE', #914, #5163, #5231, .T. ) ;
#126 = DIRECTION ( 'NONE',  ( 1.000000000000000000, 0.000000000000000000, -4.180742545671766046E-15 ) ) ;
#127 = VERTEX_POINT ( 'NONE', #2415 ) ;
#128 = CIRCLE ( 'NONE', #4710, 4.000000000000003553 ) ;
#129 = DIRECTION ( 'NONE',  ( 1.000000000000000000, 6.308085367188392213E-16, -4.180742573245296160E-15 ) ) ;
#130 = ADVANCED_FACE ( 'NONE', ( #4289 ), #3398, .F. ) ;
#131 = CIRCLE ( 'NONE', #1173, 3.000000000000002665 ) ;
#132 = CYLINDRICAL_SURFACE ( 'NONE', #2816, 8.000000000000000000 ) ;
#133 = CARTESIAN_POINT ( 'NONE',  ( -53.50000000000002132, -39.99999999999999289, 1.450000786024699284 ) ) ;
#134 = ORIENTED_EDGE ( 'NONE', *, *, #4069, .T. ) ;
#135 = ORIENTED_EDGE ( 'NONE', *, *, #4267, .T. ) ;
#136 = DIRECTION ( 'NONE',  ( -1.000000000000000000, 0.000000000000000000, 0.000000000000000000 ) ) ;
#137 = EDGE_CURVE ( 'NONE', #4172, #3599, #3421, .T. ) ;
#138 = VECTOR ( 'NONE', #1348, 1000.000000000000000 ) ;
#139 = LINE ( 'NONE', #110, #1861 ) ;
#140 = ORIENTED_EDGE ( 'NONE', *, *, #391, .F. ) ;
#141 = EDGE_LOOP ( 'NONE', ( #722, #3591, #1869, #3936, #5185, #1281, #4685, #5264, #2328, #4566, #3990, #428, #5872, #3488 ) ) ;
#142 = DIRECTION ( 'NONE',  ( -0.000000000000000000, -0.000000000000000000, 1.000000000000000000 ) ) ;
#143 = DIRECTION ( 'NONE',  ( -0.000000000000000000, -0.000000000000000000, 1.000000000000000000 ) ) ;
#144 = ORIENTED_EDGE ( 'NONE', *, *, #2389, .T. ) ;
#145 = VECTOR ( 'NONE', #2832, 1000.000000000000000 ) ;
#146 = CARTESIAN_POINT ( 'NONE',  ( -59.00000000000001421, -5.000000000000013323, 0.000000000000000000 ) ) ;
#147 = CARTESIAN_POINT ( 'NONE',  ( 60.99999999999999289, -65.99999999999998579, 3.000000000000000000 ) ) ;
#148 = DIRECTION ( 'NONE',  ( -0.000000000000000000, -0.000000000000000000, -1.000000000000000000 ) ) ;
#149 = DIRECTION ( 'NONE',  ( -1.000000000000000000, 0.000000000000000000, 0.000000000000000000 ) ) ;
#150 = CARTESIAN_POINT ( 'NONE',  ( 39.15996919751131600, -30.50120435652268824, 0.000000000000000000 ) ) ;
#151 = ORIENTED_EDGE ( 'NONE', *, *, #5825, .F. ) ;
#152 = AXIS2_PLACEMENT_3D ( 'NONE', #4093, #952, #3228 ) ;
#153 = CARTESIAN_POINT ( 'NONE',  ( -42.63483199611572871, -38.49987306816863963, 0.000000000000000000 ) ) ;
#154 = CARTESIAN_POINT ( 'NONE',  ( -8.924942016602040340, -53.87510013580300949, 1.450001392524696175 ) ) ;
#155 = DIRECTION ( 'NONE',  ( -1.000000000000000000, 0.000000000000000000, 0.000000000000000000 ) ) ;
#156 = EDGE_CURVE ( 'NONE', #2852, #4666, #4765, .T. ) ;
#157 = ORIENTED_EDGE ( 'NONE', *, *, #4977, .T. ) ;
#158 = CARTESIAN_POINT ( 'NONE',  ( 39.16013196753240777, -0.4999313354489935968, 3.000000000000000000 ) ) ;
#159 = DIRECTION ( 'NONE',  ( 1.000000000000000000, 0.000000000000000000, 0.000000000000000000 ) ) ;
#160 = EDGE_LOOP ( 'NONE', ( #3153, #2737, #1149, #273 ) ) ;
#161 = ORIENTED_EDGE ( 'NONE', *, *, #2941, .T. ) ;
#162 = DIRECTION ( 'NONE',  ( 1.000000000000000000, 0.000000000000000000, 0.000000000000000000 ) ) ;
#163 = LINE ( 'NONE', #5630, #4246 ) ;
#164 = AXIS2_PLACEMENT_3D ( 'NONE', #330, #2576, #4396 ) ;
#165 = ORIENTED_EDGE ( 'NONE', *, *, #3533, .T. ) ;
#166 = EDGE_LOOP ( 'NONE', ( #4560, #4497, #4686, #945, #2071, #557 ) ) ;
#167 = EDGE_CURVE ( 'NONE', #4786, #4936, #5652, .T. ) ;
#168 = DIRECTION ( 'NONE',  ( -0.9999999998675463964, 1.627596612567151538E-05, 0.000000000000000000 ) ) ;
#169 = CYLINDRICAL_SURFACE ( 'NONE', #4014, 2.000000000000001776 ) ;
#170 = EDGE_CURVE ( 'NONE', #2036, #4441, #4757, .T. ) ;
#171 = LINE ( 'NONE', #198, #562 ) ;
#172 = CARTESIAN_POINT ( 'NONE',  ( 30.49987792968802225, -35.50007057189900195, 0.000000000000000000 ) ) ;
#173 = CARTESIAN_POINT ( 'NONE',  ( 17.49999999999998224, -28.25000000000002487, 23.43294756465299500 ) ) ;
#174 = EDGE_CURVE ( 'NONE', #3802, #668, #2939, .T. ) ;
#175 = CARTESIAN_POINT ( 'NONE',  ( -53.50000000000002132, -39.99999999999999289, 23.43294756465299500 ) ) ;
#176 = CIRCLE ( 'NONE', #2380, 6.000000000000001776 ) ;
#177 = LINE ( 'NONE', #4356, #574 ) ;
#178 = AXIS2_PLACEMENT_3D ( 'NONE', #958, #5466, #5115 ) ;
#179 = APPROVAL_PERSON_ORGANIZATION ( #2610, #3764, #3951 ) ;
#180 = DIRECTION ( 'NONE',  ( -4.625929269271485322E-15, -0.9999999999999990008, 4.371140884147639571E-08 ) ) ;
#181 = LINE ( 'NONE', #712, #5364 ) ;
#182 = DIRECTION ( 'NONE',  ( -1.000000000000000000, 0.000000000000000000, 0.000000000000000000 ) ) ;
#183 = ORIENTED_EDGE ( 'NONE', *, *, #1338, .F. ) ;
#184 = LINE ( 'NONE', #4281, #2272 ) ;
#185 = LINE ( 'NONE', #2549, #4911 ) ;
#186 = VERTEX_POINT ( 'NONE', #2914 ) ;
#187 = EDGE_LOOP ( 'NONE', ( #4110, #3747, #4764, #157, #401, #1266, #5456, #5841, #1914, #467 ) ) ;
#188 = VECTOR ( 'NONE', #1500, 1000.000000000000000 ) ;
#189 = VERTEX_POINT ( 'NONE', #553 ) ;
#190 = CARTESIAN_POINT ( 'NONE',  ( 30.49987792968802225, -5.499931335448994929, 1.449999277977993772 ) ) ;
#191 = AXIS2_PLACEMENT_3D ( 'NONE', #5147, #4330, #4305 ) ;
#192 = DIRECTION ( 'NONE',  ( -1.000000000000000000, 0.000000000000000000, 0.000000000000000000 ) ) ;
#193 = EDGE_CURVE ( 'NONE', #509, #3455, #836, .T. ) ;
#194 = ORIENTED_EDGE ( 'NONE', *, *, #1341, .F. ) ;
#195 = ORIENTED_EDGE ( 'NONE', *, *, #5119, .F. ) ;
#196 = FACE_OUTER_BOUND ( 'NONE', #4743, .T. ) ;
#197 = DIRECTION ( 'NONE',  ( -0.000000000000000000, -0.000000000000000000, -1.000000000000000000 ) ) ;
#198 = CARTESIAN_POINT ( 'NONE',  ( 41.99999999999999289, 28.00000000000006395, 3.000000000000000000 ) ) ;
#199 = PRODUCT_DEFINITION_SHAPE ( 'NONE', 'NONE',  #5076 ) ;
#200 = DIRECTION ( 'NONE',  ( 1.000000000000000000, 0.000000000000000000, -0.000000000000000000 ) ) ;
#201 = DIRECTION ( 'NONE',  ( 0.000000000000000000, 0.000000000000000000, 1.000000000000000000 ) ) ;
#202 = CARTESIAN_POINT ( 'NONE',  ( 15.53999999999997783, -13.46000000000002750, 23.43294756465299500 ) ) ;
#203 = DIRECTION ( 'NONE',  ( 0.000000000000000000, -0.000000000000000000, 1.000000000000000000 ) ) ;
#204 = ADVANCED_FACE ( 'NONE', ( #5160 ), #4233, .F. ) ;
#205 = EDGE_CURVE ( 'NONE', #1448, #1448, #561, .T. ) ;
#206 = FACE_OUTER_BOUND ( 'NONE', #3694, .T. ) ;
#207 = DIRECTION ( 'NONE',  ( -1.000000000000000000, 0.000000000000000000, 4.180742545671766046E-15 ) ) ;
#208 = CARTESIAN_POINT ( 'NONE',  ( 47.02500206014519790, -33.14931688996608727, 1.450000486571265901 ) ) ;
#209 = VERTEX_POINT ( 'NONE', #217 ) ;
#210 = CC_DESIGN_PERSON_AND_ORGANIZATION_ASSIGNMENT ( #721, #5763, ( #2453 ) ) ;
#211 = CARTESIAN_POINT ( 'NONE',  ( 30.50012016296398443, -5.499931335449008252, 3.000000000000000000 ) ) ;
#212 = AXIS2_PLACEMENT_3D ( 'NONE', #3715, #3235, #4995 ) ;
#213 = CARTESIAN_POINT ( 'NONE',  ( 30.99999999999998579, -48.60000096090556099, 1.450001161942503947 ) ) ;
#214 = CARTESIAN_POINT ( 'NONE',  ( 58.50000000000000000, -55.00000000000000000, 3.000000000000000000 ) ) ;
#215 = ORIENTED_EDGE ( 'NONE', *, *, #3602, .T. ) ;
#216 = VERTEX_POINT ( 'NONE', #5214 ) ;
#217 = CARTESIAN_POINT ( 'NONE',  ( 36.56186857255293887, -32.00116207012359837, 3.000000000000000000 ) ) ;
#218 = DIRECTION ( 'NONE',  ( 0.9999999998675463964, -1.627596612567151538E-05, 7.072646676513224198E-13 ) ) ;
#219 = EDGE_LOOP ( 'NONE', ( #2293, #5270, #2315, #1176, #3729, #5595, #2215, #4383 ) ) ;
#220 = EDGE_LOOP ( 'NONE', ( #195, #2340, #3670, #2203 ) ) ;
#221 = DIRECTION ( 'NONE',  ( -0.000000000000000000, -0.000000000000000000, 1.000000000000000000 ) ) ;
#222 = CARTESIAN_POINT ( 'NONE',  ( 30.49963378098338396, -35.50106340185905651, 1.450000589369744297 ) ) ;
#223 = EDGE_CURVE ( 'NONE', #2999, #5651, #3786, .T. ) ;
#224 = EDGE_CURVE ( 'NONE', #4370, #5779, #1127, .T. ) ;
#225 = VECTOR ( 'NONE', #4101, 1000.000000000000000 ) ;
#226 = CARTESIAN_POINT ( 'NONE',  ( 39.16013196753241488, -3.499931335448993597, 1.449999190555139705 ) ) ;
#227 = DIRECTION ( 'NONE',  ( 1.000000000000000000, 0.000000000000000000, -0.000000000000000000 ) ) ;
#228 = ORIENTED_EDGE ( 'NONE', *, *, #3699, .F. ) ;
#229 = DIRECTION ( 'NONE',  ( -1.000000000000000000, 0.000000000000000000, 0.000000000000000000 ) ) ;
#230 = ORIENTED_EDGE ( 'NONE', *, *, #5644, .T. ) ;
#231 = CIRCLE ( 'NONE', #1664, 7.999999999999996447 ) ;
#232 = AXIS2_PLACEMENT_3D ( 'NONE', #5210, #5320, #720 ) ;
#233 = EDGE_CURVE ( 'NONE', #1143, #5163, #5679, .T. ) ;
#234 = VECTOR ( 'NONE', #3702, 1000.000000000000000 ) ;
#235 = VECTOR ( 'NONE', #1684, 1000.000000000000000 ) ;
#236 = CARTESIAN_POINT ( 'NONE',  ( 47.02500206014519790, -33.14931592906049218, 23.43294756465299500 ) ) ;
#237 = DIRECTION ( 'NONE',  ( 1.000000000000000000, 0.000000000000000000, 0.000000000000000000 ) ) ;
#238 = DIRECTION ( 'NONE',  ( 0.000000000000000000, -0.9999999999999991118, 4.371140884147635601E-08 ) ) ;
#239 = ORIENTED_EDGE ( 'NONE', *, *, #5216, .T. ) ;
#240 = EDGE_CURVE ( 'NONE', #4370, #3208, #5240, .T. ) ;
#241 = AXIS2_PLACEMENT_3D ( 'NONE', #3098, #375, #1638 ) ;
#242 = DESIGN_CONTEXT ( 'detailed design', #765, 'design' ) ;
#243 = CARTESIAN_POINT ( 'NONE',  ( 39.16013196753240777, -10.49993133544899493, 3.000000000000000000 ) ) ;
#244 = LINE ( 'NONE', #3474, #2244 ) ;
#245 = ORIENTED_EDGE ( 'NONE', *, *, #932, .F. ) ;
#246 = VERTEX_POINT ( 'NONE', #1146 ) ;
#247 = CARTESIAN_POINT ( 'NONE',  ( -51.70808186218739166, -2.499931335448996261, 0.000000000000000000 ) ) ;
#248 = DIRECTION ( 'NONE',  ( -0.000000000000000000, 0.000000000000000000, -1.000000000000000000 ) ) ;
#249 = VERTEX_POINT ( 'NONE', #5627 ) ;
#250 = ORIENTED_EDGE ( 'NONE', *, *, #1757, .T. ) ;
#251 = CARTESIAN_POINT ( 'NONE',  ( 2.074954986571962312, -58.82508182525602081, 0.000000000000000000 ) ) ;
#252 = DIRECTION ( 'NONE',  ( 0.000000000000000000, -0.9999999999999991118, 4.371140886858145003E-08 ) ) ;
#253 = EDGE_CURVE ( 'NONE', #588, #281, #4470, .T. ) ;
#254 = AXIS2_PLACEMENT_3D ( 'NONE', #4966, #2666, #3557 ) ;
#255 = DIRECTION ( 'NONE',  ( 0.000000000000000000, -0.9999999999999990008, 4.371140884147638910E-08 ) ) ;
#256 = DIRECTION ( 'NONE',  ( 4.180742545671762101E-15, 4.371140887755362005E-08, 0.9999999999999992228 ) ) ;
#257 = ORIENTED_EDGE ( 'NONE', *, *, #5393, .F. ) ;
#258 = DIRECTION ( 'NONE',  ( 1.000000000000000000, -1.994248318681189754E-16, 0.000000000000000000 ) ) ;
#259 = ORIENTED_EDGE ( 'NONE', *, *, #5646, .F. ) ;
#260 = DIRECTION ( 'NONE',  ( 0.000000000000000000, 0.000000000000000000, -1.000000000000000000 ) ) ;
#261 = CARTESIAN_POINT ( 'NONE',  ( 42.63453902919962957, -2.499931335448999370, 1.449999146843711006 ) ) ;
#262 = CARTESIAN_POINT ( 'NONE',  ( -39.16013196753240777, -0.4999313354489935968, 0.000000000000000000 ) ) ;
#263 = ORIENTED_EDGE ( 'NONE', *, *, #3318, .T. ) ;
#264 = VECTOR ( 'NONE', #1236, 1000.000000000000000 ) ;
#265 = VECTOR ( 'NONE', #5545, 1000.000000000000000 ) ;
#266 = CIRCLE ( 'NONE', #4191, 12.50000000000000355 ) ;
#267 = AXIS2_PLACEMENT_3D ( 'NONE', #1024, #5155, #3782 ) ;
#268 = DIRECTION ( 'NONE',  ( -0.000000000000000000, -0.000000000000000000, -1.000000000000000000 ) ) ;
#269 = AXIS2_PLACEMENT_3D ( 'NONE', #1746, #3566, #1148 ) ;
#270 = FACE_OUTER_BOUND ( 'NONE', #1256, .T. ) ;
#271 = PERSON_AND_ORGANIZATION ( #1383, #365 ) ;
#272 = ORIENTED_EDGE ( 'NONE', *, *, #1590, .T. ) ;
#273 = ORIENTED_EDGE ( 'NONE', *, *, #2898, .F. ) ;
#274 = DIRECTION ( 'NONE',  ( -0.000000000000000000, -0.000000000000000000, 1.000000000000000000 ) ) ;
#275 = ADVANCED_FACE ( 'NONE', ( #1543, #4739 ), #4205, .F. ) ;
#276 = EDGE_CURVE ( 'NONE', #4556, #3976, #4189, .T. ) ;
#277 = ADVANCED_FACE ( 'NONE', ( #2862 ), #4681, .F. ) ;
#278 = CIRCLE ( 'NONE', #5433, 4.999999999999997335 ) ;
#279 = DIRECTION ( 'NONE',  ( 1.000000000000000000, 0.000000000000000000, -0.000000000000000000 ) ) ;
#280 = ORIENTED_EDGE ( 'NONE', *, *, #1648, .T. ) ;
#281 = VERTEX_POINT ( 'NONE', #3982 ) ;
#282 = DIRECTION ( 'NONE',  ( -0.000000000000000000, -0.000000000000000000, -1.000000000000000000 ) ) ;
#283 = ORIENTED_EDGE ( 'NONE', *, *, #5852, .T. ) ;
#284 = CIRCLE ( 'NONE', #4390, 5.999999999999998224 ) ;
#285 = VECTOR ( 'NONE', #629, 1000.000000000000000 ) ;
#286 = CARTESIAN_POINT ( 'NONE',  ( 55.67099752524903522, -29.59477664196644398, 0.000000000000000000 ) ) ;
#287 = ORIENTED_EDGE ( 'NONE', *, *, #3554, .T. ) ;
#288 = DIRECTION ( 'NONE',  ( 0.000000000000000000, -0.9999999999999991118, 4.371140884147631631E-08 ) ) ;
#289 = CYLINDRICAL_SURFACE ( 'NONE', #745, 2.000000000000001776 ) ;
#290 = EDGE_LOOP ( 'NONE', ( #2877, #2668, #5189, #3339 ) ) ;
#291 = CYLINDRICAL_SURFACE ( 'NONE', #4375, 0.5000000000000004441 ) ;
#292 = DIRECTION ( 'NONE',  ( 0.000000000000000000, 0.000000000000000000, 1.000000000000000000 ) ) ;
#293 = FACE_BOUND ( 'NONE', #1783, .T. ) ;
#294 = CARTESIAN_POINT ( 'NONE',  ( 60.99999999999999289, -60.99999999999999289, 3.000000000000000000 ) ) ;
#295 = VERTEX_POINT ( 'NONE', #2613 ) ;
#296 = EDGE_CURVE ( 'NONE', #2529, #674, #3023, .T. ) ;
#297 = CARTESIAN_POINT ( 'NONE',  ( -37.42808115996353280, -1.499931335448999592, 0.000000000000000000 ) ) ;
#298 = DIRECTION ( 'NONE',  ( 1.000000000000000000, 0.000000000000000000, 0.000000000000000000 ) ) ;
#299 = PERSON_AND_ORGANIZATION_ROLE ( 'creator' ) ;
#300 = ORIENTED_EDGE ( 'NONE', *, *, #15, .T. ) ;
#301 = ORIENTED_EDGE ( 'NONE', *, *, #1227, .T. ) ;
#302 = CARTESIAN_POINT ( 'NONE',  ( -52.50000000000002132, -5.000000000000014211, 1.449999256125383607 ) ) ;
#303 = EDGE_CURVE ( 'NONE', #3989, #5890, #724, .T. ) ;
#304 = AXIS2_PLACEMENT_3D ( 'NONE', #4483, #1218, #1277 ) ;
#305 = CARTESIAN_POINT ( 'NONE',  ( 37.99999999999998579, 50.00000000000002842, 1.500000000000000000 ) ) ;
#306 = ORIENTED_EDGE ( 'NONE', *, *, #516, .F. ) ;
#307 = DIRECTION ( 'NONE',  ( 0.000000000000000000, 0.000000000000000000, -1.000000000000000000 ) ) ;
#308 = FACE_OUTER_BOUND ( 'NONE', #4894, .T. ) ;
#309 = ORIENTED_EDGE ( 'NONE', *, *, #5143, .F. ) ;
#310 = ORIENTED_EDGE ( 'NONE', *, *, #4444, .F. ) ;
#311 = ORIENTED_EDGE ( 'NONE', *, *, #5821, .F. ) ;
#312 = ADVANCED_BREP_SHAPE_REPRESENTATION ( '=ръырфър ышЎхтющ ярэхыш (3D print rev2)', ( #2853, #943 ), #2189 ) ;
#313 = VECTOR ( 'NONE', #5687, 1000.000000000000000 ) ;
#314 = ADVANCED_FACE ( 'NONE', ( #3508 ), #5796, .F. ) ;
#315 = CARTESIAN_POINT ( 'NONE',  ( 32.99999999999990052, -53.00000000000000711, 1.450001354272652199 ) ) ;
#316 = ORIENTED_EDGE ( 'NONE', *, *, #4650, .F. ) ;
#317 = VECTOR ( 'NONE', #5886, 1000.000000000000000 ) ;
#318 = DIRECTION ( 'NONE',  ( -1.000000000000000000, 0.000000000000000000, 0.000000000000000000 ) ) ;
#319 = CARTESIAN_POINT ( 'NONE',  ( 51.70779702075834194, -38.00140858553671563, 0.000000000000000000 ) ) ;
#320 = ORIENTED_EDGE ( 'NONE', *, *, #5900, .F. ) ;
#321 = CIRCLE ( 'NONE', #3668, 1.750000000000003109 ) ;
#322 = CARTESIAN_POINT ( 'NONE',  ( 53.13099752524905028, -31.34477641991259489, 1.450000407692237481 ) ) ;
#323 = FACE_OUTER_BOUND ( 'NONE', #3856, .T. ) ;
#324 = DIRECTION ( 'NONE',  ( 0.000000000000000000, 0.000000000000000000, -1.000000000000000000 ) ) ;
#325 = AXIS2_PLACEMENT_3D ( 'NONE', #496, #1393, #399 ) ;
#326 = CIRCLE ( 'NONE', #3386, 4.999999999999997335 ) ;
#327 = DIRECTION ( 'NONE',  ( -0.000000000000000000, -0.000000000000000000, -1.000000000000000000 ) ) ;
#328 = ORIENTED_EDGE ( 'NONE', *, *, #966, .T. ) ;
#329 = AXIS2_PLACEMENT_3D ( 'NONE', #2559, #282, #2111 ) ;
#330 = CARTESIAN_POINT ( 'NONE',  ( 0.000000000000000000, -15.99999999999998579, 3.000000000000000000 ) ) ;
#331 = EDGE_CURVE ( 'NONE', #1355, #3000, #1172, .T. ) ;
#332 = DIRECTION ( 'NONE',  ( 0.000000000000000000, 0.000000000000000000, -1.000000000000000000 ) ) ;
#333 = APPROVAL_DATE_TIME ( #1594, #3764 ) ;
#334 = ORIENTED_EDGE ( 'NONE', *, *, #3052, .T. ) ;
#335 = AXIS2_PLACEMENT_3D ( 'NONE', #888, #506, #2337 ) ;
#336 = EDGE_LOOP ( 'NONE', ( #4345, #3246, #1882, #5140, #5862, #4225 ) ) ;
#337 = CARTESIAN_POINT ( 'NONE',  ( 39.16013196753240777, -2.499931335448993597, 3.000000000000000000 ) ) ;
#338 = PLANE ( 'NONE',  #1369 ) ;
#339 = ORIENTED_EDGE ( 'NONE', *, *, #5215, .T. ) ;
#340 = DIRECTION ( 'NONE',  ( 1.000000000000000000, 0.000000000000000000, 0.000000000000000000 ) ) ;
#341 = LINE ( 'NONE', #2168, #3037 ) ;
#342 = ORIENTED_EDGE ( 'NONE', *, *, #1973, .T. ) ;
#343 = ORIENTED_EDGE ( 'NONE', *, *, #1260, .T. ) ;
#344 = ORIENTED_EDGE ( 'NONE', *, *, #1958, .F. ) ;
#345 = ADVANCED_FACE ( 'NONE', ( #692 ), #3561, .F. ) ;
#346 = DIRECTION ( 'NONE',  ( -1.000000000000000000, 0.000000000000000000, 0.000000000000000000 ) ) ;
#347 = ORIENTED_EDGE ( 'NONE', *, *, #2949, .T. ) ;
#348 = DIRECTION ( 'NONE',  ( 0.000000000000000000, 0.9999999999999991118, -4.371140887755362005E-08 ) ) ;
#349 = DIRECTION ( 'NONE',  ( 0.000000000000000000, 0.000000000000000000, 1.000000000000000000 ) ) ;
#350 = VERTEX_POINT ( 'NONE', #2968 ) ;
#351 = ADVANCED_FACE ( 'NONE', ( #2553 ), #4791, .F. ) ;
#352 = FACE_OUTER_BOUND ( 'NONE', #492, .T. ) ;
#353 = EDGE_CURVE ( 'NONE', #3912, #849, #4848, .T. ) ;
#354 = LINE ( 'NONE', #3469, #1562 ) ;
#355 = DIRECTION ( 'NONE',  ( 1.000000000000000000, 0.000000000000000000, -0.000000000000000000 ) ) ;
#356 = FACE_OUTER_BOUND ( 'NONE', #2301, .T. ) ;
#357 = EDGE_LOOP ( 'NONE', ( #2435 ) ) ;
#358 = CARTESIAN_POINT ( 'NONE',  ( 51.70808186218739166, -2.999931335448996261, 0.000000000000000000 ) ) ;
#359 = DIRECTION ( 'NONE',  ( -0.000000000000000000, 0.000000000000000000, -1.000000000000000000 ) ) ;
#360 = VECTOR ( 'NONE', #669, 1000.000000000000000 ) ;
#361 = AXIS2_PLACEMENT_3D ( 'NONE', #3612, #1368, #1400 ) ;
#362 = VERTEX_POINT ( 'NONE', #4012 ) ;
#363 = DIRECTION ( 'NONE',  ( 0.000000000000000000, -0.9999999999999991118, 4.371140887755362005E-08 ) ) ;
#364 = VECTOR ( 'NONE', #4580, 1000.000000000000000 ) ;
#365 = ORGANIZATION ( 'UNSPECIFIED', 'UNSPECIFIED', '' ) ;
#366 = CARTESIAN_POINT ( 'NONE',  ( -37.99999999999997158, 24.00000000000002842, 0.000000000000000000 ) ) ;
#367 = ORIENTED_EDGE ( 'NONE', *, *, #714, .F. ) ;
#368 = AXIS2_PLACEMENT_3D ( 'NONE', #2355, #2706, #3600 ) ;
#369 = DIRECTION ( 'NONE',  ( 0.000000000000000000, -0.9999999999999990008, 4.371140884147636263E-08 ) ) ;
#370 = LINE ( 'NONE', #4406, #1474 ) ;
#371 = ORIENTED_EDGE ( 'NONE', *, *, #4552, .F. ) ;
#372 = ORIENTED_EDGE ( 'NONE', *, *, #2949, .F. ) ;
#373 = ORIENTED_EDGE ( 'NONE', *, *, #1772, .F. ) ;
#374 = EDGE_CURVE ( 'NONE', #5440, #1325, #425, .T. ) ;
#375 = DIRECTION ( 'NONE',  ( 0.000000000000000000, 0.000000000000000000, -1.000000000000000000 ) ) ;
#376 = ORIENTED_EDGE ( 'NONE', *, *, #3604, .F. ) ;
#377 = CARTESIAN_POINT ( 'NONE',  ( -52.20828531002175765, -32.99971725023827673, 3.000000000000000000 ) ) ;
#378 = CYLINDRICAL_SURFACE ( 'NONE', #1021, 3.500000000000003109 ) ;
#379 = ORIENTED_EDGE ( 'NONE', *, *, #2356, .T. ) ;
#380 = AXIS2_PLACEMENT_3D ( 'NONE', #1160, #3576, #2596 ) ;
#381 = EDGE_CURVE ( 'NONE', #5495, #645, #3057, .T. ) ;
#382 = DIRECTION ( 'NONE',  ( -4.180742545671762101E-15, -4.371140887755362005E-08, -0.9999999999999992228 ) ) ;
#383 = CARTESIAN_POINT ( 'NONE',  ( -66.00000000000001421, 61.00000000000000000, 0.000000000000000000 ) ) ;
#384 = DIRECTION ( 'NONE',  ( 1.000000000000000000, 0.000000000000000000, 0.000000000000000000 ) ) ;
#385 = FACE_OUTER_BOUND ( 'NONE', #3346, .T. ) ;
#386 = EDGE_LOOP ( 'NONE', ( #5373, #3892, #2869, #2353 ) ) ;
#387 = EDGE_CURVE ( 'NONE', #1161, #3542, #2104, .T. ) ;
#388 = CARTESIAN_POINT ( 'NONE',  ( 39.16013196753240777, -0.4999313354489935968, 1.449999059420913117 ) ) ;
#389 = DIRECTION ( 'NONE',  ( 0.000000000000000000, 0.000000000000000000, 1.000000000000000000 ) ) ;
#390 = ORIENTED_EDGE ( 'NONE', *, *, #3209, .T. ) ;
#391 = EDGE_CURVE ( 'NONE', #4047, #4918, #5266, .T. ) ;
#392 = CARTESIAN_POINT ( 'NONE',  ( -51.70836668991861274, -37.99972538755907436, 0.000000000000000000 ) ) ;
#393 = VERTEX_POINT ( 'NONE', #5732 ) ;
#394 = CARTESIAN_POINT ( 'NONE',  ( 39.16013196753240777, -7.499931335448995817, 3.000000000000000000 ) ) ;
#395 = LINE ( 'NONE', #4138, #5704 ) ;
#396 = VERTEX_POINT ( 'NONE', #3925 ) ;
#397 = VERTEX_POINT ( 'NONE', #2642 ) ;
#398 = FACE_OUTER_BOUND ( 'NONE', #4210, .T. ) ;
#399 = DIRECTION ( 'NONE',  ( 0.9999999998675465074, -1.627596612693846999E-05, 0.000000000000000000 ) ) ;
#400 = EDGE_CURVE ( 'NONE', #2578, #1165, #5708, .T. ) ;
#401 = ORIENTED_EDGE ( 'NONE', *, *, #2685, .T. ) ;
#402 = CIRCLE ( 'NONE', #122, 3.500000000000003109 ) ;
#403 = DIRECTION ( 'NONE',  ( 0.9999999998675465074, -1.627596612545157819E-05, 0.000000000000000000 ) ) ;
#404 = CARTESIAN_POINT ( 'NONE',  ( -57.00000000000009237, -2.999999999999999112, 1.449999168702583496 ) ) ;
#405 = ORIENTED_EDGE ( 'NONE', *, *, #3358, .F. ) ;
#406 = EDGE_CURVE ( 'NONE', #5543, #3201, #4059, .T. ) ;
#407 = FACE_BOUND ( 'NONE', #805, .T. ) ;
#408 = VECTOR ( 'NONE', #5107, 999.9999999999998863 ) ;
#409 = CARTESIAN_POINT ( 'NONE',  ( 39.15980643785005100, -40.50120435519815487, 0.000000000000000000 ) ) ;
#410 = PLANE ( 'NONE',  #432 ) ;
#411 = DIRECTION ( 'NONE',  ( -4.180742545671762101E-15, -4.371140887755362005E-08, -0.9999999999999992228 ) ) ;
#412 = ORIENTED_EDGE ( 'NONE', *, *, #678, .T. ) ;
#413 = EDGE_CURVE ( 'NONE', #4673, #914, #2072, .T. ) ;
#414 = AXIS2_PLACEMENT_3D ( 'NONE', #4712, #1062, #1601 ) ;
#415 = LINE ( 'NONE', #2815, #364 ) ;
#416 = CIRCLE ( 'NONE', #2524, 3.999999999999996447 ) ;
#417 = CARTESIAN_POINT ( 'NONE',  ( -39.16013196753240777, -0.4999313354489935968, 3.000000000000000000 ) ) ;
#418 = EDGE_CURVE ( 'NONE', #5113, #3637, #5292, .T. ) ;
#419 = CARTESIAN_POINT ( 'NONE',  ( -51.70808186218739166, -2.999931335448996261, 3.000000000000000000 ) ) ;
#420 = VERTEX_POINT ( 'NONE', #302 ) ;
#421 = CIRCLE ( 'NONE', #1479, 1.749999999999996225 ) ;
#422 = EDGE_CURVE ( 'NONE', #3701, #849, #2131, .T. ) ;
#423 = CARTESIAN_POINT ( 'NONE',  ( 39.16013196753240777, -3.499931335448993597, 0.000000000000000000 ) ) ;
#424 = AXIS2_PLACEMENT_3D ( 'NONE', #2783, #984, #2810 ) ;
#425 = CIRCLE ( 'NONE', #3779, 2.000000000000002665 ) ;
#426 = CARTESIAN_POINT ( 'NONE',  ( 30.99999999999998579, -51.00000000000000711, 0.000000000000000000 ) ) ;
#427 = CARTESIAN_POINT ( 'NONE',  ( 30.99999999999998579, -48.60000000000000142, 23.43294756465299500 ) ) ;
#428 = ORIENTED_EDGE ( 'NONE', *, *, #1739, .F. ) ;
#429 = ORIENTED_EDGE ( 'NONE', *, *, #2606, .F. ) ;
#430 = ORIENTED_EDGE ( 'NONE', *, *, #1182, .T. ) ;
#431 = CYLINDRICAL_SURFACE ( 'NONE', #1908, 12.50000000000000355 ) ;
#432 = AXIS2_PLACEMENT_3D ( 'NONE', #2242, #4453, #355 ) ;
#433 = DIRECTION ( 'NONE',  ( 1.000000000000000000, 0.000000000000000000, -0.000000000000000000 ) ) ;
#434 = ORIENTED_EDGE ( 'NONE', *, *, #1284, .T. ) ;
#435 = VERTEX_POINT ( 'NONE', #4937 ) ;
#436 = DIRECTION ( 'NONE',  ( 4.180742545671757368E-15, 4.371140887755362005E-08, 0.9999999999999991118 ) ) ;
#437 = DIRECTION ( 'NONE',  ( 0.9999999999999961142, 8.742277677795539484E-08, -8.002115286624055570E-15 ) ) ;
#438 = ORIENTED_EDGE ( 'NONE', *, *, #1075, .F. ) ;
#439 = FACE_OUTER_BOUND ( 'NONE', #5010, .T. ) ;
#440 = DIRECTION ( 'NONE',  ( -0.000000000000000000, -0.000000000000000000, 1.000000000000000000 ) ) ;
#441 = DIRECTION ( 'NONE',  ( 0.9999999998675463964, -1.627596612567151538E-05, 7.072646676513224198E-13 ) ) ;
#442 = DIRECTION ( 'NONE',  ( 1.000000000000000000, -0.000000000000000000, 0.000000000000000000 ) ) ;
#443 = CARTESIAN_POINT ( 'NONE',  ( -51.70808186218739166, -3.499931335448996261, 3.000000000000000000 ) ) ;
#444 = ORIENTED_EDGE ( 'NONE', *, *, #167, .F. ) ;
#445 = VECTOR ( 'NONE', #2566, 1000.000000000000000 ) ;
#446 = FACE_OUTER_BOUND ( 'NONE', #3946, .T. ) ;
#447 = CARTESIAN_POINT ( 'NONE',  ( -42.83911729986402150, -37.49986974309549481, 1.450000676740692329 ) ) ;
#448 = VECTOR ( 'NONE', #807, 1000.000000000000000 ) ;
#449 = CARTESIAN_POINT ( 'NONE',  ( -30.50012207031303291, -5.499931335448994929, 0.000000000000000000 ) ) ;
#450 = ORIENTED_EDGE ( 'NONE', *, *, #1929, .T. ) ;
#451 = EDGE_CURVE ( 'NONE', #1966, #2442, #3580, .T. ) ;
#452 = LINE ( 'NONE', #2289, #1565 ) ;
#453 = EDGE_LOOP ( 'NONE', ( #2140, #5334, #3119, #1875 ) ) ;
#454 = CARTESIAN_POINT ( 'NONE',  ( 8.999999999999976907, -18.54000000000002757, 1.449999847977603507 ) ) ;
#455 = DIRECTION ( 'NONE',  ( -0.000000000000000000, 0.000000000000000000, -1.000000000000000000 ) ) ;
#456 = VERTEX_POINT ( 'NONE', #839 ) ;
#457 = EDGE_LOOP ( 'NONE', ( #644, #5820, #2150, #5322 ) ) ;
#458 = ORIENTED_EDGE ( 'NONE', *, *, #4290, .T. ) ;
#459 = LINE ( 'NONE', #911, #3721 ) ;
#460 = EDGE_CURVE ( 'NONE', #1396, #1466, #5599, .T. ) ;
#461 = AXIS2_PLACEMENT_3D ( 'NONE', #4549, #4514, #511 ) ;
#462 = EDGE_CURVE ( 'NONE', #479, #4071, #4449, .T. ) ;
#463 = VECTOR ( 'NONE', #5803, 1000.000000000000000 ) ;
#464 = EDGE_CURVE ( 'NONE', #1354, #5269, #5871, .T. ) ;
#465 = VECTOR ( 'NONE', #4586, 1000.000000000000000 ) ;
#466 = DIRECTION ( 'NONE',  ( 0.000000000000000000, -0.000000000000000000, 1.000000000000000000 ) ) ;
#467 = ORIENTED_EDGE ( 'NONE', *, *, #813, .T. ) ;
#468 = ORIENTED_EDGE ( 'NONE', *, *, #1083, .T. ) ;
#469 = LINE ( 'NONE', #1880, #5760 ) ;
#470 = CYLINDRICAL_SURFACE ( 'NONE', #3810, 2.000000000000001776 ) ;
#471 = ORIENTED_EDGE ( 'NONE', *, *, #1599, .F. ) ;
#472 = ADVANCED_FACE ( 'NONE', ( #1670, #1729 ), #378, .F. ) ;
#473 = DIRECTION ( 'NONE',  ( 1.000000000000000000, 0.000000000000000000, -0.000000000000000000 ) ) ;
#474 = DIRECTION ( 'NONE',  ( -1.000000000000000000, 0.000000000000000000, 0.000000000000000000 ) ) ;
#475 = CARTESIAN_POINT ( 'NONE',  ( -13.92494201660204212, -55.62510013580300949, 0.000000000000000000 ) ) ;
#476 = CARTESIAN_POINT ( 'NONE',  ( -42.00000000000000000, 46.00000000000000000, 0.000000000000000000 ) ) ;
#477 = AXIS2_PLACEMENT_3D ( 'NONE', #704, #4804, #4780 ) ;
#478 = CARTESIAN_POINT ( 'NONE',  ( -61.00000000000002132, 61.00000000000000000, 0.000000000000000000 ) ) ;
#479 = VERTEX_POINT ( 'NONE', #5781 ) ;
#480 = CARTESIAN_POINT ( 'NONE',  ( -59.00000000000001421, -21.99999999999998579, 23.43294756465299500 ) ) ;
#481 = VECTOR ( 'NONE', #4352, 1000.000000000000000 ) ;
#482 = CARTESIAN_POINT ( 'NONE',  ( 65.99999999999998579, 61.00000000000004263, 0.000000000000000000 ) ) ;
#483 = CARTESIAN_POINT ( 'NONE',  ( -42.83908474956610490, -7.499931335448994929, 36.80533964865399810 ) ) ;
#484 = EDGE_CURVE ( 'NONE', #1143, #1179, #2073, .T. ) ;
#485 = ORIENTED_EDGE ( 'NONE', *, *, #1737, .T. ) ;
#486 = EDGE_CURVE ( 'NONE', #3082, #4370, #826, .T. ) ;
#487 = CARTESIAN_POINT ( 'NONE',  ( 30.50012016296399153, -5.499931269881894735, 1.449999277977990886 ) ) ;
#488 = ORIENTED_EDGE ( 'NONE', *, *, #4696, .F. ) ;
#489 = LINE ( 'NONE', #394, #1318 ) ;
#490 = LINE ( 'NONE', #2675, #747 ) ;
#491 = ORIENTED_EDGE ( 'NONE', *, *, #3645, .T. ) ;
#492 = EDGE_LOOP ( 'NONE', ( #215, #1252, #2146, #1297, #2103, #1356, #691, #5621 ) ) ;
#493 = EDGE_LOOP ( 'NONE', ( #1374, #4819, #3363, #5775 ) ) ;
#494 = CARTESIAN_POINT ( 'NONE',  ( 39.15983898978230826, -38.50120435546305941, 0.000000000000000000 ) ) ;
#495 = EDGE_CURVE ( 'NONE', #3650, #1115, #1506, .T. ) ;
#496 = CARTESIAN_POINT ( 'NONE',  ( 39.15980643785005100, -40.50120435519815487, 3.000000000000000000 ) ) ;
#497 = EDGE_LOOP ( 'NONE', ( #2421 ) ) ;
#498 = ORIENTED_EDGE ( 'NONE', *, *, #451, .F. ) ;
#499 = EDGE_CURVE ( 'NONE', #4016, #1354, #5405, .T. ) ;
#500 = LINE ( 'NONE', #5454, #145 ) ;
#501 = LINE ( 'NONE', #4120, #265 ) ;
#502 = ORIENTED_EDGE ( 'NONE', *, *, #4901, .T. ) ;
#503 = DIRECTION ( 'NONE',  ( -2.775557561562891351E-15, -1.000000000000000000, 0.000000000000000000 ) ) ;
#504 = VECTOR ( 'NONE', #739, 1000.000000000000000 ) ;
#505 = DIRECTION ( 'NONE',  ( 7.216449660063515935E-15, -0.9999999999999990008, 4.371140888484446938E-08 ) ) ;
#506 = DIRECTION ( 'NONE',  ( -0.000000000000000000, -0.000000000000000000, -1.000000000000000000 ) ) ;
#507 = DIRECTION ( 'NONE',  ( 0.000000000000000000, 0.000000000000000000, -1.000000000000000000 ) ) ;
#508 = DIRECTION ( 'NONE',  ( 1.627596612607036964E-05, 0.9999999998675465074, 0.000000000000000000 ) ) ;
#509 = VERTEX_POINT ( 'NONE', #3128 ) ;
#510 = AXIS2_PLACEMENT_3D ( 'NONE', #1011, #2718, #5018 ) ;
#511 = DIRECTION ( 'NONE',  ( -0.9999999998675465074, 1.627596612545157819E-05, 0.000000000000000000 ) ) ;
#512 = DIRECTION ( 'NONE',  ( -0.000000000000000000, -0.000000000000000000, -1.000000000000000000 ) ) ;
#513 = CARTESIAN_POINT ( 'NONE',  ( -37.42839040353538138, -39.49995780816809798, 1.450000764167336698 ) ) ;
#514 = ORIENTED_EDGE ( 'NONE', *, *, #1704, .T. ) ;
#515 = AXIS2_PLACEMENT_3D ( 'NONE', #3558, #3590, #869 ) ;
#516 = EDGE_CURVE ( 'NONE', #794, #3586, #1788, .T. ) ;
#517 = FACE_OUTER_BOUND ( 'NONE', #5293, .T. ) ;
#518 = DIRECTION ( 'NONE',  ( -0.000000000000000000, -0.000000000000000000, 1.000000000000000000 ) ) ;
#519 = DIRECTION ( 'NONE',  ( 0.9999999998675463964, -1.627596612607036625E-05, 0.000000000000000000 ) ) ;
#520 = VECTOR ( 'NONE', #5217, 1000.000000000000000 ) ;
#521 = ORIENTED_EDGE ( 'NONE', *, *, #5563, .F. ) ;
#522 = VERTEX_POINT ( 'NONE', #2178 ) ;
#523 = AXIS2_PLACEMENT_3D ( 'NONE', #4229, #2351, #105 ) ;
#524 = PLANE ( 'NONE',  #368 ) ;
#525 = CYLINDRICAL_SURFACE ( 'NONE', #4046, 0.5000000000000004441 ) ;
#526 = VERTEX_POINT ( 'NONE', #4478 ) ;
#527 = ORIENTED_EDGE ( 'NONE', *, *, #4660, .F. ) ;
#528 = CARTESIAN_POINT ( 'NONE',  ( 30.50012016296399153, -5.499931269881894735, 1.449999277977990886 ) ) ;
#529 = DIRECTION ( 'NONE',  ( 1.000000000000000000, 0.000000000000000000, 0.000000000000000000 ) ) ;
#530 = ORIENTED_EDGE ( 'NONE', *, *, #3157, .T. ) ;
#531 = VECTOR ( 'NONE', #3767, 1000.000000000000000 ) ;
#532 = EDGE_CURVE ( 'NONE', #4600, #2221, #2271, .T. ) ;
#533 = EDGE_CURVE ( 'NONE', #1561, #4016, #2554, .T. ) ;
#534 = DIRECTION ( 'NONE',  ( -0.9999999998675463964, 1.627596612607036625E-05, 0.000000000000000000 ) ) ;
#535 = CARTESIAN_POINT ( 'NONE',  ( -52.50000000000002132, -21.99999999999998579, 23.43294756465299500 ) ) ;
#536 = DIRECTION ( 'NONE',  ( 0.000000000000000000, -1.000000000000000000, 0.000000000000000000 ) ) ;
#537 = LINE ( 'NONE', #4185, #3003 ) ;
#538 = LINE ( 'NONE', #30, #188 ) ;
#539 = ORIENTED_EDGE ( 'NONE', *, *, #2499, .T. ) ;
#540 = EDGE_CURVE ( 'NONE', #3201, #5602, #5339, .T. ) ;
#541 = EDGE_CURVE ( 'NONE', #908, #1889, #5366, .T. ) ;
#542 = DIRECTION ( 'NONE',  ( -0.000000000000000000, 1.000000000000000000, -0.000000000000000000 ) ) ;
#543 = FACE_OUTER_BOUND ( 'NONE', #2690, .T. ) ;
#544 = CARTESIAN_POINT ( 'NONE',  ( -56.50000000000000711, -41.00000000000000000, 1.450000829736119989 ) ) ;
#545 = ORIENTED_EDGE ( 'NONE', *, *, #2963, .F. ) ;
#546 = AXIS2_PLACEMENT_3D ( 'NONE', #3113, #4492, #1289 ) ;
#547 = VECTOR ( 'NONE', #5180, 1000.000000000000000 ) ;
#548 = CARTESIAN_POINT ( 'NONE',  ( 60.99999999999999289, 66.00000000000002842, 0.000000000000000000 ) ) ;
#549 = CARTESIAN_POINT ( 'NONE',  ( 8.999999999999975131, -13.46000000000002750, 0.000000000000000000 ) ) ;
#550 = CARTESIAN_POINT ( 'NONE',  ( -24.49987792968802580, -5.499931335448994929, 3.000000000000000000 ) ) ;
#551 = VERTEX_POINT ( 'NONE', #4862 ) ;
#552 = ORIENTED_EDGE ( 'NONE', *, *, #2847, .T. ) ;
#553 = CARTESIAN_POINT ( 'NONE',  ( -39.16040865894258616, -37.49992961763273769, 3.000000000000000000 ) ) ;
#554 = CARTESIAN_POINT ( 'NONE',  ( 48.77500172706440651, -40.76931592906048252, 23.43294756465299500 ) ) ;
#555 = ORIENTED_EDGE ( 'NONE', *, *, #5031, .T. ) ;
#556 = CIRCLE ( 'NONE', #461, 7.000000000000002665 ) ;
#557 = ORIENTED_EDGE ( 'NONE', *, *, #2324, .F. ) ;
#558 = CARTESIAN_POINT ( 'NONE',  ( 36.56205575617909176, -1.999931335448999148, 1.449999124988037291 ) ) ;
#559 = DIRECTION ( 'NONE',  ( -1.000000000000000000, 0.000000000000000000, 0.000000000000000000 ) ) ;
#560 = ORIENTED_EDGE ( 'NONE', *, *, #2585, .T. ) ;
#561 = CIRCLE ( 'NONE', #3991, 4.000000000000003553 ) ;
#562 = VECTOR ( 'NONE', #2480, 1000.000000000000000 ) ;
#563 = EDGE_CURVE ( 'NONE', #736, #3923, #5812, .T. ) ;
#564 = VECTOR ( 'NONE', #5001, 1000.000000000000000 ) ;
#565 = CARTESIAN_POINT ( 'NONE',  ( 30.99999999999998579, -51.00000000000000711, 1.450001266849841652 ) ) ;
#566 = VECTOR ( 'NONE', #2227, 1000.000000000000227 ) ;
#567 = PLANE ( 'NONE',  #2282 ) ;
#568 = FACE_OUTER_BOUND ( 'NONE', #3314, .T. ) ;
#569 = CARTESIAN_POINT ( 'NONE',  ( -52.50000000000002132, -5.000000960905656378, 1.449999256125426905 ) ) ;
#570 = LINE ( 'NONE', #3741, #4387 ) ;
#571 = ORIENTED_EDGE ( 'NONE', *, *, #5141, .T. ) ;
#572 = EDGE_CURVE ( 'NONE', #5835, #3158, #1245, .T. ) ;
#573 = LINE ( 'NONE', #2458, #285 ) ;
#574 = VECTOR ( 'NONE', #3437, 1000.000000000000000 ) ;
#575 = LINE ( 'NONE', #5084, #2124 ) ;
#576 = CYLINDRICAL_SURFACE ( 'NONE', #991, 7.999999999999996447 ) ;
#577 = ORIENTED_EDGE ( 'NONE', *, *, #4078, .T. ) ;
#578 = ADVANCED_FACE ( 'NONE', ( #3548 ), #289, .F. ) ;
#579 = VECTOR ( 'NONE', #4723, 1000.000000000000227 ) ;
#580 = DIRECTION ( 'NONE',  ( 0.000000000000000000, -1.000000000000000000, 0.000000000000000000 ) ) ;
#581 = CYLINDRICAL_SURFACE ( 'NONE', #3097, 4.000000000000003553 ) ;
#582 = VERTEX_POINT ( 'NONE', #3271 ) ;
#583 = ORIENTED_EDGE ( 'NONE', *, *, #101, .T. ) ;
#584 = ORIENTED_EDGE ( 'NONE', *, *, #2067, .T. ) ;
#585 = DIRECTION ( 'NONE',  ( 0.000000000000000000, -1.000000000000000000, 0.000000000000000000 ) ) ;
#586 = DIRECTION ( 'NONE',  ( -0.000000000000000000, -0.000000000000000000, 1.000000000000000000 ) ) ;
#587 = ORIENTED_EDGE ( 'NONE', *, *, #3642, .F. ) ;
#588 = VERTEX_POINT ( 'NONE', #769 ) ;
#589 = CARTESIAN_POINT ( 'NONE',  ( -37.42808115996353280, -1.499931335449005809, 1.449999103132642242 ) ) ;
#590 = LINE ( 'NONE', #3431, #481 ) ;
#591 = EDGE_LOOP ( 'NONE', ( #4561, #604, #376, #4527, #4900, #2710 ) ) ;
#592 = ADVANCED_FACE ( 'NONE', ( #2597 ), #4416, .F. ) ;
#593 = DIRECTION ( 'NONE',  ( 1.000000000000000000, 0.000000000000000000, 0.000000000000000000 ) ) ;
#594 = CARTESIAN_POINT ( 'NONE',  ( 39.16013196753240777, -8.499931335448993153, 3.000000000000000000 ) ) ;
#595 = CARTESIAN_POINT ( 'NONE',  ( -30.49987792968801514, -5.499931269881881413, 1.449999277977991108 ) ) ;
#596 = DIRECTION ( 'NONE',  ( 0.000000000000000000, 0.000000000000000000, 1.000000000000000000 ) ) ;
#597 = DIRECTION ( 'NONE',  ( -0.9999999998675463964, 1.627596612607036625E-05, 0.000000000000000000 ) ) ;
#598 = ORIENTED_EDGE ( 'NONE', *, *, #737, .F. ) ;
#599 = VECTOR ( 'NONE', #5375, 1000.000000000000000 ) ;
#600 = DIRECTION ( 'NONE',  ( -4.180742545671762101E-15, -4.371140887755362005E-08, -0.9999999999999992228 ) ) ;
#601 = CARTESIAN_POINT ( 'NONE',  ( 47.02500206014519790, -38.50133236859078067, 0.000000000000000000 ) ) ;
#602 = CARTESIAN_POINT ( 'NONE',  ( 14.95999999999988894, -24.75000000000002132, 1.450000119425427725 ) ) ;
#603 = EDGE_CURVE ( 'NONE', #1361, #3415, #2629, .T. ) ;
#604 = ORIENTED_EDGE ( 'NONE', *, *, #918, .T. ) ;
#605 = VECTOR ( 'NONE', #2839, 1000.000000000000000 ) ;
#606 = EDGE_CURVE ( 'NONE', #1426, #3802, #4088, .T. ) ;
#607 = CARTESIAN_POINT ( 'NONE',  ( 32.99999999999998579, -46.60000000000000853, 23.43294756465299500 ) ) ;
#608 = VECTOR ( 'NONE', #4614, 1000.000000000000000 ) ;
#609 = CARTESIAN_POINT ( 'NONE',  ( 53.13099752524905028, -33.09477641991259134, 0.000000000000000000 ) ) ;
#610 = VERTEX_POINT ( 'NONE', #3395 ) ;
#611 = ORIENTED_EDGE ( 'NONE', *, *, #5195, .F. ) ;
#612 = VERTEX_POINT ( 'NONE', #5428 ) ;
#613 = DIRECTION ( 'NONE',  ( -4.180742545671762101E-15, -4.371140887755362005E-08, -0.9999999999999992228 ) ) ;
#614 = EDGE_CURVE ( 'NONE', #246, #5041, #501, .T. ) ;
#615 = VECTOR ( 'NONE', #617, 1000.000000000000000 ) ;
#616 = AXIS2_PLACEMENT_3D ( 'NONE', #3917, #2931, #182 ) ;
#617 = DIRECTION ( 'NONE',  ( 1.000000000000000000, 0.000000000000000000, -4.180742545671766046E-15 ) ) ;
#618 = ORIENTED_EDGE ( 'NONE', *, *, #5773, .F. ) ;
#619 = ORIENTED_EDGE ( 'NONE', *, *, #3571, .T. ) ;
#620 = DIRECTION ( 'NONE',  ( -1.000000000000000000, 0.000000000000000000, 0.000000000000000000 ) ) ;
#621 = CARTESIAN_POINT ( 'NONE',  ( 14.95999999999997954, -26.50000000000002487, 23.43294756465299500 ) ) ;
#622 = AXIS2_PLACEMENT_3D ( 'NONE', #1887, #2309, #5462 ) ;
#623 = LINE ( 'NONE', #2107, #5793 ) ;
#624 = PLANE ( 'NONE',  #3610 ) ;
#625 = DIRECTION ( 'NONE',  ( -0.000000000000000000, -0.000000000000000000, 1.000000000000000000 ) ) ;
#626 = CARTESIAN_POINT ( 'NONE',  ( 55.67099752524903522, -31.34477664196644398, 0.000000000000000000 ) ) ;
#627 = AXIS2_PLACEMENT_3D ( 'NONE', #2004, #5171, #1070 ) ;
#628 = DIRECTION ( 'NONE',  ( -1.994248318681189754E-16, -1.000000000000000000, 0.000000000000000000 ) ) ;
#629 = DIRECTION ( 'NONE',  ( -0.000000000000000000, 0.000000000000000000, 1.000000000000000000 ) ) ;
#630 = DIRECTION ( 'NONE',  ( 1.982541115402063729E-15, -0.9999999999999991118, 4.371140887245356850E-08 ) ) ;
#631 = DIRECTION ( 'NONE',  ( 1.000000000000000000, 1.994248318681189754E-16, -0.000000000000000000 ) ) ;
#632 = ORIENTED_EDGE ( 'NONE', *, *, #1227, .F. ) ;
#633 = EDGE_CURVE ( 'NONE', #767, #3215, #4179, .T. ) ;
#634 = DIRECTION ( 'NONE',  ( -0.000000000000000000, -0.000000000000000000, -1.000000000000000000 ) ) ;
#635 = CARTESIAN_POINT ( 'NONE',  ( 51.70808186218739166, -3.499931335448996261, 3.000000000000000000 ) ) ;
#636 = LINE ( 'NONE', #1988, #2863 ) ;
#637 = ADVANCED_FACE ( 'NONE', ( #3640 ), #470, .T. ) ;
#638 = ORIENTED_EDGE ( 'NONE', *, *, #3898, .F. ) ;
#639 = VERTEX_POINT ( 'NONE', #4599 ) ;
#640 = CARTESIAN_POINT ( 'NONE',  ( -39.16045748684096850, -40.49992961723538087, 0.000000000000000000 ) ) ;
#641 = FACE_OUTER_BOUND ( 'NONE', #5391, .T. ) ;
#642 = AXIS2_PLACEMENT_3D ( 'NONE', #417, #5822, #4066 ) ;
#643 = ADVANCED_FACE ( 'NONE', ( #2713 ), #4982, .F. ) ;
#644 = ORIENTED_EDGE ( 'NONE', *, *, #2216, .F. ) ;
#645 = VERTEX_POINT ( 'NONE', #1457 ) ;
#646 = CARTESIAN_POINT ( 'NONE',  ( 50.40063686045313318, -32.50138730951373134, 23.43294756465299500 ) ) ;
#647 = LINE ( 'NONE', #1066, #5818 ) ;
#648 = EDGE_CURVE ( 'NONE', #1020, #742, #3036, .T. ) ;
#649 = DIRECTION ( 'NONE',  ( -0.000000000000000000, -0.000000000000000000, 1.000000000000000000 ) ) ;
#650 = DIRECTION ( 'NONE',  ( 1.000000000000000000, 0.000000000000000000, 0.000000000000000000 ) ) ;
#651 = CARTESIAN_POINT ( 'NONE',  ( 51.70808186218739166, -3.499931335448996261, 0.000000000000000000 ) ) ;
#652 = AXIS2_PLACEMENT_3D ( 'NONE', #4260, #2043, #3310 ) ;
#653 = CARTESIAN_POINT ( 'NONE',  ( 14.95999999999997954, -24.75000000000002132, 0.000000000000000000 ) ) ;
#654 = AXIS2_PLACEMENT_3D ( 'NONE', #4896, #1732, #800 ) ;
#655 = FACE_OUTER_BOUND ( 'NONE', #5027, .T. ) ;
#656 = VECTOR ( 'NONE', #1944, 1000.000000000000000 ) ;
#657 = AXIS2_PLACEMENT_3D ( 'NONE', #2794, #1776, #519 ) ;
#658 = CYLINDRICAL_SURFACE ( 'NONE', #191, 2.000000000000001776 ) ;
#659 = DIRECTION ( 'NONE',  ( 0.000000000000000000, 0.000000000000000000, -1.000000000000000000 ) ) ;
#660 = DIRECTION ( 'NONE',  ( -0.000000000000000000, 0.000000000000000000, -1.000000000000000000 ) ) ;
#661 = ORIENTED_EDGE ( 'NONE', *, *, #792, .T. ) ;
#662 = AXIS2_PLACEMENT_3D ( 'NONE', #2689, #891, #831 ) ;
#663 = CARTESIAN_POINT ( 'NONE',  ( 39.15983898978230826, -38.50120435546305941, 0.000000000000000000 ) ) ;
#664 = EDGE_CURVE ( 'NONE', #4000, #2592, #5013, .T. ) ;
#665 = DIRECTION ( 'NONE',  ( -1.627596612567151877E-05, -0.9999999998675465074, 0.000000000000000000 ) ) ;
#666 = ORIENTED_EDGE ( 'NONE', *, *, #331, .T. ) ;
#667 = VECTOR ( 'NONE', #5397, 1000.000000000000000 ) ;
#668 = VERTEX_POINT ( 'NONE', #3703 ) ;
#669 = DIRECTION ( 'NONE',  ( -0.000000000000000000, -0.000000000000000000, -1.000000000000000000 ) ) ;
#670 = EDGE_CURVE ( 'NONE', #2406, #2592, #948, .T. ) ;
#671 = CIRCLE ( 'NONE', #2878, 8.000000000000000000 ) ;
#672 = CARTESIAN_POINT ( 'NONE',  ( -54.50000000000002132, -22.00000000000000355, 1.449999999219343083 ) ) ;
#673 = ORIENTED_EDGE ( 'NONE', *, *, #1590, .F. ) ;
#674 = VERTEX_POINT ( 'NONE', #2777 ) ;
#675 = FACE_OUTER_BOUND ( 'NONE', #3063, .T. ) ;
#676 = DIRECTION ( 'NONE',  ( 0.000000000000000000, -0.000000000000000000, 1.000000000000000000 ) ) ;
#677 = EDGE_CURVE ( 'NONE', #1769, #2730, #3283, .T. ) ;
#678 = EDGE_CURVE ( 'NONE', #2237, #4000, #3611, .T. ) ;
#679 = LINE ( 'NONE', #1042, #5325 ) ;
#680 = CARTESIAN_POINT ( 'NONE',  ( 65.99999999999998579, -65.99999999999998579, 3.000000000000000000 ) ) ;
#681 = DIRECTION ( 'NONE',  ( -0.000000000000000000, -0.000000000000000000, 1.000000000000000000 ) ) ;
#682 = ORIENTED_EDGE ( 'NONE', *, *, #2755, .F. ) ;
#683 = DIRECTION ( 'NONE',  ( -0.9999999998675463964, 1.627596612567151538E-05, -7.072646676513224198E-13 ) ) ;
#684 = LINE ( 'NONE', #2544, #1358 ) ;
#685 = DIRECTION ( 'NONE',  ( 1.000000000000000000, 0.000000000000000000, 0.000000000000000000 ) ) ;
#686 = VERTEX_POINT ( 'NONE', #5074 ) ;
#687 = LINE ( 'NONE', #2039, #2371 ) ;
#688 = AXIS2_PLACEMENT_3D ( 'NONE', #988, #1347, #2313 ) ;
#689 = FACE_OUTER_BOUND ( 'NONE', #5415, .T. ) ;
#690 = ORIENTED_EDGE ( 'NONE', *, *, #1341, .T. ) ;
#691 = ORIENTED_EDGE ( 'NONE', *, *, #4262, .T. ) ;
#692 = FACE_OUTER_BOUND ( 'NONE', #1689, .T. ) ;
#693 = ADVANCED_FACE ( 'NONE', ( #3190 ), #1849, .F. ) ;
#694 = FACE_OUTER_BOUND ( 'NONE', #3263, .T. ) ;
#695 = EDGE_LOOP ( 'NONE', ( #5167 ) ) ;
#696 = ORIENTED_EDGE ( 'NONE', *, *, #5451, .T. ) ;
#697 = CARTESIAN_POINT ( 'NONE',  ( 50.52500172706440651, -40.76931592906048962, 0.000000000000000000 ) ) ;
#698 = FACE_OUTER_BOUND ( 'NONE', #2834, .T. ) ;
#699 = AXIS2_PLACEMENT_3D ( 'NONE', #4916, #2589, #1237 ) ;
#700 = AXIS2_PLACEMENT_3D ( 'NONE', #4038, #1711, #1254 ) ;
#701 = CARTESIAN_POINT ( 'NONE',  ( 39.16013196753240777, -10.49993133544899493, 1.449999496535001819 ) ) ;
#702 = CARTESIAN_POINT ( 'NONE',  ( 2.074954986571962312, -58.82508182525602081, 1.450001608895315375 ) ) ;
#703 = ORIENTED_EDGE ( 'NONE', *, *, #5778, .F. ) ;
#704 = CARTESIAN_POINT ( 'NONE',  ( 43.50000000000000000, 49.50000000000000711, 1.500000000000000000 ) ) ;
#705 = VERTEX_POINT ( 'NONE', #2744 ) ;
#706 = VECTOR ( 'NONE', #3740, 999.9999999999998863 ) ;
#707 = EDGE_CURVE ( 'NONE', #5853, #1361, #1036, .T. ) ;
#708 = EDGE_CURVE ( 'NONE', #2179, #362, #4568, .T. ) ;
#709 = AXIS2_PLACEMENT_3D ( 'NONE', #1604, #3430, #4687 ) ;
#710 = VECTOR ( 'NONE', #5354, 1000.000000000000000 ) ;
#711 = CARTESIAN_POINT ( 'NONE',  ( 43.99999999999998579, -46.60000000000000142, 0.000000000000000000 ) ) ;
#712 = CARTESIAN_POINT ( 'NONE',  ( 65.99999999999998579, 61.00000000000004263, 3.000000000000000000 ) ) ;
#713 = DIRECTION ( 'NONE',  ( 0.000000000000000000, 0.9999999999999991118, -4.371140887755362005E-08 ) ) ;
#714 = EDGE_CURVE ( 'NONE', #2170, #2080, #5486, .T. ) ;
#715 = EDGE_LOOP ( 'NONE', ( #438, #2796, #4689, #5157, #1121, #1714, #1311, #5722 ) ) ;
#716 = EDGE_CURVE ( 'NONE', #5446, #1541, #5419, .T. ) ;
#717 = AXIS2_PLACEMENT_3D ( 'NONE', #5549, #921, #3615 ) ;
#718 = ADVANCED_FACE ( 'NONE', ( #2362 ), #1398, .F. ) ;
#719 = DIRECTION ( 'NONE',  ( -4.180742545671762101E-15, -4.371140887755362005E-08, -0.9999999999999992228 ) ) ;
#720 = DIRECTION ( 'NONE',  ( 0.9999999999999961142, 8.742277677795539484E-08, -8.002115286624055570E-15 ) ) ;
#721 = PERSON_AND_ORGANIZATION ( #1383, #365 ) ;
#722 = ORIENTED_EDGE ( 'NONE', *, *, #4740, .F. ) ;
#723 = ORIENTED_EDGE ( 'NONE', *, *, #4711, .T. ) ;
#724 = LINE ( 'NONE', #5378, #5586 ) ;
#725 = DIRECTION ( 'NONE',  ( -0.000000000000000000, -0.000000000000000000, 1.000000000000000000 ) ) ;
#726 = ORIENTED_EDGE ( 'NONE', *, *, #1495, .F. ) ;
#727 = ORIENTED_EDGE ( 'NONE', *, *, #2709, .F. ) ;
#728 = FACE_OUTER_BOUND ( 'NONE', #4111, .T. ) ;
#729 = ORIENTED_EDGE ( 'NONE', *, *, #4444, .T. ) ;
#730 = VECTOR ( 'NONE', #2236, 1000.000000000000000 ) ;
#731 = VECTOR ( 'NONE', #3920, 1000.000000000000000 ) ;
#732 = CARTESIAN_POINT ( 'NONE',  ( -57.00000000000000000, -2.999999999999999112, 23.43294756465299500 ) ) ;
#733 = ORIENTED_EDGE ( 'NONE', *, *, #1016, .F. ) ;
#734 = CARTESIAN_POINT ( 'NONE',  ( 30.49987792968802225, -35.50007057189900195, 36.80533964865399810 ) ) ;
#735 = DIRECTION ( 'NONE',  ( 4.180742545671762101E-15, 4.371140887755362005E-08, 0.9999999999999992228 ) ) ;
#736 = VERTEX_POINT ( 'NONE', #2024 ) ;
#737 = EDGE_CURVE ( 'NONE', #1115, #2508, #1538, .T. ) ;
#738 = CARTESIAN_POINT ( 'NONE',  ( 13.53999999999997783, -13.46000000000002927, 0.000000000000000000 ) ) ;
#739 = DIRECTION ( 'NONE',  ( -0.000000000000000000, -0.000000000000000000, -1.000000000000000000 ) ) ;
#740 = CARTESIAN_POINT ( 'NONE',  ( 47.02500206014519790, -37.50133236845832840, 0.000000000000000000 ) ) ;
#741 = DIRECTION ( 'NONE',  ( 0.000000000000000000, -1.000000000000000000, 0.000000000000000000 ) ) ;
#742 = VERTEX_POINT ( 'NONE', #5605 ) ;
#743 = AXIS2_PLACEMENT_3D ( 'NONE', #1977, #4749, #3959 ) ;
#744 = ADVANCED_FACE ( 'NONE', ( #4745 ), #3876, .F. ) ;
#745 = AXIS2_PLACEMENT_3D ( 'NONE', #2117, #5751, #3040 ) ;
#746 = AXIS2_PLACEMENT_3D ( 'NONE', #2395, #2001, #3319 ) ;
#747 = VECTOR ( 'NONE', #965, 1000.000000000000000 ) ;
#748 = AXIS2_PLACEMENT_3D ( 'NONE', #5888, #3117, #1807 ) ;
#749 = PLANE ( 'NONE',  #5314 ) ;
#750 = CIRCLE ( 'NONE', #4098, 1.000000000000000888 ) ;
#751 = ADVANCED_FACE ( 'NONE', ( #3316 ), #169, .F. ) ;
#752 = CARTESIAN_POINT ( 'NONE',  ( 39.16013196753240777, -7.499931335448996705, 3.000000000000000000 ) ) ;
#753 = PERSON_AND_ORGANIZATION_ROLE ( 'classification_officer' ) ;
#754 = EDGE_LOOP ( 'NONE', ( #1381, #2234, #4680, #1472 ) ) ;
#755 = ORIENTED_EDGE ( 'NONE', *, *, #4703, .F. ) ;
#756 = DIRECTION ( 'NONE',  ( -0.000000000000000000, -0.000000000000000000, -1.000000000000000000 ) ) ;
#757 = DIRECTION ( 'NONE',  ( -1.000000000000000000, 0.000000000000000000, 0.000000000000000000 ) ) ;
#758 = ORIENTED_EDGE ( 'NONE', *, *, #2837, .T. ) ;
#759 = CIRCLE ( 'NONE', #954, 3.000000000000002665 ) ;
#760 = FACE_OUTER_BOUND ( 'NONE', #4466, .T. ) ;
#761 = DIRECTION ( 'NONE',  ( 1.994248318681189754E-16, -1.000000000000000000, 0.000000000000000000 ) ) ;
#762 = ORIENTED_EDGE ( 'NONE', *, *, #4801, .F. ) ;
#763 = ORIENTED_EDGE ( 'NONE', *, *, #14, .T. ) ;
#764 = ORIENTED_EDGE ( 'NONE', *, *, #4912, .F. ) ;
#765 = APPLICATION_CONTEXT ( 'configuration controlled 3d designs of mechanical parts and assemblies' ) ;
#766 = DIRECTION ( 'NONE',  ( 0.000000000000000000, 0.000000000000000000, -1.000000000000000000 ) ) ;
#767 = VERTEX_POINT ( 'NONE', #5686 ) ;
#768 = DIRECTION ( 'NONE',  ( -0.000000000000000000, -0.000000000000000000, 1.000000000000000000 ) ) ;
#769 = CARTESIAN_POINT ( 'NONE',  ( -52.50000000000002132, -21.99999999999998579, 0.000000000000000000 ) ) ;
#770 = ORIENTED_EDGE ( 'NONE', *, *, #2132, .T. ) ;
#771 = ADVANCED_FACE ( 'NONE', ( #698 ), #1605, .F. ) ;
#772 = CARTESIAN_POINT ( 'NONE',  ( 0.000000000000000000, -15.99999999999998579, 0.000000000000000000 ) ) ;
#773 = DIRECTION ( 'NONE',  ( 1.000000000000000000, 0.000000000000000000, -0.000000000000000000 ) ) ;
#774 = CARTESIAN_POINT ( 'NONE',  ( 51.70808186218739166, -7.499931335448993153, 3.000000000000000000 ) ) ;
#775 = CYLINDRICAL_SURFACE ( 'NONE', #662, 1.750000000000001554 ) ;
#776 = ORIENTED_EDGE ( 'NONE', *, *, #5254, .F. ) ;
#777 = DIRECTION ( 'NONE',  ( 0.000000000000000000, -0.000000000000000000, -1.000000000000000000 ) ) ;
#778 = CARTESIAN_POINT ( 'NONE',  ( -39.16042493490871124, -38.49992961750028542, 3.000000000000000000 ) ) ;
#779 = APPROVAL_ROLE ( '' ) ;
#780 = ORIENTED_EDGE ( 'NONE', *, *, #2169, .F. ) ;
#781 = ORIENTED_EDGE ( 'NONE', *, *, #5807, .F. ) ;
#782 = DIRECTION ( 'NONE',  ( 1.000000000000000000, -1.994248318681189754E-16, 0.000000000000000000 ) ) ;
#783 = EDGE_CURVE ( 'NONE', #2920, #5789, #4965, .T. ) ;
#784 = CARTESIAN_POINT ( 'NONE',  ( 50.40063686045313318, -32.50138730951373134, 0.000000000000000000 ) ) ;
#785 = ORIENTED_EDGE ( 'NONE', *, *, #5254, .T. ) ;
#786 = LINE ( 'NONE', #202, #4948 ) ;
#787 = LINE ( 'NONE', #3088, #2286 ) ;
#788 = ORIENTED_EDGE ( 'NONE', *, *, #918, .F. ) ;
#789 = EDGE_LOOP ( 'NONE', ( #3162 ) ) ;
#790 = ORIENTED_EDGE ( 'NONE', *, *, #4740, .T. ) ;
#791 = VECTOR ( 'NONE', #1462, 1000.000000000000000 ) ;
#792 = EDGE_CURVE ( 'NONE', #2080, #4535, #2492, .T. ) ;
#793 = DIRECTION ( 'NONE',  ( -0.000000000000000000, 1.000000000000000000, -0.000000000000000000 ) ) ;
#794 = VERTEX_POINT ( 'NONE', #4266 ) ;
#795 = VECTOR ( 'NONE', #2349, 1000.000000000000000 ) ;
#796 = DIRECTION ( 'NONE',  ( 1.000000000000000000, 0.000000000000000000, -0.000000000000000000 ) ) ;
#797 = CARTESIAN_POINT ( 'NONE',  ( -30.49987792968802225, -5.499931335448994929, 1.449999277978248680 ) ) ;
#798 = ORIENTED_EDGE ( 'NONE', *, *, #4163, .T. ) ;
#799 = VECTOR ( 'NONE', #1078, 1000.000000000000227 ) ;
#800 = DIRECTION ( 'NONE',  ( -1.000000000000000000, 0.000000000000000000, -0.000000000000000000 ) ) ;
#801 = CARTESIAN_POINT ( 'NONE',  ( 30.50012016296399153, -5.499931269881894735, 1.449999277977990886 ) ) ;
#802 = LINE ( 'NONE', #3974, #4921 ) ;
#803 = VECTOR ( 'NONE', #1228, 1000.000000000000227 ) ;
#804 = DIRECTION ( 'NONE',  ( -1.000000000000000000, 0.000000000000000000, 0.000000000000000000 ) ) ;
#805 = EDGE_LOOP ( 'NONE', ( #1705, #4293, #5225, #56, #5075, #4019, #1096, #2866, #4429, #661 ) ) ;
#806 = CIRCLE ( 'NONE', #622, 1.000000000000000888 ) ;
#807 = DIRECTION ( 'NONE',  ( -0.000000000000000000, -0.000000000000000000, -1.000000000000000000 ) ) ;
#808 = CARTESIAN_POINT ( 'NONE',  ( 51.70808186218739166, -2.499931335448996261, 0.000000000000000000 ) ) ;
#809 = PERSON_AND_ORGANIZATION ( #1383, #365 ) ;
#810 = ORIENTED_EDGE ( 'NONE', *, *, #3602, .F. ) ;
#811 = AXIS2_PLACEMENT_3D ( 'NONE', #5836, #3909, #853 ) ;
#812 = DIRECTION ( 'NONE',  ( 1.000000000000000000, 0.000000000000000000, -4.180742545671766046E-15 ) ) ;
#813 = EDGE_CURVE ( 'NONE', #5766, #3415, #2582, .T. ) ;
#814 = PLANE ( 'NONE',  #4240 ) ;
#815 = VERTEX_POINT ( 'NONE', #1998 ) ;
#816 = DIRECTION ( 'NONE',  ( 1.000000000000000000, 0.000000000000000000, 0.000000000000000000 ) ) ;
#817 = DIRECTION ( 'NONE',  ( -0.9999999998675463964, 1.627596612587094081E-05, 0.000000000000000000 ) ) ;
#818 = VERTEX_POINT ( 'NONE', #4320 ) ;
#819 = EDGE_LOOP ( 'NONE', ( #257, #5259, #2294, #733 ) ) ;
#820 = VERTEX_POINT ( 'NONE', #2503 ) ;
#821 = EDGE_CURVE ( 'NONE', #2442, #1489, #590, .T. ) ;
#822 = CARTESIAN_POINT ( 'NONE',  ( -42.83908474956610490, -7.499931335448994929, 0.000000000000000000 ) ) ;
#823 = ORIENTED_EDGE ( 'NONE', *, *, #5768, .T. ) ;
#824 = EDGE_CURVE ( 'NONE', #5730, #3650, #3348, .T. ) ;
#825 = CARTESIAN_POINT ( 'NONE',  ( 50.52500206014519790, -33.14931592906049218, 23.43294756465299500 ) ) ;
#826 = LINE ( 'NONE', #4026, #4837 ) ;
#827 = ORIENTED_EDGE ( 'NONE', *, *, #821, .T. ) ;
#828 = CARTESIAN_POINT ( 'NONE',  ( -13.92494201660204212, -53.87510013580300949, 23.43294756465299500 ) ) ;
#829 = CARTESIAN_POINT ( 'NONE',  ( -51.70808186218739166, -7.499931335448993153, 3.000000000000000000 ) ) ;
#830 = CARTESIAN_POINT ( 'NONE',  ( -39.16032727911298394, -32.49992961829499905, 1.450000458186249563 ) ) ;
#831 = DIRECTION ( 'NONE',  ( -1.000000000000000000, 0.000000000000000000, 0.000000000000000000 ) ) ;
#832 = EDGE_LOOP ( 'NONE', ( #4700, #1749, #5054, #1493, #1200, #4180, #5833, #2391 ) ) ;
#833 = CARTESIAN_POINT ( 'NONE',  ( 8.999999999999975131, -13.46000000000002750, 0.000000000000000000 ) ) ;
#834 = CIRCLE ( 'NONE', #743, 3.000000000000000888 ) ;
#835 = CARTESIAN_POINT ( 'NONE',  ( -36.56235686188259137, -38.99997190363446720, 3.000000000000000000 ) ) ;
#836 = CIRCLE ( 'NONE', #1609, 2.999999999999998668 ) ;
#837 = CIRCLE ( 'NONE', #85, 2.000000000000001776 ) ;
#838 = ORIENTED_EDGE ( 'NONE', *, *, #1484, .T. ) ;
#839 = CARTESIAN_POINT ( 'NONE',  ( 42.00000000000000000, 42.66260283441133083, 1.500000000000000000 ) ) ;
#840 = AXIS2_PLACEMENT_3D ( 'NONE', #1931, #4169, #5121 ) ;
#841 = ADVANCED_FACE ( 'NONE', ( #4797 ), #2420, .T. ) ;
#842 = AXIS2_PLACEMENT_3D ( 'NONE', #4884, #248, #3987 ) ;
#843 = LINE ( 'NONE', #2257, #4040 ) ;
#844 = ORIENTED_EDGE ( 'NONE', *, *, #2911, .T. ) ;
#845 = CIRCLE ( 'NONE', #3433, 2.000000000000001776 ) ;
#846 = CARTESIAN_POINT ( 'NONE',  ( 42.83864707157683682, -37.50126423148633847, 0.000000000000000000 ) ) ;
#847 = CARTESIAN_POINT ( 'NONE',  ( 37.42777190647672825, -39.50117616453032809, 1.450000764220279903 ) ) ;
#848 = EDGE_CURVE ( 'NONE', #5868, #3256, #671, .T. ) ;
#849 = VERTEX_POINT ( 'NONE', #5166 ) ;
#850 = ORIENTED_EDGE ( 'NONE', *, *, #4134, .F. ) ;
#851 = EDGE_LOOP ( 'NONE', ( #5572, #4923, #1363, #3016, #5764, #3010 ) ) ;
#852 = AXIS2_PLACEMENT_3D ( 'NONE', #3075, #2722, #1793 ) ;
#853 = DIRECTION ( 'NONE',  ( 0.000000000000000000, -0.9999999999999990008, 4.371140884147639571E-08 ) ) ;
#854 = EDGE_CURVE ( 'NONE', #2233, #1179, #647, .T. ) ;
#855 = ORIENTED_EDGE ( 'NONE', *, *, #3795, .F. ) ;
#856 = CARTESIAN_POINT ( 'NONE',  ( -57.00000000000000000, -24.00000000000000000, 0.000000000000000000 ) ) ;
#857 = CARTESIAN_POINT ( 'NONE',  ( 30.49987792968802225, -35.50007057189900195, 1.450000589326344569 ) ) ;
#858 = VERTEX_POINT ( 'NONE', #4295 ) ;
#859 = VECTOR ( 'NONE', #5750, 1000.000000000000000 ) ;
#860 = CIRCLE ( 'NONE', #4207, 4.000000000000003553 ) ;
#861 = ADVANCED_FACE ( 'NONE', ( #3761 ), #2974, .F. ) ;
#862 = CARTESIAN_POINT ( 'NONE',  ( 0.000000000000000000, 0.000000000000000000, 0.000000000000000000 ) ) ;
#863 = LINE ( 'NONE', #1733, #25 ) ;
#864 = FACE_BOUND ( 'NONE', #3661, .T. ) ;
#865 = CARTESIAN_POINT ( 'NONE',  ( 37.43782217350893404, 50.00000000000002842, 0.000000000000000000 ) ) ;
#866 = ORIENTED_EDGE ( 'NONE', *, *, #2835, .T. ) ;
#867 = ADVANCED_FACE ( 'NONE', ( #1548 ), #1492, .F. ) ;
#868 = DIRECTION ( 'NONE',  ( 0.000000000000000000, 0.000000000000000000, -1.000000000000000000 ) ) ;
#869 = DIRECTION ( 'NONE',  ( 1.000000000000000000, 0.000000000000000000, 0.000000000000000000 ) ) ;
#870 = ORIENTED_EDGE ( 'NONE', *, *, #104, .T. ) ;
#871 = DIRECTION ( 'NONE',  ( 0.000000000000000000, 0.000000000000000000, 1.000000000000000000 ) ) ;
#872 = ORIENTED_EDGE ( 'NONE', *, *, #4434, .T. ) ;
#873 = CARTESIAN_POINT ( 'NONE',  ( 37.99999999999998579, 50.00000000000002842, 3.000000000000000000 ) ) ;
#874 = CARTESIAN_POINT ( 'NONE',  ( 38.00000000000000000, 28.00000000000002842, 3.000000000000000000 ) ) ;
#875 = ORIENTED_EDGE ( 'NONE', *, *, #1726, .F. ) ;
#876 = ORIENTED_EDGE ( 'NONE', *, *, #1739, .T. ) ;
#877 = EDGE_LOOP ( 'NONE', ( #4802, #2573, #1960, #938, #5377, #1589 ) ) ;
#878 = FACE_OUTER_BOUND ( 'NONE', #2622, .T. ) ;
#879 = CARTESIAN_POINT ( 'NONE',  ( -39.16013196753240777, -8.499931335448993153, 1.449999409112511684 ) ) ;
#880 = ORIENTED_EDGE ( 'NONE', *, *, #1556, .F. ) ;
#881 = ORIENTED_EDGE ( 'NONE', *, *, #3417, .T. ) ;
#882 = CARTESIAN_POINT ( 'NONE',  ( -51.70808186218739166, -7.999931335448993153, 0.000000000000000000 ) ) ;
#883 = DIRECTION ( 'NONE',  ( 1.000000000000000000, 0.000000000000000000, 0.000000000000000000 ) ) ;
#884 = VERTEX_POINT ( 'NONE', #4783 ) ;
#885 = CARTESIAN_POINT ( 'NONE',  ( 39.16013196753240777, -2.499931335448995373, 3.000000000000000000 ) ) ;
#886 = AXIS2_PLACEMENT_3D ( 'NONE', #1445, #4227, #5120 ) ;
#887 = DIRECTION ( 'NONE',  ( 0.000000000000000000, -1.000000000000000000, 0.000000000000000000 ) ) ;
#888 = CARTESIAN_POINT ( 'NONE',  ( -55.00000000000000000, 55.00000000000000711, 3.000000000000000000 ) ) ;
#889 = LINE ( 'NONE', #4545, #4051 ) ;
#890 = EDGE_CURVE ( 'NONE', #5645, #1777, #860, .T. ) ;
#891 = DIRECTION ( 'NONE',  ( -0.000000000000000000, -0.000000000000000000, -1.000000000000000000 ) ) ;
#892 = VERTEX_POINT ( 'NONE', #1981 ) ;
#893 = AXIS2_PLACEMENT_3D ( 'NONE', #4950, #3545, #3461 ) ;
#894 = CARTESIAN_POINT ( 'NONE',  ( -39.16013196753240777, -2.499931335448995373, 3.000000000000000000 ) ) ;
#895 = AXIS2_PLACEMENT_3D ( 'NONE', #4067, #4935, #1286 ) ;
#896 = DIRECTION ( 'NONE',  ( 0.000000000000000000, -0.000000000000000000, -1.000000000000000000 ) ) ;
#897 = EDGE_CURVE ( 'NONE', #3507, #1304, #4221, .T. ) ;
#898 = CARTESIAN_POINT ( 'NONE',  ( -57.50000000000001421, -34.70000000000000995, 23.43294756465299500 ) ) ;
#899 = EDGE_CURVE ( 'NONE', #5707, #5303, #1017, .T. ) ;
#900 = ORIENTED_EDGE ( 'NONE', *, *, #1731, .T. ) ;
#901 = EDGE_CURVE ( 'NONE', #479, #4918, #3804, .T. ) ;
#902 = VECTOR ( 'NONE', #3373, 1000.000000000000000 ) ;
#903 = CARTESIAN_POINT ( 'NONE',  ( 14.95999999999997954, -24.75000000000002132, 1.450000119425427725 ) ) ;
#904 = ORIENTED_EDGE ( 'NONE', *, *, #5502, .T. ) ;
#905 = CC_DESIGN_PERSON_AND_ORGANIZATION_ASSIGNMENT ( #1624, #753, ( #5048 ) ) ;
#906 = CARTESIAN_POINT ( 'NONE',  ( -37.42808115996353280, -9.499931335448994929, 3.000000000000000000 ) ) ;
#907 = LINE ( 'NONE', #3180, #4091 ) ;
#908 = VERTEX_POINT ( 'NONE', #5693 ) ;
#909 = EDGE_LOOP ( 'NONE', ( #4511, #4258, #5557, #5742 ) ) ;
#910 = ORIENTED_EDGE ( 'NONE', *, *, #2067, .F. ) ;
#911 = CARTESIAN_POINT ( 'NONE',  ( 36.56175464079005621, -39.00116206919642536, 0.000000000000000000 ) ) ;
#912 = PLANE ( 'NONE',  #1953 ) ;
#913 = EDGE_LOOP ( 'NONE', ( #1794 ) ) ;
#914 = VERTEX_POINT ( 'NONE', #3440 ) ;
#915 = FACE_OUTER_BOUND ( 'NONE', #1511, .T. ) ;
#916 = CARTESIAN_POINT ( 'NONE',  ( -30.49987792968801514, -5.499931269881881413, 1.449999277977991108 ) ) ;
#917 = EDGE_LOOP ( 'NONE', ( #5129, #1727, #5813, #3301 ) ) ;
#918 = EDGE_CURVE ( 'NONE', #742, #2775, #573, .T. ) ;
#919 = CARTESIAN_POINT ( 'NONE',  ( 42.83903402873245625, -33.50126423725462388, 36.80533964865399810 ) ) ;
#920 = CARTESIAN_POINT ( 'NONE',  ( -37.99999999999997158, 24.00000000000002842, 0.000000000000000000 ) ) ;
#921 = DIRECTION ( 'NONE',  ( -4.180742545671762101E-15, -4.371140887755362005E-08, -0.9999999999999992228 ) ) ;
#922 = CARTESIAN_POINT ( 'NONE',  ( -51.70808186218739166, -8.499931335448993153, 3.000000000000000000 ) ) ;
#923 = DIRECTION ( 'NONE',  ( 4.180742545671757368E-15, 4.371140887755362005E-08, 0.9999999999999991118 ) ) ;
#924 = EDGE_CURVE ( 'NONE', #4074, #818, #5668, .T. ) ;
#925 = EDGE_LOOP ( 'NONE', ( #780, #723, #4756, #1910 ) ) ;
#926 = CARTESIAN_POINT ( 'NONE',  ( 43.50000000000000000, 20.50000000000001066, 0.000000000000000000 ) ) ;
#927 = CARTESIAN_POINT ( 'NONE',  ( -39.16013196753240777, -10.49993133544899493, 3.000000000000000000 ) ) ;
#928 = CIRCLE ( 'NONE', #642, 2.000000000000001776 ) ;
#929 = CARTESIAN_POINT ( 'NONE',  ( -39.16013196753240777, -8.499931335448993153, 0.000000000000000000 ) ) ;
#930 = EDGE_CURVE ( 'NONE', #4071, #2086, #1724, .T. ) ;
#931 = ORIENTED_EDGE ( 'NONE', *, *, #5749, .F. ) ;
#932 = EDGE_CURVE ( 'NONE', #4890, #2495, #4275, .T. ) ;
#933 = PLANE ( 'NONE',  #1408 ) ;
#934 = ORIENTED_EDGE ( 'NONE', *, *, #2835, .F. ) ;
#935 = CIRCLE ( 'NONE', #4279, 3.499999999999999112 ) ;
#936 = CARTESIAN_POINT ( 'NONE',  ( -39.16029472717970350, -30.49992961855991069, 1.450000370763431690 ) ) ;
#937 = CARTESIAN_POINT ( 'NONE',  ( 52.20779702069211226, -38.00141672351978883, 0.000000000000000000 ) ) ;
#938 = ORIENTED_EDGE ( 'NONE', *, *, #1922, .T. ) ;
#939 = ORIENTED_EDGE ( 'NONE', *, *, #5233, .F. ) ;
#940 = EDGE_LOOP ( 'NONE', ( #5429, #3807, #3902, #429 ) ) ;
#941 = CARTESIAN_POINT ( 'NONE',  ( -39.16045748684096850, -40.49992961723538087, 1.450000807877520614 ) ) ;
#942 = VECTOR ( 'NONE', #1924, 1000.000000000000000 ) ;
#943 = AXIS2_PLACEMENT_3D ( 'NONE', #1087, #5321, #2100 ) ;
#944 = DIRECTION ( 'NONE',  ( -0.000000000000000000, -0.000000000000000000, 1.000000000000000000 ) ) ;
#945 = ORIENTED_EDGE ( 'NONE', *, *, #1209, .T. ) ;
#946 = ORIENTED_EDGE ( 'NONE', *, *, #5089, .T. ) ;
#947 = LINE ( 'NONE', #2361, #4814 ) ;
#948 = LINE ( 'NONE', #2833, #1224 ) ;
#949 = VERTEX_POINT ( 'NONE', #2403 ) ;
#950 = CARTESIAN_POINT ( 'NONE',  ( -66.00000000000001421, -61.00000000000000711, 0.000000000000000000 ) ) ;
#951 = LINE ( 'NONE', #3165, #2698 ) ;
#952 = DIRECTION ( 'NONE',  ( -0.000000000000000000, -0.000000000000000000, -1.000000000000000000 ) ) ;
#953 = LINE ( 'NONE', #569, #706 ) ;
#954 = AXIS2_PLACEMENT_3D ( 'NONE', #1373, #120, #1828 ) ;
#955 = CARTESIAN_POINT ( 'NONE',  ( -39.16034355507807874, -33.49992961816254677, 3.000000000000000000 ) ) ;
#956 = ORIENTED_EDGE ( 'NONE', *, *, #5031, .F. ) ;
#957 = ADVANCED_FACE ( 'NONE', ( #3835 ), #2431, .F. ) ;
#958 = CARTESIAN_POINT ( 'NONE',  ( -51.70808186218739166, -7.999931335448993153, 0.000000000000000000 ) ) ;
#959 = VECTOR ( 'NONE', #4419, 1000.000000000000000 ) ;
#960 = CARTESIAN_POINT ( 'NONE',  ( -13.92494201660204212, -57.37510013580300949, 23.43294756465299500 ) ) ;
#961 = CARTESIAN_POINT ( 'NONE',  ( 51.70780515874140804, -37.50140858560294532, 3.000000000000000000 ) ) ;
#962 = ORIENTED_EDGE ( 'NONE', *, *, #5578, .T. ) ;
#963 = CARTESIAN_POINT ( 'NONE',  ( 30.99999999999998579, -48.99081265880478497, 1.450001179025433906 ) ) ;
#964 = FACE_OUTER_BOUND ( 'NONE', #2254, .T. ) ;
#965 = DIRECTION ( 'NONE',  ( 0.000000000000000000, -0.000000000000000000, 1.000000000000000000 ) ) ;
#966 = EDGE_CURVE ( 'NONE', #1984, #1769, #1134, .T. ) ;
#967 = ORIENTED_EDGE ( 'NONE', *, *, #4296, .T. ) ;
#968 = EDGE_LOOP ( 'NONE', ( #1243, #3918, #2812, #810 ) ) ;
#969 = CARTESIAN_POINT ( 'NONE',  ( 53.13099752524905028, -29.59477641991259489, 23.43294756465299500 ) ) ;
#970 = EDGE_CURVE ( 'NONE', #2320, #4858, #1055, .T. ) ;
#971 = CARTESIAN_POINT ( 'NONE',  ( -61.00000000000001421, 66.00000000000000000, 3.000000000000000000 ) ) ;
#972 = EDGE_CURVE ( 'NONE', #2267, #3910, #4752, .T. ) ;
#973 = ORIENTED_EDGE ( 'NONE', *, *, #5146, .T. ) ;
#974 = VERTEX_POINT ( 'NONE', #1616 ) ;
#975 = DIRECTION ( 'NONE',  ( -1.000000000000000000, -3.414809992080327544E-16, 0.000000000000000000 ) ) ;
#976 = CARTESIAN_POINT ( 'NONE',  ( 43.99999999999998579, -51.00000000000000711, 0.000000000000000000 ) ) ;
#977 = ORIENTED_EDGE ( 'NONE', *, *, #4465, .F. ) ;
#978 = ADVANCED_FACE ( 'NONE', ( #206 ), #658, .F. ) ;
#979 = ADVANCED_FACE ( 'NONE', ( #2487 ), #1950, .F. ) ;
#980 = DIRECTION ( 'NONE',  ( -0.000000000000000000, -0.000000000000000000, 1.000000000000000000 ) ) ;
#981 = VECTOR ( 'NONE', #207, 1000.000000000000000 ) ;
#982 = LINE ( 'NONE', #2781, #3377 ) ;
#983 = CARTESIAN_POINT ( 'NONE',  ( -53.50000000000002132, -39.99999999999999289, 0.000000000000000000 ) ) ;
#984 = DIRECTION ( 'NONE',  ( -0.000000000000000000, -0.000000000000000000, 1.000000000000000000 ) ) ;
#985 = DIRECTION ( 'NONE',  ( -4.180742545671762101E-15, -4.371140887755362005E-08, -0.9999999999999992228 ) ) ;
#986 = ORIENTED_EDGE ( 'NONE', *, *, #5392, .T. ) ;
#987 = DIRECTION ( 'NONE',  ( 1.000000000000000000, 0.000000000000000000, -0.000000000000000000 ) ) ;
#988 = CARTESIAN_POINT ( 'NONE',  ( 39.16013196753240777, -10.49993133544899493, 3.000000000000000000 ) ) ;
#989 = CARTESIAN_POINT ( 'NONE',  ( -61.00000000000001421, -66.00000000000000000, 3.000000000000000000 ) ) ;
#990 = EDGE_LOOP ( 'NONE', ( #4378, #4963, #2681, #5712, #2733, #3076, #3868, #3963, #946, #412, #3924, #3930, #430, #3874 ) ) ;
#991 = AXIS2_PLACEMENT_3D ( 'NONE', #5592, #1051, #3330 ) ;
#992 = DIRECTION ( 'NONE',  ( 0.9999999999999961142, 8.742277677795539484E-08, -8.002115286624055570E-15 ) ) ;
#993 = CYLINDRICAL_SURFACE ( 'NONE', #5580, 2.000000000000001776 ) ;
#994 = VERTEX_POINT ( 'NONE', #5537 ) ;
#995 = AXIS2_PLACEMENT_3D ( 'NONE', #4052, #5867, #5511 ) ;
#996 = VERTEX_POINT ( 'NONE', #2849 ) ;
#997 = VERTEX_POINT ( 'NONE', #153 ) ;
#998 = VECTOR ( 'NONE', #1114, 1000.000000000000000 ) ;
#999 = DIRECTION ( 'NONE',  ( -4.180742545671762101E-15, -4.371140887755362005E-08, -0.9999999999999992228 ) ) ;
#1000 = ADVANCED_FACE ( 'NONE', ( #1533 ), #1502, .F. ) ;
#1001 = CARTESIAN_POINT ( 'NONE',  ( 42.63453902919962957, -8.499931335448993153, 36.80533964865399810 ) ) ;
#1002 = VERTEX_POINT ( 'NONE', #1076 ) ;
#1003 = ORIENTED_EDGE ( 'NONE', *, *, #3145, .F. ) ;
#1004 = CARTESIAN_POINT ( 'NONE',  ( 2.074954986571962312, -55.32508182525601370, 23.43294756465299500 ) ) ;
#1005 = CARTESIAN_POINT ( 'NONE',  ( 39.16013196753240777, -8.499931335448993153, 3.000000000000000000 ) ) ;
#1006 = ORIENTED_EDGE ( 'NONE', *, *, #4593, .F. ) ;
#1007 = EDGE_CURVE ( 'NONE', #1345, #5044, #2905, .T. ) ;
#1008 = CIRCLE ( 'NONE', #4347, 3.000000000000002665 ) ;
#1009 = DIRECTION ( 'NONE',  ( 0.000000000000000000, -0.9999999999999991118, 4.371140884147631631E-08 ) ) ;
#1010 = ADVANCED_FACE ( 'NONE', ( #5343 ), #2569, .F. ) ;
#1011 = CARTESIAN_POINT ( 'NONE',  ( 30.49987792968802225, -5.499931335448994929, 3.000000000000000000 ) ) ;
#1012 = DIRECTION ( 'NONE',  ( 1.000000000000000000, 0.000000000000000000, 0.000000000000000000 ) ) ;
#1013 = CARTESIAN_POINT ( 'NONE',  ( -39.16013196753240067, -3.499931335448993597, 1.449999190555467221 ) ) ;
#1014 = CARTESIAN_POINT ( 'NONE',  ( 55.67099752524903522, -31.34477664196644398, 23.43294756465299500 ) ) ;
#1015 = EDGE_LOOP ( 'NONE', ( #1817, #1698, #2742, #5353 ) ) ;
#1016 = EDGE_CURVE ( 'NONE', #456, #2861, #1247, .T. ) ;
#1017 = LINE ( 'NONE', #1558, #1337 ) ;
#1018 = PLANE ( 'NONE',  #5558 ) ;
#1019 = DIRECTION ( 'NONE',  ( 1.000000000000000000, 0.000000000000000000, 0.000000000000000000 ) ) ;
#1020 = VERTEX_POINT ( 'NONE', #5753 ) ;
#1021 = AXIS2_PLACEMENT_3D ( 'NONE', #3495, #4893, #3101 ) ;
#1022 = AXIS2_PLACEMENT_3D ( 'NONE', #5260, #719, #4340 ) ;
#1023 = CARTESIAN_POINT ( 'NONE',  ( -52.20836668985239015, -37.99971724957600827, 3.000000000000000000 ) ) ;
#1024 = CARTESIAN_POINT ( 'NONE',  ( -51.70836668991861274, -37.99972538755906726, 0.000000000000000000 ) ) ;
#1025 = DIRECTION ( 'NONE',  ( -0.000000000000000000, -0.000000000000000000, -1.000000000000000000 ) ) ;
#1026 = ORIENTED_EDGE ( 'NONE', *, *, #2604, .T. ) ;
#1027 = ORIENTED_EDGE ( 'NONE', *, *, #1971, .T. ) ;
#1028 = DIRECTION ( 'NONE',  ( 0.000000000000000000, 0.000000000000000000, -1.000000000000000000 ) ) ;
#1029 = ADVANCED_FACE ( 'NONE', ( #352 ), #4451, .F. ) ;
#1030 = DIRECTION ( 'NONE',  ( -0.000000000000000000, -0.000000000000000000, -1.000000000000000000 ) ) ;
#1031 = VERTEX_POINT ( 'NONE', #5369 ) ;
#1032 = ORIENTED_EDGE ( 'NONE', *, *, #5825, .T. ) ;
#1033 = DIRECTION ( 'NONE',  ( 0.000000000000000000, -0.9999999999999991118, 4.371140887245352218E-08 ) ) ;
#1034 = DIRECTION ( 'NONE',  ( -4.180742545671762101E-15, -4.371140887755362005E-08, -0.9999999999999992228 ) ) ;
#1035 = EDGE_LOOP ( 'NONE', ( #939, #1873, #4917, #4386 ) ) ;
#1036 = CIRCLE ( 'NONE', #4850, 12.50000000000000355 ) ;
#1037 = AXIS2_PLACEMENT_3D ( 'NONE', #5196, #4269, #2899 ) ;
#1038 = AXIS2_PLACEMENT_3D ( 'NONE', #3270, #4615, #71 ) ;
#1039 = EDGE_CURVE ( 'NONE', #4172, #5123, #2563, .T. ) ;
#1040 = CYLINDRICAL_SURFACE ( 'NONE', #5091, 3.000000000000002665 ) ;
#1041 = VECTOR ( 'NONE', #5064, 1000.000000000000000 ) ;
#1042 = CARTESIAN_POINT ( 'NONE',  ( 10.99999999999997513, -11.46000000000002750, 0.000000000000000000 ) ) ;
#1043 = LINE ( 'NONE', #651, #1972 ) ;
#1044 = CARTESIAN_POINT ( 'NONE',  ( -39.16029472717970350, -30.49992961855991069, 3.000000000000000000 ) ) ;
#1045 = CARTESIAN_POINT ( 'NONE',  ( -66.00000000000001421, 61.00000000000000000, 3.000000000000000000 ) ) ;
#1046 = EDGE_LOOP ( 'NONE', ( #2860, #4738, #498, #3458 ) ) ;
#1047 = EDGE_CURVE ( 'NONE', #1777, #949, #2182, .T. ) ;
#1048 = DIRECTION ( 'NONE',  ( -4.180742545671762101E-15, -4.371140887755362005E-08, -0.9999999999999992228 ) ) ;
#1049 = AXIS2_PLACEMENT_3D ( 'NONE', #3108, #3047, #2602 ) ;
#1050 = CARTESIAN_POINT ( 'NONE',  ( -57.00000000000000000, -24.00000000000000000, 23.43294756465299500 ) ) ;
#1051 = DIRECTION ( 'NONE',  ( 0.000000000000000000, -0.000000000000000000, 1.000000000000000000 ) ) ;
#1052 = ADVANCED_FACE ( 'NONE', ( #3072 ), #291, .F. ) ;
#1053 = ORIENTED_EDGE ( 'NONE', *, *, #3205, .T. ) ;
#1054 = AXIS2_PLACEMENT_3D ( 'NONE', #3465, #3830, #1555 ) ;
#1055 = CIRCLE ( 'NONE', #1823, 3.000000000000000000 ) ;
#1056 = CARTESIAN_POINT ( 'NONE',  ( -39.16013196753240777, -7.499931335448995817, 3.000000000000000000 ) ) ;
#1057 = CARTESIAN_POINT ( 'NONE',  ( 55.67099752524903522, -31.34477664196644398, 1.450000407692233928 ) ) ;
#1058 = CARTESIAN_POINT ( 'NONE',  ( 58.50000000000000000, 55.00000000000000711, 0.000000000000000000 ) ) ;
#1059 = ORIENTED_EDGE ( 'NONE', *, *, #1900, .F. ) ;
#1060 = ORIENTED_EDGE ( 'NONE', *, *, #5451, .F. ) ;
#1061 = DIRECTION ( 'NONE',  ( 0.000000000000000000, -0.9999999999999991118, 4.371140884147635601E-08 ) ) ;
#1062 = DIRECTION ( 'NONE',  ( 0.000000000000000000, 0.000000000000000000, -1.000000000000000000 ) ) ;
#1063 = EDGE_LOOP ( 'NONE', ( #1989, #4942, #1032, #552 ) ) ;
#1064 = VERTEX_POINT ( 'NONE', #4001 ) ;
#1065 = CYLINDRICAL_SURFACE ( 'NONE', #709, 1.750000000000001554 ) ;
#1066 = CARTESIAN_POINT ( 'NONE',  ( -66.00000000000001421, -66.00000000000000000, 0.000000000000000000 ) ) ;
#1067 = ORIENTED_EDGE ( 'NONE', *, *, #648, .T. ) ;
#1068 = DIRECTION ( 'NONE',  ( 0.000000000000000000, 0.000000000000000000, -1.000000000000000000 ) ) ;
#1069 = CARTESIAN_POINT ( 'NONE',  ( 4.574954986571961868, -55.32508182525600660, 23.43294756465299500 ) ) ;
#1070 = DIRECTION ( 'NONE',  ( 1.000000000000000000, 0.000000000000000000, 0.000000000000000000 ) ) ;
#1071 = LINE ( 'NONE', #175, #1797 ) ;
#1072 = DIRECTION ( 'NONE',  ( -1.000000000000000000, 0.000000000000000000, 0.000000000000000000 ) ) ;
#1073 = ADVANCED_FACE ( 'NONE', ( #1191 ), #1673, .T. ) ;
#1074 = VECTOR ( 'NONE', #4129, 1000.000000000000000 ) ;
#1075 = EDGE_CURVE ( 'NONE', #3208, #4502, #837, .T. ) ;
#1076 = CARTESIAN_POINT ( 'NONE',  ( 51.70808186218739166, -7.499931335448993153, 0.000000000000000000 ) ) ;
#1077 = LINE ( 'NONE', #3360, #981 ) ;
#1078 = DIRECTION ( 'NONE',  ( 0.9999999998675463964, -1.627596612587094081E-05, 0.000000000000000000 ) ) ;
#1079 = ORIENTED_EDGE ( 'NONE', *, *, #1230, .F. ) ;
#1080 = CIRCLE ( 'NONE', #3103, 3.500000000000003109 ) ;
#1081 = EDGE_CURVE ( 'NONE', #610, #610, #935, .T. ) ;
#1082 = DIRECTION ( 'NONE',  ( -0.9999999998675463964, 1.627596612578200236E-05, 0.000000000000000000 ) ) ;
#1083 = EDGE_CURVE ( 'NONE', #4666, #1512, #1128, .T. ) ;
#1084 = CIRCLE ( 'NONE', #5470, 4.000000000000003553 ) ;
#1085 = EDGE_CURVE ( 'NONE', #5562, #5562, #176, .T. ) ;
#1086 = DIRECTION ( 'NONE',  ( 0.000000000000000000, -0.9999999999999991118, 4.371140887245369423E-08 ) ) ;
#1087 = CARTESIAN_POINT ( 'NONE',  ( 0.000000000000000000, 0.000000000000000000, 0.000000000000000000 ) ) ;
#1088 = ORIENTED_EDGE ( 'NONE', *, *, #708, .F. ) ;
#1089 = ORIENTED_EDGE ( 'NONE', *, *, #1757, .F. ) ;
#1090 = CARTESIAN_POINT ( 'NONE',  ( 8.999999999999975131, -13.46000000000002750, 23.43294756465299500 ) ) ;
#1091 = CIRCLE ( 'NONE', #895, 0.5000000000000004441 ) ;
#1092 = EDGE_CURVE ( 'NONE', #4530, #686, #2183, .T. ) ;
#1093 = AXIS2_PLACEMENT_3D ( 'NONE', #5705, #4845, #298 ) ;
#1094 = CARTESIAN_POINT ( 'NONE',  ( -56.50000000000000711, -33.70000000000000284, 1.450000510642834195 ) ) ;
#1095 = VERTEX_POINT ( 'NONE', #711 ) ;
#1096 = ORIENTED_EDGE ( 'NONE', *, *, #3533, .F. ) ;
#1097 = LINE ( 'NONE', #2922, #1765 ) ;
#1098 = DIRECTION ( 'NONE',  ( 1.994248318681189754E-16, 1.000000000000000000, 0.000000000000000000 ) ) ;
#1099 = CIRCLE ( 'NONE', #329, 3.000000000000000888 ) ;
#1100 = CARTESIAN_POINT ( 'NONE',  ( -66.00000000000001421, -66.00000000000000000, 3.000000000000000000 ) ) ;
#1101 = LINE ( 'NONE', #1581, #4570 ) ;
#1102 = LINE ( 'NONE', #3828, #5207 ) ;
#1103 = LINE ( 'NONE', #2927, #86 ) ;
#1104 = CIRCLE ( 'NONE', #811, 3.000000000000000000 ) ;
#1105 = CARTESIAN_POINT ( 'NONE',  ( -40.03589838486224295, 51.50000000000002842, 1.500000000000000000 ) ) ;
#1106 = EDGE_CURVE ( 'NONE', #3794, #246, #266, .T. ) ;
#1107 = DIRECTION ( 'NONE',  ( -0.000000000000000000, -0.000000000000000000, -1.000000000000000000 ) ) ;
#1108 = CARTESIAN_POINT ( 'NONE',  ( 47.02500206014519790, -33.14931688996608727, 1.450000486571265901 ) ) ;
#1109 = EDGE_CURVE ( 'NONE', #1611, #2016, #5145, .T. ) ;
#1110 = LINE ( 'NONE', #2545, #3090 ) ;
#1111 = ORIENTED_EDGE ( 'NONE', *, *, #670, .T. ) ;
#1112 = FACE_OUTER_BOUND ( 'NONE', #3021, .T. ) ;
#1113 = EDGE_CURVE ( 'NONE', #3923, #2363, #2984, .T. ) ;
#1114 = DIRECTION ( 'NONE',  ( 0.000000000000000000, -1.000000000000000000, 0.000000000000000000 ) ) ;
#1115 = VERTEX_POINT ( 'NONE', #3526 ) ;
#1116 = EDGE_LOOP ( 'NONE', ( #1520, #1879, #5539, #1661 ) ) ;
#1117 = DIRECTION ( 'NONE',  ( 4.180742545671757368E-15, 4.371140887755362005E-08, 0.9999999999999991118 ) ) ;
#1118 = ADVANCED_FACE ( 'NONE', ( #1643, #2119, #3468, #4389, #1217, #1307, #4958, #3132, #2747, #1340, #4060, #4122, #407, #3258, #3581, #3705, #4572, #1432, #5400 ), #2717, .F. ) ;
#1119 = DIRECTION ( 'NONE',  ( 1.000000000000000000, 0.000000000000000000, 0.000000000000000000 ) ) ;
#1120 = EDGE_LOOP ( 'NONE', ( #5697, #4039, #4109, #3514 ) ) ;
#1121 = ORIENTED_EDGE ( 'NONE', *, *, #3857, .F. ) ;
#1122 = LINE ( 'NONE', #1152, #5384 ) ;
#1123 = DIRECTION ( 'NONE',  ( 0.000000000000000000, -0.9999999999999991118, 4.371140887245352218E-08 ) ) ;
#1124 = CIRCLE ( 'NONE', #5230, 4.000000000000003553 ) ;
#1125 = FACE_OUTER_BOUND ( 'NONE', #3056, .T. ) ;
#1126 = PLANE ( 'NONE',  #2152 ) ;
#1127 = CIRCLE ( 'NONE', #5517, 2.000000000000001776 ) ;
#1128 = CIRCLE ( 'NONE', #4090, 4.000000000000003553 ) ;
#1129 = CARTESIAN_POINT ( 'NONE',  ( -54.50000000000002132, -4.999999999999999112, 23.43294756465299500 ) ) ;
#1130 = ORIENTED_EDGE ( 'NONE', *, *, #2976, .T. ) ;
#1131 = AXIS2_PLACEMENT_3D ( 'NONE', #5172, #596, #2588 ) ;
#1132 = LOCAL_TIME ( 9, 22, 16.00000000000000000, #1169 ) ;
#1133 = VECTOR ( 'NONE', #2828, 1000.000000000000000 ) ;
#1134 = LINE ( 'NONE', #2929, #3633 ) ;
#1135 = DIRECTION ( 'NONE',  ( 0.000000000000000000, -0.9999999999999990008, 4.371140888484446276E-08 ) ) ;
#1136 = CARTESIAN_POINT ( 'NONE',  ( 60.99999999999999289, 66.00000000000002842, 3.000000000000000000 ) ) ;
#1137 = EDGE_CURVE ( 'NONE', #997, #2578, #2333, .T. ) ;
#1138 = ORIENTED_EDGE ( 'NONE', *, *, #2098, .T. ) ;
#1139 = AXIS2_PLACEMENT_3D ( 'NONE', #3553, #1735, #804 ) ;
#1140 = DIRECTION ( 'NONE',  ( 1.000000000000000000, 0.000000000000000000, 0.000000000000000000 ) ) ;
#1141 = DIRECTION ( 'NONE',  ( -0.000000000000000000, -0.000000000000000000, 1.000000000000000000 ) ) ;
#1142 = DATE_AND_TIME ( #2519, #5327 ) ;
#1143 = VERTEX_POINT ( 'NONE', #59 ) ;
#1144 = VECTOR ( 'NONE', #5365, 1000.000000000000000 ) ;
#1145 = ORIENTED_EDGE ( 'NONE', *, *, #3971, .T. ) ;
#1146 = CARTESIAN_POINT ( 'NONE',  ( -42.83908474956610490, -3.499931335448998926, 1.449999190555478989 ) ) ;
#1147 = EDGE_CURVE ( 'NONE', #2036, #522, #5077, .T. ) ;
#1148 = DIRECTION ( 'NONE',  ( -1.000000000000000000, 0.000000000000000000, 0.000000000000000000 ) ) ;
#1149 = ORIENTED_EDGE ( 'NONE', *, *, #5089, .F. ) ;
#1150 = ORIENTED_EDGE ( 'NONE', *, *, #1338, .T. ) ;
#1151 = EDGE_CURVE ( 'NONE', #1575, #1385, #3899, .T. ) ;
#1152 = CARTESIAN_POINT ( 'NONE',  ( 39.16013196753240777, -7.499931335448995817, 0.000000000000000000 ) ) ;
#1153 = DIRECTION ( 'NONE',  ( -0.000000000000000000, -1.000000000000000000, -0.000000000000000000 ) ) ;
#1154 = EDGE_CURVE ( 'NONE', #2320, #4565, #4089, .T. ) ;
#1155 = CARTESIAN_POINT ( 'NONE',  ( 50.52500206014519790, -33.50138933380996775, 0.000000000000000000 ) ) ;
#1156 = DIRECTION ( 'NONE',  ( 0.000000000000000000, -0.000000000000000000, 1.000000000000000000 ) ) ;
#1157 = ADVANCED_FACE ( 'NONE', ( #87 ), #5873, .F. ) ;
#1158 = VERTEX_POINT ( 'NONE', #4182 ) ;
#1159 = ADVANCED_FACE ( 'NONE', ( #5490 ), #2780, .F. ) ;
#1160 = CARTESIAN_POINT ( 'NONE',  ( 17.49999999999998224, -26.50000000000002842, 0.000000000000000000 ) ) ;
#1161 = VERTEX_POINT ( 'NONE', #885 ) ;
#1162 = DIRECTION ( 'NONE',  ( 1.000000000000000000, -4.163336342344339393E-15, 0.000000000000000000 ) ) ;
#1163 = FACE_OUTER_BOUND ( 'NONE', #4860, .T. ) ;
#1164 = FACE_OUTER_BOUND ( 'NONE', #3632, .T. ) ;
#1165 = VERTEX_POINT ( 'NONE', #5907 ) ;
#1166 = DIRECTION ( 'NONE',  ( -0.000000000000000000, -0.000000000000000000, -1.000000000000000000 ) ) ;
#1167 = VECTOR ( 'NONE', #3078, 1000.000000000000227 ) ;
#1168 = DIRECTION ( 'NONE',  ( -0.000000000000000000, -0.000000000000000000, -1.000000000000000000 ) ) ;
#1169 = COORDINATED_UNIVERSAL_TIME_OFFSET ( 3, 0, .AHEAD. ) ;
#1170 = ORIENTED_EDGE ( 'NONE', *, *, #5598, .T. ) ;
#1171 = EDGE_LOOP ( 'NONE', ( #471, #4364, #3609, #1691 ) ) ;
#1172 = LINE ( 'NONE', #3538, #4343 ) ;
#1173 = AXIS2_PLACEMENT_3D ( 'NONE', #5559, #1868, #1508 ) ;
#1174 = CYLINDRICAL_SURFACE ( 'NONE', #5901, 2.999999999999995559 ) ;
#1175 = ADVANCED_FACE ( 'NONE', ( #2807 ), #3226, .T. ) ;
#1176 = ORIENTED_EDGE ( 'NONE', *, *, #4296, .F. ) ;
#1177 = ORIENTED_EDGE ( 'NONE', *, *, #2410, .F. ) ;
#1178 = CARTESIAN_POINT ( 'NONE',  ( -61.00000000000002132, 61.00000000000000000, 3.000000000000000000 ) ) ;
#1179 = VERTEX_POINT ( 'NONE', #950 ) ;
#1180 = VECTOR ( 'NONE', #4174, 1000.000000000000000 ) ;
#1181 = CARTESIAN_POINT ( 'NONE',  ( 37.99999999999998579, 50.00000000000002842, 3.000000000000000000 ) ) ;
#1182 = EDGE_CURVE ( 'NONE', #12, #674, #5700, .T. ) ;
#1183 = ORIENTED_EDGE ( 'NONE', *, *, #2332, .F. ) ;
#1184 = CARTESIAN_POINT ( 'NONE',  ( 2.074954986571869942, -55.32508182525601370, 1.450001455905382208 ) ) ;
#1185 = DIRECTION ( 'NONE',  ( -1.000000000000000000, 0.000000000000000000, 0.000000000000000000 ) ) ;
#1186 = EDGE_LOOP ( 'NONE', ( #4519, #4980, #934, #788 ) ) ;
#1187 = AXIS2_PLACEMENT_3D ( 'NONE', #4211, #3282, #5574 ) ;
#1188 = ADVANCED_FACE ( 'NONE', ( #439 ), #4602, .F. ) ;
#1189 = AXIS2_PLACEMENT_3D ( 'NONE', #4961, #5345, #4421 ) ;
#1190 = VECTOR ( 'NONE', #4431, 1000.000000000000000 ) ;
#1191 = FACE_OUTER_BOUND ( 'NONE', #2285, .T. ) ;
#1192 = CARTESIAN_POINT ( 'NONE',  ( -51.70808186218739166, -2.999931335448996261, 0.000000000000000000 ) ) ;
#1193 = DIRECTION ( 'NONE',  ( -0.000000000000000000, -0.000000000000000000, -1.000000000000000000 ) ) ;
#1194 = LINE ( 'NONE', #5177, #5285 ) ;
#1195 = ORIENTED_EDGE ( 'NONE', *, *, #353, .F. ) ;
#1196 = VECTOR ( 'NONE', #201, 1000.000000000000000 ) ;
#1197 = CARTESIAN_POINT ( 'NONE',  ( 14.95999999999997954, -28.25000000000002487, 23.43294756465299500 ) ) ;
#1198 = PLANE ( 'NONE',  #1762 ) ;
#1199 = ORIENTED_EDGE ( 'NONE', *, *, #2409, .F. ) ;
#1200 = ORIENTED_EDGE ( 'NONE', *, *, #5878, .F. ) ;
#1201 = CARTESIAN_POINT ( 'NONE',  ( 37.42808115996353280, -1.499931335448999592, 0.000000000000000000 ) ) ;
#1202 = CARTESIAN_POINT ( 'NONE',  ( -37.43782217350893404, 53.00000000000003553, 1.500000000000000000 ) ) ;
#1203 = ORIENTED_EDGE ( 'NONE', *, *, #3756, .F. ) ;
#1204 = LINE ( 'NONE', #3029, #1803 ) ;
#1205 = CARTESIAN_POINT ( 'NONE',  ( -42.00000000000000000, 46.00000000000000000, 0.000000000000000000 ) ) ;
#1206 = ORIENTED_EDGE ( 'NONE', *, *, #3699, .T. ) ;
#1207 = ORIENTED_EDGE ( 'NONE', *, *, #4593, .T. ) ;
#1208 = EDGE_LOOP ( 'NONE', ( #5847, #3962, #3007, #4714 ) ) ;
#1209 = EDGE_CURVE ( 'NONE', #3415, #3542, #5458, .T. ) ;
#1210 = VECTOR ( 'NONE', #4843, 1000.000000000000000 ) ;
#1211 = CARTESIAN_POINT ( 'NONE',  ( -56.50000000000000711, -33.70000000000000284, 0.000000000000000000 ) ) ;
#1212 = ORIENTED_EDGE ( 'NONE', *, *, #4775, .T. ) ;
#1213 = DIRECTION ( 'NONE',  ( -4.180742545671762101E-15, -4.371140887755362005E-08, -0.9999999999999992228 ) ) ;
#1214 = CARTESIAN_POINT ( 'NONE',  ( -57.00000000000001421, -22.00000000000000355, 1.449999999219353519 ) ) ;
#1215 = ORIENTED_EDGE ( 'NONE', *, *, #606, .F. ) ;
#1216 = EDGE_CURVE ( 'NONE', #4491, #5265, #1884, .T. ) ;
#1217 = FACE_BOUND ( 'NONE', #3578, .T. ) ;
#1218 = DIRECTION ( 'NONE',  ( 0.000000000000000000, 0.000000000000000000, -1.000000000000000000 ) ) ;
#1219 = CARTESIAN_POINT ( 'NONE',  ( -8.924942016602040340, -55.62510013580300949, 0.000000000000000000 ) ) ;
#1220 = DIRECTION ( 'NONE',  ( 0.000000000000000000, -0.9999999999999991118, 4.371140887245352218E-08 ) ) ;
#1221 = VERTEX_POINT ( 'NONE', #1525 ) ;
#1222 = AXIS2_PLACEMENT_3D ( 'NONE', #3829, #1554, #2167 ) ;
#1223 = ADVANCED_FACE ( 'NONE', ( #3927 ), #5734, .T. ) ;
#1224 = VECTOR ( 'NONE', #2303, 1000.000000000000000 ) ;
#1225 = VECTOR ( 'NONE', #4496, 1000.000000000000000 ) ;
#1226 = DIRECTION ( 'NONE',  ( 1.000000000000000000, 1.051347561198064835E-16, -0.000000000000000000 ) ) ;
#1227 = EDGE_CURVE ( 'NONE', #4230, #4230, #4471, .T. ) ;
#1228 = DIRECTION ( 'NONE',  ( 0.9999999998675463964, -1.627596612607036625E-05, 0.000000000000000000 ) ) ;
#1229 = SECURITY_CLASSIFICATION_LEVEL ( 'unclassified' ) ;
#1230 = EDGE_CURVE ( 'NONE', #3215, #3082, #5897, .T. ) ;
#1231 = ORIENTED_EDGE ( 'NONE', *, *, #156, .T. ) ;
#1232 = ORIENTED_EDGE ( 'NONE', *, *, #4299, .F. ) ;
#1233 = CARTESIAN_POINT ( 'NONE',  ( 38.00000000000000000, 46.00000000000002842, 0.000000000000000000 ) ) ;
#1234 = LINE ( 'NONE', #2615, #4143 ) ;
#1235 = ORIENTED_EDGE ( 'NONE', *, *, #1599, .T. ) ;
#1236 = DIRECTION ( 'NONE',  ( 1.000000000000000000, 0.000000000000000000, 0.000000000000000000 ) ) ;
#1237 = DIRECTION ( 'NONE',  ( 6.106226635438358606E-15, -0.9999999999999990008, 4.371140888484446276E-08 ) ) ;
#1238 = ORIENTED_EDGE ( 'NONE', *, *, #2204, .T. ) ;
#1239 = ORIENTED_EDGE ( 'NONE', *, *, #972, .T. ) ;
#1240 = ORIENTED_EDGE ( 'NONE', *, *, #3094, .T. ) ;
#1241 = AXIS2_PLACEMENT_3D ( 'NONE', #3858, #600, #4250 ) ;
#1242 = DIRECTION ( 'NONE',  ( -1.000000000000000000, 0.000000000000000000, 0.000000000000000000 ) ) ;
#1243 = ORIENTED_EDGE ( 'NONE', *, *, #4620, .T. ) ;
#1244 = PLANE ( 'NONE',  #2673 ) ;
#1245 = LINE ( 'NONE', #3939, #730 ) ;
#1246 = ORIENTED_EDGE ( 'NONE', *, *, #2143, .F. ) ;
#1247 = LINE ( 'NONE', #4482, #5067 ) ;
#1248 = CARTESIAN_POINT ( 'NONE',  ( 51.70778888277527585, -38.50140858547049305, 0.000000000000000000 ) ) ;
#1249 = FACE_BOUND ( 'NONE', #5361, .T. ) ;
#1250 = FACE_OUTER_BOUND ( 'NONE', #1894, .T. ) ;
#1251 = EDGE_CURVE ( 'NONE', #2908, #5113, #5581, .T. ) ;
#1252 = ORIENTED_EDGE ( 'NONE', *, *, #3084, .T. ) ;
#1253 = CARTESIAN_POINT ( 'NONE',  ( 37.43782217350893404, 50.00000000000002842, 1.500000000000000000 ) ) ;
#1254 = DIRECTION ( 'NONE',  ( 1.000000000000000000, 0.000000000000000000, 0.000000000000000000 ) ) ;
#1255 = DATE_TIME_ROLE ( 'classification_date' ) ;
#1256 = EDGE_LOOP ( 'NONE', ( #1089, #74, #4805, #2528 ) ) ;
#1257 = CARTESIAN_POINT ( 'NONE',  ( 39.15996919751131600, -30.50120435652268824, 3.000000000000000000 ) ) ;
#1258 = APPROVAL ( #3054, 'UNSPECIFIED' ) ;
#1259 = VECTOR ( 'NONE', #3527, 1000.000000000000000 ) ;
#1260 = EDGE_CURVE ( 'NONE', #4695, #1335, #2924, .T. ) ;
#1261 = PLANE ( 'NONE',  #4424 ) ;
#1262 = ORIENTED_EDGE ( 'NONE', *, *, #2584, .F. ) ;
#1263 = LINE ( 'NONE', #2318, #465 ) ;
#1264 = DIRECTION ( 'NONE',  ( 1.000000000000000000, -1.734723475976830021E-16, 0.000000000000000000 ) ) ;
#1265 = VERTEX_POINT ( 'NONE', #4719 ) ;
#1266 = ORIENTED_EDGE ( 'NONE', *, *, #4521, .F. ) ;
#1267 = ORIENTED_EDGE ( 'NONE', *, *, #3285, .F. ) ;
#1268 = VECTOR ( 'NONE', #5908, 1000.000000000000000 ) ;
#1269 = CC_DESIGN_PERSON_AND_ORGANIZATION_ASSIGNMENT ( #2965, #5352, ( #5521 ) ) ;
#1270 = DIRECTION ( 'NONE',  ( -1.000000000000000000, 1.734723475976829774E-16, 0.000000000000000000 ) ) ;
#1271 = ORIENTED_EDGE ( 'NONE', *, *, #2535, .T. ) ;
#1272 = LINE ( 'NONE', #4055, #1336 ) ;
#1273 = DIRECTION ( 'NONE',  ( 1.000000000000000000, 0.000000000000000000, 0.000000000000000000 ) ) ;
#1274 = ORIENTED_EDGE ( 'NONE', *, *, #193, .F. ) ;
#1275 = CIRCLE ( 'NONE', #4048, 3.000000000000002665 ) ;
#1276 = DIRECTION ( 'NONE',  ( 0.000000000000000000, -0.9999999999999991118, 4.371140887245369423E-08 ) ) ;
#1277 = DIRECTION ( 'NONE',  ( -1.000000000000000000, 0.000000000000000000, 0.000000000000000000 ) ) ;
#1278 = FACE_BOUND ( 'NONE', #4380, .T. ) ;
#1279 = AXIS2_PLACEMENT_3D ( 'NONE', #5188, #3788, #2447 ) ;
#1280 = CYLINDRICAL_SURFACE ( 'NONE', #1329, 3.500000000000003109 ) ;
#1281 = ORIENTED_EDGE ( 'NONE', *, *, #1359, .F. ) ;
#1282 = EDGE_CURVE ( 'NONE', #705, #949, #623, .T. ) ;
#1283 = CIRCLE ( 'NONE', #3482, 0.5000000000000004441 ) ;
#1284 = EDGE_CURVE ( 'NONE', #3525, #4408, #171, .T. ) ;
#1285 = DIRECTION ( 'NONE',  ( -1.000000000000000000, 0.000000000000000000, 0.000000000000000000 ) ) ;
#1286 = DIRECTION ( 'NONE',  ( 1.000000000000000000, 0.000000000000000000, 0.000000000000000000 ) ) ;
#1287 = ORIENTED_EDGE ( 'NONE', *, *, #464, .T. ) ;
#1288 = CIRCLE ( 'NONE', #3305, 1.750000000000003109 ) ;
#1289 = DIRECTION ( 'NONE',  ( -1.000000000000000000, 0.000000000000000000, 0.000000000000000000 ) ) ;
#1290 = EDGE_CURVE ( 'NONE', #2221, #5323, #3335, .T. ) ;
#1291 = CARTESIAN_POINT ( 'NONE',  ( 32.99999999999998579, -53.00000000000000711, 23.43294756465299500 ) ) ;
#1292 = ORIENTED_EDGE ( 'NONE', *, *, #5146, .F. ) ;
#1293 = CARTESIAN_POINT ( 'NONE',  ( -52.20836668985239015, -37.99971724957600117, 0.000000000000000000 ) ) ;
#1294 = CARTESIAN_POINT ( 'NONE',  ( -57.00000000000000000, -2.999999999999998224, 23.43294756465299500 ) ) ;
#1295 = ORIENTED_EDGE ( 'NONE', *, *, #3423, .F. ) ;
#1296 = VERTEX_POINT ( 'NONE', #1656 ) ;
#1297 = ORIENTED_EDGE ( 'NONE', *, *, #381, .T. ) ;
#1298 = EDGE_CURVE ( 'NONE', #3555, #5730, #2659, .T. ) ;
#1299 = CIRCLE ( 'NONE', #2836, 0.5000000000000004441 ) ;
#1300 = CARTESIAN_POINT ( 'NONE',  ( 42.83903402873245625, -33.50126423725463098, 1.450000501955652110 ) ) ;
#1301 = VERTEX_POINT ( 'NONE', #5135 ) ;
#1302 = DIRECTION ( 'NONE',  ( -0.000000000000000000, -0.000000000000000000, -1.000000000000000000 ) ) ;
#1303 = DIRECTION ( 'NONE',  ( -4.180742545671762101E-15, -4.371140887755362005E-08, -0.9999999999999992228 ) ) ;
#1304 = VERTEX_POINT ( 'NONE', #116 ) ;
#1305 = VECTOR ( 'NONE', #1754, 1000.000000000000000 ) ;
#1306 = AXIS2_PLACEMENT_3D ( 'NONE', #243, #268, #2962 ) ;
#1307 = FACE_BOUND ( 'NONE', #5, .T. ) ;
#1308 = DIRECTION ( 'NONE',  ( 0.9999999999999961142, 8.742277677795539484E-08, -8.002115286624055570E-15 ) ) ;
#1309 = CYLINDRICAL_SURFACE ( 'NONE', #3006, 4.000000000000003553 ) ;
#1310 = CARTESIAN_POINT ( 'NONE',  ( -42.83911729986402150, -37.49986974309550192, 0.000000000000000000 ) ) ;
#1311 = ORIENTED_EDGE ( 'NONE', *, *, #1092, .F. ) ;
#1312 = CARTESIAN_POINT ( 'NONE',  ( -56.50000000000000711, -33.70000000000000284, 23.43294756465299500 ) ) ;
#1313 = ADVANCED_FACE ( 'NONE', ( #1917 ), #5635, .T. ) ;
#1314 = CIRCLE ( 'NONE', #4944, 3.500000000000003109 ) ;
#1315 = DIRECTION ( 'NONE',  ( 1.627596612567151877E-05, 0.9999999998675465074, 0.000000000000000000 ) ) ;
#1316 = AXIS2_PLACEMENT_3D ( 'NONE', #5784, #4835, #5281 ) ;
#1317 = VERTEX_POINT ( 'NONE', #4403 ) ;
#1318 = VECTOR ( 'NONE', #2226, 1000.000000000000000 ) ;
#1319 = AXIS2_PLACEMENT_3D ( 'NONE', #3596, #5388, #4108 ) ;
#1320 = DIRECTION ( 'NONE',  ( -4.180742545671762101E-15, -4.371140887755362005E-08, -0.9999999999999992228 ) ) ;
#1321 = ORIENTED_EDGE ( 'NONE', *, *, #2180, .T. ) ;
#1322 = CARTESIAN_POINT ( 'NONE',  ( -57.50000000000001421, -34.70000096090559083, 1.450000554354287985 ) ) ;
#1323 = FACE_OUTER_BOUND ( 'NONE', #1613, .T. ) ;
#1324 = VERTEX_POINT ( 'NONE', #3737 ) ;
#1325 = VERTEX_POINT ( 'NONE', #4661 ) ;
#1326 = ORIENTED_EDGE ( 'NONE', *, *, #4552, .T. ) ;
#1327 = FACE_OUTER_BOUND ( 'NONE', #1015, .T. ) ;
#1328 = EDGE_CURVE ( 'NONE', #2267, #767, #1655, .T. ) ;
#1329 = AXIS2_PLACEMENT_3D ( 'NONE', #5845, #4510, #4962 ) ;
#1330 = CARTESIAN_POINT ( 'NONE',  ( 30.49987792968802225, -35.50007057189900195, 36.80533964865399810 ) ) ;
#1331 = ORIENTED_EDGE ( 'NONE', *, *, #1473, .F. ) ;
#1332 = ORIENTED_EDGE ( 'NONE', *, *, #1958, .T. ) ;
#1333 = CARTESIAN_POINT ( 'NONE',  ( -54.50000000000002132, -4.999999999999999112, 0.000000000000000000 ) ) ;
#1334 = CARTESIAN_POINT ( 'NONE',  ( 51.70808186218739166, -7.999931335448993153, 3.000000000000000000 ) ) ;
#1335 = VERTEX_POINT ( 'NONE', #146 ) ;
#1336 = VECTOR ( 'NONE', #348, 999.9999999999998863 ) ;
#1337 = VECTOR ( 'NONE', #5203, 1000.000000000000000 ) ;
#1338 = EDGE_CURVE ( 'NONE', #4408, #5298, #1084, .T. ) ;
#1339 = ADVANCED_FACE ( 'NONE', ( #5547 ), #1040, .T. ) ;
#1340 = FACE_BOUND ( 'NONE', #357, .T. ) ;
#1341 = EDGE_CURVE ( 'NONE', #1221, #884, #3765, .T. ) ;
#1342 = DIRECTION ( 'NONE',  ( 1.000000000000000000, 0.000000000000000000, 0.000000000000000000 ) ) ;
#1343 = FACE_OUTER_BOUND ( 'NONE', #2390, .T. ) ;
#1344 = DIRECTION ( 'NONE',  ( -2.312964634635742267E-15, -0.9999999999999990008, 4.371140884147638910E-08 ) ) ;
#1345 = VERTEX_POINT ( 'NONE', #3352 ) ;
#1346 = DIRECTION ( 'NONE',  ( 1.000000000000000000, 0.000000000000000000, 0.000000000000000000 ) ) ;
#1347 = DIRECTION ( 'NONE',  ( -0.000000000000000000, 0.000000000000000000, 1.000000000000000000 ) ) ;
#1348 = DIRECTION ( 'NONE',  ( -1.000000000000000000, -0.000000000000000000, -0.000000000000000000 ) ) ;
#1349 = ORIENTED_EDGE ( 'NONE', *, *, #2760, .F. ) ;
#1350 = FACE_OUTER_BOUND ( 'NONE', #1171, .T. ) ;
#1351 = EDGE_LOOP ( 'NONE', ( #3274, #1444, #5508, #2752 ) ) ;
#1352 = DIRECTION ( 'NONE',  ( 0.000000000000000000, -0.000000000000000000, 1.000000000000000000 ) ) ;
#1353 = PLANE ( 'NONE',  #5423 ) ;
#1354 = VERTEX_POINT ( 'NONE', #2838 ) ;
#1355 = VERTEX_POINT ( 'NONE', #565 ) ;
#1356 = ORIENTED_EDGE ( 'NONE', *, *, #303, .T. ) ;
#1357 = DIRECTION ( 'NONE',  ( -1.000000000000000000, 0.000000000000000000, 0.000000000000000000 ) ) ;
#1358 = VECTOR ( 'NONE', #1587, 1000.000000000000000 ) ;
#1359 = EDGE_CURVE ( 'NONE', #1325, #3248, #5193, .T. ) ;
#1360 = DIRECTION ( 'NONE',  ( 0.000000000000000000, 0.000000000000000000, 1.000000000000000000 ) ) ;
#1361 = VERTEX_POINT ( 'NONE', #5169 ) ;
#1362 = AXIS2_PLACEMENT_3D ( 'NONE', #1433, #3679, #1885 ) ;
#1363 = ORIENTED_EDGE ( 'NONE', *, *, #4521, .T. ) ;
#1364 = DIRECTION ( 'NONE',  ( 0.9999999999999961142, 8.742277677795539484E-08, -8.002115286624055570E-15 ) ) ;
#1365 = DIRECTION ( 'NONE',  ( -1.000000000000000000, -0.000000000000000000, -0.000000000000000000 ) ) ;
#1366 = VERTEX_POINT ( 'NONE', #3177 ) ;
#1367 = ADVANCED_FACE ( 'NONE', ( #4522 ), #338, .F. ) ;
#1368 = DIRECTION ( 'NONE',  ( -0.000000000000000000, -0.000000000000000000, -1.000000000000000000 ) ) ;
#1369 = AXIS2_PLACEMENT_3D ( 'NONE', #1291, #1805, #3115 ) ;
#1370 = CYLINDRICAL_SURFACE ( 'NONE', #3467, 2.000000000000001776 ) ;
#1371 = DIRECTION ( 'NONE',  ( 0.000000000000000000, 0.000000000000000000, -1.000000000000000000 ) ) ;
#1372 = CARTESIAN_POINT ( 'NONE',  ( 30.49963378098338396, -35.50106340185905651, 1.450000589369744297 ) ) ;
#1373 = CARTESIAN_POINT ( 'NONE',  ( -45.00000000000000711, 42.66260283441133083, 0.000000000000000000 ) ) ;
#1374 = ORIENTED_EDGE ( 'NONE', *, *, #4500, .T. ) ;
#1375 = EDGE_CURVE ( 'NONE', #1575, #4408, #4070, .T. ) ;
#1376 = VECTOR ( 'NONE', #5745, 1000.000000000000000 ) ;
#1377 = DIRECTION ( 'NONE',  ( 0.000000000000000000, -0.000000000000000000, 1.000000000000000000 ) ) ;
#1378 = AXIS2_PLACEMENT_3D ( 'NONE', #2490, #2986, #1588 ) ;
#1379 = DIRECTION ( 'NONE',  ( -0.000000000000000000, -0.000000000000000000, -1.000000000000000000 ) ) ;
#1380 = CARTESIAN_POINT ( 'NONE',  ( 10.99999999999988276, -11.46000000000002750, 1.449999538500820861 ) ) ;
#1381 = ORIENTED_EDGE ( 'NONE', *, *, #2606, .T. ) ;
#1382 = CIRCLE ( 'NONE', #4726, 7.000000000000005329 ) ;
#1383 = PERSON ( 'UNSPECIFIED', 'UNSPECIFIED', 'UNSPECIFIED', ('UNSPECIFIED'), ('UNSPECIFIED'), ('UNSPECIFIED') ) ;
#1384 = LINE ( 'NONE', #3210, #1750 ) ;
#1385 = VERTEX_POINT ( 'NONE', #305 ) ;
#1386 = AXIS2_PLACEMENT_3D ( 'NONE', #1219, #324, #5875 ) ;
#1387 = CARTESIAN_POINT ( 'NONE',  ( 30.03702799479168917, -47.99149843014509287, 0.000000000000000000 ) ) ;
#1388 = CARTESIAN_POINT ( 'NONE',  ( 42.63453902919962957, -8.499931335448993153, 0.000000000000000000 ) ) ;
#1389 = ORIENTED_EDGE ( 'NONE', *, *, #5317, .F. ) ;
#1390 = ORIENTED_EDGE ( 'NONE', *, *, #2969, .F. ) ;
#1391 = EDGE_LOOP ( 'NONE', ( #3683, #3476, #598, #5396 ) ) ;
#1392 = DIRECTION ( 'NONE',  ( -0.000000000000000000, -0.000000000000000000, -1.000000000000000000 ) ) ;
#1393 = DIRECTION ( 'NONE',  ( 0.000000000000000000, 0.000000000000000000, -1.000000000000000000 ) ) ;
#1394 = EDGE_CURVE ( 'NONE', #3116, #2578, #2133, .T. ) ;
#1395 = ORIENTED_EDGE ( 'NONE', *, *, #484, .T. ) ;
#1396 = VERTEX_POINT ( 'NONE', #2732 ) ;
#1397 = DIRECTION ( 'NONE',  ( 1.000000000000000000, 0.000000000000000000, 0.000000000000000000 ) ) ;
#1398 = CYLINDRICAL_SURFACE ( 'NONE', #4112, 0.5000000000000004441 ) ;
#1399 = ORIENTED_EDGE ( 'NONE', *, *, #174, .T. ) ;
#1400 = DIRECTION ( 'NONE',  ( -1.000000000000000000, 0.000000000000000000, 0.000000000000000000 ) ) ;
#1401 = FACE_OUTER_BOUND ( 'NONE', #917, .T. ) ;
#1402 = FACE_OUTER_BOUND ( 'NONE', #1505, .T. ) ;
#1403 = DIRECTION ( 'NONE',  ( -1.000000000000000000, -1.994248318681190000E-16, 4.180742554388906240E-15 ) ) ;
#1404 = CARTESIAN_POINT ( 'NONE',  ( 51.70787840058896734, -33.00140858619899120, 1.450000480105966938 ) ) ;
#1405 = ORIENTED_EDGE ( 'NONE', *, *, #3571, .F. ) ;
#1406 = CARTESIAN_POINT ( 'NONE',  ( -39.16032727911196076, -32.49992961829499905, 3.000000000000000000 ) ) ;
#1407 = DIRECTION ( 'NONE',  ( 0.9999999999999961142, 8.742277677795539484E-08, -8.002115286624055570E-15 ) ) ;
#1408 = AXIS2_PLACEMENT_3D ( 'NONE', #2761, #2316, #4135 ) ;
#1409 = ADVANCED_FACE ( 'NONE', ( #1350 ), #4461, .F. ) ;
#1410 = DIRECTION ( 'NONE',  ( 1.000000000000000000, 0.000000000000000000, 0.000000000000000000 ) ) ;
#1411 = ORIENTED_EDGE ( 'NONE', *, *, #1532, .T. ) ;
#1412 = LINE ( 'NONE', #6, #2334 ) ;
#1413 = AXIS2_PLACEMENT_3D ( 'NONE', #1876, #3697, #5186 ) ;
#1414 = ORIENTED_EDGE ( 'NONE', *, *, #899, .F. ) ;
#1415 = EDGE_CURVE ( 'NONE', #1569, #5602, #2165, .T. ) ;
#1416 = VECTOR ( 'NONE', #980, 1000.000000000000000 ) ;
#1417 = EDGE_CURVE ( 'NONE', #4535, #3893, #843, .T. ) ;
#1418 = DIRECTION ( 'NONE',  ( 0.000000000000000000, -0.000000000000000000, 1.000000000000000000 ) ) ;
#1419 = FACE_OUTER_BOUND ( 'NONE', #4313, .T. ) ;
#1420 = VERTEX_POINT ( 'NONE', #2699 ) ;
#1421 = EDGE_LOOP ( 'NONE', ( #4553, #4548, #762, #3560 ) ) ;
#1422 = CARTESIAN_POINT ( 'NONE',  ( 42.83884060894109780, -7.499931335448994929, 0.000000000000000000 ) ) ;
#1423 = CIRCLE ( 'NONE', #3236, 12.50000000000000355 ) ;
#1424 = AXIS2_PLACEMENT_3D ( 'NONE', #2319, #4972, #42 ) ;
#1425 = LINE ( 'NONE', #1001, #1572 ) ;
#1426 = VERTEX_POINT ( 'NONE', #2643 ) ;
#1427 = ORIENTED_EDGE ( 'NONE', *, *, #2204, .F. ) ;
#1428 = DIRECTION ( 'NONE',  ( 3.414809992080327544E-16, -1.000000000000000000, 0.000000000000000000 ) ) ;
#1429 = DIRECTION ( 'NONE',  ( -1.040834085586084257E-14, -0.9999999999999991118, 4.371140884147639571E-08 ) ) ;
#1430 = VERTEX_POINT ( 'NONE', #5769 ) ;
#1431 = VECTOR ( 'NONE', #3501, 1000.000000000000000 ) ;
#1432 = FACE_BOUND ( 'NONE', #219, .T. ) ;
#1433 = CARTESIAN_POINT ( 'NONE',  ( -38.00000000000000000, 28.00000000000002842, 0.000000000000000000 ) ) ;
#1434 = PLANE ( 'NONE',  #5488 ) ;
#1435 = DIRECTION ( 'NONE',  ( 4.180742545671762101E-15, 4.371140887755362005E-08, 0.9999999999999992228 ) ) ;
#1436 = AXIS2_PLACEMENT_3D ( 'NONE', #3356, #5173, #2058 ) ;
#1437 = FACE_OUTER_BOUND ( 'NONE', #5022, .T. ) ;
#1438 = ORIENTED_EDGE ( 'NONE', *, *, #2402, .F. ) ;
#1439 = DIRECTION ( 'NONE',  ( 4.180742545671757368E-15, 4.371140887755362005E-08, 0.9999999999999991118 ) ) ;
#1440 = AXIS2_PLACEMENT_3D ( 'NONE', #621, #2895, #4773 ) ;
#1441 = DIRECTION ( 'NONE',  ( 1.000000000000000000, 0.000000000000000000, -0.000000000000000000 ) ) ;
#1442 = ADVANCED_FACE ( 'NONE', ( #4435 ), #1261, .F. ) ;
#1443 = PLANE ( 'NONE',  #3860 ) ;
#1444 = ORIENTED_EDGE ( 'NONE', *, *, #1075, .T. ) ;
#1445 = CARTESIAN_POINT ( 'NONE',  ( 32.99999999999998579, -51.00000000000000711, 1.450001266849833215 ) ) ;
#1446 = EDGE_CURVE ( 'NONE', #4890, #974, #4042, .T. ) ;
#1447 = DIRECTION ( 'NONE',  ( -4.180742545671762101E-15, -4.371140887755362005E-08, -0.9999999999999992228 ) ) ;
#1448 = VERTEX_POINT ( 'NONE', #4311 ) ;
#1449 = ORIENTED_EDGE ( 'NONE', *, *, #2982, .T. ) ;
#1450 = ORIENTED_EDGE ( 'NONE', *, *, #2650, .F. ) ;
#1451 = CARTESIAN_POINT ( 'NONE',  ( -43.50000000000000000, 20.50000000000001066, 0.000000000000000000 ) ) ;
#1452 = EDGE_CURVE ( 'NONE', #2197, #4172, #5442, .T. ) ;
#1453 = DIRECTION ( 'NONE',  ( -1.627596612587094759E-05, -0.9999999998675465074, 0.000000000000000000 ) ) ;
#1454 = ORIENTED_EDGE ( 'NONE', *, *, #1113, .F. ) ;
#1455 = VERTEX_POINT ( 'NONE', #903 ) ;
#1456 = CARTESIAN_POINT ( 'NONE',  ( -39.16013196753240777, -2.499931335448993597, 3.000000000000000000 ) ) ;
#1457 = CARTESIAN_POINT ( 'NONE',  ( -54.50000000000002842, -33.70000000000000284, 1.450000510642825091 ) ) ;
#1458 = EDGE_LOOP ( 'NONE', ( #5800, #755, #4020, #682, #5588, #107 ) ) ;
#1459 = EDGE_CURVE ( 'NONE', #4057, #3436, #2707, .T. ) ;
#1460 = DIRECTION ( 'NONE',  ( -1.000000000000000000, 0.000000000000000000, 0.000000000000000000 ) ) ;
#1461 = VECTOR ( 'NONE', #1535, 1000.000000000000000 ) ;
#1462 = DIRECTION ( 'NONE',  ( -0.000000000000000000, -0.000000000000000000, -1.000000000000000000 ) ) ;
#1463 = DIRECTION ( 'NONE',  ( -0.000000000000000000, -0.000000000000000000, 1.000000000000000000 ) ) ;
#1464 = CARTESIAN_POINT ( 'NONE',  ( -39.16013196753240777, -2.499931335448993597, 0.000000000000000000 ) ) ;
#1465 = DIRECTION ( 'NONE',  ( 0.000000000000000000, 0.000000000000000000, -1.000000000000000000 ) ) ;
#1466 = VERTEX_POINT ( 'NONE', #784 ) ;
#1467 = AXIS2_PLACEMENT_3D ( 'NONE', #2134, #3956, #2196 ) ;
#1468 = CYLINDRICAL_SURFACE ( 'NONE', #178, 0.5000000000000004441 ) ;
#1469 = FACE_OUTER_BOUND ( 'NONE', #3429, .T. ) ;
#1470 = DIRECTION ( 'NONE',  ( -0.000000000000000000, -0.000000000000000000, -1.000000000000000000 ) ) ;
#1471 = EDGE_CURVE ( 'NONE', #2171, #4770, #2671, .T. ) ;
#1472 = ORIENTED_EDGE ( 'NONE', *, *, #1216, .F. ) ;
#1473 = EDGE_CURVE ( 'NONE', #1221, #3220, #1234, .T. ) ;
#1474 = VECTOR ( 'NONE', #2646, 1000.000000000000000 ) ;
#1475 = CIRCLE ( 'NONE', #1665, 12.50000000000000000 ) ;
#1476 = DIRECTION ( 'NONE',  ( 0.000000000000000000, 0.000000000000000000, -1.000000000000000000 ) ) ;
#1477 = FACE_OUTER_BOUND ( 'NONE', #1035, .T. ) ;
#1478 = VERTEX_POINT ( 'NONE', #214 ) ;
#1479 = AXIS2_PLACEMENT_3D ( 'NONE', #5685, #5714, #2023 ) ;
#1480 = VERTEX_POINT ( 'NONE', #3539 ) ;
#1481 = VERTEX_POINT ( 'NONE', #5857 ) ;
#1482 = CIRCLE ( 'NONE', #5381, 0.5000000000000004441 ) ;
#1483 = DIRECTION ( 'NONE',  ( 0.000000000000000000, -0.9999999999999990008, 4.371140884147641557E-08 ) ) ;
#1484 = EDGE_CURVE ( 'NONE', #3436, #1345, #4325, .T. ) ;
#1485 = VECTOR ( 'NONE', #4576, 1000.000000000000000 ) ;
#1486 = AXIS2_PLACEMENT_3D ( 'NONE', #640, #5324, #2163 ) ;
#1487 = CARTESIAN_POINT ( 'NONE',  ( 43.99999999999998579, -53.00000000000000711, 23.43294756465299500 ) ) ;
#1488 = ORIENTED_EDGE ( 'NONE', *, *, #897, .T. ) ;
#1489 = VERTEX_POINT ( 'NONE', #4913 ) ;
#1490 = ADVANCED_FACE ( 'NONE', ( #5355 ), #814, .F. ) ;
#1491 = DIRECTION ( 'NONE',  ( 0.9999999999999961142, 8.742277677795539484E-08, -8.002115286624055570E-15 ) ) ;
#1492 = PLANE ( 'NONE',  #3357 ) ;
#1493 = ORIENTED_EDGE ( 'NONE', *, *, #26, .F. ) ;
#1494 = AXIS2_PLACEMENT_3D ( 'NONE', #5755, #3584, #384 ) ;
#1495 = EDGE_CURVE ( 'NONE', #2290, #551, #3286, .T. ) ;
#1496 = CARTESIAN_POINT ( 'NONE',  ( -59.00000000000001421, -5.000000000000013323, 23.43294756465299500 ) ) ;
#1497 = CARTESIAN_POINT ( 'NONE',  ( -30.49987792968801514, -5.499931269881881413, 1.449999277977991108 ) ) ;
#1498 = CARTESIAN_POINT ( 'NONE',  ( 52.16814849553698963, -32.80608465091061277, 1.450000471568082983 ) ) ;
#1499 = DIRECTION ( 'NONE',  ( 0.000000000000000000, -1.000000000000000000, 0.000000000000000000 ) ) ;
#1500 = DIRECTION ( 'NONE',  ( 0.000000000000000000, -1.000000000000000000, 0.000000000000000000 ) ) ;
#1501 = ORIENTED_EDGE ( 'NONE', *, *, #2639, .T. ) ;
#1502 = CYLINDRICAL_SURFACE ( 'NONE', #4304, 2.999999999999995559 ) ;
#1503 = LINE ( 'NONE', #601, #5267 ) ;
#1504 = CYLINDRICAL_SURFACE ( 'NONE', #2995, 3.000000000000002665 ) ;
#1505 = EDGE_LOOP ( 'NONE', ( #3985 ) ) ;
#1506 = CIRCLE ( 'NONE', #5879, 0.5000000000000004441 ) ;
#1507 = CIRCLE ( 'NONE', #1022, 1.000000000000001776 ) ;
#1508 = DIRECTION ( 'NONE',  ( 1.000000000000000000, 0.000000000000000000, 0.000000000000000000 ) ) ;
#1509 = LINE ( 'NONE', #1901, #3390 ) ;
#1510 = CARTESIAN_POINT ( 'NONE',  ( 39.49999999999999289, 20.50000000000001066, 1.500000000000000000 ) ) ;
#1511 = EDGE_LOOP ( 'NONE', ( #3181, #10, #3564, #3112 ) ) ;
#1512 = VERTEX_POINT ( 'NONE', #2408 ) ;
#1513 = DIRECTION ( 'NONE',  ( -0.000000000000000000, -0.000000000000000000, -1.000000000000000000 ) ) ;
#1514 = CARTESIAN_POINT ( 'NONE',  ( 39.15996919751131600, -30.50120435652268824, 1.450000370818824935 ) ) ;
#1515 = ORIENTED_EDGE ( 'NONE', *, *, #5153, .T. ) ;
#1516 = CIRCLE ( 'NONE', #3808, 5.999999999999998224 ) ;
#1517 = ORIENTED_EDGE ( 'NONE', *, *, #3231, .F. ) ;
#1518 = LINE ( 'NONE', #1547, #49 ) ;
#1519 = DIRECTION ( 'NONE',  ( 1.000000000000000000, 0.000000000000000000, 0.000000000000000000 ) ) ;
#1520 = ORIENTED_EDGE ( 'NONE', *, *, #3015, .T. ) ;
#1521 = VECTOR ( 'NONE', #559, 1000.000000000000000 ) ;
#1522 = VECTOR ( 'NONE', #5002, 1000.000000000000000 ) ;
#1523 = EDGE_CURVE ( 'NONE', #849, #1980, #131, .T. ) ;
#1524 = VECTOR ( 'NONE', #1352, 1000.000000000000000 ) ;
#1525 = CARTESIAN_POINT ( 'NONE',  ( 50.52500206014519790, -33.50138933380997486, 1.450000501960834631 ) ) ;
#1526 = DIRECTION ( 'NONE',  ( -1.000000000000000000, 0.000000000000000000, 0.000000000000000000 ) ) ;
#1527 = DIRECTION ( 'NONE',  ( 0.000000000000000000, 0.000000000000000000, 1.000000000000000000 ) ) ;
#1528 = CYLINDRICAL_SURFACE ( 'NONE', #4849, 2.000000000000001776 ) ;
#1529 = PLANE ( 'NONE',  #3914 ) ;
#1530 = EDGE_CURVE ( 'NONE', #3220, #5409, #3304, .T. ) ;
#1531 = EDGE_CURVE ( 'NONE', #858, #1355, #4902, .T. ) ;
#1532 = EDGE_CURVE ( 'NONE', #1833, #4637, #1897, .T. ) ;
#1533 = FACE_OUTER_BOUND ( 'NONE', #4141, .T. ) ;
#1534 = CIRCLE ( 'NONE', #3050, 12.50000000000000355 ) ;
#1535 = DIRECTION ( 'NONE',  ( -0.000000000000000000, -0.000000000000000000, -1.000000000000000000 ) ) ;
#1536 = DIRECTION ( 'NONE',  ( -4.180742545671762101E-15, -4.371140887755362005E-08, -0.9999999999999992228 ) ) ;
#1537 = ORIENTED_EDGE ( 'NONE', *, *, #2651, .F. ) ;
#1538 = CIRCLE ( 'NONE', #1629, 0.5000000000000004441 ) ;
#1539 = DIRECTION ( 'NONE',  ( -0.000000000000000000, -0.000000000000000000, -1.000000000000000000 ) ) ;
#1540 = DIRECTION ( 'NONE',  ( -0.000000000000000000, -0.000000000000000000, -1.000000000000000000 ) ) ;
#1541 = VERTEX_POINT ( 'NONE', #2822 ) ;
#1542 = EDGE_LOOP ( 'NONE', ( #5308 ) ) ;
#1543 = FACE_OUTER_BOUND ( 'NONE', #4717, .T. ) ;
#1544 = CARTESIAN_POINT ( 'NONE',  ( 42.63453902919962957, -8.499931335448986047, 1.449999409112164184 ) ) ;
#1545 = ORIENTED_EDGE ( 'NONE', *, *, #4701, .T. ) ;
#1546 = ORIENTED_EDGE ( 'NONE', *, *, #1532, .F. ) ;
#1547 = CARTESIAN_POINT ( 'NONE',  ( 42.63424468637816744, -38.50126090477249363, 36.80533964865399810 ) ) ;
#1548 = FACE_OUTER_BOUND ( 'NONE', #2971, .T. ) ;
#1549 = EDGE_CURVE ( 'NONE', #2448, #5440, #2792, .T. ) ;
#1550 = EDGE_CURVE ( 'NONE', #2546, #2109, #4675, .T. ) ;
#1551 = CARTESIAN_POINT ( 'NONE',  ( 43.50000000000000000, 20.50000000000001066, 1.500000000000000000 ) ) ;
#1552 = CARTESIAN_POINT ( 'NONE',  ( 51.70778888277527585, -38.50140858547049305, 3.000000000000000000 ) ) ;
#1553 = PLANE ( 'NONE',  #4822 ) ;
#1554 = DIRECTION ( 'NONE',  ( -0.000000000000000000, -0.000000000000000000, -1.000000000000000000 ) ) ;
#1555 = DIRECTION ( 'NONE',  ( -1.000000000000000000, 0.000000000000000000, 0.000000000000000000 ) ) ;
#1556 = EDGE_CURVE ( 'NONE', #3976, #216, #2855, .T. ) ;
#1557 = AXIS2_PLACEMENT_3D ( 'NONE', #5344, #3583, #5401 ) ;
#1558 = CARTESIAN_POINT ( 'NONE',  ( 55.67099752524903522, -29.59477664196644398, 23.43294756465299500 ) ) ;
#1559 = CARTESIAN_POINT ( 'NONE',  ( 14.95999999999997954, -24.75000000000002132, 23.43294756465299500 ) ) ;
#1560 = CARTESIAN_POINT ( 'NONE',  ( 13.53999999999997783, -13.46000000000002927, 1.449999625923625857 ) ) ;
#1561 = VERTEX_POINT ( 'NONE', #963 ) ;
#1562 = VECTOR ( 'NONE', #2184, 1000.000000000000000 ) ;
#1563 = EDGE_CURVE ( 'NONE', #3912, #1966, #4644, .T. ) ;
#1564 = CARTESIAN_POINT ( 'NONE',  ( 65.99999999999998579, -65.99999999999998579, 3.000000000000000000 ) ) ;
#1565 = VECTOR ( 'NONE', #4105, 1000.000000000000227 ) ;
#1566 = DIRECTION ( 'NONE',  ( 1.000000000000000000, 0.000000000000000000, 0.000000000000000000 ) ) ;
#1567 =( NAMED_UNIT ( * ) PLANE_ANGLE_UNIT ( ) SI_UNIT ( $, .RADIAN. ) );
#1568 = ORIENTED_EDGE ( 'NONE', *, *, #854, .T. ) ;
#1569 = VERTEX_POINT ( 'NONE', #3723 ) ;
#1570 = CARTESIAN_POINT ( 'NONE',  ( 51.70787026260590835, -33.50140858613276151, 0.000000000000000000 ) ) ;
#1571 = AXIS2_PLACEMENT_3D ( 'NONE', #5620, #4672, #2346 ) ;
#1572 = VECTOR ( 'NONE', #4533, 1000.000000000000000 ) ;
#1573 = VECTOR ( 'NONE', #1141, 1000.000000000000000 ) ;
#1574 = CYLINDRICAL_SURFACE ( 'NONE', #5201, 1.750000000000001554 ) ;
#1575 = VERTEX_POINT ( 'NONE', #5593 ) ;
#1576 = ORIENTED_EDGE ( 'NONE', *, *, #3795, .T. ) ;
#1577 = CARTESIAN_POINT ( 'NONE',  ( -39.16029472717970350, -30.49992961855991069, 0.000000000000000000 ) ) ;
#1578 = CARTESIAN_POINT ( 'NONE',  ( 51.70808186218739166, -2.999931335448996261, 0.000000000000000000 ) ) ;
#1579 = CIRCLE ( 'NONE', #1187, 0.5000000000000004441 ) ;
#1580 = EDGE_CURVE ( 'NONE', #4498, #2311, #5154, .T. ) ;
#1581 = CARTESIAN_POINT ( 'NONE',  ( -42.63483199611572871, -38.49987306816863963, 36.80533964865399810 ) ) ;
#1582 = CARTESIAN_POINT ( 'NONE',  ( 50.52500206014519790, -33.50138933380996775, 0.000000000000000000 ) ) ;
#1583 = VECTOR ( 'NONE', #2571, 1000.000000000000000 ) ;
#1584 = CARTESIAN_POINT ( 'NONE',  ( -30.49987792968802225, -5.499931335448994929, 3.000000000000000000 ) ) ;
#1585 = ORIENTED_EDGE ( 'NONE', *, *, #5628, .T. ) ;
#1586 = CARTESIAN_POINT ( 'NONE',  ( 44.35714285714286120, 45.59291590537790029, 1.500000000000000000 ) ) ;
#1587 = DIRECTION ( 'NONE',  ( -0.000000000000000000, -0.000000000000000000, 1.000000000000000000 ) ) ;
#1588 = DIRECTION ( 'NONE',  ( 0.000000000000000000, 0.000000000000000000, 1.000000000000000000 ) ) ;
#1589 = ORIENTED_EDGE ( 'NONE', *, *, #2335, .T. ) ;
#1590 = EDGE_CURVE ( 'NONE', #3438, #4786, #3763, .T. ) ;
#1591 = ADVANCED_FACE ( 'NONE', ( #517 ), #3657, .F. ) ;
#1592 = DIRECTION ( 'NONE',  ( -0.000000000000000000, 0.000000000000000000, -1.000000000000000000 ) ) ;
#1593 = CARTESIAN_POINT ( 'NONE',  ( -39.16013196753240777, -7.499931335448996705, 0.000000000000000000 ) ) ;
#1594 = DATE_AND_TIME ( #3979, #3521 ) ;
#1595 = ORIENTED_EDGE ( 'NONE', *, *, #3749, .T. ) ;
#1596 = ORIENTED_EDGE ( 'NONE', *, *, #137, .T. ) ;
#1597 = DIRECTION ( 'NONE',  ( 0.000000000000000000, 0.000000000000000000, 1.000000000000000000 ) ) ;
#1598 = AXIS2_PLACEMENT_3D ( 'NONE', #211, #1592, #1140 ) ;
#1599 = EDGE_CURVE ( 'NONE', #3116, #4968, #3242, .T. ) ;
#1600 = EDGE_CURVE ( 'NONE', #4468, #884, #452, .T. ) ;
#1601 = DIRECTION ( 'NONE',  ( -1.000000000000000000, 0.000000000000000000, 0.000000000000000000 ) ) ;
#1602 = EDGE_LOOP ( 'NONE', ( #2831 ) ) ;
#1603 = ORIENTED_EDGE ( 'NONE', *, *, #5783, .F. ) ;
#1604 = CARTESIAN_POINT ( 'NONE',  ( -13.92494201660204212, -55.62510013580300949, 23.43294756465299500 ) ) ;
#1605 = CYLINDRICAL_SURFACE ( 'NONE', #5629, 1.750000000000001554 ) ;
#1606 = AXIS2_PLACEMENT_3D ( 'NONE', #4640, #1439, #3297 ) ;
#1607 = CARTESIAN_POINT ( 'NONE',  ( 39.16013196753240777, -10.49993133544899493, 0.000000000000000000 ) ) ;
#1608 = DIRECTION ( 'NONE',  ( 4.180742545671757368E-15, 4.371140887755362005E-08, 0.9999999999999991118 ) ) ;
#1609 = AXIS2_PLACEMENT_3D ( 'NONE', #2018, #613, #1483 ) ;
#1610 = VECTOR ( 'NONE', #4506, 1000.000000000000000 ) ;
#1611 = VERTEX_POINT ( 'NONE', #548 ) ;
#1612 = CARTESIAN_POINT ( 'NONE',  ( -42.83905219599951408, -33.49986974362532521, 1.450000501895056582 ) ) ;
#1613 = EDGE_LOOP ( 'NONE', ( #4919, #3980, #4278, #666 ) ) ;
#1614 = VECTOR ( 'NONE', #2763, 1000.000000000000000 ) ;
#1615 = VECTOR ( 'NONE', #1905, 1000.000000000000000 ) ;
#1616 = CARTESIAN_POINT ( 'NONE',  ( 50.52500172706440651, -40.76931592906048962, 1.450000653111679139 ) ) ;
#1617 = DIRECTION ( 'NONE',  ( 0.000000000000000000, -0.000000000000000000, 1.000000000000000000 ) ) ;
#1618 = CARTESIAN_POINT ( 'NONE',  ( -37.43782217350893404, 50.00000000000002842, 1.500000000000000000 ) ) ;
#1619 = ORIENTED_EDGE ( 'NONE', *, *, #516, .T. ) ;
#1620 = AXIS2_PLACEMENT_3D ( 'NONE', #1404, #985, #1888 ) ;
#1621 = EDGE_CURVE ( 'NONE', #1396, #5269, #1412, .T. ) ;
#1622 = DIRECTION ( 'NONE',  ( 0.000000000000000000, 1.000000000000000000, 0.000000000000000000 ) ) ;
#1623 = DIRECTION ( 'NONE',  ( -0.000000000000000000, 0.000000000000000000, -1.000000000000000000 ) ) ;
#1624 = PERSON_AND_ORGANIZATION ( #1383, #365 ) ;
#1625 = ORIENTED_EDGE ( 'NONE', *, *, #3964, .T. ) ;
#1626 = AXIS2_PLACEMENT_3D ( 'NONE', #150, #203, #3881 ) ;
#1627 = ORIENTED_EDGE ( 'NONE', *, *, #1113, .T. ) ;
#1628 = CARTESIAN_POINT ( 'NONE',  ( -61.00000000000001421, -61.00000000000000711, 3.000000000000000000 ) ) ;
#1629 = AXIS2_PLACEMENT_3D ( 'NONE', #5132, #3793, #1519 ) ;
#1630 = EDGE_CURVE ( 'NONE', #393, #5124, #1384, .T. ) ;
#1631 = CARTESIAN_POINT ( 'NONE',  ( -52.50000000000002132, -5.000000000000015099, 23.43294756465299500 ) ) ;
#1632 = ORIENTED_EDGE ( 'NONE', *, *, #499, .F. ) ;
#1633 = ORIENTED_EDGE ( 'NONE', *, *, #4337, .F. ) ;
#1634 = FACE_OUTER_BOUND ( 'NONE', #3031, .T. ) ;
#1635 = ORIENTED_EDGE ( 'NONE', *, *, #3919, .T. ) ;
#1636 = ADVANCED_FACE ( 'NONE', ( #5029 ), #933, .F. ) ;
#1637 = DIRECTION ( 'NONE',  ( 0.000000000000000000, 0.000000000000000000, 1.000000000000000000 ) ) ;
#1638 = DIRECTION ( 'NONE',  ( -1.000000000000000000, 0.000000000000000000, 0.000000000000000000 ) ) ;
#1639 = ORIENTED_EDGE ( 'NONE', *, *, #3163, .F. ) ;
#1640 = PLANE ( 'NONE',  #1436 ) ;
#1641 = PRODUCT_RELATED_PRODUCT_CATEGORY ( 'detail', '', ( #2453 ) ) ;
#1642 = ORIENTED_EDGE ( 'NONE', *, *, #540, .F. ) ;
#1643 = FACE_BOUND ( 'NONE', #4204, .T. ) ;
#1644 = CARTESIAN_POINT ( 'NONE',  ( 39.16013196753240777, -2.499931335448995373, 0.000000000000000000 ) ) ;
#1645 = CARTESIAN_POINT ( 'NONE',  ( 51.70787026260590835, -33.50140858613276151, 3.000000000000000000 ) ) ;
#1646 = ORIENTED_EDGE ( 'NONE', *, *, #4729, .T. ) ;
#1647 = DIRECTION ( 'NONE',  ( -0.000000000000000000, 0.000000000000000000, 1.000000000000000000 ) ) ;
#1648 = EDGE_CURVE ( 'NONE', #4075, #5356, #39, .T. ) ;
#1649 = AXIS2_PLACEMENT_3D ( 'NONE', #1607, #4747, #650 ) ;
#1650 = PLANE ( 'NONE',  #4152 ) ;
#1651 = APPROVAL_DATE_TIME ( #1142, #1258 ) ;
#1652 = VERTEX_POINT ( 'NONE', #4198 ) ;
#1653 = ORIENTED_EDGE ( 'NONE', *, *, #890, .F. ) ;
#1654 = DIRECTION ( 'NONE',  ( 0.000000000000000000, 0.000000000000000000, -1.000000000000000000 ) ) ;
#1655 = CIRCLE ( 'NONE', #4520, 2.000000000000003553 ) ;
#1656 = CARTESIAN_POINT ( 'NONE',  ( -37.99999999999998579, 50.00000000000002842, 3.000000000000000000 ) ) ;
#1657 = ORIENTED_EDGE ( 'NONE', *, *, #1459, .T. ) ;
#1658 = DIRECTION ( 'NONE',  ( 0.000000000000000000, -0.000000000000000000, 1.000000000000000000 ) ) ;
#1659 = DIRECTION ( 'NONE',  ( -0.000000000000000000, 0.000000000000000000, 1.000000000000000000 ) ) ;
#1660 = ORIENTED_EDGE ( 'NONE', *, *, #1916, .T. ) ;
#1661 = ORIENTED_EDGE ( 'NONE', *, *, #303, .F. ) ;
#1662 = ORIENTED_EDGE ( 'NONE', *, *, #137, .F. ) ;
#1663 = EDGE_CURVE ( 'NONE', #612, #21, #5788, .T. ) ;
#1664 = AXIS2_PLACEMENT_3D ( 'NONE', #5719, #256, #5777 ) ;
#1665 = AXIS2_PLACEMENT_3D ( 'NONE', #2882, #5117, #5556 ) ;
#1666 = EDGE_CURVE ( 'NONE', #645, #3989, #1507, .T. ) ;
#1667 = PLANE ( 'NONE',  #3582 ) ;
#1668 = ORIENTED_EDGE ( 'NONE', *, *, #2657, .F. ) ;
#1669 = PLANE ( 'NONE',  #3148 ) ;
#1670 = FACE_OUTER_BOUND ( 'NONE', #789, .T. ) ;
#1671 = ORIENTED_EDGE ( 'NONE', *, *, #2650, .T. ) ;
#1672 = VECTOR ( 'NONE', #119, 1000.000000000000000 ) ;
#1673 = PLANE ( 'NONE',  #654 ) ;
#1674 = DIRECTION ( 'NONE',  ( -0.000000000000000000, 0.000000000000000000, 1.000000000000000000 ) ) ;
#1675 = DIRECTION ( 'NONE',  ( -0.9999999998675463964, 1.627596612587094081E-05, -7.072646676600397240E-13 ) ) ;
#1676 = CYLINDRICAL_SURFACE ( 'NONE', #4864, 2.000000000000001776 ) ;
#1677 = ORIENTED_EDGE ( 'NONE', *, *, #4224, .T. ) ;
#1678 = AXIS2_PLACEMENT_3D ( 'NONE', #2809, #5109, #1012 ) ;
#1679 = CARTESIAN_POINT ( 'NONE',  ( -39.16013196753240777, -0.4999313354489935968, 3.000000000000000000 ) ) ;
#1680 = LINE ( 'NONE', #2014, #2344 ) ;
#1681 = CALENDAR_DATE ( 2026, 17, 4 ) ;
#1682 = ORIENTED_EDGE ( 'NONE', *, *, #1282, .F. ) ;
#1683 = ORIENTED_EDGE ( 'NONE', *, *, #1081, .T. ) ;
#1684 = DIRECTION ( 'NONE',  ( 0.000000000000000000, 0.000000000000000000, -1.000000000000000000 ) ) ;
#1685 = DIRECTION ( 'NONE',  ( -1.000000000000000000, 0.000000000000000000, 0.000000000000000000 ) ) ;
#1686 = ORIENTED_EDGE ( 'NONE', *, *, #901, .F. ) ;
#1687 = PLANE ( 'NONE',  #5894 ) ;
#1688 = LINE ( 'NONE', #3513, #88 ) ;
#1689 = EDGE_LOOP ( 'NONE', ( #4349, #1904, #5513, #1150 ) ) ;
#1690 = ORIENTED_EDGE ( 'NONE', *, *, #1965, .T. ) ;
#1691 = ORIENTED_EDGE ( 'NONE', *, *, #3205, .F. ) ;
#1692 = AXIS2_PLACEMENT_3D ( 'NONE', #3889, #2989, #2066 ) ;
#1693 = ADVANCED_FACE ( 'NONE', ( #5622 ), #4733, .F. ) ;
#1694 = DIRECTION ( 'NONE',  ( 1.000000000000000000, 1.994248318681189754E-16, -0.000000000000000000 ) ) ;
#1695 = ORIENTED_EDGE ( 'NONE', *, *, #1251, .T. ) ;
#1696 = LINE ( 'NONE', #3068, #4206 ) ;
#1697 = DIRECTION ( 'NONE',  ( -4.180742545671762101E-15, -4.371140887755362005E-08, -0.9999999999999992228 ) ) ;
#1698 = ORIENTED_EDGE ( 'NONE', *, *, #707, .T. ) ;
#1699 = EDGE_CURVE ( 'NONE', #674, #1161, #1789, .T. ) ;
#1700 = DIRECTION ( 'NONE',  ( -1.000000000000000000, 0.000000000000000000, 0.000000000000000000 ) ) ;
#1701 = LINE ( 'NONE', #1644, #1259 ) ;
#1702 = FACE_OUTER_BOUND ( 'NONE', #5447, .T. ) ;
#1703 = DIRECTION ( 'NONE',  ( 1.000000000000000000, 0.000000000000000000, 0.000000000000000000 ) ) ;
#1704 = EDGE_CURVE ( 'NONE', #2088, #3846, #184, .T. ) ;
#1705 = ORIENTED_EDGE ( 'NONE', *, *, #3717, .T. ) ;
#1706 = CIRCLE ( 'NONE', #3994, 3.000000000000000444 ) ;
#1707 = EDGE_CURVE ( 'NONE', #522, #3402, #5407, .T. ) ;
#1708 = CC_DESIGN_APPROVAL ( #3764, ( #5521 ) ) ;
#1709 = EDGE_CURVE ( 'NONE', #2765, #997, #3509, .T. ) ;
#1710 = DIRECTION ( 'NONE',  ( 0.000000000000000000, -0.9999999999999991118, 4.371140884147635601E-08 ) ) ;
#1711 = DIRECTION ( 'NONE',  ( -0.000000000000000000, 0.000000000000000000, 1.000000000000000000 ) ) ;
#1712 = COORDINATED_UNIVERSAL_TIME_OFFSET ( 3, 0, .AHEAD. ) ;
#1713 = ORIENTED_EDGE ( 'NONE', *, *, #2474, .F. ) ;
#1714 = ORIENTED_EDGE ( 'NONE', *, *, #2982, .F. ) ;
#1715 = DIRECTION ( 'NONE',  ( -0.000000000000000000, -0.000000000000000000, 1.000000000000000000 ) ) ;
#1716 = DIRECTION ( 'NONE',  ( -1.000000000000000000, 1.994248318681190000E-16, 4.180742536954625851E-15 ) ) ;
#1717 = ORIENTED_EDGE ( 'NONE', *, *, #2911, .F. ) ;
#1718 = CIRCLE ( 'NONE', #2670, 3.500000000000003109 ) ;
#1719 = DIRECTION ( 'NONE',  ( 0.000000000000000000, -0.000000000000000000, 1.000000000000000000 ) ) ;
#1720 = LINE ( 'NONE', #3541, #4196 ) ;
#1721 = EDGE_LOOP ( 'NONE', ( #4647, #5159, #3630, #798 ) ) ;
#1722 = ORIENTED_EDGE ( 'NONE', *, *, #5746, .T. ) ;
#1723 = ORIENTED_EDGE ( 'NONE', *, *, #1473, .T. ) ;
#1724 = CIRCLE ( 'NONE', #1241, 12.50000000000000355 ) ;
#1725 = DIRECTION ( 'NONE',  ( -0.000000000000000000, -0.000000000000000000, -1.000000000000000000 ) ) ;
#1726 = EDGE_CURVE ( 'NONE', #3082, #1778, #4702, .T. ) ;
#1727 = ORIENTED_EDGE ( 'NONE', *, *, #5273, .T. ) ;
#1728 = LINE ( 'NONE', #3523, #667 ) ;
#1729 = FACE_OUTER_BOUND ( 'NONE', #1755, .T. ) ;
#1730 = EDGE_LOOP ( 'NONE', ( #2916 ) ) ;
#1731 = EDGE_CURVE ( 'NONE', #456, #1575, #687, .T. ) ;
#1732 = DIRECTION ( 'NONE',  ( 0.000000000000000000, 0.000000000000000000, -1.000000000000000000 ) ) ;
#1733 = CARTESIAN_POINT ( 'NONE',  ( 37.99999999999998579, 24.00000000000002842, 0.000000000000000000 ) ) ;
#1734 = DIRECTION ( 'NONE',  ( 1.000000000000000000, -3.854941057726248944E-16, 0.000000000000000000 ) ) ;
#1735 = DIRECTION ( 'NONE',  ( -0.000000000000000000, -0.000000000000000000, -1.000000000000000000 ) ) ;
#1736 = ORIENTED_EDGE ( 'NONE', *, *, #1971, .F. ) ;
#1737 = EDGE_CURVE ( 'NONE', #397, #4941, #2845, .T. ) ;
#1738 = DIRECTION ( 'NONE',  ( -0.000000000000000000, -0.000000000000000000, 1.000000000000000000 ) ) ;
#1739 = EDGE_CURVE ( 'NONE', #209, #2972, #5128, .T. ) ;
#1740 = CARTESIAN_POINT ( 'NONE',  ( 42.83864707157683682, -37.50126423148633137, 1.450000676801287192 ) ) ;
#1741 = ORIENTED_EDGE ( 'NONE', *, *, #4358, .T. ) ;
#1742 = CARTESIAN_POINT ( 'NONE',  ( 51.70808186218739166, -2.999931335448996261, 3.000000000000000000 ) ) ;
#1743 = CIRCLE ( 'NONE', #3277, 3.000000000000002665 ) ;
#1744 = DIRECTION ( 'NONE',  ( 0.000000000000000000, 0.000000000000000000, -1.000000000000000000 ) ) ;
#1745 = FACE_OUTER_BOUND ( 'NONE', #1959, .T. ) ;
#1746 = CARTESIAN_POINT ( 'NONE',  ( 2.074954986571962312, -57.07508182525601370, 23.43294756465299500 ) ) ;
#1747 = ORIENTED_EDGE ( 'NONE', *, *, #3888, .T. ) ;
#1748 = ORIENTED_EDGE ( 'NONE', *, *, #1282, .T. ) ;
#1749 = ORIENTED_EDGE ( 'NONE', *, *, #5380, .T. ) ;
#1750 = VECTOR ( 'NONE', #4168, 1000.000000000000000 ) ;
#1751 = CARTESIAN_POINT ( 'NONE',  ( 60.99999999999999289, -65.99999999999998579, 0.000000000000000000 ) ) ;
#1752 = ORIENTED_EDGE ( 'NONE', *, *, #2445, .F. ) ;
#1753 = DIRECTION ( 'NONE',  ( 1.627596612587094759E-05, 0.9999999998675465074, 0.000000000000000000 ) ) ;
#1754 = DIRECTION ( 'NONE',  ( -0.000000000000000000, -0.000000000000000000, -1.000000000000000000 ) ) ;
#1755 = EDGE_LOOP ( 'NONE', ( #3544 ) ) ;
#1756 = CIRCLE ( 'NONE', #2620, 1.000000000000001776 ) ;
#1757 = EDGE_CURVE ( 'NONE', #4673, #1265, #4366, .T. ) ;
#1758 = DIRECTION ( 'NONE',  ( -0.000000000000000000, 0.000000000000000000, -1.000000000000000000 ) ) ;
#1759 = CARTESIAN_POINT ( 'NONE',  ( 15.53999999999997783, -18.54000000000002757, 1.449999847977575751 ) ) ;
#1760 = CARTESIAN_POINT ( 'NONE',  ( -37.42808115996353280, -1.499931335448999592, 3.000000000000000000 ) ) ;
#1761 = CIRCLE ( 'NONE', #2909, 12.50000000000000355 ) ;
#1762 = AXIS2_PLACEMENT_3D ( 'NONE', #4341, #665, #2040 ) ;
#1763 = DIRECTION ( 'NONE',  ( 1.000000000000000000, 0.000000000000000000, 0.000000000000000000 ) ) ;
#1764 = ORIENTED_EDGE ( 'NONE', *, *, #1890, .F. ) ;
#1765 = VECTOR ( 'NONE', #3848, 1000.000000000000000 ) ;
#1766 = AXIS2_PLACEMENT_3D ( 'NONE', #3451, #756, #4877 ) ;
#1767 = DIRECTION ( 'NONE',  ( -3.414809992080328037E-16, 1.000000000000000000, -0.000000000000000000 ) ) ;
#1768 = DIRECTION ( 'NONE',  ( -0.000000000000000000, -0.000000000000000000, -1.000000000000000000 ) ) ;
#1769 = VERTEX_POINT ( 'NONE', #4254 ) ;
#1770 = AXIS2_PLACEMENT_3D ( 'NONE', #475, #1371, #2782 ) ;
#1771 = EDGE_CURVE ( 'NONE', #2112, #1031, #5235, .T. ) ;
#1772 = EDGE_CURVE ( 'NONE', #2920, #5789, #2013, .T. ) ;
#1773 = DIRECTION ( 'NONE',  ( 0.000000000000000000, -0.000000000000000000, 1.000000000000000000 ) ) ;
#1774 = ORIENTED_EDGE ( 'NONE', *, *, #2305, .T. ) ;
#1775 = DIRECTION ( 'NONE',  ( -0.000000000000000000, 0.000000000000000000, -1.000000000000000000 ) ) ;
#1776 = DIRECTION ( 'NONE',  ( -1.627596612607036964E-05, -0.9999999998675465074, 0.000000000000000000 ) ) ;
#1777 = VERTEX_POINT ( 'NONE', #2912 ) ;
#1778 = VERTEX_POINT ( 'NONE', #3840 ) ;
#1779 = CARTESIAN_POINT ( 'NONE',  ( 52.20787840052274476, -33.00141672418205019, 0.000000000000000000 ) ) ;
#1780 = EDGE_CURVE ( 'NONE', #1317, #111, #3392, .T. ) ;
#1781 = ADVANCED_FACE ( 'NONE', ( #1112 ), #5727, .F. ) ;
#1782 = FACE_OUTER_BOUND ( 'NONE', #832, .T. ) ;
#1783 = EDGE_LOOP ( 'NONE', ( #183, #3309, #5071, #69, #4446, #2322, #2741, #2383 ) ) ;
#1784 = VERTEX_POINT ( 'NONE', #2934 ) ;
#1785 = DIRECTION ( 'NONE',  ( 1.000000000000000000, 0.000000000000000000, 0.000000000000000000 ) ) ;
#1786 = DIRECTION ( 'NONE',  ( 1.000000000000000000, 0.000000000000000000, 0.000000000000000000 ) ) ;
#1787 = EDGE_LOOP ( 'NONE', ( #3091, #4068, #5715, #5770 ) ) ;
#1788 = CIRCLE ( 'NONE', #3325, 2.000000000000000000 ) ;
#1789 = CIRCLE ( 'NONE', #3983, 2.000000000000001776 ) ;
#1790 = DIRECTION ( 'NONE',  ( -1.000000000000000000, 0.000000000000000000, 0.000000000000000000 ) ) ;
#1791 = DIRECTION ( 'NONE',  ( -4.180742545671762101E-15, -4.371140887755362005E-08, -0.9999999999999992228 ) ) ;
#1792 = CARTESIAN_POINT ( 'NONE',  ( 2.074954986571962312, -55.32508182525601370, 0.000000000000000000 ) ) ;
#1793 = DIRECTION ( 'NONE',  ( -1.000000000000000000, 0.000000000000000000, 0.000000000000000000 ) ) ;
#1794 = ORIENTED_EDGE ( 'NONE', *, *, #4365, .T. ) ;
#1795 = DIRECTION ( 'NONE',  ( 1.000000000000000000, 0.000000000000000000, 0.000000000000000000 ) ) ;
#1796 = FACE_OUTER_BOUND ( 'NONE', #7, .T. ) ;
#1797 = VECTOR ( 'NONE', #2427, 1000.000000000000000 ) ;
#1798 = PLANE ( 'NONE',  #4248 ) ;
#1799 = AXIS2_PLACEMENT_3D ( 'NONE', #5455, #3222, #1429 ) ;
#1800 = AXIS2_PLACEMENT_3D ( 'NONE', #322, #382, #1276 ) ;
#1801 = ORIENTED_EDGE ( 'NONE', *, *, #4267, .F. ) ;
#1802 = EDGE_CURVE ( 'NONE', #3313, #2558, #4760, .T. ) ;
#1803 = VECTOR ( 'NONE', #1837, 1000.000000000000000 ) ;
#1804 = VECTOR ( 'NONE', #5506, 1000.000000000000000 ) ;
#1805 = DIRECTION ( 'NONE',  ( 0.000000000000000000, -1.000000000000000000, 0.000000000000000000 ) ) ;
#1806 = ORIENTED_EDGE ( 'NONE', *, *, #4315, .T. ) ;
#1807 = DIRECTION ( 'NONE',  ( -1.000000000000000000, 0.000000000000000000, 0.000000000000000000 ) ) ;
#1808 = CARTESIAN_POINT ( 'NONE',  ( -39.16042493490871124, -38.49992961750028542, 3.000000000000000000 ) ) ;
#1809 = VERTEX_POINT ( 'NONE', #4309 ) ;
#1810 = ORIENTED_EDGE ( 'NONE', *, *, #5807, .T. ) ;
#1811 = VERTEX_POINT ( 'NONE', #3416 ) ;
#1812 = CARTESIAN_POINT ( 'NONE',  ( 30.49987792968802225, -5.499931335448994929, 36.80533964865399810 ) ) ;
#1813 = EDGE_CURVE ( 'NONE', #3813, #3813, #4175, .T. ) ;
#1814 = CIRCLE ( 'NONE', #1049, 2.000000000000000888 ) ;
#1815 = DIRECTION ( 'NONE',  ( 1.000000000000000000, 0.000000000000000000, 0.000000000000000000 ) ) ;
#1816 = ORIENTED_EDGE ( 'NONE', *, *, #1298, .F. ) ;
#1817 = ORIENTED_EDGE ( 'NONE', *, *, #5350, .T. ) ;
#1818 = ADVANCED_FACE ( 'NONE', ( #4787 ), #2517, .F. ) ;
#1819 = CARTESIAN_POINT ( 'NONE',  ( -51.70835855193554664, -37.49972538762529695, 3.000000000000000000 ) ) ;
#1820 = DIRECTION ( 'NONE',  ( 1.000000000000000000, 0.000000000000000000, 0.000000000000000000 ) ) ;
#1821 = EDGE_LOOP ( 'NONE', ( #1627, #2258, #4235, #2967 ) ) ;
#1822 = CIRCLE ( 'NONE', #380, 1.750000000000001554 ) ;
#1823 = AXIS2_PLACEMENT_3D ( 'NONE', #123, #1048, #180 ) ;
#1824 = CARTESIAN_POINT ( 'NONE',  ( 14.95999999999997954, -24.75000000000002132, 23.43294756465299500 ) ) ;
#1825 = FACE_OUTER_BOUND ( 'NONE', #3268, .T. ) ;
#1826 = LINE ( 'NONE', #4604, #5673 ) ;
#1827 = LINE ( 'NONE', #476, #5584 ) ;
#1828 = DIRECTION ( 'NONE',  ( 1.000000000000000000, -2.312964634635740689E-15, 0.000000000000000000 ) ) ;
#1829 = ORIENTED_EDGE ( 'NONE', *, *, #4984, .F. ) ;
#1830 = LINE ( 'NONE', #1891, #2854 ) ;
#1831 = DIRECTION ( 'NONE',  ( 0.000000000000000000, 0.000000000000000000, 1.000000000000000000 ) ) ;
#1832 = CARTESIAN_POINT ( 'NONE',  ( 39.15985526574843334, -37.50120435559551169, 1.450000676798686827 ) ) ;
#1833 = VERTEX_POINT ( 'NONE', #2693 ) ;
#1834 = EDGE_CURVE ( 'NONE', #2936, #2936, #3122, .T. ) ;
#1835 = CARTESIAN_POINT ( 'NONE',  ( 30.49987792968802225, -35.50007057189900195, 0.000000000000000000 ) ) ;
#1836 = ORIENTED_EDGE ( 'NONE', *, *, #3391, .T. ) ;
#1837 = DIRECTION ( 'NONE',  ( 0.000000000000000000, -0.000000000000000000, 1.000000000000000000 ) ) ;
#1838 = LINE ( 'NONE', #1294, #1522 ) ;
#1839 = EDGE_LOOP ( 'NONE', ( #4458, #1874, #5245, #3887 ) ) ;
#1840 = ORIENTED_EDGE ( 'NONE', *, *, #1771, .F. ) ;
#1841 = ORIENTED_EDGE ( 'NONE', *, *, #854, .F. ) ;
#1842 = DIRECTION ( 'NONE',  ( 1.000000000000000000, 0.000000000000000000, 0.000000000000000000 ) ) ;
#1843 = AXIS2_PLACEMENT_3D ( 'NONE', #960, #5116, #896 ) ;
#1844 = DIRECTION ( 'NONE',  ( -0.000000000000000000, -0.000000000000000000, -1.000000000000000000 ) ) ;
#1845 = ORIENTED_EDGE ( 'NONE', *, *, #5009, .T. ) ;
#1846 = VECTOR ( 'NONE', #5078, 1000.000000000000000 ) ;
#1847 = EDGE_LOOP ( 'NONE', ( #4247, #583, #1053, #4239, #5720, #4499, #2774, #4926, #4033, #83, #4021, #866, #485, #1845 ) ) ;
#1848 = CARTESIAN_POINT ( 'NONE',  ( 42.00000000000000000, 46.00000000000001421, 3.000000000000000000 ) ) ;
#1849 = PLANE ( 'NONE',  #4571 ) ;
#1850 = ORIENTED_EDGE ( 'NONE', *, *, #5852, .F. ) ;
#1851 = ADVANCED_FACE ( 'NONE', ( #1796 ), #5881, .F. ) ;
#1852 = DIRECTION ( 'NONE',  ( -0.000000000000000000, -0.000000000000000000, 1.000000000000000000 ) ) ;
#1853 = VECTOR ( 'NONE', #5799, 1000.000000000000000 ) ;
#1854 = DIRECTION ( 'NONE',  ( 0.000000000000000000, 0.000000000000000000, -1.000000000000000000 ) ) ;
#1855 = FACE_OUTER_BOUND ( 'NONE', #2677, .T. ) ;
#1856 = CARTESIAN_POINT ( 'NONE',  ( 14.95999999999997954, -26.50000000000002487, 0.000000000000000000 ) ) ;
#1857 = DIRECTION ( 'NONE',  ( -0.000000000000000000, -0.000000000000000000, -1.000000000000000000 ) ) ;
#1858 = ORIENTED_EDGE ( 'NONE', *, *, #1530, .F. ) ;
#1859 = VECTOR ( 'NONE', #1768, 1000.000000000000000 ) ;
#1860 = ADVANCED_FACE ( 'NONE', ( #3977 ), #5761, .F. ) ;
#1861 = VECTOR ( 'NONE', #1030, 1000.000000000000000 ) ;
#1862 = DIRECTION ( 'NONE',  ( -4.180742545671762101E-15, -4.371140887755362005E-08, -0.9999999999999992228 ) ) ;
#1863 = AXIS2_PLACEMENT_3D ( 'NONE', #2990, #1623, #1566 ) ;
#1864 = CARTESIAN_POINT ( 'NONE',  ( 36.56205575617909176, -8.999931335448998482, 1.449999430967899405 ) ) ;
#1865 = DIRECTION ( 'NONE',  ( 0.000000000000000000, 0.000000000000000000, -1.000000000000000000 ) ) ;
#1866 = ORIENTED_EDGE ( 'NONE', *, *, #413, .F. ) ;
#1867 = AXIS2_PLACEMENT_3D ( 'NONE', #1178, #4379, #4826 ) ;
#1868 = DIRECTION ( 'NONE',  ( -0.000000000000000000, 0.000000000000000000, -1.000000000000000000 ) ) ;
#1869 = ORIENTED_EDGE ( 'NONE', *, *, #737, .T. ) ;
#1870 = AXIS2_PLACEMENT_3D ( 'NONE', #2308, #536, #5019 ) ;
#1871 = CARTESIAN_POINT ( 'NONE',  ( 47.02500206014519790, -33.50133236792851932, 1.450000501958358168 ) ) ;
#1872 = LINE ( 'NONE', #3245, #1804 ) ;
#1873 = ORIENTED_EDGE ( 'NONE', *, *, #296, .T. ) ;
#1874 = ORIENTED_EDGE ( 'NONE', *, *, #4257, .F. ) ;
#1875 = ORIENTED_EDGE ( 'NONE', *, *, #1531, .F. ) ;
#1876 = CARTESIAN_POINT ( 'NONE',  ( 60.99999999999999289, -60.99999999999999289, 0.000000000000000000 ) ) ;
#1877 = DIRECTION ( 'NONE',  ( -1.000000000000000000, -2.312964634635740689E-15, 0.000000000000000000 ) ) ;
#1878 = EDGE_LOOP ( 'NONE', ( #165, #3086, #3700, #5691 ) ) ;
#1879 = ORIENTED_EDGE ( 'NONE', *, *, #2870, .T. ) ;
#1880 = CARTESIAN_POINT ( 'NONE',  ( -52.50000000000002132, -5.000000000000014211, 23.43294756465299500 ) ) ;
#1881 = CARTESIAN_POINT ( 'NONE',  ( 10.99999999999988276, -20.54000000000003112, 1.449999935400410278 ) ) ;
#1882 = ORIENTED_EDGE ( 'NONE', *, *, #2253, .T. ) ;
#1883 = EDGE_CURVE ( 'NONE', #3637, #2598, #2158, .T. ) ;
#1884 = LINE ( 'NONE', #919, #3613 ) ;
#1885 = DIRECTION ( 'NONE',  ( 1.000000000000000000, 0.000000000000000000, 0.000000000000000000 ) ) ;
#1886 = CARTESIAN_POINT ( 'NONE',  ( -52.20836668985239015, -37.99971724957600117, 3.000000000000000000 ) ) ;
#1887 = CARTESIAN_POINT ( 'NONE',  ( -54.50000000000002132, -34.70000000000000284, 0.000000000000000000 ) ) ;
#1888 = DIRECTION ( 'NONE',  ( 0.000000000000000000, -0.9999999999999991118, 4.371140905831675080E-08 ) ) ;
#1889 = VERTEX_POINT ( 'NONE', #3019 ) ;
#1890 = EDGE_CURVE ( 'NONE', #4127, #4565, #4274, .T. ) ;
#1891 = CARTESIAN_POINT ( 'NONE',  ( 2.074954986571962312, -55.32508182525601370, 23.43294756465299500 ) ) ;
#1892 = CARTESIAN_POINT ( 'NONE',  ( 37.99999999999998579, 24.00000000000002842, 0.000000000000000000 ) ) ;
#1893 = CARTESIAN_POINT ( 'NONE',  ( 37.43782217350893404, 53.00000000000003553, 1.500000000000000000 ) ) ;
#1894 = EDGE_LOOP ( 'NONE', ( #280, #4450, #3174, #1295 ) ) ;
#1895 = ADVANCED_FACE ( 'NONE', ( #5406 ), #3051, .F. ) ;
#1896 = CIRCLE ( 'NONE', #5615, 7.000000000000001776 ) ;
#1897 = LINE ( 'NONE', #5503, #2231 ) ;
#1898 = AXIS2_PLACEMENT_3D ( 'NONE', #1934, #4709, #162 ) ;
#1899 = VECTOR ( 'NONE', #534, 1000.000000000000227 ) ;
#1900 = EDGE_CURVE ( 'NONE', #2703, #4057, #3589, .T. ) ;
#1901 = CARTESIAN_POINT ( 'NONE',  ( -13.92494201660204212, -53.87510013580300949, 23.43294756465299500 ) ) ;
#1902 = DIRECTION ( 'NONE',  ( 0.000000000000000000, 0.000000000000000000, 1.000000000000000000 ) ) ;
#1903 = ORIENTED_EDGE ( 'NONE', *, *, #3444, .T. ) ;
#1904 = ORIENTED_EDGE ( 'NONE', *, *, #1151, .F. ) ;
#1905 = DIRECTION ( 'NONE',  ( -1.000000000000000000, 0.000000000000000000, 4.180742545671766046E-15 ) ) ;
#1906 = CIRCLE ( 'NONE', #5234, 3.000000000000002220 ) ;
#1907 = CC_DESIGN_APPROVAL ( #2697, ( #5048 ) ) ;
#1908 = AXIS2_PLACEMENT_3D ( 'NONE', #1812, #5449, #1357 ) ;
#1909 = PLANE ( 'NONE',  #5284 ) ;
#1910 = ORIENTED_EDGE ( 'NONE', *, *, #2770, .T. ) ;
#1911 = ORIENTED_EDGE ( 'NONE', *, *, #1630, .T. ) ;
#1912 = CYLINDRICAL_SURFACE ( 'NONE', #2052, 1.000000000000000888 ) ;
#1913 = DIRECTION ( 'NONE',  ( 0.000000000000000000, 0.000000000000000000, -1.000000000000000000 ) ) ;
#1914 = ORIENTED_EDGE ( 'NONE', *, *, #2147, .T. ) ;
#1915 = AXIS2_PLACEMENT_3D ( 'NONE', #2214, #4005, #5787 ) ;
#1916 = EDGE_CURVE ( 'NONE', #4355, #2711, #5319, .T. ) ;
#1917 = FACE_OUTER_BOUND ( 'NONE', #4952, .T. ) ;
#1918 = PLANE ( 'NONE',  #3941 ) ;
#1919 = CYLINDRICAL_SURFACE ( 'NONE', #335, 3.500000000000003109 ) ;
#1920 = DIRECTION ( 'NONE',  ( -0.000000000000000000, -0.000000000000000000, -1.000000000000000000 ) ) ;
#1921 = LINE ( 'NONE', #1045, #5814 ) ;
#1922 = EDGE_CURVE ( 'NONE', #4770, #2529, #4563, .T. ) ;
#1923 = ORIENTED_EDGE ( 'NONE', *, *, #499, .T. ) ;
#1924 = DIRECTION ( 'NONE',  ( -0.000000000000000000, -0.000000000000000000, 1.000000000000000000 ) ) ;
#1925 = DIRECTION ( 'NONE',  ( -0.000000000000000000, 0.000000000000000000, -1.000000000000000000 ) ) ;
#1926 = DIRECTION ( 'NONE',  ( -0.000000000000000000, -0.000000000000000000, -1.000000000000000000 ) ) ;
#1927 = ADVANCED_FACE ( 'NONE', ( #4426 ), #749, .F. ) ;
#1928 = ORIENTED_EDGE ( 'NONE', *, *, #1452, .T. ) ;
#1929 = EDGE_CURVE ( 'NONE', #186, #186, #2746, .T. ) ;
#1930 = DIRECTION ( 'NONE',  ( 0.000000000000000000, 0.000000000000000000, -1.000000000000000000 ) ) ;
#1931 = CARTESIAN_POINT ( 'NONE',  ( 14.95999999999997954, -26.50000000000002487, 1.450000195920390977 ) ) ;
#1932 = ORIENTED_EDGE ( 'NONE', *, *, #563, .T. ) ;
#1933 = EDGE_LOOP ( 'NONE', ( #5151, #5014, #2443, #4659 ) ) ;
#1934 = CARTESIAN_POINT ( 'NONE',  ( -54.50000000000002132, -22.00000000000000355, 0.000000000000000000 ) ) ;
#1935 = CARTESIAN_POINT ( 'NONE',  ( 52.20808186218739166, -2.999931335448996261, 3.000000000000000000 ) ) ;
#1936 = ORIENTED_EDGE ( 'NONE', *, *, #4878, .T. ) ;
#1937 = ORIENTED_EDGE ( 'NONE', *, *, #1813, .F. ) ;
#1938 = PLANE ( 'NONE',  #5579 ) ;
#1939 = DIRECTION ( 'NONE',  ( -0.000000000000000000, 0.000000000000000000, -1.000000000000000000 ) ) ;
#1940 = ORIENTED_EDGE ( 'NONE', *, *, #4947, .F. ) ;
#1941 = AXIS2_PLACEMENT_3D ( 'NONE', #927, #4581, #2345 ) ;
#1942 = CARTESIAN_POINT ( 'NONE',  ( 30.49963378098338396, -35.50106340185905651, 3.000000000000000000 ) ) ;
#1943 = VECTOR ( 'NONE', #1379, 1000.000000000000000 ) ;
#1944 = DIRECTION ( 'NONE',  ( -1.000000000000000000, -0.000000000000000000, -0.000000000000000000 ) ) ;
#1945 = CARTESIAN_POINT ( 'NONE',  ( 43.50000000000000000, 49.50000000000000711, 1.500000000000000000 ) ) ;
#1946 = FACE_OUTER_BOUND ( 'NONE', #4371, .T. ) ;
#1947 = FACE_OUTER_BOUND ( 'NONE', #2921, .T. ) ;
#1948 = ORIENTED_EDGE ( 'NONE', *, *, #3665, .F. ) ;
#1949 = VECTOR ( 'NONE', #3984, 999.9999999999998863 ) ;
#1950 = PLANE ( 'NONE',  #2012 ) ;
#1951 = CARTESIAN_POINT ( 'NONE',  ( 32.99999999999998579, -53.00000000000000711, 23.43294756465299500 ) ) ;
#1952 = LINE ( 'NONE', #1983, #1954 ) ;
#1953 = AXIS2_PLACEMENT_3D ( 'NONE', #4145, #1453, #51 ) ;
#1954 = VECTOR ( 'NONE', #5058, 1000.000000000000000 ) ;
#1955 = CARTESIAN_POINT ( 'NONE',  ( 39.15993664557905873, -32.50120435625778015, 0.000000000000000000 ) ) ;
#1956 = FACE_OUTER_BOUND ( 'NONE', #2678, .T. ) ;
#1957 = VERTEX_POINT ( 'NONE', #2825 ) ;
#1958 = EDGE_CURVE ( 'NONE', #4794, #2711, #928, .T. ) ;
#1959 = EDGE_LOOP ( 'NONE', ( #3623 ) ) ;
#1960 = ORIENTED_EDGE ( 'NONE', *, *, #1471, .T. ) ;
#1961 = DIRECTION ( 'NONE',  ( -0.000000000000000000, -0.000000000000000000, -1.000000000000000000 ) ) ;
#1962 = AXIS2_PLACEMENT_3D ( 'NONE', #1856, #507, #3074 ) ;
#1963 = VECTOR ( 'NONE', #1654, 1000.000000000000000 ) ;
#1964 = DIRECTION ( 'NONE',  ( 0.000000000000000000, 0.000000000000000000, 1.000000000000000000 ) ) ;
#1965 = EDGE_CURVE ( 'NONE', #4600, #4794, #4036, .T. ) ;
#1966 = VERTEX_POINT ( 'NONE', #1253 ) ;
#1967 = ORIENTED_EDGE ( 'NONE', *, *, #2791, .F. ) ;
#1968 = CARTESIAN_POINT ( 'NONE',  ( -56.50000000000000711, -41.00000000000000000, 23.43294756465299500 ) ) ;
#1969 = CARTESIAN_POINT ( 'NONE',  ( 43.99999999999998579, -51.00000000000000711, 23.43294756465299500 ) ) ;
#1970 = EDGE_LOOP ( 'NONE', ( #4833, #5424, #1215, #4855 ) ) ;
#1971 = EDGE_CURVE ( 'NONE', #4812, #5735, #3948, .T. ) ;
#1972 = VECTOR ( 'NONE', #3798, 1000.000000000000000 ) ;
#1973 = EDGE_CURVE ( 'NONE', #5495, #5094, #2217, .T. ) ;
#1974 = DIRECTION ( 'NONE',  ( -0.000000000000000000, -0.000000000000000000, -1.000000000000000000 ) ) ;
#1975 = DIRECTION ( 'NONE',  ( -0.9999999998675463964, 1.627596612607036625E-05, -7.072646676687567254E-13 ) ) ;
#1976 = LINE ( 'NONE', #4748, #531 ) ;
#1977 = CARTESIAN_POINT ( 'NONE',  ( -39.16045748684096850, -40.49992961723538087, 3.000000000000000000 ) ) ;
#1978 = LINE ( 'NONE', #4273, #579 ) ;
#1979 = EDGE_CURVE ( 'NONE', #1778, #3208, #4932, .T. ) ;
#1980 = VERTEX_POINT ( 'NONE', #3503 ) ;
#1981 = CARTESIAN_POINT ( 'NONE',  ( 52.20787840052274476, -33.00141672418205019, 0.000000000000000000 ) ) ;
#1982 = DIRECTION ( 'NONE',  ( 0.000000000000000000, -0.000000000000000000, 1.000000000000000000 ) ) ;
#1983 = CARTESIAN_POINT ( 'NONE',  ( -37.42839040353538138, -39.49995780816809798, 0.000000000000000000 ) ) ;
#1984 = VERTEX_POINT ( 'NONE', #3141 ) ;
#1985 = AXIS2_PLACEMENT_3D ( 'NONE', #388, #3621, #1710 ) ;
#1986 = CARTESIAN_POINT ( 'NONE',  ( 39.15996919751131600, -30.50120435652268824, 3.000000000000000000 ) ) ;
#1987 = CARTESIAN_POINT ( 'NONE',  ( 14.95999999999997954, -24.75000000000002132, 0.000000000000000000 ) ) ;
#1988 = CARTESIAN_POINT ( 'NONE',  ( -37.42826019580637364, -31.49995780922772681, 0.000000000000000000 ) ) ;
#1989 = ORIENTED_EDGE ( 'NONE', *, *, #97, .F. ) ;
#1990 = ORIENTED_EDGE ( 'NONE', *, *, #2136, .T. ) ;
#1991 = CARTESIAN_POINT ( 'NONE',  ( 30.50012016296399153, -5.499931269881894735, 1.449999277977990886 ) ) ;
#1992 = EDGE_CURVE ( 'NONE', #858, #2700, #4100, .T. ) ;
#1993 = FACE_OUTER_BOUND ( 'NONE', #968, .T. ) ;
#1994 = ORIENTED_EDGE ( 'NONE', *, *, #224, .T. ) ;
#1995 = CIRCLE ( 'NONE', #4472, 2.000000000000003553 ) ;
#1996 = VERTEX_POINT ( 'NONE', #2727 ) ;
#1997 = LINE ( 'NONE', #1968, #902 ) ;
#1998 = CARTESIAN_POINT ( 'NONE',  ( 51.83157107505930838, -32.51694999944220399, 1.450000484187200733 ) ) ;
#1999 = ADVANCED_FACE ( 'NONE', ( #543 ), #34, .F. ) ;
#2000 = VECTOR ( 'NONE', #2998, 1000.000000000000227 ) ;
#2001 = DIRECTION ( 'NONE',  ( 4.180742545671762101E-15, 4.371140887755362005E-08, 0.9999999999999992228 ) ) ;
#2002 = EDGE_CURVE ( 'NONE', #2861, #3507, #1743, .T. ) ;
#2003 = FACE_OUTER_BOUND ( 'NONE', #5887, .T. ) ;
#2004 = CARTESIAN_POINT ( 'NONE',  ( 51.70808186218739166, -7.999931335448993153, 3.000000000000000000 ) ) ;
#2005 = LINE ( 'NONE', #653, #264 ) ;
#2006 = CARTESIAN_POINT ( 'NONE',  ( 39.16013196753240777, -2.499931335448993597, 0.000000000000000000 ) ) ;
#2007 = CARTESIAN_POINT ( 'NONE',  ( -39.16013196753240777, -3.499931335448993597, 0.000000000000000000 ) ) ;
#2008 = AXIS2_PLACEMENT_3D ( 'NONE', #734, #5200, #1072 ) ;
#2009 = CARTESIAN_POINT ( 'NONE',  ( -39.16013196753240067, -8.499931335448993153, 1.449999409112511684 ) ) ;
#2010 = CARTESIAN_POINT ( 'NONE',  ( -45.00000000000000711, 42.66260283441133083, 1.500000000000000000 ) ) ;
#2011 = VERTEX_POINT ( 'NONE', #96 ) ;
#2012 = AXIS2_PLACEMENT_3D ( 'NONE', #236, #2061, #3883 ) ;
#2013 = LINE ( 'NONE', #4815, #2555 ) ;
#2014 = CARTESIAN_POINT ( 'NONE',  ( 39.15983898978230826, -38.50120435546305941, 3.000000000000000000 ) ) ;
#2015 = CARTESIAN_POINT ( 'NONE',  ( -51.50000000000000000, 55.00000000000000711, 3.000000000000000000 ) ) ;
#2016 = VERTEX_POINT ( 'NONE', #482 ) ;
#2017 = ORIENTED_EDGE ( 'NONE', *, *, #3049, .F. ) ;
#2018 = CARTESIAN_POINT ( 'NONE',  ( 39.15980643785005100, -40.50120435519815487, 1.450000807932913860 ) ) ;
#2019 = ADVANCED_FACE ( 'NONE', ( #4609 ), #3744, .T. ) ;
#2020 = DIRECTION ( 'NONE',  ( -0.000000000000000000, -0.000000000000000000, -1.000000000000000000 ) ) ;
#2021 = ORIENTED_EDGE ( 'NONE', *, *, #2679, .T. ) ;
#2022 = VERTEX_POINT ( 'NONE', #1892 ) ;
#2023 = DIRECTION ( 'NONE',  ( 0.000000000000000000, -0.9999999999999991118, 4.371140887245369423E-08 ) ) ;
#2024 = CARTESIAN_POINT ( 'NONE',  ( -57.00000000000000000, -3.000000000000000000, 1.449999168702584829 ) ) ;
#2025 = CYLINDRICAL_SURFACE ( 'NONE', #1649, 2.999999999999995559 ) ;
#2026 = DIRECTION ( 'NONE',  ( 4.180742545671757368E-15, 4.371140887755362005E-08, 0.9999999999999991118 ) ) ;
#2027 = DIRECTION ( 'NONE',  ( -0.000000000000000000, -0.000000000000000000, -1.000000000000000000 ) ) ;
#2028 = CARTESIAN_POINT ( 'NONE',  ( -39.16013196753240777, -3.499931335448993597, 3.000000000000000000 ) ) ;
#2029 = ORIENTED_EDGE ( 'NONE', *, *, #4336, .T. ) ;
#2030 = EDGE_CURVE ( 'NONE', #2592, #12, #4891, .T. ) ;
#2031 = AXIS2_PLACEMENT_3D ( 'NONE', #3687, #1831, #5555 ) ;
#2032 = DIRECTION ( 'NONE',  ( -1.000000000000000000, 0.000000000000000000, 0.000000000000000000 ) ) ;
#2033 = CARTESIAN_POINT ( 'NONE',  ( -54.50000000000002842, -33.70000000000000284, 23.43294756465299500 ) ) ;
#2034 = DIRECTION ( 'NONE',  ( -1.000000000000000000, 1.994248318681189754E-16, 0.000000000000000000 ) ) ;
#2035 = EDGE_CURVE ( 'NONE', #5645, #1296, #4222, .T. ) ;
#2036 = VERTEX_POINT ( 'NONE', #1864 ) ;
#2037 = EDGE_CURVE ( 'NONE', #2011, #1778, #3937, .T. ) ;
#2038 = ADVANCED_FACE ( 'NONE', ( #1469 ), #2281, .F. ) ;
#2039 = CARTESIAN_POINT ( 'NONE',  ( 41.99999999999999289, 28.00000000000006395, 1.500000000000000000 ) ) ;
#2040 = DIRECTION ( 'NONE',  ( 0.9999999998675463964, -1.627596612567151538E-05, 0.000000000000000000 ) ) ;
#2041 = ORIENTED_EDGE ( 'NONE', *, *, #223, .F. ) ;
#2042 = ORIENTED_EDGE ( 'NONE', *, *, #223, .T. ) ;
#2043 = DIRECTION ( 'NONE',  ( 4.180742545671757368E-15, 4.371140887755362005E-08, 0.9999999999999991118 ) ) ;
#2044 = AXIS2_PLACEMENT_3D ( 'NONE', #1560, #3443, #238 ) ;
#2045 = VECTOR ( 'NONE', #4768, 1000.000000000000000 ) ;
#2046 = VECTOR ( 'NONE', #3504, 1000.000000000000000 ) ;
#2047 = DIRECTION ( 'NONE',  ( 0.000000000000000000, -0.9999999999999991118, 4.371140884147639571E-08 ) ) ;
#2048 = ORIENTED_EDGE ( 'NONE', *, *, #5744, .F. ) ;
#2049 = ORIENTED_EDGE ( 'NONE', *, *, #664, .F. ) ;
#2050 = CARTESIAN_POINT ( 'NONE',  ( 13.53999999999997783, -11.46000000000002750, 0.000000000000000000 ) ) ;
#2051 = DIRECTION ( 'NONE',  ( -1.000000000000000000, 0.000000000000000000, 0.000000000000000000 ) ) ;
#2052 = AXIS2_PLACEMENT_3D ( 'NONE', #2392, #3254, #2329 ) ;
#2053 = VECTOR ( 'NONE', #782, 1000.000000000000000 ) ;
#2054 = FACE_OUTER_BOUND ( 'NONE', #4287, .T. ) ;
#2055 = DIRECTION ( 'NONE',  ( 0.9999999999999961142, 8.742277677795539484E-08, -8.002115286624055570E-15 ) ) ;
#2056 = VECTOR ( 'NONE', #2174, 1000.000000000000000 ) ;
#2057 = ORIENTED_EDGE ( 'NONE', *, *, #1531, .T. ) ;
#2058 = DIRECTION ( 'NONE',  ( 0.000000000000000000, 0.000000000000000000, -1.000000000000000000 ) ) ;
#2059 = VERTEX_POINT ( 'NONE', #5024 ) ;
#2060 = EDGE_CURVE ( 'NONE', #994, #994, #4035, .T. ) ;
#2061 = DIRECTION ( 'NONE',  ( -1.000000000000000000, 0.000000000000000000, 0.000000000000000000 ) ) ;
#2062 = LINE ( 'NONE', #4276, #5459 ) ;
#2063 = DIRECTION ( 'NONE',  ( 1.000000000000000000, 0.000000000000000000, 0.000000000000000000 ) ) ;
#2064 = ORIENTED_EDGE ( 'NONE', *, *, #3364, .T. ) ;
#2065 = ADVANCED_FACE ( 'NONE', ( #2817 ), #124, .T. ) ;
#2066 = DIRECTION ( 'NONE',  ( -1.000000000000000000, 0.000000000000000000, 0.000000000000000000 ) ) ;
#2067 = EDGE_CURVE ( 'NONE', #2172, #4498, #2422, .T. ) ;
#2068 = DIRECTION ( 'NONE',  ( 0.000000000000000000, 0.9999999999999991118, -4.371140887755362005E-08 ) ) ;
#2069 = SHAPE_DEFINITION_REPRESENTATION ( #199, #312 ) ;
#2070 = ORIENTED_EDGE ( 'NONE', *, *, #1109, .T. ) ;
#2071 = ORIENTED_EDGE ( 'NONE', *, *, #387, .F. ) ;
#2072 = LINE ( 'NONE', #3894, #1963 ) ;
#2073 = CIRCLE ( 'NONE', #3597, 4.999999999999997335 ) ;
#2074 = VECTOR ( 'NONE', #2378, 1000.000000000000000 ) ;
#2075 = ADVANCED_FACE ( 'NONE', ( #5056 ), #3299, .F. ) ;
#2076 = DIRECTION ( 'NONE',  ( -0.000000000000000000, 0.000000000000000000, -1.000000000000000000 ) ) ;
#2077 = ORIENTED_EDGE ( 'NONE', *, *, #464, .F. ) ;
#2078 = VERTEX_POINT ( 'NONE', #2787 ) ;
#2079 = CYLINDRICAL_SURFACE ( 'NONE', #4342, 0.5000000000000004441 ) ;
#2080 = VERTEX_POINT ( 'NONE', #4641 ) ;
#2081 = AXIS2_PLACEMENT_3D ( 'NONE', #2692, #987, #2726 ) ;
#2082 = DIRECTION ( 'NONE',  ( 4.180742545671762101E-15, 4.371140887755362005E-08, 0.9999999999999992228 ) ) ;
#2083 = CYLINDRICAL_SURFACE ( 'NONE', #3572, 0.5000000000000004441 ) ;
#2084 = AXIS2_PLACEMENT_3D ( 'NONE', #55, #5905, #1820 ) ;
#2085 = AXIS2_PLACEMENT_3D ( 'NONE', #738, #260, #3550 ) ;
#2086 = VERTEX_POINT ( 'NONE', #4550 ) ;
#2087 = LINE ( 'NONE', #1184, #100 ) ;
#2088 = VERTEX_POINT ( 'NONE', #447 ) ;
#2089 = VECTOR ( 'NONE', #2199, 1000.000000000000000 ) ;
#2090 = ADVANCED_FACE ( 'NONE', ( #4165 ), #1018, .T. ) ;
#2091 = CIRCLE ( 'NONE', #3240, 0.5000000000000004441 ) ;
#2092 = DIRECTION ( 'NONE',  ( -4.180742545671762101E-15, -4.371140887755362005E-08, -0.9999999999999992228 ) ) ;
#2093 = CARTESIAN_POINT ( 'NONE',  ( -36.56205575617909176, -1.999931335448990932, 1.449999124988343047 ) ) ;
#2094 = LINE ( 'NONE', #5286, #3825 ) ;
#2095 = ORIENTED_EDGE ( 'NONE', *, *, #4766, .T. ) ;
#2096 = CIRCLE ( 'NONE', #477, 4.000000000000003553 ) ;
#2097 = DIRECTION ( 'NONE',  ( -0.000000000000000000, -0.000000000000000000, -1.000000000000000000 ) ) ;
#2098 = EDGE_CURVE ( 'NONE', #2311, #2627, #575, .T. ) ;
#2099 = DIRECTION ( 'NONE',  ( -0.000000000000000000, -0.000000000000000000, 1.000000000000000000 ) ) ;
#2100 = DIRECTION ( 'NONE',  ( 1.000000000000000000, 0.000000000000000000, 0.000000000000000000 ) ) ;
#2101 = VERTEX_POINT ( 'NONE', #2432 ) ;
#2102 = VECTOR ( 'NONE', #4477, 1000.000000000000000 ) ;
#2103 = ORIENTED_EDGE ( 'NONE', *, *, #1666, .T. ) ;
#2104 = LINE ( 'NONE', #337, #2053 ) ;
#2105 = AXIS2_PLACEMENT_3D ( 'NONE', #4238, #143, #2476 ) ;
#2106 = EDGE_CURVE ( 'NONE', #2016, #1265, #181, .T. ) ;
#2107 = CARTESIAN_POINT ( 'NONE',  ( -42.00000000000000000, 42.66260283441133083, 0.000000000000000000 ) ) ;
#2108 = DIRECTION ( 'NONE',  ( 1.000000000000000000, 0.000000000000000000, 0.000000000000000000 ) ) ;
#2109 = VERTEX_POINT ( 'NONE', #4728 ) ;
#2110 = ORIENTED_EDGE ( 'NONE', *, *, #4703, .T. ) ;
#2111 = DIRECTION ( 'NONE',  ( 0.9999999998675463964, -1.627596612578200236E-05, 0.000000000000000000 ) ) ;
#2112 = VERTEX_POINT ( 'NONE', #2512 ) ;
#2113 = EDGE_CURVE ( 'NONE', #1478, #1478, #5088, .T. ) ;
#2114 = DIRECTION ( 'NONE',  ( -0.000000000000000000, -0.000000000000000000, 1.000000000000000000 ) ) ;
#2115 = EDGE_LOOP ( 'NONE', ( #1671 ) ) ;
#2116 = DIRECTION ( 'NONE',  ( -0.9999999998675463964, 1.627596612587094420E-05, 0.000000000000000000 ) ) ;
#2117 = CARTESIAN_POINT ( 'NONE',  ( 32.99999999999998579, -51.00000000000000711, 23.43294756465299500 ) ) ;
#2118 = ORIENTED_EDGE ( 'NONE', *, *, #2789, .T. ) ;
#2119 = FACE_BOUND ( 'NONE', #497, .T. ) ;
#2120 = CARTESIAN_POINT ( 'NONE',  ( -54.50000000000003553, -2.999999999999999556, 0.000000000000000000 ) ) ;
#2121 = FACE_BOUND ( 'NONE', #5399, .T. ) ;
#2122 = CARTESIAN_POINT ( 'NONE',  ( -39.16013196753240777, -7.499931335448995817, 0.000000000000000000 ) ) ;
#2123 = VERTEX_POINT ( 'NONE', #3442 ) ;
#2124 = VECTOR ( 'NONE', #2374, 1000.000000000000000 ) ;
#2125 = DIRECTION ( 'NONE',  ( -0.000000000000000000, -0.000000000000000000, 1.000000000000000000 ) ) ;
#2126 = AXIS2_PLACEMENT_3D ( 'NONE', #5874, #5431, #1342 ) ;
#2127 = DIRECTION ( 'NONE',  ( -0.000000000000000000, 0.000000000000000000, 1.000000000000000000 ) ) ;
#2128 = PERSON_AND_ORGANIZATION ( #1383, #365 ) ;
#2129 = ORIENTED_EDGE ( 'NONE', *, *, #4778, .T. ) ;
#2130 = ORIENTED_EDGE ( 'NONE', *, *, #3362, .F. ) ;
#2131 = LINE ( 'NONE', #5767, #235 ) ;
#2132 = EDGE_CURVE ( 'NONE', #5323, #2086, #4784, .T. ) ;
#2133 = CIRCLE ( 'NONE', #3666, 0.5000000000000004441 ) ;
#2134 = CARTESIAN_POINT ( 'NONE',  ( -51.70828531008798024, -32.99972538822134283, 0.000000000000000000 ) ) ;
#2135 = ORIENTED_EDGE ( 'NONE', *, *, #5534, .F. ) ;
#2136 = EDGE_CURVE ( 'NONE', #639, #5164, #3175, .T. ) ;
#2137 = DIRECTION ( 'NONE',  ( 0.000000000000000000, 0.000000000000000000, 1.000000000000000000 ) ) ;
#2138 = DIRECTION ( 'NONE',  ( 1.000000000000000000, 1.994248318681189754E-16, 0.000000000000000000 ) ) ;
#2139 = ORIENTED_EDGE ( 'NONE', *, *, #1154, .F. ) ;
#2140 = ORIENTED_EDGE ( 'NONE', *, *, #1992, .T. ) ;
#2141 = ORIENTED_EDGE ( 'NONE', *, *, #4037, .T. ) ;
#2142 = VECTOR ( 'NONE', #5570, 1000.000000000000000 ) ;
#2143 = EDGE_CURVE ( 'NONE', #2495, #216, #1503, .T. ) ;
#2144 = CARTESIAN_POINT ( 'NONE',  ( -43.50000000000000000, 49.50000000000000711, 1.500000000000000000 ) ) ;
#2145 = EDGE_CURVE ( 'NONE', #1455, #3216, #5694, .T. ) ;
#2146 = ORIENTED_EDGE ( 'NONE', *, *, #2791, .T. ) ;
#2147 = EDGE_CURVE ( 'NONE', #3847, #5766, #4798, .T. ) ;
#2148 = LINE ( 'NONE', #856, #859 ) ;
#2149 = DIRECTION ( 'NONE',  ( 0.000000000000000000, 0.000000000000000000, -1.000000000000000000 ) ) ;
#2150 = ORIENTED_EDGE ( 'NONE', *, *, #1154, .T. ) ;
#2151 = DIRECTION ( 'NONE',  ( 0.000000000000000000, 0.000000000000000000, -1.000000000000000000 ) ) ;
#2152 = AXIS2_PLACEMENT_3D ( 'NONE', #4777, #1156, #227 ) ;
#2153 = EDGE_CURVE ( 'NONE', #295, #5340, #1077, .T. ) ;
#2154 = CYLINDRICAL_SURFACE ( 'NONE', #3077, 0.5000000000000004441 ) ;
#2155 = DIRECTION ( 'NONE',  ( 3.854941057726248944E-16, 1.000000000000000000, 0.000000000000000000 ) ) ;
#2156 = DIRECTION ( 'NONE',  ( -1.000000000000000000, 0.000000000000000000, 0.000000000000000000 ) ) ;
#2157 = ORIENTED_EDGE ( 'NONE', *, *, #391, .T. ) ;
#2158 = LINE ( 'NONE', #4489, #5601 ) ;
#2159 = DIRECTION ( 'NONE',  ( -1.000000000000000000, 0.000000000000000000, 0.000000000000000000 ) ) ;
#2160 = PERSON_AND_ORGANIZATION_ROLE ( 'creator' ) ;
#2161 = ORIENTED_EDGE ( 'NONE', *, *, #422, .T. ) ;
#2162 = ORIENTED_EDGE ( 'NONE', *, *, #2728, .F. ) ;
#2163 = DIRECTION ( 'NONE',  ( 1.000000000000000000, 0.000000000000000000, 0.000000000000000000 ) ) ;
#2164 = EDGE_CURVE ( 'NONE', #1179, #5113, #684, .T. ) ;
#2165 = LINE ( 'NONE', #423, #2515 ) ;
#2166 = ORIENTED_EDGE ( 'NONE', *, *, #495, .F. ) ;
#2167 = DIRECTION ( 'NONE',  ( -1.000000000000000000, 0.000000000000000000, 0.000000000000000000 ) ) ;
#2168 = CARTESIAN_POINT ( 'NONE',  ( 37.99999999999998579, 50.00000000000002842, 0.000000000000000000 ) ) ;
#2169 = EDGE_CURVE ( 'NONE', #551, #209, #5148, .T. ) ;
#2170 = VERTEX_POINT ( 'NONE', #5257 ) ;
#2171 = VERTEX_POINT ( 'NONE', #261 ) ;
#2172 = VERTEX_POINT ( 'NONE', #5227 ) ;
#2173 = AXIS2_PLACEMENT_3D ( 'NONE', #3365, #634, #5674 ) ;
#2174 = DIRECTION ( 'NONE',  ( 0.000000000000000000, 1.000000000000000000, 0.000000000000000000 ) ) ;
#2175 = ADVANCED_FACE ( 'NONE', ( #1163 ), #2985, .F. ) ;
#2176 = ORIENTED_EDGE ( 'NONE', *, *, #170, .F. ) ;
#2177 = CARTESIAN_POINT ( 'NONE',  ( 37.42777190647672114, -39.50117616453032809, 0.000000000000000000 ) ) ;
#2178 = CARTESIAN_POINT ( 'NONE',  ( 36.56205575617909176, -8.999931335448994929, 3.000000000000000000 ) ) ;
#2179 = VERTEX_POINT ( 'NONE', #154 ) ;
#2180 = EDGE_CURVE ( 'NONE', #2558, #3555, #4513, .T. ) ;
#2181 = VECTOR ( 'NONE', #1961, 1000.000000000000000 ) ;
#2182 = LINE ( 'NONE', #4359, #3992 ) ;
#2183 = CIRCLE ( 'NONE', #2085, 2.000000000000000000 ) ;
#2184 = DIRECTION ( 'NONE',  ( 1.000000000000000000, 2.775557561562891351E-15, 0.000000000000000000 ) ) ;
#2185 = LINE ( 'NONE', #5817, #4255 ) ;
#2186 = CARTESIAN_POINT ( 'NONE',  ( 39.15983898978230826, -38.50120435546305941, 1.450000720510096208 ) ) ;
#2187 = ORIENTED_EDGE ( 'NONE', *, *, #4660, .T. ) ;
#2188 = VECTOR ( 'NONE', #1975, 1000.000000000000227 ) ;
#2189 =( GEOMETRIC_REPRESENTATION_CONTEXT ( 3 ) GLOBAL_UNCERTAINTY_ASSIGNED_CONTEXT ( ( #2821 ) ) GLOBAL_UNIT_ASSIGNED_CONTEXT ( ( #3337, #1567, #2441 ) ) REPRESENTATION_CONTEXT ( 'NONE', 'WORKASPACE' ) );
#2190 = AXIS2_PLACEMENT_3D ( 'NONE', #2264, #5540, #5510 ) ;
#2191 = CARTESIAN_POINT ( 'NONE',  ( -30.49987792968802225, -5.499931335448994929, 0.000000000000000000 ) ) ;
#2192 = CARTESIAN_POINT ( 'NONE',  ( 30.03702799479168917, -47.99149843014509287, 36.80533964865399810 ) ) ;
#2193 = VERTEX_POINT ( 'NONE', #4753 ) ;
#2194 = DIRECTION ( 'NONE',  ( 1.000000000000000000, 0.000000000000000000, 0.000000000000000000 ) ) ;
#2195 = AXIS2_PLACEMENT_3D ( 'NONE', #5372, #3585, #1344 ) ;
#2196 = DIRECTION ( 'NONE',  ( 1.000000000000000000, 0.000000000000000000, 0.000000000000000000 ) ) ;
#2197 = VERTEX_POINT ( 'NONE', #5591 ) ;
#2198 = VECTOR ( 'NONE', #1302, 1000.000000000000000 ) ;
#2199 = DIRECTION ( 'NONE',  ( 0.000000000000000000, -0.000000000000000000, -1.000000000000000000 ) ) ;
#2200 = PLANE ( 'NONE',  #4283 ) ;
#2201 = ORIENTED_EDGE ( 'NONE', *, *, #3559, .T. ) ;
#2202 = ORIENTED_EDGE ( 'NONE', *, *, #1563, .T. ) ;
#2203 = ORIENTED_EDGE ( 'NONE', *, *, #406, .F. ) ;
#2204 = EDGE_CURVE ( 'NONE', #582, #582, #402, .T. ) ;
#2205 = DIRECTION ( 'NONE',  ( -1.000000000000000000, 0.000000000000000000, 4.180742545671766046E-15 ) ) ;
#2206 = ORIENTED_EDGE ( 'NONE', *, *, #966, .F. ) ;
#2207 = CARTESIAN_POINT ( 'NONE',  ( -55.00000000000000000, -55.00000000000000000, 0.000000000000000000 ) ) ;
#2208 = CARTESIAN_POINT ( 'NONE',  ( -42.63478316982463667, -2.499931335448994485, 36.80533964865399810 ) ) ;
#2209 = ORIENTED_EDGE ( 'NONE', *, *, #4007, .F. ) ;
#2210 = DIRECTION ( 'NONE',  ( 0.000000000000000000, 0.000000000000000000, 1.000000000000000000 ) ) ;
#2211 = CARTESIAN_POINT ( 'NONE',  ( -51.70835855193554664, -37.49972538762529695, 0.000000000000000000 ) ) ;
#2212 = PLANE ( 'NONE',  #5114 ) ;
#2213 = EDGE_CURVE ( 'NONE', #5573, #2171, #4414, .T. ) ;
#2214 = CARTESIAN_POINT ( 'NONE',  ( 10.99999999999997513, -13.46000000000002927, 23.43294756465299500 ) ) ;
#2215 = ORIENTED_EDGE ( 'NONE', *, *, #4226, .F. ) ;
#2216 = EDGE_CURVE ( 'NONE', #435, #2172, #2062, .T. ) ;
#2217 = LINE ( 'NONE', #1312, #599 ) ;
#2218 = EDGE_CURVE ( 'NONE', #996, #2495, #5204, .T. ) ;
#2219 = CYLINDRICAL_SURFACE ( 'NONE', #700, 7.999999999999996447 ) ;
#2220 = EDGE_CURVE ( 'NONE', #645, #5301, #2489, .T. ) ;
#2221 = VERTEX_POINT ( 'NONE', #5669 ) ;
#2222 = ADVANCED_FACE ( 'NONE', ( #4836 ), #4897, .F. ) ;
#2223 = AXIS2_PLACEMENT_3D ( 'NONE', #3652, #5467, #5438 ) ;
#2224 = DIRECTION ( 'NONE',  ( -0.9999999998675463964, 1.627596612607036625E-05, -7.072646676687567254E-13 ) ) ;
#2225 = ORIENTED_EDGE ( 'NONE', *, *, #3642, .T. ) ;
#2226 = DIRECTION ( 'NONE',  ( 1.000000000000000000, 1.994248318681189754E-16, 0.000000000000000000 ) ) ;
#2227 = DIRECTION ( 'NONE',  ( -0.9999999998675463964, 1.627596612607036625E-05, 0.000000000000000000 ) ) ;
#2228 = ORIENTED_EDGE ( 'NONE', *, *, #1359, .T. ) ;
#2229 = ORIENTED_EDGE ( 'NONE', *, *, #400, .F. ) ;
#2230 = DIRECTION ( 'NONE',  ( 0.000000000000000000, 1.000000000000000000, 0.000000000000000000 ) ) ;
#2231 = VECTOR ( 'NONE', #129, 1000.000000000000000 ) ;
#2232 = CARTESIAN_POINT ( 'NONE',  ( 47.02500206014519790, -33.50133236792851221, 0.000000000000000000 ) ) ;
#2233 = VERTEX_POINT ( 'NONE', #383 ) ;
#2234 = ORIENTED_EDGE ( 'NONE', *, *, #2976, .F. ) ;
#2235 = FACE_OUTER_BOUND ( 'NONE', #4312, .T. ) ;
#2236 = DIRECTION ( 'NONE',  ( -1.000000000000000000, -1.994248318681190000E-16, 4.180742554388906240E-15 ) ) ;
#2237 = VERTEX_POINT ( 'NONE', #2634 ) ;
#2238 = CIRCLE ( 'NONE', #4151, 2.000000000000001776 ) ;
#2239 = CIRCLE ( 'NONE', #2813, 0.5000000000000004441 ) ;
#2240 = CARTESIAN_POINT ( 'NONE',  ( 38.00000000000000000, 46.00000000000002842, 1.500000000000000000 ) ) ;
#2241 = DIRECTION ( 'NONE',  ( 1.000000000000000000, 0.000000000000000000, 0.000000000000000000 ) ) ;
#2242 = CARTESIAN_POINT ( 'NONE',  ( 0.000000000000000000, 0.000000000000000000, 3.000000000000000000 ) ) ;
#2243 = AXIS2_PLACEMENT_3D ( 'NONE', #1577, #4294, #5604 ) ;
#2244 = VECTOR ( 'NONE', #2127, 1000.000000000000000 ) ;
#2245 = CARTESIAN_POINT ( 'NONE',  ( -54.50000000000003553, -2.999999999999999556, 1.449999168702573282 ) ) ;
#2246 = ADVANCED_FACE ( 'NONE', ( #5816 ), #2154, .F. ) ;
#2247 = EDGE_LOOP ( 'NONE', ( #4585, #2514, #1060, #3641 ) ) ;
#2248 = AXIS2_PLACEMENT_3D ( 'NONE', #1464, #3768, #5910 ) ;
#2249 = VECTOR ( 'NONE', #812, 1000.000000000000000 ) ;
#2250 = CARTESIAN_POINT ( 'NONE',  ( 53.13099752524905028, -33.09477641991259134, 23.43294756465299500 ) ) ;
#2251 = DIRECTION ( 'NONE',  ( -1.000000000000000000, 0.000000000000000000, 0.000000000000000000 ) ) ;
#2252 = DIRECTION ( 'NONE',  ( -0.000000000000000000, 0.000000000000000000, -1.000000000000000000 ) ) ;
#2253 = EDGE_CURVE ( 'NONE', #396, #1345, #3551, .T. ) ;
#2254 = EDGE_LOOP ( 'NONE', ( #4177, #1235, #5337, #2229 ) ) ;
#2255 = AXIS2_PLACEMENT_3D ( 'NONE', #732, #4473, #1270 ) ;
#2256 = EDGE_CURVE ( 'NONE', #2022, #350, #863, .T. ) ;
#2257 = CARTESIAN_POINT ( 'NONE',  ( -51.70808186218739166, -3.499931335448996261, 3.000000000000000000 ) ) ;
#2258 = ORIENTED_EDGE ( 'NONE', *, *, #4226, .T. ) ;
#2259 = DIRECTION ( 'NONE',  ( -1.000000000000000000, -2.102695122396129669E-16, 0.000000000000000000 ) ) ;
#2260 = DIRECTION ( 'NONE',  ( 1.000000000000000000, -1.994248318681190000E-16, -4.180742536954625851E-15 ) ) ;
#2261 = ORIENTED_EDGE ( 'NONE', *, *, #2389, .F. ) ;
#2262 = ORIENTED_EDGE ( 'NONE', *, *, #353, .T. ) ;
#2263 = EDGE_LOOP ( 'NONE', ( #5507, #781, #194, #1292 ) ) ;
#2264 = CARTESIAN_POINT ( 'NONE',  ( 39.16013196753240777, -0.4999313354489935968, 3.000000000000000000 ) ) ;
#2265 = CARTESIAN_POINT ( 'NONE',  ( 45.00000000000000711, 42.66260283441133083, 1.500000000000000000 ) ) ;
#2266 = VERTEX_POINT ( 'NONE', #4452 ) ;
#2267 = VERTEX_POINT ( 'NONE', #1759 ) ;
#2268 = CARTESIAN_POINT ( 'NONE',  ( 42.83903402873245625, -33.50126423725462388, 0.000000000000000000 ) ) ;
#2269 = CARTESIAN_POINT ( 'NONE',  ( 39.16013196753240777, -0.4999313354489935968, 0.000000000000000000 ) ) ;
#2270 = ORIENTED_EDGE ( 'NONE', *, *, #2216, .T. ) ;
#2271 = CIRCLE ( 'NONE', #5126, 7.999999999999996447 ) ;
#2272 = VECTOR ( 'NONE', #1166, 1000.000000000000000 ) ;
#2273 = DIRECTION ( 'NONE',  ( 1.000000000000000000, -2.775557561562891351E-15, 0.000000000000000000 ) ) ;
#2274 = CARTESIAN_POINT ( 'NONE',  ( 39.16013196753240777, -8.499931335448994929, 1.449999409112184168 ) ) ;
#2275 = DIRECTION ( 'NONE',  ( 0.000000000000000000, -0.9999999999999990008, 4.371140884147641557E-08 ) ) ;
#2276 = CARTESIAN_POINT ( 'NONE',  ( 51.70808186218739166, -2.999931335448996261, 0.000000000000000000 ) ) ;
#2277 = CARTESIAN_POINT ( 'NONE',  ( -55.00000000000000000, 55.00000000000000711, 0.000000000000000000 ) ) ;
#2278 = EDGE_LOOP ( 'NONE', ( #2766, #5464, #1642, #571, #1585, #3294 ) ) ;
#2279 = EDGE_CURVE ( 'NONE', #5877, #189, #2687, .T. ) ;
#2280 = FACE_OUTER_BOUND ( 'NONE', #3092, .T. ) ;
#2281 = CYLINDRICAL_SURFACE ( 'NONE', #2799, 2.000000000000000000 ) ;
#2282 = AXIS2_PLACEMENT_3D ( 'NONE', #2900, #200, #4270 ) ;
#2283 = CARTESIAN_POINT ( 'NONE',  ( -13.92494201660204212, -57.37510013580300949, 0.000000000000000000 ) ) ;
#2284 = VECTOR ( 'NONE', #114, 1000.000000000000000 ) ;
#2285 = EDGE_LOOP ( 'NONE', ( #539 ) ) ;
#2286 = VECTOR ( 'NONE', #817, 1000.000000000000227 ) ;
#2287 = VECTOR ( 'NONE', #5860, 999.9999999999998863 ) ;
#2288 = EDGE_CURVE ( 'NONE', #2508, #2558, #5370, .T. ) ;
#2289 = CARTESIAN_POINT ( 'NONE',  ( 39.15985526574740305, -37.50120435559551169, 1.450000676798432142 ) ) ;
#2290 = VERTEX_POINT ( 'NONE', #4960 ) ;
#2291 = CARTESIAN_POINT ( 'NONE',  ( 42.83864707157683682, -37.50126423148633847, 36.80533964865399810 ) ) ;
#2292 = CARTESIAN_POINT ( 'NONE',  ( 39.16013196753240777, -3.499931335448993597, 0.000000000000000000 ) ) ;
#2293 = ORIENTED_EDGE ( 'NONE', *, *, #2506, .F. ) ;
#2294 = ORIENTED_EDGE ( 'NONE', *, *, #2002, .F. ) ;
#2295 = ORIENTED_EDGE ( 'NONE', *, *, #716, .T. ) ;
#2296 = FACE_OUTER_BOUND ( 'NONE', #78, .T. ) ;
#2297 = EDGE_CURVE ( 'NONE', #4494, #2123, #5282, .T. ) ;
#2298 = CARTESIAN_POINT ( 'NONE',  ( -13.92494201660204212, -57.37510013580300949, 1.450001545514639778 ) ) ;
#2299 = ADVANCED_FACE ( 'NONE', ( #323 ), #3973, .F. ) ;
#2300 = VERTEX_POINT ( 'NONE', #4030 ) ;
#2301 = EDGE_LOOP ( 'NONE', ( #1450 ) ) ;
#2302 = CARTESIAN_POINT ( 'NONE',  ( 10.99999999999997513, -11.46000000000002927, 0.000000000000000000 ) ) ;
#2303 = DIRECTION ( 'NONE',  ( -0.000000000000000000, -0.000000000000000000, 1.000000000000000000 ) ) ;
#2304 = ORIENTED_EDGE ( 'NONE', *, *, #1704, .F. ) ;
#2305 = EDGE_CURVE ( 'NONE', #2086, #818, #5843, .T. ) ;
#2306 = CARTESIAN_POINT ( 'NONE',  ( -36.56205575617909176, -1.999931335448993597, 0.000000000000000000 ) ) ;
#2307 = CARTESIAN_POINT ( 'NONE',  ( -43.50000000000000000, 20.50000000000001066, 1.500000000000000000 ) ) ;
#2308 = CARTESIAN_POINT ( 'NONE',  ( -56.50000000000000711, -41.00000000000000000, 23.43294756465299500 ) ) ;
#2309 = DIRECTION ( 'NONE',  ( 0.000000000000000000, 0.000000000000000000, -1.000000000000000000 ) ) ;
#2310 = DIRECTION ( 'NONE',  ( -1.000000000000000000, 0.000000000000000000, 0.000000000000000000 ) ) ;
#2311 = VERTEX_POINT ( 'NONE', #829 ) ;
#2312 = PLANE ( 'NONE',  #1606 ) ;
#2313 = DIRECTION ( 'NONE',  ( -1.000000000000000000, 0.000000000000000000, 0.000000000000000000 ) ) ;
#2314 = DIRECTION ( 'NONE',  ( 0.000000000000000000, 0.000000000000000000, 1.000000000000000000 ) ) ;
#2315 = ORIENTED_EDGE ( 'NONE', *, *, #3017, .F. ) ;
#2316 = DIRECTION ( 'NONE',  ( 4.180742545671757368E-15, 4.371140887755362005E-08, 0.9999999999999991118 ) ) ;
#2317 = EDGE_LOOP ( 'NONE', ( #1653, #4656, #3120, #3691 ) ) ;
#2318 = CARTESIAN_POINT ( 'NONE',  ( 15.53999999999997783, -13.46000000000002750, 0.000000000000000000 ) ) ;
#2319 = CARTESIAN_POINT ( 'NONE',  ( 43.99999999999998579, -48.60000000000000142, 1.450001161942406691 ) ) ;
#2320 = VERTEX_POINT ( 'NONE', #2093 ) ;
#2321 = EDGE_LOOP ( 'NONE', ( #690, #3689, #4583, #1331 ) ) ;
#2322 = ORIENTED_EDGE ( 'NONE', *, *, #156, .F. ) ;
#2323 = DIRECTION ( 'NONE',  ( 0.9999999998675463964, -1.627596612567151538E-05, 0.000000000000000000 ) ) ;
#2324 = EDGE_CURVE ( 'NONE', #4770, #1161, #1701, .T. ) ;
#2325 = VECTOR ( 'NONE', #4866, 1000.000000000000227 ) ;
#2326 = CARTESIAN_POINT ( 'NONE',  ( 52.20808186218739166, -7.999931335448993153, 3.000000000000000000 ) ) ;
#2327 = ORIENTED_EDGE ( 'NONE', *, *, #1813, .T. ) ;
#2328 = ORIENTED_EDGE ( 'NONE', *, *, #5878, .T. ) ;
#2329 = DIRECTION ( 'NONE',  ( -1.000000000000000000, 0.000000000000000000, 0.000000000000000000 ) ) ;
#2330 = CARTESIAN_POINT ( 'NONE',  ( -8.924942016602040340, -53.87510013580300949, 23.43294756465299500 ) ) ;
#2331 = EDGE_LOOP ( 'NONE', ( #301 ) ) ;
#2332 = EDGE_CURVE ( 'NONE', #4139, #3525, #2570, .T. ) ;
#2333 = LINE ( 'NONE', #24, #1899 ) ;
#2334 = VECTOR ( 'NONE', #5471, 1000.000000000000227 ) ;
#2335 = EDGE_CURVE ( 'NONE', #1652, #2406, #2509, .T. ) ;
#2336 = LINE ( 'NONE', #3195, #605 ) ;
#2337 = DIRECTION ( 'NONE',  ( -1.000000000000000000, 0.000000000000000000, 0.000000000000000000 ) ) ;
#2338 = DIRECTION ( 'NONE',  ( 0.000000000000000000, 0.000000000000000000, -1.000000000000000000 ) ) ;
#2339 = CARTESIAN_POINT ( 'NONE',  ( 45.99999999999998579, -51.00000000000000711, 23.43294756465299500 ) ) ;
#2340 = ORIENTED_EDGE ( 'NONE', *, *, #2147, .F. ) ;
#2341 = ADVANCED_FACE ( 'NONE', ( #4391 ), #3073, .F. ) ;
#2342 = CIRCLE ( 'NONE', #893, 2.000000000000000888 ) ;
#2343 = CARTESIAN_POINT ( 'NONE',  ( -52.50000000000002132, -21.99999999999998579, 1.449999999219335756 ) ) ;
#2344 = VECTOR ( 'NONE', #3447, 1000.000000000000227 ) ;
#2345 = DIRECTION ( 'NONE',  ( 1.000000000000000000, 0.000000000000000000, 0.000000000000000000 ) ) ;
#2346 = DIRECTION ( 'NONE',  ( -1.000000000000000000, 0.000000000000000000, 0.000000000000000000 ) ) ;
#2347 = ORIENTED_EDGE ( 'NONE', *, *, #2218, .T. ) ;
#2348 = CIRCLE ( 'NONE', #3302, 1.750000000000003109 ) ;
#2349 = DIRECTION ( 'NONE',  ( 0.000000000000000000, 0.000000000000000000, 1.000000000000000000 ) ) ;
#2350 = AXIS2_PLACEMENT_3D ( 'NONE', #2719, #5492, #4575 ) ;
#2351 = DIRECTION ( 'NONE',  ( 0.000000000000000000, -0.000000000000000000, 1.000000000000000000 ) ) ;
#2352 = DIRECTION ( 'NONE',  ( -0.000000000000000000, 0.000000000000000000, -1.000000000000000000 ) ) ;
#2353 = ORIENTED_EDGE ( 'NONE', *, *, #3497, .F. ) ;
#2354 = ORIENTED_EDGE ( 'NONE', *, *, #5143, .T. ) ;
#2355 = CARTESIAN_POINT ( 'NONE',  ( -30.49987792968801514, -5.499931269881881413, 1.449999277977991108 ) ) ;
#2356 = EDGE_CURVE ( 'NONE', #396, #4102, #3915, .T. ) ;
#2357 = EDGE_CURVE ( 'NONE', #4825, #80, #354, .T. ) ;
#2358 = FACE_OUTER_BOUND ( 'NONE', #2611, .T. ) ;
#2359 = ORIENTED_EDGE ( 'NONE', *, *, #1780, .T. ) ;
#2360 = ORIENTED_EDGE ( 'NONE', *, *, #2884, .F. ) ;
#2361 = CARTESIAN_POINT ( 'NONE',  ( -54.50000000000003553, -24.00000000000000000, 23.43294756465299500 ) ) ;
#2362 = FACE_OUTER_BOUND ( 'NONE', #2649, .T. ) ;
#2363 = VERTEX_POINT ( 'NONE', #2120 ) ;
#2364 = ADVANCED_FACE ( 'NONE', ( #4002 ), #3943, .T. ) ;
#2365 = DIRECTION ( 'NONE',  ( 0.000000000000000000, 0.000000000000000000, 1.000000000000000000 ) ) ;
#2366 = DIRECTION ( 'NONE',  ( 0.000000000000000000, -0.9999999999999991118, 4.371140887245352218E-08 ) ) ;
#2367 = FACE_OUTER_BOUND ( 'NONE', #2762, .T. ) ;
#2368 = CARTESIAN_POINT ( 'NONE',  ( 14.95999999999997954, -28.25000000000002487, 23.43294756465299500 ) ) ;
#2369 = CARTESIAN_POINT ( 'NONE',  ( 47.02500206014519790, -40.76931592906048962, 0.000000000000000000 ) ) ;
#2370 = ORIENTED_EDGE ( 'NONE', *, *, #3423, .T. ) ;
#2371 = VECTOR ( 'NONE', #5289, 1000.000000000000000 ) ;
#2372 = EDGE_CURVE ( 'NONE', #5265, #3511, #3176, .T. ) ;
#2373 = CARTESIAN_POINT ( 'NONE',  ( 51.70787840058896734, -33.00140858619899120, 0.000000000000000000 ) ) ;
#2374 = DIRECTION ( 'NONE',  ( 0.000000000000000000, -0.000000000000000000, -1.000000000000000000 ) ) ;
#2375 = CARTESIAN_POINT ( 'NONE',  ( 51.70788653857203343, -32.50140858626521378, 3.000000000000000000 ) ) ;
#2376 = ORIENTED_EDGE ( 'NONE', *, *, #2969, .T. ) ;
#2377 = CIRCLE ( 'NONE', #4759, 1.000000000000001776 ) ;
#2378 = DIRECTION ( 'NONE',  ( -0.000000000000000000, -0.000000000000000000, -1.000000000000000000 ) ) ;
#2379 = VECTOR ( 'NONE', #585, 1000.000000000000000 ) ;
#2380 = AXIS2_PLACEMENT_3D ( 'NONE', #3011, #1758, #5842 ) ;
#2381 = CARTESIAN_POINT ( 'NONE',  ( 39.45763577121174137, -45.60000000000000142, 36.80533964865399810 ) ) ;
#2382 = VERTEX_POINT ( 'NONE', #5211 ) ;
#2383 = ORIENTED_EDGE ( 'NONE', *, *, #3018, .F. ) ;
#2384 = ORIENTED_EDGE ( 'NONE', *, *, #1137, .T. ) ;
#2385 = DIRECTION ( 'NONE',  ( 0.000000000000000000, 0.000000000000000000, -1.000000000000000000 ) ) ;
#2386 = CIRCLE ( 'NONE', #3618, 0.5000000000000004441 ) ;
#2387 = CIRCLE ( 'NONE', #842, 1.000000000000000888 ) ;
#2388 = LINE ( 'NONE', #3872, #2814 ) ;
#2389 = EDGE_CURVE ( 'NONE', #1420, #3466, #5187, .T. ) ;
#2390 = EDGE_LOOP ( 'NONE', ( #3454, #373 ) ) ;
#2391 = ORIENTED_EDGE ( 'NONE', *, *, #5057, .T. ) ;
#2392 = CARTESIAN_POINT ( 'NONE',  ( -54.50000000000002132, -40.00000000000000000, 23.43294756465299500 ) ) ;
#2393 = DIRECTION ( 'NONE',  ( -1.000000000000000000, 0.000000000000000000, 4.180742545671766046E-15 ) ) ;
#2394 = ORIENTED_EDGE ( 'NONE', *, *, #5695, .T. ) ;
#2395 = CARTESIAN_POINT ( 'NONE',  ( -39.16013196753240777, -10.49993133544899493, 1.449999496535329335 ) ) ;
#2396 = CARTESIAN_POINT ( 'NONE',  ( -51.70837482790167883, -38.49972538749284467, 0.000000000000000000 ) ) ;
#2397 = LINE ( 'NONE', #118, #3685 ) ;
#2398 = CARTESIAN_POINT ( 'NONE',  ( 39.16013196753240777, -2.499931335448993597, 1.449999146843730990 ) ) ;
#2399 = AXIS2_PLACEMENT_3D ( 'NONE', #3967, #768, #403 ) ;
#2400 = DIRECTION ( 'NONE',  ( -1.000000000000000000, -2.102695122396129669E-16, 0.000000000000000000 ) ) ;
#2401 = ORIENTED_EDGE ( 'NONE', *, *, #462, .T. ) ;
#2402 = EDGE_CURVE ( 'NONE', #1811, #362, #2336, .T. ) ;
#2403 = CARTESIAN_POINT ( 'NONE',  ( -42.00000000000000000, 42.66260283441133083, 1.500000000000000000 ) ) ;
#2404 = DIRECTION ( 'NONE',  ( -1.000000000000000000, 0.000000000000000000, 0.000000000000000000 ) ) ;
#2405 = CARTESIAN_POINT ( 'NONE',  ( 53.13099752524905028, -33.09477641991259134, 0.000000000000000000 ) ) ;
#2406 = VERTEX_POINT ( 'NONE', #2274 ) ;
#2407 = ADVANCED_FACE ( 'NONE', ( #1401 ), #1918, .F. ) ;
#2408 = CARTESIAN_POINT ( 'NONE',  ( -37.99999999999997158, 24.00000000000002842, 3.000000000000000000 ) ) ;
#2409 = EDGE_CURVE ( 'NONE', #3753, #522, #5653, .T. ) ;
#2410 = EDGE_CURVE ( 'NONE', #3313, #4890, #4543, .T. ) ;
#2411 = CYLINDRICAL_SURFACE ( 'NONE', #523, 7.000000000000002665 ) ;
#2412 = VERTEX_POINT ( 'NONE', #4677 ) ;
#2413 = EDGE_LOOP ( 'NONE', ( #3814, #2938, #99, #4841 ) ) ;
#2414 = EDGE_LOOP ( 'NONE', ( #931, #3759, #673, #870, #880, #3961, #2560, #3502, #1321, #2767, #3516, #3281, #502, #2889, #5863, #611, #1517, #2360, #4678, #3719, #4308, #3752, #3815, #5884, #5363, #3515, #1349, #2672, #1262, #5532, #4350, #2209 ) ) ;
#2415 = CARTESIAN_POINT ( 'NONE',  ( -53.50000000000002132, -34.70000000000000995, 0.000000000000000000 ) ) ;
#2416 = LINE ( 'NONE', #3370, #2045 ) ;
#2417 = ORIENTED_EDGE ( 'NONE', *, *, #848, .T. ) ;
#2418 = EDGE_LOOP ( 'NONE', ( #390, #4407, #1088, #5906 ) ) ;
#2419 = LINE ( 'NONE', #646, #3197 ) ;
#2420 = CYLINDRICAL_SURFACE ( 'NONE', #2105, 2.000000000000001776 ) ;
#2421 = ORIENTED_EDGE ( 'NONE', *, *, #205, .F. ) ;
#2422 = CIRCLE ( 'NONE', #1941, 2.999999999999995559 ) ;
#2423 = DIRECTION ( 'NONE',  ( -1.000000000000000000, 0.000000000000000000, 0.000000000000000000 ) ) ;
#2424 = VECTOR ( 'NONE', #5136, 1000.000000000000000 ) ;
#2425 = LINE ( 'NONE', #2454, #2188 ) ;
#2426 = DIRECTION ( 'NONE',  ( 0.000000000000000000, -0.9999999999999991118, 4.371140887245352218E-08 ) ) ;
#2427 = DIRECTION ( 'NONE',  ( -0.000000000000000000, -0.000000000000000000, -1.000000000000000000 ) ) ;
#2428 = DIRECTION ( 'NONE',  ( -0.000000000000000000, 0.000000000000000000, -1.000000000000000000 ) ) ;
#2429 = ORIENTED_EDGE ( 'NONE', *, *, #3157, .F. ) ;
#2430 = AXIS2_PLACEMENT_3D ( 'NONE', #1942, #2871, #3796 ) ;
#2431 = PLANE ( 'NONE',  #3257 ) ;
#2432 = CARTESIAN_POINT ( 'NONE',  ( -59.00000000000001421, -21.99999999999998579, 0.000000000000000000 ) ) ;
#2433 = EDGE_CURVE ( 'NONE', #2819, #588, #89, .T. ) ;
#2434 = CARTESIAN_POINT ( 'NONE',  ( 45.00000000000000711, 42.66260283441133083, 1.500000000000000000 ) ) ;
#2435 = ORIENTED_EDGE ( 'NONE', *, *, #3834, .T. ) ;
#2436 = AXIS2_PLACEMENT_3D ( 'NONE', #1330, #3156, #4291 ) ;
#2437 = VECTOR ( 'NONE', #2314, 1000.000000000000000 ) ;
#2438 = DIRECTION ( 'NONE',  ( -6.308085367188391227E-16, 1.000000000000000000, 0.000000000000000000 ) ) ;
#2439 = ADVANCED_FACE ( 'NONE', ( #5049 ), #3289, .F. ) ;
#2440 = FACE_OUTER_BOUND ( 'NONE', #3882, .T. ) ;
#2441 =( NAMED_UNIT ( * ) SI_UNIT ( $, .STERADIAN. ) SOLID_ANGLE_UNIT ( ) );
#2442 = VERTEX_POINT ( 'NONE', #4092 ) ;
#2443 = ORIENTED_EDGE ( 'NONE', *, *, #1630, .F. ) ;
#2444 = CARTESIAN_POINT ( 'NONE',  ( -42.00000000000000000, 46.00000000000000000, 3.000000000000000000 ) ) ;
#2445 = EDGE_CURVE ( 'NONE', #5036, #2266, #4613, .T. ) ;
#2446 = AXIS2_PLACEMENT_3D ( 'NONE', #680, #3435, #2952 ) ;
#2447 = DIRECTION ( 'NONE',  ( 1.000000000000000000, 2.102695122396129669E-16, 0.000000000000000000 ) ) ;
#2448 = VERTEX_POINT ( 'NONE', #4987 ) ;
#2449 = ORIENTED_EDGE ( 'NONE', *, *, #3272, .T. ) ;
#2450 = DIRECTION ( 'NONE',  ( 0.000000000000000000, 0.000000000000000000, -1.000000000000000000 ) ) ;
#2451 = CARTESIAN_POINT ( 'NONE',  ( -51.70808186218739166, -2.999931335448996261, 0.000000000000000000 ) ) ;
#2452 = DIRECTION ( 'NONE',  ( -0.000000000000000000, -1.000000000000000000, -0.000000000000000000 ) ) ;
#2453 = PRODUCT ( 'Накладка лицевой панели (3D print rev2)', 'Накладка лицевой панели (3D print rev2)', '', ( #5792 ) ) ;
#2454 = CARTESIAN_POINT ( 'NONE',  ( -39.16040865894361644, -37.49992961763273769, 1.450000676743293582 ) ) ;
#2455 = FACE_OUTER_BOUND ( 'NONE', #4795, .T. ) ;
#2456 = DIRECTION ( 'NONE',  ( -0.000000000000000000, 0.000000000000000000, 1.000000000000000000 ) ) ;
#2457 = CYLINDRICAL_SURFACE ( 'NONE', #1054, 1.000000000000000888 ) ;
#2458 = CARTESIAN_POINT ( 'NONE',  ( -39.16032727911196076, -32.49992961829499905, 0.000000000000000000 ) ) ;
#2459 = DIRECTION ( 'NONE',  ( -4.180742545671762101E-15, -4.371140887755362005E-08, -0.9999999999999992228 ) ) ;
#2460 = CARTESIAN_POINT ( 'NONE',  ( -42.83908474956610490, -7.499931335448991376, 1.449999365401114293 ) ) ;
#2461 = EDGE_CURVE ( 'NONE', #1420, #4666, #951, .T. ) ;
#2462 = ORIENTED_EDGE ( 'NONE', *, *, #374, .T. ) ;
#2463 = DIRECTION ( 'NONE',  ( 1.000000000000000000, 0.000000000000000000, 0.000000000000000000 ) ) ;
#2464 = LINE ( 'NONE', #4310, #998 ) ;
#2465 = DIRECTION ( 'NONE',  ( -1.000000000000000000, 1.994248318681189754E-16, 0.000000000000000000 ) ) ;
#2466 = ORIENTED_EDGE ( 'NONE', *, *, #3677, .T. ) ;
#2467 = ORIENTED_EDGE ( 'NONE', *, *, #451, .T. ) ;
#2468 = CARTESIAN_POINT ( 'NONE',  ( 53.13099752524905028, -33.09477641991259134, 23.43294756465299500 ) ) ;
#2469 = AXIS2_PLACEMENT_3D ( 'NONE', #1551, #4241, #3376 ) ;
#2470 = CYLINDRICAL_SURFACE ( 'NONE', #5379, 6.999999999999999112 ) ;
#2471 = ORIENTED_EDGE ( 'NONE', *, *, #3643, .T. ) ;
#2472 = CIRCLE ( 'NONE', #3716, 1.750000000000001554 ) ;
#2473 = ORIENTED_EDGE ( 'NONE', *, *, #5709, .F. ) ;
#2474 = EDGE_CURVE ( 'NONE', #5265, #2290, #982, .T. ) ;
#2475 = DIRECTION ( 'NONE',  ( 0.000000000000000000, -0.000000000000000000, 1.000000000000000000 ) ) ;
#2476 = DIRECTION ( 'NONE',  ( 1.000000000000000000, 0.000000000000000000, 0.000000000000000000 ) ) ;
#2477 = LOCAL_TIME ( 9, 22, 16.00000000000000000, #3448 ) ;
#2478 = CIRCLE ( 'NONE', #2665, 2.000000000000003553 ) ;
#2479 = EDGE_CURVE ( 'NONE', #3466, #2022, #4155, .T. ) ;
#2480 = DIRECTION ( 'NONE',  ( 3.854941057726249437E-16, 1.000000000000000000, 0.000000000000000000 ) ) ;
#2481 = CARTESIAN_POINT ( 'NONE',  ( 30.49987792968802225, -5.499931335448994929, 36.80533964865399810 ) ) ;
#2482 = CARTESIAN_POINT ( 'NONE',  ( -13.92494201660204212, -55.62510013580300949, 1.450001469019673195 ) ) ;
#2483 = ADVANCED_FACE ( 'NONE', ( #1825 ), #60, .F. ) ;
#2484 = CARTESIAN_POINT ( 'NONE',  ( -53.50000000000002132, -34.70000000000000995, 0.000000000000000000 ) ) ;
#2485 = ADVANCED_FACE ( 'NONE', ( #2808 ), #1370, .T. ) ;
#2486 = FACE_OUTER_BOUND ( 'NONE', #2247, .T. ) ;
#2487 = FACE_OUTER_BOUND ( 'NONE', #5130, .T. ) ;
#2488 = AXIS2_PLACEMENT_3D ( 'NONE', #4158, #508, #597 ) ;
#2489 = LINE ( 'NONE', #2033, #4228 ) ;
#2490 = CARTESIAN_POINT ( 'NONE',  ( -59.00000000000001421, -5.000000000000013323, 23.43294756465299500 ) ) ;
#2491 = VERTEX_POINT ( 'NONE', #4061 ) ;
#2492 = CIRCLE ( 'NONE', #3058, 0.5000000000000004441 ) ;
#2493 = DIRECTION ( 'NONE',  ( 0.9999999998675463964, -1.627596612567151538E-05, 0.000000000000000000 ) ) ;
#2494 = PLANE ( 'NONE',  #232 ) ;
#2495 = VERTEX_POINT ( 'NONE', #3738 ) ;
#2496 = EDGE_LOOP ( 'NONE', ( #2616, #43, #367, #3598 ) ) ;
#2497 = DIRECTION ( 'NONE',  ( 0.9999999999999961142, 8.742277677795539484E-08, -8.002115286624055570E-15 ) ) ;
#2498 = CARTESIAN_POINT ( 'NONE',  ( 42.83884060894109780, -7.499931335448994929, 36.80533964865399810 ) ) ;
#2499 = EDGE_CURVE ( 'NONE', #4646, #4646, #128, .T. ) ;
#2500 = ORIENTED_EDGE ( 'NONE', *, *, #1737, .F. ) ;
#2501 = ORIENTED_EDGE ( 'NONE', *, *, #3071, .F. ) ;
#2502 = CARTESIAN_POINT ( 'NONE',  ( -36.56205575617909176, -1.999931335448993597, 3.000000000000000000 ) ) ;
#2503 = CARTESIAN_POINT ( 'NONE',  ( 14.95999999999997954, -28.25000000000002487, 1.450000272415357561 ) ) ;
#2504 = CARTESIAN_POINT ( 'NONE',  ( -57.00000000000009237, -24.00000000000000000, 1.450000086642172503 ) ) ;
#2505 = CARTESIAN_POINT ( 'NONE',  ( 30.50012016296399153, -5.499931269881894735, 1.449999277977990886 ) ) ;
#2506 = EDGE_CURVE ( 'NONE', #1335, #4970, #4418, .T. ) ;
#2507 = FACE_OUTER_BOUND ( 'NONE', #166, .T. ) ;
#2508 = VERTEX_POINT ( 'NONE', #1552 ) ;
#2509 = CIRCLE ( 'NONE', #1557, 2.000000000000001776 ) ;
#2510 = ADVANCED_FACE ( 'NONE', ( #2054 ), #5636, .F. ) ;
#2511 = DIRECTION ( 'NONE',  ( 1.000000000000000000, 1.994248318681189754E-16, 0.000000000000000000 ) ) ;
#2512 = CARTESIAN_POINT ( 'NONE',  ( -44.35714285714286120, 45.59291590537790029, 1.500000000000000000 ) ) ;
#2513 = DIRECTION ( 'NONE',  ( -0.000000000000000000, -0.000000000000000000, 1.000000000000000000 ) ) ;
#2514 = ORIENTED_EDGE ( 'NONE', *, *, #4813, .T. ) ;
#2515 = VECTOR ( 'NONE', #4938, 1000.000000000000000 ) ;
#2516 = EDGE_CURVE ( 'NONE', #1569, #2937, #3878, .T. ) ;
#2517 = CYLINDRICAL_SURFACE ( 'NONE', #254, 4.000000000000003553 ) ;
#2518 = DIRECTION ( 'NONE',  ( -0.000000000000000000, 0.000000000000000000, -1.000000000000000000 ) ) ;
#2519 = CALENDAR_DATE ( 2026, 17, 4 ) ;
#2520 = ORIENTED_EDGE ( 'NONE', *, *, #2153, .T. ) ;
#2521 = ORIENTED_EDGE ( 'NONE', *, *, #1600, .T. ) ;
#2522 = DIRECTION ( 'NONE',  ( -0.000000000000000000, 0.000000000000000000, -1.000000000000000000 ) ) ;
#2523 = CIRCLE ( 'NONE', #5015, 2.000000000000002665 ) ;
#2524 = AXIS2_PLACEMENT_3D ( 'NONE', #35, #3688, #1410 ) ;
#2525 = AXIS2_PLACEMENT_3D ( 'NONE', #672, #4316, #5331 ) ;
#2526 = AXIS2_PLACEMENT_3D ( 'NONE', #2381, #4200, #4256 ) ;
#2527 = CARTESIAN_POINT ( 'NONE',  ( 39.16013196753240777, -0.4999313354489935968, 0.000000000000000000 ) ) ;
#2528 = ORIENTED_EDGE ( 'NONE', *, *, #2106, .T. ) ;
#2529 = VERTEX_POINT ( 'NONE', #3321 ) ;
#2530 = CYLINDRICAL_SURFACE ( 'NONE', #4914, 3.999999999999996447 ) ;
#2531 = DIRECTION ( 'NONE',  ( 1.000000000000000000, 0.000000000000000000, 0.000000000000000000 ) ) ;
#2532 = ADVANCED_FACE ( 'NONE', ( #2003 ), #2025, .F. ) ;
#2533 = VECTOR ( 'NONE', #442, 1000.000000000000000 ) ;
#2534 = AXIS2_PLACEMENT_3D ( 'NONE', #1233, #274, #2194 ) ;
#2535 = EDGE_CURVE ( 'NONE', #4534, #794, #5610, .T. ) ;
#2536 = LINE ( 'NONE', #3460, #4667 ) ;
#2537 = LINE ( 'NONE', #173, #4542 ) ;
#2538 = AXIS2_PLACEMENT_3D ( 'NONE', #595, #1608, #4301 ) ;
#2539 = ORIENTED_EDGE ( 'NONE', *, *, #3684, .F. ) ;
#2540 = FACE_OUTER_BOUND ( 'NONE', #457, .T. ) ;
#2541 = VERTEX_POINT ( 'NONE', #3434 ) ;
#2542 = ADVANCED_FACE ( 'NONE', ( #1125 ), #5250, .F. ) ;
#2543 = CARTESIAN_POINT ( 'NONE',  ( 51.70808186218739166, -7.999931335448993153, 0.000000000000000000 ) ) ;
#2544 = CARTESIAN_POINT ( 'NONE',  ( -66.00000000000001421, -61.00000000000000711, 3.000000000000000000 ) ) ;
#2545 = CARTESIAN_POINT ( 'NONE',  ( -39.16013196753240777, -3.499931335448993597, 0.000000000000000000 ) ) ;
#2546 = VERTEX_POINT ( 'NONE', #1155 ) ;
#2547 = EDGE_CURVE ( 'NONE', #1301, #80, #5660, .T. ) ;
#2548 = DIRECTION ( 'NONE',  ( -1.000000000000000000, 0.000000000000000000, 0.000000000000000000 ) ) ;
#2549 = CARTESIAN_POINT ( 'NONE',  ( 36.56205575617909176, -1.999931335448993597, 0.000000000000000000 ) ) ;
#2550 = DATE_AND_TIME ( #1681, #2477 ) ;
#2551 = VERTEX_POINT ( 'NONE', #2951 ) ;
#2552 = EDGE_LOOP ( 'NONE', ( #632 ) ) ;
#2553 = FACE_OUTER_BOUND ( 'NONE', #5794, .T. ) ;
#2554 = CIRCLE ( 'NONE', #2843, 1.000000000000001776 ) ;
#2555 = VECTOR ( 'NONE', #3446, 1000.000000000000227 ) ;
#2556 = CARTESIAN_POINT ( 'NONE',  ( 45.99999999999998579, -48.60000000000000142, 0.000000000000000000 ) ) ;
#2557 = ORIENTED_EDGE ( 'NONE', *, *, #4701, .F. ) ;
#2558 = VERTEX_POINT ( 'NONE', #5170 ) ;
#2559 = CARTESIAN_POINT ( 'NONE',  ( -39.16029472717970350, -30.49992961855991069, 3.000000000000000000 ) ) ;
#2560 = ORIENTED_EDGE ( 'NONE', *, *, #3791, .F. ) ;
#2561 = AXIS2_PLACEMENT_3D ( 'NONE', #626, #5138, #2902 ) ;
#2562 = FACE_OUTER_BOUND ( 'NONE', #3821, .T. ) ;
#2563 = CIRCLE ( 'NONE', #1800, 1.749999999999996225 ) ;
#2564 = ORIENTED_EDGE ( 'NONE', *, *, #3015, .F. ) ;
#2565 = DIRECTION ( 'NONE',  ( 0.000000000000000000, 0.000000000000000000, -1.000000000000000000 ) ) ;
#2566 = DIRECTION ( 'NONE',  ( -1.000000000000000000, 1.994248318681189754E-16, 0.000000000000000000 ) ) ;
#2567 = VERTEX_POINT ( 'NONE', #4662 ) ;
#2568 = CIRCLE ( 'NONE', #3903, 2.000000000000001776 ) ;
#2569 = PLANE ( 'NONE',  #4782 ) ;
#2570 = LINE ( 'NONE', #3135, #3655 ) ;
#2571 = DIRECTION ( 'NONE',  ( 0.000000000000000000, -0.000000000000000000, 1.000000000000000000 ) ) ;
#2572 = FACE_OUTER_BOUND ( 'NONE', #754, .T. ) ;
#2573 = ORIENTED_EDGE ( 'NONE', *, *, #2213, .T. ) ;
#2574 = ADVANCED_FACE ( 'NONE', ( #4242 ), #567, .F. ) ;
#2575 = CIRCLE ( 'NONE', #2956, 2.000000000000001776 ) ;
#2576 = DIRECTION ( 'NONE',  ( 0.000000000000000000, 0.000000000000000000, 1.000000000000000000 ) ) ;
#2577 = CARTESIAN_POINT ( 'NONE',  ( 50.52500206014519790, -38.50138933447222911, 0.000000000000000000 ) ) ;
#2578 = VERTEX_POINT ( 'NONE', #2396 ) ;
#2579 = CIRCLE ( 'NONE', #2875, 7.999999999999993783 ) ;
#2580 = ORIENTED_EDGE ( 'NONE', *, *, #2820, .T. ) ;
#2581 = CARTESIAN_POINT ( 'NONE',  ( -51.70837482790167883, -38.49972538749284467, 3.000000000000000000 ) ) ;
#2582 = CIRCLE ( 'NONE', #2779, 0.5000000000000004441 ) ;
#2583 = EDGE_CURVE ( 'NONE', #4502, #4530, #679, .T. ) ;
#2584 = EDGE_CURVE ( 'NONE', #1541, #2700, #4720, .T. ) ;
#2585 = EDGE_CURVE ( 'NONE', #3637, #1143, #3766, .T. ) ;
#2586 = DIRECTION ( 'NONE',  ( 0.000000000000000000, -0.000000000000000000, 1.000000000000000000 ) ) ;
#2587 = ORIENTED_EDGE ( 'NONE', *, *, #5534, .T. ) ;
#2588 = DIRECTION ( 'NONE',  ( 0.9999999998675463964, -1.627596612578200236E-05, 0.000000000000000000 ) ) ;
#2589 = DIRECTION ( 'NONE',  ( -4.180742545671762101E-15, -4.371140887755362005E-08, -0.9999999999999992228 ) ) ;
#2590 = ORIENTED_EDGE ( 'NONE', *, *, #4163, .F. ) ;
#2591 = ORIENTED_EDGE ( 'NONE', *, *, #4034, .F. ) ;
#2592 = VERTEX_POINT ( 'NONE', #594 ) ;
#2593 = CC_DESIGN_DATE_AND_TIME_ASSIGNMENT ( #3505, #3535, ( #5076 ) ) ;
#2594 = CARTESIAN_POINT ( 'NONE',  ( -36.56235686188259137, -38.99997190363446009, 1.450000742312244739 ) ) ;
#2595 = ORIENTED_EDGE ( 'NONE', *, *, #924, .F. ) ;
#2596 = DIRECTION ( 'NONE',  ( -1.000000000000000000, 0.000000000000000000, 0.000000000000000000 ) ) ;
#2597 = FACE_OUTER_BOUND ( 'NONE', #1391, .T. ) ;
#2598 = VERTEX_POINT ( 'NONE', #147 ) ;
#2599 = CARTESIAN_POINT ( 'NONE',  ( -38.00000000000000000, 28.00000000000002842, 3.000000000000000000 ) ) ;
#2600 = DIRECTION ( 'NONE',  ( -0.000000000000000000, -0.000000000000000000, 1.000000000000000000 ) ) ;
#2601 = CARTESIAN_POINT ( 'NONE',  ( -51.70828531008798024, -32.99972538822133572, 3.000000000000000000 ) ) ;
#2602 = DIRECTION ( 'NONE',  ( 0.000000000000000000, -0.9999999999999991118, 4.371140884147637586E-08 ) ) ;
#2603 = ORIENTED_EDGE ( 'NONE', *, *, #1459, .F. ) ;
#2604 = EDGE_CURVE ( 'NONE', #5877, #2088, #2425, .T. ) ;
#2605 = VECTOR ( 'NONE', #1982, 1000.000000000000000 ) ;
#2606 = EDGE_CURVE ( 'NONE', #4491, #2992, #1423, .T. ) ;
#2607 = CARTESIAN_POINT ( 'NONE',  ( -39.16013196753240777, -2.499931335448995373, 0.000000000000000000 ) ) ;
#2608 = AXIS2_PLACEMENT_3D ( 'NONE', #3614, #2748, #474 ) ;
#2609 = CARTESIAN_POINT ( 'NONE',  ( -61.00000000000001421, 66.00000000000000000, 3.000000000000000000 ) ) ;
#2610 = PERSON_AND_ORGANIZATION ( #1383, #365 ) ;
#2611 = EDGE_LOOP ( 'NONE', ( #272, #2979, #4643, #371 ) ) ;
#2612 = ORIENTED_EDGE ( 'NONE', *, *, #5350, .F. ) ;
#2613 = CARTESIAN_POINT ( 'NONE',  ( -8.924942016602040340, -57.37510013580300949, 1.450001545514617796 ) ) ;
#2614 = ADVANCED_FACE ( 'NONE', ( #3353 ), #624, .F. ) ;
#2615 = CARTESIAN_POINT ( 'NONE',  ( 39.15992036961191047, -33.50120435612532077, 1.450000501952796617 ) ) ;
#2616 = ORIENTED_EDGE ( 'NONE', *, *, #1417, .F. ) ;
#2617 = CARTESIAN_POINT ( 'NONE',  ( -51.70808186218739166, -2.999931335448996261, 0.000000000000000000 ) ) ;
#2618 = FACE_OUTER_BOUND ( 'NONE', #4231, .T. ) ;
#2619 = EDGE_LOOP ( 'NONE', ( #3102, #2161, #1195, #2202, #1545, #230, #3727, #3143 ) ) ;
#2620 = AXIS2_PLACEMENT_3D ( 'NONE', #2818, #1536, #4699 ) ;
#2621 = ORIENTED_EDGE ( 'NONE', *, *, #1922, .F. ) ;
#2622 = EDGE_LOOP ( 'NONE', ( #5726, #4624, #1994, #5302, #3151, #3594, #2987, #2648 ) ) ;
#2623 = EDGE_CURVE ( 'NONE', #997, #4812, #1101, .T. ) ;
#2624 = VECTOR ( 'NONE', #5039, 1000.000000000000000 ) ;
#2625 = AXIS2_PLACEMENT_3D ( 'NONE', #2824, #3692, #1418 ) ;
#2626 = CARTESIAN_POINT ( 'NONE',  ( 14.95999999999988894, -28.25000000000002487, 1.450000272415357561 ) ) ;
#2627 = VERTEX_POINT ( 'NONE', #3406 ) ;
#2628 = DIRECTION ( 'NONE',  ( -0.000000000000000000, 0.000000000000000000, -1.000000000000000000 ) ) ;
#2629 = LINE ( 'NONE', #20, #3334 ) ;
#2630 = ORIENTED_EDGE ( 'NONE', *, *, #5489, .T. ) ;
#2631 = AXIS2_PLACEMENT_3D ( 'NONE', #5485, #4598, #5904 ) ;
#2632 = DIRECTION ( 'NONE',  ( 1.000000000000000000, 0.000000000000000000, 0.000000000000000000 ) ) ;
#2633 = AXIS2_PLACEMENT_3D ( 'NONE', #3944, #4929, #2275 ) ;
#2634 = CARTESIAN_POINT ( 'NONE',  ( 52.20808186218739166, -7.999931335448993153, 3.000000000000000000 ) ) ;
#2635 = FACE_BOUND ( 'NONE', #3396, .T. ) ;
#2636 = DIRECTION ( 'NONE',  ( -4.180742545671762101E-15, -4.371140887755362005E-08, -0.9999999999999992228 ) ) ;
#2637 = EDGE_LOOP ( 'NONE', ( #545, #140, #4400, #5190 ) ) ;
#2638 = DIRECTION ( 'NONE',  ( 0.000000000000000000, 0.000000000000000000, 1.000000000000000000 ) ) ;
#2639 = EDGE_CURVE ( 'NONE', #3873, #5868, #1995, .T. ) ;
#2640 = CARTESIAN_POINT ( 'NONE',  ( 42.63424468637816744, -38.50126090477248653, 1.450000720512551577 ) ) ;
#2641 = ORIENTED_EDGE ( 'NONE', *, *, #170, .T. ) ;
#2642 = CARTESIAN_POINT ( 'NONE',  ( -37.42826019580637364, -31.49995780922772681, 3.000000000000000000 ) ) ;
#2643 = CARTESIAN_POINT ( 'NONE',  ( 52.20787840052274476, -33.00141672418205019, 3.000000000000000000 ) ) ;
#2644 = ORIENTED_EDGE ( 'NONE', *, *, #4949, .T. ) ;
#2645 = CARTESIAN_POINT ( 'NONE',  ( -51.70808186218739166, -7.999931335448993153, 0.000000000000000000 ) ) ;
#2646 = DIRECTION ( 'NONE',  ( -1.000000000000000000, 1.994248318681189754E-16, 0.000000000000000000 ) ) ;
#2647 = EDGE_LOOP ( 'NONE', ( #2580, #4528, #1006, #46 ) ) ;
#2648 = ORIENTED_EDGE ( 'NONE', *, *, #633, .T. ) ;
#2649 = EDGE_LOOP ( 'NONE', ( #112, #1816, #618, #2166 ) ) ;
#2650 = EDGE_CURVE ( 'NONE', #3726, #3726, #1314, .T. ) ;
#2651 = EDGE_CURVE ( 'NONE', #3158, #2036, #1706, .T. ) ;
#2652 = LINE ( 'NONE', #2626, #4526 ) ;
#2653 = EDGE_LOOP ( 'NONE', ( #1390, #5118, #3032, #876 ) ) ;
#2654 = LINE ( 'NONE', #2177, #2102 ) ;
#2655 = DIRECTION ( 'NONE',  ( -3.414809992080324586E-16, 0.9999999999999991118, -4.371140887755362005E-08 ) ) ;
#2656 = ORIENTED_EDGE ( 'NONE', *, *, #2803, .T. ) ;
#2657 = EDGE_CURVE ( 'NONE', #4071, #4355, #2536, .T. ) ;
#2658 = CARTESIAN_POINT ( 'NONE',  ( -30.50012207031303291, -5.499931335448994929, 1.449999277978244905 ) ) ;
#2659 = CIRCLE ( 'NONE', #4998, 0.5000000000000004441 ) ;
#2660 = DIRECTION ( 'NONE',  ( 4.180742545671757368E-15, 4.371140887755362005E-08, 0.9999999999999991118 ) ) ;
#2661 = DIRECTION ( 'NONE',  ( -0.000000000000000000, 0.000000000000000000, -1.000000000000000000 ) ) ;
#2662 = CARTESIAN_POINT ( 'NONE',  ( 39.45763577121174137, -46.60000000000000142, 23.43294756465299500 ) ) ;
#2663 = ORIENTED_EDGE ( 'NONE', *, *, #1699, .F. ) ;
#2664 = AXIS2_PLACEMENT_3D ( 'NONE', #1057, #1447, #1086 ) ;
#2665 = AXIS2_PLACEMENT_3D ( 'NONE', #941, #999, #5007 ) ;
#2666 = DIRECTION ( 'NONE',  ( -0.000000000000000000, -0.000000000000000000, -1.000000000000000000 ) ) ;
#2667 = LINE ( 'NONE', #2283, #138 ) ;
#2668 = ORIENTED_EDGE ( 'NONE', *, *, #2106, .F. ) ;
#2669 = CARTESIAN_POINT ( 'NONE',  ( 48.77500206014519080, -33.14931592906049218, 0.000000000000000000 ) ) ;
#2670 = AXIS2_PLACEMENT_3D ( 'NONE', #2277, #3168, #1703 ) ;
#2671 = LINE ( 'NONE', #5328, #3947 ) ;
#2672 = ORIENTED_EDGE ( 'NONE', *, *, #5519, .F. ) ;
#2673 = AXIS2_PLACEMENT_3D ( 'NONE', #4384, #1753, #2116 ) ;
#2674 = CARTESIAN_POINT ( 'NONE',  ( 45.99999999999998579, -48.60000000000000142, 1.450001161942398253 ) ) ;
#2675 = CARTESIAN_POINT ( 'NONE',  ( 39.15983898978230826, -38.50120435546305941, 0.000000000000000000 ) ) ;
#2676 = ORIENTED_EDGE ( 'NONE', *, *, #3949, .F. ) ;
#2677 = EDGE_LOOP ( 'NONE', ( #3606 ) ) ;
#2678 = EDGE_LOOP ( 'NONE', ( #4742, #5453, #5706, #5359 ) ) ;
#2679 = EDGE_CURVE ( 'NONE', #2123, #3846, #3908, .T. ) ;
#2680 = CYLINDRICAL_SURFACE ( 'NONE', #2823, 2.000000000000003553 ) ;
#2681 = ORIENTED_EDGE ( 'NONE', *, *, #406, .T. ) ;
#2682 = CARTESIAN_POINT ( 'NONE',  ( 41.99999999999999289, 28.00000000000006395, 0.000000000000000000 ) ) ;
#2683 = CARTESIAN_POINT ( 'NONE',  ( 51.70779702075834194, -38.00140858553672274, 3.000000000000000000 ) ) ;
#2684 = ORIENTED_EDGE ( 'NONE', *, *, #4959, .F. ) ;
#2685 = EDGE_CURVE ( 'NONE', #2193, #1002, #2756, .T. ) ;
#2686 = CARTESIAN_POINT ( 'NONE',  ( 36.56205575617909176, -8.999931335448994929, 0.000000000000000000 ) ) ;
#2687 = LINE ( 'NONE', #4928, #2897 ) ;
#2688 = FACE_BOUND ( 'NONE', #5404, .T. ) ;
#2689 = CARTESIAN_POINT ( 'NONE',  ( 17.49999999999998224, -26.50000000000002842, 23.43294756465299500 ) ) ;
#2690 = EDGE_LOOP ( 'NONE', ( #2354, #3129, #1635, #2520 ) ) ;
#2691 = ADVANCED_FACE ( 'NONE', ( #66 ), #1468, .F. ) ;
#2692 = CARTESIAN_POINT ( 'NONE',  ( 45.99999999999998579, -48.60000000000000142, 23.43294756465299500 ) ) ;
#2693 = CARTESIAN_POINT ( 'NONE',  ( 39.45763577121174137, -46.60000000000000142, 1.450001074519609245 ) ) ;
#2694 = CARTESIAN_POINT ( 'NONE',  ( -52.20828531002175765, -32.99971725023826963, 3.000000000000000000 ) ) ;
#2695 = ORIENTED_EDGE ( 'NONE', *, *, #3071, .T. ) ;
#2696 = AXIS2_PLACEMENT_3D ( 'NONE', #4331, #3775, #237 ) ;
#2697 = APPROVAL ( #5729, 'UNSPECIFIED' ) ;
#2698 = VECTOR ( 'NONE', #440, 1000.000000000000000 ) ;
#2699 = CARTESIAN_POINT ( 'NONE',  ( -42.00000000000000000, 28.00000000000004619, 0.000000000000000000 ) ) ;
#2700 = VERTEX_POINT ( 'NONE', #3620 ) ;
#2701 = LINE ( 'NONE', #873, #3043 ) ;
#2702 = CARTESIAN_POINT ( 'NONE',  ( 30.49987792968802225, -35.50007057189900195, 0.000000000000000000 ) ) ;
#2703 = VERTEX_POINT ( 'NONE', #5880 ) ;
#2704 = ORIENTED_EDGE ( 'NONE', *, *, #1137, .F. ) ;
#2705 = ORIENTED_EDGE ( 'NONE', *, *, #5309, .F. ) ;
#2706 = DIRECTION ( 'NONE',  ( 4.180742545671757368E-15, 4.371140887755362005E-08, 0.9999999999999991118 ) ) ;
#2707 = CIRCLE ( 'NONE', #1467, 0.5000000000000004441 ) ;
#2708 = LINE ( 'NONE', #3636, #2624 ) ;
#2709 = EDGE_CURVE ( 'NONE', #2266, #4825, #1830, .T. ) ;
#2710 = ORIENTED_EDGE ( 'NONE', *, *, #3749, .F. ) ;
#2711 = VERTEX_POINT ( 'NONE', #894 ) ;
#2712 = DIRECTION ( 'NONE',  ( 0.000000000000000000, -0.000000000000000000, 1.000000000000000000 ) ) ;
#2713 = FACE_OUTER_BOUND ( 'NONE', #3420, .T. ) ;
#2714 = ORIENTED_EDGE ( 'NONE', *, *, #23, .F. ) ;
#2715 = AXIS2_PLACEMENT_3D ( 'NONE', #2829, #2020, #192 ) ;
#2716 = VECTOR ( 'NONE', #4, 1000.000000000000000 ) ;
#2717 = PLANE ( 'NONE',  #5420 ) ;
#2718 = DIRECTION ( 'NONE',  ( -0.000000000000000000, 0.000000000000000000, 1.000000000000000000 ) ) ;
#2719 = CARTESIAN_POINT ( 'NONE',  ( -55.00000000000000000, 55.00000000000000711, 3.000000000000000000 ) ) ;
#2720 = AXIS2_PLACEMENT_3D ( 'NONE', #5839, #3607, #5012 ) ;
#2721 = FACE_OUTER_BOUND ( 'NONE', #220, .T. ) ;
#2722 = DIRECTION ( 'NONE',  ( 0.000000000000000000, 0.000000000000000000, -1.000000000000000000 ) ) ;
#2723 = EDGE_LOOP ( 'NONE', ( #5542, #4171, #1747, #339, #1389, #3710 ) ) ;
#2724 = EDGE_CURVE ( 'NONE', #668, #892, #3519, .T. ) ;
#2725 = CIRCLE ( 'NONE', #4817, 0.5000000000000004441 ) ;
#2726 = DIRECTION ( 'NONE',  ( -0.000000000000000000, 0.000000000000000000, -1.000000000000000000 ) ) ;
#2727 = CARTESIAN_POINT ( 'NONE',  ( 51.83157107505930838, -32.51694999944220399, 0.000000000000000000 ) ) ;
#2728 = EDGE_CURVE ( 'NONE', #4201, #4201, #2945, .T. ) ;
#2729 = CARTESIAN_POINT ( 'NONE',  ( 4.574954986571961868, -57.07508182525601370, 0.000000000000000000 ) ) ;
#2730 = VERTEX_POINT ( 'NONE', #5083 ) ;
#2731 = ADVANCED_FACE ( 'NONE', ( #446 ), #2312, .F. ) ;
#2732 = CARTESIAN_POINT ( 'NONE',  ( 47.14938835202706002, -32.50133439230313570, 0.000000000000000000 ) ) ;
#2733 = ORIENTED_EDGE ( 'NONE', *, *, #65, .T. ) ;
#2734 = CARTESIAN_POINT ( 'NONE',  ( 65.99999999999998579, 66.00000000000002842, 0.000000000000000000 ) ) ;
#2735 = DIRECTION ( 'NONE',  ( 0.000000000000000000, 0.000000000000000000, -1.000000000000000000 ) ) ;
#2736 = ORIENTED_EDGE ( 'NONE', *, *, #3717, .F. ) ;
#2737 = ORIENTED_EDGE ( 'NONE', *, *, #5368, .T. ) ;
#2738 = ORIENTED_EDGE ( 'NONE', *, *, #2113, .F. ) ;
#2739 = CARTESIAN_POINT ( 'NONE',  ( -51.70836668991861274, -37.99972538755906726, 3.000000000000000000 ) ) ;
#2740 = LINE ( 'NONE', #76, #3955 ) ;
#2741 = ORIENTED_EDGE ( 'NONE', *, *, #5418, .F. ) ;
#2742 = ORIENTED_EDGE ( 'NONE', *, *, #5640, .T. ) ;
#2743 = FACE_OUTER_BOUND ( 'NONE', #1208, .T. ) ;
#2744 = CARTESIAN_POINT ( 'NONE',  ( -42.00000000000000000, 42.66260283441133083, 0.000000000000000000 ) ) ;
#2745 = ORIENTED_EDGE ( 'NONE', *, *, #2332, .T. ) ;
#2746 = CIRCLE ( 'NONE', #164, 3.499999999999999112 ) ;
#2747 = FACE_BOUND ( 'NONE', #2115, .T. ) ;
#2748 = DIRECTION ( 'NONE',  ( 0.000000000000000000, 0.000000000000000000, -1.000000000000000000 ) ) ;
#2749 = CARTESIAN_POINT ( 'NONE',  ( -51.70808186218739166, -2.499931335448996261, 0.000000000000000000 ) ) ;
#2750 = PLANE ( 'NONE',  #2248 ) ;
#2751 = LINE ( 'NONE', #2339, #4203 ) ;
#2752 = ORIENTED_EDGE ( 'NONE', *, *, #224, .F. ) ;
#2753 = DIRECTION ( 'NONE',  ( 4.180742545671762101E-15, 4.371140887755362005E-08, 0.9999999999999992228 ) ) ;
#2754 = CARTESIAN_POINT ( 'NONE',  ( 45.00000000000000711, 42.66260283441133083, 0.000000000000000000 ) ) ;
#2755 = EDGE_CURVE ( 'NONE', #435, #2320, #1896, .T. ) ;
#2756 = CIRCLE ( 'NONE', #4280, 0.5000000000000004441 ) ;
#2757 = DIRECTION ( 'NONE',  ( 0.000000000000000000, -1.000000000000000000, -0.000000000000000000 ) ) ;
#2758 = EDGE_LOOP ( 'NONE', ( #1568, #3308, #5059, #1145 ) ) ;
#2759 = LOCAL_TIME ( 9, 22, 16.00000000000000000, #3922 ) ;
#2760 = EDGE_CURVE ( 'NONE', #3000, #1366, #33, .T. ) ;
#2761 = CARTESIAN_POINT ( 'NONE',  ( 30.50012016296399153, -5.499931269881894735, 1.449999277977990886 ) ) ;
#2762 = EDGE_LOOP ( 'NONE', ( #3178, #3489, #1267, #5435, #2021, #2304 ) ) ;
#2763 = DIRECTION ( 'NONE',  ( -0.000000000000000000, -0.000000000000000000, 1.000000000000000000 ) ) ;
#2764 = CARTESIAN_POINT ( 'NONE',  ( 10.99999999999997513, -11.46000000000002927, 1.449999538500818641 ) ) ;
#2765 = VERTEX_POINT ( 'NONE', #4065 ) ;
#2766 = ORIENTED_EDGE ( 'NONE', *, *, #2516, .F. ) ;
#2767 = ORIENTED_EDGE ( 'NONE', *, *, #1298, .T. ) ;
#2768 = DIRECTION ( 'NONE',  ( -1.000000000000000000, 0.000000000000000000, 0.000000000000000000 ) ) ;
#2769 = ADVANCED_FACE ( 'NONE', ( #4608 ), #1, .F. ) ;
#2770 = EDGE_CURVE ( 'NONE', #3631, #209, #556, .T. ) ;
#2771 = EDGE_CURVE ( 'NONE', #974, #4556, #415, .T. ) ;
#2772 = AXIS2_PLACEMENT_3D ( 'NONE', #5313, #411, #1220 ) ;
#2773 = CARTESIAN_POINT ( 'NONE',  ( -30.50012207031303291, -35.50007057189900195, 1.450000589326601252 ) ) ;
#2774 = ORIENTED_EDGE ( 'NONE', *, *, #4650, .T. ) ;
#2775 = VERTEX_POINT ( 'NONE', #1406 ) ;
#2776 = FACE_OUTER_BOUND ( 'NONE', #1063, .T. ) ;
#2777 = CARTESIAN_POINT ( 'NONE',  ( 37.42808115996353280, -1.499931335448999592, 3.000000000000000000 ) ) ;
#2778 = VERTEX_POINT ( 'NONE', #5528 ) ;
#2779 = AXIS2_PLACEMENT_3D ( 'NONE', #1578, #676, #3405 ) ;
#2780 = CYLINDRICAL_SURFACE ( 'NONE', #361, 1.750000000000008438 ) ;
#2781 = CARTESIAN_POINT ( 'NONE',  ( 39.15992036961191047, -33.50120435612532077, 1.450000501953051524 ) ) ;
#2782 = DIRECTION ( 'NONE',  ( -1.000000000000000000, 0.000000000000000000, 0.000000000000000000 ) ) ;
#2783 = CARTESIAN_POINT ( 'NONE',  ( 39.16013196753240777, -10.49993133544899493, 0.000000000000000000 ) ) ;
#2784 = CARTESIAN_POINT ( 'NONE',  ( 53.13099752524905028, -29.59477641991259489, 0.000000000000000000 ) ) ;
#2785 = ORIENTED_EDGE ( 'NONE', *, *, #4023, .F. ) ;
#2786 = CARTESIAN_POINT ( 'NONE',  ( -39.16040865894258616, -37.49992961763273769, 0.000000000000000000 ) ) ;
#2787 = CARTESIAN_POINT ( 'NONE',  ( -39.16034355507807874, -33.49992961816254677, 3.000000000000000000 ) ) ;
#2788 = DIRECTION ( 'NONE',  ( 1.000000000000000000, 0.000000000000000000, 0.000000000000000000 ) ) ;
#2789 = EDGE_CURVE ( 'NONE', #3586, #2101, #4128, .T. ) ;
#2790 = ORIENTED_EDGE ( 'NONE', *, *, #1092, .T. ) ;
#2791 = EDGE_CURVE ( 'NONE', #393, #5495, #2377, .T. ) ;
#2792 = LINE ( 'NONE', #1955, #5560 ) ;
#2793 = CARTESIAN_POINT ( 'NONE',  ( 43.99999999999998579, -46.60000000000000142, 23.43294756465299500 ) ) ;
#2794 = CARTESIAN_POINT ( 'NONE',  ( 39.15992036961294076, -33.50120435612532077, 0.000000000000000000 ) ) ;
#2795 = ORIENTED_EDGE ( 'NONE', *, *, #3452, .F. ) ;
#2796 = ORIENTED_EDGE ( 'NONE', *, *, #1979, .F. ) ;
#2797 = DIRECTION ( 'NONE',  ( -0.000000000000000000, 0.000000000000000000, 1.000000000000000000 ) ) ;
#2798 = ADVANCED_FACE ( 'NONE', ( #2280 ), #3686, .F. ) ;
#2799 = AXIS2_PLACEMENT_3D ( 'NONE', #3172, #512, #2404 ) ;
#2800 = CARTESIAN_POINT ( 'NONE',  ( 51.70787840058896734, -33.00140858619899120, 0.000000000000000000 ) ) ;
#2801 = ORIENTED_EDGE ( 'NONE', *, *, #2357, .F. ) ;
#2802 = EDGE_LOOP ( 'NONE', ( #5603, #2603, #1059, #405 ) ) ;
#2803 = EDGE_CURVE ( 'NONE', #1652, #12, #4099, .T. ) ;
#2804 = DIRECTION ( 'NONE',  ( 0.000000000000000000, 0.000000000000000000, -1.000000000000000000 ) ) ;
#2805 = DIRECTION ( 'NONE',  ( -1.000000000000000000, 0.000000000000000000, 0.000000000000000000 ) ) ;
#2806 = ORIENTED_EDGE ( 'NONE', *, *, #5426, .F. ) ;
#2807 = FACE_OUTER_BOUND ( 'NONE', #5040, .T. ) ;
#2808 = FACE_OUTER_BOUND ( 'NONE', #5512, .T. ) ;
#2809 = CARTESIAN_POINT ( 'NONE',  ( 51.70808186218739166, -7.999931335448993153, 0.000000000000000000 ) ) ;
#2810 = DIRECTION ( 'NONE',  ( 1.000000000000000000, 0.000000000000000000, 0.000000000000000000 ) ) ;
#2811 = CARTESIAN_POINT ( 'NONE',  ( 43.99999999999998579, -48.60000000000000142, 0.000000000000000000 ) ) ;
#2812 = ORIENTED_EDGE ( 'NONE', *, *, #541, .F. ) ;
#2813 = AXIS2_PLACEMENT_3D ( 'NONE', #419, #2252, #1019 ) ;
#2814 = VECTOR ( 'NONE', #4234, 1000.000000000000000 ) ;
#2815 = CARTESIAN_POINT ( 'NONE',  ( 50.52500172706440651, -40.76931592906048962, 23.43294756465299500 ) ) ;
#2816 = AXIS2_PLACEMENT_3D ( 'NONE', #3812, #5623, #3366 ) ;
#2817 = FACE_OUTER_BOUND ( 'NONE', #4236, .T. ) ;
#2818 = CARTESIAN_POINT ( 'NONE',  ( -56.50000000000001421, -40.00000000000000000, 1.450000786024710386 ) ) ;
#2819 = VERTEX_POINT ( 'NONE', #2343 ) ;
#2820 = EDGE_CURVE ( 'NONE', #1996, #111, #2472, .T. ) ;
#2821 = UNCERTAINTY_MEASURE_WITH_UNIT (LENGTH_MEASURE( 1.000000000000000082E-05 ), #3337, 'distance_accuracy_value', 'NONE');
#2822 = CARTESIAN_POINT ( 'NONE',  ( 43.99999999999998579, -53.00000000000000711, 0.000000000000000000 ) ) ;
#2823 = AXIS2_PLACEMENT_3D ( 'NONE', #5362, #1725, #346 ) ;
#2824 = CARTESIAN_POINT ( 'NONE',  ( 10.99999999999997513, -11.46000000000002750, 23.43294756465299500 ) ) ;
#2825 = CARTESIAN_POINT ( 'NONE',  ( -51.50000000000000000, 55.00000000000000711, 0.000000000000000000 ) ) ;
#2826 = ORIENTED_EDGE ( 'NONE', *, *, #125, .F. ) ;
#2827 = ORIENTED_EDGE ( 'NONE', *, *, #233, .T. ) ;
#2828 = DIRECTION ( 'NONE',  ( -0.000000000000000000, -0.000000000000000000, -1.000000000000000000 ) ) ;
#2829 = CARTESIAN_POINT ( 'NONE',  ( -56.50000000000001421, -40.00000000000000000, 23.43294756465299500 ) ) ;
#2830 = ORIENTED_EDGE ( 'NONE', *, *, #2479, .T. ) ;
#2831 = ORIENTED_EDGE ( 'NONE', *, *, #2113, .T. ) ;
#2832 = DIRECTION ( 'NONE',  ( -0.000000000000000000, -0.000000000000000000, 1.000000000000000000 ) ) ;
#2833 = CARTESIAN_POINT ( 'NONE',  ( 39.16013196753240777, -8.499931335448993153, 0.000000000000000000 ) ) ;
#2834 = EDGE_LOOP ( 'NONE', ( #4132, #4053, #3211, #4588 ) ) ;
#2835 = EDGE_CURVE ( 'NONE', #2775, #397, #5797, .T. ) ;
#2836 = AXIS2_PLACEMENT_3D ( 'NONE', #2739, #4562, #1842 ) ;
#2837 = EDGE_CURVE ( 'NONE', #3216, #5356, #2005, .T. ) ;
#2838 = CARTESIAN_POINT ( 'NONE',  ( 42.63483325029122994, -32.50126091355721769, 1.450000458244098844 ) ) ;
#2839 = DIRECTION ( 'NONE',  ( 1.000000000000000000, 0.000000000000000000, 0.000000000000000000 ) ) ;
#2840 = FACE_OUTER_BOUND ( 'NONE', #5663, .T. ) ;
#2841 = LINE ( 'NONE', #4157, #2533 ) ;
#2842 = DIRECTION ( 'NONE',  ( 1.000000000000000000, 0.000000000000000000, 0.000000000000000000 ) ) ;
#2843 = AXIS2_PLACEMENT_3D ( 'NONE', #4056, #735, #3524 ) ;
#2844 = ORIENTED_EDGE ( 'NONE', *, *, #5598, .F. ) ;
#2845 = CIRCLE ( 'NONE', #2173, 7.999999999999996447 ) ;
#2846 = ADVANCED_FACE ( 'NONE', ( #4272 ), #4693, .F. ) ;
#2847 = EDGE_CURVE ( 'NONE', #5487, #3631, #4373, .T. ) ;
#2848 = EDGE_CURVE ( 'NONE', #5890, #4974, #1071, .T. ) ;
#2849 = CARTESIAN_POINT ( 'NONE',  ( 47.02500172706440651, -40.76931592906048962, 1.450000819652162543 ) ) ;
#2850 = CARTESIAN_POINT ( 'NONE',  ( 0.000000000000000000, 0.000000000000000000, 3.000000000000000000 ) ) ;
#2851 = DIRECTION ( 'NONE',  ( -1.000000000000000000, 0.000000000000000000, 0.000000000000000000 ) ) ;
#2852 = VERTEX_POINT ( 'NONE', #4244 ) ;
#2853 = MANIFOLD_SOLID_BREP ( 'Скругление4', #5801 ) ;
#2854 = VECTOR ( 'NONE', #4994, 1000.000000000000000 ) ;
#2855 = LINE ( 'NONE', #5061, #37 ) ;
#2856 = AXIS2_PLACEMENT_3D ( 'NONE', #5043, #4537, #2805 ) ;
#2857 = AXIS2_PLACEMENT_3D ( 'NONE', #5047, #3644, #5430 ) ;
#2858 = CARTESIAN_POINT ( 'NONE',  ( -51.70836668991861274, -37.99972538755907436, 3.000000000000000000 ) ) ;
#2859 = VERTEX_POINT ( 'NONE', #550 ) ;
#2860 = ORIENTED_EDGE ( 'NONE', *, *, #3094, .F. ) ;
#2861 = VERTEX_POINT ( 'NONE', #5771 ) ;
#2862 = FACE_OUTER_BOUND ( 'NONE', #2413, .T. ) ;
#2863 = VECTOR ( 'NONE', #5093, 1000.000000000000000 ) ;
#2864 = LINE ( 'NONE', #1487, #520 ) ;
#2865 = ORIENTED_EDGE ( 'NONE', *, *, #2037, .T. ) ;
#2866 = ORIENTED_EDGE ( 'NONE', *, *, #901, .T. ) ;
#2867 = CARTESIAN_POINT ( 'NONE',  ( 48.77500172706440651, -40.76931592906048252, 1.450000819652154993 ) ) ;
#2868 = DIRECTION ( 'NONE',  ( 0.000000000000000000, -0.000000000000000000, 1.000000000000000000 ) ) ;
#2869 = ORIENTED_EDGE ( 'NONE', *, *, #3667, .F. ) ;
#2870 = EDGE_CURVE ( 'NONE', #127, #4974, #5299, .T. ) ;
#2871 = DIRECTION ( 'NONE',  ( 0.000000000000000000, 0.000000000000000000, 1.000000000000000000 ) ) ;
#2872 = CARTESIAN_POINT ( 'NONE',  ( 32.99999999999998579, -53.00000000000000711, 0.000000000000000000 ) ) ;
#2873 = DIRECTION ( 'NONE',  ( -4.180742545671762101E-15, -4.371140887755362005E-08, -0.9999999999999992228 ) ) ;
#2874 = CARTESIAN_POINT ( 'NONE',  ( 43.50000000000000000, 49.50000000000000711, 0.000000000000000000 ) ) ;
#2875 = AXIS2_PLACEMENT_3D ( 'NONE', #5811, #3127, #4503 ) ;
#2876 = CARTESIAN_POINT ( 'NONE',  ( -30.49987792968801514, -5.499931269881881413, 1.449999277977991108 ) ) ;
#2877 = ORIENTED_EDGE ( 'NONE', *, *, #3095, .F. ) ;
#2878 = AXIS2_PLACEMENT_3D ( 'NONE', #222, #5247, #252 ) ;
#2879 = ADVANCED_FACE ( 'NONE', ( #760 ), #1687, .T. ) ;
#2880 = CARTESIAN_POINT ( 'NONE',  ( -39.16013196753240777, -8.499931335448993153, 0.000000000000000000 ) ) ;
#2881 = DIRECTION ( 'NONE',  ( 0.000000000000000000, -1.000000000000000000, 0.000000000000000000 ) ) ;
#2882 = CARTESIAN_POINT ( 'NONE',  ( -30.50012207031303291, -5.499931335448994929, 0.000000000000000000 ) ) ;
#2883 = ORIENTED_EDGE ( 'NONE', *, *, #1260, .F. ) ;
#2884 = EDGE_CURVE ( 'NONE', #5303, #526, #5142, .T. ) ;
#2885 = DIRECTION ( 'NONE',  ( -1.000000000000000000, 0.000000000000000000, 0.000000000000000000 ) ) ;
#2886 = CARTESIAN_POINT ( 'NONE',  ( 39.16013196753240777, -7.499931335448995817, 1.449999365400775453 ) ) ;
#2887 = CARTESIAN_POINT ( 'NONE',  ( 39.49999999999999289, 20.50000000000001066, 0.000000000000000000 ) ) ;
#2888 = ORIENTED_EDGE ( 'NONE', *, *, #1016, .T. ) ;
#2889 = ORIENTED_EDGE ( 'NONE', *, *, #2724, .T. ) ;
#2890 = CARTESIAN_POINT ( 'NONE',  ( 65.99999999999998579, -65.99999999999998579, 0.000000000000000000 ) ) ;
#2891 = LINE ( 'NONE', #2498, #4910 ) ;
#2892 = ORIENTED_EDGE ( 'NONE', *, *, #1446, .F. ) ;
#2893 = ORIENTED_EDGE ( 'NONE', *, *, #4434, .F. ) ;
#2894 = CYLINDRICAL_SURFACE ( 'NONE', #2243, 3.000000000000002665 ) ;
#2895 = DIRECTION ( 'NONE',  ( -0.000000000000000000, -0.000000000000000000, -1.000000000000000000 ) ) ;
#2896 = EDGE_LOOP ( 'NONE', ( #450 ) ) ;
#2897 = VECTOR ( 'NONE', #1674, 1000.000000000000000 ) ;
#2898 = EDGE_CURVE ( 'NONE', #1002, #4789, #3380, .T. ) ;
#2899 = DIRECTION ( 'NONE',  ( 0.000000000000000000, -0.9999999999999991118, 4.371140884147639571E-08 ) ) ;
#2900 = CARTESIAN_POINT ( 'NONE',  ( 50.52500206014519790, -33.14931592906049218, 23.43294756465299500 ) ) ;
#2901 = CARTESIAN_POINT ( 'NONE',  ( -37.42808115996353280, -9.499931335448994929, 0.000000000000000000 ) ) ;
#2902 = DIRECTION ( 'NONE',  ( -1.000000000000000000, 0.000000000000000000, 0.000000000000000000 ) ) ;
#2903 = CYLINDRICAL_SURFACE ( 'NONE', #1626, 3.000000000000002665 ) ;
#2904 = AXIS2_PLACEMENT_3D ( 'NONE', #487, #3269, #992 ) ;
#2905 = LINE ( 'NONE', #4727, #959 ) ;
#2906 = CARTESIAN_POINT ( 'NONE',  ( 30.49987792968802225, -5.499931335448994929, 1.449999277977988221 ) ) ;
#2907 = DIRECTION ( 'NONE',  ( -1.000000000000000000, 0.000000000000000000, 0.000000000000000000 ) ) ;
#2908 = VERTEX_POINT ( 'NONE', #4853 ) ;
#2909 = AXIS2_PLACEMENT_3D ( 'NONE', #2773, #4115, #3278 ) ;
#2910 = AXIS2_PLACEMENT_3D ( 'NONE', #2729, #332, #5883 ) ;
#2911 = EDGE_CURVE ( 'NONE', #1489, #3507, #1124, .T. ) ;
#2912 = CARTESIAN_POINT ( 'NONE',  ( -42.00000000000000000, 46.00000000000002842, 1.500000000000000000 ) ) ;
#2913 = DIRECTION ( 'NONE',  ( -1.000000000000000000, 0.000000000000000000, 0.000000000000000000 ) ) ;
#2914 = CARTESIAN_POINT ( 'NONE',  ( 3.499999999999999112, -15.99999999999998579, 3.000000000000000000 ) ) ;
#2915 = ORIENTED_EDGE ( 'NONE', *, *, #1417, .T. ) ;
#2916 = ORIENTED_EDGE ( 'NONE', *, *, #4880, .F. ) ;
#2917 = DIRECTION ( 'NONE',  ( -1.000000000000000000, 0.000000000000000000, 0.000000000000000000 ) ) ;
#2918 = EDGE_CURVE ( 'NONE', #189, #3449, #834, .T. ) ;
#2919 = DIRECTION ( 'NONE',  ( -0.000000000000000000, 0.000000000000000000, -1.000000000000000000 ) ) ;
#2920 = VERTEX_POINT ( 'NONE', #4883 ) ;
#2921 = EDGE_LOOP ( 'NONE', ( #1903, #4462, #5333, #587 ) ) ;
#2922 = CARTESIAN_POINT ( 'NONE',  ( -39.16042493490871124, -38.49992961750028542, 0.000000000000000000 ) ) ;
#2923 = DIRECTION ( 'NONE',  ( -1.000000000000000000, 1.994248318681189754E-16, 0.000000000000000000 ) ) ;
#2924 = LINE ( 'NONE', #1496, #5232 ) ;
#2925 = DIRECTION ( 'NONE',  ( 0.000000000000000000, 0.000000000000000000, 1.000000000000000000 ) ) ;
#2926 = DIRECTION ( 'NONE',  ( -0.9999999998675465074, 1.627596612693846999E-05, 0.000000000000000000 ) ) ;
#2927 = CARTESIAN_POINT ( 'NONE',  ( -39.16013196753240777, -8.499931335448993153, 0.000000000000000000 ) ) ;
#2928 = CARTESIAN_POINT ( 'NONE',  ( -30.49987792968802225, -5.499931335448994929, 0.000000000000000000 ) ) ;
#2929 = CARTESIAN_POINT ( 'NONE',  ( -54.50000000000002842, -41.00000000000000000, 23.43294756465299500 ) ) ;
#2930 = DIRECTION ( 'NONE',  ( 0.000000000000000000, 0.9999999999999991118, -4.371140887755362005E-08 ) ) ;
#2931 = DIRECTION ( 'NONE',  ( -0.000000000000000000, -0.000000000000000000, -1.000000000000000000 ) ) ;
#2932 = ORIENTED_EDGE ( 'NONE', *, *, #3486, .F. ) ;
#2933 = ADVANCED_FACE ( 'NONE', ( #4438 ), #1528, .T. ) ;
#2934 = CARTESIAN_POINT ( 'NONE',  ( -52.20808186218739166, -7.999931335448993153, 0.000000000000000000 ) ) ;
#2935 = CARTESIAN_POINT ( 'NONE',  ( 13.53999999999997783, -11.46000000000002750, 23.43294756465299500 ) ) ;
#2936 = VERTEX_POINT ( 'NONE', #1058 ) ;
#2937 = VERTEX_POINT ( 'NONE', #5330 ) ;
#2938 = ORIENTED_EDGE ( 'NONE', *, *, #4134, .T. ) ;
#2939 = LINE ( 'NONE', #1570, #3131 ) ;
#2940 = VECTOR ( 'NONE', #1597, 1000.000000000000000 ) ;
#2941 = EDGE_CURVE ( 'NONE', #2382, #2382, #1516, .T. ) ;
#2942 = AXIS2_PLACEMENT_3D ( 'NONE', #4541, #503, #2273 ) ;
#2943 = DIRECTION ( 'NONE',  ( 0.9999999998675463964, -1.627596612587094081E-05, 7.072646676600397240E-13 ) ) ;
#2944 = VERTEX_POINT ( 'NONE', #5199 ) ;
#2945 = CIRCLE ( 'NONE', #5046, 4.000000000000003553 ) ;
#2946 = ORIENTED_EDGE ( 'NONE', *, *, #4007, .T. ) ;
#2947 = DIRECTION ( 'NONE',  ( 0.000000000000000000, -0.9999999999999991118, 4.371140884147631631E-08 ) ) ;
#2948 = DIRECTION ( 'NONE',  ( -1.000000000000000000, 0.000000000000000000, 0.000000000000000000 ) ) ;
#2949 = EDGE_CURVE ( 'NONE', #5323, #4147, #1103, .T. ) ;
#2950 = AXIS2_PLACEMENT_3D ( 'NONE', #5893, #3634, #4050 ) ;
#2951 = CARTESIAN_POINT ( 'NONE',  ( 51.70788653857203343, -32.50140858626521378, 0.000000000000000000 ) ) ;
#2952 = DIRECTION ( 'NONE',  ( -1.000000000000000000, -1.051347561198064835E-16, 0.000000000000000000 ) ) ;
#2953 = CYLINDRICAL_SURFACE ( 'NONE', #3144, 1.750000000000001554 ) ;
#2954 = EDGE_CURVE ( 'NONE', #3388, #686, #786, .T. ) ;
#2955 = ORIENTED_EDGE ( 'NONE', *, *, #4959, .T. ) ;
#2956 = AXIS2_PLACEMENT_3D ( 'NONE', #2811, #4606, #2310 ) ;
#2957 = DIRECTION ( 'NONE',  ( -0.000000000000000000, -0.000000000000000000, -1.000000000000000000 ) ) ;
#2958 = AXIS2_PLACEMENT_3D ( 'NONE', #1584, #5253, #5613 ) ;
#2959 = DIRECTION ( 'NONE',  ( 0.000000000000000000, 0.000000000000000000, 1.000000000000000000 ) ) ;
#2960 = FACE_OUTER_BOUND ( 'NONE', #4763, .T. ) ;
#2961 = ORIENTED_EDGE ( 'NONE', *, *, #572, .T. ) ;
#2962 = DIRECTION ( 'NONE',  ( -1.000000000000000000, 0.000000000000000000, 0.000000000000000000 ) ) ;
#2963 = EDGE_CURVE ( 'NONE', #4918, #2080, #3139, .T. ) ;
#2964 = DIRECTION ( 'NONE',  ( -0.000000000000000000, -0.000000000000000000, -1.000000000000000000 ) ) ;
#2965 = PERSON_AND_ORGANIZATION ( #1383, #365 ) ;
#2966 = ORIENTED_EDGE ( 'NONE', *, *, #1992, .F. ) ;
#2967 = ORIENTED_EDGE ( 'NONE', *, *, #3926, .F. ) ;
#2968 = CARTESIAN_POINT ( 'NONE',  ( 37.99999999999998579, 24.00000000000002842, 3.000000000000000000 ) ) ;
#2969 = EDGE_CURVE ( 'NONE', #2290, #2972, #1204, .T. ) ;
#2970 = LINE ( 'NONE', #4792, #3811 ) ;
#2971 = EDGE_LOOP ( 'NONE', ( #2225, #1722, #2064, #4997, #1138, #3445 ) ) ;
#2972 = VERTEX_POINT ( 'NONE', #3179 ) ;
#2973 = DIRECTION ( 'NONE',  ( 1.000000000000000000, 0.000000000000000000, -0.000000000000000000 ) ) ;
#2974 = CYLINDRICAL_SURFACE ( 'NONE', #4393, 12.50000000000000000 ) ;
#2975 = EDGE_CURVE ( 'NONE', #1366, #1561, #5473, .T. ) ;
#2976 = EDGE_CURVE ( 'NONE', #3511, #2992, #4939, .T. ) ;
#2977 = CARTESIAN_POINT ( 'NONE',  ( 55.00000000000000000, -55.00000000000000000, 0.000000000000000000 ) ) ;
#2978 = DIRECTION ( 'NONE',  ( 0.000000000000000000, 0.000000000000000000, -1.000000000000000000 ) ) ;
#2979 = ORIENTED_EDGE ( 'NONE', *, *, #167, .T. ) ;
#2980 = DIRECTION ( 'NONE',  ( 0.9999999999999961142, 8.742277677795539484E-08, -8.002115286624055570E-15 ) ) ;
#2981 = ORIENTED_EDGE ( 'NONE', *, *, #1290, .F. ) ;
#2982 = EDGE_CURVE ( 'NONE', #686, #3910, #1263, .T. ) ;
#2983 = AXIS2_PLACEMENT_3D ( 'NONE', #3884, #2959, #4306 ) ;
#2984 = LINE ( 'NONE', #3972, #3425 ) ;
#2985 = PLANE ( 'NONE',  #3556 ) ;
#2986 = DIRECTION ( 'NONE',  ( -1.000000000000000000, 0.000000000000000000, 0.000000000000000000 ) ) ;
#2987 = ORIENTED_EDGE ( 'NONE', *, *, #1328, .T. ) ;
#2988 = AXIS2_PLACEMENT_3D ( 'NONE', #1835, #1476, #4555 ) ;
#2989 = DIRECTION ( 'NONE',  ( 0.000000000000000000, 0.000000000000000000, -1.000000000000000000 ) ) ;
#2990 = CARTESIAN_POINT ( 'NONE',  ( -51.70828531008798024, -32.99972538822134283, 3.000000000000000000 ) ) ;
#2991 = DATE_AND_TIME ( #3475, #1132 ) ;
#2992 = VERTEX_POINT ( 'NONE', #846 ) ;
#2993 = ORIENTED_EDGE ( 'NONE', *, *, #4869, .F. ) ;
#2994 = CARTESIAN_POINT ( 'NONE',  ( 37.99999999999998579, 50.00000000000002842, 0.000000000000000000 ) ) ;
#2995 = AXIS2_PLACEMENT_3D ( 'NONE', #1893, #1470, #2851 ) ;
#2996 = AXIS2_PLACEMENT_3D ( 'NONE', #3792, #2475, #2973 ) ;
#2997 = VECTOR ( 'NONE', #1540, 1000.000000000000000 ) ;
#2998 = DIRECTION ( 'NONE',  ( -0.9999999998675463964, 1.627596612567151538E-05, 0.000000000000000000 ) ) ;
#2999 = VERTEX_POINT ( 'NONE', #2674 ) ;
#3000 = VERTEX_POINT ( 'NONE', #426 ) ;
#3001 = CARTESIAN_POINT ( 'NONE',  ( 43.99999999999998579, -46.60000000000000142, 1.450001074519590372 ) ) ;
#3002 = VERTEX_POINT ( 'NONE', #1387 ) ;
#3003 = VECTOR ( 'NONE', #29, 1000.000000000000000 ) ;
#3004 = VECTOR ( 'NONE', #1715, 1000.000000000000000 ) ;
#3005 = CARTESIAN_POINT ( 'NONE',  ( -54.50000000000002842, -33.70000000000000284, 0.000000000000000000 ) ) ;
#3006 = AXIS2_PLACEMENT_3D ( 'NONE', #3046, #1193, #4003 ) ;
#3007 = ORIENTED_EDGE ( 'NONE', *, *, #2547, .F. ) ;
#3008 = CARTESIAN_POINT ( 'NONE',  ( 53.13099752524905028, -33.09477641991259134, 1.450000484187200733 ) ) ;
#3009 = CARTESIAN_POINT ( 'NONE',  ( -61.00000000000001421, -61.00000000000000711, 0.000000000000000000 ) ) ;
#3010 = ORIENTED_EDGE ( 'NONE', *, *, #4037, .F. ) ;
#3011 = CARTESIAN_POINT ( 'NONE',  ( 30.49987792968697775, -35.50007057189900905, 3.000000000000000000 ) ) ;
#3012 = CARTESIAN_POINT ( 'NONE',  ( -42.63478316982463667, -8.499931335448993153, 36.80533964865399810 ) ) ;
#3013 = CARTESIAN_POINT ( 'NONE',  ( 38.79409815332109446, -44.85185707939992739, 0.000000000000000000 ) ) ;
#3014 = CARTESIAN_POINT ( 'NONE',  ( -42.63473434031897824, -32.49987306896335326, 36.80533964865399810 ) ) ;
#3015 = EDGE_CURVE ( 'NONE', #3989, #127, #5802, .T. ) ;
#3016 = ORIENTED_EDGE ( 'NONE', *, *, #2898, .T. ) ;
#3017 = EDGE_CURVE ( 'NONE', #3099, #2101, #2568, .T. ) ;
#3018 = EDGE_CURVE ( 'NONE', #5298, #1296, #2701, .T. ) ;
#3019 = CARTESIAN_POINT ( 'NONE',  ( -57.50000000000001421, -39.99999999999999289, 0.000000000000000000 ) ) ;
#3020 = FACE_OUTER_BOUND ( 'NONE', #5614, .T. ) ;
#3021 = EDGE_LOOP ( 'NONE', ( #1546, #4875, #4150, #3048 ) ) ;
#3022 = ORIENTED_EDGE ( 'NONE', *, *, #4367, .F. ) ;
#3023 = LINE ( 'NONE', #1201, #3004 ) ;
#3024 = CC_DESIGN_PERSON_AND_ORGANIZATION_ASSIGNMENT ( #4907, #299, ( #5076 ) ) ;
#3025 = AXIS2_PLACEMENT_3D ( 'NONE', #2669, #5307, #1185 ) ;
#3026 = AXIS2_PLACEMENT_3D ( 'NONE', #3865, #1539, #2548 ) ;
#3027 = DIRECTION ( 'NONE',  ( -4.180742545671762101E-15, -4.371140887755362005E-08, -0.9999999999999992228 ) ) ;
#3028 = ORIENTED_EDGE ( 'NONE', *, *, #58, .F. ) ;
#3029 = CARTESIAN_POINT ( 'NONE',  ( 39.15992036961294076, -33.50120435612532077, 0.000000000000000000 ) ) ;
#3030 = CARTESIAN_POINT ( 'NONE',  ( 39.15985526574843334, -37.50120435559551169, 0.000000000000000000 ) ) ;
#3031 = EDGE_LOOP ( 'NONE', ( #135, #3981, #5596, #309 ) ) ;
#3032 = ORIENTED_EDGE ( 'NONE', *, *, #2169, .T. ) ;
#3033 = EDGE_LOOP ( 'NONE', ( #2176, #5329, #1199, #3055 ) ) ;
#3034 = VECTOR ( 'NONE', #5436, 1000.000000000000227 ) ;
#3035 = PLANE ( 'NONE',  #2255 ) ;
#3036 = CIRCLE ( 'NONE', #1799, 2.000000000000000000 ) ;
#3037 = VECTOR ( 'NONE', #725, 1000.000000000000000 ) ;
#3038 = VERTEX_POINT ( 'NONE', #906 ) ;
#3039 = DIRECTION ( 'NONE',  ( 1.000000000000000000, 0.000000000000000000, 0.000000000000000000 ) ) ;
#3040 = DIRECTION ( 'NONE',  ( -1.000000000000000000, 0.000000000000000000, 0.000000000000000000 ) ) ;
#3041 = ORIENTED_EDGE ( 'NONE', *, *, #2506, .T. ) ;
#3042 = EDGE_CURVE ( 'NONE', #3402, #4789, #489, .T. ) ;
#3043 = VECTOR ( 'NONE', #3087, 1000.000000000000000 ) ;
#3044 = DIRECTION ( 'NONE',  ( 0.000000000000000000, -0.000000000000000000, 1.000000000000000000 ) ) ;
#3045 = DIRECTION ( 'NONE',  ( -0.000000000000000000, 0.000000000000000000, -1.000000000000000000 ) ) ;
#3046 = CARTESIAN_POINT ( 'NONE',  ( 43.50000000000000000, 49.50000000000000711, 1.500000000000000000 ) ) ;
#3047 = DIRECTION ( 'NONE',  ( -4.180742545671762101E-15, -4.371140887755362005E-08, -0.9999999999999992228 ) ) ;
#3048 = ORIENTED_EDGE ( 'NONE', *, *, #3207, .F. ) ;
#3049 = EDGE_CURVE ( 'NONE', #2627, #1784, #2386, .T. ) ;
#3050 = AXIS2_PLACEMENT_3D ( 'NONE', #4095, #2636, #3975 ) ;
#3051 = CYLINDRICAL_SURFACE ( 'NONE', #3803, 7.999999999999996447 ) ;
#3052 = EDGE_CURVE ( 'NONE', #3317, #5853, #3540, .T. ) ;
#3053 = DIRECTION ( 'NONE',  ( -1.000000000000000000, 0.000000000000000000, 0.000000000000000000 ) ) ;
#3054 = APPROVAL_STATUS ( 'not_yet_approved' ) ;
#3055 = ORIENTED_EDGE ( 'NONE', *, *, #3382, .F. ) ;
#3056 = EDGE_LOOP ( 'NONE', ( #986, #4140, #2630, #5484 ) ) ;
#3057 = LINE ( 'NONE', #5295, #2249 ) ;
#3058 = AXIS2_PLACEMENT_3D ( 'NONE', #2451, #2868, #2531 ) ;
#3059 = DIRECTION ( 'NONE',  ( 1.000000000000000000, 0.000000000000000000, 0.000000000000000000 ) ) ;
#3060 = ORIENTED_EDGE ( 'NONE', *, *, #3791, .T. ) ;
#3061 = DIRECTION ( 'NONE',  ( 0.000000000000000000, 0.000000000000000000, -1.000000000000000000 ) ) ;
#3062 = CARTESIAN_POINT ( 'NONE',  ( -37.99999999999998579, 50.00000000000002842, 1.500000000000000000 ) ) ;
#3063 = EDGE_LOOP ( 'NONE', ( #5099, #4931, #316, #3028 ) ) ;
#3064 = ORIENTED_EDGE ( 'NONE', *, *, #533, .T. ) ;
#3065 = ORIENTED_EDGE ( 'NONE', *, *, #3993, .T. ) ;
#3066 = CARTESIAN_POINT ( 'NONE',  ( 42.63483325029122994, -32.50126091355721059, 0.000000000000000000 ) ) ;
#3067 = ORIENTED_EDGE ( 'NONE', *, *, #3559, .F. ) ;
#3068 = CARTESIAN_POINT ( 'NONE',  ( 15.53999999999997783, -13.46000096090565279, 1.449999625923660496 ) ) ;
#3069 = DIRECTION ( 'NONE',  ( -1.000000000000000000, 0.000000000000000000, 0.000000000000000000 ) ) ;
#3070 = ORIENTED_EDGE ( 'NONE', *, *, #5744, .T. ) ;
#3071 = EDGE_CURVE ( 'NONE', #1611, #93, #4524, .T. ) ;
#3072 = FACE_OUTER_BOUND ( 'NONE', #160, .T. ) ;
#3073 = PLANE ( 'NONE',  #4895 ) ;
#3074 = DIRECTION ( 'NONE',  ( -1.000000000000000000, 0.000000000000000000, 0.000000000000000000 ) ) ;
#3075 = CARTESIAN_POINT ( 'NONE',  ( -43.50000000000000000, 49.50000000000000711, 1.500000000000000000 ) ) ;
#3076 = ORIENTED_EDGE ( 'NONE', *, *, #2409, .T. ) ;
#3077 = AXIS2_PLACEMENT_3D ( 'NONE', #1192, #4420, #5754 ) ;
#3078 = DIRECTION ( 'NONE',  ( 0.9999999998675463964, -1.627596612607036625E-05, 7.072646676687567254E-13 ) ) ;
#3079 = AXIS2_PLACEMENT_3D ( 'NONE', #3227, #5108, #2366 ) ;
#3080 = FACE_OUTER_BOUND ( 'NONE', #1116, .T. ) ;
#3081 = CALENDAR_DATE ( 2026, 17, 4 ) ;
#3082 = VERTEX_POINT ( 'NONE', #454 ) ;
#3083 = DIRECTION ( 'NONE',  ( 0.000000000000000000, 0.000000000000000000, -1.000000000000000000 ) ) ;
#3084 = EDGE_CURVE ( 'NONE', #908, #393, #4971, .T. ) ;
#3085 = CARTESIAN_POINT ( 'NONE',  ( -51.70828531008798024, -32.99972538822133572, 0.000000000000000000 ) ) ;
#3086 = ORIENTED_EDGE ( 'NONE', *, *, #2305, .F. ) ;
#3087 = DIRECTION ( 'NONE',  ( -1.000000000000000000, 0.000000000000000000, 0.000000000000000000 ) ) ;
#3088 = CARTESIAN_POINT ( 'NONE',  ( 39.15993664557905873, -32.50120435625778015, 0.000000000000000000 ) ) ;
#3089 = ORIENTED_EDGE ( 'NONE', *, *, #3517, .T. ) ;
#3090 = VECTOR ( 'NONE', #631, 1000.000000000000000 ) ;
#3091 = ORIENTED_EDGE ( 'NONE', *, *, #22, .F. ) ;
#3092 = EDGE_LOOP ( 'NONE', ( #1936, #4082, #1662, #3109 ) ) ;
#3093 = EDGE_CURVE ( 'NONE', #4000, #3317, #3595, .T. ) ;
#3094 = EDGE_CURVE ( 'NONE', #1489, #3912, #4097, .T. ) ;
#3095 = EDGE_CURVE ( 'NONE', #1265, #3784, #5421, .T. ) ;
#3096 = CIRCLE ( 'NONE', #5848, 2.000000000000000000 ) ;
#3097 = AXIS2_PLACEMENT_3D ( 'NONE', #3306, #518, #4645 ) ;
#3098 = CARTESIAN_POINT ( 'NONE',  ( 53.13099752524905028, -31.34477641991259489, 0.000000000000000000 ) ) ;
#3099 = VERTEX_POINT ( 'NONE', #5412 ) ;
#3100 = LINE ( 'NONE', #4924, #3627 ) ;
#3101 = DIRECTION ( 'NONE',  ( -1.000000000000000000, 0.000000000000000000, 0.000000000000000000 ) ) ;
#3102 = ORIENTED_EDGE ( 'NONE', *, *, #5317, .T. ) ;
#3103 = AXIS2_PLACEMENT_3D ( 'NONE', #2207, #4025, #1785 ) ;
#3104 = DIRECTION ( 'NONE',  ( 1.000000000000000000, 0.000000000000000000, 0.000000000000000000 ) ) ;
#3105 = VECTOR ( 'NONE', #1527, 1000.000000000000000 ) ;
#3106 = CARTESIAN_POINT ( 'NONE',  ( -39.16034355507807874, -33.49992961816254677, 0.000000000000000000 ) ) ;
#3107 = FACE_BOUND ( 'NONE', #1847, .T. ) ;
#3108 = CARTESIAN_POINT ( 'NONE',  ( -54.50000000000002132, -4.999999999999999112, 1.449999256125392044 ) ) ;
#3109 = ORIENTED_EDGE ( 'NONE', *, *, #1452, .F. ) ;
#3110 = DIRECTION ( 'NONE',  ( -1.000000000000000000, 0.000000000000000000, 0.000000000000000000 ) ) ;
#3111 = DIRECTION ( 'NONE',  ( -0.9999999998675463964, 1.627596612567151538E-05, 0.000000000000000000 ) ) ;
#3112 = ORIENTED_EDGE ( 'NONE', *, *, #486, .F. ) ;
#3113 = CARTESIAN_POINT ( 'NONE',  ( 37.43782217350893404, 53.00000000000003553, 1.500000000000000000 ) ) ;
#3114 = EDGE_CURVE ( 'NONE', #2567, #639, #1906, .T. ) ;
#3115 = DIRECTION ( 'NONE',  ( 0.000000000000000000, -0.000000000000000000, -1.000000000000000000 ) ) ;
#3116 = VERTEX_POINT ( 'NONE', #1293 ) ;
#3117 = DIRECTION ( 'NONE',  ( -0.000000000000000000, -0.000000000000000000, -1.000000000000000000 ) ) ;
#3118 = DIRECTION ( 'NONE',  ( 0.000000000000000000, 0.000000000000000000, 1.000000000000000000 ) ) ;
#3119 = ORIENTED_EDGE ( 'NONE', *, *, #331, .F. ) ;
#3120 = ORIENTED_EDGE ( 'NONE', *, *, #5418, .T. ) ;
#3121 = ORIENTED_EDGE ( 'NONE', *, *, #3562, .F. ) ;
#3122 = CIRCLE ( 'NONE', #3601, 3.500000000000003109 ) ;
#3123 = ADVANCED_FACE ( 'NONE', ( #5831, #1745 ), #5387, .F. ) ;
#3124 = CARTESIAN_POINT ( 'NONE',  ( 47.02500206014519790, -33.14931592906049218, 0.000000000000000000 ) ) ;
#3125 = EDGE_LOOP ( 'NONE', ( #2095, #3280, #4846, #1639 ) ) ;
#3126 = EDGE_CURVE ( 'NONE', #3256, #1325, #3628, .T. ) ;
#3127 = DIRECTION ( 'NONE',  ( 4.180742545671762101E-15, 4.371140887755362005E-08, 0.9999999999999992228 ) ) ;
#3128 = CARTESIAN_POINT ( 'NONE',  ( 36.56175464079005621, -39.00116206919642536, 1.450000742363962924 ) ) ;
#3129 = ORIENTED_EDGE ( 'NONE', *, *, #5498, .T. ) ;
#3130 = VECTOR ( 'NONE', #4691, 1000.000000000000000 ) ;
#3131 = VECTOR ( 'NONE', #109, 1000.000000000000000 ) ;
#3132 = FACE_BOUND ( 'NONE', #913, .T. ) ;
#3133 = AXIS2_PLACEMENT_3D ( 'NONE', #4690, #1068, #757 ) ;
#3134 = ADVANCED_FACE ( 'NONE', ( #964 ), #3750, .F. ) ;
#3135 = CARTESIAN_POINT ( 'NONE',  ( 41.99999999999999289, 28.00000000000002842, 0.000000000000000000 ) ) ;
#3136 = FACE_BOUND ( 'NONE', #4769, .T. ) ;
#3137 = FACE_OUTER_BOUND ( 'NONE', #1602, .T. ) ;
#3138 = ORIENTED_EDGE ( 'NONE', *, *, #2335, .F. ) ;
#3139 = CIRCLE ( 'NONE', #4856, 0.5000000000000004441 ) ;
#3140 = CIRCLE ( 'NONE', #3996, 3.999999999999996447 ) ;
#3141 = CARTESIAN_POINT ( 'NONE',  ( -54.50000000000002132, -41.00000000000000000, 1.450000829736112440 ) ) ;
#3142 = DIRECTION ( 'NONE',  ( 1.000000000000000000, 0.000000000000000000, -4.180742545671766046E-15 ) ) ;
#3143 = ORIENTED_EDGE ( 'NONE', *, *, #2035, .F. ) ;
#3144 = AXIS2_PLACEMENT_3D ( 'NONE', #4303, #5279, #4831 ) ;
#3145 = EDGE_CURVE ( 'NONE', #4232, #4812, #5149, .T. ) ;
#3146 = DIRECTION ( 'NONE',  ( 0.000000000000000000, -0.9999999999999990008, 4.371140884147636263E-08 ) ) ;
#3147 = ORIENTED_EDGE ( 'NONE', *, *, #4696, .T. ) ;
#3148 = AXIS2_PLACEMENT_3D ( 'NONE', #825, #796, #2628 ) ;
#3149 = DIRECTION ( 'NONE',  ( -0.000000000000000000, 0.000000000000000000, -1.000000000000000000 ) ) ;
#3150 = PLANE ( 'NONE',  #3432 ) ;
#3151 = ORIENTED_EDGE ( 'NONE', *, *, #3713, .T. ) ;
#3152 = ORIENTED_EDGE ( 'NONE', *, *, #5666, .T. ) ;
#3153 = ORIENTED_EDGE ( 'NONE', *, *, #2685, .F. ) ;
#3154 = VECTOR ( 'NONE', #5221, 1000.000000000000000 ) ;
#3155 = CARTESIAN_POINT ( 'NONE',  ( -56.50000000000009948, -41.00000000000000000, 1.450000829736119989 ) ) ;
#3156 = DIRECTION ( 'NONE',  ( -0.000000000000000000, -0.000000000000000000, -1.000000000000000000 ) ) ;
#3157 = EDGE_CURVE ( 'NONE', #5707, #2197, #5619, .T. ) ;
#3158 = VERTEX_POINT ( 'NONE', #2886 ) ;
#3159 = ORIENTED_EDGE ( 'NONE', *, *, #4631, .T. ) ;
#3160 = CARTESIAN_POINT ( 'NONE',  ( -13.92494201660204212, -57.37510013580300949, 23.43294756465299500 ) ) ;
#3161 = CARTESIAN_POINT ( 'NONE',  ( 30.49987792968802225, -5.499931335448994929, 0.000000000000000000 ) ) ;
#3162 = ORIENTED_EDGE ( 'NONE', *, *, #2060, .T. ) ;
#3163 = EDGE_CURVE ( 'NONE', #820, #1455, #3428, .T. ) ;
#3164 = DIRECTION ( 'NONE',  ( -1.000000000000000000, 0.000000000000000000, 0.000000000000000000 ) ) ;
#3165 = CARTESIAN_POINT ( 'NONE',  ( -42.00000000000000000, 28.00000000000004619, 0.000000000000000000 ) ) ;
#3166 = PLANE ( 'NONE',  #2538 ) ;
#3167 = FACE_OUTER_BOUND ( 'NONE', #2331, .T. ) ;
#3168 = DIRECTION ( 'NONE',  ( 0.000000000000000000, 0.000000000000000000, 1.000000000000000000 ) ) ;
#3169 = EDGE_LOOP ( 'NONE', ( #1683 ) ) ;
#3170 = ADVANCED_FACE ( 'NONE', ( #4735 ), #993, .F. ) ;
#3171 = DIRECTION ( 'NONE',  ( 0.000000000000000000, -0.9999999999999991118, 4.371140887245358835E-08 ) ) ;
#3172 = CARTESIAN_POINT ( 'NONE',  ( 10.99999999999997513, -18.54000000000002757, 23.43294756465299500 ) ) ;
#3173 = FACE_OUTER_BOUND ( 'NONE', #1933, .T. ) ;
#3174 = ORIENTED_EDGE ( 'NONE', *, *, #5097, .F. ) ;
#3175 = CIRCLE ( 'NONE', #3755, 7.000000000000005329 ) ;
#3176 = CIRCLE ( 'NONE', #32, 12.50000000000000355 ) ;
#3177 = CARTESIAN_POINT ( 'NONE',  ( 30.99999999999998579, -48.99081265880478497, 0.000000000000000000 ) ) ;
#3178 = ORIENTED_EDGE ( 'NONE', *, *, #2604, .F. ) ;
#3179 = CARTESIAN_POINT ( 'NONE',  ( 39.15992036961294076, -33.50120435612532077, 3.000000000000000000 ) ) ;
#3180 = CARTESIAN_POINT ( 'NONE',  ( 50.52500206014519790, -37.50138933433978394, 0.000000000000000000 ) ) ;
#3181 = ORIENTED_EDGE ( 'NONE', *, *, #1726, .T. ) ;
#3182 = ORIENTED_EDGE ( 'NONE', *, *, #677, .F. ) ;
#3183 = ORIENTED_EDGE ( 'NONE', *, *, #1731, .F. ) ;
#3184 = DIRECTION ( 'NONE',  ( 0.9999999998675463964, -1.627596612607036625E-05, 0.000000000000000000 ) ) ;
#3185 = AXIS2_PLACEMENT_3D ( 'NONE', #3085, #3593, #5829 ) ;
#3186 = LINE ( 'NONE', #2326, #5003 ) ;
#3187 = EDGE_LOOP ( 'NONE', ( #3736, #5477, #2893, #2844 ) ) ;
#3188 = ORIENTED_EDGE ( 'NONE', *, *, #5426, .T. ) ;
#3189 = CARTESIAN_POINT ( 'NONE',  ( 47.02500206014519790, -37.50133236845832840, 1.450000819652154993 ) ) ;
#3190 = FACE_OUTER_BOUND ( 'NONE', #5065, .T. ) ;
#3191 = EDGE_LOOP ( 'NONE', ( #3952, #4335, #4523, #2955 ) ) ;
#3192 = CIRCLE ( 'NONE', #3864, 2.000000000000003553 ) ;
#3193 = AXIS2_PLACEMENT_3D ( 'NONE', #898, #2159, #389 ) ;
#3194 = CARTESIAN_POINT ( 'NONE',  ( 51.70808186218739166, -2.499931335448996261, 3.000000000000000000 ) ) ;
#3195 = CARTESIAN_POINT ( 'NONE',  ( -13.92494201660204212, -53.87510013580300949, 0.000000000000000000 ) ) ;
#3196 = PLANE ( 'NONE',  #1870 ) ;
#3197 = VECTOR ( 'NONE', #4237, 1000.000000000000000 ) ;
#3198 = DIRECTION ( 'NONE',  ( -0.000000000000000000, -0.000000000000000000, 1.000000000000000000 ) ) ;
#3199 = ADVANCED_FACE ( 'NONE', ( #4137 ), #581, .F. ) ;
#3200 = CYLINDRICAL_SURFACE ( 'NONE', #4004, 1.750000000000001554 ) ;
#3201 = VERTEX_POINT ( 'NONE', #635 ) ;
#3202 = CIRCLE ( 'NONE', #627, 0.5000000000000004441 ) ;
#3203 = DIRECTION ( 'NONE',  ( 0.000000000000000000, 0.000000000000000000, -1.000000000000000000 ) ) ;
#3204 = DIRECTION ( 'NONE',  ( 1.000000000000000000, 0.000000000000000000, 0.000000000000000000 ) ) ;
#3205 = EDGE_CURVE ( 'NONE', #4968, #4494, #1482, .T. ) ;
#3206 = DIRECTION ( 'NONE',  ( 0.000000000000000000, 0.000000000000000000, -1.000000000000000000 ) ) ;
#3207 = EDGE_CURVE ( 'NONE', #4637, #1095, #4676, .T. ) ;
#3208 = VERTEX_POINT ( 'NONE', #549 ) ;
#3209 = EDGE_CURVE ( 'NONE', #1430, #1811, #1509, .T. ) ;
#3210 = CARTESIAN_POINT ( 'NONE',  ( -57.50000000000001421, -34.70000000000000995, 23.43294756465299500 ) ) ;
#3211 = ORIENTED_EDGE ( 'NONE', *, *, #460, .T. ) ;
#3212 = CARTESIAN_POINT ( 'NONE',  ( -53.50000000000002132, -34.70000000000000995, 23.43294756465299500 ) ) ;
#3213 = CARTESIAN_POINT ( 'NONE',  ( 52.20808186218739166, -2.999931335448996261, 0.000000000000000000 ) ) ;
#3214 = ORIENTED_EDGE ( 'NONE', *, *, #3364, .F. ) ;
#3215 = VERTEX_POINT ( 'NONE', #41 ) ;
#3216 = VERTEX_POINT ( 'NONE', #1987 ) ;
#3217 = CARTESIAN_POINT ( 'NONE',  ( -36.56224293011970872, -31.99997190456163665, 0.000000000000000000 ) ) ;
#3218 = DIRECTION ( 'NONE',  ( -0.000000000000000000, -0.000000000000000000, -1.000000000000000000 ) ) ;
#3219 = ORIENTED_EDGE ( 'NONE', *, *, #3362, .T. ) ;
#3220 = VERTEX_POINT ( 'NONE', #1871 ) ;
#3221 = LINE ( 'NONE', #1456, #234 ) ;
#3222 = DIRECTION ( 'NONE',  ( -4.180742545671762101E-15, -4.371140887755362005E-08, -0.9999999999999992228 ) ) ;
#3223 = ORIENTED_EDGE ( 'NONE', *, *, #296, .F. ) ;
#3224 = AXIS2_PLACEMENT_3D ( 'NONE', #1197, #4872, #777 ) ;
#3225 = ADVANCED_FACE ( 'NONE', ( #1956 ), #3336, .F. ) ;
#3226 = PLANE ( 'NONE',  #2857 ) ;
#3227 = CARTESIAN_POINT ( 'NONE',  ( 2.074954986571962312, -57.07508182525601370, 1.450001532400348792 ) ) ;
#3228 = DIRECTION ( 'NONE',  ( -1.000000000000000000, 0.000000000000000000, 0.000000000000000000 ) ) ;
#3229 = CYLINDRICAL_SURFACE ( 'NONE', #4436, 0.5000000000000004441 ) ;
#3230 = DIRECTION ( 'NONE',  ( -0.9999999998675463964, 1.627596612567151538E-05, 0.000000000000000000 ) ) ;
#3231 = EDGE_CURVE ( 'NONE', #526, #3599, #3725, .T. ) ;
#3232 = ORIENTED_EDGE ( 'NONE', *, *, #4268, .T. ) ;
#3233 = VECTOR ( 'NONE', #2365, 1000.000000000000000 ) ;
#3234 = DIRECTION ( 'NONE',  ( 0.000000000000000000, -1.000000000000000000, 0.000000000000000000 ) ) ;
#3235 = DIRECTION ( 'NONE',  ( -0.000000000000000000, 0.000000000000000000, 1.000000000000000000 ) ) ;
#3236 = AXIS2_PLACEMENT_3D ( 'NONE', #172, #3797, #1526 ) ;
#3237 = CARTESIAN_POINT ( 'NONE',  ( -61.00000000000002132, 61.00000000000000000, 3.000000000000000000 ) ) ;
#3238 = ADVANCED_FACE ( 'NONE', ( #2440 ), #3244, .T. ) ;
#3239 = ORIENTED_EDGE ( 'NONE', *, *, #2288, .T. ) ;
#3240 = AXIS2_PLACEMENT_3D ( 'NONE', #5861, #455, #4525 ) ;
#3241 = ADVANCED_FACE ( 'NONE', ( #5063 ), #2411, .T. ) ;
#3242 = LINE ( 'NONE', #1023, #795 ) ;
#3243 = ORIENTED_EDGE ( 'NONE', *, *, #4844, .T. ) ;
#3244 = CYLINDRICAL_SURFACE ( 'NONE', #2526, 1.000000000000000888 ) ;
#3245 = CARTESIAN_POINT ( 'NONE',  ( 39.15985526574843334, -37.50120435559551169, 0.000000000000000000 ) ) ;
#3246 = ORIENTED_EDGE ( 'NONE', *, *, #2356, .F. ) ;
#3247 = CIRCLE ( 'NONE', #1620, 0.5000000000000008882 ) ;
#3248 = VERTEX_POINT ( 'NONE', #5561 ) ;
#3249 = CYLINDRICAL_SURFACE ( 'NONE', #2950, 12.50000000000000000 ) ;
#3250 = AXIS2_PLACEMENT_3D ( 'NONE', #2876, #923, #2980 ) ;
#3251 = FACE_OUTER_BOUND ( 'NONE', #591, .T. ) ;
#3252 = EDGE_LOOP ( 'NONE', ( #468, #2684, #2261, #5035 ) ) ;
#3253 = ORIENTED_EDGE ( 'NONE', *, *, #418, .T. ) ;
#3254 = DIRECTION ( 'NONE',  ( -0.000000000000000000, -0.000000000000000000, -1.000000000000000000 ) ) ;
#3255 = DIRECTION ( 'NONE',  ( -1.000000000000000000, 0.000000000000000000, 0.000000000000000000 ) ) ;
#3256 = VERTEX_POINT ( 'NONE', #5536 ) ;
#3257 = AXIS2_PLACEMENT_3D ( 'NONE', #2007, #3774, #2511 ) ;
#3258 = FACE_BOUND ( 'NONE', #187, .T. ) ;
#3259 = CARTESIAN_POINT ( 'NONE',  ( 10.99999999999997513, -20.54000000000003112, 23.43294756465299500 ) ) ;
#3260 = CARTESIAN_POINT ( 'NONE',  ( -57.00000000000000000, -2.999999999999998224, 0.000000000000000000 ) ) ;
#3261 = CARTESIAN_POINT ( 'NONE',  ( -59.00000000000001421, -5.000000000000013323, 1.449999627672383218 ) ) ;
#3262 = LINE ( 'NONE', #2784, #5060 ) ;
#3263 = EDGE_LOOP ( 'NONE', ( #5826, #44, #5830, #4830 ) ) ;
#3264 = ADVANCED_FACE ( 'NONE', ( #1477 ), #132, .F. ) ;
#3265 = DIRECTION ( 'NONE',  ( -1.000000000000000000, 0.000000000000000000, 0.000000000000000000 ) ) ;
#3266 = CARTESIAN_POINT ( 'NONE',  ( -37.99999999999998579, 50.00000000000002842, 0.000000000000000000 ) ) ;
#3267 = CARTESIAN_POINT ( 'NONE',  ( -59.00000000000001421, -21.99999999999998579, 1.449999999219359959 ) ) ;
#3268 = EDGE_LOOP ( 'NONE', ( #343, #3041, #1850, #4264 ) ) ;
#3269 = DIRECTION ( 'NONE',  ( 4.180742545671757368E-15, 4.371140887755362005E-08, 0.9999999999999991118 ) ) ;
#3270 = CARTESIAN_POINT ( 'NONE',  ( -30.50012207031303291, -35.50007057189900195, 1.450000589326601252 ) ) ;
#3271 = CARTESIAN_POINT ( 'NONE',  ( -51.50000000000000000, -55.00000000000000000, 3.000000000000000000 ) ) ;
#3272 = EDGE_CURVE ( 'NONE', #2551, #3575, #244, .T. ) ;
#3273 = ORIENTED_EDGE ( 'NONE', *, *, #2220, .F. ) ;
#3274 = ORIENTED_EDGE ( 'NONE', *, *, #240, .T. ) ;
#3275 = FACE_OUTER_BOUND ( 'NONE', #1878, .T. ) ;
#3276 = ADVANCED_FACE ( 'NONE', ( #5676 ), #2494, .F. ) ;
#3277 = AXIS2_PLACEMENT_3D ( 'NONE', #2754, #3, #67 ) ;
#3278 = DIRECTION ( 'NONE',  ( 0.000000000000000000, -0.9999999999999990008, 4.371140888484446938E-08 ) ) ;
#3279 = EDGE_CURVE ( 'NONE', #2541, #588, #2464, .T. ) ;
#3280 = ORIENTED_EDGE ( 'NONE', *, *, #4779, .T. ) ;
#3281 = ORIENTED_EDGE ( 'NONE', *, *, #1550, .F. ) ;
#3282 = DIRECTION ( 'NONE',  ( 0.000000000000000000, -0.000000000000000000, 1.000000000000000000 ) ) ;
#3283 = LINE ( 'NONE', #5103, #4374 ) ;
#3284 = EDGE_LOOP ( 'NONE', ( #4167, #4377, #2206, #4983 ) ) ;
#3285 = EDGE_CURVE ( 'NONE', #4494, #189, #3921, .T. ) ;
#3286 = CIRCLE ( 'NONE', #4803, 3.000000000000002220 ) ;
#3287 = EDGE_CURVE ( 'NONE', #3542, #5543, #5855, .T. ) ;
#3288 = CARTESIAN_POINT ( 'NONE',  ( 50.52500206014519790, -33.14931688996608727, 1.450000486571251912 ) ) ;
#3289 = CYLINDRICAL_SURFACE ( 'NONE', #2608, 0.5000000000000004441 ) ;
#3290 = CARTESIAN_POINT ( 'NONE',  ( -39.16040865894258616, -37.49992961763273769, 0.000000000000000000 ) ) ;
#3291 = FACE_OUTER_BOUND ( 'NONE', #5238, .T. ) ;
#3292 = PLANE ( 'NONE',  #2488 ) ;
#3293 = CIRCLE ( 'NONE', #699, 12.50000000000000533 ) ;
#3294 = ORIENTED_EDGE ( 'NONE', *, *, #5392, .F. ) ;
#3295 = VECTOR ( 'NONE', #4839, 1000.000000000000000 ) ;
#3296 = VECTOR ( 'NONE', #1694, 1000.000000000000000 ) ;
#3297 = DIRECTION ( 'NONE',  ( 0.9999999999999961142, 8.742277677795539484E-08, -8.002115286624055570E-15 ) ) ;
#3298 = AXIS2_PLACEMENT_3D ( 'NONE', #4816, #2518, #4873 ) ;
#3299 = PLANE ( 'NONE',  #1843 ) ;
#3300 = DIRECTION ( 'NONE',  ( 1.000000000000000000, 0.000000000000000000, -4.180742545671766046E-15 ) ) ;
#3301 = ORIENTED_EDGE ( 'NONE', *, *, #633, .F. ) ;
#3302 = AXIS2_PLACEMENT_3D ( 'NONE', #2867, #3905, #1033 ) ;
#3303 = VECTOR ( 'NONE', #5828, 1000.000000000000000 ) ;
#3304 = LINE ( 'NONE', #5090, #3472 ) ;
#3305 = AXIS2_PLACEMENT_3D ( 'NONE', #2482, #2873, #2426 ) ;
#3306 = CARTESIAN_POINT ( 'NONE',  ( -38.00000000000000000, 46.00000000000002842, 0.000000000000000000 ) ) ;
#3307 = CARTESIAN_POINT ( 'NONE',  ( -47.50000000000000000, 20.50000000000001066, 1.500000000000000000 ) ) ;
#3308 = ORIENTED_EDGE ( 'NONE', *, *, #2164, .T. ) ;
#3309 = ORIENTED_EDGE ( 'NONE', *, *, #1284, .F. ) ;
#3310 = DIRECTION ( 'NONE',  ( 0.9999999999999961142, 8.742277677795539484E-08, -8.002115286624055570E-15 ) ) ;
#3311 = ADVANCED_FACE ( 'NONE', ( #270 ), #1650, .F. ) ;
#3312 = CARTESIAN_POINT ( 'NONE',  ( 45.99999999999998579, -51.00000000000000711, 0.000000000000000000 ) ) ;
#3313 = VERTEX_POINT ( 'NONE', #2577 ) ;
#3314 = EDGE_LOOP ( 'NONE', ( #4827 ) ) ;
#3315 = CARTESIAN_POINT ( 'NONE',  ( -51.70808186218739166, -8.499931335448993153, 3.000000000000000000 ) ) ;
#3316 = FACE_OUTER_BOUND ( 'NONE', #64, .T. ) ;
#3317 = VERTEX_POINT ( 'NONE', #3950 ) ;
#3318 = EDGE_CURVE ( 'NONE', #1355, #1561, #5290, .T. ) ;
#3319 = DIRECTION ( 'NONE',  ( 0.000000000000000000, -0.9999999999999991118, 4.371140884147635601E-08 ) ) ;
#3320 = EDGE_CURVE ( 'NONE', #1481, #4530, #3866, .T. ) ;
#3321 = CARTESIAN_POINT ( 'NONE',  ( 37.42808115996353280, -1.499931335448996927, 1.449999103132329381 ) ) ;
#3322 = LINE ( 'NONE', #2901, #3871 ) ;
#3323 = CARTESIAN_POINT ( 'NONE',  ( 39.16013196753240777, -8.499931335448993153, 0.000000000000000000 ) ) ;
#3324 = PLANE ( 'NONE',  #3250 ) ;
#3325 = AXIS2_PLACEMENT_3D ( 'NONE', #1214, #1697, #4504 ) ;
#3326 = ORIENTED_EDGE ( 'NONE', *, *, #5571, .T. ) ;
#3327 = VECTOR ( 'NONE', #2493, 1000.000000000000227 ) ;
#3328 = CARTESIAN_POINT ( 'NONE',  ( -39.16013196753240777, -10.49993133544899493, 0.000000000000000000 ) ) ;
#3329 = DIRECTION ( 'NONE',  ( -1.000000000000000000, 0.000000000000000000, 4.180742545671766046E-15 ) ) ;
#3330 = DIRECTION ( 'NONE',  ( 1.000000000000000000, 0.000000000000000000, 0.000000000000000000 ) ) ;
#3331 = ORIENTED_EDGE ( 'NONE', *, *, #614, .T. ) ;
#3332 = VECTOR ( 'NONE', #2137, 1000.000000000000000 ) ;
#3333 = DIRECTION ( 'NONE',  ( 0.000000000000000000, 0.000000000000000000, -1.000000000000000000 ) ) ;
#3334 = VECTOR ( 'NONE', #4085, 1000.000000000000000 ) ;
#3335 = CIRCLE ( 'NONE', #746, 2.000000000000001776 ) ;
#3336 = PLANE ( 'NONE',  #2625 ) ;
#3337 =( LENGTH_UNIT ( ) NAMED_UNIT ( * ) SI_UNIT ( .MILLI., .METRE. ) );
#3338 = ORIENTED_EDGE ( 'NONE', *, *, #1802, .F. ) ;
#3339 = ORIENTED_EDGE ( 'NONE', *, *, #3456, .F. ) ;
#3340 = CARTESIAN_POINT ( 'NONE',  ( 10.99999999999997513, -13.46000000000002927, 1.449999625923636293 ) ) ;
#3341 = AXIS2_PLACEMENT_3D ( 'NONE', #8, #3149, #3659 ) ;
#3342 = EDGE_CURVE ( 'NONE', #2101, #1335, #5762, .T. ) ;
#3343 = AXIS2_PLACEMENT_3D ( 'NONE', #5300, #761, #2138 ) ;
#3344 = CARTESIAN_POINT ( 'NONE',  ( 32.99999999999998579, -51.00000000000000711, 0.000000000000000000 ) ) ;
#3345 = ORIENTED_EDGE ( 'NONE', *, *, #1890, .T. ) ;
#3346 = EDGE_LOOP ( 'NONE', ( #52, #73, #5655, #306 ) ) ;
#3347 = DIRECTION ( 'NONE',  ( 1.000000000000000000, 0.000000000000000000, 0.000000000000000000 ) ) ;
#3348 = LINE ( 'NONE', #4688, #3154 ) ;
#3349 = ORIENTED_EDGE ( 'NONE', *, *, #1883, .F. ) ;
#3350 = CIRCLE ( 'NONE', #5341, 2.000000000000003553 ) ;
#3351 = ADVANCED_FACE ( 'NONE', ( #4368, #3020 ), #4284, .F. ) ;
#3352 = CARTESIAN_POINT ( 'NONE',  ( -51.70829344807104633, -33.49972538815511314, 0.000000000000000000 ) ) ;
#3353 = FACE_OUTER_BOUND ( 'NONE', #5552, .T. ) ;
#3354 = CARTESIAN_POINT ( 'NONE',  ( -51.70829344807104633, -33.49972538815511314, 3.000000000000000000 ) ) ;
#3355 = DIRECTION ( 'NONE',  ( 0.000000000000000000, 1.000000000000000000, 0.000000000000000000 ) ) ;
#3356 = CARTESIAN_POINT ( 'NONE',  ( -66.00000000000001421, -66.00000000000000000, 3.000000000000000000 ) ) ;
#3357 = AXIS2_PLACEMENT_3D ( 'NONE', #5192, #1098, #2923 ) ;
#3358 = EDGE_CURVE ( 'NONE', #3522, #2703, #4629, .T. ) ;
#3359 = DIRECTION ( 'NONE',  ( -0.000000000000000000, -0.000000000000000000, 1.000000000000000000 ) ) ;
#3360 = CARTESIAN_POINT ( 'NONE',  ( -13.92494201660213449, -57.37510013580300949, 1.450001545514639778 ) ) ;
#3361 = DIRECTION ( 'NONE',  ( -0.000000000000000000, 0.000000000000000000, -1.000000000000000000 ) ) ;
#3362 = EDGE_CURVE ( 'NONE', #1158, #2311, #5202, .T. ) ;
#3363 = ORIENTED_EDGE ( 'NONE', *, *, #2433, .F. ) ;
#3364 = EDGE_CURVE ( 'NONE', #2491, #4498, #4761, .T. ) ;
#3365 = CARTESIAN_POINT ( 'NONE',  ( -30.50012207031303291, -35.50007057189900195, 3.000000000000000000 ) ) ;
#3366 = DIRECTION ( 'NONE',  ( 1.000000000000000000, 0.000000000000000000, 0.000000000000000000 ) ) ;
#3367 = EDGE_LOOP ( 'NONE', ( #4713, #977, #956, #5219 ) ) ;
#3368 = ORIENTED_EDGE ( 'NONE', *, *, #1556, .T. ) ;
#3369 = CARTESIAN_POINT ( 'NONE',  ( 48.77500172706440651, -40.76931592906048252, 0.000000000000000000 ) ) ;
#3370 = CARTESIAN_POINT ( 'NONE',  ( 2.074954986571962312, -58.82508182525602081, 0.000000000000000000 ) ) ;
#3371 = ORIENTED_EDGE ( 'NONE', *, *, #2164, .F. ) ;
#3372 = ORIENTED_EDGE ( 'NONE', *, *, #2474, .T. ) ;
#3373 = DIRECTION ( 'NONE',  ( -0.000000000000000000, -0.000000000000000000, -1.000000000000000000 ) ) ;
#3374 = CARTESIAN_POINT ( 'NONE',  ( 48.77500206014519080, -33.14931592906049218, 1.450000486571217273 ) ) ;
#3375 = VECTOR ( 'NONE', #5311, 1000.000000000000000 ) ;
#3376 = DIRECTION ( 'NONE',  ( -1.000000000000000000, 0.000000000000000000, 0.000000000000000000 ) ) ;
#3377 = VECTOR ( 'NONE', #4183, 1000.000000000000227 ) ;
#3378 = DIRECTION ( 'NONE',  ( 0.9999999999999961142, 8.742277677795539484E-08, -8.002115286624055570E-15 ) ) ;
#3379 = CARTESIAN_POINT ( 'NONE',  ( 45.99999999999998579, -51.00000000000000711, 1.450001266849780812 ) ) ;
#3380 = LINE ( 'NONE', #4405, #3332 ) ;
#3381 = CARTESIAN_POINT ( 'NONE',  ( 39.45763577121174137, -46.60000000000000142, 0.000000000000000000 ) ) ;
#3382 = EDGE_CURVE ( 'NONE', #4441, #3753, #185, .T. ) ;
#3383 = AXIS2_PLACEMENT_3D ( 'NONE', #392, #1744, #1685 ) ;
#3384 = DIRECTION ( 'NONE',  ( 0.000000000000000000, 0.000000000000000000, 1.000000000000000000 ) ) ;
#3385 = DIRECTION ( 'NONE',  ( 0.000000000000000000, -0.000000000000000000, -1.000000000000000000 ) ) ;
#3386 = AXIS2_PLACEMENT_3D ( 'NONE', #3237, #4642, #2788 ) ;
#3387 = LINE ( 'NONE', #5258, #3295 ) ;
#3388 = VERTEX_POINT ( 'NONE', #5728 ) ;
#3389 = VECTOR ( 'NONE', #1844, 1000.000000000000000 ) ;
#3390 = VECTOR ( 'NONE', #5092, 1000.000000000000000 ) ;
#3391 = EDGE_CURVE ( 'NONE', #1480, #2508, #1680, .T. ) ;
#3392 = LINE ( 'NONE', #5209, #731 ) ;
#3393 = EDGE_CURVE ( 'NONE', #1512, #350, #3841, .T. ) ;
#3394 = CARTESIAN_POINT ( 'NONE',  ( -37.99999999999997158, 24.00000000000002842, 3.000000000000000000 ) ) ;
#3395 = CARTESIAN_POINT ( 'NONE',  ( 3.499999999999999112, -15.99999999999998579, 0.000000000000000000 ) ) ;
#3396 = EDGE_LOOP ( 'NONE', ( #2327 ) ) ;
#3397 = ORIENTED_EDGE ( 'NONE', *, *, #2030, .F. ) ;
#3398 = PLANE ( 'NONE',  #3897 ) ;
#3399 = CIRCLE ( 'NONE', #2350, 3.500000000000003109 ) ;
#3400 = ADVANCED_FACE ( 'NONE', ( #689 ), #1198, .F. ) ;
#3401 = FACE_OUTER_BOUND ( 'NONE', #4213, .T. ) ;
#3402 = VERTEX_POINT ( 'NONE', #752 ) ;
#3403 = VERTEX_POINT ( 'NONE', #778 ) ;
#3404 = CARTESIAN_POINT ( 'NONE',  ( 39.45763577121174137, -45.60000000000000142, 1.450001030808452329 ) ) ;
#3405 = DIRECTION ( 'NONE',  ( 1.000000000000000000, 0.000000000000000000, 0.000000000000000000 ) ) ;
#3406 = CARTESIAN_POINT ( 'NONE',  ( -51.70808186218739166, -7.499931335448993153, 0.000000000000000000 ) ) ;
#3407 = DIRECTION ( 'NONE',  ( -1.000000000000000000, 0.000000000000000000, -0.000000000000000000 ) ) ;
#3408 = FACE_OUTER_BOUND ( 'NONE', #386, .T. ) ;
#3409 = ORIENTED_EDGE ( 'NONE', *, *, #3207, .T. ) ;
#3410 = ADVANCED_FACE ( 'NONE', ( #3080 ), #5376, .F. ) ;
#3411 = CARTESIAN_POINT ( 'NONE',  ( -39.16013196753240777, -2.499931335448993597, 0.000000000000000000 ) ) ;
#3412 = CARTESIAN_POINT ( 'NONE',  ( 36.56186857255293887, -32.00116207012359837, 0.000000000000000000 ) ) ;
#3413 = ADVANCED_FACE ( 'NONE', ( #5439 ), #1798, .T. ) ;
#3414 = CARTESIAN_POINT ( 'NONE',  ( 29.99999999999998579, -48.99081265880478497, 0.000000000000000000 ) ) ;
#3415 = VERTEX_POINT ( 'NONE', #808 ) ;
#3416 = CARTESIAN_POINT ( 'NONE',  ( -13.92494201660204212, -53.87510013580300949, 0.000000000000000000 ) ) ;
#3417 = EDGE_CURVE ( 'NONE', #4437, #1158, #1091, .T. ) ;
#3418 = CARTESIAN_POINT ( 'NONE',  ( 65.99999999999998579, -65.99999999999998579, 3.000000000000000000 ) ) ;
#3419 = EDGE_LOOP ( 'NONE', ( #1911, #1576, #5255, #1967 ) ) ;
#3420 = EDGE_LOOP ( 'NONE', ( #3463, #2790, #121, #3695 ) ) ;
#3421 = LINE ( 'NONE', #2468, #3711 ) ;
#3422 = VECTOR ( 'NONE', #4192, 1000.000000000000000 ) ;
#3423 = EDGE_CURVE ( 'NONE', #4075, #4597, #321, .T. ) ;
#3424 = VECTOR ( 'NONE', #2323, 1000.000000000000227 ) ;
#3425 = VECTOR ( 'NONE', #5310, 1000.000000000000000 ) ;
#3426 = LINE ( 'NONE', #5243, #615 ) ;
#3427 = ORIENTED_EDGE ( 'NONE', *, *, #677, .T. ) ;
#3428 = CIRCLE ( 'NONE', #840, 1.750000000000003109 ) ;
#3429 = EDGE_LOOP ( 'NONE', ( #4006, #2865, #875, #1079 ) ) ;
#3430 = DIRECTION ( 'NONE',  ( -0.000000000000000000, -0.000000000000000000, -1.000000000000000000 ) ) ;
#3431 = CARTESIAN_POINT ( 'NONE',  ( 40.03589838486224295, 51.50000000000002842, 1.500000000000000000 ) ) ;
#3432 = AXIS2_PLACEMENT_3D ( 'NONE', #427, #72, #1902 ) ;
#3433 = AXIS2_PLACEMENT_3D ( 'NONE', #75, #13, #4619 ) ;
#3434 = CARTESIAN_POINT ( 'NONE',  ( -52.50000000000002132, -5.000000000000014211, 0.000000000000000000 ) ) ;
#3435 = DIRECTION ( 'NONE',  ( -1.051347561198064835E-16, 1.000000000000000000, 0.000000000000000000 ) ) ;
#3436 = VERTEX_POINT ( 'NONE', #4967 ) ;
#3437 = DIRECTION ( 'NONE',  ( -0.000000000000000000, 0.000000000000000000, 1.000000000000000000 ) ) ;
#3438 = VERTEX_POINT ( 'NONE', #4996 ) ;
#3439 = CIRCLE ( 'NONE', #2772, 1.750000000000003109 ) ;
#3440 = CARTESIAN_POINT ( 'NONE',  ( 65.99999999999998579, -60.99999999999999289, 0.000000000000000000 ) ) ;
#3441 = VECTOR ( 'NONE', #5427, 1000.000000000000000 ) ;
#3442 = CARTESIAN_POINT ( 'NONE',  ( -51.70835855193554664, -37.49972538762529695, 0.000000000000000000 ) ) ;
#3443 = DIRECTION ( 'NONE',  ( -4.180742545671762101E-15, -4.371140887755362005E-08, -0.9999999999999992228 ) ) ;
#3444 = EDGE_CURVE ( 'NONE', #5229, #5041, #5849, .T. ) ;
#3445 = ORIENTED_EDGE ( 'NONE', *, *, #3777, .F. ) ;
#3446 = DIRECTION ( 'NONE',  ( 0.9999999998675463964, -1.627596612587094081E-05, 7.072646676600397240E-13 ) ) ;
#3447 = DIRECTION ( 'NONE',  ( 0.9999999998675463964, -1.627596612567151538E-05, 0.000000000000000000 ) ) ;
#3448 = COORDINATED_UNIVERSAL_TIME_OFFSET ( 3, 0, .AHEAD. ) ;
#3449 = VERTEX_POINT ( 'NONE', #835 ) ;
#3450 = ORIENTED_EDGE ( 'NONE', *, *, #484, .F. ) ;
#3451 = CARTESIAN_POINT ( 'NONE',  ( -56.50000000000001421, -34.70000000000000284, 23.43294756465299500 ) ) ;
#3452 = EDGE_CURVE ( 'NONE', #3785, #1064, #2667, .T. ) ;
#3453 = DIRECTION ( 'NONE',  ( 1.000000000000000000, 0.000000000000000000, 0.000000000000000000 ) ) ;
#3454 = ORIENTED_EDGE ( 'NONE', *, *, #783, .T. ) ;
#3455 = VERTEX_POINT ( 'NONE', #1832 ) ;
#3456 = EDGE_CURVE ( 'NONE', #3784, #1611, #3653, .T. ) ;
#3457 = CYLINDRICAL_SURFACE ( 'NONE', #5110, 4.000000000000003553 ) ;
#3458 = ORIENTED_EDGE ( 'NONE', *, *, #1563, .F. ) ;
#3459 = EDGE_CURVE ( 'NONE', #5779, #1481, #4906, .T. ) ;
#3460 = CARTESIAN_POINT ( 'NONE',  ( -39.16013196753240067, -2.499931335448993597, 1.449999146844058284 ) ) ;
#3461 = DIRECTION ( 'NONE',  ( 0.000000000000000000, -0.9999999999999991118, 4.371140884147637586E-08 ) ) ;
#3462 = ADVANCED_FACE ( 'NONE', ( #3173 ), #3534, .F. ) ;
#3463 = ORIENTED_EDGE ( 'NONE', *, *, #3320, .T. ) ;
#3464 = EDGE_CURVE ( 'NONE', #93, #5332, #4457, .T. ) ;
#3465 = CARTESIAN_POINT ( 'NONE',  ( 29.99999999999998579, -48.99081265880478497, 36.80533964865399810 ) ) ;
#3466 = VERTEX_POINT ( 'NONE', #5824 ) ;
#3467 = AXIS2_PLACEMENT_3D ( 'NONE', #409, #4632, #2241 ) ;
#3468 = FACE_BOUND ( 'NONE', #4430, .T. ) ;
#3469 = CARTESIAN_POINT ( 'NONE',  ( 2.074954986571962312, -55.32508182525601370, 0.000000000000000000 ) ) ;
#3470 = LINE ( 'NONE', #2122, #3772 ) ;
#3471 = ORIENTED_EDGE ( 'NONE', *, *, #5382, .T. ) ;
#3472 = VECTOR ( 'NONE', #3333, 1000.000000000000000 ) ;
#3473 = DIRECTION ( 'NONE',  ( 0.000000000000000000, 0.000000000000000000, 1.000000000000000000 ) ) ;
#3474 = CARTESIAN_POINT ( 'NONE',  ( 51.70788653857203343, -32.50140858626521378, 3.000000000000000000 ) ) ;
#3475 = CALENDAR_DATE ( 2026, 17, 4 ) ;
#3476 = ORIENTED_EDGE ( 'NONE', *, *, #2288, .F. ) ;
#3477 = ORIENTED_EDGE ( 'NONE', *, *, #3926, .T. ) ;
#3478 = DIRECTION ( 'NONE',  ( -0.9999999998675463964, 1.627596612567151538E-05, 0.000000000000000000 ) ) ;
#3479 = VECTOR ( 'NONE', #218, 1000.000000000000227 ) ;
#3480 = AXIS2_PLACEMENT_3D ( 'NONE', #294, #4811, #5696 ) ;
#3481 = CARTESIAN_POINT ( 'NONE',  ( 13.53999999999997605, -18.54000000000002402, 1.449999847977584411 ) ) ;
#3482 = AXIS2_PLACEMENT_3D ( 'NONE', #882, #2712, #1397 ) ;
#3483 = ORIENTED_EDGE ( 'NONE', *, *, #5672, .F. ) ;
#3484 = DIRECTION ( 'NONE',  ( 1.000000000000000000, 0.000000000000000000, 0.000000000000000000 ) ) ;
#3485 = PLANE ( 'NONE',  #3343 ) ;
#3486 = EDGE_CURVE ( 'NONE', #80, #2059, #5478, .T. ) ;
#3487 = ORIENTED_EDGE ( 'NONE', *, *, #5609, .T. ) ;
#3488 = ORIENTED_EDGE ( 'NONE', *, *, #2847, .F. ) ;
#3489 = ORIENTED_EDGE ( 'NONE', *, *, #2279, .T. ) ;
#3490 = LINE ( 'NONE', #3124, #3770 ) ;
#3491 = ADVANCED_FACE ( 'NONE', ( #5791 ), #2219, .F. ) ;
#3492 = VECTOR ( 'NONE', #3647, 1000.000000000000227 ) ;
#3493 = VERTEX_POINT ( 'NONE', #2640 ) ;
#3494 = CARTESIAN_POINT ( 'NONE',  ( 60.99999999999999289, -65.99999999999998579, 3.000000000000000000 ) ) ;
#3495 = CARTESIAN_POINT ( 'NONE',  ( 55.00000000000000000, 55.00000000000000711, 3.000000000000000000 ) ) ;
#3496 = ORIENTED_EDGE ( 'NONE', *, *, #2002, .T. ) ;
#3497 = EDGE_CURVE ( 'NONE', #4016, #3002, #5851, .T. ) ;
#3498 = DIRECTION ( 'NONE',  ( -0.000000000000000000, 0.000000000000000000, -1.000000000000000000 ) ) ;
#3499 = DIRECTION ( 'NONE',  ( -0.000000000000000000, -0.000000000000000000, -1.000000000000000000 ) ) ;
#3500 = PLANE ( 'NONE',  #1189 ) ;
#3501 = DIRECTION ( 'NONE',  ( 0.000000000000000000, 0.000000000000000000, -1.000000000000000000 ) ) ;
#3502 = ORIENTED_EDGE ( 'NONE', *, *, #1802, .T. ) ;
#3503 = CARTESIAN_POINT ( 'NONE',  ( -40.03589838486224295, 51.50000000000002842, 0.000000000000000000 ) ) ;
#3504 = DIRECTION ( 'NONE',  ( -0.000000000000000000, 1.000000000000000000, -0.000000000000000000 ) ) ;
#3505 = DATE_AND_TIME ( #3081, #2759 ) ;
#3506 = ORIENTED_EDGE ( 'NONE', *, *, #1772, .T. ) ;
#3507 = VERTEX_POINT ( 'NONE', #4010 ) ;
#3508 = FACE_OUTER_BOUND ( 'NONE', #3419, .T. ) ;
#3509 = CIRCLE ( 'NONE', #1692, 12.50000000000000000 ) ;
#3510 = DIRECTION ( 'NONE',  ( 0.000000000000000000, -0.000000000000000000, 1.000000000000000000 ) ) ;
#3511 = VERTEX_POINT ( 'NONE', #1740 ) ;
#3512 = DIRECTION ( 'NONE',  ( 1.000000000000000000, 0.000000000000000000, 0.000000000000000000 ) ) ;
#3513 = CARTESIAN_POINT ( 'NONE',  ( 14.95999999999997954, -28.25000000000002487, 0.000000000000000000 ) ) ;
#3514 = ORIENTED_EDGE ( 'NONE', *, *, #4949, .F. ) ;
#3515 = ORIENTED_EDGE ( 'NONE', *, *, #3667, .T. ) ;
#3516 = ORIENTED_EDGE ( 'NONE', *, *, #4518, .T. ) ;
#3517 = EDGE_CURVE ( 'NONE', #2123, #3116, #5374, .T. ) ;
#3518 = VECTOR ( 'NONE', #2452, 1000.000000000000000 ) ;
#3519 = CIRCLE ( 'NONE', #5518, 0.5000000000000004441 ) ;
#3520 = LINE ( 'NONE', #4445, #2056 ) ;
#3521 = LOCAL_TIME ( 9, 22, 16.00000000000000000, #4428 ) ;
#3522 = VERTEX_POINT ( 'NONE', #2694 ) ;
#3523 = CARTESIAN_POINT ( 'NONE',  ( -40.03589838486224295, 51.50000000000002842, 1.500000000000000000 ) ) ;
#3524 = DIRECTION ( 'NONE',  ( 0.000000000000000000, -0.9999999999999991118, 4.371140884147631631E-08 ) ) ;
#3525 = VERTEX_POINT ( 'NONE', #4517 ) ;
#3526 = CARTESIAN_POINT ( 'NONE',  ( 52.20779702069211226, -38.00141672351978173, 3.000000000000000000 ) ) ;
#3527 = DIRECTION ( 'NONE',  ( -0.000000000000000000, -0.000000000000000000, 1.000000000000000000 ) ) ;
#3528 = CARTESIAN_POINT ( 'NONE',  ( -42.63483199611572871, -38.49987306816863253, 1.450000720452245595 ) ) ;
#3529 = CARTESIAN_POINT ( 'NONE',  ( 39.15996919751131600, -30.50120435652268824, 0.000000000000000000 ) ) ;
#3530 = EDGE_LOOP ( 'NONE', ( #3326, #5891, #2966, #4655 ) ) ;
#3531 = EDGE_CURVE ( 'NONE', #2170, #4047, #2239, .T. ) ;
#3532 = DIRECTION ( 'NONE',  ( 1.000000000000000000, 0.000000000000000000, 0.000000000000000000 ) ) ;
#3533 = EDGE_CURVE ( 'NONE', #479, #818, #1475, .T. ) ;
#3534 = PLANE ( 'NONE',  #3193 ) ;
#3535 = DATE_TIME_ROLE ( 'creation_date' ) ;
#3536 = ADVANCED_FACE ( 'NONE', ( #3746 ), #1504, .T. ) ;
#3537 = ORIENTED_EDGE ( 'NONE', *, *, #5241, .T. ) ;
#3538 = CARTESIAN_POINT ( 'NONE',  ( 30.99999999999998579, -51.00000000000000711, 23.43294756465299500 ) ) ;
#3539 = CARTESIAN_POINT ( 'NONE',  ( 39.15983898978230826, -38.50120435546305941, 3.000000000000000000 ) ) ;
#3540 = LINE ( 'NONE', #4557, #3817 ) ;
#3541 = CARTESIAN_POINT ( 'NONE',  ( -57.00000000000000000, -2.999999999999999112, 0.000000000000000000 ) ) ;
#3542 = VERTEX_POINT ( 'NONE', #5026 ) ;
#3543 = ORIENTED_EDGE ( 'NONE', *, *, #400, .T. ) ;
#3544 = ORIENTED_EDGE ( 'NONE', *, *, #1834, .F. ) ;
#3545 = DIRECTION ( 'NONE',  ( -4.180742545671762101E-15, -4.371140887755362005E-08, -0.9999999999999992228 ) ) ;
#3546 = ORIENTED_EDGE ( 'NONE', *, *, #4705, .F. ) ;
#3547 = DIRECTION ( 'NONE',  ( 3.854941057726249437E-16, 1.000000000000000000, 0.000000000000000000 ) ) ;
#3548 = FACE_OUTER_BOUND ( 'NONE', #453, .T. ) ;
#3549 = ORIENTED_EDGE ( 'NONE', *, *, #4214, .F. ) ;
#3550 = DIRECTION ( 'NONE',  ( -1.000000000000000000, 0.000000000000000000, 0.000000000000000000 ) ) ;
#3551 = LINE ( 'NONE', #3106, #2325 ) ;
#3552 = FACE_OUTER_BOUND ( 'NONE', #108, .T. ) ;
#3553 = CARTESIAN_POINT ( 'NONE',  ( -57.00000000000001421, -22.00000000000000355, 23.43294756465299500 ) ) ;
#3554 = EDGE_CURVE ( 'NONE', #3663, #4941, #1952, .T. ) ;
#3555 = VERTEX_POINT ( 'NONE', #5499 ) ;
#3556 = AXIS2_PLACEMENT_3D ( 'NONE', #1050, #2881, #3385 ) ;
#3557 = DIRECTION ( 'NONE',  ( -1.000000000000000000, 0.000000000000000000, 0.000000000000000000 ) ) ;
#3558 = CARTESIAN_POINT ( 'NONE',  ( -51.70836668991861274, -37.99972538755907436, 0.000000000000000000 ) ) ;
#3559 = EDGE_CURVE ( 'NONE', #1455, #4075, #4194, .T. ) ;
#3560 = ORIENTED_EDGE ( 'NONE', *, *, #1007, .F. ) ;
#3561 = CYLINDRICAL_SURFACE ( 'NONE', #2534, 4.000000000000003553 ) ;
#3562 = EDGE_CURVE ( 'NONE', #1031, #1980, #4332, .T. ) ;
#3563 = DIRECTION ( 'NONE',  ( 0.000000000000000000, -1.000000000000000000, 0.000000000000000000 ) ) ;
#3564 = ORIENTED_EDGE ( 'NONE', *, *, #240, .F. ) ;
#3565 = DIRECTION ( 'NONE',  ( -0.000000000000000000, -0.000000000000000000, -1.000000000000000000 ) ) ;
#3566 = DIRECTION ( 'NONE',  ( -0.000000000000000000, -0.000000000000000000, -1.000000000000000000 ) ) ;
#3567 = ORIENTED_EDGE ( 'NONE', *, *, #3949, .T. ) ;
#3568 = AXIS2_PLACEMENT_3D ( 'NONE', #2434, #1926, #155 ) ;
#3569 = ORIENTED_EDGE ( 'NONE', *, *, #4755, .F. ) ;
#3570 = ORIENTED_EDGE ( 'NONE', *, *, #2870, .F. ) ;
#3571 = EDGE_CURVE ( 'NONE', #1317, #5707, #3718, .T. ) ;
#3572 = AXIS2_PLACEMENT_3D ( 'NONE', #5395, #5276, #1242 ) ;
#3573 = VECTOR ( 'NONE', #4788, 1000.000000000000000 ) ;
#3574 = CARTESIAN_POINT ( 'NONE',  ( -39.16013196753240777, -3.499931335448993597, 3.000000000000000000 ) ) ;
#3575 = VERTEX_POINT ( 'NONE', #2375 ) ;
#3576 = DIRECTION ( 'NONE',  ( 0.000000000000000000, 0.000000000000000000, -1.000000000000000000 ) ) ;
#3577 = DIRECTION ( 'NONE',  ( 1.000000000000000000, -1.734723475976830021E-16, -4.180742538089045698E-15 ) ) ;
#3578 = EDGE_LOOP ( 'NONE', ( #2932, #2801, #5504, #5005 ) ) ;
#3579 = CIRCLE ( 'NONE', #2720, 1.000000000000000888 ) ;
#3580 = CIRCLE ( 'NONE', #546, 3.000000000000002665 ) ;
#3581 = FACE_BOUND ( 'NONE', #5837, .T. ) ;
#3582 = AXIS2_PLACEMENT_3D ( 'NONE', #2144, #766, #4829 ) ;
#3583 = DIRECTION ( 'NONE',  ( -4.180742545671762101E-15, -4.371140887755362005E-08, -0.9999999999999992228 ) ) ;
#3584 = DIRECTION ( 'NONE',  ( 0.000000000000000000, -0.000000000000000000, 1.000000000000000000 ) ) ;
#3585 = DIRECTION ( 'NONE',  ( -4.180742545671762101E-15, -4.371140887755362005E-08, -0.9999999999999992228 ) ) ;
#3586 = VERTEX_POINT ( 'NONE', #3267 ) ;
#3587 = ADVANCED_FACE ( 'NONE', ( #5530 ), #98, .T. ) ;
#3588 = ADVANCED_FACE ( 'NONE', ( #3806 ), #576, .F. ) ;
#3589 = LINE ( 'NONE', #5790, #448 ) ;
#3590 = DIRECTION ( 'NONE',  ( 0.000000000000000000, -0.000000000000000000, 1.000000000000000000 ) ) ;
#3591 = ORIENTED_EDGE ( 'NONE', *, *, #495, .T. ) ;
#3592 = EDGE_CURVE ( 'NONE', #3846, #396, #5194, .T. ) ;
#3593 = DIRECTION ( 'NONE',  ( 0.000000000000000000, -0.000000000000000000, 1.000000000000000000 ) ) ;
#3594 = ORIENTED_EDGE ( 'NONE', *, *, #4299, .T. ) ;
#3595 = LINE ( 'NONE', #4107, #2089 ) ;
#3596 = CARTESIAN_POINT ( 'NONE',  ( -39.16013196753240777, -0.4999313354489935968, 1.449999059421240410 ) ) ;
#3597 = AXIS2_PLACEMENT_3D ( 'NONE', #3009, #5398, #1273 ) ;
#3598 = ORIENTED_EDGE ( 'NONE', *, *, #4041, .F. ) ;
#3599 = VERTEX_POINT ( 'NONE', #2405 ) ;
#3600 = DIRECTION ( 'NONE',  ( 0.9999999999999961142, 8.742277677795539484E-08, -8.002115286624055570E-15 ) ) ;
#3601 = AXIS2_PLACEMENT_3D ( 'NONE', #4456, #4009, #4515 ) ;
#3602 = EDGE_CURVE ( 'NONE', #3662, #908, #1756, .T. ) ;
#3603 = CARTESIAN_POINT ( 'NONE',  ( 39.15993664557905873, -32.50120435625778015, 3.000000000000000000 ) ) ;
#3604 = EDGE_CURVE ( 'NONE', #2703, #2775, #5150, .T. ) ;
#3605 = ORIENTED_EDGE ( 'NONE', *, *, #4933, .T. ) ;
#3606 = ORIENTED_EDGE ( 'NONE', *, *, #3834, .F. ) ;
#3607 = DIRECTION ( 'NONE',  ( -0.000000000000000000, 0.000000000000000000, -1.000000000000000000 ) ) ;
#3608 = DIRECTION ( 'NONE',  ( -0.000000000000000000, 0.000000000000000000, -1.000000000000000000 ) ) ;
#3609 = ORIENTED_EDGE ( 'NONE', *, *, #2297, .F. ) ;
#3610 = AXIS2_PLACEMENT_3D ( 'NONE', #3853, #3827, #3378 ) ;
#3611 = CIRCLE ( 'NONE', #5144, 0.5000000000000004441 ) ;
#3612 = CARTESIAN_POINT ( 'NONE',  ( 4.574954986571961868, -57.07508182525601370, 23.43294756465299500 ) ) ;
#3613 = VECTOR ( 'NONE', #5520, 1000.000000000000000 ) ;
#3614 = CARTESIAN_POINT ( 'NONE',  ( 51.70787840058896734, -33.00140858619899120, 0.000000000000000000 ) ) ;
#3615 = DIRECTION ( 'NONE',  ( 0.000000000000000000, -0.9999999999999990008, 4.371140887245334351E-08 ) ) ;
#3616 = CARTESIAN_POINT ( 'NONE',  ( 2.074954986571962312, -58.82508182525602081, 23.43294756465299500 ) ) ;
#3617 = EDGE_LOOP ( 'NONE', ( #1427 ) ) ;
#3618 = AXIS2_PLACEMENT_3D ( 'NONE', #2645, #1719, #4072 ) ;
#3619 = CIRCLE ( 'NONE', #1319, 2.000000000000001776 ) ;
#3620 = CARTESIAN_POINT ( 'NONE',  ( 32.99999999999998579, -53.00000000000000711, 0.000000000000000000 ) ) ;
#3621 = DIRECTION ( 'NONE',  ( -4.180742545671762101E-15, -4.371140887755362005E-08, -0.9999999999999992228 ) ) ;
#3622 = DIRECTION ( 'NONE',  ( 0.000000000000000000, -0.9999999999999991118, 4.371140887245352218E-08 ) ) ;
#3623 = ORIENTED_EDGE ( 'NONE', *, *, #1081, .F. ) ;
#3624 = CIRCLE ( 'NONE', #852, 4.000000000000003553 ) ;
#3625 = DIRECTION ( 'NONE',  ( 0.000000000000000000, 1.000000000000000000, 0.000000000000000000 ) ) ;
#3626 = ORIENTED_EDGE ( 'NONE', *, *, #1039, .F. ) ;
#3627 = VECTOR ( 'NONE', #5870, 1000.000000000000000 ) ;
#3628 = LINE ( 'NONE', #5444, #1524 ) ;
#3629 = CARTESIAN_POINT ( 'NONE',  ( 42.83884060894109780, -7.499931335448991376, 1.449999365400754359 ) ) ;
#3630 = ORIENTED_EDGE ( 'NONE', *, *, #5134, .T. ) ;
#3631 = VERTEX_POINT ( 'NONE', #4252 ) ;
#3632 = EDGE_LOOP ( 'NONE', ( #2118, #3958, #2883, #4731 ) ) ;
#3633 = VECTOR ( 'NONE', #1107, 1000.000000000000000 ) ;
#3634 = DIRECTION ( 'NONE',  ( -0.000000000000000000, -0.000000000000000000, -1.000000000000000000 ) ) ;
#3635 = ADVANCED_FACE ( 'NONE', ( #4223 ), #1443, .F. ) ;
#3636 = CARTESIAN_POINT ( 'NONE',  ( 42.83884060894109780, -3.499931335448994485, 36.80533964865399810 ) ) ;
#3637 = VERTEX_POINT ( 'NONE', #989 ) ;
#3638 = ORIENTED_EDGE ( 'NONE', *, *, #4087, .T. ) ;
#3639 = FACE_OUTER_BOUND ( 'NONE', #3284, .T. ) ;
#3640 = FACE_OUTER_BOUND ( 'NONE', #4146, .T. ) ;
#3641 = ORIENTED_EDGE ( 'NONE', *, *, #3919, .F. ) ;
#3642 = EDGE_CURVE ( 'NONE', #5229, #3794, #4582, .T. ) ;
#3643 = EDGE_CURVE ( 'NONE', #2022, #4139, #416, .T. ) ;
#3644 = DIRECTION ( 'NONE',  ( 0.000000000000000000, -0.000000000000000000, 1.000000000000000000 ) ) ;
#3645 = EDGE_CURVE ( 'NONE', #5332, #2908, #326, .T. ) ;
#3646 = CARTESIAN_POINT ( 'NONE',  ( -57.00000000000001421, -4.999999999999999112, 23.43294756465299500 ) ) ;
#3647 = DIRECTION ( 'NONE',  ( 0.9999999998675463964, -1.627596612607036625E-05, 0.000000000000000000 ) ) ;
#3648 = DIRECTION ( 'NONE',  ( -1.000000000000000000, 0.000000000000000000, -0.000000000000000000 ) ) ;
#3649 = CARTESIAN_POINT ( 'NONE',  ( 51.70808186218739166, -8.499931335448993153, 3.000000000000000000 ) ) ;
#3650 = VERTEX_POINT ( 'NONE', #961 ) ;
#3651 = CARTESIAN_POINT ( 'NONE',  ( 30.99999999999998579, -48.60000000000000142, 0.000000000000000000 ) ) ;
#3652 = CARTESIAN_POINT ( 'NONE',  ( 60.99999999999999289, 61.00000000000003553, 3.000000000000000000 ) ) ;
#3653 = LINE ( 'NONE', #4490, #225 ) ;
#3654 = EDGE_LOOP ( 'NONE', ( #4395 ) ) ;
#3655 = VECTOR ( 'NONE', #4507, 1000.000000000000000 ) ;
#3656 = AXIS2_PLACEMENT_3D ( 'NONE', #3646, #4574, #27 ) ;
#3657 = PLANE ( 'NONE',  #2904 ) ;
#3658 = EDGE_LOOP ( 'NONE', ( #4027, #1449, #3969, #1232 ) ) ;
#3659 = DIRECTION ( 'NONE',  ( 1.000000000000000000, 0.000000000000000000, 0.000000000000000000 ) ) ;
#3660 = DIRECTION ( 'NONE',  ( -0.000000000000000000, 0.000000000000000000, 1.000000000000000000 ) ) ;
#3661 = EDGE_LOOP ( 'NONE', ( #5626 ) ) ;
#3662 = VERTEX_POINT ( 'NONE', #544 ) ;
#3663 = VERTEX_POINT ( 'NONE', #513 ) ;
#3664 = CYLINDRICAL_SURFACE ( 'NONE', #4945, 1.750000000000001554 ) ;
#3665 = EDGE_CURVE ( 'NONE', #4057, #2765, #5643, .T. ) ;
#3666 = AXIS2_PLACEMENT_3D ( 'NONE', #4999, #1773, #3059 ) ;
#3667 = EDGE_CURVE ( 'NONE', #3002, #1366, #4904, .T. ) ;
#3668 = AXIS2_PLACEMENT_3D ( 'NONE', #5408, #4427, #3622 ) ;
#3669 = CARTESIAN_POINT ( 'NONE',  ( -43.50000000000000000, 50.00000000000002842, 1.500000000000000000 ) ) ;
#3670 = ORIENTED_EDGE ( 'NONE', *, *, #5141, .F. ) ;
#3671 = ORIENTED_EDGE ( 'NONE', *, *, #4069, .F. ) ;
#3672 = DIRECTION ( 'NONE',  ( -2.775557561562891351E-15, 1.000000000000000000, 0.000000000000000000 ) ) ;
#3673 = DIRECTION ( 'NONE',  ( 0.000000000000000000, 0.000000000000000000, -1.000000000000000000 ) ) ;
#3674 = ORIENTED_EDGE ( 'NONE', *, *, #1523, .T. ) ;
#3675 = CIRCLE ( 'NONE', #4432, 3.000000000000002665 ) ;
#3676 = VECTOR ( 'NONE', #3300, 1000.000000000000000 ) ;
#3677 = EDGE_CURVE ( 'NONE', #1396, #2920, #3387, .T. ) ;
#3678 = DIRECTION ( 'NONE',  ( 0.000000000000000000, 1.000000000000000000, 0.000000000000000000 ) ) ;
#3679 = DIRECTION ( 'NONE',  ( 0.000000000000000000, 0.000000000000000000, 1.000000000000000000 ) ) ;
#3680 = LINE ( 'NONE', #5523, #4443 ) ;
#3681 = LINE ( 'NONE', #4989, #3957 ) ;
#3682 = DIRECTION ( 'NONE',  ( -1.000000000000000000, 0.000000000000000000, 0.000000000000000000 ) ) ;
#3683 = ORIENTED_EDGE ( 'NONE', *, *, #2180, .F. ) ;
#3684 = EDGE_CURVE ( 'NONE', #1889, #5124, #1194, .T. ) ;
#3685 = VECTOR ( 'NONE', #5432, 1000.000000000000000 ) ;
#3686 = PLANE ( 'NONE',  #5698 ) ;
#3687 = CARTESIAN_POINT ( 'NONE',  ( 55.00000000000000000, 55.00000000000000711, 3.000000000000000000 ) ) ;
#3688 = DIRECTION ( 'NONE',  ( 0.000000000000000000, 0.000000000000000000, 1.000000000000000000 ) ) ;
#3689 = ORIENTED_EDGE ( 'NONE', *, *, #1600, .F. ) ;
#3690 = CARTESIAN_POINT ( 'NONE',  ( 17.49999999999998224, -24.75000000000002487, 23.43294756465299500 ) ) ;
#3691 = ORIENTED_EDGE ( 'NONE', *, *, #4775, .F. ) ;
#3692 = DIRECTION ( 'NONE',  ( 0.000000000000000000, 1.000000000000000000, 0.000000000000000000 ) ) ;
#3693 = LINE ( 'NONE', #937, #1225 ) ;
#3694 = EDGE_LOOP ( 'NONE', ( #3409, #2946, #2041, #1603 ) ) ;
#3695 = ORIENTED_EDGE ( 'NONE', *, *, #3713, .F. ) ;
#3696 = EDGE_LOOP ( 'NONE', ( #328, #3427, #5869, #2714 ) ) ;
#3697 = DIRECTION ( 'NONE',  ( -0.000000000000000000, 0.000000000000000000, -1.000000000000000000 ) ) ;
#3698 = DIRECTION ( 'NONE',  ( -1.000000000000000000, 0.000000000000000000, 0.000000000000000000 ) ) ;
#3699 = EDGE_CURVE ( 'NONE', #2598, #4673, #4529, .T. ) ;
#3700 = ORIENTED_EDGE ( 'NONE', *, *, #930, .F. ) ;
#3701 = VERTEX_POINT ( 'NONE', #1618 ) ;
#3702 = DIRECTION ( 'NONE',  ( -1.000000000000000000, -1.994248318681189754E-16, 0.000000000000000000 ) ) ;
#3703 = CARTESIAN_POINT ( 'NONE',  ( 51.70787026260590835, -33.50140858613276151, 0.000000000000000000 ) ) ;
#3704 = ORIENTED_EDGE ( 'NONE', *, *, #3562, .T. ) ;
#3705 = FACE_BOUND ( 'NONE', #715, .T. ) ;
#3706 = CARTESIAN_POINT ( 'NONE',  ( 50.52500206014519790, -38.50138933447222911, 0.000000000000000000 ) ) ;
#3707 = CARTESIAN_POINT ( 'NONE',  ( 39.15992036961294076, -33.50120435612532077, 0.000000000000000000 ) ) ;
#3708 = DIRECTION ( 'NONE',  ( 0.000000000000000000, -0.9999999999999991118, 4.371140887245356850E-08 ) ) ;
#3709 = FACE_OUTER_BOUND ( 'NONE', #5565, .T. ) ;
#3710 = ORIENTED_EDGE ( 'NONE', *, *, #890, .T. ) ;
#3711 = VECTOR ( 'NONE', #1513, 1000.000000000000000 ) ;
#3712 = AXIS2_PLACEMENT_3D ( 'NONE', #4630, #4154, #3164 ) ;
#3713 = EDGE_CURVE ( 'NONE', #1481, #3388, #5659, .T. ) ;
#3714 = CARTESIAN_POINT ( 'NONE',  ( -30.49987792968802225, -5.499931335448994929, 1.449999277978248680 ) ) ;
#3715 = CARTESIAN_POINT ( 'NONE',  ( -30.50012207031303291, -35.50007057189900195, 0.000000000000000000 ) ) ;
#3716 = AXIS2_PLACEMENT_3D ( 'NONE', #95, #3061, #3986 ) ;
#3717 = EDGE_CURVE ( 'NONE', #4535, #5041, #1110, .T. ) ;
#3718 = LINE ( 'NONE', #4610, #4621 ) ;
#3719 = ORIENTED_EDGE ( 'NONE', *, *, #2820, .F. ) ;
#3720 = APPROVAL_PERSON_ORGANIZATION ( #809, #2697, #5263 ) ;
#3721 = VECTOR ( 'NONE', #5037, 1000.000000000000000 ) ;
#3722 = ADVANCED_FACE ( 'NONE', ( #4333 ), #3861, .F. ) ;
#3723 = CARTESIAN_POINT ( 'NONE',  ( 39.16013196753240777, -3.499931335448990488, 1.449999190555139483 ) ) ;
#3724 = EDGE_CURVE ( 'NONE', #949, #2112, #1275, .T. ) ;
#3725 = LINE ( 'NONE', #609, #4433 ) ;
#3726 = VERTEX_POINT ( 'NONE', #5183 ) ;
#3727 = ORIENTED_EDGE ( 'NONE', *, *, #3018, .T. ) ;
#3728 = CIRCLE ( 'NONE', #2195, 3.000000000000000444 ) ;
#3729 = ORIENTED_EDGE ( 'NONE', *, *, #253, .F. ) ;
#3730 = LINE ( 'NONE', #1779, #1133 ) ;
#3731 = DIRECTION ( 'NONE',  ( -0.9999999998675463964, 1.627596612567151538E-05, -7.072646676513224198E-13 ) ) ;
#3732 = ORIENTED_EDGE ( 'NONE', *, *, #532, .F. ) ;
#3733 = ORIENTED_EDGE ( 'NONE', *, *, #5248, .F. ) ;
#3734 = DIRECTION ( 'NONE',  ( -0.000000000000000000, -0.000000000000000000, -1.000000000000000000 ) ) ;
#3735 = DIRECTION ( 'NONE',  ( -0.000000000000000000, -0.000000000000000000, 1.000000000000000000 ) ) ;
#3736 = ORIENTED_EDGE ( 'NONE', *, *, #2433, .T. ) ;
#3737 = CARTESIAN_POINT ( 'NONE',  ( 52.16814849553698963, -32.80608465091061277, 0.000000000000000000 ) ) ;
#3738 = CARTESIAN_POINT ( 'NONE',  ( 47.02500206014519790, -38.50133236859078067, 1.450000720515402630 ) ) ;
#3739 = LINE ( 'NONE', #3707, #3492 ) ;
#3740 = DIRECTION ( 'NONE',  ( 0.000000000000000000, -0.9999999999999991118, 4.371140887755362005E-08 ) ) ;
#3741 = CARTESIAN_POINT ( 'NONE',  ( 65.99999999999998579, 66.00000000000002842, 3.000000000000000000 ) ) ;
#3742 = ORIENTED_EDGE ( 'NONE', *, *, #2535, .F. ) ;
#3743 = DIRECTION ( 'NONE',  ( 0.000000000000000000, -0.9999999999999991118, 4.371140884147631631E-08 ) ) ;
#3744 = CYLINDRICAL_SURFACE ( 'NONE', #2223, 4.999999999999997335 ) ;
#3745 = ADVANCED_FACE ( 'NONE', ( #1164 ), #5670, .F. ) ;
#3746 = FACE_OUTER_BOUND ( 'NONE', #1046, .T. ) ;
#3747 = ORIENTED_EDGE ( 'NONE', *, *, #707, .F. ) ;
#3748 = DIRECTION ( 'NONE',  ( -1.000000000000000000, 1.994248318681189754E-16, 0.000000000000000000 ) ) ;
#3749 = EDGE_CURVE ( 'NONE', #4232, #2765, #4307, .T. ) ;
#3750 = CYLINDRICAL_SURFACE ( 'NONE', #267, 0.5000000000000004441 ) ;
#3751 = APPLICATION_PROTOCOL_DEFINITION ( 'international standard', 'config_control_design', 1994, #4130 ) ;
#3752 = ORIENTED_EDGE ( 'NONE', *, *, #5672, .T. ) ;
#3753 = VERTEX_POINT ( 'NONE', #4362 ) ;
#3754 = CARTESIAN_POINT ( 'NONE',  ( -55.00000000000000000, -55.00000000000000000, 3.000000000000000000 ) ) ;
#3755 = AXIS2_PLACEMENT_3D ( 'NONE', #5618, #4808, #630 ) ;
#3756 = EDGE_CURVE ( 'NONE', #4468, #3220, #5228, .T. ) ;
#3757 = FACE_OUTER_BOUND ( 'NONE', #3033, .T. ) ;
#3758 = ORIENTED_EDGE ( 'NONE', *, *, #4257, .T. ) ;
#3759 = ORIENTED_EDGE ( 'NONE', *, *, #5646, .T. ) ;
#3760 = DIRECTION ( 'NONE',  ( 4.180742545671757368E-15, 4.371140887755362005E-08, 0.9999999999999991118 ) ) ;
#3761 = FACE_OUTER_BOUND ( 'NONE', #5683, .T. ) ;
#3762 = ORIENTED_EDGE ( 'NONE', *, *, #2098, .F. ) ;
#3763 = CIRCLE ( 'NONE', #2988, 12.50000000000000355 ) ;
#3764 = APPROVAL ( #3891, 'UNSPECIFIED' ) ;
#3765 = LINE ( 'NONE', #3288, #408 ) ;
#3766 = LINE ( 'NONE', #5582, #3130 ) ;
#3767 = DIRECTION ( 'NONE',  ( 0.000000000000000000, 0.000000000000000000, 1.000000000000000000 ) ) ;
#3768 = DIRECTION ( 'NONE',  ( -1.994248318681189754E-16, 1.000000000000000000, 0.000000000000000000 ) ) ;
#3769 = CYLINDRICAL_SURFACE ( 'NONE', #4679, 12.50000000000000000 ) ;
#3770 = VECTOR ( 'NONE', #793, 1000.000000000000000 ) ;
#3771 = ORIENTED_EDGE ( 'NONE', *, *, #3850, .T. ) ;
#3772 = VECTOR ( 'NONE', #2034, 1000.000000000000000 ) ;
#3773 = AXIS2_PLACEMENT_3D ( 'NONE', #5524, #2338, #3648 ) ;
#3774 = DIRECTION ( 'NONE',  ( 1.994248318681189754E-16, -1.000000000000000000, 0.000000000000000000 ) ) ;
#3775 = DIRECTION ( 'NONE',  ( 0.000000000000000000, -0.000000000000000000, 1.000000000000000000 ) ) ;
#3776 = CARTESIAN_POINT ( 'NONE',  ( -30.50012207031303291, -35.50007057189900195, 0.000000000000000000 ) ) ;
#3777 = EDGE_CURVE ( 'NONE', #5229, #2627, #3470, .T. ) ;
#3778 = VECTOR ( 'NONE', #1675, 1000.000000000000227 ) ;
#3779 = AXIS2_PLACEMENT_3D ( 'NONE', #1257, #3083, #4909 ) ;
#3780 = DIRECTION ( 'NONE',  ( -0.000000000000000000, 1.000000000000000000, -0.000000000000000000 ) ) ;
#3781 = VECTOR ( 'NONE', #1463, 1000.000000000000000 ) ;
#3782 = DIRECTION ( 'NONE',  ( -1.000000000000000000, 0.000000000000000000, 0.000000000000000000 ) ) ;
#3783 = CARTESIAN_POINT ( 'NONE',  ( -30.49987792968802225, -5.499931335448994929, 3.000000000000000000 ) ) ;
#3784 = VERTEX_POINT ( 'NONE', #1136 ) ;
#3785 = VERTEX_POINT ( 'NONE', #4394 ) ;
#3786 = LINE ( 'NONE', #5125, #2181 ) ;
#3787 = ADVANCED_FACE ( 'NONE', ( #2960 ), #4785, .T. ) ;
#3788 = DIRECTION ( 'NONE',  ( 2.102695122396129669E-16, -1.000000000000000000, 0.000000000000000000 ) ) ;
#3789 = EDGE_LOOP ( 'NONE', ( #4220, #36, #347, #300 ) ) ;
#3790 = ORIENTED_EDGE ( 'NONE', *, *, #1085, .F. ) ;
#3791 = EDGE_CURVE ( 'NONE', #3313, #4556, #2094, .T. ) ;
#3792 = CARTESIAN_POINT ( 'NONE',  ( 0.000000000000000000, 0.000000000000000000, 0.000000000000000000 ) ) ;
#3793 = DIRECTION ( 'NONE',  ( -0.000000000000000000, 0.000000000000000000, -1.000000000000000000 ) ) ;
#3794 = VERTEX_POINT ( 'NONE', #2460 ) ;
#3795 = EDGE_CURVE ( 'NONE', #5124, #5094, #4485, .T. ) ;
#3796 = DIRECTION ( 'NONE',  ( -0.9999999998675465074, 1.627596612607113536E-05, 0.000000000000000000 ) ) ;
#3797 = DIRECTION ( 'NONE',  ( 0.000000000000000000, 0.000000000000000000, -1.000000000000000000 ) ) ;
#3798 = DIRECTION ( 'NONE',  ( 0.000000000000000000, -0.000000000000000000, -1.000000000000000000 ) ) ;
#3799 = DIRECTION ( 'NONE',  ( 0.000000000000000000, -0.000000000000000000, 1.000000000000000000 ) ) ;
#3800 = CYLINDRICAL_SURFACE ( 'NONE', #5716, 7.000000000000002665 ) ;
#3801 = AXIS2_PLACEMENT_3D ( 'NONE', #857, #1303, #4832 ) ;
#3802 = VERTEX_POINT ( 'NONE', #1645 ) ;
#3803 = AXIS2_PLACEMENT_3D ( 'NONE', #2191, #1738, #3532 ) ;
#3804 = LINE ( 'NONE', #3411, #3916 ) ;
#3805 = CARTESIAN_POINT ( 'NONE',  ( -55.00000000000000000, -55.00000000000000000, 3.000000000000000000 ) ) ;
#3806 = FACE_OUTER_BOUND ( 'NONE', #5443, .T. ) ;
#3807 = ORIENTED_EDGE ( 'NONE', *, *, #5274, .F. ) ;
#3808 = AXIS2_PLACEMENT_3D ( 'NONE', #5638, #5737, #340 ) ;
#3809 = DIRECTION ( 'NONE',  ( -1.000000000000000000, -6.308085367188391227E-16, 0.000000000000000000 ) ) ;
#3810 = AXIS2_PLACEMENT_3D ( 'NONE', #2269, #3735, #883 ) ;
#3811 = VECTOR ( 'NONE', #5268, 1000.000000000000000 ) ;
#3812 = CARTESIAN_POINT ( 'NONE',  ( 30.49987792968802225, -5.499931335448994929, 0.000000000000000000 ) ) ;
#3813 = VERTEX_POINT ( 'NONE', #5156 ) ;
#3814 = ORIENTED_EDGE ( 'NONE', *, *, #4879, .F. ) ;
#3815 = ORIENTED_EDGE ( 'NONE', *, *, #460, .F. ) ;
#3816 = DIRECTION ( 'NONE',  ( -4.180742545671762101E-15, -4.371140887755362005E-08, -0.9999999999999992228 ) ) ;
#3817 = VECTOR ( 'NONE', #4044, 1000.000000000000000 ) ;
#3818 = DIRECTION ( 'NONE',  ( -1.000000000000000000, 0.000000000000000000, 0.000000000000000000 ) ) ;
#3819 = ADVANCED_FACE ( 'NONE', ( #2572 ), #3945, .F. ) ;
#3820 = ORIENTED_EDGE ( 'NONE', *, *, #3645, .F. ) ;
#3821 = EDGE_LOOP ( 'NONE', ( #1239, #3997, #3569, #4886 ) ) ;
#3822 = CARTESIAN_POINT ( 'NONE',  ( 39.15985526574843334, -37.50120435559551169, 0.000000000000000000 ) ) ;
#3823 = DIRECTION ( 'NONE',  ( -0.000000000000000000, -0.000000000000000000, -1.000000000000000000 ) ) ;
#3824 = EDGE_CURVE ( 'NONE', #2491, #435, #3728, .T. ) ;
#3825 = VECTOR ( 'NONE', #741, 1000.000000000000000 ) ;
#3826 = CARTESIAN_POINT ( 'NONE',  ( 51.70779702075834194, -38.00140858553672274, 0.000000000000000000 ) ) ;
#3827 = DIRECTION ( 'NONE',  ( 4.180742545671757368E-15, 4.371140887755362005E-08, 0.9999999999999991118 ) ) ;
#3828 = CARTESIAN_POINT ( 'NONE',  ( 4.574954986571961868, -58.82508182525602791, 23.43294756465299500 ) ) ;
#3829 = CARTESIAN_POINT ( 'NONE',  ( -54.50000000000002132, -34.70000000000000284, 23.43294756465299500 ) ) ;
#3830 = DIRECTION ( 'NONE',  ( -0.000000000000000000, -0.000000000000000000, -1.000000000000000000 ) ) ;
#3831 = AXIS2_PLACEMENT_3D ( 'NONE', #976, #1939, #529 ) ;
#3832 = ADVANCED_FACE ( 'NONE', ( #4422 ), #5434, .F. ) ;
#3833 = EDGE_CURVE ( 'NONE', #5036, #4569, #4868, .T. ) ;
#3834 = EDGE_CURVE ( 'NONE', #1957, #1957, #1718, .T. ) ;
#3835 = FACE_OUTER_BOUND ( 'NONE', #115, .T. ) ;
#3836 = DIRECTION ( 'NONE',  ( -0.000000000000000000, -0.000000000000000000, 1.000000000000000000 ) ) ;
#3837 = DIRECTION ( 'NONE',  ( -0.000000000000000000, -0.000000000000000000, 1.000000000000000000 ) ) ;
#3838 = ORIENTED_EDGE ( 'NONE', *, *, #4388, .T. ) ;
#3839 = CC_DESIGN_PERSON_AND_ORGANIZATION_ASSIGNMENT ( #271, #2160, ( #5521 ) ) ;
#3840 = CARTESIAN_POINT ( 'NONE',  ( 8.999999999999976907, -18.54000000000002757, 0.000000000000000000 ) ) ;
#3841 = LINE ( 'NONE', #3394, #3573 ) ;
#3842 = ORIENTED_EDGE ( 'NONE', *, *, #3456, .T. ) ;
#3843 = EDGE_LOOP ( 'NONE', ( #5095, #3487, #2961, #5066, #2641, #1515 ) ) ;
#3844 = DIRECTION ( 'NONE',  ( 1.000000000000000000, 1.051347561198064835E-16, -0.000000000000000000 ) ) ;
#3845 = CARTESIAN_POINT ( 'NONE',  ( 39.15985526574740305, -37.50120435559551169, 1.450000676798686827 ) ) ;
#3846 = VERTEX_POINT ( 'NONE', #1310 ) ;
#3847 = VERTEX_POINT ( 'NONE', #5819 ) ;
#3848 = DIRECTION ( 'NONE',  ( -0.000000000000000000, 0.000000000000000000, 1.000000000000000000 ) ) ;
#3849 = CARTESIAN_POINT ( 'NONE',  ( 48.77500206014519080, -33.14931592906049218, 23.43294756465299500 ) ) ;
#3850 = EDGE_CURVE ( 'NONE', #3493, #4936, #1534, .T. ) ;
#3851 = VECTOR ( 'NONE', #3499, 1000.000000000000000 ) ;
#3852 = ADVANCED_FACE ( 'NONE', ( #1250 ), #775, .F. ) ;
#3853 = CARTESIAN_POINT ( 'NONE',  ( 30.50012016296399153, -5.499931269881894735, 1.449999277977990886 ) ) ;
#3854 = CARTESIAN_POINT ( 'NONE',  ( -56.50000000000000711, -33.70000000000000284, 0.000000000000000000 ) ) ;
#3855 = CARTESIAN_POINT ( 'NONE',  ( -39.16013196753240777, -8.499931335448993153, 3.000000000000000000 ) ) ;
#3856 = EDGE_LOOP ( 'NONE', ( #2017, #3762, #2130, #555 ) ) ;
#3857 = EDGE_CURVE ( 'NONE', #3910, #5305, #3350, .T. ) ;
#3858 = CARTESIAN_POINT ( 'NONE',  ( -30.50012207031303291, -5.499931335448994929, 1.449999277978244905 ) ) ;
#3859 = DIRECTION ( 'NONE',  ( -0.000000000000000000, -0.000000000000000000, -1.000000000000000000 ) ) ;
#3860 = AXIS2_PLACEMENT_3D ( 'NONE', #929, #2757, #1865 ) ;
#3861 = CYLINDRICAL_SURFACE ( 'NONE', #616, 1.750000000000001554 ) ;
#3862 = EDGE_LOOP ( 'NONE', ( #3060, #5902, #2892, #1177 ) ) ;
#3863 = ADVANCED_FACE ( 'NONE', ( #4546 ), #1676, .T. ) ;
#3864 = AXIS2_PLACEMENT_3D ( 'NONE', #5070, #4622, #5450 ) ;
#3865 = CARTESIAN_POINT ( 'NONE',  ( -30.50012207031303291, -35.50007057189900195, 36.80533964865399810 ) ) ;
#3866 = LINE ( 'NONE', #2935, #5665 ) ;
#3867 = AXIS2_PLACEMENT_3D ( 'NONE', #4265, #142, #3347 ) ;
#3868 = ORIENTED_EDGE ( 'NONE', *, *, #1707, .T. ) ;
#3869 = ORIENTED_EDGE ( 'NONE', *, *, #4601, .T. ) ;
#3870 = DIRECTION ( 'NONE',  ( -4.180742545671762101E-15, -4.371140887755362005E-08, -0.9999999999999992228 ) ) ;
#3871 = VECTOR ( 'NONE', #625, 1000.000000000000000 ) ;
#3872 = CARTESIAN_POINT ( 'NONE',  ( 10.99999999999997513, -11.46000000000002927, 23.43294756465299500 ) ) ;
#3873 = VERTEX_POINT ( 'NONE', #2186 ) ;
#3874 = ORIENTED_EDGE ( 'NONE', *, *, #1699, .T. ) ;
#3875 = CARTESIAN_POINT ( 'NONE',  ( -54.50000000000002132, -24.00000000000000000, 1.450000086642160735 ) ) ;
#3876 = CYLINDRICAL_SURFACE ( 'NONE', #1440, 1.750000000000001554 ) ;
#3877 = EDGE_CURVE ( 'NONE', #1833, #4136, #5403, .T. ) ;
#3878 = LINE ( 'NONE', #226, #313 ) ;
#3879 = DIRECTION ( 'NONE',  ( -0.000000000000000000, -0.000000000000000000, -1.000000000000000000 ) ) ;
#3880 = ORIENTED_EDGE ( 'NONE', *, *, #2884, .T. ) ;
#3881 = DIRECTION ( 'NONE',  ( 1.000000000000000000, 0.000000000000000000, 0.000000000000000000 ) ) ;
#3882 = EDGE_LOOP ( 'NONE', ( #259, #4979, #5072, #444 ) ) ;
#3883 = DIRECTION ( 'NONE',  ( 0.000000000000000000, 0.000000000000000000, 1.000000000000000000 ) ) ;
#3884 = CARTESIAN_POINT ( 'NONE',  ( 55.00000000000000000, -55.00000000000000000, 3.000000000000000000 ) ) ;
#3885 = VECTOR ( 'NONE', #349, 1000.000000000000000 ) ;
#3886 = DIRECTION ( 'NONE',  ( -0.000000000000000000, 1.000000000000000000, -0.000000000000000000 ) ) ;
#3887 = ORIENTED_EDGE ( 'NONE', *, *, #422, .F. ) ;
#3888 = EDGE_CURVE ( 'NONE', #2112, #4159, #3624, .T. ) ;
#3889 = CARTESIAN_POINT ( 'NONE',  ( -30.50012207031303291, -35.50007057189900195, 0.000000000000000000 ) ) ;
#3890 = DIRECTION ( 'NONE',  ( -1.000000000000000000, 0.000000000000000000, 0.000000000000000000 ) ) ;
#3891 = APPROVAL_STATUS ( 'not_yet_approved' ) ;
#3892 = ORIENTED_EDGE ( 'NONE', *, *, #2975, .F. ) ;
#3893 = VERTEX_POINT ( 'NONE', #443 ) ;
#3894 = CARTESIAN_POINT ( 'NONE',  ( 65.99999999999998579, -60.99999999999999289, 3.000000000000000000 ) ) ;
#3895 = ADVANCED_FACE ( 'NONE', ( #385 ), #4899, .F. ) ;
#3896 = VECTOR ( 'NONE', #4216, 1000.000000000000000 ) ;
#3897 = AXIS2_PLACEMENT_3D ( 'NONE', #1991, #1117, #2497 ) ;
#3898 = EDGE_CURVE ( 'NONE', #4437, #4147, #5876, .T. ) ;
#3899 = CIRCLE ( 'NONE', #4758, 4.000000000000003553 ) ;
#3900 = ADVANCED_FACE ( 'NONE', ( #3137, #356 ), #1280, .F. ) ;
#3901 = CARTESIAN_POINT ( 'NONE',  ( 55.67099752524903522, -29.59477664196644398, 1.450000331197264014 ) ) ;
#3902 = ORIENTED_EDGE ( 'NONE', *, *, #5709, .T. ) ;
#3903 = AXIS2_PLACEMENT_3D ( 'NONE', #4915, #1775, #4495 ) ;
#3904 = ORIENTED_EDGE ( 'NONE', *, *, #2220, .T. ) ;
#3905 = DIRECTION ( 'NONE',  ( -4.180742545671762101E-15, -4.371140887755362005E-08, -0.9999999999999992228 ) ) ;
#3906 = ORIENTED_EDGE ( 'NONE', *, *, #2153, .F. ) ;
#3907 = CIRCLE ( 'NONE', #4674, 12.50000000000000355 ) ;
#3908 = LINE ( 'NONE', #2786, #3034 ) ;
#3909 = DIRECTION ( 'NONE',  ( 4.180742545671762101E-15, 4.371140887755362005E-08, 0.9999999999999992228 ) ) ;
#3910 = VERTEX_POINT ( 'NONE', #4930 ) ;
#3911 = FACE_OUTER_BOUND ( 'NONE', #2758, .T. ) ;
#3912 = VERTEX_POINT ( 'NONE', #865 ) ;
#3913 = DIRECTION ( 'NONE',  ( -0.000000000000000000, 0.000000000000000000, -1.000000000000000000 ) ) ;
#3914 = AXIS2_PLACEMENT_3D ( 'NONE', #2006, #628, #258 ) ;
#3915 = LINE ( 'NONE', #5724, #5743 ) ;
#3916 = VECTOR ( 'NONE', #5226, 1000.000000000000000 ) ;
#3917 = CARTESIAN_POINT ( 'NONE',  ( 53.13099752524905028, -31.34477641991259489, 23.43294756465299500 ) ) ;
#3918 = ORIENTED_EDGE ( 'NONE', *, *, #5680, .T. ) ;
#3919 = EDGE_CURVE ( 'NONE', #2179, #295, #3439, .T. ) ;
#3920 = DIRECTION ( 'NONE',  ( -0.000000000000000000, -0.000000000000000000, -1.000000000000000000 ) ) ;
#3921 = LINE ( 'NONE', #4398, #803 ) ;
#3922 = COORDINATED_UNIVERSAL_TIME_OFFSET ( 3, 0, .AHEAD. ) ;
#3923 = VERTEX_POINT ( 'NONE', #2245 ) ;
#3924 = ORIENTED_EDGE ( 'NONE', *, *, #664, .T. ) ;
#3925 = CARTESIAN_POINT ( 'NONE',  ( -42.83905219599951408, -33.49986974362531811, 0.000000000000000000 ) ) ;
#3926 = EDGE_CURVE ( 'NONE', #3923, #420, #1814, .T. ) ;
#3927 = FACE_OUTER_BOUND ( 'NONE', #5239, .T. ) ;
#3928 = DIRECTION ( 'NONE',  ( -0.000000000000000000, -0.000000000000000000, 1.000000000000000000 ) ) ;
#3929 = CARTESIAN_POINT ( 'NONE',  ( 42.63453902919962246, -2.499931335448994485, 36.80533964865399810 ) ) ;
#3930 = ORIENTED_EDGE ( 'NONE', *, *, #2030, .T. ) ;
#3931 = ORIENTED_EDGE ( 'NONE', *, *, #3114, .T. ) ;
#3932 = CYLINDRICAL_SURFACE ( 'NONE', #1867, 4.999999999999997335 ) ;
#3933 = ORIENTED_EDGE ( 'NONE', *, *, #5195, .T. ) ;
#3934 = EDGE_CURVE ( 'NONE', #2078, #5044, #5053, .T. ) ;
#3935 = CARTESIAN_POINT ( 'NONE',  ( 13.53999999999997605, -20.54000000000003112, 0.000000000000000000 ) ) ;
#3936 = ORIENTED_EDGE ( 'NONE', *, *, #3391, .F. ) ;
#3937 = CIRCLE ( 'NONE', #4612, 2.000000000000000000 ) ;
#3938 = LINE ( 'NONE', #2682, #5533 ) ;
#3939 = CARTESIAN_POINT ( 'NONE',  ( 39.16013196753241488, -7.499931335448995817, 1.449999365400775453 ) ) ;
#3940 = ORIENTED_EDGE ( 'NONE', *, *, #899, .T. ) ;
#3941 = AXIS2_PLACEMENT_3D ( 'NONE', #3259, #887, #4123 ) ;
#3942 = DIRECTION ( 'NONE',  ( 0.000000000000000000, 0.000000000000000000, -1.000000000000000000 ) ) ;
#3943 = CYLINDRICAL_SURFACE ( 'NONE', #4992, 2.000000000000001776 ) ;
#3944 = CARTESIAN_POINT ( 'NONE',  ( -39.16045748684096850, -40.49992961723538087, 1.450000807877520614 ) ) ;
#3945 = CYLINDRICAL_SURFACE ( 'NONE', #4767, 12.50000000000000355 ) ;
#3946 = EDGE_LOOP ( 'NONE', ( #1207, #619, #530, #1928, #5062, #2785 ) ) ;
#3947 = VECTOR ( 'NONE', #1716, 1000.000000000000000 ) ;
#3948 = LINE ( 'NONE', #5850, #1167 ) ;
#3949 = EDGE_CURVE ( 'NONE', #5004, #5446, #2751, .T. ) ;
#3950 = CARTESIAN_POINT ( 'NONE',  ( 51.70808186218739166, -8.499931335448993153, 0.000000000000000000 ) ) ;
#3951 = APPROVAL_ROLE ( '' ) ;
#3952 = ORIENTED_EDGE ( 'NONE', *, *, #3393, .T. ) ;
#3953 = ORIENTED_EDGE ( 'NONE', *, *, #1549, .F. ) ;
#3954 = DIRECTION ( 'NONE',  ( 1.627596612567151877E-05, 0.9999999998675465074, 0.000000000000000000 ) ) ;
#3955 = VECTOR ( 'NONE', #3731, 1000.000000000000227 ) ;
#3956 = DIRECTION ( 'NONE',  ( 0.000000000000000000, -0.000000000000000000, 1.000000000000000000 ) ) ;
#3957 = VECTOR ( 'NONE', #4218, 1000.000000000000000 ) ;
#3958 = ORIENTED_EDGE ( 'NONE', *, *, #3342, .T. ) ;
#3959 = DIRECTION ( 'NONE',  ( -0.9999999998675463964, 1.627596612578200236E-05, 0.000000000000000000 ) ) ;
#3960 = DIRECTION ( 'NONE',  ( -0.000000000000000000, -0.000000000000000000, 1.000000000000000000 ) ) ;
#3961 = ORIENTED_EDGE ( 'NONE', *, *, #276, .F. ) ;
#3962 = ORIENTED_EDGE ( 'NONE', *, *, #2357, .T. ) ;
#3963 = ORIENTED_EDGE ( 'NONE', *, *, #3042, .T. ) ;
#3964 = EDGE_CURVE ( 'NONE', #111, #5303, #3262, .T. ) ;
#3965 = CARTESIAN_POINT ( 'NONE',  ( -37.43782217350893404, 53.00000000000003553, 1.500000000000000000 ) ) ;
#3966 = ORIENTED_EDGE ( 'NONE', *, *, #4388, .F. ) ;
#3967 = CARTESIAN_POINT ( 'NONE',  ( -30.50012207031303291, -35.50007057189900195, 3.000000000000000000 ) ) ;
#3968 = DIRECTION ( 'NONE',  ( -0.000000000000000000, -0.000000000000000000, -1.000000000000000000 ) ) ;
#3969 = ORIENTED_EDGE ( 'NONE', *, *, #972, .F. ) ;
#3970 = ADVANCED_FACE ( 'NONE', ( #3709 ), #3292, .T. ) ;
#3971 = EDGE_CURVE ( 'NONE', #2908, #2233, #1921, .T. ) ;
#3972 = CARTESIAN_POINT ( 'NONE',  ( -54.50000000000003553, -2.999999999999999556, 23.43294756465299500 ) ) ;
#3973 = CYLINDRICAL_SURFACE ( 'NONE', #304, 0.5000000000000004441 ) ;
#3974 = CARTESIAN_POINT ( 'NONE',  ( 45.99999999999998579, -48.60000096090556099, 1.450001161942441552 ) ) ;
#3975 = DIRECTION ( 'NONE',  ( -7.216449660063515935E-15, -0.9999999999999990008, 4.371140888484446938E-08 ) ) ;
#3976 = VERTEX_POINT ( 'NONE', #2369 ) ;
#3977 = FACE_OUTER_BOUND ( 'NONE', #909, .T. ) ;
#3978 = CARTESIAN_POINT ( 'NONE',  ( -53.50000000000002132, -34.70000000000000995, 23.43294756465299500 ) ) ;
#3979 = CALENDAR_DATE ( 2026, 17, 4 ) ;
#3980 = ORIENTED_EDGE ( 'NONE', *, *, #2975, .T. ) ;
#3981 = ORIENTED_EDGE ( 'NONE', *, *, #4912, .T. ) ;
#3982 = CARTESIAN_POINT ( 'NONE',  ( -54.50000000000003553, -24.00000000000000000, 0.000000000000000000 ) ) ;
#3983 = AXIS2_PLACEMENT_3D ( 'NONE', #158, #1647, #2463 ) ;
#3984 = DIRECTION ( 'NONE',  ( 0.000000000000000000, -0.9999999999999991118, 4.371140887755362005E-08 ) ) ;
#3985 = ORIENTED_EDGE ( 'NONE', *, *, #2499, .F. ) ;
#3986 = DIRECTION ( 'NONE',  ( -1.000000000000000000, 0.000000000000000000, 0.000000000000000000 ) ) ;
#3987 = DIRECTION ( 'NONE',  ( 1.000000000000000000, 0.000000000000000000, 0.000000000000000000 ) ) ;
#3988 = ORIENTED_EDGE ( 'NONE', *, *, #2941, .F. ) ;
#3989 = VERTEX_POINT ( 'NONE', #92 ) ;
#3990 = ORIENTED_EDGE ( 'NONE', *, *, #14, .F. ) ;
#3991 = AXIS2_PLACEMENT_3D ( 'NONE', #1451, #2385, #136 ) ;
#3992 = VECTOR ( 'NONE', #5815, 1000.000000000000000 ) ;
#3993 = EDGE_CURVE ( 'NONE', #2233, #93, #278, .T. ) ;
#3994 = AXIS2_PLACEMENT_3D ( 'NONE', #701, #5718, #255 ) ;
#3995 = DIRECTION ( 'NONE',  ( -1.000000000000000000, 0.000000000000000000, 0.000000000000000000 ) ) ;
#3996 = AXIS2_PLACEMENT_3D ( 'NONE', #874, #3118, #4940 ) ;
#3997 = ORIENTED_EDGE ( 'NONE', *, *, #3857, .T. ) ;
#3998 = CARTESIAN_POINT ( 'NONE',  ( -39.16013196753240777, -2.499931335448993597, 1.449999146844058284 ) ) ;
#3999 = CARTESIAN_POINT ( 'NONE',  ( 39.16013196753240777, -3.499931335448993597, 3.000000000000000000 ) ) ;
#4000 = VERTEX_POINT ( 'NONE', #3649 ) ;
#4001 = CARTESIAN_POINT ( 'NONE',  ( -13.92494201660204212, -57.37510013580300949, 0.000000000000000000 ) ) ;
#4002 = FACE_OUTER_BOUND ( 'NONE', #1787, .T. ) ;
#4003 = DIRECTION ( 'NONE',  ( -1.000000000000000000, 0.000000000000000000, 0.000000000000000000 ) ) ;
#4004 = AXIS2_PLACEMENT_3D ( 'NONE', #1014, #5139, #5081 ) ;
#4005 = DIRECTION ( 'NONE',  ( -0.000000000000000000, -0.000000000000000000, -1.000000000000000000 ) ) ;
#4006 = ORIENTED_EDGE ( 'NONE', *, *, #5526, .T. ) ;
#4007 = EDGE_CURVE ( 'NONE', #1095, #5651, #2575, .T. ) ;
#4008 = CIRCLE ( 'NONE', #5161, 2.000000000000001776 ) ;
#4009 = DIRECTION ( 'NONE',  ( 0.000000000000000000, 0.000000000000000000, 1.000000000000000000 ) ) ;
#4010 = CARTESIAN_POINT ( 'NONE',  ( 44.35714285714286120, 45.59291590537790029, 0.000000000000000000 ) ) ;
#4011 = ORIENTED_EDGE ( 'NONE', *, *, #3824, .T. ) ;
#4012 = CARTESIAN_POINT ( 'NONE',  ( -8.924942016602040340, -53.87510013580300949, 0.000000000000000000 ) ) ;
#4013 = CC_DESIGN_DATE_AND_TIME_ASSIGNMENT ( #2550, #1255, ( #5048 ) ) ;
#4014 = AXIS2_PLACEMENT_3D ( 'NONE', #1969, #3823, #5658 ) ;
#4015 = CARTESIAN_POINT ( 'NONE',  ( 53.13099752524896502, -33.09477641991259134, 1.450000484187200733 ) ) ;
#4016 = VERTEX_POINT ( 'NONE', #5912 ) ;
#4017 = CARTESIAN_POINT ( 'NONE',  ( 30.99999999999998579, -48.99081265880478497, 23.43294756465299500 ) ) ;
#4018 = CYLINDRICAL_SURFACE ( 'NONE', #269, 1.750000000000001554 ) ;
#4019 = ORIENTED_EDGE ( 'NONE', *, *, #924, .T. ) ;
#4020 = ORIENTED_EDGE ( 'NONE', *, *, #970, .F. ) ;
#4021 = ORIENTED_EDGE ( 'NONE', *, *, #3604, .T. ) ;
#4022 = FACE_OUTER_BOUND ( 'NONE', #2496, .T. ) ;
#4023 = EDGE_CURVE ( 'NONE', #815, #5123, #3247, .T. ) ;
#4024 = ORIENTED_EDGE ( 'NONE', *, *, #3993, .F. ) ;
#4025 = DIRECTION ( 'NONE',  ( 0.000000000000000000, 0.000000000000000000, 1.000000000000000000 ) ) ;
#4026 = CARTESIAN_POINT ( 'NONE',  ( 8.999999999999975131, -13.46000096090565279, 1.449999625923688251 ) ) ;
#4027 = ORIENTED_EDGE ( 'NONE', *, *, #2954, .T. ) ;
#4028 = ADVANCED_FACE ( 'NONE', ( #1437 ), #3200, .F. ) ;
#4029 = DIRECTION ( 'NONE',  ( 0.000000000000000000, -0.9999999999999990008, 4.371140888484446938E-08 ) ) ;
#4030 = CARTESIAN_POINT ( 'NONE',  ( -36.56224293011970872, -31.99997190456163665, 3.000000000000000000 ) ) ;
#4031 = CARTESIAN_POINT ( 'NONE',  ( -39.16013196753240777, -3.499931335448993597, 1.449999190555467221 ) ) ;
#4032 = DIRECTION ( 'NONE',  ( 1.000000000000000000, -0.000000000000000000, -0.000000000000000000 ) ) ;
#4033 = ORIENTED_EDGE ( 'NONE', *, *, #4801, .T. ) ;
#4034 = EDGE_CURVE ( 'NONE', #3784, #5332, #570, .T. ) ;
#4035 = CIRCLE ( 'NONE', #2031, 3.500000000000003109 ) ;
#4036 = LINE ( 'NONE', #297, #5838 ) ;
#4037 = EDGE_CURVE ( 'NONE', #3158, #3402, #4665, .T. ) ;
#4038 = CARTESIAN_POINT ( 'NONE',  ( -30.50012207031303291, -35.50007057189900195, 0.000000000000000000 ) ) ;
#4039 = ORIENTED_EDGE ( 'NONE', *, *, #3486, .T. ) ;
#4040 = VECTOR ( 'NONE', #871, 1000.000000000000000 ) ;
#4041 = EDGE_CURVE ( 'NONE', #3893, #2170, #5911, .T. ) ;
#4042 = LINE ( 'NONE', #4493, #1949 ) ;
#4043 = ORIENTED_EDGE ( 'NONE', *, *, #5502, .F. ) ;
#4044 = DIRECTION ( 'NONE',  ( -1.000000000000000000, 0.000000000000000000, 0.000000000000000000 ) ) ;
#4045 = CARTESIAN_POINT ( 'NONE',  ( -39.16040865894258616, -37.49992961763274479, 1.450000676743294026 ) ) ;
#4046 = AXIS2_PLACEMENT_3D ( 'NONE', #2800, #4081, #3698 ) ;
#4047 = VERTEX_POINT ( 'NONE', #4126 ) ;
#4048 = AXIS2_PLACEMENT_3D ( 'NONE', #2010, #3837, #2907 ) ;
#4049 = ORIENTED_EDGE ( 'NONE', *, *, #3833, .T. ) ;
#4050 = DIRECTION ( 'NONE',  ( -1.000000000000000000, 0.000000000000000000, 0.000000000000000000 ) ) ;
#4051 = VECTOR ( 'NONE', #4094, 1000.000000000000227 ) ;
#4052 = CARTESIAN_POINT ( 'NONE',  ( -38.00000000000000000, 46.00000000000002842, 3.000000000000000000 ) ) ;
#4053 = ORIENTED_EDGE ( 'NONE', *, *, #3677, .F. ) ;
#4054 = ORIENTED_EDGE ( 'NONE', *, *, #4512, .F. ) ;
#4055 = CARTESIAN_POINT ( 'NONE',  ( -59.00000000000001421, -5.000000960905654601, 1.449999256125451108 ) ) ;
#4056 = CARTESIAN_POINT ( 'NONE',  ( 29.99999999999998579, -48.99081265880478497, 1.450001179025689479 ) ) ;
#4057 = VERTEX_POINT ( 'NONE', #5112 ) ;
#4058 = VECTOR ( 'NONE', #1403, 1000.000000000000000 ) ;
#4059 = CIRCLE ( 'NONE', #4540, 0.5000000000000004441 ) ;
#4060 = FACE_BOUND ( 'NONE', #4288, .T. ) ;
#4061 = CARTESIAN_POINT ( 'NONE',  ( -39.16013196753240777, -7.499931335448998482, 1.449999365401102747 ) ) ;
#4062 = DIRECTION ( 'NONE',  ( -0.000000000000000000, -0.000000000000000000, -1.000000000000000000 ) ) ;
#4063 = DIRECTION ( 'NONE',  ( 1.000000000000000000, 0.000000000000000000, 0.000000000000000000 ) ) ;
#4064 = ORIENTED_EDGE ( 'NONE', *, *, #5309, .T. ) ;
#4065 = CARTESIAN_POINT ( 'NONE',  ( -42.63473434031897824, -32.49987306896335326, 0.000000000000000000 ) ) ;
#4066 = DIRECTION ( 'NONE',  ( -1.000000000000000000, 0.000000000000000000, 0.000000000000000000 ) ) ;
#4067 = CARTESIAN_POINT ( 'NONE',  ( -51.70808186218739166, -7.999931335448993153, 3.000000000000000000 ) ) ;
#4068 = ORIENTED_EDGE ( 'NONE', *, *, #4628, .T. ) ;
#4069 = EDGE_CURVE ( 'NONE', #705, #1420, #538, .T. ) ;
#4070 = LINE ( 'NONE', #4969, #317 ) ;
#4071 = VERTEX_POINT ( 'NONE', #5551 ) ;
#4072 = DIRECTION ( 'NONE',  ( 1.000000000000000000, 0.000000000000000000, 0.000000000000000000 ) ) ;
#4073 = CARTESIAN_POINT ( 'NONE',  ( 14.95999999999997954, -28.25000000000002487, 0.000000000000000000 ) ) ;
#4074 = VERTEX_POINT ( 'NONE', #4219 ) ;
#4075 = VERTEX_POINT ( 'NONE', #4694 ) ;
#4076 = EDGE_LOOP ( 'NONE', ( #283, #3152, #1454, #4617 ) ) ;
#4077 = DIRECTION ( 'NONE',  ( 0.000000000000000000, -0.000000000000000000, 1.000000000000000000 ) ) ;
#4078 = EDGE_CURVE ( 'NONE', #1031, #705, #759, .T. ) ;
#4079 = ADVANCED_FACE ( 'NONE', ( #1947 ), #3769, .F. ) ;
#4080 = ADVANCED_FACE ( 'NONE', ( #5494 ), #3324, .F. ) ;
#4081 = DIRECTION ( 'NONE',  ( 0.000000000000000000, 0.000000000000000000, -1.000000000000000000 ) ) ;
#4082 = ORIENTED_EDGE ( 'NONE', *, *, #3231, .T. ) ;
#4083 = ORIENTED_EDGE ( 'NONE', *, *, #5248, .T. ) ;
#4084 = CARTESIAN_POINT ( 'NONE',  ( 8.999999999999975131, -13.46000000000002750, 1.449999736950625895 ) ) ;
#4085 = DIRECTION ( 'NONE',  ( 1.000000000000000000, -1.994248318681189754E-16, 0.000000000000000000 ) ) ;
#4086 = ORIENTED_EDGE ( 'NONE', *, *, #4041, .T. ) ;
#4087 = EDGE_CURVE ( 'NONE', #2442, #1304, #2096, .T. ) ;
#4088 = CIRCLE ( 'NONE', #2084, 0.5000000000000004441 ) ;
#4089 = LINE ( 'NONE', #2306, #1416 ) ;
#4090 = AXIS2_PLACEMENT_3D ( 'NONE', #2599, #2210, #3104 ) ;
#4091 = VECTOR ( 'NONE', #2352, 1000.000000000000000 ) ;
#4092 = CARTESIAN_POINT ( 'NONE',  ( 40.03589838486224295, 51.50000000000002842, 1.500000000000000000 ) ) ;
#4093 = CARTESIAN_POINT ( 'NONE',  ( -43.50000000000000000, 20.50000000000001066, 1.500000000000000000 ) ) ;
#4094 = DIRECTION ( 'NONE',  ( -0.9999999998675463964, 1.627596612567151538E-05, 0.000000000000000000 ) ) ;
#4095 = CARTESIAN_POINT ( 'NONE',  ( 30.49987792968802225, -35.50007057189900195, 1.450000589326344569 ) ) ;
#4096 = ORIENTED_EDGE ( 'NONE', *, *, #4160, .T. ) ;
#4097 = CIRCLE ( 'NONE', #3341, 3.000000000000002665 ) ;
#4098 = AXIS2_PLACEMENT_3D ( 'NONE', #5832, #4854, #3453 ) ;
#4099 = LINE ( 'NONE', #5055, #942 ) ;
#4100 = LINE ( 'NONE', #1951, #1943 ) ;
#4101 = DIRECTION ( 'NONE',  ( 0.000000000000000000, 0.000000000000000000, -1.000000000000000000 ) ) ;
#4102 = VERTEX_POINT ( 'NONE', #1612 ) ;
#4103 = AXIS2_PLACEMENT_3D ( 'NONE', #5725, #3361, #2063 ) ;
#4104 = ADVANCED_FACE ( 'NONE', ( #2486 ), #2953, .F. ) ;
#4105 = DIRECTION ( 'NONE',  ( 0.9999999998675463964, -1.627596612567151538E-05, 7.072646676513224198E-13 ) ) ;
#4106 = ORIENTED_EDGE ( 'NONE', *, *, #678, .F. ) ;
#4107 = CARTESIAN_POINT ( 'NONE',  ( 51.70808186218739166, -8.499931335448993153, 0.000000000000000000 ) ) ;
#4108 = DIRECTION ( 'NONE',  ( 0.000000000000000000, -0.9999999999999991118, 4.371140884147635601E-08 ) ) ;
#4109 = ORIENTED_EDGE ( 'NONE', *, *, #5086, .F. ) ;
#4110 = ORIENTED_EDGE ( 'NONE', *, *, #603, .F. ) ;
#4111 = EDGE_LOOP ( 'NONE', ( #3820, #4852, #4024, #4467 ) ) ;
#4112 = AXIS2_PLACEMENT_3D ( 'NONE', #82, #1913, #2051 ) ;
#4113 = CARTESIAN_POINT ( 'NONE',  ( 37.42808115996353280, -9.499931335448994929, 3.000000000000000000 ) ) ;
#4114 = ADVANCED_FACE ( 'NONE', ( #655 ), #5690, .F. ) ;
#4115 = DIRECTION ( 'NONE',  ( -4.180742545671762101E-15, -4.371140887755362005E-08, -0.9999999999999992228 ) ) ;
#4116 = EDGE_LOOP ( 'NONE', ( #11, #2557, #2467, #3638, #5527, #900 ) ) ;
#4117 = EDGE_LOOP ( 'NONE', ( #3549, #4596, #5316, #2048 ) ) ;
#4118 = ADVANCED_FACE ( 'NONE', ( #4245 ), #2903, .F. ) ;
#4119 = FACE_OUTER_BOUND ( 'NONE', #5347, .T. ) ;
#4120 = CARTESIAN_POINT ( 'NONE',  ( -42.83908474956610490, -3.499931335448994485, 36.80533964865399810 ) ) ;
#4121 = EDGE_LOOP ( 'NONE', ( #1595, #4176, #4317, #1003 ) ) ;
#4122 = FACE_OUTER_BOUND ( 'NONE', #4882, .T. ) ;
#4123 = DIRECTION ( 'NONE',  ( 0.000000000000000000, -0.000000000000000000, -1.000000000000000000 ) ) ;
#4124 = CARTESIAN_POINT ( 'NONE',  ( -37.42839040353538138, -39.49995780816809798, 3.000000000000000000 ) ) ;
#4125 = LINE ( 'NONE', #1013, #4058 ) ;
#4126 = CARTESIAN_POINT ( 'NONE',  ( -51.70808186218739166, -2.499931335448996261, 3.000000000000000000 ) ) ;
#4127 = VERTEX_POINT ( 'NONE', #2028 ) ;
#4128 = LINE ( 'NONE', #480, #3422 ) ;
#4129 = DIRECTION ( 'NONE',  ( -0.000000000000000000, -0.000000000000000000, 1.000000000000000000 ) ) ;
#4130 = APPLICATION_CONTEXT ( 'configuration controlled 3d designs of mechanical parts and assemblies' ) ;
#4131 = DIRECTION ( 'NONE',  ( -1.000000000000000000, 0.000000000000000000, 0.000000000000000000 ) ) ;
#4132 = ORIENTED_EDGE ( 'NONE', *, *, #783, .F. ) ;
#4133 = AXIS2_PLACEMENT_3D ( 'NONE', #2906, #2459, #1135 ) ;
#4134 = EDGE_CURVE ( 'NONE', #5164, #3449, #177, .T. ) ;
#4135 = DIRECTION ( 'NONE',  ( 0.9999999999999961142, 8.742277677795539484E-08, -8.002115286624055570E-15 ) ) ;
#4136 = VERTEX_POINT ( 'NONE', #3381 ) ;
#4137 = FACE_OUTER_BOUND ( 'NONE', #2317, .T. ) ;
#4138 = CARTESIAN_POINT ( 'NONE',  ( -39.16013196753240067, -7.499931335448995817, 1.449999365401102747 ) ) ;
#4139 = VERTEX_POINT ( 'NONE', #5639 ) ;
#4140 = ORIENTED_EDGE ( 'NONE', *, *, #1663, .T. ) ;
#4141 = EDGE_LOOP ( 'NONE', ( #3214, #4011, #2270, #584 ) ) ;
#4142 = CARTESIAN_POINT ( 'NONE',  ( 39.15992036961294076, -33.50120435612532077, 3.000000000000000000 ) ) ;
#4143 = VECTOR ( 'NONE', #2224, 1000.000000000000227 ) ;
#4144 = AXIS2_PLACEMENT_3D ( 'NONE', #449, #3206, #5351 ) ;
#4145 = CARTESIAN_POINT ( 'NONE',  ( -39.16032727911196076, -32.49992961829499905, 0.000000000000000000 ) ) ;
#4146 = EDGE_LOOP ( 'NONE', ( #2621, #5903, #2663, #3223 ) ) ;
#4147 = VERTEX_POINT ( 'NONE', #3855 ) ;
#4148 = PLANE ( 'NONE',  #4532 ) ;
#4149 = DIRECTION ( 'NONE',  ( -0.000000000000000000, -0.000000000000000000, -1.000000000000000000 ) ) ;
#4150 = ORIENTED_EDGE ( 'NONE', *, *, #5749, .T. ) ;
#4151 = AXIS2_PLACEMENT_3D ( 'NONE', #3344, #2919, #5162 ) ;
#4152 = AXIS2_PLACEMENT_3D ( 'NONE', #3418, #3053, #5649 ) ;
#4153 = EDGE_CURVE ( 'NONE', #2266, #1301, #2087, .T. ) ;
#4154 = DIRECTION ( 'NONE',  ( -0.000000000000000000, -0.000000000000000000, -1.000000000000000000 ) ) ;
#4155 = LINE ( 'NONE', #920, #1846 ) ;
#4156 = DIRECTION ( 'NONE',  ( 0.000000000000000000, 0.000000000000000000, -1.000000000000000000 ) ) ;
#4157 = CARTESIAN_POINT ( 'NONE',  ( 43.50000000000000000, 50.00000000000002842, 1.500000000000000000 ) ) ;
#4158 = CARTESIAN_POINT ( 'NONE',  ( -39.16042493490871124, -38.49992961750028542, 0.000000000000000000 ) ) ;
#4159 = VERTEX_POINT ( 'NONE', #1105 ) ;
#4160 = EDGE_CURVE ( 'NONE', #3575, #5440, #1978, .T. ) ;
#4161 = ADVANCED_FACE ( 'NONE', ( #2540 ), #3800, .T. ) ;
#4162 = CIRCLE ( 'NONE', #1494, 0.5000000000000004441 ) ;
#4163 = EDGE_CURVE ( 'NONE', #3038, #4794, #4682, .T. ) ;
#4164 = DIRECTION ( 'NONE',  ( 0.000000000000000000, -0.000000000000000000, 1.000000000000000000 ) ) ;
#4165 = FACE_OUTER_BOUND ( 'NONE', #40, .T. ) ;
#4166 = CARTESIAN_POINT ( 'NONE',  ( -39.16032727911196076, -32.49992961829499905, 3.000000000000000000 ) ) ;
#4167 = ORIENTED_EDGE ( 'NONE', *, *, #2848, .T. ) ;
#4168 = DIRECTION ( 'NONE',  ( -0.000000000000000000, -0.000000000000000000, -1.000000000000000000 ) ) ;
#4169 = DIRECTION ( 'NONE',  ( -4.180742545671762101E-15, -4.371140887755362005E-08, -0.9999999999999992228 ) ) ;
#4170 = LINE ( 'NONE', #1808, #566 ) ;
#4171 = ORIENTED_EDGE ( 'NONE', *, *, #3724, .T. ) ;
#4172 = VERTEX_POINT ( 'NONE', #3008 ) ;
#4173 = ORIENTED_EDGE ( 'NONE', *, *, #4153, .T. ) ;
#4174 = DIRECTION ( 'NONE',  ( 1.000000000000000000, -0.000000000000000000, 0.000000000000000000 ) ) ;
#4175 = CIRCLE ( 'NONE', #1598, 6.000000000000001776 ) ;
#4176 = ORIENTED_EDGE ( 'NONE', *, *, #1709, .T. ) ;
#4177 = ORIENTED_EDGE ( 'NONE', *, *, #1394, .F. ) ;
#4178 = DIRECTION ( 'NONE',  ( -0.000000000000000000, -0.000000000000000000, -1.000000000000000000 ) ) ;
#4179 = LINE ( 'NONE', #1881, #5896 ) ;
#4180 = ORIENTED_EDGE ( 'NONE', *, *, #3272, .F. ) ;
#4181 = ADVANCED_FACE ( 'NONE', ( #2507 ), #1529, .T. ) ;
#4182 = CARTESIAN_POINT ( 'NONE',  ( -52.20808186218739166, -7.999931335448993153, 3.000000000000000000 ) ) ;
#4183 = DIRECTION ( 'NONE',  ( -0.9999999998675463964, 1.627596612607036625E-05, -7.072646676687567254E-13 ) ) ;
#4184 = CARTESIAN_POINT ( 'NONE',  ( -37.99999999999997158, 24.00000000000002842, 0.000000000000000000 ) ) ;
#4185 = CARTESIAN_POINT ( 'NONE',  ( 13.53999999999997605, -20.54000000000003112, 23.43294756465299500 ) ) ;
#4186 = DIRECTION ( 'NONE',  ( -0.000000000000000000, -0.000000000000000000, -1.000000000000000000 ) ) ;
#4187 = ORIENTED_EDGE ( 'NONE', *, *, #4711, .F. ) ;
#4188 = VECTOR ( 'NONE', #542, 1000.000000000000000 ) ;
#4189 = CIRCLE ( 'NONE', #4818, 1.750000000000001554 ) ;
#4190 = ADVANCED_FACE ( 'NONE', ( #3911 ), #1640, .F. ) ;
#4191 = AXIS2_PLACEMENT_3D ( 'NONE', #2658, #2092, #4029 ) ;
#4192 = DIRECTION ( 'NONE',  ( -0.000000000000000000, -0.000000000000000000, -1.000000000000000000 ) ) ;
#4193 = CARTESIAN_POINT ( 'NONE',  ( -30.49987792968801514, -5.499931269881881413, 1.449999277977991108 ) ) ;
#4194 = LINE ( 'NONE', #602, #3676 ) ;
#4195 = ORIENTED_EDGE ( 'NONE', *, *, #4977, .F. ) ;
#4196 = VECTOR ( 'NONE', #1264, 1000.000000000000000 ) ;
#4197 = ADVANCED_FACE ( 'NONE', ( #3408 ), #2457, .T. ) ;
#4198 = CARTESIAN_POINT ( 'NONE',  ( 37.42808115996353280, -9.499931335448987824, 1.449999452823600210 ) ) ;
#4199 = ADVANCED_FACE ( 'NONE', ( #4750 ), #5224, .F. ) ;
#4200 = DIRECTION ( 'NONE',  ( -0.000000000000000000, -0.000000000000000000, -1.000000000000000000 ) ) ;
#4201 = VERTEX_POINT ( 'NONE', #2887 ) ;
#4202 = ORIENTED_EDGE ( 'NONE', *, *, #1549, .T. ) ;
#4203 = VECTOR ( 'NONE', #4186, 1000.000000000000000 ) ;
#4204 = EDGE_LOOP ( 'NONE', ( #2162 ) ) ;
#4205 = CYLINDRICAL_SURFACE ( 'NONE', #5681, 3.500000000000003109 ) ;
#4206 = VECTOR ( 'NONE', #4448, 999.9999999999998863 ) ;
#4207 = AXIS2_PLACEMENT_3D ( 'NONE', #5641, #4669, #2032 ) ;
#4208 = DIRECTION ( 'NONE',  ( -0.000000000000000000, -0.000000000000000000, -1.000000000000000000 ) ) ;
#4209 = ORIENTED_EDGE ( 'NONE', *, *, #3888, .F. ) ;
#4210 = EDGE_LOOP ( 'NONE', ( #2359, #1625, #1414, #1405 ) ) ;
#4211 = CARTESIAN_POINT ( 'NONE',  ( 51.70787840058896734, -33.00140858619899120, 0.000000000000000000 ) ) ;
#4212 = DIRECTION ( 'NONE',  ( 4.180742545671757368E-15, 4.371140887755362005E-08, 0.9999999999999991118 ) ) ;
#4213 = EDGE_LOOP ( 'NONE', ( #4707, #4487, #5739, #4054 ) ) ;
#4214 = EDGE_CURVE ( 'NONE', #5356, #2944, #1822, .T. ) ;
#4215 = DIRECTION ( 'NONE',  ( 0.000000000000000000, 0.000000000000000000, -1.000000000000000000 ) ) ;
#4216 = DIRECTION ( 'NONE',  ( -0.000000000000000000, -0.000000000000000000, -1.000000000000000000 ) ) ;
#4217 = DIRECTION ( 'NONE',  ( 0.9999999998675463964, -1.627596612607036625E-05, 0.000000000000000000 ) ) ;
#4218 = DIRECTION ( 'NONE',  ( -0.000000000000000000, -0.000000000000000000, -1.000000000000000000 ) ) ;
#4219 = CARTESIAN_POINT ( 'NONE',  ( -51.70808186218739166, -8.499931335448993153, 0.000000000000000000 ) ) ;
#4220 = ORIENTED_EDGE ( 'NONE', *, *, #5134, .F. ) ;
#4221 = LINE ( 'NONE', #1586, #5437 ) ;
#4222 = LINE ( 'NONE', #3266, #1074 ) ;
#4223 = FACE_OUTER_BOUND ( 'NONE', #5752, .T. ) ;
#4224 = EDGE_CURVE ( 'NONE', #3663, #1020, #2579, .T. ) ;
#4225 = ORIENTED_EDGE ( 'NONE', *, *, #5823, .F. ) ;
#4226 = EDGE_CURVE ( 'NONE', #2363, #2541, #4008, .T. ) ;
#4227 = DIRECTION ( 'NONE',  ( -4.180742545671762101E-15, -4.371140887755362005E-08, -0.9999999999999992228 ) ) ;
#4228 = VECTOR ( 'NONE', #3859, 1000.000000000000000 ) ;
#4229 = CARTESIAN_POINT ( 'NONE',  ( 30.49963378098338396, -35.50106340185905651, 0.000000000000000000 ) ) ;
#4230 = VERTEX_POINT ( 'NONE', #1510 ) ;
#4231 = EDGE_LOOP ( 'NONE', ( #3671, #1748, #4578, #1212, #1231, #4611 ) ) ;
#4232 = VERTEX_POINT ( 'NONE', #5780 ) ;
#4233 = PLANE ( 'NONE',  #652 ) ;
#4234 = DIRECTION ( 'NONE',  ( -0.000000000000000000, -0.000000000000000000, -1.000000000000000000 ) ) ;
#4235 = ORIENTED_EDGE ( 'NONE', *, *, #4500, .F. ) ;
#4236 = EDGE_LOOP ( 'NONE', ( #5606, #4991, #5677, #850 ) ) ;
#4237 = DIRECTION ( 'NONE',  ( -0.000000000000000000, -0.000000000000000000, -1.000000000000000000 ) ) ;
#4238 = CARTESIAN_POINT ( 'NONE',  ( -39.16013196753240777, -10.49993133544899493, 0.000000000000000000 ) ) ;
#4239 = ORIENTED_EDGE ( 'NONE', *, *, #3285, .T. ) ;
#4240 = AXIS2_PLACEMENT_3D ( 'NONE', #366, #3563, #5383 ) ;
#4241 = DIRECTION ( 'NONE',  ( 0.000000000000000000, 0.000000000000000000, -1.000000000000000000 ) ) ;
#4242 = FACE_OUTER_BOUND ( 'NONE', #3862, .T. ) ;
#4243 = CARTESIAN_POINT ( 'NONE',  ( 51.83157107505930838, -32.51694999944220399, 0.7250002420935985903 ) ) ;
#4244 = CARTESIAN_POINT ( 'NONE',  ( -42.00000000000000000, 46.00000000000000000, 3.000000000000000000 ) ) ;
#4245 = FACE_OUTER_BOUND ( 'NONE', #2653, .T. ) ;
#4246 = VECTOR ( 'NONE', #2943, 1000.000000000000227 ) ;
#4247 = ORIENTED_EDGE ( 'NONE', *, *, #5821, .T. ) ;
#4248 = AXIS2_PLACEMENT_3D ( 'NONE', #4551, #1315, #3111 ) ;
#4249 = AXIS2_PLACEMENT_3D ( 'NONE', #3404, #5220, #2947 ) ;
#4250 = DIRECTION ( 'NONE',  ( 0.000000000000000000, -0.9999999999999990008, 4.371140888484446938E-08 ) ) ;
#4251 = CARTESIAN_POINT ( 'NONE',  ( 51.70808186218739166, -2.999931335448996261, 0.000000000000000000 ) ) ;
#4252 = CARTESIAN_POINT ( 'NONE',  ( 36.56175464079005621, -39.00116206919642536, 3.000000000000000000 ) ) ;
#4253 = EDGE_LOOP ( 'NONE', ( #4955, #4043, #1274, #4187, #726, #1713 ) ) ;
#4254 = CARTESIAN_POINT ( 'NONE',  ( -54.50000000000002842, -41.00000000000000000, 0.000000000000000000 ) ) ;
#4255 = VECTOR ( 'NONE', #4062, 1000.000000000000000 ) ;
#4256 = DIRECTION ( 'NONE',  ( -1.000000000000000000, 0.000000000000000000, 0.000000000000000000 ) ) ;
#4257 = EDGE_CURVE ( 'NONE', #1980, #4159, #1728, .T. ) ;
#4258 = ORIENTED_EDGE ( 'NONE', *, *, #5119, .T. ) ;
#4259 = EDGE_LOOP ( 'NONE', ( #3183, #2888, #5252, #2745, #434, #4505 ) ) ;
#4260 = CARTESIAN_POINT ( 'NONE',  ( 30.50012016296399153, -5.499931269881894735, 1.449999277977990886 ) ) ;
#4261 = DIRECTION ( 'NONE',  ( 4.180742545671762101E-15, 4.371140887755362005E-08, 0.9999999999999992228 ) ) ;
#4262 = EDGE_CURVE ( 'NONE', #5890, #1984, #4774, .T. ) ;
#4263 = ORIENTED_EDGE ( 'NONE', *, *, #4813, .F. ) ;
#4264 = ORIENTED_EDGE ( 'NONE', *, *, #5241, .F. ) ;
#4265 = CARTESIAN_POINT ( 'NONE',  ( -39.16013196753240777, -0.4999313354489935968, 0.000000000000000000 ) ) ;
#4266 = CARTESIAN_POINT ( 'NONE',  ( -57.00000000000000000, -24.00000000000000000, 1.450000086642172503 ) ) ;
#4267 = EDGE_CURVE ( 'NONE', #5340, #1064, #4415, .T. ) ;
#4268 = EDGE_CURVE ( 'NONE', #2859, #2859, #284, .T. ) ;
#4269 = DIRECTION ( 'NONE',  ( -4.180742545671762101E-15, -4.371140887755362005E-08, -0.9999999999999992228 ) ) ;
#4270 = DIRECTION ( 'NONE',  ( -0.000000000000000000, 0.000000000000000000, -1.000000000000000000 ) ) ;
#4271 = CARTESIAN_POINT ( 'NONE',  ( -52.20808186218739166, -7.999931335448993153, 0.000000000000000000 ) ) ;
#4272 = FACE_OUTER_BOUND ( 'NONE', #5795, .T. ) ;
#4273 = CARTESIAN_POINT ( 'NONE',  ( 39.15993664557905873, -32.50120435625778015, 3.000000000000000000 ) ) ;
#4274 = CIRCLE ( 'NONE', #5882, 2.999999999999995559 ) ;
#4275 = LINE ( 'NONE', #5617, #2 ) ;
#4276 = CARTESIAN_POINT ( 'NONE',  ( -36.56205575617909176, -8.999931335448994929, 0.000000000000000000 ) ) ;
#4277 = DIRECTION ( 'NONE',  ( -0.000000000000000000, -0.000000000000000000, -1.000000000000000000 ) ) ;
#4278 = ORIENTED_EDGE ( 'NONE', *, *, #3318, .F. ) ;
#4279 = AXIS2_PLACEMENT_3D ( 'NONE', #772, #4807, #2632 ) ;
#4280 = AXIS2_PLACEMENT_3D ( 'NONE', #5554, #4164, #1346 ) ;
#4281 = CARTESIAN_POINT ( 'NONE',  ( -42.83911729986401440, -37.49986974309550192, 36.80533964865399810 ) ) ;
#4282 = ADVANCED_FACE ( 'NONE', ( #2235 ), #1244, .F. ) ;
#4283 = AXIS2_PLACEMENT_3D ( 'NONE', #1631, #279, #2076 ) ;
#4284 = CYLINDRICAL_SURFACE ( 'NONE', #4339, 4.000000000000003553 ) ;
#4285 = CARTESIAN_POINT ( 'NONE',  ( 36.49987792968698130, -35.50007057189900905, 3.000000000000000000 ) ) ;
#4286 = AXIS2_PLACEMENT_3D ( 'NONE', #969, #2230, #4077 ) ;
#4287 = EDGE_LOOP ( 'NONE', ( #1619, #2029, #3537, #1932, #3477, #1646, #1170, #1271 ) ) ;
#4288 = EDGE_LOOP ( 'NONE', ( #4590 ) ) ;
#4289 = FACE_OUTER_BOUND ( 'NONE', #1458, .T. ) ;
#4290 = EDGE_CURVE ( 'NONE', #5163, #2598, #4953, .T. ) ;
#4291 = DIRECTION ( 'NONE',  ( -1.000000000000000000, 0.000000000000000000, 0.000000000000000000 ) ) ;
#4292 = ORIENTED_EDGE ( 'NONE', *, *, #4901, .F. ) ;
#4293 = ORIENTED_EDGE ( 'NONE', *, *, #3444, .F. ) ;
#4294 = DIRECTION ( 'NONE',  ( -0.000000000000000000, 0.000000000000000000, 1.000000000000000000 ) ) ;
#4295 = CARTESIAN_POINT ( 'NONE',  ( 32.99999999999998579, -53.00000000000000711, 1.450001354272627996 ) ) ;
#4296 = EDGE_CURVE ( 'NONE', #281, #3099, #2148, .T. ) ;
#4297 = VECTOR ( 'NONE', #4032, 1000.000000000000000 ) ;
#4298 = DIRECTION ( 'NONE',  ( 0.000000000000000000, 0.000000000000000000, 1.000000000000000000 ) ) ;
#4299 = EDGE_CURVE ( 'NONE', #3388, #2267, #1696, .T. ) ;
#4300 = DIRECTION ( 'NONE',  ( -1.000000000000000000, 0.000000000000000000, 0.000000000000000000 ) ) ;
#4301 = DIRECTION ( 'NONE',  ( 0.9999999999999961142, 8.742277677795539484E-08, -8.002115286624055570E-15 ) ) ;
#4302 = DIRECTION ( 'NONE',  ( -0.000000000000000000, -0.000000000000000000, 1.000000000000000000 ) ) ;
#4303 = CARTESIAN_POINT ( 'NONE',  ( -8.924942016602040340, -55.62510013580300949, 23.43294756465299500 ) ) ;
#4304 = AXIS2_PLACEMENT_3D ( 'NONE', #3328, #3359, #5175 ) ;
#4305 = DIRECTION ( 'NONE',  ( -1.000000000000000000, 0.000000000000000000, 0.000000000000000000 ) ) ;
#4306 = DIRECTION ( 'NONE',  ( 1.000000000000000000, 0.000000000000000000, 0.000000000000000000 ) ) ;
#4307 = LINE ( 'NONE', #3014, #4724 ) ;
#4308 = ORIENTED_EDGE ( 'NONE', *, *, #4460, .T. ) ;
#4309 = CARTESIAN_POINT ( 'NONE',  ( 47.02500206014519790, -37.50133236845832840, 0.000000000000000000 ) ) ;
#4310 = CARTESIAN_POINT ( 'NONE',  ( -52.50000000000002132, -5.000000000000015099, 0.000000000000000000 ) ) ;
#4311 = CARTESIAN_POINT ( 'NONE',  ( -47.50000000000000000, 20.50000000000001066, 0.000000000000000000 ) ) ;
#4312 = EDGE_LOOP ( 'NONE', ( #3506, #3869, #3483, #2449, #4096, #3953, #5294, #1287, #4357, #2466 ) ) ;
#4313 = EDGE_LOOP ( 'NONE', ( #4292, #973, #1723, #4975, #1940, #5414, #3372, #2376, #763, #1399 ) ) ;
#4314 = DIRECTION ( 'NONE',  ( 0.000000000000000000, -0.9999999999999991118, 4.371140887245358835E-08 ) ) ;
#4315 = EDGE_CURVE ( 'NONE', #4139, #2861, #3938, .T. ) ;
#4316 = DIRECTION ( 'NONE',  ( -4.180742545671762101E-15, -4.371140887755362005E-08, -0.9999999999999992228 ) ) ;
#4317 = ORIENTED_EDGE ( 'NONE', *, *, #2623, .T. ) ;
#4318 = ORIENTED_EDGE ( 'NONE', *, *, #5274, .T. ) ;
#4319 = DIRECTION ( 'NONE',  ( 1.000000000000000000, 0.000000000000000000, 0.000000000000000000 ) ) ;
#4320 = CARTESIAN_POINT ( 'NONE',  ( -42.63478316982463667, -8.499931335448993153, 0.000000000000000000 ) ) ;
#4321 = VECTOR ( 'NONE', #2930, 999.9999999999998863 ) ;
#4322 = DIRECTION ( 'NONE',  ( 4.180742545671757368E-15, 4.371140887755362005E-08, 0.9999999999999991118 ) ) ;
#4323 = CARTESIAN_POINT ( 'NONE',  ( -39.16045748684096850, -40.49992961723538087, 3.000000000000000000 ) ) ;
#4324 = ORIENTED_EDGE ( 'NONE', *, *, #3145, .T. ) ;
#4325 = CIRCLE ( 'NONE', #3185, 0.5000000000000004441 ) ;
#4326 = DIRECTION ( 'NONE',  ( -0.000000000000000000, -0.000000000000000000, -1.000000000000000000 ) ) ;
#4327 = EDGE_LOOP ( 'NONE', ( #1026, #5206, #3605, #3931, #1990, #4538 ) ) ;
#4328 = EDGE_CURVE ( 'NONE', #3436, #3522, #4861, .T. ) ;
#4329 = EDGE_CURVE ( 'NONE', #3449, #2300, #4964, .T. ) ;
#4330 = DIRECTION ( 'NONE',  ( -0.000000000000000000, -0.000000000000000000, -1.000000000000000000 ) ) ;
#4331 = CARTESIAN_POINT ( 'NONE',  ( 51.70779702075834194, -38.00140858553671563, 0.000000000000000000 ) ) ;
#4332 = CIRCLE ( 'NONE', #1571, 4.000000000000003553 ) ;
#4333 = FACE_OUTER_BOUND ( 'NONE', #2647, .T. ) ;
#4334 = ADVANCED_FACE ( 'NONE', ( #4892 ), #1669, .F. ) ;
#4335 = ORIENTED_EDGE ( 'NONE', *, *, #2256, .F. ) ;
#4336 = EDGE_CURVE ( 'NONE', #3586, #4695, #1272, .T. ) ;
#4337 = EDGE_CURVE ( 'NONE', #5868, #3248, #2654, .T. ) ;
#4338 = CIRCLE ( 'NONE', #2525, 2.000000000000000000 ) ;
#4339 = AXIS2_PLACEMENT_3D ( 'NONE', #5237, #1168, #3890 ) ;
#4340 = DIRECTION ( 'NONE',  ( 0.000000000000000000, -0.9999999999999991118, 4.371140884147631631E-08 ) ) ;
#4341 = CARTESIAN_POINT ( 'NONE',  ( 39.15983898978230826, -38.50120435546305941, 0.000000000000000000 ) ) ;
#4342 = AXIS2_PLACEMENT_3D ( 'NONE', #5191, #2450, #620 ) ;
#4343 = VECTOR ( 'NONE', #4459, 1000.000000000000000 ) ;
#4344 = EDGE_LOOP ( 'NONE', ( #4399, #758, #4820, #3067 ) ) ;
#4345 = ORIENTED_EDGE ( 'NONE', *, *, #4933, .F. ) ;
#4346 = DIRECTION ( 'NONE',  ( 1.000000000000000000, 0.000000000000000000, 0.000000000000000000 ) ) ;
#4347 = AXIS2_PLACEMENT_3D ( 'NONE', #3965, #2114, #3995 ) ;
#4348 = DIRECTION ( 'NONE',  ( -1.000000000000000000, 0.000000000000000000, -0.000000000000000000 ) ) ;
#4349 = ORIENTED_EDGE ( 'NONE', *, *, #5644, .F. ) ;
#4350 = ORIENTED_EDGE ( 'NONE', *, *, #5695, .F. ) ;
#4351 = DIRECTION ( 'NONE',  ( 0.000000000000000000, 0.000000000000000000, 1.000000000000000000 ) ) ;
#4352 = DIRECTION ( 'NONE',  ( -0.000000000000000000, -0.000000000000000000, -1.000000000000000000 ) ) ;
#4353 = DIRECTION ( 'NONE',  ( 1.000000000000000000, 1.994248318681190000E-16, -4.180742554388906240E-15 ) ) ;
#4354 = DIRECTION ( 'NONE',  ( -0.000000000000000000, -0.000000000000000000, -1.000000000000000000 ) ) ;
#4355 = VERTEX_POINT ( 'NONE', #3998 ) ;
#4356 = CARTESIAN_POINT ( 'NONE',  ( -36.56235686188259137, -38.99997190363446720, 0.000000000000000000 ) ) ;
#4357 = ORIENTED_EDGE ( 'NONE', *, *, #1621, .F. ) ;
#4358 = EDGE_CURVE ( 'NONE', #996, #3976, #3100, .T. ) ;
#4359 = CARTESIAN_POINT ( 'NONE',  ( -42.00000000000000000, 46.00000000000000000, 1.500000000000000000 ) ) ;
#4360 = DIRECTION ( 'NONE',  ( 1.000000000000000000, 0.000000000000000000, 0.000000000000000000 ) ) ;
#4361 = VECTOR ( 'NONE', #3968, 1000.000000000000000 ) ;
#4362 = CARTESIAN_POINT ( 'NONE',  ( 36.56205575617909176, -1.999931335448993597, 3.000000000000000000 ) ) ;
#4363 = VECTOR ( 'NONE', #1622, 1000.000000000000000 ) ;
#4364 = ORIENTED_EDGE ( 'NONE', *, *, #3517, .F. ) ;
#4365 = EDGE_CURVE ( 'NONE', #2412, #2412, #1080, .T. ) ;
#4366 = LINE ( 'NONE', #1564, #4363 ) ;
#4367 = EDGE_CURVE ( 'NONE', #4974, #1769, #3579, .T. ) ;
#4368 = FACE_OUTER_BOUND ( 'NONE', #2552, .T. ) ;
#4369 = APPROVAL_DATE_TIME ( #2991, #2697 ) ;
#4370 = VERTEX_POINT ( 'NONE', #4084 ) ;
#4371 = EDGE_LOOP ( 'NONE', ( #2401, #5389, #1660, #3838, #2157, #1686 ) ) ;
#4372 = CARTESIAN_POINT ( 'NONE',  ( 39.15985526574843334, -37.50120435559551169, 0.000000000000000000 ) ) ;
#4373 = CIRCLE ( 'NONE', #1131, 3.000000000000000888 ) ;
#4374 = VECTOR ( 'NONE', #1365, 1000.000000000000000 ) ;
#4375 = AXIS2_PLACEMENT_3D ( 'NONE', #2543, #2151, #1700 ) ;
#4376 = CARTESIAN_POINT ( 'NONE',  ( -39.16042493490871124, -38.49992961750028542, 1.450000720454702519 ) ) ;
#4377 = ORIENTED_EDGE ( 'NONE', *, *, #4367, .T. ) ;
#4378 = ORIENTED_EDGE ( 'NONE', *, *, #387, .T. ) ;
#4379 = DIRECTION ( 'NONE',  ( 0.000000000000000000, 0.000000000000000000, -1.000000000000000000 ) ) ;
#4380 = EDGE_LOOP ( 'NONE', ( #776, #4086, #5650, #3966, #344, #2590, #4973, #638, #881, #3219, #5671, #910, #320, #1764 ) ) ;
#4381 = CIRCLE ( 'NONE', #5152, 7.000000000000002665 ) ;
#4382 = LINE ( 'NONE', #3574, #3296 ) ;
#4383 = ORIENTED_EDGE ( 'NONE', *, *, #5666, .F. ) ;
#4384 = CARTESIAN_POINT ( 'NONE',  ( 39.15993664557905873, -32.50120435625778015, 0.000000000000000000 ) ) ;
#4385 = CARTESIAN_POINT ( 'NONE',  ( -57.50000000000001421, -39.99999999999999289, 23.43294756465299500 ) ) ;
#4386 = ORIENTED_EDGE ( 'NONE', *, *, #2803, .F. ) ;
#4387 = VECTOR ( 'NONE', #2400, 1000.000000000000000 ) ;
#4388 = EDGE_CURVE ( 'NONE', #2711, #4047, #3221, .T. ) ;
#4389 = FACE_BOUND ( 'NONE', #5448, .T. ) ;
#4390 = AXIS2_PLACEMENT_3D ( 'NONE', #4981, #5338, #3039 ) ;
#4391 = FACE_OUTER_BOUND ( 'NONE', #877, .T. ) ;
#4392 = DIRECTION ( 'NONE',  ( 0.000000000000000000, -0.9999999999999991118, 4.371140887755362005E-08 ) ) ;
#4393 = AXIS2_PLACEMENT_3D ( 'NONE', #4716, #5634, #5575 ) ;
#4394 = CARTESIAN_POINT ( 'NONE',  ( -8.924942016602040340, -57.37510013580300949, 0.000000000000000000 ) ) ;
#4395 = ORIENTED_EDGE ( 'NONE', *, *, #4880, .T. ) ;
#4396 = DIRECTION ( 'NONE',  ( 1.000000000000000000, 0.000000000000000000, 0.000000000000000000 ) ) ;
#4397 = ADVANCED_FACE ( 'NONE', ( #5544 ), #5042, .F. ) ;
#4398 = CARTESIAN_POINT ( 'NONE',  ( -39.16040865894258616, -37.49992961763273769, 3.000000000000000000 ) ) ;
#4399 = ORIENTED_EDGE ( 'NONE', *, *, #2145, .T. ) ;
#4400 = ORIENTED_EDGE ( 'NONE', *, *, #3531, .F. ) ;
#4401 = DIRECTION ( 'NONE',  ( 1.000000000000000000, 0.000000000000000000, 0.000000000000000000 ) ) ;
#4402 = ADVANCED_FACE ( 'NONE', ( #2743 ), #1938, .F. ) ;
#4403 = CARTESIAN_POINT ( 'NONE',  ( 53.13099752524905028, -29.59477641991259489, 1.450000331197270897 ) ) ;
#4404 = ORIENTED_EDGE ( 'NONE', *, *, #4766, .F. ) ;
#4405 = CARTESIAN_POINT ( 'NONE',  ( 51.70808186218739166, -7.499931335448993153, 3.000000000000000000 ) ) ;
#4406 = CARTESIAN_POINT ( 'NONE',  ( 39.16013196753240777, -3.499931335448993597, 0.000000000000000000 ) ) ;
#4407 = ORIENTED_EDGE ( 'NONE', *, *, #2402, .T. ) ;
#4408 = VERTEX_POINT ( 'NONE', #1848 ) ;
#4409 = ORIENTED_EDGE ( 'NONE', *, *, #4034, .T. ) ;
#4410 = ADVANCED_FACE ( 'NONE', ( #2776 ), #113, .F. ) ;
#4411 = ADVANCED_FACE ( 'NONE', ( #915 ), #5514, .F. ) ;
#4412 = LINE ( 'NONE', #315, #4809 ) ;
#4413 = ORIENTED_EDGE ( 'NONE', *, *, #4087, .F. ) ;
#4414 = CIRCLE ( 'NONE', #4133, 12.50000000000000533 ) ;
#4415 = LINE ( 'NONE', #3160, #2198 ) ;
#4416 = CYLINDRICAL_SURFACE ( 'NONE', #5616, 0.5000000000000004441 ) ;
#4417 = ORIENTED_EDGE ( 'NONE', *, *, #1883, .T. ) ;
#4418 = CIRCLE ( 'NONE', #2126, 2.000000000000001776 ) ;
#4419 = DIRECTION ( 'NONE',  ( -0.000000000000000000, 0.000000000000000000, 1.000000000000000000 ) ) ;
#4420 = DIRECTION ( 'NONE',  ( 0.000000000000000000, 0.000000000000000000, -1.000000000000000000 ) ) ;
#4421 = DIRECTION ( 'NONE',  ( 0.000000000000000000, -0.000000000000000000, 1.000000000000000000 ) ) ;
#4422 = FACE_OUTER_BOUND ( 'NONE', #1351, .T. ) ;
#4423 = ORIENTED_EDGE ( 'NONE', *, *, #3497, .T. ) ;
#4424 = AXIS2_PLACEMENT_3D ( 'NONE', #4881, #3625, #3510 ) ;
#4425 = VECTOR ( 'NONE', #3142, 1000.000000000000000 ) ;
#4426 = FACE_OUTER_BOUND ( 'NONE', #4943, .T. ) ;
#4427 = DIRECTION ( 'NONE',  ( -4.180742545671762101E-15, -4.371140887755362005E-08, -0.9999999999999992228 ) ) ;
#4428 = COORDINATED_UNIVERSAL_TIME_OFFSET ( 3, 0, .AHEAD. ) ;
#4429 = ORIENTED_EDGE ( 'NONE', *, *, #2963, .T. ) ;
#4430 = EDGE_LOOP ( 'NONE', ( #2262, #3674, #3121, #577, #134, #144, #2830, #2471, #1806, #3496, #1717, #1240 ) ) ;
#4431 = DIRECTION ( 'NONE',  ( -0.000000000000000000, 0.000000000000000000, -1.000000000000000000 ) ) ;
#4432 = AXIS2_PLACEMENT_3D ( 'NONE', #2265, #944, #1877 ) ;
#4433 = VECTOR ( 'NONE', #5505, 1000.000000000000000 ) ;
#4434 = EDGE_CURVE ( 'NONE', #4534, #281, #947, .T. ) ;
#4435 = FACE_OUTER_BOUND ( 'NONE', #2619, .T. ) ;
#4436 = AXIS2_PLACEMENT_3D ( 'NONE', #2276, #5493, #5080 ) ;
#4437 = VERTEX_POINT ( 'NONE', #3315 ) ;
#4438 = FACE_OUTER_BOUND ( 'NONE', #1186, .T. ) ;
#4439 = PLANE ( 'NONE',  #5854 ) ;
#4440 = EDGE_LOOP ( 'NONE', ( #342, #4064, #3273, #4618 ) ) ;
#4441 = VERTEX_POINT ( 'NONE', #558 ) ;
#4442 = EDGE_LOOP ( 'NONE', ( #5684, #4324, #1027, #17, #1677, #1067 ) ) ;
#4443 = VECTOR ( 'NONE', #4217, 1000.000000000000227 ) ;
#4444 = EDGE_CURVE ( 'NONE', #4858, #4127, #500, .T. ) ;
#4445 = CARTESIAN_POINT ( 'NONE',  ( 65.99999999999998579, -65.99999999999998579, 0.000000000000000000 ) ) ;
#4446 = ORIENTED_EDGE ( 'NONE', *, *, #1083, .F. ) ;
#4447 = ADVANCED_FACE ( 'NONE', ( #3639 ), #1912, .F. ) ;
#4448 = DIRECTION ( 'NONE',  ( 0.000000000000000000, -0.9999999999999991118, 4.371140887755362005E-08 ) ) ;
#4449 = LINE ( 'NONE', #2208, #3885 ) ;
#4450 = ORIENTED_EDGE ( 'NONE', *, *, #4214, .T. ) ;
#4451 = PLANE ( 'NONE',  #1316 ) ;
#4452 = CARTESIAN_POINT ( 'NONE',  ( 2.074954986571962312, -55.32508182525601370, 1.450001455905382208 ) ) ;
#4453 = DIRECTION ( 'NONE',  ( 0.000000000000000000, -0.000000000000000000, 1.000000000000000000 ) ) ;
#4454 = CARTESIAN_POINT ( 'NONE',  ( -39.16013196753240777, -8.499931335448993153, 3.000000000000000000 ) ) ;
#4455 = EDGE_LOOP ( 'NONE', ( #5538, #287, #2500, #5476 ) ) ;
#4456 = CARTESIAN_POINT ( 'NONE',  ( 55.00000000000000000, 55.00000000000000711, 0.000000000000000000 ) ) ;
#4457 = LINE ( 'NONE', #2609, #2716 ) ;
#4458 = ORIENTED_EDGE ( 'NONE', *, *, #5215, .F. ) ;
#4459 = DIRECTION ( 'NONE',  ( -0.000000000000000000, -0.000000000000000000, -1.000000000000000000 ) ) ;
#4460 = EDGE_CURVE ( 'NONE', #1996, #2551, #1579, .T. ) ;
#4461 = CYLINDRICAL_SURFACE ( 'NONE', #3383, 0.5000000000000004441 ) ;
#4462 = ORIENTED_EDGE ( 'NONE', *, *, #614, .F. ) ;
#4463 = DIRECTION ( 'NONE',  ( 4.180742545671762101E-15, 4.371140887755362005E-08, 0.9999999999999992228 ) ) ;
#4464 = FACE_OUTER_BOUND ( 'NONE', #493, .T. ) ;
#4465 = EDGE_CURVE ( 'NONE', #1784, #4074, #1283, .T. ) ;
#4466 = EDGE_LOOP ( 'NONE', ( #1829, #1111, #2049, #5516, #334, #2612 ) ) ;
#4467 = ORIENTED_EDGE ( 'NONE', *, *, #3971, .F. ) ;
#4468 = VERTEX_POINT ( 'NONE', #3189 ) ;
#4469 = AXIS2_PLACEMENT_3D ( 'NONE', #2481, #5197, #4300 ) ;
#4470 = CIRCLE ( 'NONE', #1898, 2.000000000000001776 ) ;
#4471 = CIRCLE ( 'NONE', #2469, 4.000000000000003553 ) ;
#4472 = AXIS2_PLACEMENT_3D ( 'NONE', #5222, #2082, #5275 ) ;
#4473 = DIRECTION ( 'NONE',  ( 1.734723475976829774E-16, 1.000000000000000000, -0.000000000000000000 ) ) ;
#4474 = ADVANCED_FACE ( 'NONE', ( #5102 ), #4148, .F. ) ;
#4475 = CC_DESIGN_APPROVAL ( #1258, ( #5076 ) ) ;
#4476 = ORIENTED_EDGE ( 'NONE', *, *, #5368, .F. ) ;
#4477 = DIRECTION ( 'NONE',  ( 0.000000000000000000, -0.000000000000000000, 1.000000000000000000 ) ) ;
#4478 = CARTESIAN_POINT ( 'NONE',  ( 55.67099752524903522, -33.09477641991259134, 0.000000000000000000 ) ) ;
#4479 = EDGE_LOOP ( 'NONE', ( #696, #4870, #1801, #3906 ) ) ;
#4480 = VECTOR ( 'NONE', #2797, 1000.000000000000000 ) ;
#4481 = ADVANCED_FACE ( 'NONE', ( #4625 ), #4567, .F. ) ;
#4482 = CARTESIAN_POINT ( 'NONE',  ( 42.00000000000000000, 42.66260283441133083, 0.000000000000000000 ) ) ;
#4483 = CARTESIAN_POINT ( 'NONE',  ( -51.70808186218739166, -7.999931335448993153, 0.000000000000000000 ) ) ;
#4484 = FACE_OUTER_BOUND ( 'NONE', #4440, .T. ) ;
#4485 = CIRCLE ( 'NONE', #4103, 1.000000000000000888 ) ;
#4486 = CARTESIAN_POINT ( 'NONE',  ( 13.53999999999997605, -18.54000000000002402, 0.000000000000000000 ) ) ;
#4487 = ORIENTED_EDGE ( 'NONE', *, *, #276, .T. ) ;
#4488 = AXIS2_PLACEMENT_3D ( 'NONE', #1129, #4326, #229 ) ;
#4489 = CARTESIAN_POINT ( 'NONE',  ( 65.99999999999998579, -65.99999999999998579, 3.000000000000000000 ) ) ;
#4490 = CARTESIAN_POINT ( 'NONE',  ( 60.99999999999999289, 66.00000000000002842, 3.000000000000000000 ) ) ;
#4491 = VERTEX_POINT ( 'NONE', #2268 ) ;
#4492 = DIRECTION ( 'NONE',  ( -0.000000000000000000, -0.000000000000000000, 1.000000000000000000 ) ) ;
#4493 = CARTESIAN_POINT ( 'NONE',  ( 50.52500206014519790, -33.14931688996608727, 1.450000486571251912 ) ) ;
#4494 = VERTEX_POINT ( 'NONE', #1819 ) ;
#4495 = DIRECTION ( 'NONE',  ( 1.000000000000000000, 0.000000000000000000, 0.000000000000000000 ) ) ;
#4496 = DIRECTION ( 'NONE',  ( -0.000000000000000000, -0.000000000000000000, -1.000000000000000000 ) ) ;
#4497 = ORIENTED_EDGE ( 'NONE', *, *, #5640, .F. ) ;
#4498 = VERTEX_POINT ( 'NONE', #81 ) ;
#4499 = ORIENTED_EDGE ( 'NONE', *, *, #4329, .T. ) ;
#4500 = EDGE_CURVE ( 'NONE', #420, #2541, #469, .T. ) ;
#4501 = LINE ( 'NONE', #5899, #3389 ) ;
#4502 = VERTEX_POINT ( 'NONE', #2302 ) ;
#4503 = DIRECTION ( 'NONE',  ( 0.000000000000000000, -0.9999999999999991118, 4.371140886858148311E-08 ) ) ;
#4504 = DIRECTION ( 'NONE',  ( 0.000000000000000000, -0.9999999999999991118, 4.371140884147639571E-08 ) ) ;
#4505 = ORIENTED_EDGE ( 'NONE', *, *, #1375, .F. ) ;
#4506 = DIRECTION ( 'NONE',  ( -0.000000000000000000, -0.000000000000000000, 1.000000000000000000 ) ) ;
#4507 = DIRECTION ( 'NONE',  ( -0.000000000000000000, -0.000000000000000000, 1.000000000000000000 ) ) ;
#4508 = FACE_BOUND ( 'NONE', #990, .T. ) ;
#4509 = ADVANCED_FACE ( 'NONE', ( #4119 ), #2530, .F. ) ;
#4510 = DIRECTION ( 'NONE',  ( -0.000000000000000000, -0.000000000000000000, -1.000000000000000000 ) ) ;
#4511 = ORIENTED_EDGE ( 'NONE', *, *, #813, .F. ) ;
#4512 = EDGE_CURVE ( 'NONE', #974, #996, #2348, .T. ) ;
#4513 = CIRCLE ( 'NONE', #2696, 0.5000000000000004441 ) ;
#4514 = DIRECTION ( 'NONE',  ( 0.000000000000000000, 0.000000000000000000, -1.000000000000000000 ) ) ;
#4515 = DIRECTION ( 'NONE',  ( 1.000000000000000000, 0.000000000000000000, 0.000000000000000000 ) ) ;
#4516 = ADVANCED_FACE ( 'NONE', ( #4715 ), #5633, .F. ) ;
#4517 = CARTESIAN_POINT ( 'NONE',  ( 41.99999999999999289, 28.00000000000002842, 3.000000000000000000 ) ) ;
#4518 = EDGE_CURVE ( 'NONE', #5730, #2109, #5657, .T. ) ;
#4519 = ORIENTED_EDGE ( 'NONE', *, *, #648, .F. ) ;
#4520 = AXIS2_PLACEMENT_3D ( 'NONE', #3481, #3027, #1009 ) ;
#4521 = EDGE_CURVE ( 'NONE', #21, #1002, #1122, .T. ) ;
#4522 = FACE_OUTER_BOUND ( 'NONE', #3530, .T. ) ;
#4523 = ORIENTED_EDGE ( 'NONE', *, *, #2479, .F. ) ;
#4524 = LINE ( 'NONE', #2734, #4671 ) ;
#4525 = DIRECTION ( 'NONE',  ( 1.000000000000000000, 0.000000000000000000, 0.000000000000000000 ) ) ;
#4526 = VECTOR ( 'NONE', #2205, 1000.000000000000000 ) ;
#4527 = ORIENTED_EDGE ( 'NONE', *, *, #1900, .T. ) ;
#4528 = ORIENTED_EDGE ( 'NONE', *, *, #1780, .F. ) ;
#4529 = CIRCLE ( 'NONE', #3480, 4.999999999999997335 ) ;
#4530 = VERTEX_POINT ( 'NONE', #2050 ) ;
#4531 = CARTESIAN_POINT ( 'NONE',  ( 4.574954986571961868, -55.32508182525600660, 0.000000000000000000 ) ) ;
#4532 = AXIS2_PLACEMENT_3D ( 'NONE', #4536, #436, #1364 ) ;
#4533 = DIRECTION ( 'NONE',  ( -0.000000000000000000, -0.000000000000000000, -1.000000000000000000 ) ) ;
#4534 = VERTEX_POINT ( 'NONE', #3875 ) ;
#4535 = VERTEX_POINT ( 'NONE', #4772 ) ;
#4536 = CARTESIAN_POINT ( 'NONE',  ( -30.49987792968801514, -5.499931269881881413, 1.449999277977991108 ) ) ;
#4537 = DIRECTION ( 'NONE',  ( -0.000000000000000000, -0.000000000000000000, -1.000000000000000000 ) ) ;
#4538 = ORIENTED_EDGE ( 'NONE', *, *, #4879, .T. ) ;
#4539 = VECTOR ( 'NONE', #1920, 1000.000000000000000 ) ;
#4540 = AXIS2_PLACEMENT_3D ( 'NONE', #1742, #2522, #4346 ) ;
#4541 = CARTESIAN_POINT ( 'NONE',  ( 2.074954986571962312, -58.82508182525602081, 23.43294756465299500 ) ) ;
#4542 = VECTOR ( 'NONE', #148, 1000.000000000000000 ) ;
#4543 = LINE ( 'NONE', #3706, #1268 ) ;
#4544 = CARTESIAN_POINT ( 'NONE',  ( 51.70808186218739166, -7.999931335448993153, 0.000000000000000000 ) ) ;
#4545 = CARTESIAN_POINT ( 'NONE',  ( 39.15985526574843334, -37.50120435559551169, 3.000000000000000000 ) ) ;
#4546 = FACE_OUTER_BOUND ( 'NONE', #5509, .T. ) ;
#4547 = ADVANCED_FACE ( 'NONE', ( #675 ), #2894, .F. ) ;
#4548 = ORIENTED_EDGE ( 'NONE', *, *, #4328, .T. ) ;
#4549 = CARTESIAN_POINT ( 'NONE',  ( 30.49963378098338396, -35.50106340185905651, 3.000000000000000000 ) ) ;
#4550 = CARTESIAN_POINT ( 'NONE',  ( -42.63478316982463667, -8.499931335448986047, 1.449999409112522342 ) ) ;
#4551 = CARTESIAN_POINT ( 'NONE',  ( -39.16034355507807874, -33.49992961816254677, 0.000000000000000000 ) ) ;
#4552 = EDGE_CURVE ( 'NONE', #3438, #3493, #1518, .T. ) ;
#4553 = ORIENTED_EDGE ( 'NONE', *, *, #1484, .F. ) ;
#4554 = ADVANCED_FACE ( 'NONE', ( #196 ), #4744, .F. ) ;
#4555 = DIRECTION ( 'NONE',  ( -1.000000000000000000, 0.000000000000000000, 0.000000000000000000 ) ) ;
#4556 = VERTEX_POINT ( 'NONE', #697 ) ;
#4557 = CARTESIAN_POINT ( 'NONE',  ( 39.16013196753240777, -8.499931335448993153, 0.000000000000000000 ) ) ;
#4558 = DIRECTION ( 'NONE',  ( -1.000000000000000000, 0.000000000000000000, 0.000000000000000000 ) ) ;
#4559 = ORIENTED_EDGE ( 'NONE', *, *, #3126, .F. ) ;
#4560 = ORIENTED_EDGE ( 'NONE', *, *, #1471, .F. ) ;
#4561 = ORIENTED_EDGE ( 'NONE', *, *, #4793, .F. ) ;
#4562 = DIRECTION ( 'NONE',  ( -0.000000000000000000, 0.000000000000000000, -1.000000000000000000 ) ) ;
#4563 = CIRCLE ( 'NONE', #1985, 2.000000000000001776 ) ;
#4564 = DIRECTION ( 'NONE',  ( -1.000000000000000000, 0.000000000000000000, 0.000000000000000000 ) ) ;
#4565 = VERTEX_POINT ( 'NONE', #2502 ) ;
#4566 = ORIENTED_EDGE ( 'NONE', *, *, #606, .T. ) ;
#4567 = CYLINDRICAL_SURFACE ( 'NONE', #5858, 0.5000000000000004441 ) ;
#4568 = LINE ( 'NONE', #2330, #2284 ) ;
#4569 = VERTEX_POINT ( 'NONE', #251 ) ;
#4570 = VECTOR ( 'NONE', #2925, 1000.000000000000000 ) ;
#4571 = AXIS2_PLACEMENT_3D ( 'NONE', #916, #4212, #437 ) ;
#4572 = FACE_BOUND ( 'NONE', #4117, .T. ) ;
#4573 = APPROVAL_PERSON_ORGANIZATION ( #2128, #1258, #779 ) ;
#4574 = DIRECTION ( 'NONE',  ( -0.000000000000000000, -0.000000000000000000, -1.000000000000000000 ) ) ;
#4575 = DIRECTION ( 'NONE',  ( 1.000000000000000000, 0.000000000000000000, 0.000000000000000000 ) ) ;
#4576 = DIRECTION ( 'NONE',  ( 0.000000000000000000, 0.000000000000000000, 1.000000000000000000 ) ) ;
#4577 = DIRECTION ( 'NONE',  ( 1.000000000000000000, 0.000000000000000000, 0.000000000000000000 ) ) ;
#4578 = ORIENTED_EDGE ( 'NONE', *, *, #1047, .F. ) ;
#4579 = ADVANCED_FACE ( 'NONE', ( #5165 ), #2079, .F. ) ;
#4580 = DIRECTION ( 'NONE',  ( -0.000000000000000000, -0.000000000000000000, -1.000000000000000000 ) ) ;
#4581 = DIRECTION ( 'NONE',  ( 0.000000000000000000, 0.000000000000000000, 1.000000000000000000 ) ) ;
#4582 = LINE ( 'NONE', #483, #2437 ) ;
#4583 = ORIENTED_EDGE ( 'NONE', *, *, #3756, .T. ) ;
#4584 = CARTESIAN_POINT ( 'NONE',  ( 37.43782217350893404, 50.00000000000002842, 0.000000000000000000 ) ) ;
#4585 = ORIENTED_EDGE ( 'NONE', *, *, #708, .T. ) ;
#4586 = DIRECTION ( 'NONE',  ( 0.000000000000000000, -1.000000000000000000, 0.000000000000000000 ) ) ;
#4587 = DIRECTION ( 'NONE',  ( -1.000000000000000000, -0.000000000000000000, -0.000000000000000000 ) ) ;
#4588 = ORIENTED_EDGE ( 'NONE', *, *, #4601, .F. ) ;
#4589 = ORIENTED_EDGE ( 'NONE', *, *, #2639, .F. ) ;
#4590 = ORIENTED_EDGE ( 'NONE', *, *, #1834, .T. ) ;
#4591 = VECTOR ( 'NONE', #2957, 1000.000000000000000 ) ;
#4592 = LINE ( 'NONE', #494, #3424 ) ;
#4593 = EDGE_CURVE ( 'NONE', #815, #1317, #421, .T. ) ;
#4594 = CYLINDRICAL_SURFACE ( 'NONE', #5475, 3.000000000000002665 ) ;
#4595 = ADVANCED_FACE ( 'NONE', ( #1634 ), #1065, .F. ) ;
#4596 = ORIENTED_EDGE ( 'NONE', *, *, #2837, .F. ) ;
#4597 = VERTEX_POINT ( 'NONE', #5246 ) ;
#4598 = DIRECTION ( 'NONE',  ( 0.000000000000000000, -0.000000000000000000, 1.000000000000000000 ) ) ;
#4599 = CARTESIAN_POINT ( 'NONE',  ( -36.56224293011970872, -31.99997190456163665, 1.450000436332382625 ) ) ;
#4600 = VERTEX_POINT ( 'NONE', #589 ) ;
#4601 = EDGE_CURVE ( 'NONE', #5789, #1466, #2419, .T. ) ;
#4602 = PLANE ( 'NONE',  #2942 ) ;
#4603 = DIRECTION ( 'NONE',  ( -0.000000000000000000, 0.000000000000000000, 1.000000000000000000 ) ) ;
#4604 = CARTESIAN_POINT ( 'NONE',  ( -39.16034355507910902, -33.49992961816254677, 1.450000501897658278 ) ) ;
#4605 = LINE ( 'NONE', #2368, #4539 ) ;
#4606 = DIRECTION ( 'NONE',  ( 0.000000000000000000, 0.000000000000000000, -1.000000000000000000 ) ) ;
#4607 = ORIENTED_EDGE ( 'NONE', *, *, #125, .T. ) ;
#4608 = FACE_OUTER_BOUND ( 'NONE', #5740, .T. ) ;
#4609 = FACE_OUTER_BOUND ( 'NONE', #290, .T. ) ;
#4610 = CARTESIAN_POINT ( 'NONE',  ( 53.13099752524896502, -29.59477641991259489, 1.450000331197270897 ) ) ;
#4611 = ORIENTED_EDGE ( 'NONE', *, *, #2461, .F. ) ;
#4612 = AXIS2_PLACEMENT_3D ( 'NONE', #5497, #1925, #3204 ) ;
#4613 = CIRCLE ( 'NONE', #3079, 1.750000000000003109 ) ;
#4614 = DIRECTION ( 'NONE',  ( -0.000000000000000000, -0.000000000000000000, 1.000000000000000000 ) ) ;
#4615 = DIRECTION ( 'NONE',  ( -4.180742545671762101E-15, -4.371140887755362005E-08, -0.9999999999999992228 ) ) ;
#4616 = CARTESIAN_POINT ( 'NONE',  ( -39.16034355507807874, -33.49992961816254677, 0.000000000000000000 ) ) ;
#4617 = ORIENTED_EDGE ( 'NONE', *, *, #563, .F. ) ;
#4618 = ORIENTED_EDGE ( 'NONE', *, *, #381, .F. ) ;
#4619 = DIRECTION ( 'NONE',  ( 1.000000000000000000, 0.000000000000000000, 0.000000000000000000 ) ) ;
#4620 = EDGE_CURVE ( 'NONE', #3662, #2730, #1997, .T. ) ;
#4621 = VECTOR ( 'NONE', #126, 1000.000000000000000 ) ;
#4622 = DIRECTION ( 'NONE',  ( -4.180742545671762101E-15, -4.371140887755362005E-08, -0.9999999999999992228 ) ) ;
#4623 = ORIENTED_EDGE ( 'NONE', *, *, #3093, .F. ) ;
#4624 = ORIENTED_EDGE ( 'NONE', *, *, #486, .T. ) ;
#4625 = FACE_OUTER_BOUND ( 'NONE', #1421, .T. ) ;
#4626 = CARTESIAN_POINT ( 'NONE',  ( -52.20808186218739166, -2.999931335448996261, 0.000000000000000000 ) ) ;
#4627 = ORIENTED_EDGE ( 'NONE', *, *, #2132, .F. ) ;
#4628 = EDGE_CURVE ( 'NONE', #5735, #3403, #1097, .T. ) ;
#4629 = CIRCLE ( 'NONE', #1863, 0.5000000000000004441 ) ;
#4630 = CARTESIAN_POINT ( 'NONE',  ( 30.49987792968802225, -5.499931335448994929, 3.000000000000000000 ) ) ;
#4631 = EDGE_CURVE ( 'NONE', #4936, #1833, #5667, .T. ) ;
#4632 = DIRECTION ( 'NONE',  ( 0.000000000000000000, -0.000000000000000000, 1.000000000000000000 ) ) ;
#4633 = CYLINDRICAL_SURFACE ( 'NONE', #4732, 0.5000000000000004441 ) ;
#4634 = AXIS2_PLACEMENT_3D ( 'NONE', #4657, #975, #1428 ) ;
#4635 = LINE ( 'NONE', #5111, #1672 ) ;
#4636 = CARTESIAN_POINT ( 'NONE',  ( 39.16013196753240777, -7.499931335448996705, 0.000000000000000000 ) ) ;
#4637 = VERTEX_POINT ( 'NONE', #3001 ) ;
#4638 = CIRCLE ( 'NONE', #1678, 0.5000000000000004441 ) ;
#4639 = ADVANCED_FACE ( 'NONE', ( #728 ), #3932, .T. ) ;
#4640 = CARTESIAN_POINT ( 'NONE',  ( -30.49987792968801514, -5.499931269881881413, 1.449999277977991108 ) ) ;
#4641 = CARTESIAN_POINT ( 'NONE',  ( -52.20808186218739166, -2.999931335448996261, 0.000000000000000000 ) ) ;
#4642 = DIRECTION ( 'NONE',  ( 0.000000000000000000, -0.000000000000000000, 1.000000000000000000 ) ) ;
#4643 = ORIENTED_EDGE ( 'NONE', *, *, #3850, .F. ) ;
#4644 = LINE ( 'NONE', #4584, #608 ) ;
#4645 = DIRECTION ( 'NONE',  ( 1.000000000000000000, 0.000000000000000000, 0.000000000000000000 ) ) ;
#4646 = VERTEX_POINT ( 'NONE', #3307 ) ;
#4647 = ORIENTED_EDGE ( 'NONE', *, *, #1965, .F. ) ;
#4648 = ORIENTED_EDGE ( 'NONE', *, *, #2218, .F. ) ;
#4649 = CARTESIAN_POINT ( 'NONE',  ( 38.79409815332109446, -44.85185707939992739, 36.80533964865399810 ) ) ;
#4650 = EDGE_CURVE ( 'NONE', #2300, #2078, #1099, .T. ) ;
#4651 = VECTOR ( 'NONE', #3577, 1000.000000000000000 ) ;
#4652 = ADVANCED_FACE ( 'NONE', ( #5741 ), #3457, .F. ) ;
#4653 = CARTESIAN_POINT ( 'NONE',  ( 10.99999999999997513, -20.54000000000003112, 23.43294756465299500 ) ) ;
#4654 = AXIS2_PLACEMENT_3D ( 'NONE', #102, #1930, #2885 ) ;
#4655 = ORIENTED_EDGE ( 'NONE', *, *, #5216, .F. ) ;
#4656 = ORIENTED_EDGE ( 'NONE', *, *, #2035, .T. ) ;
#4657 = CARTESIAN_POINT ( 'NONE',  ( 8.999999999999975131, -13.46000000000002750, 23.43294756465299500 ) ) ;
#4658 = DIRECTION ( 'NONE',  ( -0.000000000000000000, 0.000000000000000000, -1.000000000000000000 ) ) ;
#4659 = ORIENTED_EDGE ( 'NONE', *, *, #3084, .F. ) ;
#4660 = EDGE_CURVE ( 'NONE', #249, #5036, #4635, .T. ) ;
#4661 = CARTESIAN_POINT ( 'NONE',  ( 37.42790211420572888, -31.50117616558996403, 3.000000000000000000 ) ) ;
#4662 = CARTESIAN_POINT ( 'NONE',  ( -39.16034355507807874, -33.49992961816254677, 1.450000501897658278 ) ) ;
#4663 = FACE_OUTER_BOUND ( 'NONE', #3654, .T. ) ;
#4664 = DIRECTION ( 'NONE',  ( 1.000000000000000000, 0.000000000000000000, 0.000000000000000000 ) ) ;
#4665 = LINE ( 'NONE', #4636, #5158 ) ;
#4666 = VERTEX_POINT ( 'NONE', #91 ) ;
#4667 = VECTOR ( 'NONE', #4353, 1000.000000000000000 ) ;
#4668 = ADVANCED_FACE ( 'NONE', ( #3167 ), #5051, .T. ) ;
#4669 = DIRECTION ( 'NONE',  ( -0.000000000000000000, -0.000000000000000000, 1.000000000000000000 ) ) ;
#4670 = DIRECTION ( 'NONE',  ( 4.180742545671757368E-15, 4.371140887755362005E-08, 0.9999999999999991118 ) ) ;
#4671 = VECTOR ( 'NONE', #2259, 1000.000000000000000 ) ;
#4672 = DIRECTION ( 'NONE',  ( 0.000000000000000000, 0.000000000000000000, -1.000000000000000000 ) ) ;
#4673 = VERTEX_POINT ( 'NONE', #5585 ) ;
#4674 = AXIS2_PLACEMENT_3D ( 'NONE', #2702, #2735, #4558 ) ;
#4675 = LINE ( 'NONE', #5535, #5748 ) ;
#4676 = LINE ( 'NONE', #2793, #2997 ) ;
#4677 = CARTESIAN_POINT ( 'NONE',  ( -51.50000000000000000, -55.00000000000000000, 0.000000000000000000 ) ) ;
#4678 = ORIENTED_EDGE ( 'NONE', *, *, #3964, .F. ) ;
#4679 = AXIS2_PLACEMENT_3D ( 'NONE', #5463, #1857, #3682 ) ;
#4680 = ORIENTED_EDGE ( 'NONE', *, *, #2372, .F. ) ;
#4681 = CYLINDRICAL_SURFACE ( 'NONE', #1486, 3.000000000000002665 ) ;
#4682 = CIRCLE ( 'NONE', #2958, 7.999999999999996447 ) ;
#4683 = VECTOR ( 'NONE', #4697, 1000.000000000000000 ) ;
#4684 = CARTESIAN_POINT ( 'NONE',  ( 30.49987792968802225, -5.499931335448994929, 0.000000000000000000 ) ) ;
#4685 = ORIENTED_EDGE ( 'NONE', *, *, #374, .F. ) ;
#4686 = ORIENTED_EDGE ( 'NONE', *, *, #603, .T. ) ;
#4687 = DIRECTION ( 'NONE',  ( -1.000000000000000000, 0.000000000000000000, 0.000000000000000000 ) ) ;
#4688 = CARTESIAN_POINT ( 'NONE',  ( 51.70780515874140804, -37.50140858560294532, 3.000000000000000000 ) ) ;
#4689 = ORIENTED_EDGE ( 'NONE', *, *, #2037, .F. ) ;
#4690 = CARTESIAN_POINT ( 'NONE',  ( -61.00000000000001421, -61.00000000000000711, 3.000000000000000000 ) ) ;
#4691 = DIRECTION ( 'NONE',  ( 0.000000000000000000, 0.000000000000000000, -1.000000000000000000 ) ) ;
#4692 = LINE ( 'NONE', #4243, #1196 ) ;
#4693 = CYLINDRICAL_SURFACE ( 'NONE', #1222, 1.000000000000000888 ) ;
#4694 = CARTESIAN_POINT ( 'NONE',  ( 17.49999999999998224, -24.75000000000002487, 1.450000119425420841 ) ) ;
#4695 = VERTEX_POINT ( 'NONE', #3261 ) ;
#4696 = EDGE_CURVE ( 'NONE', #5301, #127, #806, .T. ) ;
#4697 = DIRECTION ( 'NONE',  ( 1.000000000000000000, -0.000000000000000000, -0.000000000000000000 ) ) ;
#4698 = DIRECTION ( 'NONE',  ( 1.000000000000000000, 0.000000000000000000, 0.000000000000000000 ) ) ;
#4699 = DIRECTION ( 'NONE',  ( 0.000000000000000000, -0.9999999999999991118, 4.371140884147631631E-08 ) ) ;
#4700 = ORIENTED_EDGE ( 'NONE', *, *, #4023, .T. ) ;
#4701 = EDGE_CURVE ( 'NONE', #1966, #1385, #2841, .T. ) ;
#4702 = LINE ( 'NONE', #5702, #547 ) ;
#4703 = EDGE_CURVE ( 'NONE', #4858, #246, #4125, .T. ) ;
#4704 = VECTOR ( 'NONE', #3329, 1000.000000000000000 ) ;
#4705 = EDGE_CURVE ( 'NONE', #794, #3099, #3681, .T. ) ;
#4706 = DIRECTION ( 'NONE',  ( -0.000000000000000000, -0.000000000000000000, -1.000000000000000000 ) ) ;
#4707 = ORIENTED_EDGE ( 'NONE', *, *, #2771, .T. ) ;
#4708 = EDGE_LOOP ( 'NONE', ( #5360, #1840, #5913, #1682 ) ) ;
#4709 = DIRECTION ( 'NONE',  ( -0.000000000000000000, 0.000000000000000000, -1.000000000000000000 ) ) ;
#4710 = AXIS2_PLACEMENT_3D ( 'NONE', #2307, #1854, #5548 ) ;
#4711 = EDGE_CURVE ( 'NONE', #551, #509, #1382, .T. ) ;
#4712 = CARTESIAN_POINT ( 'NONE',  ( 2.074954986571962312, -57.07508182525601370, 0.000000000000000000 ) ) ;
#4713 = ORIENTED_EDGE ( 'NONE', *, *, #4778, .F. ) ;
#4714 = ORIENTED_EDGE ( 'NONE', *, *, #4153, .F. ) ;
#4715 = FACE_OUTER_BOUND ( 'NONE', #940, .T. ) ;
#4716 = CARTESIAN_POINT ( 'NONE',  ( -30.50012207031303291, -35.50007057189900195, 36.80533964865399810 ) ) ;
#4717 = EDGE_LOOP ( 'NONE', ( #1238 ) ) ;
#4718 = VECTOR ( 'NONE', #3748, 1000.000000000000000 ) ;
#4719 = CARTESIAN_POINT ( 'NONE',  ( 65.99999999999998579, 61.00000000000004263, 3.000000000000000000 ) ) ;
#4720 = LINE ( 'NONE', #2872, #656 ) ;
#4721 = PLANE ( 'NONE',  #57 ) ;
#4722 = CARTESIAN_POINT ( 'NONE',  ( -39.16029472717970350, -30.49992961855991069, 0.000000000000000000 ) ) ;
#4723 = DIRECTION ( 'NONE',  ( -0.9999999998675463964, 1.627596612587094081E-05, 0.000000000000000000 ) ) ;
#4724 = VECTOR ( 'NONE', #4730, 1000.000000000000000 ) ;
#4725 = ADVANCED_FACE ( 'NONE', ( #2721 ), #3229, .F. ) ;
#4726 = AXIS2_PLACEMENT_3D ( 'NONE', #1372, #1435, #3708 ) ;
#4727 = CARTESIAN_POINT ( 'NONE',  ( -51.70829344807104633, -33.49972538815511314, 3.000000000000000000 ) ) ;
#4728 = CARTESIAN_POINT ( 'NONE',  ( 50.52500206014519790, -37.50138933433978394, 0.000000000000000000 ) ) ;
#4729 = EDGE_CURVE ( 'NONE', #420, #2819, #953, .T. ) ;
#4730 = DIRECTION ( 'NONE',  ( -0.000000000000000000, -0.000000000000000000, -1.000000000000000000 ) ) ;
#4731 = ORIENTED_EDGE ( 'NONE', *, *, #4336, .F. ) ;
#4732 = AXIS2_PLACEMENT_3D ( 'NONE', #4544, #4156, #5909 ) ;
#4733 = CYLINDRICAL_SURFACE ( 'NONE', #3026, 12.50000000000000000 ) ;
#4734 = ADVANCED_FACE ( 'NONE', ( #3291 ), #5550, .T. ) ;
#4735 = FACE_OUTER_BOUND ( 'NONE', #3187, .T. ) ;
#4736 = DIRECTION ( 'NONE',  ( 1.994248318681189754E-16, 1.000000000000000000, 0.000000000000000000 ) ) ;
#4737 = EDGE_LOOP ( 'NONE', ( #5782 ) ) ;
#4738 = ORIENTED_EDGE ( 'NONE', *, *, #821, .F. ) ;
#4739 = FACE_OUTER_BOUND ( 'NONE', #4737, .T. ) ;
#4740 = EDGE_CURVE ( 'NONE', #3650, #5487, #889, .T. ) ;
#4741 = LINE ( 'NONE', #4653, #2142 ) ;
#4742 = ORIENTED_EDGE ( 'NONE', *, *, #5457, .T. ) ;
#4743 = EDGE_LOOP ( 'NONE', ( #2139, #5425, #729, #3345 ) ) ;
#4744 = CYLINDRICAL_SURFACE ( 'NONE', #3867, 2.999999999999995559 ) ;
#4745 = FACE_OUTER_BOUND ( 'NONE', #3125, .T. ) ;
#4746 = CARTESIAN_POINT ( 'NONE',  ( 60.99999999999999289, -60.99999999999999289, 3.000000000000000000 ) ) ;
#4747 = DIRECTION ( 'NONE',  ( -0.000000000000000000, -0.000000000000000000, 1.000000000000000000 ) ) ;
#4748 = CARTESIAN_POINT ( 'NONE',  ( 52.20808186218739166, -2.999931335448996261, 3.000000000000000000 ) ) ;
#4749 = DIRECTION ( 'NONE',  ( -0.000000000000000000, -0.000000000000000000, -1.000000000000000000 ) ) ;
#4750 = FACE_OUTER_BOUND ( 'NONE', #1821, .T. ) ;
#4751 = AXIS2_PLACEMENT_3D ( 'NONE', #1986, #3473, #1082 ) ;
#4752 = LINE ( 'NONE', #5590, #4591 ) ;
#4753 = CARTESIAN_POINT ( 'NONE',  ( 52.20808186218739166, -7.999931335448993153, 0.000000000000000000 ) ) ;
#4754 = DIRECTION ( 'NONE',  ( 1.000000000000000000, 0.000000000000000000, 0.000000000000000000 ) ) ;
#4755 = EDGE_CURVE ( 'NONE', #767, #5305, #537, .T. ) ;
#4756 = ORIENTED_EDGE ( 'NONE', *, *, #97, .T. ) ;
#4757 = CIRCLE ( 'NONE', #5699, 7.000000000000001776 ) ;
#4758 = AXIS2_PLACEMENT_3D ( 'NONE', #2240, #1852, #1790 ) ;
#4759 = AXIS2_PLACEMENT_3D ( 'NONE', #5023, #1862, #3743 ) ;
#4760 = LINE ( 'NONE', #663, #3327 ) ;
#4761 = LINE ( 'NONE', #1593, #1573 ) ;
#4762 = VECTOR ( 'NONE', #3184, 1000.000000000000227 ) ;
#4763 = EDGE_LOOP ( 'NONE', ( #5034, #823, #1690, #1332 ) ) ;
#4764 = ORIENTED_EDGE ( 'NONE', *, *, #3052, .F. ) ;
#4765 = LINE ( 'NONE', #2444, #2379 ) ;
#4766 = EDGE_CURVE ( 'NONE', #820, #5776, #4605, .T. ) ;
#4767 = AXIS2_PLACEMENT_3D ( 'NONE', #5758, #4277, #2156 ) ;
#4768 = DIRECTION ( 'NONE',  ( -1.000000000000000000, 2.775557561562891351E-15, -0.000000000000000000 ) ) ;
#4769 = EDGE_LOOP ( 'NONE', ( #161 ) ) ;
#4770 = VERTEX_POINT ( 'NONE', #2398 ) ;
#4771 = ADVANCED_FACE ( 'NONE', ( #1946 ), #2750, .F. ) ;
#4772 = CARTESIAN_POINT ( 'NONE',  ( -51.70808186218739166, -3.499931335448996261, 0.000000000000000000 ) ) ;
#4773 = DIRECTION ( 'NONE',  ( -1.000000000000000000, 0.000000000000000000, 0.000000000000000000 ) ) ;
#4774 = CIRCLE ( 'NONE', #5249, 1.000000000000001776 ) ;
#4775 = EDGE_CURVE ( 'NONE', #1777, #2852, #1827, .T. ) ;
#4776 = DIRECTION ( 'NONE',  ( 0.9999999999999961142, 8.742277677795539484E-08, -8.002115286624055570E-15 ) ) ;
#4777 = CARTESIAN_POINT ( 'NONE',  ( 0.000000000000000000, 0.000000000000000000, 3.000000000000000000 ) ) ;
#4778 = EDGE_CURVE ( 'NONE', #4074, #4437, #5020, .T. ) ;
#4779 = EDGE_CURVE ( 'NONE', #5776, #3216, #5291, .T. ) ;
#4780 = DIRECTION ( 'NONE',  ( -1.000000000000000000, 0.000000000000000000, 0.000000000000000000 ) ) ;
#4781 = ORIENTED_EDGE ( 'NONE', *, *, #2143, .T. ) ;
#4782 = AXIS2_PLACEMENT_3D ( 'NONE', #828, #4927, #3044 ) ;
#4783 = CARTESIAN_POINT ( 'NONE',  ( 50.52500206014519790, -37.50138933433978394, 1.450000676806469935 ) ) ;
#4784 = LINE ( 'NONE', #2009, #4704 ) ;
#4785 = CYLINDRICAL_SURFACE ( 'NONE', #5625, 2.000000000000001776 ) ;
#4786 = VERTEX_POINT ( 'NONE', #3013 ) ;
#4787 = FACE_OUTER_BOUND ( 'NONE', #5272, .T. ) ;
#4788 = DIRECTION ( 'NONE',  ( 1.000000000000000000, 0.000000000000000000, 0.000000000000000000 ) ) ;
#4789 = VERTEX_POINT ( 'NONE', #774 ) ;
#4790 = ORIENTED_EDGE ( 'NONE', *, *, #1709, .F. ) ;
#4791 = PLANE ( 'NONE',  #5859 ) ;
#4792 = CARTESIAN_POINT ( 'NONE',  ( 45.99999999999998579, -48.60000000000000142, 0.000000000000000000 ) ) ;
#4793 = EDGE_CURVE ( 'NONE', #742, #4232, #5283, .T. ) ;
#4794 = VERTEX_POINT ( 'NONE', #1760 ) ;
#4795 = EDGE_LOOP ( 'NONE', ( #2827, #458, #3349, #560 ) ) ;
#4796 = DIRECTION ( 'NONE',  ( 1.000000000000000000, 1.994248318681189754E-16, 0.000000000000000000 ) ) ;
#4797 = FACE_OUTER_BOUND ( 'NONE', #3789, .T. ) ;
#4798 = CIRCLE ( 'NONE', #5181, 0.5000000000000004441 ) ;
#4799 = DIRECTION ( 'NONE',  ( 1.000000000000000000, 0.000000000000000000, 0.000000000000000000 ) ) ;
#4800 = LINE ( 'NONE', #4271, #5765 ) ;
#4801 = EDGE_CURVE ( 'NONE', #5044, #3522, #2725, .T. ) ;
#4802 = ORIENTED_EDGE ( 'NONE', *, *, #4984, .T. ) ;
#4803 = AXIS2_PLACEMENT_3D ( 'NONE', #5411, #1320, #3146 ) ;
#4804 = DIRECTION ( 'NONE',  ( 0.000000000000000000, 0.000000000000000000, -1.000000000000000000 ) ) ;
#4805 = ORIENTED_EDGE ( 'NONE', *, *, #5168, .T. ) ;
#4806 = ADVANCED_FACE ( 'NONE', ( #4484 ), #3500, .F. ) ;
#4807 = DIRECTION ( 'NONE',  ( 0.000000000000000000, 0.000000000000000000, 1.000000000000000000 ) ) ;
#4808 = DIRECTION ( 'NONE',  ( -4.180742545671762101E-15, -4.371140887755362005E-08, -0.9999999999999992228 ) ) ;
#4809 = VECTOR ( 'NONE', #5809, 1000.000000000000000 ) ;
#4810 = AXIS2_PLACEMENT_3D ( 'NONE', #3776, #5085, #4131 ) ;
#4811 = DIRECTION ( 'NONE',  ( 0.000000000000000000, -0.000000000000000000, 1.000000000000000000 ) ) ;
#4812 = VERTEX_POINT ( 'NONE', #3528 ) ;
#4813 = EDGE_CURVE ( 'NONE', #362, #3785, #5589, .T. ) ;
#4814 = VECTOR ( 'NONE', #4178, 1000.000000000000000 ) ;
#4815 = CARTESIAN_POINT ( 'NONE',  ( 39.15993664557803555, -32.50120435625778015, 1.450000458241387680 ) ) ;
#4816 = CARTESIAN_POINT ( 'NONE',  ( -51.70808186218739166, -7.999931335448993153, 3.000000000000000000 ) ) ;
#4817 = AXIS2_PLACEMENT_3D ( 'NONE', #2601, #2661, #5312 ) ;
#4818 = AXIS2_PLACEMENT_3D ( 'NONE', #3369, #1028, #2917 ) ;
#4819 = ORIENTED_EDGE ( 'NONE', *, *, #3279, .T. ) ;
#4820 = ORIENTED_EDGE ( 'NONE', *, *, #1648, .F. ) ;
#4821 = DIRECTION ( 'NONE',  ( 0.000000000000000000, -0.000000000000000000, 1.000000000000000000 ) ) ;
#4822 = AXIS2_PLACEMENT_3D ( 'NONE', #2505, #2026, #2055 ) ;
#4823 = CARTESIAN_POINT ( 'NONE',  ( 51.70780515874140804, -37.50140858560294532, 0.000000000000000000 ) ) ;
#4824 = ORIENTED_EDGE ( 'NONE', *, *, #5097, .T. ) ;
#4825 = VERTEX_POINT ( 'NONE', #1792 ) ;
#4826 = DIRECTION ( 'NONE',  ( -1.000000000000000000, 0.000000000000000000, 0.000000000000000000 ) ) ;
#4827 = ORIENTED_EDGE ( 'NONE', *, *, #205, .T. ) ;
#4828 = ADVANCED_FACE ( 'NONE', ( #1702 ), #1309, .F. ) ;
#4829 = DIRECTION ( 'NONE',  ( -1.000000000000000000, 0.000000000000000000, -0.000000000000000000 ) ) ;
#4830 = ORIENTED_EDGE ( 'NONE', *, *, #1415, .F. ) ;
#4831 = DIRECTION ( 'NONE',  ( -1.000000000000000000, 0.000000000000000000, 0.000000000000000000 ) ) ;
#4832 = DIRECTION ( 'NONE',  ( 0.000000000000000000, -0.9999999999999990008, 4.371140888484446938E-08 ) ) ;
#4833 = ORIENTED_EDGE ( 'NONE', *, *, #2724, .F. ) ;
#4834 = EDGE_CURVE ( 'NONE', #892, #1324, #4162, .T. ) ;
#4835 = DIRECTION ( 'NONE',  ( 4.180742545671757368E-15, 4.371140887755362005E-08, 0.9999999999999991118 ) ) ;
#4836 = FACE_OUTER_BOUND ( 'NONE', #3658, .T. ) ;
#4837 = VECTOR ( 'NONE', #2655, 999.9999999999998863 ) ;
#4838 = LINE ( 'NONE', #740, #1583 ) ;
#4839 = DIRECTION ( 'NONE',  ( 0.000000000000000000, 0.000000000000000000, 1.000000000000000000 ) ) ;
#4840 = AXIS2_PLACEMENT_3D ( 'NONE', #358, #868, #2251 ) ;
#4841 = ORIENTED_EDGE ( 'NONE', *, *, #2279, .F. ) ;
#4842 = ADVANCED_FACE ( 'NONE', ( #4867 ), #2212, .F. ) ;
#4843 = DIRECTION ( 'NONE',  ( -0.000000000000000000, -0.000000000000000000, 1.000000000000000000 ) ) ;
#4844 = EDGE_CURVE ( 'NONE', #1809, #4468, #4838, .T. ) ;
#4845 = DIRECTION ( 'NONE',  ( -0.000000000000000000, 0.000000000000000000, -1.000000000000000000 ) ) ;
#4846 = ORIENTED_EDGE ( 'NONE', *, *, #2145, .F. ) ;
#4847 = ORIENTED_EDGE ( 'NONE', *, *, #3643, .F. ) ;
#4848 = LINE ( 'NONE', #2994, #710 ) ;
#4849 = AXIS2_PLACEMENT_3D ( 'NONE', #4722, #2456, #3512 ) ;
#4850 = AXIS2_PLACEMENT_3D ( 'NONE', #3161, #3673, #3255 ) ;
#4851 = CARTESIAN_POINT ( 'NONE',  ( 38.00000000000000000, 46.00000000000002842, 3.000000000000000000 ) ) ;
#4852 = ORIENTED_EDGE ( 'NONE', *, *, #3464, .F. ) ;
#4853 = CARTESIAN_POINT ( 'NONE',  ( -66.00000000000001421, 61.00000000000000000, 3.000000000000000000 ) ) ;
#4854 = DIRECTION ( 'NONE',  ( -0.000000000000000000, 0.000000000000000000, -1.000000000000000000 ) ) ;
#4855 = ORIENTED_EDGE ( 'NONE', *, *, #26, .T. ) ;
#4856 = AXIS2_PLACEMENT_3D ( 'NONE', #2617, #1658, #3484 ) ;
#4857 = ORIENTED_EDGE ( 'NONE', *, *, #1771, .T. ) ;
#4858 = VERTEX_POINT ( 'NONE', #4031 ) ;
#4859 = LINE ( 'NONE', #4889, #1376 ) ;
#4860 = EDGE_LOOP ( 'NONE', ( #872, #967, #3546, #3742 ) ) ;
#4861 = LINE ( 'NONE', #377, #1144 ) ;
#4862 = CARTESIAN_POINT ( 'NONE',  ( 36.56186857255293887, -32.00116207012360547, 1.450000436384100810 ) ) ;
#4863 = ORIENTED_EDGE ( 'NONE', *, *, #4512, .T. ) ;
#4864 = AXIS2_PLACEMENT_3D ( 'NONE', #3529, #5346, #4063 ) ;
#4865 = DIRECTION ( 'NONE',  ( 1.000000000000000000, 0.000000000000000000, 0.000000000000000000 ) ) ;
#4866 = DIRECTION ( 'NONE',  ( -0.9999999998675463964, 1.627596612567151538E-05, 0.000000000000000000 ) ) ;
#4867 = FACE_OUTER_BOUND ( 'NONE', #4259, .T. ) ;
#4868 = LINE ( 'NONE', #3616, #5242 ) ;
#4869 = EDGE_CURVE ( 'NONE', #2999, #5004, #802, .T. ) ;
#4870 = ORIENTED_EDGE ( 'NONE', *, *, #3452, .T. ) ;
#4871 = ADVANCED_FACE ( 'NONE', ( #293, #5844, #1278, #5402, #3136, #4898, #5786, #3552, #1249, #2121, #864, #2688, #2635, #4508, #3107 ), #410, .T. ) ;
#4872 = DIRECTION ( 'NONE',  ( 0.000000000000000000, -1.000000000000000000, 0.000000000000000000 ) ) ;
#4873 = DIRECTION ( 'NONE',  ( 1.000000000000000000, 0.000000000000000000, 0.000000000000000000 ) ) ;
#4874 = APPLICATION_PROTOCOL_DEFINITION ( 'international standard', 'config_control_design', 1994, #765 ) ;
#4875 = ORIENTED_EDGE ( 'NONE', *, *, #3877, .T. ) ;
#4876 = ORIENTED_EDGE ( 'NONE', *, *, #2060, .F. ) ;
#4877 = DIRECTION ( 'NONE',  ( -1.000000000000000000, 0.000000000000000000, 0.000000000000000000 ) ) ;
#4878 = EDGE_CURVE ( 'NONE', #2197, #526, #2185, .T. ) ;
#4879 = EDGE_CURVE ( 'NONE', #5164, #5877, #5296, .T. ) ;
#4880 = EDGE_CURVE ( 'NONE', #106, #106, #3399, .T. ) ;
#4881 = CARTESIAN_POINT ( 'NONE',  ( 37.99999999999998579, 50.00000000000002842, 0.000000000000000000 ) ) ;
#4882 = EDGE_LOOP ( 'NONE', ( #5133, #4607, #5213, #1395, #1841, #3065, #2501, #2070 ) ) ;
#4883 = CARTESIAN_POINT ( 'NONE',  ( 47.14938835202706713, -32.50133439230313570, 1.450000653111693127 ) ) ;
#4884 = CARTESIAN_POINT ( 'NONE',  ( 39.45763577121174137, -45.60000000000000142, 0.000000000000000000 ) ) ;
#4885 = ORIENTED_EDGE ( 'NONE', *, *, #5778, .T. ) ;
#4886 = ORIENTED_EDGE ( 'NONE', *, *, #1328, .F. ) ;
#4887 = EDGE_LOOP ( 'NONE', ( #5689, #4173, #2644, #2187 ) ) ;
#4888 = ADVANCED_FACE ( 'NONE', ( #1402, #568 ), #5050, .F. ) ;
#4889 = CARTESIAN_POINT ( 'NONE',  ( 10.99999999999997513, -20.54000000000003112, 0.000000000000000000 ) ) ;
#4890 = VERTEX_POINT ( 'NONE', #90 ) ;
#4891 = CIRCLE ( 'NONE', #688, 2.000000000000001776 ) ;
#4892 = FACE_OUTER_BOUND ( 'NONE', #2263, .T. ) ;
#4893 = DIRECTION ( 'NONE',  ( -0.000000000000000000, -0.000000000000000000, -1.000000000000000000 ) ) ;
#4894 = EDGE_LOOP ( 'NONE', ( #4049, #5087, #727, #1752 ) ) ;
#4895 = AXIS2_PLACEMENT_3D ( 'NONE', #801, #2660, #1308 ) ;
#4896 = CARTESIAN_POINT ( 'NONE',  ( -43.50000000000000000, 20.50000000000001066, 1.500000000000000000 ) ) ;
#4897 = PLANE ( 'NONE',  #5648 ) ;
#4898 = FACE_BOUND ( 'NONE', #3617, .T. ) ;
#4899 = CYLINDRICAL_SURFACE ( 'NONE', #1139, 2.000000000000001776 ) ;
#4900 = ORIENTED_EDGE ( 'NONE', *, *, #3665, .T. ) ;
#4901 = EDGE_CURVE ( 'NONE', #2546, #668, #3680, .T. ) ;
#4902 = CIRCLE ( 'NONE', #886, 2.000000000000003553 ) ;
#4903 = ADVANCED_FACE ( 'NONE', ( #2840 ), #4633, .F. ) ;
#4904 = CIRCLE ( 'NONE', #5757, 1.000000000000000888 ) ;
#4905 = DIRECTION ( 'NONE',  ( 0.000000000000000000, 0.000000000000000000, 1.000000000000000000 ) ) ;
#4906 = LINE ( 'NONE', #1380, #4425 ) ;
#4907 = PERSON_AND_ORGANIZATION ( #1383, #365 ) ;
#4908 = ORIENTED_EDGE ( 'NONE', *, *, #2623, .F. ) ;
#4909 = DIRECTION ( 'NONE',  ( -0.9999999998675465074, 1.627596612520374651E-05, 0.000000000000000000 ) ) ;
#4910 = VECTOR ( 'NONE', #1964, 1000.000000000000000 ) ;
#4911 = VECTOR ( 'NONE', #2099, 1000.000000000000000 ) ;
#4912 = EDGE_CURVE ( 'NONE', #1064, #1811, #5865, .T. ) ;
#4913 = CARTESIAN_POINT ( 'NONE',  ( 40.03589838486224295, 51.50000000000002842, 0.000000000000000000 ) ) ;
#4914 = AXIS2_PLACEMENT_3D ( 'NONE', #5131, #221, #4319 ) ;
#4915 = CARTESIAN_POINT ( 'NONE',  ( -57.00000000000001421, -22.00000000000000355, 0.000000000000000000 ) ) ;
#4916 = CARTESIAN_POINT ( 'NONE',  ( 30.49987792968802225, -5.499931335448994929, 1.449999277977988221 ) ) ;
#4917 = ORIENTED_EDGE ( 'NONE', *, *, #1182, .F. ) ;
#4918 = VERTEX_POINT ( 'NONE', #2749 ) ;
#4919 = ORIENTED_EDGE ( 'NONE', *, *, #2760, .T. ) ;
#4920 = ADVANCED_FACE ( 'NONE', ( #5079 ), #3196, .F. ) ;
#4921 = VECTOR ( 'NONE', #4392, 999.9999999999998863 ) ;
#4922 = FACE_OUTER_BOUND ( 'NONE', #2723, .T. ) ;
#4923 = ORIENTED_EDGE ( 'NONE', *, *, #5489, .F. ) ;
#4924 = CARTESIAN_POINT ( 'NONE',  ( 47.02500206014519790, -40.76931592906048962, 23.43294756465299500 ) ) ;
#4925 = CARTESIAN_POINT ( 'NONE',  ( 42.63483325029122994, -32.50126091355721059, 36.80533964865399810 ) ) ;
#4926 = ORIENTED_EDGE ( 'NONE', *, *, #3934, .T. ) ;
#4927 = DIRECTION ( 'NONE',  ( 0.000000000000000000, 1.000000000000000000, 0.000000000000000000 ) ) ;
#4928 = CARTESIAN_POINT ( 'NONE',  ( -39.16040865894258616, -37.49992961763273769, 0.000000000000000000 ) ) ;
#4929 = DIRECTION ( 'NONE',  ( 4.180742545671762101E-15, 4.371140887755362005E-08, 0.9999999999999992228 ) ) ;
#4930 = CARTESIAN_POINT ( 'NONE',  ( 15.53999999999997783, -18.54000000000002757, 0.000000000000000000 ) ) ;
#4931 = ORIENTED_EDGE ( 'NONE', *, *, #5823, .T. ) ;
#4932 = LINE ( 'NONE', #833, #5733 ) ;
#4933 = EDGE_CURVE ( 'NONE', #4102, #2567, #1826, .T. ) ;
#4934 = AXIS2_PLACEMENT_3D ( 'NONE', #607, #2438, #3809 ) ;
#4935 = DIRECTION ( 'NONE',  ( -0.000000000000000000, 0.000000000000000000, -1.000000000000000000 ) ) ;
#4936 = VERTEX_POINT ( 'NONE', #5461 ) ;
#4937 = CARTESIAN_POINT ( 'NONE',  ( -36.56205575617909176, -8.999931335448989600, 1.449999430968205161 ) ) ;
#4938 = DIRECTION ( 'NONE',  ( -0.000000000000000000, -0.000000000000000000, 1.000000000000000000 ) ) ;
#4939 = LINE ( 'NONE', #2291, #564 ) ;
#4940 = DIRECTION ( 'NONE',  ( 1.000000000000000000, 0.000000000000000000, 0.000000000000000000 ) ) ;
#4941 = VERTEX_POINT ( 'NONE', #4124 ) ;
#4942 = ORIENTED_EDGE ( 'NONE', *, *, #193, .T. ) ;
#4943 = EDGE_LOOP ( 'NONE', ( #4648, #1741, #3368, #1246 ) ) ;
#4944 = AXIS2_PLACEMENT_3D ( 'NONE', #2977, #1637, #4799 ) ;
#4945 = AXIS2_PLACEMENT_3D ( 'NONE', #5480, #1392, #2768 ) ;
#4946 = AXIS2_PLACEMENT_3D ( 'NONE', #1824, #3678, #5016 ) ;
#4947 = EDGE_CURVE ( 'NONE', #4491, #5409, #3739, .T. ) ;
#4948 = VECTOR ( 'NONE', #2027, 1000.000000000000000 ) ;
#4949 = EDGE_CURVE ( 'NONE', #1301, #249, #5017, .T. ) ;
#4950 = CARTESIAN_POINT ( 'NONE',  ( -57.00000000000001421, -4.999999999999999112, 1.449999256125402480 ) ) ;
#4951 = VECTOR ( 'NONE', #3660, 1000.000000000000000 ) ;
#4952 = EDGE_LOOP ( 'NONE', ( #228, #5810, #2826, #1866 ) ) ;
#4953 = LINE ( 'NONE', #3494, #3441 ) ;
#4954 = DIRECTION ( 'NONE',  ( -4.180742545671762101E-15, -4.371140887755362005E-08, -0.9999999999999992228 ) ) ;
#4955 = ORIENTED_EDGE ( 'NONE', *, *, #2372, .T. ) ;
#4956 = ADVANCED_FACE ( 'NONE', ( #2367 ), #1434, .T. ) ;
#4957 = ADVANCED_FACE ( 'NONE', ( #4663, #1855 ), #1919, .F. ) ;
#4958 = FACE_BOUND ( 'NONE', #3169, .T. ) ;
#4959 = EDGE_CURVE ( 'NONE', #3466, #1512, #61, .T. ) ;
#4960 = CARTESIAN_POINT ( 'NONE',  ( 39.15992036961294076, -33.50120435612532077, 1.450000501953051524 ) ) ;
#4961 = CARTESIAN_POINT ( 'NONE',  ( -56.50000000000000711, -33.70000000000000284, 23.43294756465299500 ) ) ;
#4962 = DIRECTION ( 'NONE',  ( -1.000000000000000000, 0.000000000000000000, 0.000000000000000000 ) ) ;
#4963 = ORIENTED_EDGE ( 'NONE', *, *, #3287, .T. ) ;
#4964 = CIRCLE ( 'NONE', #2399, 7.000000000000002665 ) ;
#4965 = CIRCLE ( 'NONE', #5717, 1.750000000000003109 ) ;
#4966 = CARTESIAN_POINT ( 'NONE',  ( -43.50000000000000000, 49.50000000000000711, 1.500000000000000000 ) ) ;
#4967 = CARTESIAN_POINT ( 'NONE',  ( -52.20828531002175765, -32.99971725023826963, 0.000000000000000000 ) ) ;
#4968 = VERTEX_POINT ( 'NONE', #1886 ) ;
#4969 = CARTESIAN_POINT ( 'NONE',  ( 42.00000000000000000, 46.00000000000001421, 0.000000000000000000 ) ) ;
#4970 = VERTEX_POINT ( 'NONE', #3260 ) ;
#4971 = LINE ( 'NONE', #1322, #2287 ) ;
#4972 = DIRECTION ( 'NONE',  ( -4.180742545671762101E-15, -4.371140887755362005E-08, -0.9999999999999992228 ) ) ;
#4973 = ORIENTED_EDGE ( 'NONE', *, *, #15, .F. ) ;
#4974 = VERTEX_POINT ( 'NONE', #983 ) ;
#4975 = ORIENTED_EDGE ( 'NONE', *, *, #1530, .T. ) ;
#4976 = PLANE ( 'NONE',  #4286 ) ;
#4977 = EDGE_CURVE ( 'NONE', #3317, #2193, #4638, .T. ) ;
#4978 = FACE_OUTER_BOUND ( 'NONE', #5805, .T. ) ;
#4979 = ORIENTED_EDGE ( 'NONE', *, *, #3877, .F. ) ;
#4980 = ORIENTED_EDGE ( 'NONE', *, *, #5895, .T. ) ;
#4981 = CARTESIAN_POINT ( 'NONE',  ( -30.49987792968802225, -5.499931335448994929, 3.000000000000000000 ) ) ;
#4982 = CYLINDRICAL_SURFACE ( 'NONE', #2856, 2.000000000000000000 ) ;
#4983 = ORIENTED_EDGE ( 'NONE', *, *, #4262, .F. ) ;
#4984 = EDGE_CURVE ( 'NONE', #2406, #5573, #2397, .T. ) ;
#4985 = DIRECTION ( 'NONE',  ( 0.000000000000000000, -0.000000000000000000, 1.000000000000000000 ) ) ;
#4986 = AXIS2_PLACEMENT_3D ( 'NONE', #4193, #4670, #1407 ) ;
#4987 = CARTESIAN_POINT ( 'NONE',  ( 39.15993664557905873, -32.50120435625778015, 1.450000458241642365 ) ) ;
#4988 = DIRECTION ( 'NONE',  ( -1.627596612607036964E-05, -0.9999999998675465074, 0.000000000000000000 ) ) ;
#4989 = CARTESIAN_POINT ( 'NONE',  ( -57.00000000000000000, -24.00000000000000000, 23.43294756465299500 ) ) ;
#4990 = DIRECTION ( 'NONE',  ( -0.000000000000000000, 0.000000000000000000, -1.000000000000000000 ) ) ;
#4991 = ORIENTED_EDGE ( 'NONE', *, *, #58, .T. ) ;
#4992 = AXIS2_PLACEMENT_3D ( 'NONE', #5460, #4603, #5522 ) ;
#4993 = ADVANCED_FACE ( 'NONE', ( #1343 ), #3166, .F. ) ;
#4994 = DIRECTION ( 'NONE',  ( -0.000000000000000000, -0.000000000000000000, -1.000000000000000000 ) ) ;
#4995 = DIRECTION ( 'NONE',  ( 1.000000000000000000, 0.000000000000000000, 0.000000000000000000 ) ) ;
#4996 = CARTESIAN_POINT ( 'NONE',  ( 42.63424468637816744, -38.50126090477249363, 0.000000000000000000 ) ) ;
#4997 = ORIENTED_EDGE ( 'NONE', *, *, #1580, .T. ) ;
#4998 = AXIS2_PLACEMENT_3D ( 'NONE', #3826, #2586, #593 ) ;
#4999 = CARTESIAN_POINT ( 'NONE',  ( -51.70836668991861274, -37.99972538755906726, 0.000000000000000000 ) ) ;
#5000 = ORIENTED_EDGE ( 'NONE', *, *, #5680, .F. ) ;
#5001 = DIRECTION ( 'NONE',  ( -0.000000000000000000, -0.000000000000000000, -1.000000000000000000 ) ) ;
#5002 = DIRECTION ( 'NONE',  ( -0.000000000000000000, -0.000000000000000000, -1.000000000000000000 ) ) ;
#5003 = VECTOR ( 'NONE', #1360, 1000.000000000000000 ) ;
#5004 = VERTEX_POINT ( 'NONE', #3379 ) ;
#5005 = ORIENTED_EDGE ( 'NONE', *, *, #5578, .F. ) ;
#5006 = ORIENTED_EDGE ( 'NONE', *, *, #1666, .F. ) ;
#5007 = DIRECTION ( 'NONE',  ( 0.000000000000000000, -0.9999999999999991118, 4.371140884147631631E-08 ) ) ;
#5008 = LINE ( 'NONE', #3669, #1180 ) ;
#5009 = EDGE_CURVE ( 'NONE', #4941, #3403, #2523, .T. ) ;
#5010 = EDGE_LOOP ( 'NONE', ( #5469, #962, #5804, #527 ) ) ;
#5011 = EDGE_LOOP ( 'NONE', ( #5100, #2201, #2370, #4083 ) ) ;
#5012 = DIRECTION ( 'NONE',  ( 1.000000000000000000, 0.000000000000000000, 0.000000000000000000 ) ) ;
#5013 = LINE ( 'NONE', #1005, #1521 ) ;
#5014 = ORIENTED_EDGE ( 'NONE', *, *, #3684, .T. ) ;
#5015 = AXIS2_PLACEMENT_3D ( 'NONE', #4323, #5137, #2926 ) ;
#5016 = DIRECTION ( 'NONE',  ( 0.000000000000000000, -0.000000000000000000, 1.000000000000000000 ) ) ;
#5017 = CIRCLE ( 'NONE', #717, 1.750000000000010214 ) ;
#5018 = DIRECTION ( 'NONE',  ( -1.000000000000000000, 0.000000000000000000, 0.000000000000000000 ) ) ;
#5019 = DIRECTION ( 'NONE',  ( 0.000000000000000000, -0.000000000000000000, -1.000000000000000000 ) ) ;
#5020 = LINE ( 'NONE', #922, #1485 ) ;
#5021 = DIRECTION ( 'NONE',  ( -0.000000000000000000, -0.000000000000000000, 1.000000000000000000 ) ) ;
#5022 = EDGE_LOOP ( 'NONE', ( #3940, #3880, #5218, #2429 ) ) ;
#5023 = CARTESIAN_POINT ( 'NONE',  ( -56.50000000000001421, -34.70000000000000284, 1.450000554354242910 ) ) ;
#5024 = CARTESIAN_POINT ( 'NONE',  ( 4.574954986571961868, -58.82508182525602791, 0.000000000000000000 ) ) ;
#5025 = ADVANCED_FACE ( 'NONE', ( #5198 ), #1126, .T. ) ;
#5026 = CARTESIAN_POINT ( 'NONE',  ( 51.70808186218739166, -2.499931335448996261, 3.000000000000000000 ) ) ;
#5027 = EDGE_LOOP ( 'NONE', ( #1632, #4423, #5774, #2077 ) ) ;
#5028 = ADVANCED_FACE ( 'NONE', ( #2455 ), #5688, .F. ) ;
#5029 = FACE_OUTER_BOUND ( 'NONE', #4253, .T. ) ;
#5030 = ORIENTED_EDGE ( 'NONE', *, *, #3095, .T. ) ;
#5031 = EDGE_CURVE ( 'NONE', #1158, #1784, #4800, .T. ) ;
#5032 = DIRECTION ( 'NONE',  ( 0.000000000000000000, -0.000000000000000000, 1.000000000000000000 ) ) ;
#5033 = PLANE ( 'NONE',  #657 ) ;
#5034 = ORIENTED_EDGE ( 'NONE', *, *, #1916, .F. ) ;
#5035 = ORIENTED_EDGE ( 'NONE', *, *, #2461, .T. ) ;
#5036 = VERTEX_POINT ( 'NONE', #702 ) ;
#5037 = DIRECTION ( 'NONE',  ( 0.000000000000000000, -0.000000000000000000, 1.000000000000000000 ) ) ;
#5038 = VECTOR ( 'NONE', #2097, 1000.000000000000000 ) ;
#5039 = DIRECTION ( 'NONE',  ( -0.000000000000000000, -0.000000000000000000, -1.000000000000000000 ) ) ;
#5040 = EDGE_LOOP ( 'NONE', ( #1937 ) ) ;
#5041 = VERTEX_POINT ( 'NONE', #5583 ) ;
#5042 = PLANE ( 'NONE',  #5288 ) ;
#5043 = CARTESIAN_POINT ( 'NONE',  ( 13.53999999999997783, -13.46000000000002927, 23.43294756465299500 ) ) ;
#5044 = VERTEX_POINT ( 'NONE', #3354 ) ;
#5045 = AXIS2_PLACEMENT_3D ( 'NONE', #5256, #3913, #1162 ) ;
#5046 = AXIS2_PLACEMENT_3D ( 'NONE', #926, #3203, #3265 ) ;
#5047 = CARTESIAN_POINT ( 'NONE',  ( 0.000000000000000000, 0.000000000000000000, 3.000000000000000000 ) ) ;
#5048 = SECURITY_CLASSIFICATION ( '', '', #1229 ) ;
#5049 = FACE_OUTER_BOUND ( 'NONE', #1970, .T. ) ;
#5050 = CYLINDRICAL_SURFACE ( 'NONE', #152, 4.000000000000003553 ) ;
#5051 = PLANE ( 'NONE',  #3773 ) ;
#5052 = CIRCLE ( 'NONE', #2190, 2.999999999999995559 ) ;
#5053 = LINE ( 'NONE', #955, #5808 ) ;
#5054 = ORIENTED_EDGE ( 'NONE', *, *, #4834, .F. ) ;
#5055 = CARTESIAN_POINT ( 'NONE',  ( 37.42808115996353280, -9.499931335448994929, 0.000000000000000000 ) ) ;
#5056 = FACE_OUTER_BOUND ( 'NONE', #4479, .T. ) ;
#5057 = EDGE_CURVE ( 'NONE', #1996, #815, #4692, .T. ) ;
#5058 = DIRECTION ( 'NONE',  ( -0.000000000000000000, 0.000000000000000000, 1.000000000000000000 ) ) ;
#5059 = ORIENTED_EDGE ( 'NONE', *, *, #1251, .F. ) ;
#5060 = VECTOR ( 'NONE', #2842, 1000.000000000000000 ) ;
#5061 = CARTESIAN_POINT ( 'NONE',  ( 47.02500206014519790, -33.14931592906049218, 0.000000000000000000 ) ) ;
#5062 = ORIENTED_EDGE ( 'NONE', *, *, #1039, .T. ) ;
#5063 = FACE_OUTER_BOUND ( 'NONE', #925, .T. ) ;
#5064 = DIRECTION ( 'NONE',  ( 1.000000000000000000, 6.308085367188392213E-16, 0.000000000000000000 ) ) ;
#5065 = EDGE_LOOP ( 'NONE', ( #5806, #4863, #2347, #245 ) ) ;
#5066 = ORIENTED_EDGE ( 'NONE', *, *, #2651, .T. ) ;
#5067 = VECTOR ( 'NONE', #3942, 1000.000000000000000 ) ;
#5068 = LINE ( 'NONE', #3155, #1615 ) ;
#5069 = ADVANCED_FACE ( 'NONE', ( #5637 ), #1553, .F. ) ;
#5070 = CARTESIAN_POINT ( 'NONE',  ( 43.99999999999998579, -51.00000000000000711, 1.450001266849788140 ) ) ;
#5071 = ORIENTED_EDGE ( 'NONE', *, *, #5856, .F. ) ;
#5072 = ORIENTED_EDGE ( 'NONE', *, *, #4631, .F. ) ;
#5073 = CARTESIAN_POINT ( 'NONE',  ( -51.70828531008798024, -32.99972538822133572, 0.000000000000000000 ) ) ;
#5074 = CARTESIAN_POINT ( 'NONE',  ( 15.53999999999997783, -13.46000000000002750, 0.000000000000000000 ) ) ;
#5075 = ORIENTED_EDGE ( 'NONE', *, *, #4465, .T. ) ;
#5076 = PRODUCT_DEFINITION ( 'UNKNOWN', '', #5521, #242 ) ;
#5077 = LINE ( 'NONE', #2686, #1610 ) ;
#5078 = DIRECTION ( 'NONE',  ( 1.000000000000000000, 0.000000000000000000, 0.000000000000000000 ) ) ;
#5079 = FACE_OUTER_BOUND ( 'NONE', #3696, .T. ) ;
#5080 = DIRECTION ( 'NONE',  ( -1.000000000000000000, 0.000000000000000000, 0.000000000000000000 ) ) ;
#5081 = DIRECTION ( 'NONE',  ( -1.000000000000000000, 0.000000000000000000, 0.000000000000000000 ) ) ;
#5082 = ORIENTED_EDGE ( 'NONE', *, *, #104, .F. ) ;
#5083 = CARTESIAN_POINT ( 'NONE',  ( -56.50000000000000711, -41.00000000000000000, 0.000000000000000000 ) ) ;
#5084 = CARTESIAN_POINT ( 'NONE',  ( -51.70808186218739166, -7.499931335448993153, 0.000000000000000000 ) ) ;
#5085 = DIRECTION ( 'NONE',  ( 0.000000000000000000, 0.000000000000000000, -1.000000000000000000 ) ) ;
#5086 = EDGE_CURVE ( 'NONE', #249, #2059, #1102, .T. ) ;
#5087 = ORIENTED_EDGE ( 'NONE', *, *, #5553, .T. ) ;
#5088 = CIRCLE ( 'NONE', #2983, 3.500000000000003109 ) ;
#5089 = EDGE_CURVE ( 'NONE', #4789, #2237, #3202, .T. ) ;
#5090 = CARTESIAN_POINT ( 'NONE',  ( 47.02500206014519790, -33.50133236792851221, 0.000000000000000000 ) ) ;
#5091 = AXIS2_PLACEMENT_3D ( 'NONE', #1202, #1974, #1460 ) ;
#5092 = DIRECTION ( 'NONE',  ( -0.000000000000000000, -0.000000000000000000, -1.000000000000000000 ) ) ;
#5093 = DIRECTION ( 'NONE',  ( -0.000000000000000000, 0.000000000000000000, 1.000000000000000000 ) ) ;
#5094 = VERTEX_POINT ( 'NONE', #3854 ) ;
#5095 = ORIENTED_EDGE ( 'NONE', *, *, #2516, .T. ) ;
#5096 = LINE ( 'NONE', #4142, #4762 ) ;
#5097 = EDGE_CURVE ( 'NONE', #4597, #2944, #2537, .T. ) ;
#5098 = FACE_OUTER_BOUND ( 'NONE', #4708, .T. ) ;
#5099 = ORIENTED_EDGE ( 'NONE', *, *, #3114, .F. ) ;
#5100 = ORIENTED_EDGE ( 'NONE', *, *, #3163, .T. ) ;
#5101 = ADVANCED_FACE ( 'NONE', ( #5251 ), #4721, .T. ) ;
#5102 = FACE_OUTER_BOUND ( 'NONE', #5011, .T. ) ;
#5103 = CARTESIAN_POINT ( 'NONE',  ( -56.50000000000000711, -41.00000000000000000, 0.000000000000000000 ) ) ;
#5104 = ORIENTED_EDGE ( 'NONE', *, *, #5336, .T. ) ;
#5105 = CIRCLE ( 'NONE', #325, 2.000000000000002665 ) ;
#5106 = AXIS2_PLACEMENT_3D ( 'NONE', #3978, #5468, #359 ) ;
#5107 = DIRECTION ( 'NONE',  ( 0.000000000000000000, -0.9999999999999991118, 4.371140887755362005E-08 ) ) ;
#5108 = DIRECTION ( 'NONE',  ( -4.180742545671762101E-15, -4.371140887755362005E-08, -0.9999999999999992228 ) ) ;
#5109 = DIRECTION ( 'NONE',  ( 0.000000000000000000, -0.000000000000000000, 1.000000000000000000 ) ) ;
#5110 = AXIS2_PLACEMENT_3D ( 'NONE', #5271, #62, #4664 ) ;
#5111 = CARTESIAN_POINT ( 'NONE',  ( 2.074954986571869942, -58.82508182525602081, 1.450001608895315375 ) ) ;
#5112 = CARTESIAN_POINT ( 'NONE',  ( -51.70827717210491414, -32.49972538828756541, 0.000000000000000000 ) ) ;
#5113 = VERTEX_POINT ( 'NONE', #5661 ) ;
#5114 = AXIS2_PLACEMENT_3D ( 'NONE', #5371, #1734, #2155 ) ;
#5115 = DIRECTION ( 'NONE',  ( -1.000000000000000000, 0.000000000000000000, 0.000000000000000000 ) ) ;
#5116 = DIRECTION ( 'NONE',  ( 0.000000000000000000, -1.000000000000000000, 0.000000000000000000 ) ) ;
#5117 = DIRECTION ( 'NONE',  ( 0.000000000000000000, 0.000000000000000000, -1.000000000000000000 ) ) ;
#5118 = ORIENTED_EDGE ( 'NONE', *, *, #1495, .T. ) ;
#5119 = EDGE_CURVE ( 'NONE', #5766, #5543, #1976, .T. ) ;
#5120 = DIRECTION ( 'NONE',  ( 0.000000000000000000, -0.9999999999999991118, 4.371140884147631631E-08 ) ) ;
#5121 = DIRECTION ( 'NONE',  ( 0.000000000000000000, -0.9999999999999991118, 4.371140887245352218E-08 ) ) ;
#5122 = DIRECTION ( 'NONE',  ( 1.000000000000000000, 0.000000000000000000, 0.000000000000000000 ) ) ;
#5123 = VERTEX_POINT ( 'NONE', #1498 ) ;
#5124 = VERTEX_POINT ( 'NONE', #5223 ) ;
#5125 = CARTESIAN_POINT ( 'NONE',  ( 45.99999999999998579, -48.60000000000000142, 23.43294756465299500 ) ) ;
#5126 = AXIS2_PLACEMENT_3D ( 'NONE', #797, #4954, #5840 ) ;
#5127 = CARTESIAN_POINT ( 'NONE',  ( 39.15985526574843334, -37.50120435559551169, 3.000000000000000000 ) ) ;
#5128 = CIRCLE ( 'NONE', #4751, 3.000000000000000888 ) ;
#5129 = ORIENTED_EDGE ( 'NONE', *, *, #4755, .T. ) ;
#5130 = EDGE_LOOP ( 'NONE', ( #1203, #5287, #4318, #1858 ) ) ;
#5131 = CARTESIAN_POINT ( 'NONE',  ( 38.00000000000000000, 28.00000000000002842, 0.000000000000000000 ) ) ;
#5132 = CARTESIAN_POINT ( 'NONE',  ( 51.70779702075834194, -38.00140858553671563, 3.000000000000000000 ) ) ;
#5133 = ORIENTED_EDGE ( 'NONE', *, *, #5168, .F. ) ;
#5134 = EDGE_CURVE ( 'NONE', #2221, #3038, #3322, .T. ) ;
#5135 = CARTESIAN_POINT ( 'NONE',  ( 4.574954986571961868, -55.32508182525600660, 1.450001455905375325 ) ) ;
#5136 = DIRECTION ( 'NONE',  ( -1.000000000000000000, 0.000000000000000000, 4.180742545671766046E-15 ) ) ;
#5137 = DIRECTION ( 'NONE',  ( -0.000000000000000000, -0.000000000000000000, 1.000000000000000000 ) ) ;
#5138 = DIRECTION ( 'NONE',  ( 0.000000000000000000, 0.000000000000000000, -1.000000000000000000 ) ) ;
#5139 = DIRECTION ( 'NONE',  ( -0.000000000000000000, -0.000000000000000000, -1.000000000000000000 ) ) ;
#5140 = ORIENTED_EDGE ( 'NONE', *, *, #1007, .T. ) ;
#5141 = EDGE_CURVE ( 'NONE', #3201, #3847, #1043, .T. ) ;
#5142 = CIRCLE ( 'NONE', #2561, 1.750000000000001554 ) ;
#5143 = EDGE_CURVE ( 'NONE', #5340, #1430, #1288, .T. ) ;
#5144 = AXIS2_PLACEMENT_3D ( 'NONE', #1334, #4658, #5515 ) ;
#5145 = CIRCLE ( 'NONE', #5045, 4.999999999999997335 ) ;
#5146 = EDGE_CURVE ( 'NONE', #2546, #1221, #5611, .T. ) ;
#5147 = CARTESIAN_POINT ( 'NONE',  ( 43.99999999999998579, -48.60000000000000142, 23.43294756465299500 ) ) ;
#5148 = LINE ( 'NONE', #3412, #2605 ) ;
#5149 = CIRCLE ( 'NONE', #1038, 12.50000000000000355 ) ;
#5150 = LINE ( 'NONE', #4166, #38 ) ;
#5151 = ORIENTED_EDGE ( 'NONE', *, *, #541, .T. ) ;
#5152 = AXIS2_PLACEMENT_3D ( 'NONE', #3783, #1025, #5122 ) ;
#5153 = EDGE_CURVE ( 'NONE', #4441, #1569, #1104, .T. ) ;
#5154 = LINE ( 'NONE', #1056, #4718 ) ;
#5155 = DIRECTION ( 'NONE',  ( 0.000000000000000000, 0.000000000000000000, -1.000000000000000000 ) ) ;
#5156 = CARTESIAN_POINT ( 'NONE',  ( 36.50012016296398798, -5.499931335449008252, 3.000000000000000000 ) ) ;
#5157 = ORIENTED_EDGE ( 'NONE', *, *, #5273, .F. ) ;
#5158 = VECTOR ( 'NONE', #5021, 1000.000000000000000 ) ;
#5159 = ORIENTED_EDGE ( 'NONE', *, *, #532, .T. ) ;
#5160 = FACE_OUTER_BOUND ( 'NONE', #4327, .T. ) ;
#5161 = AXIS2_PLACEMENT_3D ( 'NONE', #1333, #2565, #318 ) ;
#5162 = DIRECTION ( 'NONE',  ( 1.000000000000000000, 0.000000000000000000, 0.000000000000000000 ) ) ;
#5163 = VERTEX_POINT ( 'NONE', #1751 ) ;
#5164 = VERTEX_POINT ( 'NONE', #2594 ) ;
#5165 = FACE_OUTER_BOUND ( 'NONE', #2802, .T. ) ;
#5166 = CARTESIAN_POINT ( 'NONE',  ( -37.43782217350893404, 50.00000000000002842, 0.000000000000000000 ) ) ;
#5167 = ORIENTED_EDGE ( 'NONE', *, *, #1085, .T. ) ;
#5168 = EDGE_CURVE ( 'NONE', #914, #2016, #3520, .T. ) ;
#5169 = CARTESIAN_POINT ( 'NONE',  ( 42.63453902919962246, -2.499931335448994485, 0.000000000000000000 ) ) ;
#5170 = CARTESIAN_POINT ( 'NONE',  ( 51.70778888277527585, -38.50140858547049305, 0.000000000000000000 ) ) ;
#5171 = DIRECTION ( 'NONE',  ( -0.000000000000000000, 0.000000000000000000, -1.000000000000000000 ) ) ;
#5172 = CARTESIAN_POINT ( 'NONE',  ( 39.15980643785005100, -40.50120435519815487, 3.000000000000000000 ) ) ;
#5173 = DIRECTION ( 'NONE',  ( 1.000000000000000000, 0.000000000000000000, 0.000000000000000000 ) ) ;
#5174 = ADVANCED_FACE ( 'NONE', ( #5335 ), #3035, .F. ) ;
#5175 = DIRECTION ( 'NONE',  ( 1.000000000000000000, 0.000000000000000000, 0.000000000000000000 ) ) ;
#5176 = DIRECTION ( 'NONE',  ( 0.000000000000000000, 0.000000000000000000, 1.000000000000000000 ) ) ;
#5177 = CARTESIAN_POINT ( 'NONE',  ( -57.50000000000001421, -34.70000000000000995, 0.000000000000000000 ) ) ;
#5178 = ORIENTED_EDGE ( 'NONE', *, *, #1147, .F. ) ;
#5179 = ADVANCED_FACE ( 'NONE', ( #2562 ), #2680, .F. ) ;
#5180 = DIRECTION ( 'NONE',  ( -0.000000000000000000, -0.000000000000000000, -1.000000000000000000 ) ) ;
#5181 = AXIS2_PLACEMENT_3D ( 'NONE', #4251, #1617, #4360 ) ;
#5182 = DIRECTION ( 'NONE',  ( -0.000000000000000000, 0.000000000000000000, -1.000000000000000000 ) ) ;
#5183 = CARTESIAN_POINT ( 'NONE',  ( 58.50000000000000000, -55.00000000000000000, 0.000000000000000000 ) ) ;
#5184 = ORIENTED_EDGE ( 'NONE', *, *, #2728, .T. ) ;
#5185 = ORIENTED_EDGE ( 'NONE', *, *, #5382, .F. ) ;
#5186 = DIRECTION ( 'NONE',  ( 1.000000000000000000, 0.000000000000000000, 0.000000000000000000 ) ) ;
#5187 = CIRCLE ( 'NONE', #1362, 4.000000000000003553 ) ;
#5188 = CARTESIAN_POINT ( 'NONE',  ( 65.99999999999998579, 66.00000000000002842, 3.000000000000000000 ) ) ;
#5189 = ORIENTED_EDGE ( 'NONE', *, *, #1109, .F. ) ;
#5190 = ORIENTED_EDGE ( 'NONE', *, *, #714, .T. ) ;
#5191 = CARTESIAN_POINT ( 'NONE',  ( -51.70828531008798024, -32.99972538822134283, 0.000000000000000000 ) ) ;
#5192 = CARTESIAN_POINT ( 'NONE',  ( -39.16013196753240777, -7.499931335448995817, 0.000000000000000000 ) ) ;
#5193 = CIRCLE ( 'NONE', #2430, 7.999999999999996447 ) ;
#5194 = CIRCLE ( 'NONE', #4810, 12.50000000000000000 ) ;
#5195 = EDGE_CURVE ( 'NONE', #3599, #1324, #5394, .T. ) ;
#5196 = CARTESIAN_POINT ( 'NONE',  ( 10.99999999999997513, -18.54000000000002757, 1.449999847977594847 ) ) ;
#5197 = DIRECTION ( 'NONE',  ( -0.000000000000000000, -0.000000000000000000, -1.000000000000000000 ) ) ;
#5198 = FACE_OUTER_BOUND ( 'NONE', #1542, .T. ) ;
#5199 = CARTESIAN_POINT ( 'NONE',  ( 17.49999999999998224, -28.25000000000002487, 0.000000000000000000 ) ) ;
#5200 = DIRECTION ( 'NONE',  ( -0.000000000000000000, -0.000000000000000000, -1.000000000000000000 ) ) ;
#5201 = AXIS2_PLACEMENT_3D ( 'NONE', #554, #4208, #3818 ) ;
#5202 = CIRCLE ( 'NONE', #3298, 0.5000000000000004441 ) ;
#5203 = DIRECTION ( 'NONE',  ( -0.000000000000000000, -0.000000000000000000, -1.000000000000000000 ) ) ;
#5204 = LINE ( 'NONE', #1108, #4321 ) ;
#5205 = CARTESIAN_POINT ( 'NONE',  ( -39.16032727911196076, -32.49992961829499905, 0.000000000000000000 ) ) ;
#5206 = ORIENTED_EDGE ( 'NONE', *, *, #5348, .T. ) ;
#5207 = VECTOR ( 'NONE', #3879, 1000.000000000000000 ) ;
#5208 = ADVANCED_FACE ( 'NONE', ( #4922 ), #1667, .T. ) ;
#5209 = CARTESIAN_POINT ( 'NONE',  ( 53.13099752524905028, -29.59477641991259489, 23.43294756465299500 ) ) ;
#5210 = CARTESIAN_POINT ( 'NONE',  ( -30.49987792968801514, -5.499931269881881413, 1.449999277977991108 ) ) ;
#5211 = CARTESIAN_POINT ( 'NONE',  ( -24.50012207031303291, -35.50007057189899484, 3.000000000000000000 ) ) ;
#5212 = ORIENTED_EDGE ( 'NONE', *, *, #824, .T. ) ;
#5213 = ORIENTED_EDGE ( 'NONE', *, *, #233, .F. ) ;
#5214 = CARTESIAN_POINT ( 'NONE',  ( 47.02500206014519790, -38.50133236859078067, 0.000000000000000000 ) ) ;
#5215 = EDGE_CURVE ( 'NONE', #4159, #3701, #1008, .T. ) ;
#5216 = EDGE_CURVE ( 'NONE', #2778, #858, #4412, .T. ) ;
#5217 = DIRECTION ( 'NONE',  ( -0.000000000000000000, -0.000000000000000000, -1.000000000000000000 ) ) ;
#5218 = ORIENTED_EDGE ( 'NONE', *, *, #4878, .F. ) ;
#5219 = ORIENTED_EDGE ( 'NONE', *, *, #3417, .F. ) ;
#5220 = DIRECTION ( 'NONE',  ( 4.180742545671762101E-15, 4.371140887755362005E-08, 0.9999999999999992228 ) ) ;
#5221 = DIRECTION ( 'NONE',  ( -0.000000000000000000, 0.000000000000000000, 1.000000000000000000 ) ) ;
#5222 = CARTESIAN_POINT ( 'NONE',  ( 39.15980643785005100, -40.50120435519815487, 1.450000807932913860 ) ) ;
#5223 = CARTESIAN_POINT ( 'NONE',  ( -57.50000000000001421, -34.70000000000000995, 0.000000000000000000 ) ) ;
#5224 = CYLINDRICAL_SURFACE ( 'NONE', #4488, 2.000000000000001776 ) ;
#5225 = ORIENTED_EDGE ( 'NONE', *, *, #3777, .T. ) ;
#5226 = DIRECTION ( 'NONE',  ( -1.000000000000000000, -1.994248318681189754E-16, 0.000000000000000000 ) ) ;
#5227 = CARTESIAN_POINT ( 'NONE',  ( -36.56205575617909176, -8.999931335448994929, 3.000000000000000000 ) ) ;
#5228 = LINE ( 'NONE', #208, #5569 ) ;
#5229 = VERTEX_POINT ( 'NONE', #822 ) ;
#5230 = AXIS2_PLACEMENT_3D ( 'NONE', #2874, #307, #149 ) ;
#5231 = CIRCLE ( 'NONE', #1413, 4.999999999999997335 ) ;
#5232 = VECTOR ( 'NONE', #5608, 1000.000000000000000 ) ;
#5233 = EDGE_CURVE ( 'NONE', #2529, #1652, #231, .T. ) ;
#5234 = AXIS2_PLACEMENT_3D ( 'NONE', #936, #4463, #369 ) ;
#5235 = LINE ( 'NONE', #5647, #5038 ) ;
#5236 = CC_DESIGN_SECURITY_CLASSIFICATION ( #5048, ( #5521 ) ) ;
#5237 = CARTESIAN_POINT ( 'NONE',  ( 43.50000000000000000, 20.50000000000001066, 1.500000000000000000 ) ) ;
#5238 = EDGE_LOOP ( 'NONE', ( #3138, #2656, #3397, #5892 ) ) ;
#5239 = EDGE_LOOP ( 'NONE', ( #5385, #3371, #3450, #5834 ) ) ;
#5240 = LINE ( 'NONE', #1090, #360 ) ;
#5241 = EDGE_CURVE ( 'NONE', #4695, #736, #2342, .T. ) ;
#5242 = VECTOR ( 'NONE', #327, 1000.000000000000000 ) ;
#5243 = CARTESIAN_POINT ( 'NONE',  ( -13.92494201660213449, -53.87510013580300949, 1.450001392524706612 ) ) ;
#5244 = ORIENTED_EDGE ( 'NONE', *, *, #3592, .T. ) ;
#5245 = ORIENTED_EDGE ( 'NONE', *, *, #1523, .F. ) ;
#5246 = CARTESIAN_POINT ( 'NONE',  ( 17.49999999999998224, -28.25000000000002842, 1.450000272415346014 ) ) ;
#5247 = DIRECTION ( 'NONE',  ( -4.180742545671762101E-15, -4.371140887755362005E-08, -0.9999999999999992228 ) ) ;
#5248 = EDGE_CURVE ( 'NONE', #4597, #820, #2652, .T. ) ;
#5249 = AXIS2_PLACEMENT_3D ( 'NONE', #5306, #1213, #288 ) ;
#5250 = CYLINDRICAL_SURFACE ( 'NONE', #4469, 12.50000000000000355 ) ;
#5251 = FACE_OUTER_BOUND ( 'NONE', #4116, .T. ) ;
#5252 = ORIENTED_EDGE ( 'NONE', *, *, #4315, .F. ) ;
#5253 = DIRECTION ( 'NONE',  ( 0.000000000000000000, 0.000000000000000000, 1.000000000000000000 ) ) ;
#5254 = EDGE_CURVE ( 'NONE', #3893, #4127, #4382, .T. ) ;
#5255 = ORIENTED_EDGE ( 'NONE', *, *, #1973, .F. ) ;
#5256 = CARTESIAN_POINT ( 'NONE',  ( 60.99999999999999289, 61.00000000000003553, 0.000000000000000000 ) ) ;
#5257 = CARTESIAN_POINT ( 'NONE',  ( -52.20808186218739166, -2.999931335448996261, 3.000000000000000000 ) ) ;
#5258 = CARTESIAN_POINT ( 'NONE',  ( 47.14938835202706713, -32.50133439230313570, 23.43294756465299500 ) ) ;
#5259 = ORIENTED_EDGE ( 'NONE', *, *, #897, .F. ) ;
#5260 = CARTESIAN_POINT ( 'NONE',  ( -54.50000000000002132, -34.70000000000000284, 1.450000554354236026 ) ) ;
#5261 = ADVANCED_FACE ( 'NONE', ( #4022 ), #2083, .F. ) ;
#5262 = CARTESIAN_POINT ( 'NONE',  ( -59.00000000000001421, -5.000000000000013323, 0.000000000000000000 ) ) ;
#5263 = APPROVAL_ROLE ( '' ) ;
#5264 = ORIENTED_EDGE ( 'NONE', *, *, #4160, .F. ) ;
#5265 = VERTEX_POINT ( 'NONE', #1300 ) ;
#5266 = LINE ( 'NONE', #247, #1190 ) ;
#5267 = VECTOR ( 'NONE', #659, 1000.000000000000000 ) ;
#5268 = DIRECTION ( 'NONE',  ( 0.000000000000000000, -1.000000000000000000, 0.000000000000000000 ) ) ;
#5269 = VERTEX_POINT ( 'NONE', #3066 ) ;
#5270 = ORIENTED_EDGE ( 'NONE', *, *, #3342, .F. ) ;
#5271 = CARTESIAN_POINT ( 'NONE',  ( -38.00000000000000000, 28.00000000000002842, 0.000000000000000000 ) ) ;
#5272 = EDGE_LOOP ( 'NONE', ( #3704, #3758, #4209, #4857 ) ) ;
#5273 = EDGE_CURVE ( 'NONE', #5305, #2011, #4859, .T. ) ;
#5274 = EDGE_CURVE ( 'NONE', #1809, #5409, #3490, .T. ) ;
#5275 = DIRECTION ( 'NONE',  ( 0.000000000000000000, -0.9999999999999991118, 4.371140884147631631E-08 ) ) ;
#5276 = DIRECTION ( 'NONE',  ( 0.000000000000000000, 0.000000000000000000, -1.000000000000000000 ) ) ;
#5277 = ORIENTED_EDGE ( 'NONE', *, *, #5348, .F. ) ;
#5278 = AXIS2_PLACEMENT_3D ( 'NONE', #4746, #4215, #2423 ) ;
#5279 = DIRECTION ( 'NONE',  ( -0.000000000000000000, -0.000000000000000000, -1.000000000000000000 ) ) ;
#5280 = ORIENTED_EDGE ( 'NONE', *, *, #5571, .F. ) ;
#5281 = DIRECTION ( 'NONE',  ( 0.9999999999999961142, 8.742277677795539484E-08, -8.002115286624055570E-15 ) ) ;
#5282 = LINE ( 'NONE', #2211, #3375 ) ;
#5283 = LINE ( 'NONE', #830, #3778 ) ;
#5284 = AXIS2_PLACEMENT_3D ( 'NONE', #16, #466, #433 ) ;
#5285 = VECTOR ( 'NONE', #3886, 1000.000000000000000 ) ;
#5286 = CARTESIAN_POINT ( 'NONE',  ( 50.52500206014519790, -33.14931592906049218, 0.000000000000000000 ) ) ;
#5287 = ORIENTED_EDGE ( 'NONE', *, *, #4844, .F. ) ;
#5288 = AXIS2_PLACEMENT_3D ( 'NONE', #528, #3760, #1491 ) ;
#5289 = DIRECTION ( 'NONE',  ( 3.854941057726248944E-16, 1.000000000000000000, 0.000000000000000000 ) ) ;
#5290 = LINE ( 'NONE', #213, #45 ) ;
#5291 = CIRCLE ( 'NONE', #1962, 1.750000000000001554 ) ;
#5292 = CIRCLE ( 'NONE', #5386, 4.999999999999997335 ) ;
#5293 = EDGE_LOOP ( 'NONE', ( #5390, #4627, #2981, #3732, #5501, #1668 ) ) ;
#5294 = ORIENTED_EDGE ( 'NONE', *, *, #5563, .T. ) ;
#5295 = CARTESIAN_POINT ( 'NONE',  ( -56.50000000000009948, -33.70000000000000284, 1.450000510642833529 ) ) ;
#5296 = CIRCLE ( 'NONE', #2633, 2.999999999999998668 ) ;
#5297 = DIRECTION ( 'NONE',  ( 1.000000000000000000, 0.000000000000000000, 0.000000000000000000 ) ) ;
#5298 = VERTEX_POINT ( 'NONE', #1181 ) ;
#5299 = LINE ( 'NONE', #2484, #79 ) ;
#5300 = CARTESIAN_POINT ( 'NONE',  ( 39.16013196753240777, -7.499931335448995817, 0.000000000000000000 ) ) ;
#5301 = VERTEX_POINT ( 'NONE', #3005 ) ;
#5302 = ORIENTED_EDGE ( 'NONE', *, *, #3459, .T. ) ;
#5303 = VERTEX_POINT ( 'NONE', #286 ) ;
#5304 = LINE ( 'NONE', #1211, #5664 ) ;
#5305 = VERTEX_POINT ( 'NONE', #3935 ) ;
#5306 = CARTESIAN_POINT ( 'NONE',  ( -54.50000000000002132, -40.00000000000000000, 1.450000786024703503 ) ) ;
#5307 = DIRECTION ( 'NONE',  ( 0.000000000000000000, 0.000000000000000000, -1.000000000000000000 ) ) ;
#5308 = ORIENTED_EDGE ( 'NONE', *, *, #4268, .F. ) ;
#5309 = EDGE_CURVE ( 'NONE', #5094, #5301, #5304, .T. ) ;
#5310 = DIRECTION ( 'NONE',  ( -0.000000000000000000, -0.000000000000000000, -1.000000000000000000 ) ) ;
#5311 = DIRECTION ( 'NONE',  ( -0.000000000000000000, -0.000000000000000000, -1.000000000000000000 ) ) ;
#5312 = DIRECTION ( 'NONE',  ( 1.000000000000000000, 0.000000000000000000, 0.000000000000000000 ) ) ;
#5313 = CARTESIAN_POINT ( 'NONE',  ( -8.924942016602040340, -55.62510013580300949, 1.450001469019652323 ) ) ;
#5314 = AXIS2_PLACEMENT_3D ( 'NONE', #5349, #1285, #2638 ) ;
#5315 = ADVANCED_FACE ( 'NONE', ( #3251 ), #912, .T. ) ;
#5316 = ORIENTED_EDGE ( 'NONE', *, *, #4779, .F. ) ;
#5317 = EDGE_CURVE ( 'NONE', #5645, #3701, #5008, .T. ) ;
#5318 = ADVANCED_FACE ( 'NONE', ( #4978 ), #1909, .T. ) ;
#5319 = LINE ( 'NONE', #2607, #1210 ) ;
#5320 = DIRECTION ( 'NONE',  ( 4.180742545671757368E-15, 4.371140887755362005E-08, 0.9999999999999991118 ) ) ;
#5321 = DIRECTION ( 'NONE',  ( 0.000000000000000000, 0.000000000000000000, 1.000000000000000000 ) ) ;
#5322 = ORIENTED_EDGE ( 'NONE', *, *, #5900, .T. ) ;
#5323 = VERTEX_POINT ( 'NONE', #879 ) ;
#5324 = DIRECTION ( 'NONE',  ( -0.000000000000000000, 0.000000000000000000, 1.000000000000000000 ) ) ;
#5325 = VECTOR ( 'NONE', #117, 1000.000000000000000 ) ;
#5326 = VECTOR ( 'NONE', #4149, 1000.000000000000000 ) ;
#5327 = LOCAL_TIME ( 9, 22, 16.00000000000000000, #1712 ) ;
#5328 = CARTESIAN_POINT ( 'NONE',  ( 39.16013196753241488, -2.499931335448993597, 1.449999146843730990 ) ) ;
#5329 = ORIENTED_EDGE ( 'NONE', *, *, #1147, .T. ) ;
#5330 = CARTESIAN_POINT ( 'NONE',  ( 42.83884060894109780, -3.499931335448998926, 1.449999190555119055 ) ) ;
#5331 = DIRECTION ( 'NONE',  ( 0.000000000000000000, -0.9999999999999991118, 4.371140884147639571E-08 ) ) ;
#5332 = VERTEX_POINT ( 'NONE', #971 ) ;
#5333 = ORIENTED_EDGE ( 'NONE', *, *, #1106, .F. ) ;
#5334 = ORIENTED_EDGE ( 'NONE', *, *, #5519, .T. ) ;
#5335 = FACE_OUTER_BOUND ( 'NONE', #4076, .T. ) ;
#5336 = EDGE_CURVE ( 'NONE', #3493, #3873, #2740, .T. ) ;
#5337 = ORIENTED_EDGE ( 'NONE', *, *, #101, .F. ) ;
#5338 = DIRECTION ( 'NONE',  ( -0.000000000000000000, 0.000000000000000000, -1.000000000000000000 ) ) ;
#5339 = LINE ( 'NONE', #3999, #445 ) ;
#5340 = VERTEX_POINT ( 'NONE', #2298 ) ;
#5341 = AXIS2_PLACEMENT_3D ( 'NONE', #4486, #4990, #1763 ) ;
#5342 = ADVANCED_FACE ( 'NONE', ( #5098 ), #4594, .T. ) ;
#5343 = FACE_OUTER_BOUND ( 'NONE', #2418, .T. ) ;
#5344 = CARTESIAN_POINT ( 'NONE',  ( 39.16013196753240777, -10.49993133544899493, 1.449999496535001819 ) ) ;
#5345 = DIRECTION ( 'NONE',  ( 0.000000000000000000, 1.000000000000000000, 0.000000000000000000 ) ) ;
#5346 = DIRECTION ( 'NONE',  ( 0.000000000000000000, -0.000000000000000000, 1.000000000000000000 ) ) ;
#5347 = EDGE_LOOP ( 'NONE', ( #53, #1183, #4847, #5367 ) ) ;
#5348 = EDGE_CURVE ( 'NONE', #2088, #4102, #1761, .T. ) ;
#5349 = CARTESIAN_POINT ( 'NONE',  ( 47.02500206014519790, -33.14931592906049218, 23.43294756465299500 ) ) ;
#5350 = EDGE_CURVE ( 'NONE', #5573, #5853, #1425, .T. ) ;
#5351 = DIRECTION ( 'NONE',  ( -1.000000000000000000, 0.000000000000000000, 0.000000000000000000 ) ) ;
#5352 = PERSON_AND_ORGANIZATION_ROLE ( 'design_supplier' ) ;
#5353 = ORIENTED_EDGE ( 'NONE', *, *, #2213, .F. ) ;
#5354 = DIRECTION ( 'NONE',  ( -1.000000000000000000, 0.000000000000000000, 0.000000000000000000 ) ) ;
#5355 = FACE_OUTER_BOUND ( 'NONE', #3191, .T. ) ;
#5356 = VERTEX_POINT ( 'NONE', #5482 ) ;
#5357 = CARTESIAN_POINT ( 'NONE',  ( 60.99999999999999289, 61.00000000000003553, 3.000000000000000000 ) ) ;
#5358 = CARTESIAN_POINT ( 'NONE',  ( 39.16013196753240777, -3.499931335448993597, 3.000000000000000000 ) ) ;
#5359 = ORIENTED_EDGE ( 'NONE', *, *, #3459, .F. ) ;
#5360 = ORIENTED_EDGE ( 'NONE', *, *, #4078, .F. ) ;
#5361 = EDGE_LOOP ( 'NONE', ( #4876 ) ) ;
#5362 = CARTESIAN_POINT ( 'NONE',  ( 13.53999999999997605, -18.54000000000002402, 23.43294756465299500 ) ) ;
#5363 = ORIENTED_EDGE ( 'NONE', *, *, #5866, .F. ) ;
#5364 = VECTOR ( 'NONE', #3836, 1000.000000000000000 ) ;
#5365 = DIRECTION ( 'NONE',  ( 0.000000000000000000, 0.000000000000000000, 1.000000000000000000 ) ) ;
#5366 = LINE ( 'NONE', #4385, #1305 ) ;
#5367 = ORIENTED_EDGE ( 'NONE', *, *, #2256, .T. ) ;
#5368 = EDGE_CURVE ( 'NONE', #2193, #2237, #3186, .T. ) ;
#5369 = CARTESIAN_POINT ( 'NONE',  ( -44.35714285714286120, 45.59291590537790029, 0.000000000000000000 ) ) ;
#5370 = LINE ( 'NONE', #1248, #3851 ) ;
#5371 = CARTESIAN_POINT ( 'NONE',  ( 41.99999999999999289, 28.00000000000006395, 0.000000000000000000 ) ) ;
#5372 = CARTESIAN_POINT ( 'NONE',  ( -39.16013196753240777, -10.49993133544899493, 1.449999496535329335 ) ) ;
#5373 = ORIENTED_EDGE ( 'NONE', *, *, #533, .F. ) ;
#5374 = CIRCLE ( 'NONE', #515, 0.5000000000000004441 ) ;
#5375 = DIRECTION ( 'NONE',  ( -0.000000000000000000, -0.000000000000000000, -1.000000000000000000 ) ) ;
#5376 = PLANE ( 'NONE',  #5106 ) ;
#5377 = ORIENTED_EDGE ( 'NONE', *, *, #5233, .T. ) ;
#5378 = CARTESIAN_POINT ( 'NONE',  ( -53.50000000000002132, -34.70000096090559083, 1.450000554354274218 ) ) ;
#5379 = AXIS2_PLACEMENT_3D ( 'NONE', #4684, #586, #1119 ) ;
#5380 = EDGE_CURVE ( 'NONE', #5123, #1324, #4501, .T. ) ;
#5381 = AXIS2_PLACEMENT_3D ( 'NONE', #2858, #5182, #159 ) ;
#5382 = EDGE_CURVE ( 'NONE', #3248, #1480, #5105, .T. ) ;
#5383 = DIRECTION ( 'NONE',  ( 0.000000000000000000, -0.000000000000000000, -1.000000000000000000 ) ) ;
#5384 = VECTOR ( 'NONE', #4796, 1000.000000000000000 ) ;
#5385 = ORIENTED_EDGE ( 'NONE', *, *, #418, .F. ) ;
#5386 = AXIS2_PLACEMENT_3D ( 'NONE', #1628, #4821, #4401 ) ;
#5387 = CYLINDRICAL_SURFACE ( 'NONE', #748, 3.499999999999999112 ) ;
#5388 = DIRECTION ( 'NONE',  ( 4.180742545671762101E-15, 4.371140887755362005E-08, 0.9999999999999992228 ) ) ;
#5389 = ORIENTED_EDGE ( 'NONE', *, *, #2657, .T. ) ;
#5390 = ORIENTED_EDGE ( 'NONE', *, *, #930, .T. ) ;
#5391 = EDGE_LOOP ( 'NONE', ( #2695, #5483, #2591, #3842 ) ) ;
#5392 = EDGE_CURVE ( 'NONE', #2937, #612, #2708, .T. ) ;
#5393 = EDGE_CURVE ( 'NONE', #1304, #456, #3675, .T. ) ;
#5394 = CIRCLE ( 'NONE', #241, 1.750000000000001554 ) ;
#5395 = CARTESIAN_POINT ( 'NONE',  ( -51.70808186218739166, -2.999931335448996261, 0.000000000000000000 ) ) ;
#5396 = ORIENTED_EDGE ( 'NONE', *, *, #5773, .T. ) ;
#5397 = DIRECTION ( 'NONE',  ( 0.000000000000000000, 0.000000000000000000, 1.000000000000000000 ) ) ;
#5398 = DIRECTION ( 'NONE',  ( -0.000000000000000000, 0.000000000000000000, -1.000000000000000000 ) ) ;
#5399 = EDGE_LOOP ( 'NONE', ( #2738 ) ) ;
#5400 = FACE_BOUND ( 'NONE', #2414, .T. ) ;
#5401 = DIRECTION ( 'NONE',  ( -3.469446951953611033E-15, -0.9999999999999991118, 4.371140884147635601E-08 ) ) ;
#5402 = FACE_BOUND ( 'NONE', #695, .T. ) ;
#5403 = LINE ( 'NONE', #2662, #1431 ) ;
#5404 = EDGE_LOOP ( 'NONE', ( #3232 ) ) ;
#5405 = CIRCLE ( 'NONE', #3801, 12.50000000000000355 ) ;
#5406 = FACE_OUTER_BOUND ( 'NONE', #1721, .T. ) ;
#5407 = CIRCLE ( 'NONE', #1306, 2.999999999999995559 ) ;
#5408 = CARTESIAN_POINT ( 'NONE',  ( 17.49999999999998224, -26.50000000000002842, 1.450000195920380541 ) ) ;
#5409 = VERTEX_POINT ( 'NONE', #2232 ) ;
#5410 = ADVANCED_FACE ( 'NONE', ( #1782 ), #525, .F. ) ;
#5411 = CARTESIAN_POINT ( 'NONE',  ( 39.15996919751131600, -30.50120435652268824, 1.450000370818824935 ) ) ;
#5412 = CARTESIAN_POINT ( 'NONE',  ( -57.00000000000000000, -24.00000000000000000, 0.000000000000000000 ) ) ;
#5413 = LINE ( 'NONE', #4616, #4951 ) ;
#5414 = ORIENTED_EDGE ( 'NONE', *, *, #1216, .T. ) ;
#5415 = EDGE_LOOP ( 'NONE', ( #3338, #5576, #5472, #4781, #5082, #1326, #5104, #4885, #1836, #3239 ) ) ;
#5416 = CARTESIAN_POINT ( 'NONE',  ( -61.00000000000001421, 66.00000000000000000, 0.000000000000000000 ) ) ;
#5417 = AXIS2_PLACEMENT_3D ( 'NONE', #1044, #3928, #5612 ) ;
#5418 = EDGE_CURVE ( 'NONE', #1296, #2852, #5756, .T. ) ;
#5419 = CIRCLE ( 'NONE', #3831, 2.000000000000001776 ) ;
#5420 = AXIS2_PLACEMENT_3D ( 'NONE', #862, #4985, #473 ) ;
#5421 = CIRCLE ( 'NONE', #5701, 4.999999999999997335 ) ;
#5422 = CYLINDRICAL_SURFACE ( 'NONE', #2436, 12.50000000000000355 ) ;
#5423 = AXIS2_PLACEMENT_3D ( 'NONE', #2292, #4736, #2465 ) ;
#5424 = ORIENTED_EDGE ( 'NONE', *, *, #174, .F. ) ;
#5425 = ORIENTED_EDGE ( 'NONE', *, *, #970, .T. ) ;
#5426 = EDGE_CURVE ( 'NONE', #5004, #2778, #3192, .T. ) ;
#5427 = DIRECTION ( 'NONE',  ( -0.000000000000000000, -0.000000000000000000, 1.000000000000000000 ) ) ;
#5428 = CARTESIAN_POINT ( 'NONE',  ( 42.83884060894109780, -3.499931335448994929, 0.000000000000000000 ) ) ;
#5429 = ORIENTED_EDGE ( 'NONE', *, *, #4947, .T. ) ;
#5430 = DIRECTION ( 'NONE',  ( 1.000000000000000000, 0.000000000000000000, -0.000000000000000000 ) ) ;
#5431 = DIRECTION ( 'NONE',  ( -0.000000000000000000, 0.000000000000000000, -1.000000000000000000 ) ) ;
#5432 = DIRECTION ( 'NONE',  ( 1.000000000000000000, 0.000000000000000000, -4.180742545671766046E-15 ) ) ;
#5433 = AXIS2_PLACEMENT_3D ( 'NONE', #478, #63, #5525 ) ;
#5434 = CYLINDRICAL_SURFACE ( 'NONE', #1915, 2.000000000000001776 ) ;
#5435 = ORIENTED_EDGE ( 'NONE', *, *, #2297, .T. ) ;
#5436 = DIRECTION ( 'NONE',  ( 0.9999999998675463964, -1.627596612607036625E-05, 0.000000000000000000 ) ) ;
#5437 = VECTOR ( 'NONE', #3384, 1000.000000000000000 ) ;
#5438 = DIRECTION ( 'NONE',  ( -1.000000000000000000, 0.000000000000000000, 0.000000000000000000 ) ) ;
#5439 = FACE_OUTER_BOUND ( 'NONE', #336, .T. ) ;
#5440 = VERTEX_POINT ( 'NONE', #3603 ) ;
#5441 = ADVANCED_FACE ( 'NONE', ( #2358 ), #5422, .F. ) ;
#5442 = LINE ( 'NONE', #4015, #1853 ) ;
#5443 = EDGE_LOOP ( 'NONE', ( #1633, #2417, #5546, #2228 ) ) ;
#5444 = CARTESIAN_POINT ( 'NONE',  ( 37.42790211420572888, -31.50117616558996403, 0.000000000000000000 ) ) ;
#5445 = FACE_OUTER_BOUND ( 'NONE', #2278, .T. ) ;
#5446 = VERTEX_POINT ( 'NONE', #3312 ) ;
#5447 = EDGE_LOOP ( 'NONE', ( #844, #1488, #4413, #827 ) ) ;
#5448 = EDGE_LOOP ( 'NONE', ( #4263, #1438, #764, #2795 ) ) ;
#5449 = DIRECTION ( 'NONE',  ( -0.000000000000000000, -0.000000000000000000, -1.000000000000000000 ) ) ;
#5450 = DIRECTION ( 'NONE',  ( 0.000000000000000000, -0.9999999999999991118, 4.371140884147631631E-08 ) ) ;
#5451 = EDGE_CURVE ( 'NONE', #295, #3785, #139, .T. ) ;
#5452 = ORIENTED_EDGE ( 'NONE', *, *, #2679, .F. ) ;
#5453 = ORIENTED_EDGE ( 'NONE', *, *, #2583, .T. ) ;
#5454 = CARTESIAN_POINT ( 'NONE',  ( -39.16013196753240777, -3.499931335448993597, 0.000000000000000000 ) ) ;
#5455 = CARTESIAN_POINT ( 'NONE',  ( -39.16029472717970350, -30.49992961855991069, 1.450000370763431690 ) ) ;
#5456 = ORIENTED_EDGE ( 'NONE', *, *, #1663, .F. ) ;
#5457 = EDGE_CURVE ( 'NONE', #5779, #4502, #2388, .T. ) ;
#5458 = LINE ( 'NONE', #3194, #3233 ) ;
#5459 = VECTOR ( 'NONE', #5642, 1000.000000000000000 ) ;
#5460 = CARTESIAN_POINT ( 'NONE',  ( -39.16045748684096850, -40.49992961723538087, 0.000000000000000000 ) ) ;
#5461 = CARTESIAN_POINT ( 'NONE',  ( 38.79409815332108735, -44.85185707939992028, 1.450000998106073524 ) ) ;
#5462 = DIRECTION ( 'NONE',  ( -1.000000000000000000, 0.000000000000000000, 0.000000000000000000 ) ) ;
#5463 = CARTESIAN_POINT ( 'NONE',  ( -30.50012207031303291, -5.499931335448994929, 36.80533964865399810 ) ) ;
#5464 = ORIENTED_EDGE ( 'NONE', *, *, #1415, .T. ) ;
#5465 = AXIS2_PLACEMENT_3D ( 'NONE', #1497, #4322, #4776 ) ;
#5466 = DIRECTION ( 'NONE',  ( 0.000000000000000000, 0.000000000000000000, -1.000000000000000000 ) ) ;
#5467 = DIRECTION ( 'NONE',  ( 0.000000000000000000, 0.000000000000000000, -1.000000000000000000 ) ) ;
#5468 = DIRECTION ( 'NONE',  ( 1.000000000000000000, 0.000000000000000000, -0.000000000000000000 ) ) ;
#5469 = ORIENTED_EDGE ( 'NONE', *, *, #5086, .T. ) ;
#5470 = AXIS2_PLACEMENT_3D ( 'NONE', #4851, #4298, #5297 ) ;
#5471 = DIRECTION ( 'NONE',  ( -0.9999999998675463964, 1.627596612587094081E-05, 0.000000000000000000 ) ) ;
#5472 = ORIENTED_EDGE ( 'NONE', *, *, #932, .T. ) ;
#5473 = LINE ( 'NONE', #4017, #1614 ) ;
#5474 = CARTESIAN_POINT ( 'NONE',  ( 32.99999999999998579, -46.60000000000000853, 0.000000000000000000 ) ) ;
#5475 = AXIS2_PLACEMENT_3D ( 'NONE', #5541, #3218, #4564 ) ;
#5476 = ORIENTED_EDGE ( 'NONE', *, *, #5895, .F. ) ;
#5477 = ORIENTED_EDGE ( 'NONE', *, *, #253, .T. ) ;
#5478 = CIRCLE ( 'NONE', #2910, 1.750000000000008438 ) ;
#5479 = ORIENTED_EDGE ( 'NONE', *, *, #4518, .F. ) ;
#5480 = CARTESIAN_POINT ( 'NONE',  ( 53.13099752524905028, -31.34477641991259489, 23.43294756465299500 ) ) ;
#5481 = VECTOR ( 'NONE', #168, 1000.000000000000227 ) ;
#5482 = CARTESIAN_POINT ( 'NONE',  ( 17.49999999999998224, -24.75000000000002487, 0.000000000000000000 ) ) ;
#5483 = ORIENTED_EDGE ( 'NONE', *, *, #3464, .T. ) ;
#5484 = ORIENTED_EDGE ( 'NONE', *, *, #5609, .F. ) ;
#5485 = CARTESIAN_POINT ( 'NONE',  ( 39.15980643785005100, -40.50120435519815487, 0.000000000000000000 ) ) ;
#5486 = LINE ( 'NONE', #4626, #5326 ) ;
#5487 = VERTEX_POINT ( 'NONE', #5127 ) ;
#5488 = AXIS2_PLACEMENT_3D ( 'NONE', #3290, #4988, #28 ) ;
#5489 = EDGE_CURVE ( 'NONE', #21, #5835, #2891, .T. ) ;
#5490 = FACE_OUTER_BOUND ( 'NONE', #1120, .T. ) ;
#5491 = CARTESIAN_POINT ( 'NONE',  ( 30.49987792968802225, -35.50007057189900195, 1.450000589326344569 ) ) ;
#5492 = DIRECTION ( 'NONE',  ( 0.000000000000000000, 0.000000000000000000, 1.000000000000000000 ) ) ;
#5493 = DIRECTION ( 'NONE',  ( 0.000000000000000000, 0.000000000000000000, -1.000000000000000000 ) ) ;
#5494 = FACE_OUTER_BOUND ( 'NONE', #2321, .T. ) ;
#5495 = VERTEX_POINT ( 'NONE', #1094 ) ;
#5496 = DIRECTION ( 'NONE',  ( 0.000000000000000000, -0.000000000000000000, -1.000000000000000000 ) ) ;
#5497 = CARTESIAN_POINT ( 'NONE',  ( 10.99999999999997513, -18.54000000000002757, 0.000000000000000000 ) ) ;
#5498 = EDGE_CURVE ( 'NONE', #1430, #2179, #3426, .T. ) ;
#5499 = CARTESIAN_POINT ( 'NONE',  ( 52.20779702069211226, -38.00141672351978173, 0.000000000000000000 ) ) ;
#5500 = ADVANCED_FACE ( 'NONE', ( #1993 ), #5600, .F. ) ;
#5501 = ORIENTED_EDGE ( 'NONE', *, *, #5768, .F. ) ;
#5502 = EDGE_CURVE ( 'NONE', #3455, #3511, #5682, .T. ) ;
#5503 = CARTESIAN_POINT ( 'NONE',  ( 32.99999999999990052, -46.60000000000000853, 1.450001074519636335 ) ) ;
#5504 = ORIENTED_EDGE ( 'NONE', *, *, #5553, .F. ) ;
#5505 = DIRECTION ( 'NONE',  ( -1.000000000000000000, -0.000000000000000000, -0.000000000000000000 ) ) ;
#5506 = DIRECTION ( 'NONE',  ( 0.000000000000000000, -0.000000000000000000, 1.000000000000000000 ) ) ;
#5507 = ORIENTED_EDGE ( 'NONE', *, *, #1550, .T. ) ;
#5508 = ORIENTED_EDGE ( 'NONE', *, *, #5457, .F. ) ;
#5509 = EDGE_LOOP ( 'NONE', ( #4559, #2587, #4202, #2462 ) ) ;
#5510 = DIRECTION ( 'NONE',  ( 1.000000000000000000, 0.000000000000000000, 0.000000000000000000 ) ) ;
#5511 = DIRECTION ( 'NONE',  ( 1.000000000000000000, 0.000000000000000000, 0.000000000000000000 ) ) ;
#5512 = EDGE_LOOP ( 'NONE', ( #703, #1501, #5632, #3471 ) ) ;
#5513 = ORIENTED_EDGE ( 'NONE', *, *, #1375, .T. ) ;
#5514 = PLANE ( 'NONE',  #4634 ) ;
#5515 = DIRECTION ( 'NONE',  ( 1.000000000000000000, 0.000000000000000000, 0.000000000000000000 ) ) ;
#5516 = ORIENTED_EDGE ( 'NONE', *, *, #3093, .T. ) ;
#5517 = AXIS2_PLACEMENT_3D ( 'NONE', #3340, #3870, #1061 ) ;
#5518 = AXIS2_PLACEMENT_3D ( 'NONE', #2373, #1377, #1795 ) ;
#5519 = EDGE_CURVE ( 'NONE', #2700, #3000, #2238, .T. ) ;
#5520 = DIRECTION ( 'NONE',  ( 0.000000000000000000, 0.000000000000000000, 1.000000000000000000 ) ) ;
#5521 = PRODUCT_DEFINITION_FORMATION_WITH_SPECIFIED_SOURCE ( 'ANY', '', #2453, .NOT_KNOWN. ) ;
#5522 = DIRECTION ( 'NONE',  ( 1.000000000000000000, 0.000000000000000000, 0.000000000000000000 ) ) ;
#5523 = CARTESIAN_POINT ( 'NONE',  ( 39.15992036961294076, -33.50120435612532077, 0.000000000000000000 ) ) ;
#5524 = CARTESIAN_POINT ( 'NONE',  ( 43.50000000000000000, 20.50000000000001066, 1.500000000000000000 ) ) ;
#5525 = DIRECTION ( 'NONE',  ( 1.000000000000000000, -1.387778780781446464E-15, 0.000000000000000000 ) ) ;
#5526 = EDGE_CURVE ( 'NONE', #3215, #2011, #4741, .T. ) ;
#5527 = ORIENTED_EDGE ( 'NONE', *, *, #5393, .T. ) ;
#5528 = CARTESIAN_POINT ( 'NONE',  ( 43.99999999999998579, -53.00000000000000711, 1.450001354272606235 ) ) ;
#5529 = DIRECTION ( 'NONE',  ( 0.000000000000000000, -0.000000000000000000, 1.000000000000000000 ) ) ;
#5530 = FACE_OUTER_BOUND ( 'NONE', #819, .T. ) ;
#5531 = ADVANCED_FACE ( 'NONE', ( #641 ), #5654, .F. ) ;
#5532 = ORIENTED_EDGE ( 'NONE', *, *, #716, .F. ) ;
#5533 = VECTOR ( 'NONE', #3547, 1000.000000000000000 ) ;
#5534 = EDGE_CURVE ( 'NONE', #3256, #2448, #3096, .T. ) ;
#5535 = CARTESIAN_POINT ( 'NONE',  ( 50.52500206014519790, -33.14931592906049218, 0.000000000000000000 ) ) ;
#5536 = CARTESIAN_POINT ( 'NONE',  ( 37.42790211420572888, -31.50117616558996403, 1.450000414529008852 ) ) ;
#5537 = CARTESIAN_POINT ( 'NONE',  ( 58.50000000000000000, 55.00000000000000711, 3.000000000000000000 ) ) ;
#5538 = ORIENTED_EDGE ( 'NONE', *, *, #4224, .F. ) ;
#5539 = ORIENTED_EDGE ( 'NONE', *, *, #2848, .F. ) ;
#5540 = DIRECTION ( 'NONE',  ( -0.000000000000000000, -0.000000000000000000, -1.000000000000000000 ) ) ;
#5541 = CARTESIAN_POINT ( 'NONE',  ( -45.00000000000000711, 42.66260283441133083, 1.500000000000000000 ) ) ;
#5542 = ORIENTED_EDGE ( 'NONE', *, *, #1047, .T. ) ;
#5543 = VERTEX_POINT ( 'NONE', #1935 ) ;
#5544 = FACE_OUTER_BOUND ( 'NONE', #4442, .T. ) ;
#5545 = DIRECTION ( 'NONE',  ( -0.000000000000000000, -0.000000000000000000, -1.000000000000000000 ) ) ;
#5546 = ORIENTED_EDGE ( 'NONE', *, *, #3126, .T. ) ;
#5547 = FACE_OUTER_BOUND ( 'NONE', #1839, .T. ) ;
#5548 = DIRECTION ( 'NONE',  ( -1.000000000000000000, 0.000000000000000000, 0.000000000000000000 ) ) ;
#5549 = CARTESIAN_POINT ( 'NONE',  ( 4.574954986571961868, -57.07508182525601370, 1.450001532400338355 ) ) ;
#5550 = CYLINDRICAL_SURFACE ( 'NONE', #424, 2.000000000000001776 ) ;
#5551 = CARTESIAN_POINT ( 'NONE',  ( -42.63478316982463667, -2.499931335449001146, 1.449999146844068942 ) ) ;
#5552 = EDGE_LOOP ( 'NONE', ( #263, #3064, #1923, #521, #2135, #5747, #4589, #5631, #3771, #3159, #1411, #5678, #5713, #3188, #239, #2057 ) ) ;
#5553 = EDGE_CURVE ( 'NONE', #4569, #4825, #5568, .T. ) ;
#5554 = CARTESIAN_POINT ( 'NONE',  ( 51.70808186218739166, -7.999931335448993153, 0.000000000000000000 ) ) ;
#5555 = DIRECTION ( 'NONE',  ( 1.000000000000000000, 0.000000000000000000, 0.000000000000000000 ) ) ;
#5556 = DIRECTION ( 'NONE',  ( -1.000000000000000000, 0.000000000000000000, 0.000000000000000000 ) ) ;
#5557 = ORIENTED_EDGE ( 'NONE', *, *, #3287, .F. ) ;
#5558 = AXIS2_PLACEMENT_3D ( 'NONE', #2850, #5529, #1441 ) ;
#5559 = CARTESIAN_POINT ( 'NONE',  ( -37.43782217350893404, 53.00000000000003553, 0.000000000000000000 ) ) ;
#5560 = VECTOR ( 'NONE', #70, 1000.000000000000000 ) ;
#5561 = CARTESIAN_POINT ( 'NONE',  ( 37.42777190647672114, -39.50117616453032809, 3.000000000000000000 ) ) ;
#5562 = VERTEX_POINT ( 'NONE', #4285 ) ;
#5563 = EDGE_CURVE ( 'NONE', #2448, #1354, #163, .T. ) ;
#5564 = ORIENTED_EDGE ( 'NONE', *, *, #1394, .T. ) ;
#5565 = EDGE_LOOP ( 'NONE', ( #1736, #4908, #2384, #3543, #311, #5731 ) ) ;
#5566 = DIRECTION ( 'NONE',  ( -0.000000000000000000, -0.000000000000000000, -1.000000000000000000 ) ) ;
#5567 = ADVANCED_FACE ( 'NONE', ( #3401 ), #1574, .F. ) ;
#5568 = CIRCLE ( 'NONE', #414, 1.750000000000001554 ) ;
#5569 = VECTOR ( 'NONE', #713, 999.9999999999998863 ) ;
#5570 = DIRECTION ( 'NONE',  ( -0.000000000000000000, -0.000000000000000000, -1.000000000000000000 ) ) ;
#5571 = EDGE_CURVE ( 'NONE', #2778, #1541, #2864, .T. ) ;
#5572 = ORIENTED_EDGE ( 'NONE', *, *, #572, .F. ) ;
#5573 = VERTEX_POINT ( 'NONE', #1544 ) ;
#5574 = DIRECTION ( 'NONE',  ( 1.000000000000000000, 0.000000000000000000, 0.000000000000000000 ) ) ;
#5575 = DIRECTION ( 'NONE',  ( -1.000000000000000000, 0.000000000000000000, 0.000000000000000000 ) ) ;
#5576 = ORIENTED_EDGE ( 'NONE', *, *, #2410, .T. ) ;
#5577 = ADVANCED_FACE ( 'NONE', ( #3757 ), #2470, .T. ) ;
#5578 = EDGE_CURVE ( 'NONE', #2059, #4569, #2416, .T. ) ;
#5579 = AXIS2_PLACEMENT_3D ( 'NONE', #1004, #3672, #19 ) ;
#5580 = AXIS2_PLACEMENT_3D ( 'NONE', #5594, #4706, #2913 ) ;
#5581 = LINE ( 'NONE', #1100, #3518 ) ;
#5582 = CARTESIAN_POINT ( 'NONE',  ( -61.00000000000001421, -66.00000000000000000, 3.000000000000000000 ) ) ;
#5583 = CARTESIAN_POINT ( 'NONE',  ( -42.83908474956610490, -3.499931335448994485, 0.000000000000000000 ) ) ;
#5584 = VECTOR ( 'NONE', #3198, 1000.000000000000000 ) ;
#5585 = CARTESIAN_POINT ( 'NONE',  ( 65.99999999999998579, -60.99999999999999289, 3.000000000000000000 ) ) ;
#5586 = VECTOR ( 'NONE', #363, 999.9999999999998863 ) ;
#5587 = CARTESIAN_POINT ( 'NONE',  ( -51.70808186218739166, -2.999931335448996261, 3.000000000000000000 ) ) ;
#5588 = ORIENTED_EDGE ( 'NONE', *, *, #3824, .F. ) ;
#5589 = CIRCLE ( 'NONE', #1386, 1.750000000000001554 ) ;
#5590 = CARTESIAN_POINT ( 'NONE',  ( 15.53999999999997783, -18.54000000000002757, 23.43294756465299500 ) ) ;
#5591 = CARTESIAN_POINT ( 'NONE',  ( 55.67099752524903522, -33.09477664196644042, 1.450000484187199623 ) ) ;
#5592 = CARTESIAN_POINT ( 'NONE',  ( 30.49963378098338396, -35.50106340185905651, 0.000000000000000000 ) ) ;
#5593 = CARTESIAN_POINT ( 'NONE',  ( 42.00000000000000000, 46.00000000000001421, 1.500000000000000000 ) ) ;
#5594 = CARTESIAN_POINT ( 'NONE',  ( -54.50000000000002132, -22.00000000000000355, 23.43294756465299500 ) ) ;
#5595 = ORIENTED_EDGE ( 'NONE', *, *, #3279, .F. ) ;
#5596 = ORIENTED_EDGE ( 'NONE', *, *, #3209, .F. ) ;
#5597 = DIRECTION ( 'NONE',  ( -1.000000000000000000, 0.000000000000000000, 0.000000000000000000 ) ) ;
#5598 = EDGE_CURVE ( 'NONE', #2819, #4534, #4338, .T. ) ;
#5599 = CIRCLE ( 'NONE', #3025, 1.750000000000001554 ) ;
#5600 = CYLINDRICAL_SURFACE ( 'NONE', #2715, 1.000000000000000888 ) ;
#5601 = VECTOR ( 'NONE', #1226, 1000.000000000000000 ) ;
#5602 = VERTEX_POINT ( 'NONE', #5358 ) ;
#5603 = ORIENTED_EDGE ( 'NONE', *, *, #4328, .F. ) ;
#5604 = DIRECTION ( 'NONE',  ( 1.000000000000000000, 0.000000000000000000, 0.000000000000000000 ) ) ;
#5605 = CARTESIAN_POINT ( 'NONE',  ( -39.16032727911196076, -32.49992961829499905, 1.450000458186249563 ) ) ;
#5606 = ORIENTED_EDGE ( 'NONE', *, *, #2136, .F. ) ;
#5607 = ADVANCED_FACE ( 'NONE', ( #2618 ), #4439, .F. ) ;
#5608 = DIRECTION ( 'NONE',  ( -0.000000000000000000, -0.000000000000000000, -1.000000000000000000 ) ) ;
#5609 = EDGE_CURVE ( 'NONE', #2937, #5835, #3293, .T. ) ;
#5610 = LINE ( 'NONE', #2504, #2424 ) ;
#5611 = LINE ( 'NONE', #1582, #3105 ) ;
#5612 = DIRECTION ( 'NONE',  ( 0.9999999998675465074, -1.627596612520374651E-05, 0.000000000000000000 ) ) ;
#5613 = DIRECTION ( 'NONE',  ( 1.000000000000000000, 0.000000000000000000, 0.000000000000000000 ) ) ;
#5614 = EDGE_LOOP ( 'NONE', ( #5184 ) ) ;
#5615 = AXIS2_PLACEMENT_3D ( 'NONE', #3714, #2753, #3171 ) ;
#5616 = AXIS2_PLACEMENT_3D ( 'NONE', #319, #2149, #3069 ) ;
#5617 = CARTESIAN_POINT ( 'NONE',  ( 39.15983898978127797, -38.50120435546305941, 1.450000720509840857 ) ) ;
#5618 = CARTESIAN_POINT ( 'NONE',  ( -30.50012207031303291, -35.50007057189900195, 1.450000589326601252 ) ) ;
#5619 = CIRCLE ( 'NONE', #2664, 1.749999999999996225 ) ;
#5620 = CARTESIAN_POINT ( 'NONE',  ( -43.50000000000000000, 49.50000000000000711, 0.000000000000000000 ) ) ;
#5621 = ORIENTED_EDGE ( 'NONE', *, *, #23, .T. ) ;
#5622 = FACE_OUTER_BOUND ( 'NONE', #4121, .T. ) ;
#5623 = DIRECTION ( 'NONE',  ( -0.000000000000000000, -0.000000000000000000, 1.000000000000000000 ) ) ;
#5624 = ORIENTED_EDGE ( 'NONE', *, *, #1707, .F. ) ;
#5625 = AXIS2_PLACEMENT_3D ( 'NONE', #262, #2513, #685 ) ;
#5626 = ORIENTED_EDGE ( 'NONE', *, *, #1929, .F. ) ;
#5627 = CARTESIAN_POINT ( 'NONE',  ( 4.574954986571961868, -58.82508182525602791, 1.450001608895304051 ) ) ;
#5628 = EDGE_CURVE ( 'NONE', #3847, #612, #370, .T. ) ;
#5629 = AXIS2_PLACEMENT_3D ( 'NONE', #3849, #197, #2948 ) ;
#5630 = CARTESIAN_POINT ( 'NONE',  ( 39.15993664557803555, -32.50120435625778015, 1.450000458241642365 ) ) ;
#5631 = ORIENTED_EDGE ( 'NONE', *, *, #5336, .F. ) ;
#5632 = ORIENTED_EDGE ( 'NONE', *, *, #4337, .T. ) ;
#5633 = PLANE ( 'NONE',  #2996 ) ;
#5634 = DIRECTION ( 'NONE',  ( -0.000000000000000000, -0.000000000000000000, -1.000000000000000000 ) ) ;
#5635 = CYLINDRICAL_SURFACE ( 'NONE', #5278, 4.999999999999997335 ) ;
#5636 = PLANE ( 'NONE',  #5465 ) ;
#5637 = FACE_OUTER_BOUND ( 'NONE', #3843, .T. ) ;
#5638 = CARTESIAN_POINT ( 'NONE',  ( -30.50012207031302935, -35.50007057189899484, 3.000000000000000000 ) ) ;
#5639 = CARTESIAN_POINT ( 'NONE',  ( 41.99999999999999289, 28.00000000000002842, 0.000000000000000000 ) ) ;
#5640 = EDGE_CURVE ( 'NONE', #1361, #2171, #5772, .T. ) ;
#5641 = CARTESIAN_POINT ( 'NONE',  ( -38.00000000000000000, 46.00000000000002842, 1.500000000000000000 ) ) ;
#5642 = DIRECTION ( 'NONE',  ( -0.000000000000000000, -0.000000000000000000, 1.000000000000000000 ) ) ;
#5643 = LINE ( 'NONE', #5205, #799 ) ;
#5644 = EDGE_CURVE ( 'NONE', #1385, #5298, #341, .T. ) ;
#5645 = VERTEX_POINT ( 'NONE', #3062 ) ;
#5646 = EDGE_CURVE ( 'NONE', #4136, #4786, #2387, .T. ) ;
#5647 = CARTESIAN_POINT ( 'NONE',  ( -44.35714285714286120, 45.59291590537790029, 1.500000000000000000 ) ) ;
#5648 = AXIS2_PLACEMENT_3D ( 'NONE', #5785, #773, #3045 ) ;
#5649 = DIRECTION ( 'NONE',  ( 0.000000000000000000, 0.000000000000000000, 1.000000000000000000 ) ) ;
#5650 = ORIENTED_EDGE ( 'NONE', *, *, #3531, .T. ) ;
#5651 = VERTEX_POINT ( 'NONE', #2556 ) ;
#5652 = LINE ( 'NONE', #4649, #2940 ) ;
#5653 = CIRCLE ( 'NONE', #510, 7.000000000000002665 ) ;
#5654 = PLANE ( 'NONE',  #1279 ) ;
#5655 = ORIENTED_EDGE ( 'NONE', *, *, #2789, .F. ) ;
#5656 = ORIENTED_EDGE ( 'NONE', *, *, #2253, .F. ) ;
#5657 = LINE ( 'NONE', #3822, #5481 ) ;
#5658 = DIRECTION ( 'NONE',  ( -1.000000000000000000, 0.000000000000000000, 0.000000000000000000 ) ) ;
#5659 = CIRCLE ( 'NONE', #2044, 2.000000000000001776 ) ;
#5660 = LINE ( 'NONE', #1069, #3896 ) ;
#5661 = CARTESIAN_POINT ( 'NONE',  ( -66.00000000000001421, -61.00000000000000711, 3.000000000000000000 ) ) ;
#5662 = DIRECTION ( 'NONE',  ( 1.000000000000000000, 0.000000000000000000, 0.000000000000000000 ) ) ;
#5663 = EDGE_LOOP ( 'NONE', ( #4476, #4195, #4623, #4106 ) ) ;
#5664 = VECTOR ( 'NONE', #1815, 1000.000000000000000 ) ;
#5665 = VECTOR ( 'NONE', #2964, 1000.000000000000000 ) ;
#5666 = EDGE_CURVE ( 'NONE', #4970, #2363, #1720, .T. ) ;
#5667 = CIRCLE ( 'NONE', #4249, 1.000000000000001776 ) ;
#5668 = LINE ( 'NONE', #2880, #4683 ) ;
#5669 = CARTESIAN_POINT ( 'NONE',  ( -37.42808115996353280, -9.499931335448996705, 1.449999452823913071 ) ) ;
#5670 = PLANE ( 'NONE',  #1378 ) ;
#5671 = ORIENTED_EDGE ( 'NONE', *, *, #1580, .F. ) ;
#5672 = EDGE_CURVE ( 'NONE', #2551, #1466, #787, .T. ) ;
#5673 = VECTOR ( 'NONE', #441, 1000.000000000000227 ) ;
#5674 = DIRECTION ( 'NONE',  ( 0.9999999998675465074, -1.627596612607113536E-05, 0.000000000000000000 ) ) ;
#5675 = ADVANCED_FACE ( 'NONE', ( #4464 ), #2200, .F. ) ;
#5676 = FACE_OUTER_BOUND ( 'NONE', #4887, .T. ) ;
#5677 = ORIENTED_EDGE ( 'NONE', *, *, #4329, .F. ) ;
#5678 = ORIENTED_EDGE ( 'NONE', *, *, #5783, .T. ) ;
#5679 = LINE ( 'NONE', #2890, #84 ) ;
#5680 = EDGE_CURVE ( 'NONE', #2730, #1889, #750, .T. ) ;
#5681 = AXIS2_PLACEMENT_3D ( 'NONE', #3754, #5566, #5597 ) ;
#5682 = LINE ( 'NONE', #3845, #3479 ) ;
#5683 = EDGE_LOOP ( 'NONE', ( #514, #5244, #379, #5277 ) ) ;
#5684 = ORIENTED_EDGE ( 'NONE', *, *, #4793, .T. ) ;
#5685 = CARTESIAN_POINT ( 'NONE',  ( 53.13099752524905028, -31.34477641991259489, 1.450000407692237481 ) ) ;
#5686 = CARTESIAN_POINT ( 'NONE',  ( 13.53999999999997605, -20.54000000000002757, 1.449999935400402062 ) ) ;
#5687 = DIRECTION ( 'NONE',  ( 1.000000000000000000, -1.994248318681190000E-16, -4.180742536954625851E-15 ) ) ;
#5688 = PLANE ( 'NONE',  #2446 ) ;
#5689 = ORIENTED_EDGE ( 'NONE', *, *, #2445, .T. ) ;
#5690 = CYLINDRICAL_SURFACE ( 'NONE', #2008, 12.50000000000000355 ) ;
#5691 = ORIENTED_EDGE ( 'NONE', *, *, #462, .F. ) ;
#5692 = ADVANCED_FACE ( 'NONE', ( #308 ), #4018, .F. ) ;
#5693 = CARTESIAN_POINT ( 'NONE',  ( -57.50000000000001421, -39.99999999999999289, 1.450000786024713051 ) ) ;
#5694 = LINE ( 'NONE', #1559, #1461 ) ;
#5695 = EDGE_CURVE ( 'NONE', #5651, #5446, #2970, .T. ) ;
#5696 = DIRECTION ( 'NONE',  ( 1.000000000000000000, 0.000000000000000000, 0.000000000000000000 ) ) ;
#5697 = ORIENTED_EDGE ( 'NONE', *, *, #2547, .T. ) ;
#5698 = AXIS2_PLACEMENT_3D ( 'NONE', #2250, #3234, #5496 ) ;
#5699 = AXIS2_PLACEMENT_3D ( 'NONE', #190, #3816, #4314 ) ;
#5700 = CIRCLE ( 'NONE', #3712, 7.999999999999996447 ) ;
#5701 = AXIS2_PLACEMENT_3D ( 'NONE', #5357, #5032, #816 ) ;
#5702 = CARTESIAN_POINT ( 'NONE',  ( 8.999999999999976907, -18.54000000000002757, 23.43294756465299500 ) ) ;
#5703 = ADVANCED_FACE ( 'NONE', ( #694 ), #1174, .F. ) ;
#5704 = VECTOR ( 'NONE', #2260, 1000.000000000000000 ) ;
#5705 = CARTESIAN_POINT ( 'NONE',  ( 51.70808186218739166, -2.999931335448996261, 3.000000000000000000 ) ) ;
#5706 = ORIENTED_EDGE ( 'NONE', *, *, #3320, .F. ) ;
#5707 = VERTEX_POINT ( 'NONE', #3901 ) ;
#5708 = LINE ( 'NONE', #2581, #3303 ) ;
#5709 = EDGE_CURVE ( 'NONE', #1809, #2992, #5711, .T. ) ;
#5710 = AXIS2_PLACEMENT_3D ( 'NONE', #5587, #2428, #4577 ) ;
#5711 = LINE ( 'NONE', #3030, #2000 ) ;
#5712 = ORIENTED_EDGE ( 'NONE', *, *, #540, .T. ) ;
#5713 = ORIENTED_EDGE ( 'NONE', *, *, #4869, .T. ) ;
#5714 = DIRECTION ( 'NONE',  ( -4.180742545671762101E-15, -4.371140887755362005E-08, -0.9999999999999992228 ) ) ;
#5715 = ORIENTED_EDGE ( 'NONE', *, *, #5009, .F. ) ;
#5716 = AXIS2_PLACEMENT_3D ( 'NONE', #2928, #681, #5662 ) ;
#5717 = AXIS2_PLACEMENT_3D ( 'NONE', #3374, #1034, #1123 ) ;
#5718 = DIRECTION ( 'NONE',  ( 4.180742545671762101E-15, 4.371140887755362005E-08, 0.9999999999999992228 ) ) ;
#5719 = CARTESIAN_POINT ( 'NONE',  ( 30.49987792968802225, -5.499931335448994929, 1.449999277977993772 ) ) ;
#5720 = ORIENTED_EDGE ( 'NONE', *, *, #2918, .T. ) ;
#5721 = DIRECTION ( 'NONE',  ( 1.000000000000000000, 2.775557561562891745E-15, -4.180742666995297129E-15 ) ) ;
#5722 = ORIENTED_EDGE ( 'NONE', *, *, #2583, .F. ) ;
#5723 = CARTESIAN_POINT ( 'NONE',  ( 10.99999999999997513, -13.46000000000002927, 0.000000000000000000 ) ) ;
#5724 = CARTESIAN_POINT ( 'NONE',  ( -42.83905219599951408, -33.49986974362531811, 36.80533964865399810 ) ) ;
#5725 = CARTESIAN_POINT ( 'NONE',  ( -56.50000000000001421, -34.70000000000000284, 0.000000000000000000 ) ) ;
#5726 = ORIENTED_EDGE ( 'NONE', *, *, #1230, .T. ) ;
#5727 = PLANE ( 'NONE',  #4934 ) ;
#5728 = CARTESIAN_POINT ( 'NONE',  ( 15.53999999999997783, -13.46000000000002750, 1.449999625923617419 ) ) ;
#5729 = APPROVAL_STATUS ( 'not_yet_approved' ) ;
#5730 = VERTEX_POINT ( 'NONE', #4823 ) ;
#5731 = ORIENTED_EDGE ( 'NONE', *, *, #4628, .F. ) ;
#5732 = CARTESIAN_POINT ( 'NONE',  ( -57.50000000000001421, -34.70000000000000995, 1.450000670189480090 ) ) ;
#5733 = VECTOR ( 'NONE', #1767, 1000.000000000000000 ) ;
#5734 = CYLINDRICAL_SURFACE ( 'NONE', #3133, 5.000000000000004441 ) ;
#5735 = VERTEX_POINT ( 'NONE', #4376 ) ;
#5736 = ADVANCED_FACE ( 'NONE', ( #5738 ), #3485, .T. ) ;
#5737 = DIRECTION ( 'NONE',  ( -0.000000000000000000, 0.000000000000000000, -1.000000000000000000 ) ) ;
#5738 = FACE_OUTER_BOUND ( 'NONE', #851, .T. ) ;
#5739 = ORIENTED_EDGE ( 'NONE', *, *, #4358, .F. ) ;
#5740 = EDGE_LOOP ( 'NONE', ( #2042, #2394, #2676, #2993 ) ) ;
#5741 = FACE_OUTER_BOUND ( 'NONE', #3252, .T. ) ;
#5742 = ORIENTED_EDGE ( 'NONE', *, *, #1209, .F. ) ;
#5743 = VECTOR ( 'NONE', #292, 1000.000000000000000 ) ;
#5744 = EDGE_CURVE ( 'NONE', #2944, #5776, #1688, .T. ) ;
#5745 = DIRECTION ( 'NONE',  ( -1.000000000000000000, -0.000000000000000000, -0.000000000000000000 ) ) ;
#5746 = EDGE_CURVE ( 'NONE', #3794, #2491, #395, .T. ) ;
#5747 = ORIENTED_EDGE ( 'NONE', *, *, #848, .F. ) ;
#5748 = VECTOR ( 'NONE', #580, 1000.000000000000000 ) ;
#5749 = EDGE_CURVE ( 'NONE', #4136, #1095, #9, .T. ) ;
#5750 = DIRECTION ( 'NONE',  ( -1.000000000000000000, -0.000000000000000000, -0.000000000000000000 ) ) ;
#5751 = DIRECTION ( 'NONE',  ( -0.000000000000000000, -0.000000000000000000, -1.000000000000000000 ) ) ;
#5752 = EDGE_LOOP ( 'NONE', ( #372, #770, #1774, #2595, #2129, #18 ) ) ;
#5753 = CARTESIAN_POINT ( 'NONE',  ( -37.42826019580637364, -31.49995780922773392, 1.450000414476065869 ) ) ;
#5754 = DIRECTION ( 'NONE',  ( -1.000000000000000000, 0.000000000000000000, 0.000000000000000000 ) ) ;
#5755 = CARTESIAN_POINT ( 'NONE',  ( 51.70787840058896734, -33.00140858619899120, 0.000000000000000000 ) ) ;
#5756 = CIRCLE ( 'NONE', #995, 4.000000000000003553 ) ;
#5757 = AXIS2_PLACEMENT_3D ( 'NONE', #3414, #660, #4754 ) ;
#5758 = CARTESIAN_POINT ( 'NONE',  ( 30.49987792968802225, -35.50007057189900195, 36.80533964865399810 ) ) ;
#5759 = ORIENTED_EDGE ( 'NONE', *, *, #5380, .F. ) ;
#5760 = VECTOR ( 'NONE', #3734, 1000.000000000000000 ) ;
#5761 = CYLINDRICAL_SURFACE ( 'NONE', #4840, 0.5000000000000004441 ) ;
#5762 = LINE ( 'NONE', #5262, #2046 ) ;
#5763 = PERSON_AND_ORGANIZATION_ROLE ( 'design_owner' ) ;
#5764 = ORIENTED_EDGE ( 'NONE', *, *, #3042, .F. ) ;
#5765 = VECTOR ( 'NONE', #4354, 1000.000000000000000 ) ;
#5766 = VERTEX_POINT ( 'NONE', #3213 ) ;
#5767 = CARTESIAN_POINT ( 'NONE',  ( -37.43782217350893404, 50.00000000000002842, 0.000000000000000000 ) ) ;
#5768 = EDGE_CURVE ( 'NONE', #4355, #4600, #3619, .T. ) ;
#5769 = CARTESIAN_POINT ( 'NONE',  ( -13.92494201660204212, -53.87510013580300949, 1.450001392524706612 ) ) ;
#5770 = ORIENTED_EDGE ( 'NONE', *, *, #3554, .F. ) ;
#5771 = CARTESIAN_POINT ( 'NONE',  ( 42.00000000000000000, 42.66260283441132373, 0.000000000000000000 ) ) ;
#5772 = LINE ( 'NONE', #3929, #463 ) ;
#5773 = EDGE_CURVE ( 'NONE', #1115, #3555, #3693, .T. ) ;
#5774 = ORIENTED_EDGE ( 'NONE', *, *, #5866, .T. ) ;
#5775 = ORIENTED_EDGE ( 'NONE', *, *, #4729, .F. ) ;
#5776 = VERTEX_POINT ( 'NONE', #4073 ) ;
#5777 = DIRECTION ( 'NONE',  ( 0.000000000000000000, -0.9999999999999991118, 4.371140886858146988E-08 ) ) ;
#5778 = EDGE_CURVE ( 'NONE', #3873, #1480, #490, .T. ) ;
#5779 = VERTEX_POINT ( 'NONE', #2764 ) ;
#5780 = CARTESIAN_POINT ( 'NONE',  ( -42.63473434031897824, -32.49987306896336037, 1.450000458183792196 ) ) ;
#5781 = CARTESIAN_POINT ( 'NONE',  ( -42.63478316982463667, -2.499931335448995373, 0.000000000000000000 ) ) ;
#5782 = ORIENTED_EDGE ( 'NONE', *, *, #4365, .F. ) ;
#5783 = EDGE_CURVE ( 'NONE', #4637, #2999, #5798, .T. ) ;
#5784 = CARTESIAN_POINT ( 'NONE',  ( -30.49987792968801514, -5.499931269881881413, 1.449999277977991108 ) ) ;
#5785 = CARTESIAN_POINT ( 'NONE',  ( 15.53999999999997783, -13.46000000000002750, 23.43294756465299500 ) ) ;
#5786 = FACE_BOUND ( 'NONE', #1730, .T. ) ;
#5787 = DIRECTION ( 'NONE',  ( -1.000000000000000000, 0.000000000000000000, 0.000000000000000000 ) ) ;
#5788 = CIRCLE ( 'NONE', #4654, 12.50000000000000355 ) ;
#5789 = VERTEX_POINT ( 'NONE', #5889 ) ;
#5790 = CARTESIAN_POINT ( 'NONE',  ( -51.70827717210491414, -32.49972538828756541, 0.000000000000000000 ) ) ;
#5791 = FACE_OUTER_BOUND ( 'NONE', #4455, .T. ) ;
#5792 = MECHANICAL_CONTEXT ( 'NONE', #4130, 'mechanical' ) ;
#5793 = VECTOR ( 'NONE', #649, 1000.000000000000000 ) ;
#5794 = EDGE_LOOP ( 'NONE', ( #2521, #1810, #5479, #5212, #790, #151, #904, #1130, #2473, #3243 ) ) ;
#5795 = EDGE_LOOP ( 'NONE', ( #3904, #3147, #2564, #5006 ) ) ;
#5796 = CYLINDRICAL_SURFACE ( 'NONE', #1766, 1.000000000000000888 ) ;
#5797 = CIRCLE ( 'NONE', #5417, 2.000000000000002665 ) ;
#5798 = CIRCLE ( 'NONE', #1424, 2.000000000000003553 ) ;
#5799 = DIRECTION ( 'NONE',  ( -1.000000000000000000, 0.000000000000000000, 4.180742545671766046E-15 ) ) ;
#5800 = ORIENTED_EDGE ( 'NONE', *, *, #1106, .T. ) ;
#5801 = CLOSED_SHELL ( 'NONE', ( #1118, #4114, #4871, #4516, #1175, #2090, #5025, #5318, #4190, #5028, #3311, #5531, #472, #4957, #3900, #275, #3123, #1313, #1223, #4639, #2019, #4771, #3787, #1895, #841, #3635, #867, #1000, #4161, #4554, #957, #2691, #2299, #5261, #2246, #5885, #5703, #5577, #2532, #5736, #2879, #4734, #3264, #637, #4181, #4903, #1052, #4725, #1860, #3400, #2485, #3588, #3863, #4282, #5827, #4118, #3241, #4410, #351, #5410, #2439, #718, #592, #4956, #277, #2065, #4547, #3413, #5315, #2933, #3491, #2364, #3970, #4579, #4481, #1409, #3134, #1693, #4397, #204, #861, #3819, #1636, #2614, #5441, #94, #2341, #5069, #2542, #4079, #130, #1591, #50, #1781, #1367, #578, #5846, #978, #2769, #751, #2731, #103, #3722, #48, #4028, #2798, #979, #4334, #4080, #771, #4993, #693, #2574, #1927, #5567, #1029, #3462, #314, #4806, #2846, #3410, #4447, #4920, #5500, #77, #4411, #3832, #3225, #643, #2222, #5179, #2407, #2038, #4474, #1157, #3852, #1851, #744, #2510, #3745, #2483, #5174, #4199, #5675, #3170, #2175, #3895, #3276, #4402, #1159, #1188, #5692, #1999, #1010, #4104, #2075, #4595, #3238, #4197, #345, #4842, #4509, #1490, #4652, #5607, #3199, #1442, #1818, #5208, #4828, #5101, #4888, #1073, #3351, #4668, #1339, #5342, #3587, #3536 ) ) ;
#5802 = LINE ( 'NONE', #3212, #5898 ) ;
#5803 = DIRECTION ( 'NONE',  ( 0.000000000000000000, 0.000000000000000000, 1.000000000000000000 ) ) ;
#5804 = ORIENTED_EDGE ( 'NONE', *, *, #3833, .F. ) ;
#5805 = EDGE_LOOP ( 'NONE', ( #3988 ) ) ;
#5806 = ORIENTED_EDGE ( 'NONE', *, *, #1446, .T. ) ;
#5807 = EDGE_CURVE ( 'NONE', #884, #2109, #907, .T. ) ;
#5808 = VECTOR ( 'NONE', #3230, 1000.000000000000227 ) ;
#5809 = DIRECTION ( 'NONE',  ( -1.000000000000000000, 0.000000000000000000, 4.180742545671766046E-15 ) ) ;
#5810 = ORIENTED_EDGE ( 'NONE', *, *, #4290, .F. ) ;
#5811 = CARTESIAN_POINT ( 'NONE',  ( -30.50012207031303291, -35.50007057189900195, 1.450000589326601252 ) ) ;
#5812 = LINE ( 'NONE', #404, #4651 ) ;
#5813 = ORIENTED_EDGE ( 'NONE', *, *, #5526, .F. ) ;
#5814 = VECTOR ( 'NONE', #1465, 1000.000000000000000 ) ;
#5815 = DIRECTION ( 'NONE',  ( 0.000000000000000000, -1.000000000000000000, 0.000000000000000000 ) ) ;
#5816 = FACE_OUTER_BOUND ( 'NONE', #2637, .T. ) ;
#5817 = CARTESIAN_POINT ( 'NONE',  ( 55.67099752524903522, -33.09477641991259134, 23.43294756465299500 ) ) ;
#5818 = VECTOR ( 'NONE', #1153, 1000.000000000000000 ) ;
#5819 = CARTESIAN_POINT ( 'NONE',  ( 51.70808186218739166, -3.499931335448996261, 0.000000000000000000 ) ) ;
#5820 = ORIENTED_EDGE ( 'NONE', *, *, #2755, .T. ) ;
#5821 = EDGE_CURVE ( 'NONE', #3403, #1165, #4170, .T. ) ;
#5822 = DIRECTION ( 'NONE',  ( -0.000000000000000000, -0.000000000000000000, -1.000000000000000000 ) ) ;
#5823 = EDGE_CURVE ( 'NONE', #2567, #2078, #5413, .T. ) ;
#5824 = CARTESIAN_POINT ( 'NONE',  ( -37.99999999999997158, 24.00000000000002842, 0.000000000000000000 ) ) ;
#5825 = EDGE_CURVE ( 'NONE', #3455, #5487, #1872, .T. ) ;
#5826 = ORIENTED_EDGE ( 'NONE', *, *, #5153, .F. ) ;
#5827 = ADVANCED_FACE ( 'NONE', ( #1419 ), #5033, .F. ) ;
#5828 = DIRECTION ( 'NONE',  ( -0.000000000000000000, 0.000000000000000000, 1.000000000000000000 ) ) ;
#5829 = DIRECTION ( 'NONE',  ( 1.000000000000000000, 0.000000000000000000, 0.000000000000000000 ) ) ;
#5830 = ORIENTED_EDGE ( 'NONE', *, *, #65, .F. ) ;
#5831 = FACE_OUTER_BOUND ( 'NONE', #2896, .T. ) ;
#5832 = CARTESIAN_POINT ( 'NONE',  ( -56.50000000000001421, -40.00000000000000000, 0.000000000000000000 ) ) ;
#5833 = ORIENTED_EDGE ( 'NONE', *, *, #4460, .F. ) ;
#5834 = ORIENTED_EDGE ( 'NONE', *, *, #2585, .F. ) ;
#5835 = VERTEX_POINT ( 'NONE', #3629 ) ;
#5836 = CARTESIAN_POINT ( 'NONE',  ( 39.16013196753240777, -0.4999313354489935968, 1.449999059420913117 ) ) ;
#5837 = EDGE_LOOP ( 'NONE', ( #855, #2539, #5000, #3182, #3022, #3570, #488, #2705 ) ) ;
#5838 = VECTOR ( 'NONE', #2125, 1000.000000000000000 ) ;
#5839 = CARTESIAN_POINT ( 'NONE',  ( -54.50000000000002132, -40.00000000000000000, 0.000000000000000000 ) ) ;
#5840 = DIRECTION ( 'NONE',  ( 0.000000000000000000, -0.9999999999999991118, 4.371140886858146988E-08 ) ) ;
#5841 = ORIENTED_EDGE ( 'NONE', *, *, #5628, .F. ) ;
#5842 = DIRECTION ( 'NONE',  ( 1.000000000000000000, 0.000000000000000000, 0.000000000000000000 ) ) ;
#5843 = LINE ( 'NONE', #3012, #504 ) ;
#5844 = FACE_BOUND ( 'NONE', #141, .T. ) ;
#5845 = CARTESIAN_POINT ( 'NONE',  ( 55.00000000000000000, -55.00000000000000000, 3.000000000000000000 ) ) ;
#5846 = ADVANCED_FACE ( 'NONE', ( #1323 ), #3150, .F. ) ;
#5847 = ORIENTED_EDGE ( 'NONE', *, *, #2709, .T. ) ;
#5848 = AXIS2_PLACEMENT_3D ( 'NONE', #1514, #4261, #2047 ) ;
#5849 = CIRCLE ( 'NONE', #4144, 12.50000000000000000 ) ;
#5850 = CARTESIAN_POINT ( 'NONE',  ( -39.16042493490974152, -38.49992961750028542, 1.450000720454702519 ) ) ;
#5851 = LINE ( 'NONE', #2192, #1859 ) ;
#5852 = EDGE_CURVE ( 'NONE', #736, #4970, #1838, .T. ) ;
#5853 = VERTEX_POINT ( 'NONE', #1388 ) ;
#5854 = AXIS2_PLACEMENT_3D ( 'NONE', #1205, #4348, #1659 ) ;
#5855 = CIRCLE ( 'NONE', #1093, 0.5000000000000004441 ) ;
#5856 = EDGE_CURVE ( 'NONE', #350, #3525, #3140, .T. ) ;
#5857 = CARTESIAN_POINT ( 'NONE',  ( 13.53999999999997783, -11.46000000000002750, 1.449999538500810203 ) ) ;
#5858 = AXIS2_PLACEMENT_3D ( 'NONE', #5073, #2804, #54 ) ;
#5859 = AXIS2_PLACEMENT_3D ( 'NONE', #4372, #3954, #3478 ) ;
#5860 = DIRECTION ( 'NONE',  ( 0.000000000000000000, 0.9999999999999991118, -4.371140887755362005E-08 ) ) ;
#5861 = CARTESIAN_POINT ( 'NONE',  ( 51.70787840058896734, -33.00140858619899120, 3.000000000000000000 ) ) ;
#5862 = ORIENTED_EDGE ( 'NONE', *, *, #3934, .F. ) ;
#5863 = ORIENTED_EDGE ( 'NONE', *, *, #4834, .T. ) ;
#5864 = LINE ( 'NONE', #3217, #4480 ) ;
#5865 = CIRCLE ( 'NONE', #1770, 1.750000000000001554 ) ;
#5866 = EDGE_CURVE ( 'NONE', #3002, #5269, #3907, .T. ) ;
#5867 = DIRECTION ( 'NONE',  ( 0.000000000000000000, 0.000000000000000000, 1.000000000000000000 ) ) ;
#5868 = VERTEX_POINT ( 'NONE', #847 ) ;
#5869 = ORIENTED_EDGE ( 'NONE', *, *, #4620, .F. ) ;
#5870 = DIRECTION ( 'NONE',  ( -0.000000000000000000, -0.000000000000000000, -1.000000000000000000 ) ) ;
#5871 = LINE ( 'NONE', #4925, #4361 ) ;
#5872 = ORIENTED_EDGE ( 'NONE', *, *, #2770, .F. ) ;
#5873 = PLANE ( 'NONE',  #4946 ) ;
#5874 = CARTESIAN_POINT ( 'NONE',  ( -57.00000000000001421, -4.999999999999999112, 0.000000000000000000 ) ) ;
#5875 = DIRECTION ( 'NONE',  ( -1.000000000000000000, 0.000000000000000000, 0.000000000000000000 ) ) ;
#5876 = LINE ( 'NONE', #4454, #4297 ) ;
#5877 = VERTEX_POINT ( 'NONE', #4045 ) ;
#5878 = EDGE_CURVE ( 'NONE', #3575, #1426, #2091, .T. ) ;
#5879 = AXIS2_PLACEMENT_3D ( 'NONE', #2683, #3608, #1786 ) ;
#5880 = CARTESIAN_POINT ( 'NONE',  ( -51.70827717210491414, -32.49972538828756541, 3.000000000000000000 ) ) ;
#5881 = PLANE ( 'NONE',  #3224 ) ;
#5882 = AXIS2_PLACEMENT_3D ( 'NONE', #1679, #4905, #3110 ) ;
#5883 = DIRECTION ( 'NONE',  ( -1.000000000000000000, 0.000000000000000000, 0.000000000000000000 ) ) ;
#5884 = ORIENTED_EDGE ( 'NONE', *, *, #1621, .T. ) ;
#5885 = ADVANCED_FACE ( 'NONE', ( #5445 ), #1353, .T. ) ;
#5886 = DIRECTION ( 'NONE',  ( -0.000000000000000000, -0.000000000000000000, 1.000000000000000000 ) ) ;
#5887 = EDGE_LOOP ( 'NONE', ( #1537, #2141, #5624, #5178 ) ) ;
#5888 = CARTESIAN_POINT ( 'NONE',  ( 0.000000000000000000, -15.99999999999998579, 3.000000000000000000 ) ) ;
#5889 = CARTESIAN_POINT ( 'NONE',  ( 50.40063686045313318, -32.50138730951373134, 1.450000458249337765 ) ) ;
#5890 = VERTEX_POINT ( 'NONE', #133 ) ;
#5891 = ORIENTED_EDGE ( 'NONE', *, *, #2584, .T. ) ;
#5892 = ORIENTED_EDGE ( 'NONE', *, *, #670, .F. ) ;
#5893 = CARTESIAN_POINT ( 'NONE',  ( -30.50012207031303291, -5.499931335448994929, 36.80533964865399810 ) ) ;
#5894 = AXIS2_PLACEMENT_3D ( 'NONE', #3323, #3355, #3799 ) ;
#5895 = EDGE_CURVE ( 'NONE', #1020, #397, #636, .T. ) ;
#5896 = VECTOR ( 'NONE', #2393, 1000.000000000000000 ) ;
#5897 = CIRCLE ( 'NONE', #1037, 2.000000000000000000 ) ;
#5898 = VECTOR ( 'NONE', #3565, 1000.000000000000000 ) ;
#5899 = CARTESIAN_POINT ( 'NONE',  ( 52.16814849553698963, -32.80608465091061277, 0.7250002420935985903 ) ) ;
#5900 = EDGE_CURVE ( 'NONE', #4565, #2172, #4381, .T. ) ;
#5901 = AXIS2_PLACEMENT_3D ( 'NONE', #2527, #3960, #2108 ) ;
#5902 = ORIENTED_EDGE ( 'NONE', *, *, #2771, .F. ) ;
#5903 = ORIENTED_EDGE ( 'NONE', *, *, #2324, .T. ) ;
#5904 = DIRECTION ( 'NONE',  ( 1.000000000000000000, 0.000000000000000000, 0.000000000000000000 ) ) ;
#5905 = DIRECTION ( 'NONE',  ( -0.000000000000000000, 0.000000000000000000, -1.000000000000000000 ) ) ;
#5906 = ORIENTED_EDGE ( 'NONE', *, *, #5498, .F. ) ;
#5907 = CARTESIAN_POINT ( 'NONE',  ( -51.70837482790167883, -38.49972538749284467, 3.000000000000000000 ) ) ;
#5908 = DIRECTION ( 'NONE',  ( 0.000000000000000000, 0.000000000000000000, 1.000000000000000000 ) ) ;
#5909 = DIRECTION ( 'NONE',  ( -1.000000000000000000, 0.000000000000000000, 0.000000000000000000 ) ) ;
#5910 = DIRECTION ( 'NONE',  ( -1.000000000000000000, -1.994248318681189754E-16, 0.000000000000000000 ) ) ;
#5911 = CIRCLE ( 'NONE', #5710, 0.5000000000000004441 ) ;
#5912 = CARTESIAN_POINT ( 'NONE',  ( 30.03702799479168917, -47.99149843014507866, 1.450001135344257008 ) ) ;
#5913 = ORIENTED_EDGE ( 'NONE', *, *, #3724, .F. ) ;
ENDSEC;
END-ISO-10303-21;
