:020000040800F2
:10000000B0270020CD010008392E0008310A000871
:10001000352E0008DD020008253800080000000029
:100020000000000000000000000000001D36000875
:10003000E502000800000000313100082136000808
:10004000E7010008E7010008E7010008E7010008F0
:10005000E7010008E7010008B9090008D109000814
:10006000E9090008E7010008010A0008E7010008A3
:10007000E7010008E1020008E7010008E7010008C5
:10008000E7010008E7010008D5020008E7010008C1
:10009000E7010008E7010008E7010008190A000865
:1000A000E7010008E7010008E7010008E701000890
:1000B000B5370008B9370008E7010008E701000874
:1000C000E7010008E7010008E701000865320008C1
:1000D000E70100081D380008E70100082138000882
:1000E000E7010008E7010008E7010008E701000850
:1000F0000D380008E7010008E7010008D9020008F0
:10010000E7010008E7010008E7010008E70100082F
:10011000E7010008E7010008BD370008E5370008DF
:10012000E7010008E7010008E7010008E70100080F
:1001300000F002F800F03AF80AA090E8000C8244BF
:100140008344AAF10107DA4501D100F02FF8AFF29C
:10015000090EBAE80F0013F0010F18BFFB1A43F0A5
:10016000010318471C9C00003C9C0000103A24BF6F
:1001700078C878C1FAD8520724BF30C830C144BF0C
:1001800004680C607047000000230024002500264E
:10019000103A28BF78C1FBD8520728BF30C148BFEA
:1001A0000B6070471FB51FBD10B510BD00F058F8AB
:1001B0001146FFF7F7FF03F06BFF00F076F803B48A
:1001C000FFF7F2FF03BC00F07DF80000094880470C
:1001D00009480047FEE7FEE7FEE7FEE7FEE7FEE729
:1001E000FEE7FEE7FEE7FEE704480549054A064B41
:1001F00070470000B137000831010008B02100202D
:10020000B0270020B0230020B02300204FF00002D0
:1002100000B5134694469646203922BFA0E80C50FC
:10022000A0E80C50B1F12001BFF4F7AF090728BFD7
:10023000A0E80C5048BF0CC05DF804EB890028BF53
:1002400040F8042B08BF704748BF20F8022B11F07C
:10025000804F18BF00F8012B7047704770477047F8
:10026000754600F02BF8AE4605006946534620F06F
:100270000700854618B020B5FFF7B6FFBDE820405F
:100280004FF000064FF000074FF000084FF0000B52
:10029000AC46ACE8C009ACE8C009ACE8C009ACE8C1
:1002A000C00921F007018D46704710B50446AFF331
:1002B00000802046BDE81040FFF781BF004870472E
:1002C0002000002001491820ABBEFEE726000200F6
:1002D000704700007047000070470000FFE7FEE72E
:1002E000704700007047000010B59AB08C468646F3
:1002F0001D981C99CDF864E0CDF860C017928DF878
:100300005B308DF85A108DF859009DF8590002287D
:1003100005D0FFE79DF8590001280CD1FFE7199897
:100320006A4600215160372111603C210522C82313
:1003300003F0ACFDFFE79DF8590003280CD1FFE75F
:1003400019986A4600215160372111603C2123220F
:10035000C82303F09BFDFFE719986A461D215160F1
:100360002121116045F2A641C0F600015522052366
:1003700003F02EFC47F21C70C0F6000004F028FBCE
:100380001898002104F029FE40B9FFE7189880F082
:10039000004004F077FEADF8560005E0189804F030
:1003A00071FEADF85600FFE7BDF8560003F0EAFD18
:1003B0001490149804F032FB0B214843C0F16C00F8
:1003C000ADF84E001898002104F007FE68B9FFE769
:1003D0001998BDF84E1008396B460F221A608AB280
:1003E0002D21322303F04AFCFFE719981499BDF838
:1003F0004E20EC460F230693CCF8003032230793AF
:1004000003F088FD0699079B19986A4611602E2112
:100410006D2203F033FC1898089004F033FE04F0CA
:100420006DFE0146089804F0C9FF0021C4F22011B6
:1004300004F0F8FE12901298002104F0CEFD38B9B5
:10044000FFE7129880F0004004F038FE119004E0BD
:10045000129804F033FE1190FFE7119803F092FD1B
:100460001090199810996B460F221A60732232234C
:1004700003F050FD9DF85B00C00778B1FFE71998C5
:100480006A461D2151602121116048F6E651C0F6EF
:1004900000019622052303F09BFBFFE79DF85A001D
:1004A000C00708B3FFE719986A461D215160212152
:1004B000116048F26C61C0F600019622052303F03A
:1004C00087FB47F22C00C0F6000004F081FA19986F
:1004D0006A460F21116049F66451C0F600018F226F
:1004E000322303F017FDFFE79DF85B00C0439DF842
:1004F0005A108843C007A8B1FFE79DF859000128AA
:100500000FD1FFE719986A461D2151602121116022
:1005100047F6F261C0F600019622052303F058FB6E
:10052000FFE7FFE79DF85A00C00700284CD1FFE71E
:10053000179804F0A7FDADF83E00BDF83E0003F0AB
:1005400021FD0E90149804F069FA0B214843C0F184
:10055000AD00ADF8360019980E99BDF83620EC467E
:100560000F230493CCF800303223059303F0D2FC20
:100570000499059B19986A4611602E21AE2203F05A
:100580007DFB1798039004F07DFD04F0B7FD014654
:10059000039804F013FF0021C4F2201104F042FE7E
:1005A0000C900C9804F08AFD0B900B9803F0EAFC79
:1005B000049A059B0A9019980A99EC46CCF80020F9
:1005C000B42203F0A7FCFFE746F2BC30C0F60000FF
:1005D00004F0FEF949F66F50C0F600000990199832
:1005E00009996B460F221A607D223F2303F092FC8B
:1005F0001AB010BD80B588B00790ADF81A100798F2
:100600006A461D2151602121116045F64041C0F626
:100610000001D922052303F0DBFA47F21C70C0F673
:10062000000004F0D5F9BDF81A00ADF81800BDF8C7
:10063000180003F0A7FC0590059804F0EFF90B21D2
:100640004843C0F1FA00ADF8120007980599BDF8CB
:100650001220EC460F230293CCF80030322303F033
:1006600059FC46F2BC30C0F6000004F0B1F9029A21
:1006700049F66950C0F600000390079803996B464D
:100680001A60E8223F2303F045FC08B080BD00005B
:1006900080B58CB084460E988DF82FC00A91ADF8C5
:1006A0002620ADF824308DF82300BDF8240004F096
:1006B0003DFD0790079804F0E5FCADF81A000A9894
:1006C0006B460021596037221A600522462303F049
:1006D000DDFB9DF82F00C00778B1FFE70A986A4656
:1006E0001D2151601221116046F61641C0F600012D
:1006F0001922052303F06CFA0EE00A986A461D21C0
:1007000051602321116049F27651C0F60001142294
:10071000052303F05DFAFFE747F21C70C0F6000006
:1007200004F056F9BDF81A000590059803F02AFC6C
:100730000490049804F072F90B214843C0F13A0088
:10074000ADF80E009DF82300C00798B1FFE747F20F
:100750002C00C0F6000004F03BF90A986A460F210D
:10076000116049F66451C0F600010C22322303F0F7
:10077000D1FB0BE00A980499BDF80E20EC460F233C
:10078000CCF80030322303F0C5FBFFE746F2BC3063
:10079000C0F6000004F01CF949F67450C0F60000E1
:1007A00002900A9802996B460F221A600E223F238C
:1007B00003F0B0FB0CB080BD80B584B005208DF88F
:1007C0000F0000208DF80600FFE79DF806009DF859
:1007D0000F1088425CDAFFE79DF8061040F208002F
:1007E000C2F2000050F8210002900299086849689E
:1007F00000F0F0FDB0FA80F040098DF807009DF898
:10080000070000F001000299097A01F00101884215
:100810002DD1FFE70299C8680130C8600298C0680E
:100820000A2823D3FFE70299C8680138C8609DF8F9
:10083000070000F001000299497A01F001018842A5
:1008400013D0FFE79DF80700C00730B1FFE702991A
:100850000120C8720299487206E00299012088724C
:10086000029900204872FFE7FFE7FFE703E00299E3
:100870000020C860FFE79DF80700029900F0010022
:100880000872FFE79DF8060001308DF806009CE72E
:1008900004B080BD70B540F2B80EC2F2000E41F255
:1008A0000000C4F20100CEF8000041F21001CEF8C1
:1008B000041000248EF809408EF80A408EF80B4090
:1008C000CEF80C4040F2D40CC2F2000CCCF8000080
:1008D00042F22005CCF804508CF809408CF80A400C
:1008E0008CF80B40CCF80C4040F2FC01C2F2000145
:1008F00040F60043C4F201030B6040F201124A606B
:100900004C728C72CC72CC6040F21812C2F20002AF
:10091000136040F20223536054729472D472D46014
:1009200040F29C03C2F2000340F60006C4F2010646
:100930001E605D605C729C72DC72DC6040F2C80418
:10094000C2F20004C4F808E0206040F2040EC0F2D5
:10095000044EC4F804E040F2E40EC2F2000ECEF8F9
:1009600008C0CEF8000040F2080CC0F2084CCEF8E7
:1009700004C040F2F00CC2F2000CCCF80830CCF805
:1009800000001023C0F21043CCF8043040F20C13E6
:10099000C2F20003996018602021C0F22041596022
:1009A00040F22811C2F200018A6008604020C0F2C3
:1009B0004040486070BD000080B5012000F052FC4E
:1009C00020B1FFE7012000F063FBFFE780BD0000DE
:1009D00080B5022000F046FC20B1FFE7022000F0C5
:1009E00057FBFFE780BD000080B5042000F03AFC13
:1009F00020B1FFE7042000F04BFBFFE780BD0000C3
:100A000080B5102000F02EFC20B1FFE7102000F090
:100A10003FFBFFE780BD000080B5202000F022FCF6
:100A200020B1FFE7202000F033FBFFE780BD00008E
:100A3000FFE7FEE780B586B00590049100208DF8B1
:100A40000F00059842F20041C4F20101884212D120
:100A5000FFE742F20040C4F2010000F05DF80190AF
:100A600042F60000C4F2010000F056F80146019879
:100A70000843029007E043F60040C4F2010000F092
:100A80004BF80290FFE70298B0B9FFE704980068BE
:100A900050B1FFE70598406820F470200499096878
:100AA00008430599486006E00598406820F47020E6
:100AB00005994860FFE703E001208DF80F00FFE78C
:100AC0009DF80F0006B080BD80B584B00390029100
:100AD00000208DF80700039800F01EF898B9FFE792
:100AE0000398406820F4807002994968084303998C
:100AF00048600398806820F4006002990968084300
:100B00000399886003E001208DF80700FFE79DF856
:100B1000070004B080BD000081B00090009880689C
:100B200000F0010001B0704780B584B003900291DD
:100B300000208DF807000298406808B1FFE7FFE742
:100B40000398FFF7E9FF80BBFFE70298406860B1B8
:100B5000FFE70398406820F46840029A5168926861
:100B6000114308430399486009E00398406820F462
:100B7000684002994968084303994860FFE7039871
:100B800080684FF6FD61CFF6F1710840029A116856
:100B9000D368126919431143084303998860039885
:100BA0000299496800F00AF803E001208DF8070077
:100BB000FFE79DF8070004B080BD000082B00190FF
:100BC00000910198C06A20F47000009908430199CF
:100BD000C86202B07047000084B003900291019295
:100BE0000398029901F4407100EB91102C300090B1
:100BF00000980068029901F01F021F21914088436C
:100C0000019901F01F01914008430099086004B068
:100C10007047000084B003900291019203980299FA
:100C200001F0007100EBD1500C300090009800688A
:100C30000299C1F3045207219140884301999140E0
:100C400008430099086004B07047000082B001902A
:100C5000019A41F21400C4F20200016811430160DC
:100C60000068019908400090009802B070470000A9
:100C700082B00190019A41F21C00C4F202000168A6
:100C8000114301600068019908400090009802B08B
:100C90007047000082B00190019A41F21C00C4F23A
:100CA000020001681143016000680199084000904A
:100CB000009802B07047000082B00190019A41F2A2
:100CC0001C00C4F202000168114301600068019930
:100CD00008400090009802B07047000082B0019078
:100CE000019A41F21C00C4F2020001681143016044
:100CF0000068019908400090009802B07047000019
:100D000082B00190019A41F21800C4F20200016819
:100D1000114301600068019908400090009802B0FA
:100D20007047000082B00190019A41F21800C4F2AD
:100D300002000168114301600068019908400090B9
:100D4000009802B07047000082B00190019A41F211
:100D50001800C4F2020001681143016000680199A3
:100D600008400090009802B07047000082B00190E7
:100D7000019A41F21800C4F20200016811430160B7
:100D80000068019908400090009802B07047000088
:100D900082B00190019A41F21800C4F20200016889
:100DA000114301600068019908400090009802B06A
:100DB0007047000082B00190019A41F21800C4F21D
:100DC0000200016811430160006801990840009029
:100DD000009802B07047000082B00190019A41F281
:100DE0001800C4F202000168114301600068019913
:100DF00008400090009802B07047000084B0039053
:100E00000291019203980299C1F3034100EB810022
:100E1000083000900098006840F6FF7188430199FF
:100E200008430099086004B07047000082B0019048
:100E30000091009800F01001042000FA01F20199DD
:100E400008689043086002B07047000082B00190CB
:100E50000091009800F01001012000FA01F20199C0
:100E600008681043086002B07047000080B584B085
:100E700003900291019200208DF8030001984068D0
:100E800008B1FFE7FFE70398029900F03BF880BB49
:100E9000FFE701984068D0B1FFE703980068029926
:100EA00001F0100240F6FA7191408843019B1968E5
:100EB000D3F804E0D3F808C0DB6841EA0E0141EA48
:100EC0000C011943914008430399086010E003980E
:100ED0000068029901F01002FA2191408843019BB9
:100EE0001968DB6819439140084303990860FFE7DC
:100EF00003E001208DF80300FFE79DF8030004B034
:100F000080BD000082B001900091019800680099B6
:100F100001F01001C84000F0010002B0704700006D
:100F200083B00290019100920298019945F63843EE
:100F3000C0F60003194411F8011C405820F4405039
:100F4000009908430299019A1A4412F8012C88501A
:100F500003B0704783B0029001910092029801990A
:100F600045F63843C0F60003194411F8011C4058F7
:100F700044F210018843009908430299019A1A44E7
:100F800012F8012C885003B07047000083B0029023
:100F9000019100920298019945F63843C0F600038A
:100FA000194411F8011C405820F0800000990843B2
:100FB0000299019A1A4412F8012C885003B0704724
:100FC00083B00290019100920298019945F638434E
:100FD000C0F60003194411F8011C405820F4406089
:100FE000009908430299019A1A4412F8012C88507A
:100FF00003B0704783B0029001910092029801996A
:1010000045F63843C0F60003194411F8011C405856
:1010100020F02000009908430299019A1A4412F81E
:10102000012C885003B0704783B002900191009268
:101030000298019945F63843C0F60003194411F8A7
:10104000011C405820F04000009908430299019A81
:101050001A4412F8012C885003B0704783B00290F4
:10106000019100920298019945F63843C0F60003B9
:10107000194411F8011C405820F4407000990843AD
:101080000299019A1A4412F8012C885003B0704753
:1010900081B00090009840F21441C4F20101086050
:1010A00001B0704781B00090009A40F20441C4F250
:1010B000010108689043086001B0704781B000905A
:1010C000009A40F20C41C4F20101086890430860A4
:1010D00001B0704781B00090009A40F20041C4F224
:1010E000010108689043086001B0704781B000902A
:1010F000009A40F20841C4F2010108689043086078
:1011000001B0704781B00090009A40F20441C4F2EF
:10111000010108681043086001B0704781B0009079
:10112000009A40F20C41C4F20101086810430860C3
:1011300001B0704781B00090009A40F20041C4F2C3
:10114000010108681043086001B0704781B0009049
:10115000009A40F20841C4F2010108681043086097
:1011600001B0704780B584B0039000208DF80B006B
:1011700003980079002867D0FFE7039800680028EB
:1011800061D0FFE7039840790146019140B1FFE744
:10119000019801280DD0FFE70198022812D01AE02B
:1011A00003980068FFF77EFF03980068FFF7C2FF0F
:1011B00015E003980068FFF78DFF03980068FFF7BC
:1011C000A1FF0CE003980068FFF7B4FF03980068E4
:1011D000FFF798FF03E001208DF80B00FFE703986D
:1011E000807978B3FFE70398807901460091012860
:1011F00008D0FFE7009802280DD0FFE700980328E9
:1012000012D01AE003980068FFF758FF03980068AF
:10121000FFF79CFF15E003980068FFF767FF03984E
:101220000068FFF77BFF0CE003980068FFF78EFF74
:1012300003980068FFF772FF03E001208DF80B00B0
:10124000FFE7FFE7FFE708E003980068FFF742FFCA
:1012500003980068FFF726FFFFE79DF80B0004B036
:1012600080BD000081B0009040F21440C4F2010043
:10127000006800990840401AB0FA80F0400901B0B7
:101280007047000042F20000C4F20200006800F063
:101290000700704781B0009042F20001C4F20201E1
:1012A000086820F00700009A1043086001B07047FA
:1012B0000421C4F2010108680122C0F20072104347
:1012C000086070470421C4F201010868022262F339
:1012D0001A6008607047000082B0019000919DF88C
:1012E00000000821C4F2010151F82000009A4FEAE1
:1012F000124C20EA1240019B9CFAACFCBCFA8CFC1C
:1013000003FA0CF31843D2B241F8220002B070473E
:1013100080B586B0059004910498B0F80100039060
:10132000039890FAA0F0B0FA80F00290FFE70398DB
:101330000299C840002849D0FFE703980299C840A5
:10134000C00700283ED0FFE70298072806D8FFE72D
:10135000029940F201108840019009E00298A0F142
:1013600008014FF00110884040F080600190FFE7D5
:1013700004984068082807D1FFE705980199049A66
:10138000126900F0DFF8FFE705980199049A5268A6
:1013900000F08EF804984068012805D0FFE7049813
:1013A000406809280DD1FFE705980199049A9268D1
:1013B00000F0DEF805980199049AD26800F092F8DE
:1013C000FFE7FFE7029801300290B0E7002006B087
:1013D00080BD000082B00190009101988068BDF846
:1013E00001100840401AB0FA80F0400902B070477E
:1013F00082B001900091BDF801000199486102B0EE
:101400007047000082B001900091BDF80100019981
:10141000486102B07047000082B001900091BDF8B1
:1014200001000199486102B07047000082B001904C
:101430000091BDF801000199486102B070470000B9
:1014400082B001900091BDF801000199086102B0DD
:101450007047000082B001900091BDF80100019931
:10146000086102B07047000082B001900091BDF8A1
:1014700001000199086102B07047000084B0039038
:101480000291019203989DF80B1008440090009976
:101490000868029A92FAA2F2B2FA82F293000F223C
:1014A0009A409043019A9A401043086004B07047F4
:1014B00084B003900291019203989DF80B100844A8
:1014C000009000990868029A92FAA2F2B2FA82F2A7
:1014D00093000F229A409043019A9A40104308606B
:1014E00004B0704784B003900291019203989DF874
:1014F0000B100844009000990868029A92FAA2F230
:10150000B2FA82F2930004229A409043019A9A40E0
:101510001043086004B0704783B0029001910092BC
:101520000298C06801990A0A20EA1120009992FAEB
:10153000A2F2B2FA82F2914008430299C86003B065
:101540007047000083B00290019100920298C06839
:1015500001990A0A20EA1120009992FAA2F2B2FA3D
:1015600082F2914008430299C86003B070470000BE
:1015700084B003900291019203989DF80B100844E7
:10158000009000990868029A92FAA2F2B2FA82F2E6
:10159000930003229A409043019A9A4010430860B6
:1015A00004B0704784B0039002910398C068019022
:1015B000BDF809000090019A009802EA00019043EA
:1015C00040EA01400399086104B0704780B582B0D9
:1015D000019001984FF47A7100F002F802B080BDDA
:1015E00082B00190009101980099B0FBF1F00138B0
:1015F0004EF21401CEF2000108604EF21801CEF254
:101600000001002008604EF21001CEF2000105201A
:10161000086002B07047000041F20400C4F202000A
:10162000006800F0F000704741F20400C4F20200CC
:10163000006800F4E060704741F20400C4F2020068
:10164000006800F46050704741F20400C4F20200E8
:10165000006800F00C00704741F20400C4F2020080
:10166000006800F00C00704780B582B0019001F076
:1016700099FD019908600198006801F05BFD0199EE
:1016800048600198406801F069FD019988600198FF
:10169000406801F075FD0199C86002B080BD00008E
:1016A00041F20001C4F20201086840F48030086091
:1016B0007047000041F20000C4F202000068C0F36D
:1016C0004040704782B00190009141F20401C4F2A1
:1016D0000201086820F47C10019A02F44032009B59
:1016E0001A431043086002B07047000041F2000145
:1016F000C4F20201086840F0807008607047000082
:1017000041F20400C4F20200006800F48030704727
:1017100041F20400C4F20200006800F47010704747
:1017200041F20400C4F202000068C0F34040704778
:1017300041F20000C4F202000068C0F3406070474C
:1017400081B0009041F20401C4F20201086820F463
:101750004040009A1043086001B0704781B000908B
:1017600041F20401C4F20201086820F0F000009A7E
:101770001043086001B0704781B0009041F204014D
:10178000C4F20201086820F4E060009A1043086087
:1017900001B0704781B0009041F20401C4F202012F
:1017A000086820F46050009A1043086001B0704748
:1017B00081B0009041F20401C4F20201086820F0F7
:1017C0000300009A1043086001B0704781B0009098
:1017D0000099086840F04000086001B070470000C0
:1017E00080B584B00390029101208DF80700039822
:1017F00000F04CF8C0BBFFE7039800684FF6BF71DC
:101800008843029A00921168D2F804E0D2F808C026
:10181000D36841EA0E0141EA0C01194313691943E7
:101820005369194393691943D3691943126A1143E0
:101830000843039908600398406820F00400029967
:10184000C98A0843039948600298006AB0F5005FAE
:1018500006D1FFE703980299496A00F01FF8FFE7F5
:1018600000208DF80700FFE70399C86920F40060A5
:10187000C8619DF8070004B080BD000081B00090F1
:1018800000988068C0B2C00901B0704781B0009074
:1018900000980068C0F3801001B0704782B00190DA
:1018A0000091BDF800000199086102B07047000086
:1018B00083B002908DF8071002980C3000909DF8CC
:1018C00007000099087003B0704700004EF2100145
:1018D000CEF20001086840F0020008607047000086
:1018E00081B00090009840F20001C2F2000108604F
:1018F00001B0704781B0009000996FF0010008615D
:1019000001B0704781B000900099086820F0800015
:10191000086001B07047000081B0009000998868AD
:1019200020F08000886001B07047000081B0009016
:101930000099086840F00100086001B0704700009D
:1019400081B000900099C86840F00100C86001B003
:101950007047000081B000900099486940F0010094
:10196000486101B07047000081B000900098406A63
:1019700001B0704781B000900098406A01B0704794
:101980008AB00990089107920898012803D1FFE7CF
:101990000020049030E00898042803D1FFE70120DC
:1019A000039026E00898102803D1FFE70220029058
:1019B0001CE00898402803D1FFE70320019012E0C3
:1019C0000898B0F5807F03D1FFE70420009007E07E
:1019D00008990620B1F5806F08BF05200090FFE749
:1019E00000980190FFE701980290FFE702980390AA
:1019F000FFE703980490FFE704988DF81B0009980F
:101A00009DF81B2049F26051C0F60001895C084432
:101A100018300590059800689DF81B2049F26E511A
:101A2000C0F600018A5C032191408843BDF81E1076
:101A300091400843059908600AB070478AB0099040
:101A4000089107920898012803D1FFE7002004902D
:101A500030E00898042803D1FFE70120039026E036
:101A60000898102803D1FFE7022002901CE0089894
:101A7000402803D1FFE70320019012E00898B0F559
:101A8000807F03D1FFE70420009007E0089906203B
:101A9000B1F5806F08BF05200090FFE70098019026
:101AA000FFE701980290FFE702980390FFE7039891
:101AB0000490FFE704988DF81B0009989DF81B20FF
:101AC00049F26051C0F60001895C08441830059065
:101AD000059800689DF81B2049F26E51C0F6000180
:101AE0008A5CF02191408843BDF81E109140084364
:101AF000059908600AB0704789B00890079106926E
:101B00000798012803D1FFE70020049030E00798F0
:101B1000042803D1FFE70120039026E0079810284E
:101B200003D1FFE7022002901CE00798402803D170
:101B3000FFE70320019012E00798B0F5807F03D102
:101B4000FFE70420009007E007990620B1F5806FB9
:101B500008BF05200090FFE700980190FFE701987B
:101B60000290FFE702980390FFE703980490FFE7D5
:101B700004988DF817000898006A9DF8172049F21C
:101B80006751C0F600018A5C0A219140884306999A
:101B9000914008430899086209B070478AB00990DB
:101BA000089107920898012803D1FFE700200490CC
:101BB00030E00898042803D1FFE70120039026E0D5
:101BC0000898102803D1FFE7022002901CE0089833
:101BD000402803D1FFE70320019012E00898B0F5F8
:101BE000807F03D1FFE70420009007E008990620DA
:101BF000B1F5806F08BF05200090FFE700980190C5
:101C0000FFE701980290FFE702980390FFE703982F
:101C10000490FFE704988DF81B0009989DF81B209D
:101C200049F26051C0F60001895C08441830059003
:101C3000059800689DF81B2049F26E51C0F600011E
:101C40008A5C0C2191408843BDF81E1091400843E6
:101C5000059908600AB0704780B584B0039002917E
:101C6000039800680190039842F60041C4F2010114
:101C7000884225D0FFE7039843F20041C4F20101F6
:101C800088421DD0FFE70398B0F1804F18D0FFE7DE
:101C9000039840F20041C4F20001884210D0FFE7EF
:101CA000039840F60001C4F20001884208D0FFE723
:101CB000039840F60041C4F20001884208D1FFE7D2
:101CC000019820F070000299496808430190FFE7ED
:101CD000039842F60041C4F20101884225D0FFE793
:101CE000039843F20041C4F2010188421DD0FFE78E
:101CF0000398B0F1804F18D0FFE7039840F20041FD
:101D0000C4F20001884210D0FFE7039840F60001BA
:101D1000C4F20001884208D0FFE7039840F6004172
:101D2000C4F20001884208D1FFE7019820F4407016
:101D30000299C96808430190FFE701980399086078
:101D400003980299896800F029F803980299098894
:101D500000F050F8039842F60041C4F201018842B5
:101D600008D0FFE7039843F20041C4F20101884222
:101D700006D1FFE703980299096900F043F8FFE7ED
:101D80000398FFF7E7FD002004B080BD81B000900C
:101D90000098006900F0010001B0704782B0019026
:101DA000009100980199C86202B0704782B001901A
:101DB00000910198806844F2070188430099084324
:101DC0000199886002B0704782B00190009100983C
:101DD0000199486202B0704782B001900091019869
:101DE000806820F00700009908430199886002B0DC
:101DF0007047000082B001900091009801998862BC
:101E000002B0704782B00190009100980199086378
:101E100002B0704782B0019000910198406820F0B4
:101E20007000009908430199486002B070470000B3
:101E300081B000900099086920F4904008610099F1
:101E4000486920F02A00486101B0704781B00090D5
:101E50000099C86840F40050C86001B070470000A5
:101E600080B588B00790069101208DF817000020FA
:101E70000490079800F070F8002869D1FFE70798F0
:101E8000C06841F20C618843069A5168D3681269B0
:101E90001943114308430799C86007980699896850
:101EA00000F098F807980699496900F085F86846A7
:101EB000FFF7DAFB079843F60001C4F201018842FC
:101EC00003D1FFE70398049030E0079844F2004103
:101ED000C4F20001884203D1FFE70298049024E095
:101EE000079844F60001C4F20001884203D1FFE7DD
:101EF0000298049018E0079844F60041C4F20001EB
:101F0000884203D1FFE7029804900CE0079845F25D
:101F10000001C4F20001884203D1FFE70298049057
:101F200000E0FFE7FFE7FFE7FFE7FFE7049870B196
:101F3000FFE70698006850B1FFE700208DF8170012
:101F400007980499069A126800F00EF8FFE7FFE779
:101F50009DF8170008B080BD81B000900098C0685F
:101F6000C0F3403001B0704783B0029001910092FD
:101F700001981921484300998900B0FBF1F348F218
:101F80001F51C5F2EB11A3FB01204209642002FBA3
:101F90001033322000EB0310A0FB0101F02000EA17
:101FA000511000EB0210C1F34311084480B20299B2
:101FB000886003B07047000082B0019000910198E2
:101FC000406920F44070009908430199486102B0CB
:101FD0007047000082B0019000910198006920F4E0
:101FE0004050009908430199086102B07047000011
:101FF00082B001904EF21000CEF200000068009016
:1020000000980198013020B1FFE70198013001905C
:10201000FFE7FFE7019870B1FFE74EF21000CEF244
:1020200000000068C003002804D5FFE701980138CC
:102030000190FFE7EEE702B07047000080B540F284
:10204000B800C2F20000807AC00778B1FFE700F064
:102050002FF940F2B601C2F200010120087040F2EF
:10206000B801C2F2000100208872FFE740F2FC00D4
:10207000C2F20000807AC007C0B1FFE700F032F979
:1020800040F2B600C2F200000078C00738B1FFE7A6
:1020900040F2B601C2F2000100200870FFE740F2F2
:1020A000FC01C2F2000100208872FFE780BD000041
:1020B00080B540F26411C2F2000140F60000C4F2A3
:1020C000010008600123C0F201434B6040F274102C
:1020D000C2F2000041F20002C4F20102026040F2CA
:1020E000020CC0F2024CC0F804C040F2841CC2F2E0
:1020F000000CCCF80020CCF8043040F2941CC2F262
:10210000000CCCF8002048F28003CCF8043040F2F8
:102110005C13C2F200031A6044F240025A6040F2BB
:102120006C1CC2F2000C40F60042C4F20102CCF872
:1021300000208023C0F28043CCF8043040F27C1CA5
:10214000C2F2000CCCF800204023C0F24043CCF88F
:10215000043040F28C13C2F200031A602022C0F255
:1021600020425A6040F2AC02C2F20002116040F21A
:102170005811C2F20001086000F0B4F840F23811C2
:10218000C2F200010020086040F682728A808871E5
:102190000120C87140F20040C4F20000FFF7EAFBE2
:1021A00040F25011C2F20001088047F20040C4F230
:1021B00000000121C0F21021FEF748FE80BD0000A2
:1021C00080B582B08DF8070040F23810C2F20000EE
:1021D000C07958BBFFE79DF8070098B9FFE740F2C8
:1021E000AC00C2F20000016808684968FFF73CF9DA
:1021F00040F25810C2F20000016808684968FFF711
:1022000015F912E040F2AC00C2F200000168086863
:102210004968FFF70BF940F25810C2F2000001685C
:1022200008684968FFF720F9FFE7FFE79DF8070016
:1022300040F23811C2F20001887102B080BD000086
:1022400080B582B0ADF80600BDF9061040F2381036
:10225000C2F2000001600068B0F1FF3F07DCFFE759
:1022600040F23811C2F2000100200860FFE740F29E
:102270003811C2F2000108688988884207DDFFE74B
:1022800040F23811C2F2000188880860FFE740F28E
:102290003810C2F20000026847F20040C4F20000A9
:1022A0000121C0F21021FEF7A9FD02B080BD00009F
:1022B00080B582B040F23810C2F2000001900021D7
:1022C000C1718079FFF77CFF0198026847F20040F6
:1022D000C4F200000121C0F21021FEF78FFD02B010
:1022E00080BD000080B540F2AC00C2F20000016881
:1022F00008684968FFF79AF840F25810C2F20000E7
:10230000016808684968FFF791F840F23811C2F295
:1023100000010120C87180BD80B592B000200490FA
:10232000119010900F900E900D900C900B900A90C1
:10233000099008900790069005904FF40070019066
:10234000FEF702FD1020FEF7FFFC049840F2044166
:102350000591069041F20000C4F2010005A9FEF7C4
:10236000D7FF01F001FB049A114600F0D3FD0146AE
:102370001220009001F064FB009801F06DFA0498BF
:102380001090119042F20040C4F20100029010A996
:10239000FEF79AFB049902980F910FA9FEF74AFBEA
:1023A000049902984FF460220A920B910C910D91BE
:1023B0000E910AA9FEF7B8FB019902980C22C0F20F
:1023C00060020392FEF708FC02980399049AFEF754
:1023D00021FC12B080BD000080B590B000200390B9
:1023E0000F900E900D900C900B900A900990089011
:1023F00007900690059004904FF48060FEF7A4FCCF
:102400001020FEF7A1FC039840F608010491059006
:1024100041F20000C4F2010004A9FEF779FF01F0C7
:10242000A3FA039A114600F075FD014612200090B0
:1024300001F006FB009801F00FFA03980E900F9040
:1024400042F60000C4F2010001900EA9FEF73CFB29
:10245000039901984FF4602209920A910B910C9113
:102460000D9109A9FEF760FB01984FF400710D2250
:10247000C0F290020292FEF7AFFB01980299039A14
:10248000FEF7C8FB10B080BD80B590B0002003906F
:102490000F900E900D900C900B900A900990089060
:1024A00007900690059004904FF40040FEF74CFC16
:1024B0001020FEF749FC039840F202210491059098
:1024C00041F20000C4F2010004A9FEF721FF01F06F
:1024D0004BFA039A114600F01DFD01462F20009093
:1024E00001F0AEFA009801F0B7F903980E900F9042
:1024F00043F60040C4F2010001900EA9FEF7E4FA91
:10250000039901984FF4602209920A910B910C9162
:102510000D9109A9FEF708FB01984FF400710B22F9
:10252000C0F230020292FEF757FB01980299039A1B
:10253000FEF770FB10B080BD80B58CB0002000901D
:102540000B900A90099008900790069005900490CF
:1025500003904FF00050FEF79DFB0420FEF706FCB1
:10256000009841F210010391049040F60000C4F27B
:10257000010003A9FEF7CCFE0098382108910990CC
:102580000B9047F20040C4F2000002900121C0F21B
:102590001021019108AAFEF769FC01990298FEF743
:1025A00045FC0CB080BD000080B582B00120FEF774
:1025B0004DFB01F0E1F90022114600F0E1FC01467B
:1025C0000D20019001F05EFA019801F05DF902B072
:1025D00080BD000010B59EB0002015901D901C908D
:1025E0001B901A9019901890179010200490FEF7E5
:1025F00099FB20200590FEF795FB04200890FEF73C
:1026000091FB08201390FEF78DFB41F20000C4F20D
:1026100001000B904CF2FF01C0F27F410091FEF7E8
:10262000F1FE40F60000C4F20100099040F60901F5
:10263000C0F201410191FEF7E5FE40F60040C4F210
:1026400001000E904DF2F441C0F2F0410291FEF70C
:10265000D9FE009A0B9815991792012210921892A0
:102660000222069219921A9117A90391FEF750FEC1
:102670000399069BDDF840C0159ADDF804E009983F
:10268000CDF85CE0CDF860C019931A92FEF740FED9
:102690000399089A099842F220030C931793189211
:1026A000FEF736FE0399069BDDF840C0159ADDF86B
:1026B00008E00E98CDF85CE0CDF860C019931A924E
:1026C000FEF726FE0399089A0E980123C0F20143F3
:1026D00017931892FEF71CFE15984FF07061FEF7E5
:1026E000FBFD06980121C0F20F01FEF7F5FD0698EB
:1026F0000121C0F2F001FEF7EFFD10984FF47021B8
:10270000FEF7EAFD10984FF47001FEF7E5FD089A18
:10271000109815991C928DF874008DF875108DF82D
:1027200076001CA80790FEF71DFD049B1099159AD2
:1027300007981C938DF874108DF875208DF876101D
:10274000FEF710FD059B1099159A07981C938DF8BC
:1027500074108DF875208DF87610FEF703FD109932
:10276000159A07981C918DF874108DF875208DF8C6
:102770007610FEF7F7FC069B1099159A07981C93A4
:102780008DF874108DF875208DF87610FEF7EAFC40
:10279000089A099840F20441FEF770FE0B98139ACC
:1027A00041F210010A91FEF769FE0B980C99139AF9
:1027B000FEF764FE0E98139A40F201110D91FEF798
:1027C0005DFE0E98139A40F202210F91FEF756FE1D
:1027D0000A990B98109AFEF79FFE0B980C99109A85
:1027E000FEF79AFE0D990E98109AFEF795FE0E9838
:1027F0000F99109AFEF790FE01F0AEF8159A114667
:1028000000F052FB01460620119001F0F7F81198F4
:1028100001F00AF801F0A0F8159A114600F044FB07
:1028200001460720129001F0E9F8129800F0FCFF31
:1028300001F092F8159A114600F036FB0146139804
:1028400001F0DCF8139800F0EFFF01F085F8159A1D
:10285000114600F029FB01460A20149001F0CEF841
:10286000149800F0E1FF01F077F8159A114600F096
:102870001BFB01461720169001F0C0F8169800F0D7
:10288000D3FF1EB010BD000080B596B00CA8069016
:1028900028210491FDF7BAFC002005900B900A90C6
:1028A0000990089007904FF48050FEF771FA0820C5
:1028B000FEF76EFA059842F6280107910921089162
:1028C0000321029109910A9040F60040C4F20100F0
:1028D00007A9FEF71DFDFEF7EBFC02990020C4F2EC
:1028E000020001901022FEF735FB01980299059A2B
:1028F000FEF716FB01980299059AFEF77BFB0198FB
:102900000299059AFEF790FB019802998022FEF742
:102910003DFB01980299059AFEF7A0FB01980299E8
:10292000059AFEF74DFB01F02FF8059A114600F0CD
:102930005DFB01462320039001F0C6F8039800F0E8
:10294000BBFF049A059806990C904FF482730D937F
:102950000E9002230F93012310934FF400731193F1
:102960001292139014900A20159043F20000C4F2C2
:102970000100FEF735FF16B080BD000080B592B0B3
:1029800000200690119010900F900E900D900C90DA
:102990000B900A900990089001200390FEF78CF9A3
:1029A00004200190FEF706FA019840F203310891E5
:1029B000099040F60000C4F2010008A9FEF7A8FC47
:1029C00000F0EAFF069A114600F046FB01461C2083
:1029D000029001F09BF8029800F086FF03994FF0F7
:1029E00080400790FFF7F8F9039907984FF4803279
:1029F0000492FEF7C5FF0399069A0798FFF7CEF8F1
:102A00000399069A0798FFF719F80399069A079809
:102A1000FFF772F8049A079810210591FEF7B0FFAE
:102A20000599069A0798FFF7B9F80599069A079845
:102A3000FFF704F80599069A0798FFF75DF80699DD
:102A40000798ADF834100E914FF6FF720F92109167
:102A50000DA9FFF701F90798FEF754FF06990798AB
:102A6000FFF7D8F90798FEF757FF12B080BD0000B6
:102A700080B592B000200690119010900F900E90AB
:102A80000D900C900B900A90099008900220FEF790
:102A900013F904200190FEF78DF901984CF2C00162
:102AA0000891099040F60000C4F2010008A9FEF761
:102AB0002FFC00F071FF069A114600F0CDFA014696
:102AC0001D20029001F022F8029800F00DFF40F264
:102AD0000040C4F20000079001210391FFF77CF948
:102AE000039907984FF480320492FEF749FF039947
:102AF000069A0798FFF752F80399069A0798FEF787
:102B00009DFF0399069A0798FEF7F6FF049A079827
:102B100010210591FEF734FF0599069A0798FFF7F3
:102B20003DF80599069A0798FEF788FF0599069AD9
:102B30000798FEF7E1FF06990798ADF834100E915B
:102B40004FF6FF720F9210910DA9FFF785F80798C5
:102B5000FEF7D8FE06990798FFF75CF90798FEF78D
:102B6000DBFE12B080BD000080B588B0002001906F
:102B7000079006900590049003901020FEF79CF8B3
:102B800000F00AFF019A114600F066FA014636206D
:102B9000009000F0BBFF009800F0A6FE01984821CD
:102BA000ADF80C1004904FF47A70059041F20000DB
:102BB000C4F20000029003A9FFF74EF80298FEF756
:102BC000A1FE01990298FFF725F90298FEF7A4FEED
:102BD00008B080BD80B588B00020019007900690B5
:102BE0000590049003902020FEF766F800F0D4FED4
:102BF000019A114600F030FA01463720009000F0AB
:102C000085FF009800F070FE01984821ADF80C1087
:102C100004904FF47A70059041F20040C4F2000035
:102C2000029003A9FFF718F80298FEF76BFE0199CE
:102C30000298FFF7EFF80298FEF76EFE08B080BD2D
:102C400080B588B000200190079006900590049010
:102C500003904FF40050FEF7ADF800F09DFE019A8E
:102C6000114600F0F9F901462C20009000F04EFFCB
:102C7000009800F039FE01984FF4E151ADF80C10C6
:102C800004904FF47A7105910690079043F200404A
:102C9000C4F20100029003A9FEF7DEFF0298FEF7DE
:102CA00031FE01990298FFF781F801990298FFF728
:102CB000B1F80298FEF730FE08B080BD80B592B042
:102CC00000200490119010900F900E900D900C9099
:102CD0000B900A9009900890079006904FF480405E
:102CE000FEF77AF804200090FEF776F804980221A7
:102CF000C0F2024106910921079103210891099030
:102D000040F60000C4F20100029006A90191FEF70E
:102D1000FFFA009A019902980423C0F20443069333
:102D20000792FEF7F5FA00F03FFE049A114600F014
:102D3000C9F901462520039000F00AFF039800F02E
:102D4000EBFD04984FF4E1310B910C900D900E9037
:102D50000C210F911090119043F60000C4F2010075
:102D600005900BA9FFF77CF80598FFF761F8059827
:102D7000FFF76CF812B080BD80B592B000200490CF
:102D8000119010900F900E900D900C900B900A9057
:102D900009900890079006904FF48020FDF79EFF61
:102DA0000820FEF719F804980421C0F204410691A6
:102DB0000921079103210891099040F60040C4F2CF
:102DC0000100029006A90191FEF7A2FA019902986A
:102DD0000822C0F20842069204220792FEF798FAEF
:102DE00000F0E2FD049A114600F06CF9014627203C
:102DF000039000F0ADFE039800F08EFD04984FF4B0
:102E0000E1310B910C900D900E900C210F911090D0
:102E1000119044F60000C4F2000005900BA9FFF7E2
:102E20001FF80598FFF704F80598FFF70FF812B0A0
:102E300080BD0000FFE7FEE7FFE7FEE788B00790F0
:102E400006910592079800F0070004900498C0F1DD
:102E50000700052803D3FFE70420019004E004984D
:102E6000C0F107000190FFE7019803900498043037
:102E7000062803D8FFE70020009003E004980338F9
:102E80000090FFE70098029006980399012202FA49
:102E900001F101390840029B984005999A40013A96
:102EA0001140084308B0704788B00790069105921A
:102EB000079800F0070004900498C0F10700052867
:102EC00003D3FFE70420019004E00498C0F1070059
:102ED0000190FFE70198039004980430062803D876
:102EE000FFE70020009003E0049803380090FFE71C
:102EF0000098029006980399012202FA01F1013923
:102F00000840029B984005999A40013A11400843B5
:102F100008B0704788B0079006910592079800F0B6
:102F2000070004900498C0F10700052803D3FFE7C9
:102F30000420019004E00498C0F107000190FFE72D
:102F40000198039004980430062803D8FFE7002076
:102F5000009003E0049803380090FFE70098029087
:102F600006980399012202FA01F101390840029BF7
:102F7000984005999A40013A1140084308B07047BB
:102F800088B0079006910592079800F0070004901A
:102F90000498C0F10700052803D3FFE7042001903F
:102FA00004E00498C0F107000190FFE70198039046
:102FB00004980430062803D8FFE70020009003E0BF
:102FC000049803380090FFE7009802900698039950
:102FD000012202FA01F101390840029B984005994B
:102FE0009A40013A1140084308B0704788B00790F2
:102FF00006910592079800F0070004900498C0F12C
:103000000700052803D3FFE70420019004E004989B
:10301000C0F107000190FFE7019803900498043085
:10302000062803D8FFE70020009003E00498033847
:103030000090FFE70098029006980399012202FA97
:1030400001F101390840029B984005999A40013AE4
:103050001140084308B0704788B007900691059268
:10306000079800F0070004900498C0F107000528B5
:1030700003D3FFE70420019004E00498C0F10700A7
:103080000190FFE70198039004980430062803D8C4
:10309000FFE70020009003E0049803380090FFE76A
:1030A0000098029006980399012202FA01F1013971
:1030B0000840029B984005999A40013A1140084304
:1030C00008B0704788B0079006910592079800F005
:1030D000070004900498C0F10700052803D3FFE718
:1030E0000420019004E00498C0F107000190FFE77C
:1030F0000198039004980430062803D8FFE70020C5
:10310000009003E0049803380090FFE700980290D5
:1031100006980399012202FA01F101390840029B45
:10312000984005999A40013A1140084308B0704709
:103130007047000080B582B0019001980090FEF7C2
:103140006BFA01460098C9B20A0945F62041C0F65B
:103150000001895CC84002B080BD000080B582B02B
:10316000019001980090FEF75FFA014600980A0A64
:1031700045F63041C0F60001895CC84002B080BD10
:1031800080B582B0019001980090FEF755FA014693
:103190000098CA0A45F63041C0F60001895CC84073
:1031A00002B080BD80B582B000200190FEF754FAD5
:1031B0000146009140B1FFE7009804280AD0FFE7DC
:1031C000009808280CD00FE041F20020C0F27A00ED
:1031D00001900FE041F20020C0F27A00019009E076
:1031E00000F00CF8019005E041F20020C0F27A00F6
:1031F0000190FFE7019802B080BD000080B584B067
:10320000002003900290FEF77BFA02900298019052
:1032100028B1FFE70198B0F5803F06D010E040F6F6
:103220000010C0F23D00039010E0FEF779FA411C57
:1032300041F20020C0F27A00B0FBF1F0039005E00B
:1032400040F60010C0F23D000390FFE703980090A5
:10325000FEF75EFA02460098022101EB92414843D4
:1032600004B080BD7047000080B582B08DF80700C3
:1032700000F022F900F034F99DF8070000F0FAF8A8
:1032800000F010F902B080BD80B582B08DF8070063
:1032900000F012F900F01AF99DF8070000F0EAF8C2
:1032A00000F000F902B080BD80B586B000F022F9D0
:1032B00000F0A2F90A20049000F0A8F900F092F9B9
:1032C0003220059000F0A2F9FD200390FFF7CCFF1B
:1032D0001220FFF7D9FFAE20FFF7C6FFB320FFF79C
:1032E000C3FF9120FFF7D0FFCA20FFF7BDFF3F20AB
:1032F000FFF7CAFFA220FFF7B7FF00200190FFF7FA
:10330000C3FFA120FFF7B0FF0198FFF7BDFFA0208A
:103310000290FFF7A9FF1420FFF7B6FF1120FFF777
:10332000B3FFB520FFF7A0FF0198FFF7ADFFAB207B
:10333000FFF79AFF0120FFF7A7FFB420FFF794FFE4
:103340000298FFF7A1FF0398FFF79EFFC120FFF748
:103350008BFFFF20FFF798FFC720FFF785FF0F20A7
:10336000FFF792FFB920FFF77FFFB120FFF77CFF47
:10337000E220FFF789FFD120FFF776FF8220FFF7D9
:1033800083FF2020FFF780FFBB20FFF76DFF1F208A
:10339000FFF77AFFB620FFF767FF0820FFF774FFFB
:1033A000BE20FFF761FF0720FFF76EFFA620FFF7A3
:1033B0005BFFA920FFF758FF049800F027F9AF2022
:1033C000FFF752FF059800F021F906B080BD00001C
:1033D00080B582B0019000915C20FFF745FF00F0BE
:1033E0006BF800F073F80198009900F02BF800F0EA
:1033F00059F802B080BD000080B582B08DF807009A
:103400008DF806108DF805208DF804301520FFF793
:103410002BFF9DF807001C30C0B2FFF735FF9DF869
:1034200006001C30C0B2FFF72FFF7520FFF71CFF0E
:103430009DF80500FFF728FF9DF80400FFF724FF23
:1034400002B080BD80B584B003900291002001904D
:10345000FFE70198029988420AD2FFE70398019991
:10346000405C00F007F8FFE7019801300190F0E7B9
:1034700004B080BD80B582B08DF807009DF80710BC
:1034800043F20000C4F20100FEF712FAFFE743F234
:103490000000C4F20100FEF7F1F908B1FFE7F6E71A
:1034A00002B080BD80B540F60040C4F2010041F298
:1034B0001001FDF7CFFF80BD80B540F60040C4F29B
:1034C000010041F21001FDF7A7FF80BD80B540F675
:1034D0000040C4F2010044F24001FDF7BBFF80BD93
:1034E00080B540F60040C4F2010044F24001FDF70F
:1034F00093FF80BD10B590B040F60040C4F20100CB
:103500000A9041F210010991FDF786FF0A9844F2F2
:1035100040010191FDF780FF0A9848F28001049173
:10352000FDF77AFF0A98099A002107910F910E91F1
:103530000D910C910B910B92012202920C9202229E
:1035400003920D920E910BA90891FDF7E1FEDDF8B3
:1035500008C0039B079A0899DDF804E00A98CDF8A3
:103560002CE0CDF830C00D930E92FDF7D1FEDDF8C2
:1035700008C0039B079A0899DDF810E00A98CDF877
:103580002CE0CDF830C00D930E92FDF7C1FE079AE6
:1035900008990A9840F608030B93092305930C93A6
:1035A000032306930D930E92FDF7B2FEDDF814C0CF
:1035B000069B079A08990A9842F2200ECDF82CE053
:1035C000CDF830C00D930E92FDF7A2FE09990A982E
:1035D000FDF740FF43F20000C4F20100FEF7F6F8E9
:1035E00010B010BD80B540F60040C4F2010048F2B2
:1035F0008001FDF72FFF80BD80B540F60040C4F28A
:10360000010048F28001FDF707FF80BD80B582B060
:1036100001900198FEF7ECFC02B080BD70470000FD
:1036200080B540F2A811C2F20001086801300860BC
:1036300047F6D501C2F2E96148434FEAF00048F687
:103640003711C0F24101884267D8FFE740F2B70066
:10365000C2F200000078C00748B9FFE740F2281125
:10366000C2F2000108684968FDF79CFFFFE740F2DD
:10367000B600C2F200000078C00748B1FFE740F290
:103680000C11C2F2000108684968FDF78BFFFFE7E3
:1036900040F2B600C2F200000078C00748B9FFE768
:1036A00040F2C801C2F2000108684968FDF77AFFDC
:1036B000FFE740F21E00C2F200000078C00748B1E8
:1036C000FFE740F29C11C2F200010A78012090430A
:1036D0000870FFE740F28000C2F200000078C007E7
:1036E00048B1FFE740F28101C2F200010A780120EF
:1036F00090430870FFE740F2B400C2F20000007887
:10370000C00748B1FFE740F2B501C2F200010A78F4
:10371000012090430870FFE7FFE780BD80B582B0CD
:103720000220FDF7B7FDFFE7FDF7ACFD022801D051
:10373000FFE7F9E7FDF7B4FFFFE7FDF7BBFF01285F
:1037400001D0FFE7F9E74FF480304FF4E011FDF7C7
:10375000B9FFFDF7CBFFFFE7FDF7EAFF012801D036
:10376000FFE7F9E700200190FDF7F8FF4FF48060D4
:10377000FEF702F80198FEF70DF80220FEF718F8A0
:10378000FFE7FDF761FF082801D0FFE7F9E74AF2FC
:103790000020C0F24A400090FDF718FF0098FEF7A5
:1037A0009FF84FF40040FDF7CBFF02B080BD000052
:1037B00070470000704700007047000080B541F27C
:1037C0000000C4F20000FEF7E1FA48B1FFE7FCF7A1
:1037D000F3FF41F20000C4F20000FEF78BF8FFE7B0
:1037E00080BD000080B541F20040C4F20000FEF749
:1037F000CDFA48B1FFE7FEF721FC41F20040C4F2E8
:103800000000FEF777F8FFE780BD000080B543F2C7
:103810000040C4F20100FEF76DF880BD7047000063
:1038200070470000FFE7FEE781B08DF803009DF9C7
:10383000030000280ED4FFE79DF9031001F01F02DA
:10384000012090404A094EF20011CEF2000141F8E9
:103850002200FFE701B0704781B08DF803009DF9A9
:10386000030000280ED4FFE79DF9031001F01F02AA
:10387000012090404A094EF20011CEF2000141F8B9
:103880002200FFE701B0704781B08DF803009DF979
:10389000030000280ED4FFE79DF9031001F01F027A
:1038A000012090404A094EF20011CEF2000141F889
:1038B0002200FFE701B0704781B08DF803009DF949
:1038C000030000280ED4FFE79DF9031001F01F024A
:1038D000012090404A094EF20011CEF2000141F859
:1038E0002200FFE701B0704781B08DF803009DF919
:1038F000030000280ED4FFE79DF9031001F01F021A
:10390000012090404A094EF20011CEF2000141F828
:103910002200FFE701B0704781B08DF803009DF9E8
:10392000030000280ED4FFE79DF9031001F01F02E9
:10393000012090404A094EF20011CEF2000141F8F8
:103940002200FFE701B070474EF60C50CEF20000A7
:103950000068C0F3022070474EF60C50CEF2000013
:103960000068C0F3022070474EF60C50CEF2000003
:103970000068C0F3022070474EF60C50CEF20000F3
:103980000068C0F3022070474EF60C50CEF20000E3
:103990000068C0F3022070474EF60C50CEF20000D3
:1039A0000068C0F3022070474EF60C50CEF20000C3
:1039B0000068C0F30220704782B08DF807000091C4
:1039C0009DF9070000280AD4FFE7009800019DF93F
:1039D00007104EF20042CEF2000288540BE000982D
:1039E00000019DF8071001F00F014EF61452CEF2BF
:1039F00000028854FFE702B07047000082B08DF8E3
:103A0000070000919DF9070000280AD4FFE70098FD
:103A100000019DF907104EF20042CEF200028854D8
:103A20000BE0009800019DF8071001F00F014EF621
:103A30001452CEF200028854FFE702B07047000033
:103A400082B08DF8070000919DF9070000280AD484
:103A5000FFE7009800019DF907104EF20042CEF2F8
:103A6000000288540BE0009800019DF8071001F057
:103A70000F014EF61452CEF200028854FFE702B056
:103A80007047000082B08DF8070000919DF9070093
:103A900000280AD4FFE7009800019DF907104EF2B4
:103AA0000042CEF2000288540BE0009800019DF81D
:103AB000071001F00F014EF61452CEF200028854A6
:103AC000FFE702B07047000082B08DF80700009158
:103AD0009DF9070000280AD4FFE7009800019DF92E
:103AE00007104EF20042CEF2000288540BE000981C
:103AF00000019DF8071001F00F014EF61452CEF2AE
:103B000000028854FFE702B07047000082B08DF8D1
:103B1000070000919DF9070000280AD4FFE70098EC
:103B200000019DF907104EF20042CEF200028854C7
:103B30000BE0009800019DF8071001F00F014EF610
:103B40001452CEF200028854FFE702B07047000022
:103B500082B08DF8070000919DF9070000280AD473
:103B6000FFE7009800019DF907104EF20042CEF2E7
:103B7000000288540BE0009800019DF8071001F046
:103B80000F014EF61452CEF200028854FFE702B045
:103B90007047000083B00290029800F00700009088
:103BA0004EF60C51CEF200010868019001984FF6D4
:103BB000FF02104001900198009A40EA0220002282
:103BC000C0F2FA52104301900198086003B07047A8
:103BD00010B586B08C46864609980899CDF814E051
:103BE000CDF810C0ADF80E20ADF80C30ADF80A10CD
:103BF000ADF808000020ADF80600BDF80C00ADF8E7
:103C00000400FFE7BDF80400BDF80C10BDF8082063
:103C10001144884230DAFFE7BDF80E00ADF802002B
:103C2000FFE7BDF80200BDF80E10BDF80A201144F0
:103C300088421ADAFFE70598BDF80210BDF80420A3
:103C4000049BBDF806C033F81C30C3F3071300F023
:103C5000B9F8BDF806000130ADF80600FFE7BDF881
:103C600002000130ADF80200DBE7FFE7BDF8040019
:103C70000130ADF80400C5E706B010BD80B588B0CE
:103C800084460A98CDF81CC08DF81B10ADF818209A
:103C9000ADF816308DF8150040F2B000C2F2000009
:103CA000006808B9FFE78AE040F2B000C2F2000005
:103CB00001680A7A9DF81B10891A8DF81B1001689B
:103CC00049689DF81B2001EBC2010491006800685F
:103CD000039004980088ADF80A00049880788DF865
:103CE00009000498C0788DF80800049840798DF890
:103CF0000700049880798DF8060000208DF80500F3
:103D00008DF804008DF803008DF802008DF8030093
:103D1000FFE79DF803009DF8081088424FDAFFE79F
:103D200000208DF80200FFE79DF802009DF80910C1
:103D300088423DDAFFE79DF80500411C8DF805102B
:103D4000400750B9FFE70398BDF80A104A1CADF8C8
:103D50000A20405C8DF80400FFE79DF8040000068F
:103D6000002818D5FFE70798BDF818109DF907201F
:103D700011449DF802201144BDF816209DF906302B
:103D80001A449DF803301A449DF8153089B292B256
:103D900000F018F800E0FFE79DF8040040008DF8FF
:103DA0000400FFE79DF8020001308DF80200BBE738
:103DB000FFE79DF8030001308DF80300A9E708B084
:103DC00080BD000083B00290ADF80610ADF804206D
:103DD0008DF80330BDF8060040F20601C2F2000182
:103DE0000988013988420BDCFFE7BDF8040040F286
:103DF0000401C2F2000109880139884201DDFFE7B0
:103E000041E0BDF8040040F20601C2F20001098859
:103E1000BDF8062000FB012000EBD07121F001016C
:103E2000401A012817D1FFE70299BDF8040040F2BB
:103E30000602C2F200021288BDF8063000FB023012
:103E400000EBD0704210885C00F0F0009DF8033069
:103E50001843885417E00299BDF8040040F20602A6
:103E6000C2F200021288BDF8063000FB023000EBFF
:103E7000D0704210885C00F00F009DF8033040EADB
:103E800003108854FFE703B07047000010B586B0F8
:103E90008C46864609980899CDF814E0ADF812C012
:103EA000ADF81020ADF80E30ADF80C108DF80B0009
:103EB000BDF81200ADF80800FFE7BDF80800BDF836
:103EC0000E10884223DCFFE7BDF81000ADF80600B5
:103ED000FFE7BDF80600BDF80C10884210DCFFE7D4
:103EE0000598BDF80810BDF806209DF80B30FFF7C7
:103EF00069FFFFE7BDF806000130ADF80600E8E70E
:103F0000FFE7BDF808000130ADF80800D5E706B0BE
:103F100010BD000080B586B084460898CDF814C066
:103F20000491ADF80E20ADF80C308DF80B00FFE7D2
:103F30000498007820B3FFE7059804990978BDF844
:103F40000E20BDF80C309DF80BC0EE46CEF800C038
:103F5000FFF794FEBDF80E0040F2B001C2F200017E
:103F600009684968049A127801EBC20111F8FC1C37
:103F700008440130ADF80E00049801300490D7E7F2
:103F800006B080BD88B0069000200590FFE7059838
:103F90000A280CD8FFE7059A40F24411C2F200014A
:103FA00000208854FFE7059801300590EFE7069858
:103FB000049000208DF80F004CF60020C3F69A30D4
:103FC0000290069840B9FFE740F24410C2F20000A8
:103FD00030210170079058E000208DF80700FFE7BE
:103FE0000498029988420AD2FFE702984CF6CD4124
:103FF000CCF6CC41A0FB0110C0080290F0E702987B
:1040000018B9FFE701200290FFE7FFE704990120BC
:10401000009031B9FFE70298002818BF01200090F6
:10402000FFE70098C00750B3FFE7FFE70498029945
:1040300088420AD3FFE79DF80F0001308DF80F008A
:1040400002990498401A0490F0E79DF80F00303070
:104050009DF80720511C8DF8071040F24411C2F260
:104060000001885400208DF80F0002984CF6CD41D5
:10407000CCF6CC41A0FB0110C0080290C6E740F28C
:104080004410C2F200000790FFE7079808B070479D
:1040900080B592B000200D90119040F23411C2F220
:1040A000000101200870FCF72BFE4FF08050FCF758
:1040B000DFFD0320FFF76EFDFFF746FC0D9A0F2191
:1040C000FEF7BCFE01464FF0FF30FFF775FCFDF731
:1040D000F9F8FFF723FBFEF77DFAFEF765FAFEF726
:1040E0001BF9FEF779F9FEF7CFF9FEF725FAFEF78F
:1040F000CBFBFEF743FCFEF7BBFCFEF7DFFDFEF754
:104100003BFEFEF731FDFEF765FDFEF799FD40F63B
:104110000000C4F2010040F60801FDF791F9FCF738
:10412000B9FBFDF7C5FFFFF7BFF843F20040C4F24B
:1041300001000A90FDF704FC0A98FDF7F7FB41F235
:104140000000C4F200000B90FDF7FAFB0B98FDF79E
:10415000EDFB41F20040C4F200000C90FDF7F0FBD3
:104160000C98FDF7E3FB4FF08040FDF7DFFB40F2DA
:104170000040C4F20000FDF7D9FBFDF7A7FB0D9846
:104180008DF84300FFE740F21C00C2F20000007807
:10419000C00788B1FFE740F2E401C2F200010868FD
:1041A0004968FDF74DF940F2F001C2F200010868DC
:1041B0004968FDF71DF910E040F2F001C2F200017C
:1041C00008684968FDF73CF940F2E401C2F20001D9
:1041D00008684968FDF70CF9FFE740F2B600C2F243
:1041E00000000078C00748B1FFE740F2C801C2F202
:1041F000000108684968FDF723F908E040F20C1156
:10420000C2F2000108684968FDF71AF9FFE740F2B9
:10421000B700C2F200000078C00748B1FFE740F2E3
:104220002811C2F2000108684968FDF709F9FFE7A3
:1042300040F20040C4F20000FDF796FB410840F256
:104240009200C2F200000180B0F9002040F290011B
:10425000C2F200010B88D21A40F28803C2F20003B6
:104260001A600088088040F2D400C2F20000807A10
:10427000C007E8B3FFE740F2B600C2F200000078E2
:10428000C00770BBFFE740F21C02C2F200021178C7
:10429000012020EA0101117040F21D01C2F200016B
:1042A000087040F21E01C2F20001087040F2800165
:1042B000C2F200010020087040F2B401C2F2000115
:1042C000087040F29C11C2F20001087040F28101B6
:1042D000C2F20001087040F2B501C2F2000108709C
:1042E000FFE740F2D401C2F2000100208872FFE72C
:1042F00040F29C00C2F20000807AC007002864D01F
:10430000FFE740F21D00C2F200000078022855D0FD
:10431000FFE740F21D00C2F200000078012812D130
:10432000FFE740F21E01C2F200010020087040F2D7
:104330009C11C2F20001087040F28001C2F200013B
:1043400001200870FFE740F21D00C2F20000007873
:10435000032820D1FFE740F21E01C2F20001002035
:10436000087040F28001C2F20001087040F2B4010E
:10437000C2F20001087040F29C11C2F20001087004
:1043800040F28101C2F20001087040F2B501C2F2B0
:1043900000010870FFE740F21D00C2F20000017842
:1043A000013101700078042807DBFFE740F21D01AE
:1043B000C2F2000101200870FFE7FFE740F29C0114
:1043C000C2F2000100208872FFE740F21810C2F22A
:1043D0000000807AC00768B3FFE740F21D00C2F218
:1043E0000000007802281ED1FFE740F2B401C2F2BB
:1043F00000010120087040F28002C2F20002002198
:10440000117040F21D03C2F2000303221A7040F241
:10441000B702C2F200021378984310704FF0804048
:10442000FDF7D2FCFFE740F21811C2F200010020B4
:104430008872FFE740F28800C2F200000068B0F125
:10444000FF3F00F30981FFE740F21D00C2F20000C8
:104450000078012863D1FFE740F21C00C2F200009F
:104460000078C00748B3FFE740F29C11C2F2000198
:104470000120087040F29800C2F200000068B0F518
:10448000FA6F08DAFFE740F29801C2F2000108680B
:1044900064300860FFE740F29800C2F20000006854
:1044A000B0F5FA6F08DDFFE740F29801C2F20001B3
:1044B0004FF4FA600860FFE725E040F29C11C2F279
:1044C00000010120087040F2A410C2F20000006850
:1044D000C72808DCFFE740F2A411C2F20001086817
:1044E0000A300860FFE740F2A410C2F20000006842
:1044F000C92807DBFFE740F2A411C2F20001C8207F
:104500000860FFE7FFE740F28801C2F200010020E7
:10451000086040F29C11C2F200010870FFE740F20F
:104520001D00C2F200000078032840F09480FFE7ED
:1045300040F21C00C2F200000078C00700283FD003
:10454000FFE740F2B501C2F200010120087040F21D
:104550009400C2F2000000680021C4F2C82100F0FB
:104560003CFDB8B9FFE740F29400C2F200000990A8
:10457000006800F08FFC49F69A12C9F6991249F6C4
:104580009913C3F6B97300F09BFA00F067FA099922
:104590000860FFE740F29400C2F2000000680021CA
:1045A000C4F2C82100F020FD48B9FFE740F29401B1
:1045B000C2F200010020C4F2C8200860FFE73EE01C
:1045C00040F2B501C2F200010120087040F2A010D3
:1045D000C2F2000000680021C4F2C82100F0FDFC16
:1045E000B8B9FFE740F2A010C2F2000008900068DE
:1045F00000F050FC49F69A12C9F6991249F699133F
:10460000C3F6B97300F05CFA00F028FA0899086064
:10461000FFE740F2A010C2F2000000680021C4F2DF
:10462000C82100F0E1FC48B9FFE740F2A011C2F256
:1046300000010020C4F2C8200860FFE7FFE740F255
:104640008801C2F200010020086040F2B501C2F208
:1046500000010870FFE7FFE740F28800C2F20000A7
:1046600000680128C0F2FB80FFE740F21D00C2F2A3
:1046700000000078012862D1FFE740F21C00C2F27E
:1046800000000078C00738B3FFE740F29C11C2F287
:1046900000010120087040F29800C2F2000000689A
:1046A000012808DBFFE740F29801C2F20001086828
:1046B00064380860FFE740F29800C2F2000000682A
:1046C000B0F1FF3F07DCFFE740F29801C2F20001C2
:1046D00000200860FFE726E040F29C11C2F20001D2
:1046E0000120087040F2A410C2F200000068012806
:1046F00008DBFFE740F2A411C2F2000108680A38A3
:104700000860FFE740F2A410C2F200000068B0F1B8
:10471000FF3F07DCFFE740F2A411C2F200010020D6
:104720000860FFE7FFE740F28801C2F200010020C5
:10473000086040F29C11C2F200010870FFE740F2ED
:104740001D00C2F200000078032840F08780FFE7D8
:1047500040F21C00C2F200000078C007C8B3FFE7B7
:1047600040F2B501C2F200010120087040F294004D
:10477000C2F200000068002100F036FCB8B9FFE783
:1047800040F29400C2F200000790006800F082FB43
:1047900049F69A12C9F6991249F69913CBF6B973EC
:1047A00000F08EF900F05AF907990860FFE740F22F
:1047B0009400C2F200000068002100F00EFC38B93D
:1047C000FFE740F29401C2F2000100200860FFE719
:1047D00038E040F2B501C2F200010120087040F259
:1047E000A010C2F200000068002100F0FDFBB8B983
:1047F000FFE740F2A010C2F200000690006800F04F
:1048000049FB49F69A12C9F6991249F69913CBF663
:10481000B97300F055F900F021F906990860FFE737
:1048200040F2A010C2F200000068002100F0D5FBA9
:1048300038B9FFE740F2A011C2F200010020086081
:10484000FFE7FFE740F28801C2F2000100200860A4
:1048500040F2B501C2F200010870FFE7FFE740F245
:104860009800C2F20000B0F90000FDF7E9FC40F248
:104870001C00C2F200000078C00738B1FFE740F228
:104880009800C2F200000068059006E040F2A41013
:10489000C2F2000000680590FFE705980F9040F213
:1048A0001C00C2F20000BDF83C3040F29C11C2F284
:1048B00000010078097801F001016A46116000F0FA
:1048C000010040F2AC11C2F200014FF4FA62FBF7B2
:1048D000DFFE4FF08040FDF747F8014640F28C00C4
:1048E000C2F2000001600068B0F5004F0ED3FFE790
:1048F00040F28C00C2F2000000684FF6FF71401ACF
:1049000040F25411C2F2000108600AE040F28C004B
:10491000C2F20000006840F25411C2F200010860C7
:10492000FFE740F25410C2F20000006800F0E6FB1E
:1049300040F28401C2F20001086040F21C00C2F2A1
:1049400000000078C00738B1FFE740F29400C2F2DF
:1049500000000068049006E040F2A010C2F20000DF
:1049600000680490FFE704980E9040F28401C2F2C0
:10497000000140F28100C2F2000040F2B502C2F232
:10498000000240F21D03C2F2000393F800E0096840
:10499000007813780E9AEC46CCF804E003F001039B
:1049A000CCF8003000F0010340F2AC10C2F200007D
:1049B0000290FBF799FC029800210391FBF71AFE85
:1049C0000298039A114600F00DF8FFF7DCBB0000D7
:1049D00081B00090009840F2B001C2F2000108607E
:1049E00001B0704780B582B00190ADF80210ADF80B
:1049F00000203F2100227F231046FEF7FDFC019896
:104A0000BDF8001000EBC110BDF8021008444FF4CF
:104A10000051FEF7DDFC02B080BD000082B00190C5
:104A20000020ADF80200FFE70198007890B1FFE7A1
:104A300001980078C02804DBFFE70198013001905D
:104A4000FFE7BDF802000130ADF802000198013027
:104A50000190E9E7BDF8020002B0704721F0004282
:104A600001F00043A2F16052B2F5801F28BFD2F1DD
:104A70007F6C0BD95FEA001C43EAC20242EB507024
:104A800018BF704728BF20F001007047B2F5801FA3
:104A9000BCBF184670474FEA410C1CF5001F02D2FC
:104AA000084600F086BC70B500F0B2F8000000893E
:104AB000FFF7F6BF4FF00040A0F580007047000000
:104AC00010B591EA030F48BF83F0004300F1FC806A
:104AD000841A71EB030C05D2121943EB0C03001B73
:104AE00061EB0C014FEA1154A4EB135CDFF81CE1FD
:104AF0001EEA430F18BF9EEA445F00F0748021EA6B
:104B0000045123EA0E0343F48013DCF1200E32D368
:104B100022FA0CFE10EB0E0023FA0CFE41EB0E0104
:104B2000CCF1200E03FA0EFE10EB0E00CCF1200E9D
:104B300051F10001B1F5801F32D201EB045112FA9C
:104B40000EF2BDE8104058BF7047401C38BF5FEA06
:104B5000420218BF7047002814BF20F0010041F145
:104B600000014FEA410313F5001F38BF7047A1F160
:104B7000C04100F09BB8012A43EB0302ACF1200CCA
:104B8000DCF11F0E32BF4FF0000E23FA0CF310EBD6
:104B9000030041EB0451B4EB115FD0D0A1EB045101
:104BA00001F58011490801EB04515FEA30000ED392
:104BB00050F1000038BF12FA0EFE08D1BDE81040D7
:104BC000C9E7401C38BF5FEA4202CAD1C3E7BDE86B
:104BD00010404FEA410313F5001F38BF7047A1F1A1
:104BE000C04100F063B89EEA445F08D011EA5E0F4E
:104BF000BDE8104004BF01F0004100207047BDE84F
:104C0000104070B500F004F864FBBE3E0000E0FF09
:104C10000EF1020E2EF0030E5EF8046B364205D440
:104C2000012A43EB030515F5001F12D8012841EBBB
:104C3000010C1CF5001F0CD80ED14FEAD17C0CEBF7
:104C40004C0C0CF1020C15F5001F08BF4CEBD37C8B
:104C500004E04FF0080C01E04FEAD37C0CEB4C056C
:104C600026FA05F606F00706B6F1040C06D20EEB9E
:104C7000860CBDE870404CF0010C6047DFE80CF09A
:104C8000090B02024FF00041A1F500214FF0000096
:104C900070BD19461046012851EB010418BFD4F528
:104CA000001484BF002001F0004170BD0808A0F589
:104CB00000114FEA3101704710B591EA030F48BF68
:104CC00083F000433FF504AF841A71EB030C07D265
:104CD0008CF0004C121943EB0C03001B61EB0C0130
:104CE0004FEA1154A4EB135CDFF8A4E11EEA430F72
:104CF00018BF9EEA445F00F0B48021EA045123EA21
:104D00006E035242C3EB6E0338BF5B1EDCF1200E14
:104D100025D322FA0CFE10EB0E0043FA0CFE41EBF9
:104D20000E01CCF1200E03FA0EFE10EB0E00CCF1BA
:104D3000200E51F1000129D401EB045112FA0EF2B8
:104D4000BDE8104058BF7047401C1CBFB2F1004F77
:104D5000704700280CBF491C20F00100704712EB7F
:104D6000020E43EB030218BF4FF0010E4EEA42025F
:104D7000ACF1200CDCF11E0E56D943FA0CFE10EB00
:104D80000E00CCF11E0E51F1FF31D5D50EF1010E02
:104D900012FA0EFE404141EB010101EB445C5FEA77
:104DA0005C5C10D901EB045110EBDE7038BFBEF132
:104DB000004FBDE8104018BF704700280CBF491CC9
:104DC00020F00100704734D24FEAD42C24F4006460
:104DD00011F500111BD0B1FA81F20B3AA41AA41EEE
:104DE000D2F12003914030FA03F31943904001EBD4
:104DF000CC7101EB0451002CBDE81040A8BF7047F6
:104E000001F1C04101F000414FF000007047B0FADD
:104E100080F310FA03F102D1BDE810407047E41AA4
:104E2000173C4805C90AE2E701EB0451BDE8104010
:104E3000704749104FEA300001EB0451BDE81040C3
:104E400002E04FF0000170474A0008BF0042F8D06E
:104E5000B2F5001F28BF704701F000414FF000007D
:104E600070479EEA445F07D011EA5E0FBDE810402C
:104E700004BF002100207047BDE8104070B5FFF767
:104E8000C7FE00BF40DFF63E104683F0004170478A
:104E90000000E0FF43004FEAD30C4FEA3C0C4340D4
:104EA0001FBF40070CF1605113F0FE4F70471CF01C
:104EB000006F03D10CF00041002070470CF000435C
:104EC00043EA507040EACC0010B500F02CFA00BF65
:104ED000000000924FEA0001FFF7E8BE4FF00041EA
:104EE000A1F500214FF000007047000090EA010F8B
:104EF00048BF81F0004100F16882421A3CBF801A2D
:104F000089184FEAD052A2EBD1534FF07F4C1CEAE4
:104F1000410F18BF9CEA026F00F03B804FF0004C3D
:104F20004CEA00204CEA012121FA03FC10EB0C0CA6
:104F30001ED202F1FF325FEA1C2040EBC25038BFA4
:104F400070471CF07F0F4FEA400C18BFBCF17F4F39
:104F500038BF7047C3F12003994008BF20F001001B
:104F6000BCF17F4F38BF7047A0F1C04000F021BABC
:104F70004FEA3C00000A40EBC25028BF1CF0FF0F74
:104F80004FEA400CE6D018BFBCF17F4F38BF7047E6
:104F9000EAE79CEA026F05D010EA5C0F08BF00F058
:104FA0000040704710B500F0BEF900BF64FBBE3E84
:104FB00010B500F033F80CBF0120002010BD10B573
:104FC00000F02CF814BF0120002010BD10B500F037
:104FD000C1F88CBF0120002010BD10B500F0BAF858
:104FE0002CBF0120002010BD10B500F0E7F894BFE1
:104FF0000120002010BD10B500F0E0F834BF012002
:10500000002010BD401058BFC0F14040491058BFAB
:10501000C1F140418142EFF30080704750EA010C3A
:1050200000F113801CF5000F58BFBCF5000F01D430
:105030008842704707D710F5000F58BF11F5000FD1
:1050400015D488427047894270471CF5000F04D57B
:10505000BCF5000FF7D5814270474FF0807C1CEB08
:10506000400F38BF1CEB410F01D28142704710B591
:1050700000F059F9922449004FF000504FF0805150
:10508000FFF7C0BF41000B0ED3F19E0208D950F4C8
:1050900000034FEA032323FA02F048BF404270475F
:1050A00010B500F040F900BF4992248000207047FD
:1050B0006FF0004282EA200070470000C10DD1F17C
:1050C0009E0206DB4FEA002343F0004323FA02F07E
:1050D0007047004207D54FEA4001B1F1FE4F02D2BE
:1050E0004FF00000704710B500F01DF94992248080
:1050F000002070476FEA20007047000010F0004168
:1051000048BF4042B0FA80F310FA03F2C3F19D03A6
:105110000BD051EAC35101EB1220530638BF704740
:1051200000F1010008BF20F001007047B0FA80F3E1
:1051300010FA03F2C3F19D030AD0D90501EB122046
:10514000530638BF704700F1010008BF20F001008E
:105150007047000050EA010C00F113801CF5000FAD
:1051600058BFBCF5000F01D48842704707D710F52F
:10517000000F58BF11F5000F15D4884270478942BF
:1051800070471CF5000F04D5BCF5000FF7D5814220
:1051900070474FF0807C1CEB400F38BF1CEB410F79
:1051A00001D28142704710B500F0BDF89224490049
:1051B0004FF080504FF00051FFF724BF50EA010C30
:1051C00000F113801CF5000F58BFBCF5000F01D48F
:1051D0008842704707D710F5000F58BF11F5000F30
:1051E00015D488427047894270471CF5000F04D5DA
:1051F000BCF5000FF7D5814270474FF0807C1CEB67
:10520000400F38BF1CEB410F01D28142704710B5EF
:1052100000F089F8922449004FF000504FF080517F
:10522000FFF7F0BE4FF47F0C1CEAD0121EBF1CEA41
:10523000D11392EA0C0F93EA0C0F00F0478090EA2A
:10524000010F48BF42F480724FF0004C4CEA00203E
:105250004CEA012102EB0302A0FB0113A2F50002BC
:10526000002918BF43F001035B0028BF4FEA330356
:1052700042EB22425FEA132C4CEBC2502EBFBCEB38
:10528000436FB2F57C0F70474FEA036CBCF1004FDF
:1052900008BF20F00100B2F57C0F38BF70470BD576
:1052A00082F0FF0212F5803FC8BF704700F1C04096
:1052B000D8BF00F00040704700F5000C5FEA4C0CCE
:1052C00048BF7047B0F1C04000F073B80CEAD1138A
:1052D00090EA010F48BF42F48072624538BF6345CF
:1052E00004D280EA010000F00040704710B500F0E1
:1052F0001AF800BF8900013E00F007B800F009B8B5
:105300005FEA410C5FEA1C6C08D080EA010000F003
:1053100050B85FEA400C5FEA1C6CF6D14FF00040D9
:10532000A0F5800070470EF1020E2EF0030E5EF81D
:10533000044B244204D44FEA4102B2F17F4F11D80A
:105340004FEA4003B3F17F4F0CD80ED14FEAD07C27
:105350000CEB4C0C0CF1020CB2F17F4F08BF4CEB84
:10536000D17C04E04FF0080C01E04FEAD17C0CEB5B
:105370004C0324FA03F404F00704B4F1040C06D23D
:105380000EEB840CBDE810404CF0010C6047DFE8E8
:105390000CF0070802024FF00040A0F5800010BD9D
:1053A0000846420018BFD2F1807288BF00F000406A
:1053B00010BDFF2141EAD050C005704790EA010FAF
:1053C00048BF81F000413FF598AD421A04D882F001
:1053D0000042A0EB020011444FEAD052A2EBD1539D
:1053E0004FF07F4C1CEA410F18BF9CEA026F4AD075
:1053F0004FF0004C4CEA00204CEA012121FA03FC5A
:10540000B0EB0C0C0FD412F0FE0F36D05FEA4C005C
:105410001DD5001240EBC25038BF70471CF03F0F43
:1054200018BF70470BE05FEA1C20A2F1010240EBBD
:10543000C25038BF70471CF07F0F18BF7047C3F1D0
:105440002003994014BF401E20F0010070474FEA2E
:105450001223800808BF7047B0FA80FCA2EB0C0250
:10546000CCF1280C60FA0CF093EA122F04BF00EB89
:10547000C25070474FEAC3707047130A5FEADC10EE
:1054800008BF7047F6E79CEA026F04D010EA5C0F91
:1054900008BF0020704710B5FFF745FF40DFF63E1C
:1054A00081F000407047000000000000FF00FF0096
:1054B000FF00FF00FF00FF00FF00FF00FF00FF00F4
:1054C000FF00FF00FF00FF00FF00000000000000E1
:1054D00000000000000000000000000000000000CC
:1054E0000000000000000000000000000000FF00BD
:1054F00000000000000000000000000000000000AC
:1055000000000000000000000000FF00000000009C
:10551000000000000000000000000000000000008B
:10552000000000000000000000000000000000007B
:10553000FF0000000000000000000000000000006C
:10554000000000000000000000000000FF0000005C
:10555000000000000000000000000000000000004B
:105560000000FF000000000000000000000000003C
:105570000000FF000000000000000000000000002C
:105580000000000000000000000000000000FF001C
:10559000000000000000000000000000000000000B
:1055A0000000FF00FF00FF000000000000000000FE
:1055B00000000000FF0000000000000000000000EC
:1055C00000000000000000000000000000000000DB
:1055D000FF000000000000000000000000000000CC
:1055E00000000000FF00FF00FF00000000000000BE
:1055F000000000000000FF000000000000000000AC
:10560000000000000000000000000000000000009A
:105610000000FF000000000000000000000000008B
:1056200000000000FF00FF00FF00FF00FF0000007F
:105630000000000000000000FF000000000000006B
:10564000000000000000000000000000000000005A
:1056500000000000FF00000000000000000000004B
:10566000000000000000FF00FF00FF00FF00FF003F
:1056700000000000000000000000FF00000000002B
:10568000000000000000000000000000000000001A
:10569000000000000000FF0000000000000000000B
:1056A000000000000000FF00FF00FF00FF00FF00FF
:1056B000FF00FF000000000000000000FF000000ED
:1056C00000000000000000000000000000000000DA
:1056D0000000000000000000FF00000000000000CB
:1056E0000000000000000000FF00FF00FF00FF00BE
:1056F000FF00FF00FF000000000000000000FF00AE
:105700000000000000000000000000000000000099
:1057100000000000000000000000FF00000000008A
:105720000000000000000000FF00FF00FF00FF007D
:10573000FF00FF00FF00FF00FF000000000000006E
:10574000FF0000000000000000000000000000005A
:10575000000000000000000000000000FF0000004A
:1057600000000000000000000000FF00FF00FF003C
:10577000FF00FF00FF00FF00FF00FF00000000002F
:105780000000FF000000000000000000000000001A
:105790000000000000000000000000000000FF000A
:1057A00000000000000000000000000000000000F9
:1057B00000000000FF0000000000000000000000EA
:1057C00000000000FF0000000000000000000000DA
:1057D00000000000000000000000000000000000C9
:1057E000FF000000000000000000000000000000BA
:1057F000000000000000FF000000000000000000AA
:10580000000000000000FF00000000000000000099
:105810000000000000000000000000000000000088
:105820000000FF0000000000000000000000000079
:105830000000000000000000FF0000000000000069
:105840000000000000000000FF0000000000000059
:105850000000000000000000000000000000000048
:1058600000000000FF000000000000000000000039
:1058700000000000000000000000FF000000000029
:1058800000000000000000000000FF000000000019
:105890000000000000000000000000000000000008
:1058A000000000000000FF000000000000000000F9
:1058B000000000000000000000000000FF000000E9
:1058C000000000000000000000000000FF000000D9
:1058D00000000000000000000000000000000000C8
:1058E0000000000000000000FF00000000000000B9
:1058F0000000000000000000000000000000FF00A9
:105900000000000000000000000000000000FF0098
:105910000000000000000000000000000000000087
:1059200000000000000000000000FF000000000078
:105930000000000000000000000000000000000067
:10594000FF000000000000000000FF00FF00FF005B
:10595000FF00FF00FF00FF00FF00FF00FF00FF004F
:10596000FF00FF00FF00FF00FF00FF00FF00FF003F
:10597000FF00FF00000000000000FF00FF00FF002C
:10598000FF00FF00FF00FF00FF00FF00FF0000001E
:105990000000000000000000000000000000000007
:1059A00000000000000000000000000000000000F7
:1059B00000000000FF00000000000000FF00FF00EA
:1059C000FF00FF00FF00FF00FF00FF00FF00FF00DF
:1059D00000000000000000000000000000000000C7
:1059E00000000000000000000000000000000000B7
:1059F000000000000000FF000000000000000000A8
:105A0000FF00FF00FF00FF00FF00FF00FF0000009D
:105A1000FF00000000000000000000000000000087
:105A20000000000000000000000000000000000076
:105A30000000000000000000FF0000000000000067
:105A40000000FF00FF00FF00FF00FF00FF00FF005D
:105A50000000FF0000000000000000000000000047
:105A60000000000000000000000000000000000036
:105A700000000000000000000000FF000000000027
:105A8000000000000000FF00FF00FF00FF00FF001B
:105A900000000000FF000000000000000000000007
:105AA00000000000000000000000000000000000F6
:105AB000000000000000000000000000FF000000E7
:105AC0000000000000000000FF00FF00FF00FF00DA
:105AD000FF0000000000FF000000000000000000C8
:105AE00000000000000000000000000000000000B6
:105AF0000000000000000000000000000000FF00A7
:105B0000000000000000000000000000FF00FF0097
:105B1000FF00000000000000FF000000FF00FF0089
:105B2000FF00FF00FF00FF00FF00FF00FF00FF007D
:105B3000FF00FF00FF00FF00FF00FF00FF0000006C
:105B4000FF00000000000000000000000000FF0057
:105B5000FF00FF000000000000000000FF00000048
:105B60000000000000000000000000000000000035
:105B70000000000000000000000000000000000025
:105B8000FF00000000000000000000000000000016
:105B90000000FF0000000000000000000000000006
:105BA000FF000000000000000000000000000000F6
:105BB00000000000000000000000000000000000E5
:105BC000FF000000000000000000000000000000D6
:105BD00000000000000000000000000000000000C5
:105BE00000000000FF00FF00FF00FF00FF00FF00BB
:105BF000FF00FF00FF00FF00FF00FF00FF00FF00AD
:105C0000FF00000000000000000000000000000095
:105C10000000000000000000000000000000000084
:105C2000000000000000000001020304060708094C
:105C30000000000001020304081C3044586C80007E
:105C40000000000000000000000000000000000054
:105C50000000000000000000000000000000000044
:105C60000000000000000000000000000000000034
:105C70000000000000000000000000000000000024
:105C80000000000000000000000000000000000014
:105C90000000000000000000000000000000000004
:105CA00000000000000000000000000000000000F4
:105CB00000000000000000000000000000000000E4
:105CC00000000000000000000000000000000000D4
:105CD00000000000000000000000000000000000C4
:105CE00000000000000000000000000000000000B4
:105CF00000000000000000000000000000000000A4
:105D00000000000000000000000000000000000093
:105D10000000000000000000000000000000000083
:105D20000000000000000000000000000000000073
:105D30000000000000000000000000000000000063
:105D40000000000000000000000000000000000053
:105D50000000000000000000000000000000000043
:105D60000000000000000000000000000000000033
:105D70000000000000000000000000000000000023
:105D80000000000000000000000000000000000013
:105D90000000000000000000000000000000000003
:105DA00000000000000000000000000000000000F3
:105DB00000000000000000000000000000000000E3
:105DC00000000000000000000000000000000000D3
:105DD00000000000000000000000000000000000C3
:105DE00000000000000000000000000000000000B3
:105DF00000000000000000000000000000000000A3
:105E00000000000000000000000000000000000092
:105E10000000000000000000000000000000000082
:105E20000000000000000000000000000000000072
:105E30000000000000000000000000000000000062
:105E40000000000000000000000000000000000052
:105E50000000000000000000000000000000000042
:105E60000000000000000000000000000000000032
:105E70000000000000000000000000000000000022
:105E80000000000000000000000000000000000012
:105E90000000000000000000000000000000000002
:105EA00000000000000000000000000000000000F2
:105EB00000000000000000000000000000000000E2
:105EC00000000000000000000000000000000000D2
:105ED00000000000000000000000000000000000C2
:105EE00000000000000000000000000000000000B2
:105EF00000000000000000000000000000000000A2
:105F00000000000000000000000000000000000091
:105F10000000000000000000000000000000000081
:105F20000000000000000000000000000000000071
:105F30000000000000000000000000000000000061
:105F40000000000000000000000000000000000051
:105F50000000000000000000000000000000000041
:105F60000000000000000000000000000000000031
:105F70000000000000000000000000000000000021
:105F80000000000000000000000000000000000011
:105F90000000000000000000000000000000000001
:105FA00000000000000000000000000000000000F1
:105FB00000000000000000000000000000000000E1
:105FC00000000000000000000000000000000000D1
:105FD00000000000000000000000000000000000C1
:105FE00000000000000000000000000000000000B1
:105FF00000000000000000000000000000000000A1
:106000000000000000000000000000000000000090
:106010000000000000000000000000000000000080
:106020000000000000000000000000000000000070
:106030000000000000000000000000000000000060
:106040000000000000000000000000000000000050
:106050000000000000000000000000000000000040
:106060000000000000000000000000000000000030
:106070000000000000000000000000000000000020
:106080000000000000000000000000000000000010
:106090000000000000000000000000000000000000
:1060A00000000000000000000000000000000000F0
:1060B00000000000000000000000000000000000E0
:1060C00000000000000000000000000000000000D0
:1060D00000000000000000000000000000000000C0
:1060E00000000000000000000000000000000000B0
:1060F00000000000000000000000000000000000A0
:10610000000000000000000000000000000000008F
:10611000000000000000000000000000000000007F
:10612000000000000000000000000000000000006F
:10613000000000000000000000000000000000005F
:10614000000000000000000000000000000000004F
:10615000000000000000000000000000000000003F
:106160000000000000000000FF00FF00FF00FF0033
:10617000FF00FF00FF00FF00FF00FF00FF00FF0027
:10618000FF00FF00FF00FF00FF00FF00FF00FF0017
:10619000FF00FF00FF00FF00FF00FF00FF00FF0007
:1061A000FF00FF00000000000000000000000000F1
:1061B00000000000000000000000000000000000DF
:1061C00000000000000000000000000000000000CF
:1061D00000000000000000000000000000000000BF
:1061E00000000000000000000000000000000000AF
:1061F0000000FF00FF00FF00FF00FF00FF00FF00A6
:10620000FF00FF00FF00FF00FF00FF00FF00FF0096
:10621000FF00FF00FF00FF00FF00FF00FF00FF0086
:10622000FF00FF00FF00FF00FF00FF00FF00000075
:10623000000000000000000000000000000000005E
:10624000000000000000000000000000000000004E
:10625000000000000000000000000000000000003E
:10626000000000000000000000000000000000002E
:10627000FF00FF00FF00FF00FF00FF00FF00FF0026
:10628000FF00FF00FF00FF00FF00FF00FF00FF0016
:10629000FF00FF00FF00FF00FF00FF00FF00FF0006
:1062A000FF00FF00FF00FF00FF00FF0000000000F4
:1062B00000000000000000000000000000000000DE
:1062C00000000000000000000000000000000000CE
:1062D00000000000000000000000000000000000BE
:1062E00000000000000000000000000000000000AE
:1062F00000000000000000000000FF00FF00FF00A1
:10630000FF00FF00FF00FF00FF00FF00FF00FF0095
:10631000FF00FF00FF00FF00FF00FF00FF00FF0085
:10632000FF00FF00FF00FF00FF00FF00FF00FF0075
:10633000FF00FF00FF000000000000000000000060
:10634000000000000000000000000000000000004D
:10635000000000000000000000000000000000003D
:10636000000000000000000000000000000000002D
:106370000000000000000000FF00FF00FF00FF0021
:10638000FF00FF00FF00FF00FF00FF00FF00FF0015
:10639000FF00FF00FF00FF00FF00FF00FF00FF0005
:1063A000FF00FF00FF00FF00FF00FF00FF00FF00F5
:1063B000FF00FF000000000000000000CC630008A8
:1063C000066700082000C1000A000000FAF066AF6E
:1063D000AFAA23E5041E3E210064A4D75D27E5A0F3
:1063E0008BCBA0C06AA9A55A27D8A0213E4200E0C5
:1063F000F080122244888076E318C76EE1084213C9
:10640000E0744213223F6484220E2E1395297CE00F
:10641000F421E8863E3A216CC62EFC842210887452
:1064200063174E2E746317845C90418009B0C1805D
:10643000F83E83066C0074423201C07328AECBFC78
:106440001E60C5127A2CC0F9145E451F8077386033
:10645000811380F93451453F80FD149E491FC0FDD2
:10646000149E490E00759A1409E88E00EE8913E413
:1064700048BB80F9084213E03E102048911E00EC12
:10648000914384893980E21084A7E0C6D9D3A54816
:10649000BB80CEC992A549B9007B3861873780F2AD
:1064A0005297238079386187378C4CF88913C488D8
:1064B000B9806CE0C1C7C0FD6A4211C0EE891224E8
:1064C000488E00C7091242860C00C70AD5AAC89197
:1064D00000CD2308522CC0C688A181020E00F4A86A
:1064E00044C7E0EAAAB08884422210D555706A9069
:1064F000FE903CFA146760C1041665147E7C611737
:10650000001C0813A8D0A13F747F17007A11F42152
:106510001F779A1627C09E00C08102E64891772017
:1065200000C2109F100F11111EC104165185B7E152
:106530000842109FECA952AFE0DCC9122EE0746350
:106540001700D99451790E00771A1427C08780DB81
:10655000108F00F49F1F00410F90411780CC8912CB
:1065600027E0CE251420C70AD36440CD4216CCCEF6
:106570002514208E00FC899F806928924CFF80C9D9
:10658000229258CD80FF060C183060FFFC890A2645
:106590004B3C00FC610780FA920870C6912181048F
:1065A0003C0021823EAA9AAA71C06E50414E60EE14
:1065B0008912245740EE88F020E0D6A952AFE0D6E9
:1065C000A952A55540F040F117C0E689D26FE0E22C
:1065D0000FA1F8FC4E1F00DCC58B1DC07E88F12C7E
:1065E000E07060A243C8B180FA281E8A1F80F2289A
:1065F0009C8A1F80FC610843807E48912448915DFD
:10660000FA291C921FC0BEA71CAAABC0F444608725
:10661000C0E69952A64CB38029ED32A54C9967DEAD
:106620004A28D24CC07E48912244B380C699B3A573
:1066300048BB80EE8913E448BB80722861862F80B6
:10664000FE89122448BB80F12452710E007C61083F
:1066500041E0FA9A48208700C689214282180073D7
:10666000EAA9AAA7006E90A082893B80EE89122435
:1066700048915DEE891121C08380D6A952A54ABFF9
:1066800080D6A952A54A9555F14081E2245F00E7E2
:106690000A13A8D1BD80C2081E8A1F80F4427087E9
:1066A000C0DCC98B162C77007E289E4929C0F02FAC
:1066B000A2FC0FA1E8C62EFC5F1F80F92450F07EDB
:1066C0004892245740FA2FA07CBDCB2ABCF84C1F1F
:1066D00080E699532CE038039A654CB380DA86241F
:1066E000DC7E48912CE0C6D9D2AEE0EE89F22EE0F5
:1066F000FC631F80FE89122EE053E8A472487F508D
:106700000FA2FA07C000000000000700010000000F
:1067100001070703FA00010002020703FA00020062
:1067200004080702F9000600050A0701F9000D0038
:1067300005080701F900120005070701FA00170014
:1067400001020703FA00180002080703FA001A0002
:1067500002080702FA001C0005040701FA001F00E6
:1067600005050701FB0023000103070300002400C7
:1067700004010702FD0025000101070300002600B7
:1067800004090702F9002B0005080701F900300091
:1067900005070701FA00350005080701F9003A006E
:1067A00005080701F9003F0005070701FA0044004A
:1067B00005080701F900490005080701F9004E0026
:1067C00005080701F900530005080701F900580002
:1067D00005080701F9005D0001040703FD005E00E4
:1067E00002050702FD00600005050701FC006400CA
:1067F00005030701FC00660005050701FC006A00AF
:1068000005070701FA006F0006080701F900750087
:1068100006070700FA007B0006070700FA00810060
:1068200006070700FA00870006070700FA008D0038
:1068300006070700FA00930006070700FA00990010
:1068400007070700FA00A00007070700FA00A700E3
:1068500005070701FA00AC0007070700FA00B300BC
:1068600007070700FA00BA0005070701FA00BF0092
:1068700007070700FA00C60007070700FA00CD0067
:1068800006070700FA00D30005070701FA00D80041
:1068900006090700FA00DF0007070700FA00E60014
:1068A00005070701FA00EB0005070701FA00F000F1
:1068B00007070700FA00F70007070700FA00FE00C5
:1068C00007070700FA00050106070700FA000B0199
:1068D00007070700FA00120105070701FA00170170
:1068E000020A0703F9001A0104090702F9001F014F
:1068F000020A0702F900220104030702FA00240138
:10690000070107000200250102020703F900260122
:1069100007050700FC002B0106080700F9003101FC
:1069200005050701FC00350107080700F9003C01D7
:1069300005050701FC00400105080701F9004501B4
:1069400007070700FC004C0107080700F900530186
:1069500005080701F9005801040A0701F9005D0163
:1069600006080701F900630105080701F90068013D
:1069700007050700FC006D0107050700FC00720118
:1069800005050701FC00760106070700FC007C01F5
:1069900007070700FC00830105050701FC008701CC
:1069A00005050701FC008B0106070700FA009101AD
:1069B00007050700FC00960106050700FC009A0188
:1069C00007050700FC009F0106050700FC00A30166
:1069D00006070700FC00A90105050701FC00AD0141
:1069E000030A0702F900B10101090703F900B30125
:1069F000030A0702F900B70105020701FD00B9010A
:106A000007080901F900C00107070700FC00C701DA
:106A100005050701FC00CB0106050701FC00CF01BD
:106A200007070700FC00D601060A0701F900DE018E
:106A300007050700FC00E30107060700FC00E90169
:106A400007050700FC00EE0107050700FC00F30145
:106A500007060700FC00F90107050700FC00FE011E
:106A600007050700FC00030206050701FC000702FA
:106A700005050701FC000B0207050700FC001002DA
:106A800007050700FC00150207070700FA001C02B3
:106A900006070701FA00220206070701FA0028028A
:106AA00005070701FA002D0207080700FA00340263
:106AB00006070701FA003A0206070701FA0040023A
:106AC00005070701FA00450207070700FA004C0214
:106AD00007080700F900530206070701FA005902E8
:106AE00007070700FA00600207070700FA006702BD
:106AF00007070700FA006E0206070701FA00740292
:106B000007070700FA007B0206070701FA00810267
:106B100005070701FA00860206070701FA008C0242
:106B200007070700FA00930206070701FA00990217
:106B300007070700FA00A00207080700FA00A702EB
:106B400007070700FA00AE0207070700FA00B502C0
:106B500007080700FA00BC0207070700FA00C30293
:106B600007070700FA00CA0206070701FA00D00269
:106B700005070701FA00D50207070700FA00DC0243
:106B800006070701FA00E20206050701FC00E6021B
:106B900005080701F900EB0205050701FC00EF02FB
:106BA00006050701FC00F30207060700FC00F902D6
:106BB00006050701FC00FD0206050701FC000103B4
:106BC00005050701FC00050307050700FC000A0393
:106BD00007070700FA00110306050701FC0015036B
:106BE00007050700FC001A0307050700FC001F0348
:106BF00007050700FC00240305050701FC00280326
:106C000007050700FC002D0306080701F900330300
:106C100006070701FA00FF0000000000FF00FF0068
:106C2000FF00000000000000000000000000000065
:106C30000000000000000000FF00FF000000FF0057
:106C4000FF00000000000000000000000000000045
:106C500000000000000000000000FF00FF00FF0037
:106C6000FF00FF0000000000000000000000000026
:106C7000000000000000000000000000FF00FF0016
:106C8000FF00FF00FF000000000000000000000007
:106C90000000000000000000000000000000FF00F5
:106CA000FF000000FF00FF000000000000000000E7
:106CB0000000000000000000000000000000FF00D5
:106CC000FF00FF0000000000FF00FF0000000000C8
:106CD0000000000000000000000000000000FF00B5
:106CE000FF00FF000000000000000000FF00FF00A8
:106CF0000000000000000000000000000000FF0095
:106D0000FF00FF0000000000000000000000000085
:106D1000FF00FF0000000000000000000000000075
:106D2000FF00FF00FF000000000000000000000066
:106D300000000000FF00FF00000000000000000055
:106D40000000FF00FF000000000000000000000045
:106D50000000000000000000FF00FF000000000035
:106D600000000000FF00FF00000000000000000025
:106D700000000000000000000000FF00FF00FF0016
:106D8000000000000000FF00FF0000000000000005
:106D9000000000000000000000000000FF00FF00F5
:106DA0000000FF00FF000000FF00FF0000000000E7
:106DB000000000000000000000000000FF00FF00D5
:106DC000FF0000000000FF00FF00FF00FF00FF00C9
:106DD0000000000000000000000000000000FF00B4
:106DE000FF00FF00FF00FF000000FF00FF00FF00AA
:106DF000FF00000000000000000000000000000094
:106E0000FF00FF00000000000000FF00FF00000086
:106E1000FF00FF0000000000000000000000000074
:106E20000000FF00FF000000000000000000FF0065
:106E3000FF000000FF000000000000000000000054
:106E4000000000000000FF00FF0000000000000044
:106E500000000000FF00FF00FF0000000000000035
:106E60000000000000000000FF00FF000000000024
:106E70000000000000000000FF00FF000000000014
:106E8000000000000000000000000000FF00FF0004
:106E9000000000000000000000000000FF00FF00F4
:106EA0000000000000000000000000000000FF00E3
:106EB000FF000000000000000000000000000000D3
:106EC000FF00FF00000000000000000000000000C4
:106ED0000000FF00000000000000000000000000B3
:106EE00000000000FF00FF000000000000000000A4
:106EF000000000000000FF00000000000000000093
:106F00000000000000000000FF00FF000000000083
:106F100000000000000000000000FF000000000072
:106F2000000000000000000000000000FF00FF0063
:106F30000000000000000000000000000000FF0052
:106F40000000000000000000000000000000FF0042
:106F5000FF00FF00FF00FF00000000000000000035
:106F60000000FF0000000000000000000000000022
:106F7000FF00FF0000000000FF00FF00FF00000016
:106F8000000000000000FF00000000000000000002
:106F90000000FF00FF0000000000000000000000F3
:106FA000FF00FF00FF0000000000FF0000000000E5
:106FB00000000000FF00FF000000000000000000D3
:106FC000000000000000FF00FF00FF00FF00FF00C6
:106FD000FF00FF00FF00FF00FF00000000000000B6
:106FE0000000000000000000000000000000FF00A2
:106FF000FF00FF00FF00FF00FF00FF000000000097
:107000000000000000000000000000000000000080
:10701000000000000000FF00FF00FF000000000073
:107020000000000000000000000000003C700008AC
:107030002474000820007E0012000000FFFFD21F11
:1070400080EC891224403636367F7F36FFFF3C3C89
:107050003C0018FFFE3C1F1F83468DF0C18300617A
:10706000224486673711224C703C7E6060307BDFA3
:10707000CEFF7FC9243766CCCCCC6631CE663333A5
:107080003366C81818FFFF3C3C66181818FFFF1835
:107090001818186B48FFFFC0F0020C1860C3060CEC
:1070A0003061830C18200038FBBE3C78F1E3C7DD6B
:1070B000F1C038F360C183060C18FDF83CFEC7032D
:1070C00003060C1870E3FFFF7CFE0303031E1E077C
:1070D0000303FE7C1C38B164D9BFFF3E7C7E3F18A1
:1070E0000FC7F31C0603C3FF9F800F3F306060DCB7
:1070F000FEE3C3637E3CFFFFC3030606060C0C0CD5
:107100001838FB1E3C6F9F63C78FF1C03C7EE6C3FF
:10711000C3E77F3B060EFCF0F00F6C001AD20001B3
:1071200083870E0F80E01C03FFFFC0000FFFFCC031
:10713000780F01E0F9E3C1807CFEC7030E1C00005C
:107140000030301E1F1CDC6C767B6DB6DB6FF3FCF1
:107150000633F8783C07C0380581B0360FE1FC7182
:10716000DF7FEF80FF3FE619867F1FE61D8360FF0C
:10717000FFF01FBFD8F83C0603018061BFC7C0FE07
:107180003FE6198360D8360D8361BFEFE0FFFFD87B
:107190006DB7C3E1B0C361FFFFE0FFFFD86DB7C3B8
:1071A000E1B0C0607C3E001F9FE61B06C0300C7F34
:1071B0001FE19FE3F0F7FBD8CC6633F9FCC6637B95
:1071C000FDE0FFF30C30C30C33FFC01FC7F0300CE1
:1071D0000300CC330CC73F87C0F7BDE661B0781F12
:1071E00006E198633CFF3CFC7E0C06030180C6630D
:1071F00031FFFFE0E0FE3DC73DE7BCD79BB37660C3
:10720000DE3FC780E1FE3DE33C66CCDD99B31E6303
:10721000DE3BC3001F07F1C7707C0780F01F0771BA
:10722000C7F07C00FE7F986C361BF9F8C0607C3E8E
:10723000001F07F1C7707C0780F01F0771C7F07C43
:107240000C33FE7F80FC7F18CC6673F1F0CC637D3D
:10725000FE603FBFF0780F03F83F83C3FFBF80FF9E
:10726000FFF67B3D98C06030183F1F80F1FE3D83E4
:1072700030660CC198330660C7F07C00FBFF7DC30D
:1072800018C3183606C0500E01C01000FBFEF60DE4
:10729000936EDBB7ADEE7B8EE318F3FCF738FC1E84
:1072A0000301E0CC73BCFF3CF3FCF738CC1E078035
:1072B000C0300C0FC3F0FEFEC6CC18183063C3FFFD
:1072C000FFFFCCCCCCCCCCFF010306060C0C18186D
:1072D00030306060C080FF3333333333FF1071E3ED
:1072E0006C7040FFFFFC88807E3F8FCFEE361BFE28
:1072F000FFE0380601BC7F9C760D8371FFEEF03F06
:10730000BFF8783C0705FE7E0380E018F67FB8ECF6
:107310001B06E39FF3FC3E3FB0FFFFFE01FE7E1F16
:107320003F307E7E30303030FEFE3FBFF9D86C37C4
:1073300039FC7603018FC7C0E070180DC7F3998C34
:10734000C6637BFDE0181800787818181818FFFF3E
:1073500018603FFC30C30C30C30FFF80E070180D85
:10736000E6F3E1E0F86E73F9E07878181818181869
:107370001818FFFFFD9FF99B33666CCDBDFFBFEE74
:107380007F98CC66331BDFEF3E3FB8F83C1F1DFCF7
:107390007CEF1FF9C3B03606E1DFF378600C03E041
:1073A0007C001EEFFF87606C0DC39FF0F600C018D5
:1073B0000F81F077BFCF06030183F9FC3FFFC3FCC9
:1073C0003FC3FFFC606060FEFE606060617F3EE77F
:1073D0007398CC663319FE7FFBFF7CC618C1B036AC
:1073E000038070F1FE3DBB3763F8770EE18CF7FB4D
:1073F000CD8383C3BBDFEFF3FCF618CC330781E00A
:10740000300C060FC3F0FFFF30C30C7FFF376666FA
:10741000CC666673FFFFFFF0CE6666336666EC707F
:107420007CF3C0C0000000000B0001000000030B53
:107430000B04F600050007050B02F6000A00080C15
:107440000B01F6001600070E0B02F5002300070BD8
:107450000B02F6002D00080A0B01F70037000305A8
:107460000B04F6003900040E0B05F6004000040E74
:107470000B02F600470008070B02F6004E00080951
:107480000B02F800570003050B03FF005900090227
:107490000B01FB005C0002020B04FF005D00070F04
:1074A0000B02F4006B00070C0B02F5007600070BD3
:1074B0000B02F6008000080C0B01F5008C00080C94
:1074C0000B02F5009800070A0B02F700A100090B58
:1074D0000B01F600AE00080C0B02F500BA00080B19
:1074E0000B01F600C500070C0B02F500D000080CDC
:1074F0000B02F500DC0002080B04F900DE00030BB0
:107500000B03F900E30009080B01F800EC00090681
:107510000B01F900F30009080B01F800FC00080B4F
:107520000B02F6000701090F0B01F50018010B0B08
:107530000B00F60028010A0B0B01F6003601090BBF
:107540000B01F60043010A0B0B00F6005101090B79
:107550000B01F6005E01090B0B01F6006B010A0B33
:107560000B01F6007901090B0B01F6008601060BF1
:107570000B03F6008F010A0B0B01F6009D010A0BAD
:107580000B01F600AB01090B0B01F600B8010B0B68
:107590000B00F600C8010B0B0B00F600D8010B0B1B
:1075A0000B00F600E801090B0B01F600F5010B0ECC
:1075B0000B00F6000902090B0B01F6001602090B7D
:1075C0000B01F6002302090B0B01F60030020B0B36
:1075D0000B00F60040020B0B0B00F60050020A0BEA
:1075E0000B00F6005E020A0B0B00F6006C020A0BA1
:1075F0000B00F6007A02080B0B02F6008502040E5F
:107600000B05F6008C02070F0B02F4009A02040E21
:107610000B02F600A10207060B02F500A7020B02FF
:107620000B000300AA0203030B03F500AC020908D8
:107630000B01F900B5020A0B0B00F600C3020908A2
:107640000B01F900CC020A0B0B01F600DA02090863
:107650000B01F900E302080B0B02F600EE02090C25
:107660000B01F900FC02090B0B01F6000903080BE2
:107670000B02F6001403060F0B02F6002003090BA1
:107680000B01F6002D03080B0B02F60038030B0864
:107690000B00F900430309080B01F9004C0309082A
:1076A0000B01F90055030B0C0B00F90066030B0CE2
:1076B0000B00F900770309080B01F90080030808A3
:1076C0000B02F9008803080B0B01F600930309086D
:1076D0000B01F9009C030B080B00F900A7030B0832
:1076E0000B00F900B20309080B01F900BB030A0CF7
:1076F0000B00F900CA0307080B02F900D103040EBE
:107700000B03F600D803020E0B05F600DC03040E93
:107710000B04F600E30309040B01FA002C770008C0
:10772000FA7B000820007E0016000000FFFFFE48E4
:107730007EEFDFBF7440198667FDFF330CC333FE55
:10774000FF99866190101F1FDEFF3F83C0FC1F0959
:10775000FCFEF7F1E04038107C30C620C640C64041
:107760007C80399C013E0363026304630C3E081C69
:107770000E01F83B83B83F01E03E6776E3EE1CF371
:10778000C7FE3F70FFF418631C738E38E38E1870C9
:10779000C3060861830E3871C71C71C638E31840F0
:1077A000213E45283870E7FFE70E1CFC9CFFC0FC1B
:1077B00008C4231084621188003E3F9DDC7E3F1F79
:1077C0008FC7E3F1DDCFE3E008FFF39CE739CE7329
:1077D000803E3FB8FC70381C1C1C1C1C1C0FF7F8AA
:1077E0003C7FE7E7070C0E0707E7E77E3C0E1E1E0F
:1077F0002E2E4E4E8EFFFF0E0E0E7F3F90180DE781
:10780000FB9E070381F1FFE7C03E3F9CFC0EE7FBB8
:10781000DFC7E3F1DDEFE3E0FFFFC0E0E0607030E1
:10782000381C0C0E0703803F1FEE3F87E3CFC7FBDA
:10783000CFE1F87F3DFE3F003E3FBDDC7E3F1FDED7
:10784000FF3B81F9CFE3C0FC0007E0FC0007E5E067
:107850000083C7DF0C0780F81F0180FFFFC0000F07
:10786000FFFC00703F03E0387DF1E080003E3FB850
:10787000FC70381C1C1C1C0E000381C003F00FFCA4
:107880001E0E380270E96319C219C611C633C6321A
:1078900063FE73DC3C001FF807F00700F00F80F870
:1078A0001D819C19C38C3FE7FE706607E070FF9F47
:1078B000FB83F07E0FFF3FF706E0FC1F83FFEFF82E
:1078C0001F83FE78E707E00E00E00E00E007077870
:1078D000F3FE1F80FF8FFCE0EE0EE07E07E07E07E8
:1078E000E07E0EE0EFFCFF80FFFFF81C0E07FBFDC3
:1078F000C0E070381FFFF8FFFFF81C0E07FBFDC04B
:10790000E070381C0E000F87F9E3B83E01C038FF65
:107910001FE06E0DE39FD0F2E0FC1F83F07E0FFFAF
:10792000FFFF07E0FC1F83F07E0EFFFFFFFFFE0757
:1079300007070707070707E7E7E77E3CE0EE1CE3DA
:107940008E70EE0FC0FE0F70E70E38E1CE0EE0E055
:10795000E0E0E0E0E0E0E0E0E0E0E0FFFFF87FE131
:10796000FF87FE1FEC7FB37ECDFB37ECDF9E7E7979
:10797000F9E7E79CE0FE1FC3FC7FCFD9FBBF37E7E9
:10798000FC7F87F0FE0E0F81FF1E3CE0EE03F01F30
:1079900080FC07E03B839E3C7FC0F800FF9FFB8795
:1079A000F07E0FC3FFF7FCE01C0380700E000F8118
:1079B000FF1E3CE0EE03F01F80FC07E1BB8F9E3C06
:1079C0007FE0FB8008FF8FFCE0EE0EE0EE0EFFCFC5
:1079D000FCE0EE0EE0EE0EE0F03F0FFBC7F07E01A4
:1079E000FC1FF03F00FC1DC7BFE1F8FFFFC703818C
:1079F000C0E070381C0E070381C0E0FC1F83F07EDE
:107A00000FC1F83F07E0FC1FC7BFE1F060670E70D1
:107A1000E30C30C39C1981981F80F00F00F0060022
:107A200061C3B8E19C70CE3CE336719B30ED983673
:107A30007C1B3C0F1E078F01C380E18070E78E39ED
:107A4000C1F81F80F00700F01F819C39C70E70E05D
:107A5000E0FC39C718C3B83607C0700E01C038073C
:107A600000E0FFFFC0E0E0F07070707838381FFF72
:107A7000F8FFEEEEEEEEEEEEEFF0861086108430BC
:107A8000843080FF7777777777777FF0181C3C3EDC
:107A9000366663C3FFC0CC3F1FEE380E3F9EEE3B01
:107AA0009EFF9EE0E0380E03BCFFBCEE1F87E1F8AE
:107AB0007F3BFEEF001F3FDC7C0E070380E37F8FE0
:107AC000000381C0E777FBBF8FC7E3F1FDEFF3B899
:107AD0003E3F9CDC3FFFFF81C37F8F003BDDFFB952
:107AE000CE739CE7003BBFDDFC7E3F1F8FEF7F9D89
:107AF000C0FC77F1F0E070381DEFFF9F8FC7E3F116
:107B0000F8FC7E38FC7FFFFFFE7707777777777783
:107B10007FE0E070381C7E7773F1F8FE7739DC6E19
:107B200038FFFFFFFFFEEF7BFFFE39F8E7E39F8E94
:107B30007E39F8E7E39F8E70EF7FF8FC7E3F1F8F62
:107B4000C7E3F1C01E1FE73B87E1F87E1DCE7F87AC
:107B500080EF3FEF3B87E1F87E1FCEFFBBCE038077
:107B6000E038003BBFFDFC7E3F1F8FEF7F9DC0E0F4
:107B700070381CEFFF38E38E38E3803E3FB8FC0FCF
:107B8000C3FC3FC7FF1F0073BFF739CE739E70E37E
:107B9000F1F8FC7E3F1F8FC7FFBDC0E1986739CC6D
:107BA000330DC3E0781E0700E31D9E667999E677E2
:107BB000B8D2C3CF0F3C3CF07380739CE3F0781EC7
:107BC0000781E0FC739CE0E1D86739CE330EC3E057
:107BD000781E0300C070380E00FEFE0E1C38387090
:107BE000E0FFFF3766666EE666666730FFFF80CEB1
:107BF0006666677666666EC0718E000000000500DE
:107C000001000000030D0602F4000500070509014C
:107C1000F4000A000A0C0A00F5001900090F0A0115
:107C2000F3002A00100D1000F40044000C0D0D01AB
:107C3000F400580003050501F4005A00061106017E
:107C4000F400670006110600F40074000506070141
:107C5000F400780007080B02F9007F000305040117
:107C6000FF00810005020600FB00830003020401FF
:107C7000FF008400050D0500F4008D00090D0A01C8
:107C8000F4009C00050D0A02F400A500090D0A018C
:107C9000F400B400080D0A01F400C100080D0A0246
:107CA000F400CE00090D0A01F400DD00090D0A01FF
:107CB000F400EC00090D0A00F400FB000A0D0A00B4
:107CC000F4000C01090D0A01F4001B010309040171
:107CD000F8001F01030C0401F800240109090B013D
:107CE000F8002F0109060B01FA00360109090B0102
:107CF000F8004101090D0B01F4005001100F1200B2
:107D0000F4006E010C0D0D00F40082010B0D0D014D
:107D1000F40094010C0D0D01F400A8010C0D0D01EF
:107D2000F400BC01090D0C01F400CB01090D0B019D
:107D3000F400DA010B0D0E01F400EC010B0D0D0146
:107D4000F400FE01030D0601F4000302080D0A0110
:107D5000F40010020C0D0D01F4002402080D0B01BB
:107D6000F40031020E0D1001F40048020B0D0E015B
:107D7000F4005A020D0D0E01F40070020B0D0C01FF
:107D8000F40082020D0E0E01F40099020C0D0D019B
:107D9000F400AD020B0D0C01F400BF02090D0C0242
:107DA000F400CE020B0D0D01F400E0020C0D0C00EE
:107DB000F400F402110D1100F40010030C0D0C007E
:107DC000F40024030B0D0C01F4003603090D0B0124
:107DD000F400450304110601F4004E03050D0500EF
:107DE000F400570304110600F400600308080B01B7
:107DF000F40068030A010A0004006A030302050094
:107E0000F4006B030A0A0A01F70078030A0D0B015C
:107E1000F4008903090A0A01F7009503090D0B0113
:107E2000F400A403090A0A01F700B003050D0601D6
:107E3000F400B903090E0B01F700C903090D0B018A
:107E4000F400D803030D0501F400DD03041105005F
:107E5000F400E603090D0A01F400F503030D050122
:107E6000F400FA030E0A1001F7000C04090A0B01D2
:107E7000F70018040A0A0B01F70025040A0E0B018B
:107E8000F7003704090E0B01F7004704060A070143
:107E9000F7004F04090A0A01F7005B04050C06010C
:107EA000F5006304090A0B01F7006F040A0A0A00CF
:107EB000F7007C040E0A0E00F7008E040A0A0A007E
:107EC000F7009B040A0E0A00F700AD04080A090136
:107ED000F700B70404110701F400C0040111050202
:107EE000F400C30404110702F400CC0408020900E2
:107EF000FC00000000000000000000000000000086
:107F00000000000000000000000000000000000071
:107F10000000000000000000000000000000000061
:107F20000000000000000000000000000000000051
:107F30000000000000000000000000000000000041
:107F40000000000000000000000000000000000031
:107F50000000000000000000000000000000000021
:107F60000000000000000000000000000000000011
:107F70000000000000000000000000000000000001
:107F800000000000000000000000000000000000F1
:107F900000000000000000000000000000000000E1
:107FA00000000000000000000000000000000000D1
:107FB00000000000000000000000000000000000C1
:107FC00000000000000000000000000000000000B1
:107FD00000000000000000000000000000000000A1
:107FE0000000000000000000000000000000000091
:107FF0000000000000000000000000000000000081
:108000000000000000000000000000000000000070
:108010000000000000000000000000000000000060
:108020000000000000000000000000000000000050
:108030000000000000000000000000000000000040
:108040000000000000000000000000000000000030
:108050000000000000000000000000000000000020
:108060000000000000000000000000000000000010
:108070000000000000000000000000000000000000
:1080800000000000000000000000000000000000F0
:1080900000000000000000000000000000000000E0
:1080A00000000000000000000000000000000000D0
:1080B00000000000000000000000000000000000C0
:1080C00000000000000000000000000000000000B0
:1080D00000000000000000000000000000000000A0
:1080E0000000000000000000000000000000000090
:1080F0000000000000000000000000000000000080
:10810000000000000000000000000000000000006F
:10811000000000000000000000000000000000005F
:10812000000000000000000000000000000000004F
:10813000000000000000000000000000000000003F
:10814000000000000000000000000000000000002F
:10815000000000000000000000000000000000001F
:10816000000000000000000000000000000000000F
:1081700000000000000000000000000000000000FF
:1081800000000000000000000000000000000000EF
:1081900000000000000000000000000000000000DF
:1081A00000000000000000000000000000000000CF
:1081B00000000000000000000000000000000000BF
:1081C00000000000000000000000000000000000AF
:1081D000000000000000000000000000000000009F
:1081E000000000000000000000000000000000008F
:1081F000000000000000000000000000000000007F
:10820000000000000000000000000000000000006E
:10821000000000000000000000000000000000005E
:10822000000000000000000000000000000000004E
:10823000000000000000000000000000000000003E
:10824000000000000000000000000000000000002E
:10825000000000000000000000000000000000001E
:10826000000000000000000000000000000000000E
:1082700000000000000000000000000000000000FE
:1082800000000000000000000000000000000000EE
:1082900000000000000000000000000000000000DE
:1082A00000000000000000000000000000000000CE
:1082B00000000000000000000000000000000000BE
:1082C00000000000000000000000000000000000AE
:1082D000000000000000000000000000000000009E
:1082E000000000000000000000000000000000008E
:1082F000000000000000000000000000000000007E
:10830000000000000000000000000000000000006D
:10831000000000000000000000000000000000005D
:10832000000000000000FF0000000000000000004E
:10833000000000000000000000000000000000003D
:10834000000000000000000000000000000000002D
:10835000000000000000000000000000000000001D
:108360000000000000000000FF000000000000000E
:1083700000000000000000000000000000000000FD
:1083800000000000000000000000000000000000ED
:10839000000000000000FF00FF00FF00FF00FF00E2
:1083A000FF00FF00FF00FF000000FF000000FF00D3
:1083B000FF00FF00FF00FF00FF00FF00FF00FF00C5
:1083C000FF00FF00FF00FF00FF00FF00FF00FF00B5
:1083D000FF00FF00FF00FF00FF00000000000000A2
:1083E000000000000000000000000000FF0000008E
:1083F000000000000000000000000000000000007D
:10840000000000000000000000000000000000006C
:108410000000000000000000FF00FF00000000005E
:10842000000000000000FF00FF0000000000FF004F
:1084300000000000FF00FF0000000000000000003E
:10844000000000000000000000000000000000002C
:1084500000000000000000000000FF00FF0000001E
:108460000000000000000000FF00FF00FF0000000F
:10847000FF000000FF00FF00FF0000000000000000
:1084800000000000000000000000000000000000EC
:10849000000000000000000000000000FF00FF00DE
:1084A000000000000000000000000000FF00FF00CE
:1084B000FF00FF00FF00FF00FF00000000000000C1
:1084C00000000000000000000000000000000000AC
:1084D0000000000000000000000000000000FF009D
:1084E000FF0000000000000000000000000000008D
:1084F000FF00FF00FF00FF00FF0000000000000081
:10850000000000000000000000000000000000006B
:10851000000000000000000000000000000000005B
:10852000FF00FF000000000000000000000000004D
:1085300000000000FF00FF00FF000000000000003E
:10854000000000000000000000000000000000002B
:10855000000000000000000000000000000000001B
:108560000000FF00FF00000000000000000000000D
:1085700000000000000000000000000000000000FB
:1085800000000000000000000000000000000000EB
:1085900000000000000000000000000000000000DB
:1085A00000000000FF00FF000000000000000000CD
:1085B0000000FF00FF00FF00FF00FF00FF00FF00C2
:1085C000FF00FF00000000000000000000000000AD
:1085D000000000000000000000000000000000009B
:1085E000000000000000FF00FF000000000000008D
:1085F000000000000000000000000000000000007B
:10860000000000000000000000000000000000006A
:10861000000000000000000000000000000000005A
:108620000000000000000000FF00FF00FF00FF004E
:10863000FF00FF00FF00FF00FF00FF00FF00FF0042
:10864000FF00FF00FF00FF00FF00FF00FF00FF0032
:10865000FF00FF00FF00FF00FF00FF00FF00FF0022
:10866000FF00FF00FF00FF00FF00FF000000000010
:1086700000000000000000000000000000000000FA
:1086800000000000000000000000000000000000EA
:1086900000000000000000000000000000000000DA
:1086A00000000000000000000000000000000000CA
:1086B00000000000000000000000000000000000BA
:1086C00000000000000000000000000000000000AA
:1086D000000000000000000000000000000000009A
:1086E000000000000000000000000000000000008A
:1086F000000000000000000000000000000000007A
:108700000000000000000000000000000000000069
:108710000000000000000000000000000000000059
:108720000000000000000000000000000000000049
:108730000000000000000000000000000000000039
:108740000000000000000000000000000000000029
:108750000000000000000000000000000000000019
:108760000000000000000000000000000000000009
:1087700000000000000000000000000000000000F9
:1087800000000000000000000000000000000000E9
:1087900000000000000000000000000000000000D9
:1087A00000000000000000000000000000000000C9
:1087B00000000000000000000000000000000000B9
:1087C00000000000000000000000000000000000A9
:1087D0000000000000000000000000000000000099
:1087E0000000000000000000000000000000000089
:1087F0000000000000000000000000000000000079
:108800000000000000000000000000000000000068
:108810000000000000000000000000000000000058
:108820000000000000000000000000000000000048
:108830000000000000000000000000000000000038
:108840000000000000000000000000000000000028
:108850000000000000000000000000000000000018
:108860000000000000000000000000000000000008
:1088700000000000000000000000000000000000F8
:1088800000000000000000000000000000000000E8
:10889000FF000000000000000000000000000000D9
:1088A00000000000000000000000000000000000C8
:1088B00000000000000000000000000000000000B8
:1088C00000000000000000000000000000000000A8
:1088D0000000FF0000000000000000000000000099
:1088E0000000000000000000000000000000000088
:1088F0000000000000000000000000000000000078
:108900000000000000000000000000000000000067
:1089100000000000FF000000000000000000000058
:108920000000000000000000000000000000000047
:108930000000000000000000000000000000000037
:108940000000000000000000000000000000FF0028
:10895000FF0000000000FF0000000000FF00FF001B
:108960000000000000000000000000000000000007
:1089700000000000000000000000000000000000F7
:1089800000000000000000000000000000000000E7
:10899000FF00FF00FF000000FF000000FF00FF00DD
:1089A000FF000000000000000000000000000000C8
:1089B00000000000000000000000000000000000B7
:1089C00000000000000000000000000000000000A7
:1089D00000000000FF00FF00FF00FF00FF00FF009D
:1089E000FF00000000000000000000000000000088
:1089F0000000000000000000000000000000000077
:108A00000000000000000000000000000000000066
:108A10000000000000000000FF00FF00FF00FF005A
:108A2000FF00000000000000000000000000000047
:108A30000000000000000000000000000000000036
:108A40000000000000000000000000000000000026
:108A5000000000000000000000000000FF00FF0018
:108A6000FF00000000000000000000000000000007
:108A700000000000000000000000000000000000F6
:108A800000000000000000000000000000000000E6
:108A900000000000000000000000000000000000D6
:108AA000FF000000000000000000000000000000C7
:108AB00000000000000000000000000000000000B6
:108AC00000000000000000000000000000000000A6
:108AD00000000000000000000000FF00FF00FF0099
:108AE000FF00FF00FF00FF00FF00FF00000000008C
:108AF0000000000000000000000000000000000076
:108B00000000000000000000000000000000000065
:108B1000FF00FF00FF00FF00FF00FF00FF00FF005D
:108B2000FF00FF00FF00FF00FF00FF00FF00FF004D
:108B3000FF00FF00FF00FF00FF00FF00FF00FF003D
:108B4000FF00FF00FF00FF00FF00FF00FF00FF002D
:108B5000FF00FF0000000000000000000000000017
:108B60000000000000000000000000000000000005
:108B700000000000000000000000000000000000F5
:108B800000000000000000000000000000000000E5
:108B90000000FF00FF0000000000000000000000D7
:108BA00000000000000000000000000000000000C5
:108BB00000000000000000000000000000000000B5
:108BC00000000000000000000000000000000000A5
:108BD00000000000FF00FF00000000000000000097
:108BE0000000000000000000000000000000000085
:108BF0000000000000000000000000000000000075
:108C00000000000000000000000000000000000064
:108C1000000000000000FF00FF0000000000000056
:108C20000000000000000000000000000000000044
:108C30000000000000000000000000000000000034
:108C40000000000000000000000000000000000024
:108C50000000000000000000FF00FF000000000016
:108C60000000000000000000000000000000000004
:108C700000000000000000000000000000000000F4
:108C800000000000000000000000000000000000E4
:108C900000000000000000000000FF00FF000000D6
:108CA00000000000000000000000000000000000C4
:108CB00000000000000000000000000000000000B4
:108CC00000000000000000000000000000000000A4
:108CD000000000000000000000000000FF00FF0096
:108CE0000000000000000000000000000000000084
:108CF0000000000000000000000000000000000074
:108D00000000000000000000000000000000000063
:108D10000000000000000000000000000000FF0054
:108D2000FF00000000000000000000000000000044
:108D30000000000000000000000000000000000033
:108D40000000000000000000000000000000000023
:108D50000000000000000000000000000000000013
:108D6000FF00FF0000000000000000000000000005
:108D700000000000000000000000000000000000F3
:108D800000000000000000000000000000000000E3
:108D900000000000000000000000000000000000D3
:108DA0000000FF00FF00FF00FF00FF00FF00FF00CA
:108DB000FF00FF00FF00FF00FF00FF00FF00FF00BB
:108DC000FF00FF00FF00FF00FF00FF00FF00FF00AB
:108DD000FF00FF00FF00FF00FF00FF00FF00FF009B
:108DE000FF00FF00FF000000000000000000000086
:108DF00000000000000000000000FF000000000074
:108E00000000000000000000000000000000000062
:108E10000000000000000000000000000000000052
:108E20000000000000000000000000000000000042
:108E3000000000000000000000000000FF00000033
:108E40000000000000000000000000000000000022
:108E50000000000000000000000000000000000012
:108E60000000000000000000000000000000000002
:108E70000000000000000000000000000000FF00F3
:108E800000000000000000000000000000000000E2
:108E900000000000000000000000000000000000D2
:108EA00000000000000000000000000000000000C2
:108EB00000000000000000000000000000000000B2
:108EC000FF000000000000000000000000000000A3
:108ED0000000000000000000000000000000000092
:108EE0000000000000000000000000000000000082
:108EF00000000000000000000000FF00FF00000074
:108F00000000FF0000000000FF00FF000000000064
:108F10000000000000000000000000000000000051
:108F20000000000000000000000000000000000041
:108F3000000000000000000000000000FF00FF0033
:108F4000FF000000FF000000FF00FF00FF00000026
:108F50000000000000000000000000000000000011
:108F60000000000000000000000000000000000001
:108F700000000000000000000000000000000000F1
:108F8000FF00FF00FF00FF00FF00FF00FF000000E8
:108F900000000000000000000000000000000000D1
:108FA00000000000000000000000000000000000C1
:108FB00000000000000000000000000000000000B1
:108FC00000000000FF00FF00FF00FF00FF000000A6
:108FD0000000000000000000000000000000000091
:108FE0000000000000000000000000000000000081
:108FF0000000000000000000000000000000000071
:109000000000000000000000FF00FF00FF00000063
:109010000000000000000000000000000000000050
:109020000000000000000000000000000000000040
:109030000000000000000000000000000000000030
:109040000000000000000000000000000000000020
:109050000000000000000000000000000000000010
:109060000000000000000000000000000000000000
:1090700000000000000000000000000000000000F0
:10908000000000000000FF00FF00FF00FF00FF00E5
:10909000FF00FF00FF00FF000000000000000000D4
:1090A00000000000000000000000000000000000C0
:1090B00000000000000000000000000000000000B0
:1090C00000000000000000000000000000000000A0
:1090D0000000000000000000000000000000000090
:1090E0000000000000000000000000000000000080
:1090F0000000000000000000000000000000000070
:10910000000000000000000000000000000000005F
:10911000000000000000000000000000000000004F
:10912000000000000000000000000000000000003F
:10913000000000000000000000000000000000002F
:10914000000000000000000000000000000000001F
:10915000000000000000000000000000000000000F
:1091600000000000000000000000000000000000FF
:1091700000000000000000000000000000000000EF
:1091800000000000000000000000000000000000DF
:1091900000000000000000000000000000000000CF
:1091A00000000000000000000000000000000000BF
:1091B00000000000000000000000000000000000AF
:1091C000000000000000000000000000000000009F
:1091D000000000000000000000000000000000008F
:1091E000000000000000000000000000000000007F
:1091F000000000000000000000000000000000006F
:10920000000000000000000000000000000000005E
:10921000000000000000000000000000000000004E
:10922000000000000000000000000000000000003E
:10923000000000000000000000000000000000002E
:10924000000000000000000000000000000000001E
:10925000000000000000000000000000000000000E
:1092600000000000000000000000000000000000FE
:1092700000000000000000000000000000000000EE
:1092800000000000000000000000FF00FF00FF00E1
:10929000FF00FF00FF00FF00FF00FF00FF00FF00D6
:1092A000FF00FF00FF00FF00FF00FF00FF00FF00C6
:1092B000FF00FF00FF00FF00FF00FF00FF00FF00B6
:1092C000FF00FF00FF00FF00FF00FF00FF000000A5
:1092D000000000000000000000000000000000008E
:1092E000000000000000000000000000000000007E
:1092F000000000000000000000000000000000006E
:10930000000000000000000000000000FF00FF005F
:10931000000000000000000000000000000000004D
:10932000000000000000000000000000000000003D
:10933000000000000000000000000000000000002D
:109340000000000000000000000000000000FF001E
:10935000FF0000000000000000000000000000000E
:1093600000000000000000000000000000000000FD
:1093700000000000000000000000000000000000ED
:1093800000000000000000000000000000000000DD
:10939000FF00FF00000000000000000000000000CF
:1093A00000000000000000000000000000000000BD
:1093B00000000000000000000000000000000000AD
:1093C000000000000000000000000000000000009D
:1093D0000000FF00FF00000000000000000000008F
:1093E000000000000000000000000000000000007D
:1093F000000000000000000000000000000000006D
:10940000000000000000000000000000000000005C
:1094100000000000FF00FF0000000000000000004E
:10942000000000000000000000000000000000003C
:10943000000000000000000000000000000000002C
:10944000000000000000000000000000000000001C
:10945000000000000000FF00FF000000000000000E
:1094600000000000000000000000000000000000FC
:1094700000000000000000000000000000000000EC
:1094800000000000000000000000000000000000DC
:109490000000000000000000FF00FF0000000000CE
:1094A00000000000000000000000000000000000BC
:1094B00000000000000000000000000000000000AC
:1094C000000000000000000000000000000000009C
:1094D00000000000000000000000FF00FF0000008E
:1094E000000000000000000000000000000000007C
:1094F000000000000000000000000000000000006C
:10950000000000000000000000000000000000005B
:10951000000000000000000000000000FF00FF004D
:10952000FF00FF00FF00FF00FF00FF00FF00FF0043
:10953000FF00FF00FF00FF00FF00FF00FF00FF0033
:10954000FF00FF00FF00FF00FF00FF00FF00FF0023
:10955000FF00FF00FF00FF00FF00FF00FF00FF0013
:109560000000000004040400020406080A0C0000C5
:10957000080000000800000000000000FF00FF00DD
:10958000FF00FF00FF00FF00FF00FF00FF00FF00E3
:1095900000000000000000000000000000000000CB
:1095A00000000000000000000000000000000000BB
:1095B00000000000000000000000000000000000AB
:1095C0000000FF000000000000000000000000009C
:1095D00000000000FF00000000000000000000008C
:1095E000000000000000000000000000000000007B
:1095F000000000000000000000000000000000006B
:109600000000000000000000FF000000000000005B
:1096100000000000000000000000FF00000000004B
:10962000000000000000000000000000000000003A
:10963000000000000000000000000000000000002A
:109640000000000000000000000000000000FF001B
:10965000000000000000000000000000000000000A
:10966000FF000000000000000000000000000000FB
:1096700000000000000000000000000000000000EA
:1096800000000000000000000000000000000000DA
:1096900000000000FF0000000000000000000000CB
:1096A000000000000000FF000000000000000000BB
:1096B00000000000000000000000000000000000AA
:1096C000000000000000000000000000000000009A
:1096D00000000000000000000000FF00000000008B
:1096E000000000000000FF00FF00FF00FF00FF007F
:1096F000FF0000000000000000000000000000006B
:10970000FF0000000000000000000000000000005A
:109710000000FF000000000000000000000000004A
:10972000FF00FF00FF00FF00FF00FF00FF00000040
:10973000000000000000FF0000000000000000002A
:10974000000000000000FF0000000000000000001A
:10975000000000000000FF00FF00FF00000000000C
:109760000000FF00FF00FF00FF00000000000000FD
:109770000000FF000000000000000000FF000000EB
:10978000000000000000000000000000FF000000DA
:10979000000000000000000000000000FF00FF00CB
:1097A000FF00000000000000FF00000000000000BB
:1097B0000000000000000000FF00000000000000AA
:1097C0000000FF00FF00000000000000000000009B
:1097D0000000FF000000000000000000000000008A
:1097E000FF00FF00FF00FF00FF0000000000FF007F
:1097F00000000000FF00FF00FF00FF00FF00FF006F
:109800000000000000000000FF0000000000000059
:109810000000000000000000FF0000000000000049
:10982000000000000000FF00FF00FF00FF00FF003D
:109830000000FF00FF00FF00FF00FF00000000002D
:1098400000000000FF000000000000000000FF001A
:109850000000000000000000000000000000FF0009
:1098600000000000000000000000FF00FF00FF00FB
:10987000FF00FF00FF00FF000000FF0000000000ED
:1098800000000000000000000000FF0000000000D9
:1098900000000000FF00FF000000000000000000CA
:1098A00000000000FF0000000000000000000000B9
:1098B000FF00FF00FF00FF00FF00FF00FF000000AF
:1098C000FF0000000000FF00FF00FF00FF00FF009E
:1098D000FF000000000000000000FF00000000008A
:1098E00000000000000000000000FF000000000079
:1098F000000000000000000000000000FF00000069
:1099000000000000FF00FF00FF00FF00FF0000005C
:10991000000000000000FF00000000000000000048
:10992000FF00000000000000000000000000000038
:10993000FF00000000000000000000000000000028
:109940000000FF000000000000000000FF00000019
:10995000000000000000000000000000FF00000008
:10996000000000000000FF00FF00000000000000F9
:10997000000000000000FF000000000000000000E8
:109980000000000000000000FF00000000000000D8
:109990000000FF0000000000FF00FF00FF00FF00CC
:1099A000FF00FF000000000000000000FF000000BA
:1099B000000000000000000000000000FF000000A8
:1099C0000000000000000000000000000000FF0098
:1099D000000000000000FF00FF00FF00FF00FF008C
:1099E0000000000000000000FF0000000000000078
:1099F0000000FF0000000000000000000000000068
:109A00000000FF0000000000000000000000000057
:109A100000000000FF000000000000000000FF0048
:109A20000000000000000000000000000000FF0037
:109A30000000000000000000FF00FF000000000028
:109A40000000000000000000FF0000000000000017
:109A500000000000000000000000FF000000000007
:109A600000000000FF0000000000FF00FF00FF00FA
:109A7000FF00FF00FF000000000000000000FF00EA
:109A80000000000000000000000000000000FF00D7
:109A900000000000000000000000000000000000C6
:109AA000FF00000000000000FF00FF00FF00FF00BB
:109AB000FF000000000000000000FF0000000000A8
:109AC00000000000FF000000000000000000FF0098
:109AD000FF00FF00FF00FF00FF00FF00000000008C
:109AE000000000000000FF00000000000000000077
:109AF000FF00000000000000000000000000000067
:109B0000FF000000000000000000FF00FF00000058
:109B100000000000FF00FF00FF00FF00FF00FF004B
:109B2000FF0000000000000000000000FF00000037
:109B3000000000000000FF0000000000FF00FF0028
:109B4000FF00FF00FF00FF00000000000000000019
:109B5000FF0000000000000000000000FF00FF0008
:109B6000FF00FF00FF0000000000000000000000F8
:109B70000000FF00000000000000FF00FF00FF00E9
:109B8000FF00FF000000000000000000FF000000D8
:109B9000000000000000FF000000000000000000C6
:109BA0000000FF00FF00FF00FF00FF0000000000BA
:109BB0000000000000000000FF00000000000000A6
:109BC0000000FF0000000000000000000000000096
:109BD0000000FF000000000000000000FF00FF0088
:109BE00000000000000000000000FF00FF00FF0078
:109BF0000000000000000000000000000000FF0066
:109C00000000000000000000FF0000000000FF0056
:109C1000FF00FF00FF00FF00FF0000000000000049
:109C20000000FF0000000000000000000000000035
:109C3000FF00FF00FF000000000000000000000027
:109C400000000000FF00000000000000FF00FF0017
:109C5000FF00FF00FF000000000000000000FF0008
:109C60000000000000000000FF00000000000000F5
:109C70000000000000000000FF00FF00FF00FF00E8
:109C8000FF00FF00FF00FF00FF00FF0000000000DA
:109C9000000000000000FF000000000000000000C5
:109CA00000000000FF000000000000000000FF00B6
:109CB00000000000000000000000000000000000A4
:109CC0000000000000000000000000000000000094
:109CD0000000000000000000000000000000FF0085
:109CE00000000000000000000000FF000000000075
:109CF0000000FF0000000000000000000000000065
:109D00000000000000000000000000000000000053
:109D10000000000000000000000000000000000043
:109D2000000000000000FF00FF00FF00FF00FF0038
:109D3000FF00FF00FF00FF00000000000000000027
:109D40000000000000000000000000000000000013
:109D50000000000000000000000000000000000003
:109D6000000000002D2D2D2D00D0A8D0A22E00D057
:109D70009CD09C00312FD09CD098D09D000000003A
:109D8000A09D000800000020200000006C010008D9
:109D9000C09D0008200000209027000088010008D6
:109DA0000024F40040000001B8000020D40000208E
:109DB000FC000020180100209C000020010101008F
:0400000508000131BD
:00000001FF
