ISO-10303-21;
HEADER;
FILE_DESCRIPTION (( 'STEP AP203' ),
    '1' );
FILE_NAME ('Подложка.STEP',
    '2024-03-01T08:28:06',
    ( '' ),
    ( '' ),
    'SwSTEP 2.0',
    'SolidWorks 2020',
    '' );
FILE_SCHEMA (( 'CONFIG_CONTROL_DESIGN' ));
ENDSEC;

DATA;
#1 = EDGE_LOOP ( 'NONE', ( #4946, #4913, #3178, #1553, #130, #1575 ) ) ;
#2 = ORIENTED_EDGE ( 'NONE', *, *, #4321, .F. ) ;
#3 = LINE ( 'NONE', #2020, #1361 ) ;
#4 = ADVANCED_FACE ( 'NONE', ( #4601 ), #2251, .T. ) ;
#5 = LINE ( 'NONE', #445, #4536 ) ;
#6 = DIRECTION ( 'NONE',  ( -1.000000000000000000, 0.000000000000000000, 0.000000000000000000 ) ) ;
#7 = CARTESIAN_POINT ( 'NONE',  ( -66.00000000000001421, -61.00000000000000711, 3.000000000000000000 ) ) ;
#8 = VERTEX_POINT ( 'NONE', #3812 ) ;
#9 = VECTOR ( 'NONE', #3488, 1000.000000000000000 ) ;
#10 = ORIENTED_EDGE ( 'NONE', *, *, #4002, .F. ) ;
#11 = EDGE_CURVE ( 'NONE', #2181, #6214, #1960, .T. ) ;
#12 = LINE ( 'NONE', #1934, #5864 ) ;
#13 = DIRECTION ( 'NONE',  ( 0.000000000000000000, -0.000000000000000000, 1.000000000000000000 ) ) ;
#14 = LINE ( 'NONE', #1972, #3050 ) ;
#15 = CARTESIAN_POINT ( 'NONE',  ( -51.70808186218739166, -2.999931335448996261, 0.000000000000000000 ) ) ;
#16 = AXIS2_PLACEMENT_3D ( 'NONE', #2411, #2817, #4737 ) ;
#17 = PLANE ( 'NONE',  #1185 ) ;
#18 = AXIS2_PLACEMENT_3D ( 'NONE', #3763, #2892, #3321 ) ;
#19 = ORIENTED_EDGE ( 'NONE', *, *, #5177, .F. ) ;
#20 = CIRCLE ( 'NONE', #3537, 3.000000000000000888 ) ;
#21 = ORIENTED_EDGE ( 'NONE', *, *, #5997, .T. ) ;
#22 = CIRCLE ( 'NONE', #1225, 5.999999999999998224 ) ;
#23 = AXIS2_PLACEMENT_3D ( 'NONE', #2592, #3174, #4722 ) ;
#24 = DIRECTION ( 'NONE',  ( 0.000000000000000000, -0.9999999999999991118, 4.371140887245352218E-08 ) ) ;
#25 = DIRECTION ( 'NONE',  ( 0.000000000000000000, -0.000000000000000000, 1.000000000000000000 ) ) ;
#26 = CARTESIAN_POINT ( 'NONE',  ( 50.52500206014519790, -33.14931592906049218, 28.04134375730104622 ) ) ;
#27 = EDGE_CURVE ( 'NONE', #1692, #4215, #38, .T. ) ;
#28 = AXIS2_PLACEMENT_3D ( 'NONE', #3575, #2075, #4006 ) ;
#29 = ORIENTED_EDGE ( 'NONE', *, *, #4357, .T. ) ;
#30 = ORIENTED_EDGE ( 'NONE', *, *, #5365, .F. ) ;
#31 = CARTESIAN_POINT ( 'NONE',  ( 51.70787840058896734, -33.00140858619899120, 3.000000000000000000 ) ) ;
#32 = AXIS2_PLACEMENT_3D ( 'NONE', #963, #3794, #4780 ) ;
#33 = FACE_OUTER_BOUND ( 'NONE', #273, .T. ) ;
#34 = VECTOR ( 'NONE', #123, 1000.000000000000000 ) ;
#35 = VERTEX_POINT ( 'NONE', #4769 ) ;
#36 = VECTOR ( 'NONE', #2184, 1000.000000000000000 ) ;
#37 = EDGE_LOOP ( 'NONE', ( #4294, #5550 ) ) ;
#38 = LINE ( 'NONE', #2882, #243 ) ;
#39 = VECTOR ( 'NONE', #4303, 1000.000000000000000 ) ;
#40 = CARTESIAN_POINT ( 'NONE',  ( 39.15993664557905873, -32.50120435625778015, 1.450000458241642365 ) ) ;
#41 = CARTESIAN_POINT ( 'NONE',  ( -57.67498635059415335, -14.44500776255643437, 0.000000000000000000 ) ) ;
#42 = EDGE_CURVE ( 'NONE', #4237, #1668, #749, .T. ) ;
#43 = CYLINDRICAL_SURFACE ( 'NONE', #2336, 1.750000000000001554 ) ;
#44 = AXIS2_PLACEMENT_3D ( 'NONE', #3006, #3856, #2919 ) ;
#45 = VERTEX_POINT ( 'NONE', #1492 ) ;
#46 = ORIENTED_EDGE ( 'NONE', *, *, #2423, .F. ) ;
#47 = DIRECTION ( 'NONE',  ( 0.9999999999999961142, 8.742277677795539484E-08, -8.002115286624055570E-15 ) ) ;
#48 = DIRECTION ( 'NONE',  ( -0.000000000000000000, -0.000000000000000000, -1.000000000000000000 ) ) ;
#49 = FACE_OUTER_BOUND ( 'NONE', #558, .T. ) ;
#50 = CARTESIAN_POINT ( 'NONE',  ( -51.50000000000000000, 55.00000000000000711, 3.000000000000000000 ) ) ;
#51 = CARTESIAN_POINT ( 'NONE',  ( -51.70829344807104633, -33.49972538815511314, 3.000000000000000000 ) ) ;
#52 = EDGE_CURVE ( 'NONE', #89, #1983, #6236, .T. ) ;
#53 = CIRCLE ( 'NONE', #4060, 2.000000000000000000 ) ;
#54 = EDGE_LOOP ( 'NONE', ( #667, #2609, #3247, #2716, #5774, #3128, #5686, #3895, #4527, #5570, #1716, #4350, #488, #1725 ) ) ;
#55 = EDGE_LOOP ( 'NONE', ( #3776, #2994 ) ) ;
#56 = DIRECTION ( 'NONE',  ( 0.000000000000000000, 0.000000000000000000, 1.000000000000000000 ) ) ;
#57 = LINE ( 'NONE', #1980, #5269 ) ;
#58 = VECTOR ( 'NONE', #2529, 1000.000000000000000 ) ;
#59 = CARTESIAN_POINT ( 'NONE',  ( 15.53999999999997961, -18.54000000000002757, 1.449999847977580636 ) ) ;
#60 = EDGE_CURVE ( 'NONE', #4392, #6124, #567, .T. ) ;
#61 = ORIENTED_EDGE ( 'NONE', *, *, #3694, .F. ) ;
#62 = ORIENTED_EDGE ( 'NONE', *, *, #551, .T. ) ;
#63 = AXIS2_PLACEMENT_3D ( 'NONE', #4538, #5151, #3598 ) ;
#64 = CARTESIAN_POINT ( 'NONE',  ( -39.16040865894258616, -37.49992961763273769, 3.000000000000000000 ) ) ;
#65 = DIRECTION ( 'NONE',  ( -1.000000000000000000, 0.000000000000000000, 0.000000000000000000 ) ) ;
#66 = APPROVAL ( #1871, 'UNSPECIFIED' ) ;
#67 = ORIENTED_EDGE ( 'NONE', *, *, #4615, .T. ) ;
#68 = ORIENTED_EDGE ( 'NONE', *, *, #72, .T. ) ;
#69 = DIRECTION ( 'NONE',  ( -4.180742545671762101E-15, -4.371140887755362005E-08, -0.9999999999999992228 ) ) ;
#70 = DIRECTION ( 'NONE',  ( -0.000000000000000000, -0.000000000000000000, -1.000000000000000000 ) ) ;
#71 = DIRECTION ( 'NONE',  ( 1.000000000000000000, 0.000000000000000000, 0.000000000000000000 ) ) ;
#72 = EDGE_CURVE ( 'NONE', #1507, #2798, #1058, .T. ) ;
#73 = CARTESIAN_POINT ( 'NONE',  ( 30.49987792968802225, -5.499931335448994929, 36.80533964869712804 ) ) ;
#74 = ORIENTED_EDGE ( 'NONE', *, *, #657, .F. ) ;
#75 = ADVANCED_FACE ( 'NONE', ( #5278 ), #5310, .F. ) ;
#76 = VERTEX_POINT ( 'NONE', #2502 ) ;
#77 = DIRECTION ( 'NONE',  ( -0.000000000000000000, -0.000000000000000000, -1.000000000000000000 ) ) ;
#78 = CARTESIAN_POINT ( 'NONE',  ( -51.70829344807104633, -33.49972538815511314, 0.000000000000000000 ) ) ;
#79 = CARTESIAN_POINT ( 'NONE',  ( -52.20836668985239015, -37.99971724957600827, 3.000000000000000000 ) ) ;
#80 = DIRECTION ( 'NONE',  ( -0.000000000000000000, -0.000000000000000000, -1.000000000000000000 ) ) ;
#81 = DIRECTION ( 'NONE',  ( 0.9999999998675463964, -1.627596612567151538E-05, 0.000000000000000000 ) ) ;
#82 = EDGE_LOOP ( 'NONE', ( #5042, #5827, #1371, #4644, #4666, #6133 ) ) ;
#83 = ORIENTED_EDGE ( 'NONE', *, *, #4925, .F. ) ;
#84 = EDGE_CURVE ( 'NONE', #3334, #4496, #3167, .T. ) ;
#85 = CARTESIAN_POINT ( 'NONE',  ( 39.15980643785005100, -40.50120435519815487, 1.450000807932913860 ) ) ;
#86 = CARTESIAN_POINT ( 'NONE',  ( 50.52500206014519790, -38.50138933447222911, 0.000000000000000000 ) ) ;
#87 = FACE_OUTER_BOUND ( 'NONE', #970, .T. ) ;
#88 = ORIENTED_EDGE ( 'NONE', *, *, #1100, .T. ) ;
#89 = VERTEX_POINT ( 'NONE', #4801 ) ;
#90 = EDGE_CURVE ( 'NONE', #572, #499, #2670, .T. ) ;
#91 = DIRECTION ( 'NONE',  ( 0.000000000000000000, -1.000000000000000000, 0.000000000000000000 ) ) ;
#92 = CYLINDRICAL_SURFACE ( 'NONE', #5085, 1.750000000000001554 ) ;
#93 = EDGE_LOOP ( 'NONE', ( #1219, #263, #535, #5773 ) ) ;
#94 = ORIENTED_EDGE ( 'NONE', *, *, #1953, .F. ) ;
#95 = DIRECTION ( 'NONE',  ( 1.000000000000000000, 2.102695122396129669E-16, 0.000000000000000000 ) ) ;
#96 = LINE ( 'NONE', #5874, #3936 ) ;
#97 = CARTESIAN_POINT ( 'NONE',  ( 34.17085951043083725, -17.44873438152214717, 0.000000000000000000 ) ) ;
#98 = ORIENTED_EDGE ( 'NONE', *, *, #6211, .T. ) ;
#99 = EDGE_CURVE ( 'NONE', #2028, #4594, #2939, .T. ) ;
#100 = AXIS2_PLACEMENT_3D ( 'NONE', #4292, #2385, #5284 ) ;
#101 = ORIENTED_EDGE ( 'NONE', *, *, #1767, .T. ) ;
#102 = DIRECTION ( 'NONE',  ( 0.000000000000000000, -0.000000000000000000, -1.000000000000000000 ) ) ;
#103 = DIRECTION ( 'NONE',  ( -0.000000000000000000, -0.000000000000000000, -1.000000000000000000 ) ) ;
#104 = CARTESIAN_POINT ( 'NONE',  ( -51.70827717210491414, -32.49972538828756541, 0.000000000000000000 ) ) ;
#105 = VECTOR ( 'NONE', #1842, 999.9999999999998863 ) ;
#106 = CARTESIAN_POINT ( 'NONE',  ( 15.53999999999997783, -13.46000000000002927, 1.449999625923617419 ) ) ;
#107 = EDGE_CURVE ( 'NONE', #3193, #3213, #3471, .T. ) ;
#108 = CARTESIAN_POINT ( 'NONE',  ( -30.50012207031303291, -35.50007057189900195, 3.000000000000000000 ) ) ;
#109 = AXIS2_PLACEMENT_3D ( 'NONE', #6228, #1413, #5770 ) ;
#110 = ORIENTED_EDGE ( 'NONE', *, *, #2270, .F. ) ;
#111 = ORIENTED_EDGE ( 'NONE', *, *, #1821, .F. ) ;
#112 = DIRECTION ( 'NONE',  ( -1.000000000000000000, 0.000000000000000000, 0.000000000000000000 ) ) ;
#113 = VECTOR ( 'NONE', #557, 1000.000000000000000 ) ;
#114 = PLANE ( 'NONE',  #4864 ) ;
#115 = VECTOR ( 'NONE', #4265, 1000.000000000000000 ) ;
#116 = LINE ( 'NONE', #5392, #2627 ) ;
#117 = EDGE_CURVE ( 'NONE', #2647, #346, #552, .T. ) ;
#118 = EDGE_CURVE ( 'NONE', #915, #5504, #5745, .T. ) ;
#119 = VERTEX_POINT ( 'NONE', #5371 ) ;
#120 = VECTOR ( 'NONE', #328, 1000.000000000000227 ) ;
#121 = VECTOR ( 'NONE', #2381, 1000.000000000000000 ) ;
#122 = ORIENTED_EDGE ( 'NONE', *, *, #5725, .F. ) ;
#123 = DIRECTION ( 'NONE',  ( -0.000000000000000000, -0.000000000000000000, -1.000000000000000000 ) ) ;
#124 = CIRCLE ( 'NONE', #4758, 2.000000000000001776 ) ;
#125 = AXIS2_PLACEMENT_3D ( 'NONE', #1449, #5736, #1914 ) ;
#126 = CARTESIAN_POINT ( 'NONE',  ( 51.70808186218739166, -2.999931335448996261, 3.000000000000000000 ) ) ;
#127 = ADVANCED_FACE ( 'NONE', ( #4863 ), #2912, .F. ) ;
#128 = EDGE_CURVE ( 'NONE', #731, #5129, #3, .T. ) ;
#129 = ORIENTED_EDGE ( 'NONE', *, *, #2896, .T. ) ;
#130 = ORIENTED_EDGE ( 'NONE', *, *, #2204, .T. ) ;
#131 = CARTESIAN_POINT ( 'NONE',  ( 47.02500206014519790, -33.50133236792851932, 1.450000501958363497 ) ) ;
#132 = CIRCLE ( 'NONE', #5274, 0.5000000000000004441 ) ;
#133 = CARTESIAN_POINT ( 'NONE',  ( 33.21007646689140813, -48.89226894199710216, 0.000000000000000000 ) ) ;
#134 = CARTESIAN_POINT ( 'NONE',  ( -58.25248347830570594, -33.76592310238539341, 28.04134375730104622 ) ) ;
#135 = EDGE_CURVE ( 'NONE', #4575, #1508, #153, .T. ) ;
#136 = ORIENTED_EDGE ( 'NONE', *, *, #1955, .T. ) ;
#137 = ORIENTED_EDGE ( 'NONE', *, *, #5400, .F. ) ;
#138 = CARTESIAN_POINT ( 'NONE',  ( 14.95999999999997954, -28.25000000000002487, 28.04134375730104622 ) ) ;
#139 = CYLINDRICAL_SURFACE ( 'NONE', #2571, 12.50000000000000000 ) ;
#140 = CARTESIAN_POINT ( 'NONE',  ( -13.92494201660204212, -57.37510013580300949, 0.000000000000000000 ) ) ;
#141 = DIRECTION ( 'NONE',  ( 1.000000000000000000, 1.994248318681189754E-16, 0.000000000000000000 ) ) ;
#142 = DIRECTION ( 'NONE',  ( 1.000000000000000000, 0.000000000000000000, 0.000000000000000000 ) ) ;
#143 = EDGE_LOOP ( 'NONE', ( #3992, #2856, #2203, #796, #2562, #1391, #4329, #1453, #3692, #5216, #2587, #187, #5142, #4708, #1192, #5270, #4851, #1618, #1259, #3450, #4905, #4699, #5527, #891, #2039, #2241, #5525, #5782, #2937, #30, #4057, #270, #2, #505, #2082 ) ) ;
#144 = ORIENTED_EDGE ( 'NONE', *, *, #1429, .F. ) ;
#145 = DIRECTION ( 'NONE',  ( -1.000000000000000000, 0.000000000000000000, 0.000000000000000000 ) ) ;
#146 = CARTESIAN_POINT ( 'NONE',  ( 32.21007646689140813, -48.89226894199710216, 1.450001174718197561 ) ) ;
#147 = CARTESIAN_POINT ( 'NONE',  ( -51.70808186218739166, -7.499931335448993153, 3.000000000000000000 ) ) ;
#148 = EDGE_CURVE ( 'NONE', #4496, #2911, #951, .T. ) ;
#149 = CIRCLE ( 'NONE', #5593, 7.000000000000002665 ) ;
#150 = VERTEX_POINT ( 'NONE', #1462 ) ;
#151 = ORIENTED_EDGE ( 'NONE', *, *, #2866, .F. ) ;
#152 = EDGE_CURVE ( 'NONE', #6151, #4186, #332, .T. ) ;
#153 = CIRCLE ( 'NONE', #1658, 0.5000000000000008882 ) ;
#154 = AXIS2_PLACEMENT_3D ( 'NONE', #6260, #2014, #5778 ) ;
#155 = LINE ( 'NONE', #1127, #1452 ) ;
#156 = DIRECTION ( 'NONE',  ( -4.180742545671762101E-15, -4.371140887755362005E-08, -0.9999999999999992228 ) ) ;
#157 = AXIS2_PLACEMENT_3D ( 'NONE', #462, #5673, #3330 ) ;
#158 = EDGE_LOOP ( 'NONE', ( #4897, #902, #5753, #2328 ) ) ;
#159 = VERTEX_POINT ( 'NONE', #1180 ) ;
#160 = ADVANCED_FACE ( 'NONE', ( #5130 ), #3648, .F. ) ;
#161 = CYLINDRICAL_SURFACE ( 'NONE', #4954, 1.000000000000000888 ) ;
#162 = CARTESIAN_POINT ( 'NONE',  ( 53.13099752524905028, -33.09477641991259844, 0.000000000000000000 ) ) ;
#163 = ORIENTED_EDGE ( 'NONE', *, *, #209, .T. ) ;
#164 = ORIENTED_EDGE ( 'NONE', *, *, #2176, .T. ) ;
#165 = ADVANCED_FACE ( 'NONE', ( #3171 ), #2674, .F. ) ;
#166 = DIRECTION ( 'NONE',  ( 0.000000000000000000, -0.000000000000000000, 1.000000000000000000 ) ) ;
#167 = CARTESIAN_POINT ( 'NONE',  ( 30.49987792968802225, -5.499931335448994929, 0.000000000000000000 ) ) ;
#168 = CYLINDRICAL_SURFACE ( 'NONE', #1036, 1.750000000000008438 ) ;
#169 = DIRECTION ( 'NONE',  ( 1.000000000000000000, 0.000000000000000000, 0.000000000000000000 ) ) ;
#170 = LINE ( 'NONE', #5386, #4407 ) ;
#171 = ORIENTED_EDGE ( 'NONE', *, *, #1106, .T. ) ;
#172 = EDGE_LOOP ( 'NONE', ( #5646, #1251, #213, #2578 ) ) ;
#173 = DIRECTION ( 'NONE',  ( 0.000000000000000000, -1.000000000000000000, 0.000000000000000000 ) ) ;
#174 = DIRECTION ( 'NONE',  ( 1.627596612587094759E-05, 0.9999999998675465074, 0.000000000000000000 ) ) ;
#175 = CARTESIAN_POINT ( 'NONE',  ( 65.99999999999998579, -65.99999999999998579, 3.000000000000000000 ) ) ;
#176 = EDGE_CURVE ( 'NONE', #527, #2174, #959, .T. ) ;
#177 = EDGE_LOOP ( 'NONE', ( #5919, #3274, #979, #405 ) ) ;
#178 = ADVANCED_FACE ( 'NONE', ( #1212 ), #741, .F. ) ;
#179 = ORIENTED_EDGE ( 'NONE', *, *, #2890, .F. ) ;
#180 = ADVANCED_FACE ( 'NONE', ( #5611 ), #264, .F. ) ;
#181 = DIRECTION ( 'NONE',  ( 1.000000000000000000, 3.469446951953611033E-15, 0.000000000000000000 ) ) ;
#182 = PLANE ( 'NONE',  #204 ) ;
#183 = LINE ( 'NONE', #5958, #993 ) ;
#184 = EDGE_CURVE ( 'NONE', #708, #5977, #4898, .T. ) ;
#185 = AXIS2_PLACEMENT_3D ( 'NONE', #5487, #1097, #4012 ) ;
#186 = VERTEX_POINT ( 'NONE', #5100 ) ;
#187 = ORIENTED_EDGE ( 'NONE', *, *, #3628, .T. ) ;
#188 = CARTESIAN_POINT ( 'NONE',  ( 58.50000000000000000, 55.00000000000000711, 3.000000000000000000 ) ) ;
#189 = DIRECTION ( 'NONE',  ( 0.000000000000000000, 0.000000000000000000, -1.000000000000000000 ) ) ;
#190 = ORIENTED_EDGE ( 'NONE', *, *, #4400, .T. ) ;
#191 = EDGE_CURVE ( 'NONE', #2754, #1294, #2781, .T. ) ;
#192 = EDGE_LOOP ( 'NONE', ( #5987, #3078, #5519, #61 ) ) ;
#193 = LINE ( 'NONE', #5970, #4133 ) ;
#194 = DIRECTION ( 'NONE',  ( 1.000000000000000000, 0.000000000000000000, 0.000000000000000000 ) ) ;
#195 = DIRECTION ( 'NONE',  ( 1.000000000000000000, 0.000000000000000000, 0.000000000000000000 ) ) ;
#196 = DIRECTION ( 'NONE',  ( -1.000000000000000000, 0.000000000000000000, 0.000000000000000000 ) ) ;
#197 = CARTESIAN_POINT ( 'NONE',  ( -30.49987792968801514, -5.499931269881881413, 1.449999277977991108 ) ) ;
#198 = EDGE_CURVE ( 'NONE', #3297, #2310, #2281, .T. ) ;
#199 = ORIENTED_EDGE ( 'NONE', *, *, #4415, .T. ) ;
#200 = ORIENTED_EDGE ( 'NONE', *, *, #2808, .T. ) ;
#201 = DIRECTION ( 'NONE',  ( -0.9999999998675463964, 1.627596612587094081E-05, 0.000000000000000000 ) ) ;
#202 = DIRECTION ( 'NONE',  ( -1.000000000000000000, 0.000000000000000000, 0.000000000000000000 ) ) ;
#203 = DIRECTION ( 'NONE',  ( -0.000000000000000000, -0.000000000000000000, -1.000000000000000000 ) ) ;
#204 = AXIS2_PLACEMENT_3D ( 'NONE', #2105, #4011, #3555 ) ;
#205 = ORIENTED_EDGE ( 'NONE', *, *, #1981, .F. ) ;
#206 = ORIENTED_EDGE ( 'NONE', *, *, #3744, .F. ) ;
#207 = CARTESIAN_POINT ( 'NONE',  ( -39.16034355507807874, -33.49992961816254677, 0.000000000000000000 ) ) ;
#208 = CARTESIAN_POINT ( 'NONE',  ( 2.074954986571962312, -57.07508182525601370, 0.000000000000000000 ) ) ;
#209 = EDGE_CURVE ( 'NONE', #3979, #4960, #4178, .T. ) ;
#210 = CARTESIAN_POINT ( 'NONE',  ( 29.96453803689026785, -18.91234094049699976, 0.000000000000000000 ) ) ;
#211 = VECTOR ( 'NONE', #1310, 1000.000000000000000 ) ;
#212 = VERTEX_POINT ( 'NONE', #131 ) ;
#213 = ORIENTED_EDGE ( 'NONE', *, *, #1744, .T. ) ;
#214 = CIRCLE ( 'NONE', #1222, 1.750000000000010214 ) ;
#215 = CARTESIAN_POINT ( 'NONE',  ( -30.50012207031303291, -35.50007057189900195, 36.80533964869712804 ) ) ;
#216 = ORIENTED_EDGE ( 'NONE', *, *, #842, .F. ) ;
#217 = AXIS2_PLACEMENT_3D ( 'NONE', #2700, #1246, #2667 ) ;
#218 = ORIENTED_EDGE ( 'NONE', *, *, #1863, .F. ) ;
#219 = EDGE_CURVE ( 'NONE', #855, #3199, #1761, .T. ) ;
#220 = DIRECTION ( 'NONE',  ( -0.000000000000000000, -0.000000000000000000, -1.000000000000000000 ) ) ;
#221 = DIRECTION ( 'NONE',  ( -0.000000000000000000, -0.000000000000000000, -1.000000000000000000 ) ) ;
#222 = AXIS2_PLACEMENT_3D ( 'NONE', #1140, #3506, #2541 ) ;
#223 = LINE ( 'NONE', #6114, #4862 ) ;
#224 = DIRECTION ( 'NONE',  ( 0.000000000000000000, -0.9999999999999990008, 4.371140888484446938E-08 ) ) ;
#225 = LINE ( 'NONE', #6081, #1573 ) ;
#226 = EDGE_LOOP ( 'NONE', ( #3870, #2522, #3557, #4520 ) ) ;
#227 = ORIENTED_EDGE ( 'NONE', *, *, #2396, .F. ) ;
#228 = CARTESIAN_POINT ( 'NONE',  ( -42.83911729986402150, -37.49986974309549481, 1.450000676740692329 ) ) ;
#229 = CARTESIAN_POINT ( 'NONE',  ( -39.16042493490871124, -38.49992961750028542, 1.450000720454702519 ) ) ;
#230 = DIRECTION ( 'NONE',  ( 1.000000000000000000, 0.000000000000000000, 0.000000000000000000 ) ) ;
#231 = DIRECTION ( 'NONE',  ( -1.000000000000000000, 0.000000000000000000, 0.000000000000000000 ) ) ;
#232 = AXIS2_PLACEMENT_3D ( 'NONE', #1755, #325, #2604 ) ;
#233 = VERTEX_POINT ( 'NONE', #1554 ) ;
#234 = ORIENTED_EDGE ( 'NONE', *, *, #782, .F. ) ;
#235 = CARTESIAN_POINT ( 'NONE',  ( 53.13099752524905028, -29.59477641991259489, 28.04134375730104622 ) ) ;
#236 = DIRECTION ( 'NONE',  ( -0.000000000000000000, -0.000000000000000000, -1.000000000000000000 ) ) ;
#237 = ADVANCED_FACE ( 'NONE', ( #3966 ), #2704, .F. ) ;
#238 = CIRCLE ( 'NONE', #4562, 7.999999999999993783 ) ;
#239 = DIRECTION ( 'NONE',  ( -0.000000000000000000, -0.000000000000000000, -1.000000000000000000 ) ) ;
#240 = DIRECTION ( 'NONE',  ( 1.665334536937734416E-15, -0.9999999999999990008, 4.371140888484446938E-08 ) ) ;
#241 = ORIENTED_EDGE ( 'NONE', *, *, #3712, .T. ) ;
#242 = VERTEX_POINT ( 'NONE', #4620 ) ;
#243 = VECTOR ( 'NONE', #1006, 1000.000000000000227 ) ;
#244 = DIRECTION ( 'NONE',  ( 0.000000000000000000, -0.9999999999999991118, 4.371140884147635601E-08 ) ) ;
#245 = DIRECTION ( 'NONE',  ( -0.000000000000000000, -0.000000000000000000, -1.000000000000000000 ) ) ;
#246 = ORIENTED_EDGE ( 'NONE', *, *, #437, .T. ) ;
#247 = ORIENTED_EDGE ( 'NONE', *, *, #3451, .T. ) ;
#248 = AXIS2_PLACEMENT_3D ( 'NONE', #1002, #3338, #6199 ) ;
#249 = DIRECTION ( 'NONE',  ( 1.627596612607036964E-05, 0.9999999998675465074, 0.000000000000000000 ) ) ;
#250 = CYLINDRICAL_SURFACE ( 'NONE', #3264, 12.50000000000000355 ) ;
#251 = DIRECTION ( 'NONE',  ( 1.000000000000000000, 0.000000000000000000, 0.000000000000000000 ) ) ;
#252 = CARTESIAN_POINT ( 'NONE',  ( 0.000000000000000000, -15.99999999999998579, 3.000000000000000000 ) ) ;
#253 = DIRECTION ( 'NONE',  ( 1.000000000000000000, 0.000000000000000000, 0.000000000000000000 ) ) ;
#254 = LINE ( 'NONE', #2188, #1774 ) ;
#255 = EDGE_CURVE ( 'NONE', #2555, #6151, #53, .T. ) ;
#256 = VERTEX_POINT ( 'NONE', #6093 ) ;
#257 = EDGE_LOOP ( 'NONE', ( #3784, #4775, #2898, #1123 ) ) ;
#258 = CARTESIAN_POINT ( 'NONE',  ( 42.63453902919962957, -2.499931335448999370, 1.449999146843711006 ) ) ;
#259 = CARTESIAN_POINT ( 'NONE',  ( -40.00000000000000000, 46.00000000000001421, 3.000000000000000000 ) ) ;
#260 = DIRECTION ( 'NONE',  ( 0.000000000000000000, -0.000000000000000000, 1.000000000000000000 ) ) ;
#261 = LINE ( 'NONE', #4105, #120 ) ;
#262 = VERTEX_POINT ( 'NONE', #3682 ) ;
#263 = ORIENTED_EDGE ( 'NONE', *, *, #3654, .T. ) ;
#264 = CYLINDRICAL_SURFACE ( 'NONE', #2164, 12.50000000000000000 ) ;
#265 = DIRECTION ( 'NONE',  ( -0.000000000000000000, -0.000000000000000000, -1.000000000000000000 ) ) ;
#266 = CYLINDRICAL_SURFACE ( 'NONE', #1207, 1.000000000000000888 ) ;
#267 = CARTESIAN_POINT ( 'NONE',  ( 37.42808115996353280, -9.499931335448994929, 0.000000000000000000 ) ) ;
#268 = ORIENTED_EDGE ( 'NONE', *, *, #3268, .F. ) ;
#269 = EDGE_CURVE ( 'NONE', #5233, #2497, #1284, .T. ) ;
#270 = ORIENTED_EDGE ( 'NONE', *, *, #2740, .F. ) ;
#271 = DIRECTION ( 'NONE',  ( 0.9999999999999961142, 8.742277677795539484E-08, -8.002115286624055570E-15 ) ) ;
#272 = DIRECTION ( 'NONE',  ( -0.000000000000000000, -0.000000000000000000, -1.000000000000000000 ) ) ;
#273 = EDGE_LOOP ( 'NONE', ( #1540, #2548, #1078, #3749 ) ) ;
#274 = CIRCLE ( 'NONE', #5427, 1.750000000000003109 ) ;
#275 = ORIENTED_EDGE ( 'NONE', *, *, #2147, .T. ) ;
#276 = DIRECTION ( 'NONE',  ( 0.000000000000000000, 0.000000000000000000, 1.000000000000000000 ) ) ;
#277 = CARTESIAN_POINT ( 'NONE',  ( 58.50000000000000000, -55.00000000000000000, 0.000000000000000000 ) ) ;
#278 = DIRECTION ( 'NONE',  ( -0.000000000000000000, -0.000000000000000000, -1.000000000000000000 ) ) ;
#279 = DIRECTION ( 'NONE',  ( -6.829619984160652130E-16, 1.000000000000000000, 0.000000000000000000 ) ) ;
#280 = AXIS2_PLACEMENT_3D ( 'NONE', #2576, #1084, #1142 ) ;
#281 = EDGE_CURVE ( 'NONE', #1061, #4890, #594, .T. ) ;
#282 = FACE_OUTER_BOUND ( 'NONE', #3230, .T. ) ;
#283 = DIRECTION ( 'NONE',  ( -1.000000000000000000, 0.000000000000000000, 0.000000000000000000 ) ) ;
#284 = VERTEX_POINT ( 'NONE', #4434 ) ;
#285 = ORIENTED_EDGE ( 'NONE', *, *, #5004, .T. ) ;
#286 = CARTESIAN_POINT ( 'NONE',  ( -39.16013196753240777, -8.499931335448993153, 0.000000000000000000 ) ) ;
#287 = DIRECTION ( 'NONE',  ( 1.000000000000000000, 0.000000000000000000, 0.000000000000000000 ) ) ;
#288 = ADVANCED_FACE ( 'NONE', ( #5906 ), #1663, .F. ) ;
#289 = FACE_OUTER_BOUND ( 'NONE', #3861, .T. ) ;
#290 = FACE_OUTER_BOUND ( 'NONE', #5122, .T. ) ;
#291 = ORIENTED_EDGE ( 'NONE', *, *, #1469, .F. ) ;
#292 = EDGE_LOOP ( 'NONE', ( #2977, #5535, #206, #838 ) ) ;
#293 = CARTESIAN_POINT ( 'NONE',  ( -39.16032727911196076, -32.49992961829499905, 0.000000000000000000 ) ) ;
#294 = FACE_OUTER_BOUND ( 'NONE', #3474, .T. ) ;
#295 = EDGE_CURVE ( 'NONE', #606, #3484, #5902, .T. ) ;
#296 = LINE ( 'NONE', #2234, #2841 ) ;
#297 = EDGE_CURVE ( 'NONE', #449, #4503, #2773, .T. ) ;
#298 = FACE_BOUND ( 'NONE', #5709, .T. ) ;
#299 = EDGE_CURVE ( 'NONE', #441, #4960, #3570, .T. ) ;
#300 = FACE_OUTER_BOUND ( 'NONE', #93, .T. ) ;
#301 = ORIENTED_EDGE ( 'NONE', *, *, #5337, .F. ) ;
#302 = VERTEX_POINT ( 'NONE', #1853 ) ;
#303 = VERTEX_POINT ( 'NONE', #4719 ) ;
#304 = LINE ( 'NONE', #783, #3521 ) ;
#305 = AXIS2_PLACEMENT_3D ( 'NONE', #2327, #1817, #5729 ) ;
#306 = AXIS2_PLACEMENT_3D ( 'NONE', #5251, #1403, #895 ) ;
#307 = EDGE_CURVE ( 'NONE', #3405, #6067, #395, .T. ) ;
#308 = CARTESIAN_POINT ( 'NONE',  ( -39.16040865894258616, -37.49992961763273769, 3.000000000000000000 ) ) ;
#309 = EDGE_LOOP ( 'NONE', ( #6202, #5878, #3688, #3663 ) ) ;
#310 = CIRCLE ( 'NONE', #2125, 0.5000000000000004441 ) ;
#311 = VERTEX_POINT ( 'NONE', #428 ) ;
#312 = AXIS2_PLACEMENT_3D ( 'NONE', #5311, #1045, #5341 ) ;
#313 = DIRECTION ( 'NONE',  ( 1.000000000000000000, 0.000000000000000000, 0.000000000000000000 ) ) ;
#314 = CARTESIAN_POINT ( 'NONE',  ( -51.71248359946253714, -33.76592310238539341, 28.04134375730104622 ) ) ;
#315 = DIRECTION ( 'NONE',  ( 0.000000000000000000, -0.9999999999999991118, 4.371140884147635601E-08 ) ) ;
#316 = ADVANCED_FACE ( 'NONE', ( #3769 ), #1381, .F. ) ;
#317 = DIRECTION ( 'NONE',  ( -4.180742545671762101E-15, -4.371140887755362005E-08, -0.9999999999999992228 ) ) ;
#318 = DIRECTION ( 'NONE',  ( 0.000000000000000000, 0.000000000000000000, -1.000000000000000000 ) ) ;
#319 = AXIS2_PLACEMENT_3D ( 'NONE', #3048, #2582, #2991 ) ;
#320 = LINE ( 'NONE', #3668, #459 ) ;
#321 = ORIENTED_EDGE ( 'NONE', *, *, #4119, .T. ) ;
#322 = EDGE_LOOP ( 'NONE', ( #1137, #3543, #3842, #4144 ) ) ;
#323 = CIRCLE ( 'NONE', #530, 0.5000000000000004441 ) ;
#324 = DIRECTION ( 'NONE',  ( 1.000000000000000000, 0.000000000000000000, 0.000000000000000000 ) ) ;
#325 = DIRECTION ( 'NONE',  ( -0.000000000000000000, -0.000000000000000000, -1.000000000000000000 ) ) ;
#326 = DIRECTION ( 'NONE',  ( 0.000000000000000000, -0.9999999999999991118, 4.371140887245358835E-08 ) ) ;
#327 = CIRCLE ( 'NONE', #3250, 1.750000000000003109 ) ;
#328 = DIRECTION ( 'NONE',  ( -0.9999999998675463964, 1.627596612607036625E-05, -7.072646676687567254E-13 ) ) ;
#329 = ORIENTED_EDGE ( 'NONE', *, *, #1469, .T. ) ;
#330 = ORIENTED_EDGE ( 'NONE', *, *, #4522, .F. ) ;
#331 = AXIS2_PLACEMENT_3D ( 'NONE', #4788, #365, #4816 ) ;
#332 = LINE ( 'NONE', #293, #1473 ) ;
#333 = DIRECTION ( 'NONE',  ( 1.000000000000000000, 0.000000000000000000, 0.000000000000000000 ) ) ;
#334 = DIRECTION ( 'NONE',  ( -0.000000000000000000, -0.000000000000000000, 1.000000000000000000 ) ) ;
#335 = CARTESIAN_POINT ( 'NONE',  ( 51.83157107505930128, -32.51694999944220399, 0.000000000000000000 ) ) ;
#336 = FACE_OUTER_BOUND ( 'NONE', #1629, .T. ) ;
#337 = VECTOR ( 'NONE', #2867, 1000.000000000000000 ) ;
#338 = ORIENTED_EDGE ( 'NONE', *, *, #5453, .T. ) ;
#339 = EDGE_CURVE ( 'NONE', #4760, #1923, #2980, .T. ) ;
#340 = EDGE_LOOP ( 'NONE', ( #713, #3337, #4399, #3169 ) ) ;
#341 = CIRCLE ( 'NONE', #3962, 1.750000000000003109 ) ;
#342 = VECTOR ( 'NONE', #6104, 1000.000000000000000 ) ;
#343 = DIRECTION ( 'NONE',  ( -0.000000000000000000, -0.000000000000000000, 1.000000000000000000 ) ) ;
#344 = LINE ( 'NONE', #3691, #342 ) ;
#345 = ORIENTED_EDGE ( 'NONE', *, *, #5868, .F. ) ;
#346 = VERTEX_POINT ( 'NONE', #6223 ) ;
#347 = EDGE_CURVE ( 'NONE', #3378, #35, #6190, .T. ) ;
#348 = VECTOR ( 'NONE', #4611, 999.9999999999998863 ) ;
#349 = VECTOR ( 'NONE', #4342, 1000.000000000000000 ) ;
#350 = DIRECTION ( 'NONE',  ( -1.000000000000000000, 0.000000000000000000, 0.000000000000000000 ) ) ;
#351 = CARTESIAN_POINT ( 'NONE',  ( 36.56205575617909176, -1.999931335448993597, 3.000000000000000000 ) ) ;
#352 = CYLINDRICAL_SURFACE ( 'NONE', #609, 1.750000000000001554 ) ;
#353 = DIRECTION ( 'NONE',  ( 1.000000000000000000, 0.000000000000000000, 0.000000000000000000 ) ) ;
#354 = DIRECTION ( 'NONE',  ( -0.000000000000000000, -0.000000000000000000, -1.000000000000000000 ) ) ;
#355 = CIRCLE ( 'NONE', #2986, 0.5000000000000004441 ) ;
#356 = ORIENTED_EDGE ( 'NONE', *, *, #3720, .T. ) ;
#357 = EDGE_CURVE ( 'NONE', #6151, #2428, #3298, .T. ) ;
#358 = DIRECTION ( 'NONE',  ( 1.000000000000000000, 0.000000000000000000, 0.000000000000000000 ) ) ;
#359 = LINE ( 'NONE', #2298, #3868 ) ;
#360 = DIRECTION ( 'NONE',  ( 4.180742545671762101E-15, 4.371140887755362005E-08, 0.9999999999999992228 ) ) ;
#361 = LINE ( 'NONE', #837, #1434 ) ;
#362 = ORIENTED_EDGE ( 'NONE', *, *, #681, .F. ) ;
#363 = ORIENTED_EDGE ( 'NONE', *, *, #668, .F. ) ;
#364 = CARTESIAN_POINT ( 'NONE',  ( 42.83884060894109780, -7.499931335448994929, 0.000000000000000000 ) ) ;
#365 = DIRECTION ( 'NONE',  ( -0.000000000000000000, -0.000000000000000000, -1.000000000000000000 ) ) ;
#366 = CARTESIAN_POINT ( 'NONE',  ( 48.77500172706440651, -40.76931592906048252, 1.450000819652154993 ) ) ;
#367 = FACE_BOUND ( 'NONE', #5387, .T. ) ;
#368 = DIRECTION ( 'NONE',  ( -0.000000000000000000, 0.000000000000000000, 1.000000000000000000 ) ) ;
#369 = EDGE_CURVE ( 'NONE', #2792, #5490, #5225, .T. ) ;
#370 = ORIENTED_EDGE ( 'NONE', *, *, #2384, .T. ) ;
#371 = ORIENTED_EDGE ( 'NONE', *, *, #402, .F. ) ;
#372 = DIRECTION ( 'NONE',  ( 1.000000000000000000, 0.000000000000000000, -0.000000000000000000 ) ) ;
#373 = EDGE_CURVE ( 'NONE', #4019, #2792, #4282, .T. ) ;
#374 = DIRECTION ( 'NONE',  ( -0.000000000000000000, 0.000000000000000000, -1.000000000000000000 ) ) ;
#375 = VERTEX_POINT ( 'NONE', #4692 ) ;
#376 = ORIENTED_EDGE ( 'NONE', *, *, #2295, .F. ) ;
#377 = CARTESIAN_POINT ( 'NONE',  ( 37.42790211420572888, -31.50117616558996403, 0.000000000000000000 ) ) ;
#378 = DIRECTION ( 'NONE',  ( -1.000000000000000000, 0.000000000000000000, 0.000000000000000000 ) ) ;
#379 = ADVANCED_FACE ( 'NONE', ( #2394 ), #5261, .F. ) ;
#380 = EDGE_CURVE ( 'NONE', #4186, #3328, #3778, .T. ) ;
#381 = DIRECTION ( 'NONE',  ( -0.000000000000000000, -0.000000000000000000, -1.000000000000000000 ) ) ;
#382 = DIRECTION ( 'NONE',  ( 1.000000000000000000, 0.000000000000000000, 0.000000000000000000 ) ) ;
#383 = ORIENTED_EDGE ( 'NONE', *, *, #750, .F. ) ;
#384 = VECTOR ( 'NONE', #2106, 1000.000000000000000 ) ;
#385 = ORIENTED_EDGE ( 'NONE', *, *, #1103, .F. ) ;
#386 = PLANE ( 'NONE',  #4335 ) ;
#387 = VECTOR ( 'NONE', #1538, 1000.000000000000000 ) ;
#388 = DIRECTION ( 'NONE',  ( -1.000000000000000000, 0.000000000000000000, 0.000000000000000000 ) ) ;
#389 = AXIS2_PLACEMENT_3D ( 'NONE', #5007, #5033, #676 ) ;
#390 = CARTESIAN_POINT ( 'NONE',  ( 2.074954986571962312, -58.82508182525602081, 0.000000000000000000 ) ) ;
#391 = PLANE ( 'NONE',  #3340 ) ;
#392 = ADVANCED_FACE ( 'NONE', ( #1793 ), #3737, .F. ) ;
#393 = VERTEX_POINT ( 'NONE', #364 ) ;
#394 = ORIENTED_EDGE ( 'NONE', *, *, #2804, .F. ) ;
#395 = LINE ( 'NONE', #875, #752 ) ;
#396 = CARTESIAN_POINT ( 'NONE',  ( 51.70787026260590835, -33.50140858613276151, 3.000000000000000000 ) ) ;
#397 = CARTESIAN_POINT ( 'NONE',  ( -52.20808186218739166, -7.999931335448993153, 0.000000000000000000 ) ) ;
#398 = DIRECTION ( 'NONE',  ( -4.180742545671762101E-15, -4.371140887755362005E-08, -0.9999999999999992228 ) ) ;
#399 = EDGE_CURVE ( 'NONE', #4988, #6067, #2762, .T. ) ;
#400 = ORIENTED_EDGE ( 'NONE', *, *, #198, .F. ) ;
#401 = VERTEX_POINT ( 'NONE', #5601 ) ;
#402 = EDGE_CURVE ( 'NONE', #311, #572, #4693, .T. ) ;
#403 = DIRECTION ( 'NONE',  ( 0.000000000000000000, -0.000000000000000000, 1.000000000000000000 ) ) ;
#404 = CARTESIAN_POINT ( 'NONE',  ( 38.99898593071571185, -44.66681558238633443, 36.80533964869712804 ) ) ;
#405 = ORIENTED_EDGE ( 'NONE', *, *, #5348, .F. ) ;
#406 = ORIENTED_EDGE ( 'NONE', *, *, #3210, .T. ) ;
#407 = AXIS2_PLACEMENT_3D ( 'NONE', #478, #4679, #2293 ) ;
#408 = AXIS2_PLACEMENT_3D ( 'NONE', #4833, #3906, #5375 ) ;
#409 = AXIS2_PLACEMENT_3D ( 'NONE', #2717, #3153, #686 ) ;
#410 = DIRECTION ( 'NONE',  ( 0.9999999998675463964, -1.627596612567151538E-05, 7.072646676513224198E-13 ) ) ;
#411 = CARTESIAN_POINT ( 'NONE',  ( -42.83884060894109780, -3.499931335448994485, 0.000000000000000000 ) ) ;
#412 = CC_DESIGN_PERSON_AND_ORGANIZATION_ASSIGNMENT ( #4736, #1840, ( #3038 ) ) ;
#413 = CARTESIAN_POINT ( 'NONE',  ( -51.70808186218739166, -7.999931335448993153, 0.000000000000000000 ) ) ;
#414 = CARTESIAN_POINT ( 'NONE',  ( 48.77500172706440651, -40.76931592906048252, 0.000000000000000000 ) ) ;
#415 = ORIENTED_EDGE ( 'NONE', *, *, #5103, .F. ) ;
#416 = VECTOR ( 'NONE', #4597, 1000.000000000000000 ) ;
#417 = VECTOR ( 'NONE', #569, 1000.000000000000000 ) ;
#418 = ADVANCED_FACE ( 'NONE', ( #5568 ), #5534, .F. ) ;
#419 = ORIENTED_EDGE ( 'NONE', *, *, #3081, .F. ) ;
#420 = CARTESIAN_POINT ( 'NONE',  ( 8.999999999999975131, -13.46000000000002927, 28.04134375730104622 ) ) ;
#421 = PLANE ( 'NONE',  #4976 ) ;
#422 = DIRECTION ( 'NONE',  ( -0.000000000000000000, -0.000000000000000000, 1.000000000000000000 ) ) ;
#423 = VECTOR ( 'NONE', #3813, 1000.000000000000000 ) ;
#424 = CARTESIAN_POINT ( 'NONE',  ( 33.21007646689140813, -48.89226894199710216, 1.450001174717942876 ) ) ;
#425 = ORIENTED_EDGE ( 'NONE', *, *, #3751, .F. ) ;
#426 = VECTOR ( 'NONE', #431, 1000.000000000000000 ) ;
#427 = VERTEX_POINT ( 'NONE', #5119 ) ;
#428 = CARTESIAN_POINT ( 'NONE',  ( -42.83884060894109780, -7.499931335448991376, 1.449999365401114293 ) ) ;
#429 = EDGE_CURVE ( 'NONE', #3281, #2028, #3683, .T. ) ;
#430 = CYLINDRICAL_SURFACE ( 'NONE', #331, 1.750000000000001554 ) ;
#431 = DIRECTION ( 'NONE',  ( -0.000000000000000000, -0.000000000000000000, -1.000000000000000000 ) ) ;
#432 = DIRECTION ( 'NONE',  ( -4.180742545671762101E-15, -4.371140887755362005E-08, -0.9999999999999992228 ) ) ;
#433 = VECTOR ( 'NONE', #899, 1000.000000000000000 ) ;
#434 = AXIS2_PLACEMENT_3D ( 'NONE', #3988, #91, #3898 ) ;
#435 = VERTEX_POINT ( 'NONE', #761 ) ;
#436 = ORIENTED_EDGE ( 'NONE', *, *, #5586, .T. ) ;
#437 = EDGE_CURVE ( 'NONE', #5110, #4348, #2294, .T. ) ;
#438 = FACE_OUTER_BOUND ( 'NONE', #82, .T. ) ;
#439 = AXIS2_PLACEMENT_3D ( 'NONE', #5265, #939, #3864 ) ;
#440 = CARTESIAN_POINT ( 'NONE',  ( 39.16013196753240777, -2.499931335448993597, 0.000000000000000000 ) ) ;
#441 = VERTEX_POINT ( 'NONE', #1239 ) ;
#442 = EDGE_LOOP ( 'NONE', ( #436, #1481, #1734, #2113 ) ) ;
#443 = CIRCLE ( 'NONE', #3863, 1.750000000000001554 ) ;
#444 = DIRECTION ( 'NONE',  ( 1.000000000000000000, -2.731848123972157579E-15, -4.180742426258835564E-15 ) ) ;
#445 = CARTESIAN_POINT ( 'NONE',  ( 65.99999999999998579, -65.99999999999998579, 0.000000000000000000 ) ) ;
#446 = DIRECTION ( 'NONE',  ( 0.000000000000000000, -0.000000000000000000, 1.000000000000000000 ) ) ;
#447 = CARTESIAN_POINT ( 'NONE',  ( 47.02500206014519790, -37.50133236845832840, 1.450000819652154993 ) ) ;
#448 = CARTESIAN_POINT ( 'NONE',  ( 45.37007602278353602, -50.94007753325929855, 0.000000000000000000 ) ) ;
#449 = VERTEX_POINT ( 'NONE', #2724 ) ;
#450 = EDGE_CURVE ( 'NONE', #1324, #2329, #793, .T. ) ;
#451 = EDGE_CURVE ( 'NONE', #499, #1890, #320, .T. ) ;
#452 = ORIENTED_EDGE ( 'NONE', *, *, #4579, .T. ) ;
#453 = CLOSED_SHELL ( 'NONE', ( #5305, #4042, #4314, #1885, #3068, #2508, #3166, #160, #470, #5591, #5010, #3469, #2495, #4103, #4532, #5553, #2449, #834, #1269, #5516, #1305, #3485, #2129, #2043, #5968, #867, #2478, #4537, #3553, #583, #6090, #5415, #127, #2225, #4631, #3897, #3882, #2949, #5813, #2523, #795, #1609, #4373, #4972, #3368, #2362, #3526, #3891, #75, #4588, #1101, #6252, #5979, #3118, #2345, #1642, #642, #3499, #4155, #4217, #1829, #3073, #3192, #5185, #6135, #3507, #2186, #1162, #3130, #2677, #4153, #2567, #1705, #1801, #5752, #2608, #2489, #3202, #6139, #2904, #5962, #5096, #4262, #178, #4, #2779, #4606, #4732, #850, #5907, #3091, #1961, #2909, #5071, #568, #2687, #1661, #2142, #180, #4782, #316, #3350, #1592, #3327, #3909, #5551, #1712, #482, #458, #2333, #5697, #379, #3278, #1062, #5798, #4728, #392, #2553, #3085, #3867, #3987, #1920, #617, #5439, #5268, #165, #5742, #5217, #2050, #1241, #4647, #3246, #5508, #1393, #563, #2978, #1043, #4852, #2613, #2180, #1562, #2750, #2243, #5661, #879, #4448, #4269, #3819, #1149, #3111, #288, #737, #2286, #5762, #4240, #3148, #3780, #1548, #4888, #3307, #3546, #3973, #3620, #694, #968, #1025, #3727, #6188, #818, #418, #4928, #4768, #237, #3021, #2089, #4819, #4861, #1386, #1209, #2110, #3860, #1240, #2097 ) ) ;
#454 = CARTESIAN_POINT ( 'NONE',  ( -8.924942016602040340, -53.87510013580300949, 0.000000000000000000 ) ) ;
#455 = CARTESIAN_POINT ( 'NONE',  ( 51.70787840058896734, -33.00140858619899120, 3.000000000000000000 ) ) ;
#456 = LINE ( 'NONE', #2453, #433 ) ;
#457 = CARTESIAN_POINT ( 'NONE',  ( 52.20787840052274476, -33.00141672418205019, 0.000000000000000000 ) ) ;
#458 = ADVANCED_FACE ( 'NONE', ( #4067 ), #5020, .F. ) ;
#459 = VECTOR ( 'NONE', #3701, 1000.000000000000000 ) ;
#460 = ORIENTED_EDGE ( 'NONE', *, *, #5041, .F. ) ;
#461 = VERTEX_POINT ( 'NONE', #4130 ) ;
#462 = CARTESIAN_POINT ( 'NONE',  ( -51.70808186218739166, -7.999931335448993153, 3.000000000000000000 ) ) ;
#463 = CARTESIAN_POINT ( 'NONE',  ( 53.13099752524905028, -33.09477641991259844, 28.04134375730104622 ) ) ;
#464 = CARTESIAN_POINT ( 'NONE',  ( 39.16013196753240777, -3.499931335448993597, 3.000000000000000000 ) ) ;
#465 = LINE ( 'NONE', #2398, #918 ) ;
#466 = ORIENTED_EDGE ( 'NONE', *, *, #501, .T. ) ;
#467 = ORIENTED_EDGE ( 'NONE', *, *, #5941, .F. ) ;
#468 = CARTESIAN_POINT ( 'NONE',  ( -42.99987792968802580, -5.499931335448994929, 1.449999277978297307 ) ) ;
#469 = DIRECTION ( 'NONE',  ( -1.000000000000000000, 0.000000000000000000, 0.000000000000000000 ) ) ;
#470 = ADVANCED_FACE ( 'NONE', ( #1170 ), #2694, .F. ) ;
#471 = VERTEX_POINT ( 'NONE', #3157 ) ;
#472 = ORIENTED_EDGE ( 'NONE', *, *, #501, .F. ) ;
#473 = CARTESIAN_POINT ( 'NONE',  ( 34.46453803689026074, -18.40463862520800475, 0.000000000000000000 ) ) ;
#474 = DIRECTION ( 'NONE',  ( -1.000000000000000000, 0.000000000000000000, 0.000000000000000000 ) ) ;
#475 = DIRECTION ( 'NONE',  ( 1.000000000000000000, 0.000000000000000000, 0.000000000000000000 ) ) ;
#476 = APPROVAL_STATUS ( 'not_yet_approved' ) ;
#477 = DIRECTION ( 'NONE',  ( 4.180742545671757368E-15, 4.371140887755362005E-08, 0.9999999999999991118 ) ) ;
#478 = CARTESIAN_POINT ( 'NONE',  ( 48.77500206014519080, -33.14931592906049218, 1.450000486571217273 ) ) ;
#479 = ORIENTED_EDGE ( 'NONE', *, *, #1783, .T. ) ;
#480 = VERTEX_POINT ( 'NONE', #6144 ) ;
#481 = CARTESIAN_POINT ( 'NONE',  ( -39.16013196753240067, -8.499931335448993153, 1.449999409112511684 ) ) ;
#482 = ADVANCED_FACE ( 'NONE', ( #1304 ), #729, .F. ) ;
#483 = DIRECTION ( 'NONE',  ( -0.000000000000000000, 0.000000000000000000, -1.000000000000000000 ) ) ;
#484 = LINE ( 'NONE', #2416, #3951 ) ;
#485 = DIRECTION ( 'NONE',  ( -1.000000000000000000, -0.000000000000000000, -0.000000000000000000 ) ) ;
#486 = LINE ( 'NONE', #5760, #5526 ) ;
#487 = ORIENTED_EDGE ( 'NONE', *, *, #755, .F. ) ;
#488 = ORIENTED_EDGE ( 'NONE', *, *, #4095, .F. ) ;
#489 = AXIS2_PLACEMENT_3D ( 'NONE', #4949, #2559, #1601 ) ;
#490 = CARTESIAN_POINT ( 'NONE',  ( -30.49987792968801514, -5.499931269881881413, 1.449999277977991108 ) ) ;
#491 = DIRECTION ( 'NONE',  ( -1.000000000000000000, 1.994248318681189754E-16, 0.000000000000000000 ) ) ;
#492 = DIRECTION ( 'NONE',  ( 0.000000000000000000, 0.000000000000000000, 1.000000000000000000 ) ) ;
#493 = VERTEX_POINT ( 'NONE', #2626 ) ;
#494 = ORIENTED_EDGE ( 'NONE', *, *, #3495, .T. ) ;
#495 = EDGE_CURVE ( 'NONE', #1581, #2607, #5701, .T. ) ;
#496 = CARTESIAN_POINT ( 'NONE',  ( -51.70828531008798024, -32.99972538822134283, 0.000000000000000000 ) ) ;
#497 = CARTESIAN_POINT ( 'NONE',  ( 51.70787840058896734, -33.00140858619899120, 0.000000000000000000 ) ) ;
#498 = ORIENTED_EDGE ( 'NONE', *, *, #4559, .T. ) ;
#499 = VERTEX_POINT ( 'NONE', #3220 ) ;
#500 = DIRECTION ( 'NONE',  ( 1.000000000000000000, 0.000000000000000000, 0.000000000000000000 ) ) ;
#501 = EDGE_CURVE ( 'NONE', #1233, #3297, #2675, .T. ) ;
#502 = DIRECTION ( 'NONE',  ( 0.000000000000000000, -0.9999999999999991118, 4.371140884147646851E-08 ) ) ;
#503 = DIRECTION ( 'NONE',  ( 0.000000000000000000, -0.000000000000000000, 1.000000000000000000 ) ) ;
#504 = LINE ( 'NONE', #5817, #2027 ) ;
#505 = ORIENTED_EDGE ( 'NONE', *, *, #717, .F. ) ;
#506 = AXIS2_PLACEMENT_3D ( 'NONE', #1723, #6122, #3134 ) ;
#507 = AXIS2_PLACEMENT_3D ( 'NONE', #3027, #4956, #627 ) ;
#508 = ORIENTED_EDGE ( 'NONE', *, *, #5669, .F. ) ;
#509 = EDGE_CURVE ( 'NONE', #4078, #3044, #225, .T. ) ;
#510 = DIRECTION ( 'NONE',  ( 0.000000000000000000, 0.000000000000000000, -1.000000000000000000 ) ) ;
#511 = DIRECTION ( 'NONE',  ( -1.000000000000000000, 0.000000000000000000, 0.000000000000000000 ) ) ;
#512 = DIRECTION ( 'NONE',  ( 0.000000000000000000, -0.000000000000000000, 1.000000000000000000 ) ) ;
#513 = DIRECTION ( 'NONE',  ( -0.000000000000000000, -0.000000000000000000, -1.000000000000000000 ) ) ;
#514 = AXIS2_PLACEMENT_3D ( 'NONE', #1808, #3314, #5241 ) ;
#515 = PLANE ( 'NONE',  #4926 ) ;
#516 = CIRCLE ( 'NONE', #4853, 1.750000000000003109 ) ;
#517 = EDGE_LOOP ( 'NONE', ( #787, #1023, #3183, #2004 ) ) ;
#518 = AXIS2_PLACEMENT_3D ( 'NONE', #3098, #5124, #2160 ) ;
#519 = ORIENTED_EDGE ( 'NONE', *, *, #4228, .F. ) ;
#520 = VECTOR ( 'NONE', #1273, 1000.000000000000000 ) ;
#521 = CIRCLE ( 'NONE', #821, 2.000000000000001776 ) ;
#522 = VECTOR ( 'NONE', #410, 1000.000000000000227 ) ;
#523 = CARTESIAN_POINT ( 'NONE',  ( -56.25248347830570594, -45.92592313267459048, 28.04134375730104622 ) ) ;
#524 = CYLINDRICAL_SURFACE ( 'NONE', #3141, 12.50000000000000000 ) ;
#525 = FACE_OUTER_BOUND ( 'NONE', #4208, .T. ) ;
#526 = CIRCLE ( 'NONE', #4249, 1.999999999999998224 ) ;
#527 = VERTEX_POINT ( 'NONE', #5503 ) ;
#528 = ORIENTED_EDGE ( 'NONE', *, *, #2711, .T. ) ;
#529 = PLANE ( 'NONE',  #434 ) ;
#530 = AXIS2_PLACEMENT_3D ( 'NONE', #1589, #2574, #1082 ) ;
#531 = DIRECTION ( 'NONE',  ( -0.9999999998675463964, 1.627596612567151538E-05, 0.000000000000000000 ) ) ;
#532 = CIRCLE ( 'NONE', #2960, 2.000000000000001776 ) ;
#533 = EDGE_CURVE ( 'NONE', #3281, #5743, #3094, .T. ) ;
#534 = ORIENTED_EDGE ( 'NONE', *, *, #6232, .T. ) ;
#535 = ORIENTED_EDGE ( 'NONE', *, *, #4221, .F. ) ;
#536 = DIRECTION ( 'NONE',  ( 0.000000000000000000, -0.9999999999999990008, 4.371140888484446276E-08 ) ) ;
#537 = CIRCLE ( 'NONE', #3957, 0.5000000000000008882 ) ;
#538 = CYLINDRICAL_SURFACE ( 'NONE', #1436, 1.999999999999994893 ) ;
#539 = DIRECTION ( 'NONE',  ( -1.000000000000000000, -1.365923996832131412E-15, 4.180742605378228526E-15 ) ) ;
#540 = DIRECTION ( 'NONE',  ( -1.000000000000000000, 0.000000000000000000, 0.000000000000000000 ) ) ;
#541 = EDGE_CURVE ( 'NONE', #3193, #5702, #254, .T. ) ;
#542 = VECTOR ( 'NONE', #1405, 1000.000000000000000 ) ;
#543 = ORIENTED_EDGE ( 'NONE', *, *, #4941, .T. ) ;
#544 = ORIENTED_EDGE ( 'NONE', *, *, #750, .T. ) ;
#545 = AXIS2_PLACEMENT_3D ( 'NONE', #3065, #4530, #4063 ) ;
#546 = DIRECTION ( 'NONE',  ( 0.000000000000000000, -0.9999999999999991118, 4.371140887245352218E-08 ) ) ;
#547 = CARTESIAN_POINT ( 'NONE',  ( -39.16013196753240777, -2.499931335448993597, 0.000000000000000000 ) ) ;
#548 = DIRECTION ( 'NONE',  ( 0.9999999998675463964, -1.627596612567151538E-05, 0.000000000000000000 ) ) ;
#549 = DIRECTION ( 'NONE',  ( -1.000000000000000000, 0.000000000000000000, 0.000000000000000000 ) ) ;
#550 = LINE ( 'NONE', #2488, #896 ) ;
#551 = EDGE_CURVE ( 'NONE', #3529, #2490, #4823, .T. ) ;
#552 = CIRCLE ( 'NONE', #2070, 2.000000000000003553 ) ;
#553 = ORIENTED_EDGE ( 'NONE', *, *, #84, .F. ) ;
#554 = EDGE_LOOP ( 'NONE', ( #3511, #2321, #2906, #2663, #2614 ) ) ;
#555 = CARTESIAN_POINT ( 'NONE',  ( 50.40063686045313318, -32.50138730951373134, 1.450000458249337765 ) ) ;
#556 = LINE ( 'NONE', #464, #3947 ) ;
#557 = DIRECTION ( 'NONE',  ( -1.000000000000000000, -0.000000000000000000, -0.000000000000000000 ) ) ;
#558 = EDGE_LOOP ( 'NONE', ( #3681, #3782, #5680, #3752 ) ) ;
#559 = CC_DESIGN_DATE_AND_TIME_ASSIGNMENT ( #2851, #3285, ( #4338 ) ) ;
#560 = EDGE_LOOP ( 'NONE', ( #1776, #2457, #588, #400 ) ) ;
#561 = CIRCLE ( 'NONE', #4583, 0.5000000000000008882 ) ;
#562 = DIRECTION ( 'NONE',  ( 1.000000000000000000, 0.000000000000000000, -4.180742545671766046E-15 ) ) ;
#563 = ADVANCED_FACE ( 'NONE', ( #1918 ), #2907, .F. ) ;
#564 = DIRECTION ( 'NONE',  ( 1.000000000000000000, 0.000000000000000000, -0.000000000000000000 ) ) ;
#565 = ORIENTED_EDGE ( 'NONE', *, *, #357, .T. ) ;
#566 = EDGE_LOOP ( 'NONE', ( #4051, #4815, #1130, #5433 ) ) ;
#567 = LINE ( 'NONE', #4828, #5493 ) ;
#568 = ADVANCED_FACE ( 'NONE', ( #438 ), #5273, .F. ) ;
#569 = DIRECTION ( 'NONE',  ( -0.000000000000000000, 1.000000000000000000, -0.000000000000000000 ) ) ;
#570 = DIRECTION ( 'NONE',  ( 1.000000000000000000, 0.000000000000000000, 0.000000000000000000 ) ) ;
#571 = DIRECTION ( 'NONE',  ( -4.180742545671762101E-15, -4.371140887755362005E-08, -0.9999999999999992228 ) ) ;
#572 = VERTEX_POINT ( 'NONE', #468 ) ;
#573 = ORIENTED_EDGE ( 'NONE', *, *, #3465, .T. ) ;
#574 = CARTESIAN_POINT ( 'NONE',  ( 17.99987792968801870, -5.499931335448994929, 0.000000000000000000 ) ) ;
#575 = DIRECTION ( 'NONE',  ( -1.000000000000000000, 0.000000000000000000, 0.000000000000000000 ) ) ;
#576 = CARTESIAN_POINT ( 'NONE',  ( 51.70780515874140804, -37.50140858560294532, 3.000000000000000000 ) ) ;
#577 = DIRECTION ( 'NONE',  ( -0.000000000000000000, 0.000000000000000000, -1.000000000000000000 ) ) ;
#578 = DIRECTION ( 'NONE',  ( -0.000000000000000000, -0.000000000000000000, 1.000000000000000000 ) ) ;
#579 = ORIENTED_EDGE ( 'NONE', *, *, #27, .T. ) ;
#580 = ORIENTED_EDGE ( 'NONE', *, *, #4793, .T. ) ;
#581 = CARTESIAN_POINT ( 'NONE',  ( 10.99999999999997513, -18.54000000000002757, 28.04134375730104622 ) ) ;
#582 = LINE ( 'NONE', #86, #933 ) ;
#583 = ADVANCED_FACE ( 'NONE', ( #4727 ), #5234, .F. ) ;
#584 = LINE ( 'NONE', #5923, #6167 ) ;
#585 = ORIENTED_EDGE ( 'NONE', *, *, #2322, .T. ) ;
#586 = VECTOR ( 'NONE', #2154, 1000.000000000000000 ) ;
#587 = CIRCLE ( 'NONE', #786, 1.750000000000008438 ) ;
#588 = ORIENTED_EDGE ( 'NONE', *, *, #4846, .F. ) ;
#589 = DIRECTION ( 'NONE',  ( -0.000000000000000000, 0.000000000000000000, 1.000000000000000000 ) ) ;
#590 = DIRECTION ( 'NONE',  ( 0.000000000000000000, 0.000000000000000000, 1.000000000000000000 ) ) ;
#591 = ORIENTED_EDGE ( 'NONE', *, *, #5639, .T. ) ;
#592 = ORIENTED_EDGE ( 'NONE', *, *, #184, .T. ) ;
#593 = EDGE_CURVE ( 'NONE', #2888, #2959, #355, .T. ) ;
#594 = LINE ( 'NONE', #235, #58 ) ;
#595 = CARTESIAN_POINT ( 'NONE',  ( -51.71248359946253714, -33.76592310238539341, 0.000000000000000000 ) ) ;
#596 = DIRECTION ( 'NONE',  ( 1.000000000000000000, 0.000000000000000000, 0.000000000000000000 ) ) ;
#597 = ORIENTED_EDGE ( 'NONE', *, *, #5435, .T. ) ;
#598 = ORIENTED_EDGE ( 'NONE', *, *, #893, .T. ) ;
#599 = DIRECTION ( 'NONE',  ( -1.000000000000000000, 0.000000000000000000, 0.000000000000000000 ) ) ;
#600 = DIRECTION ( 'NONE',  ( 4.180742545671762101E-15, 4.371140887755362005E-08, 0.9999999999999992228 ) ) ;
#601 = DIRECTION ( 'NONE',  ( -4.180742545671762101E-15, -4.371140887755362005E-08, -0.9999999999999992228 ) ) ;
#602 = CARTESIAN_POINT ( 'NONE',  ( -42.63453902919962957, -8.499931335448986047, 1.449999409112522342 ) ) ;
#603 = DIRECTION ( 'NONE',  ( -0.9999999998675465074, 1.627596612545157819E-05, 0.000000000000000000 ) ) ;
#604 = EDGE_CURVE ( 'NONE', #1958, #1700, #882, .T. ) ;
#605 = ORIENTED_EDGE ( 'NONE', *, *, #5380, .T. ) ;
#606 = VERTEX_POINT ( 'NONE', #5333 ) ;
#607 = DIRECTION ( 'NONE',  ( 0.000000000000000000, -0.9999999999999991118, 4.371140884147631631E-08 ) ) ;
#608 = AXIS2_PLACEMENT_3D ( 'NONE', #1148, #3017, #1090 ) ;
#609 = AXIS2_PLACEMENT_3D ( 'NONE', #5245, #1397, #3218 ) ;
#610 = DIRECTION ( 'NONE',  ( -1.000000000000000000, 0.000000000000000000, 0.000000000000000000 ) ) ;
#611 = CIRCLE ( 'NONE', #5555, 7.999999999999996447 ) ;
#612 = CARTESIAN_POINT ( 'NONE',  ( -39.16013196753240777, -10.49993133544899493, 0.000000000000000000 ) ) ;
#613 = EDGE_CURVE ( 'NONE', #4392, #311, #2375, .T. ) ;
#614 = ORIENTED_EDGE ( 'NONE', *, *, #5407, .F. ) ;
#615 = VECTOR ( 'NONE', #2317, 1000.000000000000000 ) ;
#616 = CIRCLE ( 'NONE', #5767, 1.999999999999996669 ) ;
#617 = ADVANCED_FACE ( 'NONE', ( #946 ), #4283, .F. ) ;
#618 = ORIENTED_EDGE ( 'NONE', *, *, #5523, .T. ) ;
#619 = DIRECTION ( 'NONE',  ( -4.180742545671762101E-15, -4.371140887755362005E-08, -0.9999999999999992228 ) ) ;
#620 = AXIS2_PLACEMENT_3D ( 'NONE', #1748, #6037, #5018 ) ;
#621 = VECTOR ( 'NONE', #6054, 1000.000000000000000 ) ;
#622 = DIRECTION ( 'NONE',  ( 0.000000000000000000, -0.000000000000000000, 1.000000000000000000 ) ) ;
#623 = ORIENTED_EDGE ( 'NONE', *, *, #4756, .F. ) ;
#624 = EDGE_CURVE ( 'NONE', #4575, #1163, #2681, .T. ) ;
#625 = VERTEX_POINT ( 'NONE', #3277 ) ;
#626 = CARTESIAN_POINT ( 'NONE',  ( -53.71248359946253004, -33.76592310238539341, 28.04134375730104622 ) ) ;
#627 = DIRECTION ( 'NONE',  ( 0.000000000000000000, -0.9999999999999991118, 4.371140884147631631E-08 ) ) ;
#628 = ORIENTED_EDGE ( 'NONE', *, *, #782, .T. ) ;
#629 = EDGE_LOOP ( 'NONE', ( #832, #62, #880, #2879 ) ) ;
#630 = CARTESIAN_POINT ( 'NONE',  ( 13.53999999999997783, -13.46000000000002927, 0.000000000000000000 ) ) ;
#631 = CARTESIAN_POINT ( 'NONE',  ( 65.99999999999998579, -65.99999999999998579, 3.000000000000000000 ) ) ;
#632 = LINE ( 'NONE', #4477, #6084 ) ;
#633 = CIRCLE ( 'NONE', #947, 7.999999999999996447 ) ;
#634 = CARTESIAN_POINT ( 'NONE',  ( -24.49987792968802580, -5.499931335448994929, 3.000000000000000000 ) ) ;
#635 = EDGE_CURVE ( 'NONE', #3761, #747, #561, .T. ) ;
#636 = DIRECTION ( 'NONE',  ( 0.000000000000000000, 0.000000000000000000, -1.000000000000000000 ) ) ;
#637 = EDGE_CURVE ( 'NONE', #4807, #6041, #4899, .T. ) ;
#638 = ORIENTED_EDGE ( 'NONE', *, *, #2221, .F. ) ;
#639 = ORIENTED_EDGE ( 'NONE', *, *, #3016, .T. ) ;
#640 = VECTOR ( 'NONE', #245, 1000.000000000000000 ) ;
#641 = DIRECTION ( 'NONE',  ( -4.180742545671762101E-15, -4.371140887755362005E-08, -0.9999999999999992228 ) ) ;
#642 = ADVANCED_FACE ( 'NONE', ( #5740 ), #5306, .T. ) ;
#643 = CARTESIAN_POINT ( 'NONE',  ( 33.46453800660104605, -20.13675966251838645, 0.000000000000000000 ) ) ;
#644 = DIRECTION ( 'NONE',  ( -0.000000000000000000, 0.000000000000000000, -1.000000000000000000 ) ) ;
#645 = CIRCLE ( 'NONE', #545, 0.5000000000000004441 ) ;
#646 = AXIS2_PLACEMENT_3D ( 'NONE', #126, #1457, #3963 ) ;
#647 = ORIENTED_EDGE ( 'NONE', *, *, #4674, .T. ) ;
#648 = ORIENTED_EDGE ( 'NONE', *, *, #6203, .T. ) ;
#649 = AXIS2_PLACEMENT_3D ( 'NONE', #5544, #5068, #4109 ) ;
#650 = CARTESIAN_POINT ( 'NONE',  ( -51.70828531008798024, -32.99972538822133572, 3.000000000000000000 ) ) ;
#651 = EDGE_CURVE ( 'NONE', #2012, #1741, #977, .T. ) ;
#652 = DIRECTION ( 'NONE',  ( -0.000000000000000000, -0.000000000000000000, 1.000000000000000000 ) ) ;
#653 = AXIS2_PLACEMENT_3D ( 'NONE', #1488, #3375, #3746 ) ;
#654 = EDGE_LOOP ( 'NONE', ( #3544, #199, #5224, #2905 ) ) ;
#655 = ORIENTED_EDGE ( 'NONE', *, *, #4025, .T. ) ;
#656 = DIRECTION ( 'NONE',  ( 0.000000000000000000, 0.000000000000000000, -1.000000000000000000 ) ) ;
#657 = EDGE_CURVE ( 'NONE', #666, #2993, #2311, .T. ) ;
#658 = FACE_OUTER_BOUND ( 'NONE', #6159, .T. ) ;
#659 = ORIENTED_EDGE ( 'NONE', *, *, #5242, .F. ) ;
#660 = ORIENTED_EDGE ( 'NONE', *, *, #685, .F. ) ;
#661 = DIRECTION ( 'NONE',  ( -0.000000000000000000, -0.000000000000000000, -1.000000000000000000 ) ) ;
#662 = DIRECTION ( 'NONE',  ( -0.000000000000000000, -0.000000000000000000, -1.000000000000000000 ) ) ;
#663 = DIRECTION ( 'NONE',  ( -0.000000000000000000, -0.000000000000000000, 1.000000000000000000 ) ) ;
#664 = DIRECTION ( 'NONE',  ( -0.000000000000000000, -0.000000000000000000, -1.000000000000000000 ) ) ;
#665 = DIRECTION ( 'NONE',  ( -0.000000000000000000, -0.000000000000000000, -1.000000000000000000 ) ) ;
#666 = VERTEX_POINT ( 'NONE', #2807 ) ;
#667 = ORIENTED_EDGE ( 'NONE', *, *, #5920, .F. ) ;
#668 = EDGE_CURVE ( 'NONE', #2911, #1741, #3304, .T. ) ;
#669 = CARTESIAN_POINT ( 'NONE',  ( 51.70787840058896734, -33.00140858619899120, 0.000000000000000000 ) ) ;
#670 = DIRECTION ( 'NONE',  ( -1.000000000000000000, 0.000000000000000000, 0.000000000000000000 ) ) ;
#671 = CARTESIAN_POINT ( 'NONE',  ( 39.67893410269429921, -46.40007575682851382, 1.450001065780635923 ) ) ;
#672 = VERTEX_POINT ( 'NONE', #6161 ) ;
#673 = ORIENTED_EDGE ( 'NONE', *, *, #1744, .F. ) ;
#674 = DIRECTION ( 'NONE',  ( -4.180742545671762101E-15, -4.371140887755362005E-08, -0.9999999999999992228 ) ) ;
#675 = DIRECTION ( 'NONE',  ( 0.000000000000000000, 0.000000000000000000, -1.000000000000000000 ) ) ;
#676 = DIRECTION ( 'NONE',  ( 0.000000000000000000, -0.9999999999999990008, 4.371140888484446938E-08 ) ) ;
#677 = AXIS2_PLACEMENT_3D ( 'NONE', #5454, #156, #240 ) ;
#678 = ORIENTED_EDGE ( 'NONE', *, *, #4002, .T. ) ;
#679 = EDGE_CURVE ( 'NONE', #5846, #3364, #4074, .T. ) ;
#680 = ORIENTED_EDGE ( 'NONE', *, *, #4669, .T. ) ;
#681 = EDGE_CURVE ( 'NONE', #2491, #3843, #2173, .T. ) ;
#682 = DIRECTION ( 'NONE',  ( -0.000000000000000000, -0.000000000000000000, -1.000000000000000000 ) ) ;
#683 = ORIENTED_EDGE ( 'NONE', *, *, #4187, .T. ) ;
#684 = ORIENTED_EDGE ( 'NONE', *, *, #255, .T. ) ;
#685 = EDGE_CURVE ( 'NONE', #4586, #2372, #4948, .T. ) ;
#686 = DIRECTION ( 'NONE',  ( 0.000000000000000000, -0.9999999999999991118, 4.371140884147631631E-08 ) ) ;
#687 = CARTESIAN_POINT ( 'NONE',  ( -59.42498535135181470, 8.414992237443547296, 0.000000000000000000 ) ) ;
#688 = LINE ( 'NONE', #5148, #4252 ) ;
#689 = DIRECTION ( 'NONE',  ( 0.000000000000000000, -0.9999999999999991118, 4.371140887245352218E-08 ) ) ;
#690 = LINE ( 'NONE', #2187, #5334 ) ;
#691 = CARTESIAN_POINT ( 'NONE',  ( -36.56235686188259137, -38.99997190363446720, 0.000000000000000000 ) ) ;
#692 = ORIENTED_EDGE ( 'NONE', *, *, #1193, .T. ) ;
#693 = ORIENTED_EDGE ( 'NONE', *, *, #4383, .F. ) ;
#694 = ADVANCED_FACE ( 'NONE', ( #2013 ), #529, .F. ) ;
#695 = DIRECTION ( 'NONE',  ( -0.000000000000000000, -0.000000000000000000, 1.000000000000000000 ) ) ;
#696 = FACE_OUTER_BOUND ( 'NONE', #5057, .T. ) ;
#697 = DIRECTION ( 'NONE',  ( -1.000000000000000000, 0.000000000000000000, 0.000000000000000000 ) ) ;
#698 = DIRECTION ( 'NONE',  ( -0.000000000000000000, 0.000000000000000000, -1.000000000000000000 ) ) ;
#699 = VECTOR ( 'NONE', #3107, 1000.000000000000000 ) ;
#700 = EDGE_LOOP ( 'NONE', ( #2363, #5449, #5331, #2054 ) ) ;
#701 = ORIENTED_EDGE ( 'NONE', *, *, #3260, .F. ) ;
#702 = VECTOR ( 'NONE', #3866, 1000.000000000000000 ) ;
#703 = DIRECTION ( 'NONE',  ( -1.000000000000000000, -1.994248318681190000E-16, 4.180742554388906240E-15 ) ) ;
#704 = VECTOR ( 'NONE', #682, 1000.000000000000000 ) ;
#705 = FACE_OUTER_BOUND ( 'NONE', #804, .T. ) ;
#706 = LINE ( 'NONE', #3139, #5037 ) ;
#707 = DIRECTION ( 'NONE',  ( 1.000000000000000000, 0.000000000000000000, -0.000000000000000000 ) ) ;
#708 = VERTEX_POINT ( 'NONE', #5835 ) ;
#709 = AXIS2_PLACEMENT_3D ( 'NONE', #4054, #5108, #5998 ) ;
#710 = VECTOR ( 'NONE', #3696, 1000.000000000000000 ) ;
#711 = ORIENTED_EDGE ( 'NONE', *, *, #624, .T. ) ;
#712 = EDGE_CURVE ( 'NONE', #4151, #1692, #2080, .T. ) ;
#713 = ORIENTED_EDGE ( 'NONE', *, *, #3360, .T. ) ;
#714 = VECTOR ( 'NONE', #485, 1000.000000000000000 ) ;
#715 = DIRECTION ( 'NONE',  ( -4.180742545671762101E-15, -4.371140887755362005E-08, -0.9999999999999992228 ) ) ;
#716 = CIRCLE ( 'NONE', #4857, 1.750000000000003109 ) ;
#717 = EDGE_CURVE ( 'NONE', #1546, #5541, #5956, .T. ) ;
#718 = CARTESIAN_POINT ( 'NONE',  ( -39.16013196753240067, -7.499931335448995817, 1.449999365401102747 ) ) ;
#719 = ORIENTED_EDGE ( 'NONE', *, *, #2933, .T. ) ;
#720 = VECTOR ( 'NONE', #6015, 1000.000000000000000 ) ;
#721 = ORIENTED_EDGE ( 'NONE', *, *, #118, .F. ) ;
#722 = CARTESIAN_POINT ( 'NONE',  ( 52.16814849553698963, -32.80608465091061277, 1.450000471568082983 ) ) ;
#723 = CARTESIAN_POINT ( 'NONE',  ( 39.15980643785005100, -40.50120435519815487, 3.000000000000000000 ) ) ;
#724 = CARTESIAN_POINT ( 'NONE',  ( -51.70836668991861274, -37.99972538755907436, 0.000000000000000000 ) ) ;
#725 = CIRCLE ( 'NONE', #4964, 0.5000000000000004441 ) ;
#726 = LINE ( 'NONE', #2600, #828 ) ;
#727 = CARTESIAN_POINT ( 'NONE',  ( -52.20808186218739166, -2.999931335448996261, 0.000000000000000000 ) ) ;
#728 = EDGE_CURVE ( 'NONE', #3501, #2527, #3147, .T. ) ;
#729 = PLANE ( 'NONE',  #5304 ) ;
#730 = ORIENTED_EDGE ( 'NONE', *, *, #1576, .T. ) ;
#731 = VERTEX_POINT ( 'NONE', #5366 ) ;
#732 = AXIS2_PLACEMENT_3D ( 'NONE', #6225, #971, #6154 ) ;
#733 = DIRECTION ( 'NONE',  ( 1.000000000000000000, 0.000000000000000000, 0.000000000000000000 ) ) ;
#734 = DIRECTION ( 'NONE',  ( 1.000000000000000000, 0.000000000000000000, -0.000000000000000000 ) ) ;
#735 = DIRECTION ( 'NONE',  ( -0.000000000000000000, -0.000000000000000000, -1.000000000000000000 ) ) ;
#736 = CARTESIAN_POINT ( 'NONE',  ( 0.000000000000000000, -15.99999999999998579, 3.000000000000000000 ) ) ;
#737 = ADVANCED_FACE ( 'NONE', ( #3460 ), #2524, .F. ) ;
#738 = CIRCLE ( 'NONE', #3461, 1.000000000000000888 ) ;
#739 = ORIENTED_EDGE ( 'NONE', *, *, #1338, .T. ) ;
#740 = ORIENTED_EDGE ( 'NONE', *, *, #1790, .T. ) ;
#741 = CYLINDRICAL_SURFACE ( 'NONE', #6110, 0.5000000000000004441 ) ;
#742 = CARTESIAN_POINT ( 'NONE',  ( 51.70808186218739166, -2.499931335448996261, 3.000000000000000000 ) ) ;
#743 = CIRCLE ( 'NONE', #6209, 0.5000000000000004441 ) ;
#744 = FACE_OUTER_BOUND ( 'NONE', #5002, .T. ) ;
#745 = CARTESIAN_POINT ( 'NONE',  ( -51.71248359946253714, -38.49970843832759471, 1.450000735578369060 ) ) ;
#746 = ORIENTED_EDGE ( 'NONE', *, *, #5082, .T. ) ;
#747 = VERTEX_POINT ( 'NONE', #3053 ) ;
#748 = EDGE_LOOP ( 'NONE', ( #494, #2556 ) ) ;
#749 = CIRCLE ( 'NONE', #5083, 4.999999999999997335 ) ;
#750 = EDGE_CURVE ( 'NONE', #5496, #3933, #5378, .T. ) ;
#751 = CARTESIAN_POINT ( 'NONE',  ( -39.16045748684096850, -40.49992961723538087, 3.000000000000000000 ) ) ;
#752 = VECTOR ( 'NONE', #5704, 1000.000000000000000 ) ;
#753 = LINE ( 'NONE', #1134, #2065 ) ;
#754 = ORIENTED_EDGE ( 'NONE', *, *, #117, .T. ) ;
#755 = EDGE_CURVE ( 'NONE', #976, #5936, #1035, .T. ) ;
#756 = ORIENTED_EDGE ( 'NONE', *, *, #3563, .T. ) ;
#757 = CARTESIAN_POINT ( 'NONE',  ( -42.63453902919962957, -8.499931335448993153, 0.000000000000000000 ) ) ;
#758 = CARTESIAN_POINT ( 'NONE',  ( -55.92498635059416046, -14.44500776255643437, 0.000000000000000000 ) ) ;
#759 = CARTESIAN_POINT ( 'NONE',  ( -61.00000000000002132, 61.00000000000000000, 0.000000000000000000 ) ) ;
#760 = CARTESIAN_POINT ( 'NONE',  ( -56.25248347830570594, -45.92592313267459048, 1.450001045055153481 ) ) ;
#761 = CARTESIAN_POINT ( 'NONE',  ( -42.63453902919962957, -2.499931335448993597, 0.000000000000000000 ) ) ;
#762 = ORIENTED_EDGE ( 'NONE', *, *, #4846, .T. ) ;
#763 = EDGE_CURVE ( 'NONE', #957, #3522, #4871, .T. ) ;
#764 = ORIENTED_EDGE ( 'NONE', *, *, #3613, .T. ) ;
#765 = EDGE_CURVE ( 'NONE', #4563, #1069, #2498, .T. ) ;
#766 = EDGE_CURVE ( 'NONE', #4594, #4667, #4461, .T. ) ;
#767 = CARTESIAN_POINT ( 'NONE',  ( -36.56205575617909176, -1.999931335448993597, 0.000000000000000000 ) ) ;
#768 = CARTESIAN_POINT ( 'NONE',  ( 40.00000000000000000, 0.000000000000000000, 3.000000000000000000 ) ) ;
#769 = CARTESIAN_POINT ( 'NONE',  ( 33.21007646689140813, -48.40007691917356425, 1.450001153203535953 ) ) ;
#770 = DIRECTION ( 'NONE',  ( 0.000000000000000000, 1.000000000000000000, 0.000000000000000000 ) ) ;
#771 = ORIENTED_EDGE ( 'NONE', *, *, #135, .T. ) ;
#772 = ORIENTED_EDGE ( 'NONE', *, *, #1085, .T. ) ;
#773 = CARTESIAN_POINT ( 'NONE',  ( 39.16013196753241488, -7.499931335448995817, 1.449999365400775453 ) ) ;
#774 = EDGE_CURVE ( 'NONE', #2412, #2647, #4920, .T. ) ;
#775 = CARTESIAN_POINT ( 'NONE',  ( 38.67893410269429921, -45.40007575682851382, 0.000000000000000000 ) ) ;
#776 = CARTESIAN_POINT ( 'NONE',  ( 14.95999999999997954, -24.75000000000002132, 0.000000000000000000 ) ) ;
#777 = DIRECTION ( 'NONE',  ( 0.000000000000000000, 0.000000000000000000, -1.000000000000000000 ) ) ;
#778 = CARTESIAN_POINT ( 'NONE',  ( -39.16042493490871124, -38.49992961750028542, 3.000000000000000000 ) ) ;
#779 = ORIENTED_EDGE ( 'NONE', *, *, #1085, .F. ) ;
#780 = ORIENTED_EDGE ( 'NONE', *, *, #3923, .F. ) ;
#781 = ORIENTED_EDGE ( 'NONE', *, *, #1091, .T. ) ;
#782 = EDGE_CURVE ( 'NONE', #4777, #6206, #3492, .T. ) ;
#783 = CARTESIAN_POINT ( 'NONE',  ( 29.96453803689026785, -17.59676082486349813, 1.449999806747207742 ) ) ;
#784 = DIRECTION ( 'NONE',  ( 1.000000000000000000, 0.000000000000000000, 0.000000000000000000 ) ) ;
#785 = VERTEX_POINT ( 'NONE', #64 ) ;
#786 = AXIS2_PLACEMENT_3D ( 'NONE', #6024, #4115, #4463 ) ;
#787 = ORIENTED_EDGE ( 'NONE', *, *, #3458, .T. ) ;
#788 = CARTESIAN_POINT ( 'NONE',  ( -15.67494201660204389, -55.62510013580300949, 1.450001469019680522 ) ) ;
#789 = CARTESIAN_POINT ( 'NONE',  ( 29.96453803689026785, -17.59675966251838730, 0.000000000000000000 ) ) ;
#790 = COORDINATED_UNIVERSAL_TIME_OFFSET ( 3, 0, .AHEAD. ) ;
#791 = CARTESIAN_POINT ( 'NONE',  ( -30.50012207031303291, -35.50007057189900195, 1.450000589326601252 ) ) ;
#792 = CYLINDRICAL_SURFACE ( 'NONE', #4835, 1.749999999999994671 ) ;
#793 = LINE ( 'NONE', #4640, #4574 ) ;
#794 = ORIENTED_EDGE ( 'NONE', *, *, #5272, .F. ) ;
#795 = ADVANCED_FACE ( 'NONE', ( #1578 ), #3554, .T. ) ;
#796 = ORIENTED_EDGE ( 'NONE', *, *, #4432, .F. ) ;
#797 = CARTESIAN_POINT ( 'NONE',  ( -39.16029472717970350, -30.49992961855991069, 3.000000000000000000 ) ) ;
#798 = CARTESIAN_POINT ( 'NONE',  ( -36.49987792968801870, -5.499931335448994041, 3.000000000000000000 ) ) ;
#799 = DIRECTION ( 'NONE',  ( 1.000000000000000000, 0.000000000000000000, 0.000000000000000000 ) ) ;
#800 = CARTESIAN_POINT ( 'NONE',  ( 39.15996919751131600, -30.50120435652268824, 0.000000000000000000 ) ) ;
#801 = EDGE_CURVE ( 'NONE', #5839, #2061, #1038, .T. ) ;
#802 = EDGE_CURVE ( 'NONE', #3484, #996, #155, .T. ) ;
#803 = ORIENTED_EDGE ( 'NONE', *, *, #495, .T. ) ;
#804 = EDGE_LOOP ( 'NONE', ( #5602, #2617, #1996, #2653 ) ) ;
#805 = CARTESIAN_POINT ( 'NONE',  ( -39.16029472717970350, -30.49992961855991069, 1.450000370763431690 ) ) ;
#806 = CYLINDRICAL_SURFACE ( 'NONE', #4665, 1.750000000000001554 ) ;
#807 = CIRCLE ( 'NONE', #2431, 12.50000000000000000 ) ;
#808 = DIRECTION ( 'NONE',  ( -0.000000000000000000, -0.000000000000000000, -1.000000000000000000 ) ) ;
#809 = FACE_BOUND ( 'NONE', #54, .T. ) ;
#810 = EDGE_CURVE ( 'NONE', #4880, #461, #2588, .T. ) ;
#811 = CARTESIAN_POINT ( 'NONE',  ( 55.00000000000000000, -55.00000000000000000, 3.000000000000000000 ) ) ;
#812 = EDGE_CURVE ( 'NONE', #3491, #5425, #1630, .T. ) ;
#813 = ORIENTED_EDGE ( 'NONE', *, *, #5792, .F. ) ;
#814 = EDGE_LOOP ( 'NONE', ( #268, #5739, #2770, #2945 ) ) ;
#815 = CARTESIAN_POINT ( 'NONE',  ( 0.000000000000000000, 0.000000000000000000, 3.000000000000000000 ) ) ;
#816 = AXIS2_PLACEMENT_3D ( 'NONE', #3325, #4233, #6184 ) ;
#817 = FACE_OUTER_BOUND ( 'NONE', #554, .T. ) ;
#818 = ADVANCED_FACE ( 'NONE', ( #294 ), #6127, .F. ) ;
#819 = ORIENTED_EDGE ( 'NONE', *, *, #6025, .T. ) ;
#820 = AXIS2_PLACEMENT_3D ( 'NONE', #4000, #4910, #169 ) ;
#821 = AXIS2_PLACEMENT_3D ( 'NONE', #4677, #2758, #315 ) ;
#822 = ORIENTED_EDGE ( 'NONE', *, *, #5561, .T. ) ;
#823 = VECTOR ( 'NONE', #4223, 1000.000000000000000 ) ;
#824 = DIRECTION ( 'NONE',  ( 4.180742545671762101E-15, 4.371140887755362005E-08, 0.9999999999999992228 ) ) ;
#825 = CARTESIAN_POINT ( 'NONE',  ( -56.25248347830570594, -33.76592310238539341, 1.450000513524424273 ) ) ;
#826 = LINE ( 'NONE', #4604, #1550 ) ;
#827 = PLANE ( 'NONE',  #2231 ) ;
#828 = VECTOR ( 'NONE', #2215, 1000.000000000000000 ) ;
#829 = CARTESIAN_POINT ( 'NONE',  ( 53.13099752524905028, -31.34477641991259489, 0.000000000000000000 ) ) ;
#830 = AXIS2_PLACEMENT_3D ( 'NONE', #972, #1855, #6227 ) ;
#831 = DIRECTION ( 'NONE',  ( -1.000000000000000000, 1.994248318681189754E-16, 0.000000000000000000 ) ) ;
#832 = ORIENTED_EDGE ( 'NONE', *, *, #2371, .T. ) ;
#833 = FACE_OUTER_BOUND ( 'NONE', #4008, .T. ) ;
#834 = ADVANCED_FACE ( 'NONE', ( #2199 ), #5546, .F. ) ;
#835 = DIRECTION ( 'NONE',  ( 1.365923996832131215E-15, -1.000000000000000000, 0.000000000000000000 ) ) ;
#836 = CARTESIAN_POINT ( 'NONE',  ( 35.21007646689140813, -50.94007753325929855, 1.450001264230529108 ) ) ;
#837 = CARTESIAN_POINT ( 'NONE',  ( -39.16013196753240777, -3.499931335448993597, 3.000000000000000000 ) ) ;
#838 = ORIENTED_EDGE ( 'NONE', *, *, #1067, .F. ) ;
#839 = EDGE_LOOP ( 'NONE', ( #3490, #111, #3883, #5196 ) ) ;
#840 = AXIS2_PLACEMENT_3D ( 'NONE', #523, #5828, #3639 ) ;
#841 = DIRECTION ( 'NONE',  ( 0.000000000000000000, -0.9999999999999991118, 4.371140887245352218E-08 ) ) ;
#842 = EDGE_CURVE ( 'NONE', #4151, #262, #2273, .T. ) ;
#843 = CARTESIAN_POINT ( 'NONE',  ( 52.20779702069211226, -38.00141672351978173, 0.000000000000000000 ) ) ;
#844 = DIRECTION ( 'NONE',  ( -1.000000000000000000, 0.000000000000000000, 0.000000000000000000 ) ) ;
#845 = DIRECTION ( 'NONE',  ( -1.000000000000000000, 0.000000000000000000, 0.000000000000000000 ) ) ;
#846 = CARTESIAN_POINT ( 'NONE',  ( -53.71248359946253004, -43.92592313267459048, 1.450000957632330945 ) ) ;
#847 = VECTOR ( 'NONE', #5219, 1000.000000000000000 ) ;
#848 = ORIENTED_EDGE ( 'NONE', *, *, #1986, .T. ) ;
#849 = ORIENTED_EDGE ( 'NONE', *, *, #5317, .T. ) ;
#850 = ADVANCED_FACE ( 'NONE', ( #4182 ), #5612, .T. ) ;
#851 = AXIS2_PLACEMENT_3D ( 'NONE', #5410, #2066, #3505 ) ;
#852 = PLANE ( 'NONE',  #6058 ) ;
#853 = EDGE_CURVE ( 'NONE', #6229, #3933, #1181, .T. ) ;
#854 = CARTESIAN_POINT ( 'NONE',  ( -52.20828531002175765, -32.99971725023826963, 3.000000000000000000 ) ) ;
#855 = VERTEX_POINT ( 'NONE', #6053 ) ;
#856 = VECTOR ( 'NONE', #531, 1000.000000000000227 ) ;
#857 = ORIENTED_EDGE ( 'NONE', *, *, #4432, .T. ) ;
#858 = EDGE_CURVE ( 'NONE', #3364, #4786, #5101, .T. ) ;
#859 = AXIS2_PLACEMENT_3D ( 'NONE', #2304, #6251, #1912 ) ;
#860 = DIRECTION ( 'NONE',  ( 1.000000000000000000, 0.000000000000000000, 0.000000000000000000 ) ) ;
#861 = CARTESIAN_POINT ( 'NONE',  ( -39.16013196753240777, -0.4999313354489935968, 1.449999059421240410 ) ) ;
#862 = DIRECTION ( 'NONE',  ( -0.000000000000000000, -0.000000000000000000, 1.000000000000000000 ) ) ;
#863 = LINE ( 'NONE', #5657, #2326 ) ;
#864 = ORIENTED_EDGE ( 'NONE', *, *, #1232, .F. ) ;
#865 = AXIS2_PLACEMENT_3D ( 'NONE', #5775, #3871, #1388 ) ;
#866 = ORIENTED_EDGE ( 'NONE', *, *, #2596, .F. ) ;
#867 = ADVANCED_FACE ( 'NONE', ( #1728 ), #2676, .T. ) ;
#868 = PLANE ( 'NONE',  #18 ) ;
#869 = DIRECTION ( 'NONE',  ( -0.000000000000000000, -0.000000000000000000, -1.000000000000000000 ) ) ;
#870 = DIRECTION ( 'NONE',  ( 0.000000000000000000, 0.000000000000000000, -1.000000000000000000 ) ) ;
#871 = DIRECTION ( 'NONE',  ( -1.627596612607036964E-05, -0.9999999998675465074, 0.000000000000000000 ) ) ;
#872 = ORIENTED_EDGE ( 'NONE', *, *, #6226, .T. ) ;
#873 = EDGE_CURVE ( 'NONE', #672, #5652, #5131, .T. ) ;
#874 = ORIENTED_EDGE ( 'NONE', *, *, #3939, .T. ) ;
#875 = CARTESIAN_POINT ( 'NONE',  ( 2.074954986571962312, -58.82508182525602081, 0.000000000000000000 ) ) ;
#876 = DIRECTION ( 'NONE',  ( 0.9999999999999961142, 8.742277677795539484E-08, -8.002115286624055570E-15 ) ) ;
#877 = CARTESIAN_POINT ( 'NONE',  ( 45.37007602278353602, -50.94007753325929855, 28.04134375730104622 ) ) ;
#878 = CARTESIAN_POINT ( 'NONE',  ( 51.70808186218739166, -3.499931335448996261, 0.000000000000000000 ) ) ;
#879 = ADVANCED_FACE ( 'NONE', ( #705 ), #806, .F. ) ;
#880 = ORIENTED_EDGE ( 'NONE', *, *, #3042, .F. ) ;
#881 = VERTEX_POINT ( 'NONE', #775 ) ;
#882 = LINE ( 'NONE', #3401, #1875 ) ;
#883 = CARTESIAN_POINT ( 'NONE',  ( 52.20808186218739166, -2.999931335448996261, 3.000000000000000000 ) ) ;
#884 = EDGE_CURVE ( 'NONE', #1514, #2607, #5581, .T. ) ;
#885 = ORIENTED_EDGE ( 'NONE', *, *, #2373, .F. ) ;
#886 = EDGE_LOOP ( 'NONE', ( #3463, #5344, #639, #4872 ) ) ;
#887 = LINE ( 'NONE', #5182, #3742 ) ;
#888 = CARTESIAN_POINT ( 'NONE',  ( -39.16013196753240777, -7.499931335448998482, 1.449999365401102747 ) ) ;
#889 = DIRECTION ( 'NONE',  ( -1.000000000000000000, 0.000000000000000000, 0.000000000000000000 ) ) ;
#890 = DIRECTION ( 'NONE',  ( -0.000000000000000000, 0.000000000000000000, -1.000000000000000000 ) ) ;
#891 = ORIENTED_EDGE ( 'NONE', *, *, #4783, .T. ) ;
#892 = VECTOR ( 'NONE', #4356, 1000.000000000000000 ) ;
#893 = EDGE_CURVE ( 'NONE', #4703, #6242, #2706, .T. ) ;
#894 = ORIENTED_EDGE ( 'NONE', *, *, #5380, .F. ) ;
#895 = DIRECTION ( 'NONE',  ( 0.000000000000000000, 0.000000000000000000, 1.000000000000000000 ) ) ;
#896 = VECTOR ( 'NONE', #5886, 1000.000000000000000 ) ;
#897 = DIRECTION ( 'NONE',  ( 2.731848123972157184E-15, 1.000000000000000000, -0.000000000000000000 ) ) ;
#898 = AXIS2_PLACEMENT_3D ( 'NONE', #846, #4697, #4214 ) ;
#899 = DIRECTION ( 'NONE',  ( 1.000000000000000000, 2.775557561562891351E-15, 0.000000000000000000 ) ) ;
#900 = CARTESIAN_POINT ( 'NONE',  ( 45.37007602278353602, -46.40007575682851382, 1.450001065780612164 ) ) ;
#901 = EDGE_CURVE ( 'NONE', #5865, #3647, #4660, .T. ) ;
#902 = ORIENTED_EDGE ( 'NONE', *, *, #2221, .T. ) ;
#903 = EDGE_LOOP ( 'NONE', ( #3077, #638, #3942, #3200 ) ) ;
#904 = CARTESIAN_POINT ( 'NONE',  ( -52.20808186218739166, -7.999931335448993153, 0.000000000000000000 ) ) ;
#905 = DIRECTION ( 'NONE',  ( -0.000000000000000000, -0.000000000000000000, -1.000000000000000000 ) ) ;
#906 = CARTESIAN_POINT ( 'NONE',  ( -30.50012207031303291, -35.50007057189900195, 0.000000000000000000 ) ) ;
#907 = DIRECTION ( 'NONE',  ( -0.000000000000000000, -0.000000000000000000, -1.000000000000000000 ) ) ;
#908 = AXIS2_PLACEMENT_3D ( 'NONE', #414, #3354, #3759 ) ;
#909 = ORIENTED_EDGE ( 'NONE', *, *, #1973, .T. ) ;
#910 = ORIENTED_EDGE ( 'NONE', *, *, #2429, .F. ) ;
#911 = CARTESIAN_POINT ( 'NONE',  ( -55.92498635059416046, -14.44500776255643437, 28.04134375730104622 ) ) ;
#912 = CARTESIAN_POINT ( 'NONE',  ( 0.000000000000000000, -15.99999999999998579, 0.000000000000000000 ) ) ;
#913 = EDGE_CURVE ( 'NONE', #3378, #5110, #327, .T. ) ;
#914 = CIRCLE ( 'NONE', #4425, 2.000000000000001776 ) ;
#915 = VERTEX_POINT ( 'NONE', #1762 ) ;
#916 = ORIENTED_EDGE ( 'NONE', *, *, #6017, .F. ) ;
#917 = DIRECTION ( 'NONE',  ( -0.000000000000000000, -0.000000000000000000, 1.000000000000000000 ) ) ;
#918 = VECTOR ( 'NONE', #492, 1000.000000000000000 ) ;
#919 = EDGE_CURVE ( 'NONE', #4251, #1392, #532, .T. ) ;
#920 = AXIS2_PLACEMENT_3D ( 'NONE', #1847, #4295, #2821 ) ;
#921 = DIRECTION ( 'NONE',  ( -0.000000000000000000, -0.000000000000000000, 1.000000000000000000 ) ) ;
#922 = CARTESIAN_POINT ( 'NONE',  ( -8.924942016602040340, -57.37510013580300949, 0.000000000000000000 ) ) ;
#923 = CARTESIAN_POINT ( 'NONE',  ( 35.21007646689140813, -52.94007753325929855, 28.04134375730104622 ) ) ;
#924 = DIRECTION ( 'NONE',  ( -0.000000000000000000, 0.000000000000000000, -1.000000000000000000 ) ) ;
#925 = VERTEX_POINT ( 'NONE', #3684 ) ;
#926 = AXIS2_PLACEMENT_3D ( 'NONE', #1690, #2163, #1176 ) ;
#927 = VECTOR ( 'NONE', #2813, 1000.000000000000000 ) ;
#928 = ORIENTED_EDGE ( 'NONE', *, *, #255, .F. ) ;
#929 = DIRECTION ( 'NONE',  ( -1.000000000000000000, 0.000000000000000000, 4.180742545671766046E-15 ) ) ;
#930 = DIRECTION ( 'NONE',  ( -4.180742545671762101E-15, -4.371140887755362005E-08, -0.9999999999999992228 ) ) ;
#931 = CIRCLE ( 'NONE', #1627, 1.000000000000001776 ) ;
#932 = CARTESIAN_POINT ( 'NONE',  ( 42.83884060894109780, -3.499931335448994485, 36.80533964869712804 ) ) ;
#933 = VECTOR ( 'NONE', #2519, 1000.000000000000000 ) ;
#934 = CARTESIAN_POINT ( 'NONE',  ( 51.50000000000000000, 55.00000000000000711, 0.000000000000000000 ) ) ;
#935 = ORIENTED_EDGE ( 'NONE', *, *, #2429, .T. ) ;
#936 = AXIS2_PLACEMENT_3D ( 'NONE', #3133, #260, #1440 ) ;
#937 = EDGE_LOOP ( 'NONE', ( #5174, #1819, #5223, #2806 ) ) ;
#938 = DIRECTION ( 'NONE',  ( -4.180742545671762101E-15, -4.371140887755362005E-08, -0.9999999999999992228 ) ) ;
#939 = DIRECTION ( 'NONE',  ( -4.180742545671762101E-15, -4.371140887755362005E-08, -0.9999999999999992228 ) ) ;
#940 = FACE_OUTER_BOUND ( 'NONE', #5790, .T. ) ;
#941 = EDGE_CURVE ( 'NONE', #2347, #5732, #5384, .T. ) ;
#942 = DIRECTION ( 'NONE',  ( -1.000000000000000000, 0.000000000000000000, 0.000000000000000000 ) ) ;
#943 = AXIS2_PLACEMENT_3D ( 'NONE', #650, #3961, #5866 ) ;
#944 = ORIENTED_EDGE ( 'NONE', *, *, #2230, .T. ) ;
#945 = ORIENTED_EDGE ( 'NONE', *, *, #4932, .T. ) ;
#946 = FACE_OUTER_BOUND ( 'NONE', #3083, .T. ) ;
#947 = AXIS2_PLACEMENT_3D ( 'NONE', #4388, #641, #1063 ) ;
#948 = DIRECTION ( 'NONE',  ( 1.000000000000000000, 0.000000000000000000, 0.000000000000000000 ) ) ;
#949 = ORIENTED_EDGE ( 'NONE', *, *, #5978, .F. ) ;
#950 = ORIENTED_EDGE ( 'NONE', *, *, #5257, .F. ) ;
#951 = LINE ( 'NONE', #3845, #3677 ) ;
#952 = DIRECTION ( 'NONE',  ( 0.000000000000000000, -0.000000000000000000, 1.000000000000000000 ) ) ;
#953 = CARTESIAN_POINT ( 'NONE',  ( 42.83856390666986158, -37.50126423013274746, 36.80533964869712804 ) ) ;
#954 = FACE_OUTER_BOUND ( 'NONE', #2088, .T. ) ;
#955 = CIRCLE ( 'NONE', #5187, 3.500000000000003109 ) ;
#956 = DIRECTION ( 'NONE',  ( -1.000000000000000000, -1.365923996832131215E-15, -0.000000000000000000 ) ) ;
#957 = VERTEX_POINT ( 'NONE', #3106 ) ;
#958 = ORIENTED_EDGE ( 'NONE', *, *, #533, .T. ) ;
#959 = CIRCLE ( 'NONE', #4469, 3.499999999999999112 ) ;
#960 = VECTOR ( 'NONE', #4157, 1000.000000000000000 ) ;
#961 = FACE_OUTER_BOUND ( 'NONE', #5880, .T. ) ;
#962 = DIRECTION ( 'NONE',  ( 0.000000000000000000, 0.000000000000000000, -1.000000000000000000 ) ) ;
#963 = CARTESIAN_POINT ( 'NONE',  ( -51.70808186218739166, -7.999931335448993153, 0.000000000000000000 ) ) ;
#964 = CYLINDRICAL_SURFACE ( 'NONE', #816, 0.5000000000000004441 ) ;
#965 = FACE_OUTER_BOUND ( 'NONE', #6249, .T. ) ;
#966 = AXIS2_PLACEMENT_3D ( 'NONE', #1715, #6009, #2155 ) ;
#967 = EDGE_CURVE ( 'NONE', #5450, #1958, #3760, .T. ) ;
#968 = ADVANCED_FACE ( 'NONE', ( #2367 ), #5674, .F. ) ;
#969 = ORIENTED_EDGE ( 'NONE', *, *, #6073, .T. ) ;
#970 = EDGE_LOOP ( 'NONE', ( #1447, #866, #4152, #2269 ) ) ;
#971 = DIRECTION ( 'NONE',  ( -0.000000000000000000, -0.000000000000000000, -1.000000000000000000 ) ) ;
#972 = CARTESIAN_POINT ( 'NONE',  ( -39.16013196753240777, -0.4999313354489935968, 3.000000000000000000 ) ) ;
#973 = CARTESIAN_POINT ( 'NONE',  ( -30.50012207031303291, -35.50007057189900195, 0.000000000000000000 ) ) ;
#974 = ORIENTED_EDGE ( 'NONE', *, *, #3495, .F. ) ;
#975 = EDGE_CURVE ( 'NONE', #3533, #1151, #5073, .T. ) ;
#976 = VERTEX_POINT ( 'NONE', #4721 ) ;
#977 = LINE ( 'NONE', #1952, #1372 ) ;
#978 = CARTESIAN_POINT ( 'NONE',  ( 29.96453803689026785, -18.91234094049699976, 28.04134375730104622 ) ) ;
#979 = ORIENTED_EDGE ( 'NONE', *, *, #2195, .T. ) ;
#980 = ORIENTED_EDGE ( 'NONE', *, *, #6203, .F. ) ;
#981 = CARTESIAN_POINT ( 'NONE',  ( -39.16013196753240777, -2.499931335448995373, 0.000000000000000000 ) ) ;
#982 = LINE ( 'NONE', #2974, #4244 ) ;
#983 = CARTESIAN_POINT ( 'NONE',  ( -23.49987792968801870, -5.499931335448997594, 1.449999277978219370 ) ) ;
#984 = APPROVAL_DATE_TIME ( #1367, #6011 ) ;
#985 = CARTESIAN_POINT ( 'NONE',  ( 39.15992036961294076, -33.50120435612532077, 3.000000000000000000 ) ) ;
#986 = ORIENTED_EDGE ( 'NONE', *, *, #3000, .F. ) ;
#987 = EDGE_LOOP ( 'NONE', ( #5662, #2315, #2641, #2314, #614, #4627, #10, #2156, #6258, #5637, #247, #1099, #3655, #1527, #5831, #5488 ) ) ;
#988 = CARTESIAN_POINT ( 'NONE',  ( 3.499999999999999112, -15.99999999999998579, 3.000000000000000000 ) ) ;
#989 = CARTESIAN_POINT ( 'NONE',  ( -51.70808186218739166, -2.999931335448996261, 0.000000000000000000 ) ) ;
#990 = CARTESIAN_POINT ( 'NONE',  ( 58.50000000000000000, -55.00000000000000000, 3.000000000000000000 ) ) ;
#991 = LINE ( 'NONE', #2921, #4534 ) ;
#992 = EDGE_CURVE ( 'NONE', #4019, #4251, #5706, .T. ) ;
#993 = VECTOR ( 'NONE', #4592, 1000.000000000000000 ) ;
#994 = CARTESIAN_POINT ( 'NONE',  ( -39.16013196753240777, -7.499931335448995817, 0.000000000000000000 ) ) ;
#995 = ORIENTED_EDGE ( 'NONE', *, *, #4357, .F. ) ;
#996 = VERTEX_POINT ( 'NONE', #5166 ) ;
#997 = CYLINDRICAL_SURFACE ( 'NONE', #3255, 0.5000000000000004441 ) ;
#998 = DIRECTION ( 'NONE',  ( 0.9999999999999961142, 8.742277677795539484E-08, -8.002115286624055570E-15 ) ) ;
#999 = CARTESIAN_POINT ( 'NONE',  ( 33.21007646689140813, -48.89226894199710216, 28.04134375730104622 ) ) ;
#1000 = ORIENTED_EDGE ( 'NONE', *, *, #3531, .T. ) ;
#1001 = VERTEX_POINT ( 'NONE', #2395 ) ;
#1002 = CARTESIAN_POINT ( 'NONE',  ( 47.37007602278353602, -48.40007575682851382, 28.04134375730104622 ) ) ;
#1003 = CARTESIAN_POINT ( 'NONE',  ( 53.13099752524905028, -29.59477641991259489, 0.000000000000000000 ) ) ;
#1004 = VERTEX_POINT ( 'NONE', #4694 ) ;
#1005 = ORIENTED_EDGE ( 'NONE', *, *, #4199, .F. ) ;
#1006 = DIRECTION ( 'NONE',  ( -0.9999999998675463964, 1.627596612567151538E-05, -7.072646676513224198E-13 ) ) ;
#1007 = LINE ( 'NONE', #1102, #2133 ) ;
#1008 = FACE_OUTER_BOUND ( 'NONE', #2309, .T. ) ;
#1009 = EDGE_CURVE ( 'NONE', #6178, #5807, #4159, .T. ) ;
#1010 = DIRECTION ( 'NONE',  ( -0.000000000000000000, -0.000000000000000000, -1.000000000000000000 ) ) ;
#1011 = ORIENTED_EDGE ( 'NONE', *, *, #975, .F. ) ;
#1012 = AXIS2_PLACEMENT_3D ( 'NONE', #4198, #3725, #1339 ) ;
#1013 = CIRCLE ( 'NONE', #4523, 3.000000000000002220 ) ;
#1014 = ORIENTED_EDGE ( 'NONE', *, *, #4565, .T. ) ;
#1015 = CIRCLE ( 'NONE', #2427, 1.750000000000001554 ) ;
#1016 = DIRECTION ( 'NONE',  ( 1.000000000000000000, 0.000000000000000000, 0.000000000000000000 ) ) ;
#1017 = CARTESIAN_POINT ( 'NONE',  ( 36.56175464079005621, -39.00116206919642536, 3.000000000000000000 ) ) ;
#1018 = CARTESIAN_POINT ( 'NONE',  ( 13.53999999999997605, -20.54000000000002757, 0.000000000000000000 ) ) ;
#1019 = DIRECTION ( 'NONE',  ( -1.000000000000000000, 0.000000000000000000, 0.000000000000000000 ) ) ;
#1020 = CIRCLE ( 'NONE', #4526, 0.5000000000000004441 ) ;
#1021 = DIRECTION ( 'NONE',  ( -0.000000000000000000, 0.000000000000000000, -1.000000000000000000 ) ) ;
#1022 = VECTOR ( 'NONE', #5528, 1000.000000000000000 ) ;
#1023 = ORIENTED_EDGE ( 'NONE', *, *, #3056, .T. ) ;
#1024 = ORIENTED_EDGE ( 'NONE', *, *, #6232, .F. ) ;
#1025 = ADVANCED_FACE ( 'NONE', ( #3801 ), #3299, .F. ) ;
#1026 = AXIS2_PLACEMENT_3D ( 'NONE', #1909, #3361, #2895 ) ;
#1027 = VECTOR ( 'NONE', #5746, 1000.000000000000000 ) ;
#1028 = LINE ( 'NONE', #5445, #4877 ) ;
#1029 = DIRECTION ( 'NONE',  ( 0.000000000000000000, 0.000000000000000000, 1.000000000000000000 ) ) ;
#1030 = LINE ( 'NONE', #4420, #113 ) ;
#1031 = VECTOR ( 'NONE', #25, 1000.000000000000000 ) ;
#1032 = ORIENTED_EDGE ( 'NONE', *, *, #5731, .T. ) ;
#1033 = EDGE_CURVE ( 'NONE', #2412, #3491, #1822, .T. ) ;
#1034 = ORIENTED_EDGE ( 'NONE', *, *, #766, .T. ) ;
#1035 = LINE ( 'NONE', #5483, #2143 ) ;
#1036 = AXIS2_PLACEMENT_3D ( 'NONE', #2092, #2599, #3415 ) ;
#1037 = CARTESIAN_POINT ( 'NONE',  ( 39.16013196753240777, -7.499931335448996705, 3.000000000000000000 ) ) ;
#1038 = CIRCLE ( 'NONE', #2259, 1.750000000000003109 ) ;
#1039 = ORIENTED_EDGE ( 'NONE', *, *, #3380, .F. ) ;
#1040 = ORIENTED_EDGE ( 'NONE', *, *, #3578, .T. ) ;
#1041 = PRODUCT_DEFINITION_SHAPE ( 'NONE', 'NONE',  #5200 ) ;
#1042 = DIRECTION ( 'NONE',  ( -4.180742545671762101E-15, -4.371140887755362005E-08, -0.9999999999999992228 ) ) ;
#1043 = ADVANCED_FACE ( 'NONE', ( #2801 ), #430, .F. ) ;
#1044 = AXIS2_PLACEMENT_3D ( 'NONE', #4512, #2135, #3614 ) ;
#1045 = DIRECTION ( 'NONE',  ( 4.180742545671762101E-15, 4.371140887755362005E-08, 0.9999999999999992228 ) ) ;
#1046 = DIRECTION ( 'NONE',  ( 1.000000000000000000, 0.000000000000000000, -0.000000000000000000 ) ) ;
#1047 = CARTESIAN_POINT ( 'NONE',  ( 39.16013196753240777, -10.49993133544899493, 0.000000000000000000 ) ) ;
#1048 = AXIS2_PLACEMENT_3D ( 'NONE', #3099, #6014, #1245 ) ;
#1049 = ORIENTED_EDGE ( 'NONE', *, *, #3113, .T. ) ;
#1050 = VERTEX_POINT ( 'NONE', #396 ) ;
#1051 = EDGE_CURVE ( 'NONE', #3209, #5302, #1854, .T. ) ;
#1052 = VECTOR ( 'NONE', #2622, 1000.000000000000000 ) ;
#1053 = DIRECTION ( 'NONE',  ( 4.180742545671757368E-15, 4.371140887755362005E-08, 0.9999999999999991118 ) ) ;
#1054 = CARTESIAN_POINT ( 'NONE',  ( 58.50000000000000000, 55.00000000000000711, 0.000000000000000000 ) ) ;
#1055 = CYLINDRICAL_SURFACE ( 'NONE', #2958, 3.000000000000002665 ) ;
#1056 = CARTESIAN_POINT ( 'NONE',  ( 39.16013196753240777, -7.499931335448996705, 0.000000000000000000 ) ) ;
#1057 = CARTESIAN_POINT ( 'NONE',  ( 65.99999999999998579, -60.99999999999999289, 3.000000000000000000 ) ) ;
#1058 = CIRCLE ( 'NONE', #1153, 12.50000000000000533 ) ;
#1059 = EDGE_LOOP ( 'NONE', ( #5332, #6060, #3241, #1930 ) ) ;
#1060 = AXIS2_PLACEMENT_3D ( 'NONE', #4671, #3212, #5714 ) ;
#1061 = VERTEX_POINT ( 'NONE', #3331 ) ;
#1062 = ADVANCED_FACE ( 'NONE', ( #1945 ), #4241, .F. ) ;
#1063 = DIRECTION ( 'NONE',  ( 0.000000000000000000, -0.9999999999999991118, 4.371140886858146988E-08 ) ) ;
#1064 = CARTESIAN_POINT ( 'NONE',  ( 13.53999999999997605, -20.54000000000002402, 1.449999935400402062 ) ) ;
#1065 = AXIS2_PLACEMENT_3D ( 'NONE', #4097, #5089, #5054 ) ;
#1066 = DIRECTION ( 'NONE',  ( -0.000000000000000000, -0.000000000000000000, -1.000000000000000000 ) ) ;
#1067 = EDGE_CURVE ( 'NONE', #5887, #2785, #3151, .T. ) ;
#1068 = ORIENTED_EDGE ( 'NONE', *, *, #3751, .T. ) ;
#1069 = VERTEX_POINT ( 'NONE', #2305 ) ;
#1070 = AXIS2_PLACEMENT_3D ( 'NONE', #1830, #403, #3779 ) ;
#1071 = DIRECTION ( 'NONE',  ( 0.000000000000000000, -0.9999999999999991118, 4.371140887755362005E-08 ) ) ;
#1072 = CARTESIAN_POINT ( 'NONE',  ( -58.50000000000000000, -55.00000000000000000, 3.000000000000000000 ) ) ;
#1073 = ORIENTED_EDGE ( 'NONE', *, *, #3758, .T. ) ;
#1074 = VERTEX_POINT ( 'NONE', #3234 ) ;
#1075 = DIRECTION ( 'NONE',  ( -1.000000000000000000, 0.000000000000000000, 0.000000000000000000 ) ) ;
#1076 = LINE ( 'NONE', #5908, #2447 ) ;
#1077 = CARTESIAN_POINT ( 'NONE',  ( -51.70808186218739166, -3.499931335448996261, 0.000000000000000000 ) ) ;
#1078 = ORIENTED_EDGE ( 'NONE', *, *, #1650, .F. ) ;
#1079 = ORIENTED_EDGE ( 'NONE', *, *, #3290, .F. ) ;
#1080 = CARTESIAN_POINT ( 'NONE',  ( 2.074954986571851290, -58.82508182525602081, 1.450001608895315375 ) ) ;
#1081 = CARTESIAN_POINT ( 'NONE',  ( 47.37007602278353602, -48.40007575682851382, 0.000000000000000000 ) ) ;
#1082 = DIRECTION ( 'NONE',  ( 1.000000000000000000, 0.000000000000000000, 0.000000000000000000 ) ) ;
#1083 = DIRECTION ( 'NONE',  ( -0.9999999998675463964, 1.627596612567151538E-05, -7.072646676513224198E-13 ) ) ;
#1084 = DIRECTION ( 'NONE',  ( -0.000000000000000000, -0.000000000000000000, -1.000000000000000000 ) ) ;
#1085 = EDGE_CURVE ( 'NONE', #441, #5065, #3739, .T. ) ;
#1086 = VERTEX_POINT ( 'NONE', #843 ) ;
#1087 = ORIENTED_EDGE ( 'NONE', *, *, #4785, .T. ) ;
#1088 = DIRECTION ( 'NONE',  ( 0.9999999998675463964, -1.627596612607036625E-05, 7.072646676687567254E-13 ) ) ;
#1089 = CARTESIAN_POINT ( 'NONE',  ( 32.21007646689140813, -48.89226894199710216, 0.000000000000000000 ) ) ;
#1090 = DIRECTION ( 'NONE',  ( 0.000000000000000000, -0.9999999999999991118, 4.371140887245369423E-08 ) ) ;
#1091 = EDGE_CURVE ( 'NONE', #747, #625, #537, .T. ) ;
#1092 = ORIENTED_EDGE ( 'NONE', *, *, #2168, .F. ) ;
#1093 = CIRCLE ( 'NONE', #389, 12.50000000000000355 ) ;
#1094 = VERTEX_POINT ( 'NONE', #4210 ) ;
#1095 = DIRECTION ( 'NONE',  ( 0.9999999998675463964, -1.627596612567151538E-05, 7.072646676513224198E-13 ) ) ;
#1096 = AXIS2_PLACEMENT_3D ( 'NONE', #2601, #1567, #2545 ) ;
#1097 = DIRECTION ( 'NONE',  ( -0.000000000000000000, -0.000000000000000000, 1.000000000000000000 ) ) ;
#1098 = EDGE_LOOP ( 'NONE', ( #2046, #3806, #329, #1520, #4495, #4433 ) ) ;
#1099 = ORIENTED_EDGE ( 'NONE', *, *, #450, .F. ) ;
#1100 = EDGE_CURVE ( 'NONE', #5577, #6057, #3366, .T. ) ;
#1101 = ADVANCED_FACE ( 'NONE', ( #2774 ), #1352, .F. ) ;
#1102 = CARTESIAN_POINT ( 'NONE',  ( -58.25248347830570594, -33.76592426473047226, 1.450000513524490220 ) ) ;
#1103 = EDGE_CURVE ( 'NONE', #2356, #1514, #2263, .T. ) ;
#1104 = CYLINDRICAL_SURFACE ( 'NONE', #2628, 2.000000000000001776 ) ;
#1105 = ORIENTED_EDGE ( 'NONE', *, *, #2423, .T. ) ;
#1106 = EDGE_CURVE ( 'NONE', #4215, #2763, #3456, .T. ) ;
#1107 = ORIENTED_EDGE ( 'NONE', *, *, #3498, .T. ) ;
#1108 = AXIS2_PLACEMENT_3D ( 'NONE', #5643, #2644, #5614 ) ;
#1109 = DIRECTION ( 'NONE',  ( 0.000000000000000000, -0.000000000000000000, 1.000000000000000000 ) ) ;
#1110 = CARTESIAN_POINT ( 'NONE',  ( -56.25248347830570594, -43.92592313267459048, 0.000000000000000000 ) ) ;
#1111 = CARTESIAN_POINT ( 'NONE',  ( -8.924942016602040340, -53.87510013580300949, 1.450001392524696175 ) ) ;
#1112 = DIRECTION ( 'NONE',  ( 0.000000000000000000, -0.9999999999999991118, 4.371140884147631631E-08 ) ) ;
#1113 = DIRECTION ( 'NONE',  ( 1.000000000000000000, 0.000000000000000000, 0.000000000000000000 ) ) ;
#1114 = CIRCLE ( 'NONE', #2731, 3.500000000000003109 ) ;
#1115 = AXIS2_PLACEMENT_3D ( 'NONE', #5478, #644, #3515 ) ;
#1116 = VERTEX_POINT ( 'NONE', #4483 ) ;
#1117 = VERTEX_POINT ( 'NONE', #555 ) ;
#1118 = CARTESIAN_POINT ( 'NONE',  ( 28.96453803689026785, -18.91234094049699976, 36.80533964869712804 ) ) ;
#1119 = DIRECTION ( 'NONE',  ( -0.9999999998675463964, 1.627596612607036625E-05, -7.072646676687567254E-13 ) ) ;
#1120 = CIRCLE ( 'NONE', #3032, 3.000000000000000444 ) ;
#1121 = CARTESIAN_POINT ( 'NONE',  ( -58.25248347830570594, -43.92592313267459048, 28.04134375730104622 ) ) ;
#1122 = AXIS2_PLACEMENT_3D ( 'NONE', #1720, #5023, #324 ) ;
#1123 = ORIENTED_EDGE ( 'NONE', *, *, #5825, .T. ) ;
#1124 = AXIS2_PLACEMENT_3D ( 'NONE', #3215, #824, #5654 ) ;
#1125 = ORIENTED_EDGE ( 'NONE', *, *, #2421, .F. ) ;
#1126 = EDGE_CURVE ( 'NONE', #5865, #5616, #1028, .T. ) ;
#1127 = CARTESIAN_POINT ( 'NONE',  ( 14.95999999999997954, -28.25000000000002487, 0.000000000000000000 ) ) ;
#1128 = AXIS2_PLACEMENT_3D ( 'NONE', #3300, #5228, #5860 ) ;
#1129 = DIRECTION ( 'NONE',  ( -1.000000000000000000, -2.775557561562891351E-15, 0.000000000000000000 ) ) ;
#1130 = ORIENTED_EDGE ( 'NONE', *, *, #2322, .F. ) ;
#1131 = EDGE_LOOP ( 'NONE', ( #4015, #2196, #4814, #4386, #5724, #916 ) ) ;
#1132 = VECTOR ( 'NONE', #735, 1000.000000000000000 ) ;
#1133 = DIRECTION ( 'NONE',  ( 0.000000000000000000, 0.000000000000000000, 1.000000000000000000 ) ) ;
#1134 = CARTESIAN_POINT ( 'NONE',  ( -51.50000000000000000, 55.00000000000000711, 3.000000000000000000 ) ) ;
#1135 = ORIENTED_EDGE ( 'NONE', *, *, #2846, .T. ) ;
#1136 = EDGE_CURVE ( 'NONE', #4870, #2181, #5921, .T. ) ;
#1137 = ORIENTED_EDGE ( 'NONE', *, *, #3194, .T. ) ;
#1138 = PLANE ( 'NONE',  #4024 ) ;
#1139 = DIRECTION ( 'NONE',  ( -1.000000000000000000, 0.000000000000000000, 0.000000000000000000 ) ) ;
#1140 = CARTESIAN_POINT ( 'NONE',  ( 55.00000000000000000, 55.00000000000000711, 0.000000000000000000 ) ) ;
#1141 = LINE ( 'NONE', #3067, #5966 ) ;
#1142 = DIRECTION ( 'NONE',  ( -1.000000000000000000, 0.000000000000000000, 0.000000000000000000 ) ) ;
#1143 = ORIENTED_EDGE ( 'NONE', *, *, #2469, .T. ) ;
#1144 = ORIENTED_EDGE ( 'NONE', *, *, #2078, .F. ) ;
#1145 = CIRCLE ( 'NONE', #2060, 0.5000000000000004441 ) ;
#1146 = FACE_BOUND ( 'NONE', #3828, .T. ) ;
#1147 = CARTESIAN_POINT ( 'NONE',  ( 39.15996919751131600, -30.50120435652268824, 1.450000370818824935 ) ) ;
#1148 = CARTESIAN_POINT ( 'NONE',  ( 31.71453800660105316, -20.13675966251838645, 1.449999917774120961 ) ) ;
#1149 = ADVANCED_FACE ( 'NONE', ( #3981 ), #3395, .F. ) ;
#1150 = AXIS2_PLACEMENT_3D ( 'NONE', #3814, #4163, #2382 ) ;
#1151 = VERTEX_POINT ( 'NONE', #3920 ) ;
#1152 = ORIENTED_EDGE ( 'NONE', *, *, #99, .T. ) ;
#1153 = AXIS2_PLACEMENT_3D ( 'NONE', #2406, #69, #1422 ) ;
#1154 = DIRECTION ( 'NONE',  ( 3.035386659626962090E-16, 1.000000000000000000, 0.000000000000000000 ) ) ;
#1155 = DIRECTION ( 'NONE',  ( -1.000000000000000000, 0.000000000000000000, 0.000000000000000000 ) ) ;
#1156 = CARTESIAN_POINT ( 'NONE',  ( 47.02500206014519790, -37.50133236845832840, 0.000000000000000000 ) ) ;
#1157 = EDGE_CURVE ( 'NONE', #2537, #4281, #1570, .T. ) ;
#1158 = VECTOR ( 'NONE', #1820, 1000.000000000000000 ) ;
#1159 = ORIENTED_EDGE ( 'NONE', *, *, #4395, .T. ) ;
#1160 = EDGE_LOOP ( 'NONE', ( #4784, #3950, #1852, #2271 ) ) ;
#1161 = DIRECTION ( 'NONE',  ( 1.000000000000000000, -1.994248318681190000E-16, -4.180742536954625851E-15 ) ) ;
#1162 = ADVANCED_FACE ( 'NONE', ( #1595 ), #997, .F. ) ;
#1163 = VERTEX_POINT ( 'NONE', #4969 ) ;
#1164 = ORIENTED_EDGE ( 'NONE', *, *, #1688, .F. ) ;
#1165 = LINE ( 'NONE', #2656, #2341 ) ;
#1166 = CARTESIAN_POINT ( 'NONE',  ( 60.99999999999999289, 66.00000000000002842, 3.000000000000000000 ) ) ;
#1167 = APPLICATION_PROTOCOL_DEFINITION ( 'international standard', 'config_control_design', 1994, #5465 ) ;
#1168 = CARTESIAN_POINT ( 'NONE',  ( -51.71248359946253714, -33.76592426473047226, 1.450000513524462464 ) ) ;
#1169 = CARTESIAN_POINT ( 'NONE',  ( -30.50012207031303291, -35.50007057189900195, 1.450000589326601252 ) ) ;
#1170 = FACE_OUTER_BOUND ( 'NONE', #4718, .T. ) ;
#1171 = VERTEX_POINT ( 'NONE', #3047 ) ;
#1172 = ORIENTED_EDGE ( 'NONE', *, *, #6176, .F. ) ;
#1173 = DIRECTION ( 'NONE',  ( -0.000000000000000000, -0.000000000000000000, 1.000000000000000000 ) ) ;
#1174 = DIRECTION ( 'NONE',  ( -0.000000000000000000, -0.000000000000000000, -1.000000000000000000 ) ) ;
#1175 = CYLINDRICAL_SURFACE ( 'NONE', #1441, 12.50000000000000355 ) ;
#1176 = DIRECTION ( 'NONE',  ( 1.000000000000000000, 0.000000000000000000, 0.000000000000000000 ) ) ;
#1177 = EDGE_CURVE ( 'NONE', #2725, #3637, #1949, .T. ) ;
#1178 = ORIENTED_EDGE ( 'NONE', *, *, #2668, .T. ) ;
#1179 = VERTEX_POINT ( 'NONE', #2990 ) ;
#1180 = CARTESIAN_POINT ( 'NONE',  ( -51.70808186218739166, -2.499931335448996261, 0.000000000000000000 ) ) ;
#1181 = LINE ( 'NONE', #1253, #2460 ) ;
#1182 = CARTESIAN_POINT ( 'NONE',  ( 0.000000000000000000, 0.000000000000000000, 3.000000000000000000 ) ) ;
#1183 = CARTESIAN_POINT ( 'NONE',  ( 14.95999999999997954, -24.75000000000002132, 28.04134375730104622 ) ) ;
#1184 = ORIENTED_EDGE ( 'NONE', *, *, #5489, .T. ) ;
#1185 = AXIS2_PLACEMENT_3D ( 'NONE', #5105, #4150, #6130 ) ;
#1186 = VERTEX_POINT ( 'NONE', #4454 ) ;
#1187 = ORIENTED_EDGE ( 'NONE', *, *, #1451, .T. ) ;
#1188 = CIRCLE ( 'NONE', #2006, 3.500000000000003109 ) ;
#1189 = DIRECTION ( 'NONE',  ( -1.000000000000000000, 1.994248318681190000E-16, 4.180742536954625851E-15 ) ) ;
#1190 = DIRECTION ( 'NONE',  ( -0.000000000000000000, -0.000000000000000000, 1.000000000000000000 ) ) ;
#1191 = VERTEX_POINT ( 'NONE', #1542 ) ;
#1192 = ORIENTED_EDGE ( 'NONE', *, *, #3695, .T. ) ;
#1193 = EDGE_CURVE ( 'NONE', #4777, #3533, #633, .T. ) ;
#1194 = CARTESIAN_POINT ( 'NONE',  ( 13.53999999999997605, -18.54000000000002402, 0.000000000000000000 ) ) ;
#1195 = DIRECTION ( 'NONE',  ( 1.000000000000000000, 1.051347561198064835E-16, -0.000000000000000000 ) ) ;
#1196 = PERSON_AND_ORGANIZATION ( #1498, #3540 ) ;
#1197 = LINE ( 'NONE', #1168, #1633 ) ;
#1198 = CARTESIAN_POINT ( 'NONE',  ( 39.16013196753240777, -10.49993133544899493, 0.000000000000000000 ) ) ;
#1199 = AXIS2_PLACEMENT_3D ( 'NONE', #448, #924, #1431 ) ;
#1200 = DIRECTION ( 'NONE',  ( -0.000000000000000000, 0.000000000000000000, 1.000000000000000000 ) ) ;
#1201 = ORIENTED_EDGE ( 'NONE', *, *, #5035, .F. ) ;
#1202 = ORIENTED_EDGE ( 'NONE', *, *, #6018, .T. ) ;
#1203 = CARTESIAN_POINT ( 'NONE',  ( -39.16013196753240777, -3.499931335448993597, 0.000000000000000000 ) ) ;
#1204 = FACE_BOUND ( 'NONE', #3426, .T. ) ;
#1205 = DIRECTION ( 'NONE',  ( 0.000000000000000000, 0.000000000000000000, -1.000000000000000000 ) ) ;
#1206 = FACE_OUTER_BOUND ( 'NONE', #3019, .T. ) ;
#1207 = AXIS2_PLACEMENT_3D ( 'NONE', #1256, #1216, #845 ) ;
#1208 = VERTEX_POINT ( 'NONE', #2961 ) ;
#1209 = ADVANCED_FACE ( 'NONE', ( #5891 ), #4914, .F. ) ;
#1210 = VERTEX_POINT ( 'NONE', #4005 ) ;
#1211 = VECTOR ( 'NONE', #3076, 1000.000000000000000 ) ;
#1212 = FACE_OUTER_BOUND ( 'NONE', #2279, .T. ) ;
#1213 = VECTOR ( 'NONE', #2915, 1000.000000000000227 ) ;
#1214 = CIRCLE ( 'NONE', #5660, 4.999999999999997335 ) ;
#1215 = CARTESIAN_POINT ( 'NONE',  ( 30.49963378098338396, -35.50106340185905651, 36.80533964869712804 ) ) ;
#1216 = DIRECTION ( 'NONE',  ( -0.000000000000000000, -0.000000000000000000, -1.000000000000000000 ) ) ;
#1217 = AXIS2_PLACEMENT_3D ( 'NONE', #2191, #2632, #733 ) ;
#1218 = FACE_OUTER_BOUND ( 'NONE', #3494, .T. ) ;
#1219 = ORIENTED_EDGE ( 'NONE', *, *, #4068, .T. ) ;
#1220 = EDGE_CURVE ( 'NONE', #2392, #1321, #4360, .T. ) ;
#1221 = AXIS2_PLACEMENT_3D ( 'NONE', #3697, #5183, #378 ) ;
#1222 = AXIS2_PLACEMENT_3D ( 'NONE', #1729, #1763, #5168 ) ;
#1223 = EDGE_LOOP ( 'NONE', ( #129, #6138, #2965, #553 ) ) ;
#1224 = EDGE_LOOP ( 'NONE', ( #4370, #949, #4628, #2500, #2631, #2696, #4702, #693, #2989, #3743, #3180, #864, #3013 ) ) ;
#1225 = AXIS2_PLACEMENT_3D ( 'NONE', #3446, #577, #5412 ) ;
#1226 = LINE ( 'NONE', #4086, #5263 ) ;
#1227 = CIRCLE ( 'NONE', #319, 1.750000000000003109 ) ;
#1228 = LINE ( 'NONE', #2616, #704 ) ;
#1229 = EDGE_CURVE ( 'NONE', #375, #1560, #5285, .T. ) ;
#1230 = EDGE_LOOP ( 'NONE', ( #6010, #3958 ) ) ;
#1231 = AXIS2_PLACEMENT_3D ( 'NONE', #4304, #5328, #998 ) ;
#1232 = EDGE_CURVE ( 'NONE', #119, #3031, #2864, .T. ) ;
#1233 = VERTEX_POINT ( 'NONE', #3892 ) ;
#1234 = DIRECTION ( 'NONE',  ( -0.000000000000000000, -0.000000000000000000, -1.000000000000000000 ) ) ;
#1235 = CARTESIAN_POINT ( 'NONE',  ( -66.00000000000001421, 61.00000000000000000, 0.000000000000000000 ) ) ;
#1236 = CIRCLE ( 'NONE', #4766, 2.000000000000001776 ) ;
#1237 = CARTESIAN_POINT ( 'NONE',  ( 52.20808186218739166, -7.999931335448993153, 0.000000000000000000 ) ) ;
#1238 = CARTESIAN_POINT ( 'NONE',  ( -39.16040865894258616, -37.49992961763273769, 0.000000000000000000 ) ) ;
#1239 = CARTESIAN_POINT ( 'NONE',  ( 53.13099752524905028, -33.09477641991259844, 1.450000484187200733 ) ) ;
#1240 = ADVANCED_FACE ( 'NONE', ( #5327 ), #2926, .T. ) ;
#1241 = ADVANCED_FACE ( 'NONE', ( #2550 ), #4847, .F. ) ;
#1242 = ORIENTED_EDGE ( 'NONE', *, *, #4519, .T. ) ;
#1243 = ORIENTED_EDGE ( 'NONE', *, *, #853, .F. ) ;
#1244 = DIRECTION ( 'NONE',  ( -4.180742545671762101E-15, -4.371140887755362005E-08, -0.9999999999999992228 ) ) ;
#1245 = DIRECTION ( 'NONE',  ( -1.000000000000000000, 0.000000000000000000, 0.000000000000000000 ) ) ;
#1246 = DIRECTION ( 'NONE',  ( 0.000000000000000000, 0.000000000000000000, -1.000000000000000000 ) ) ;
#1247 = FACE_OUTER_BOUND ( 'NONE', #5092, .T. ) ;
#1248 = EDGE_CURVE ( 'NONE', #1983, #3707, #5176, .T. ) ;
#1249 = VECTOR ( 'NONE', #103, 1000.000000000000000 ) ;
#1250 = VERTEX_POINT ( 'NONE', #5024 ) ;
#1251 = ORIENTED_EDGE ( 'NONE', *, *, #3805, .F. ) ;
#1252 = DIRECTION ( 'NONE',  ( 0.000000000000000000, -0.9999999999999991118, 4.371140905831675080E-08 ) ) ;
#1253 = CARTESIAN_POINT ( 'NONE',  ( 14.95999999999997954, -24.75000000000002132, 28.04134375730104622 ) ) ;
#1254 = CARTESIAN_POINT ( 'NONE',  ( 60.99999999999999289, -65.99999999999998579, 0.000000000000000000 ) ) ;
#1255 = AXIS2_PLACEMENT_3D ( 'NONE', #1110, #3035, #4352 ) ;
#1256 = CARTESIAN_POINT ( 'NONE',  ( 39.67893410269429921, -45.40007575682851382, 36.80533964869712804 ) ) ;
#1257 = EDGE_CURVE ( 'NONE', #5898, #2108, #1145, .T. ) ;
#1258 = DIRECTION ( 'NONE',  ( 0.000000000000000000, 0.000000000000000000, 1.000000000000000000 ) ) ;
#1259 = ORIENTED_EDGE ( 'NONE', *, *, #4546, .F. ) ;
#1260 = ORIENTED_EDGE ( 'NONE', *, *, #380, .T. ) ;
#1261 = ORIENTED_EDGE ( 'NONE', *, *, #4873, .T. ) ;
#1262 = VECTOR ( 'NONE', #1521, 1000.000000000000227 ) ;
#1263 = DIRECTION ( 'NONE',  ( 0.000000000000000000, -0.000000000000000000, 1.000000000000000000 ) ) ;
#1264 = AXIS2_PLACEMENT_3D ( 'NONE', #5198, #2366, #2800 ) ;
#1265 = FACE_OUTER_BOUND ( 'NONE', #4821, .T. ) ;
#1266 = ORIENTED_EDGE ( 'NONE', *, *, #3773, .T. ) ;
#1267 = ORIENTED_EDGE ( 'NONE', *, *, #5167, .T. ) ;
#1268 = EDGE_CURVE ( 'NONE', #5577, #1210, #5605, .T. ) ;
#1269 = ADVANCED_FACE ( 'NONE', ( #1687, #5538, #4999, #1146, #3603, #4072, #3674, #696, #1204, #4138, #3132, #1721, #2192, #2222, #5060 ), #1279, .F. ) ;
#1270 = DIRECTION ( 'NONE',  ( 0.000000000000000000, 0.000000000000000000, 1.000000000000000000 ) ) ;
#1271 = LINE ( 'NONE', #631, #5393 ) ;
#1272 = DIRECTION ( 'NONE',  ( 1.000000000000000000, 0.000000000000000000, 0.000000000000000000 ) ) ;
#1273 = DIRECTION ( 'NONE',  ( 1.000000000000000000, 2.775557561562891745E-15, -4.180742666995297129E-15 ) ) ;
#1274 = CARTESIAN_POINT ( 'NONE',  ( 39.16013196753240777, -7.499931335448995817, 3.000000000000000000 ) ) ;
#1275 = CARTESIAN_POINT ( 'NONE',  ( 30.50012016296399153, -5.499931269881894735, 1.449999277977990886 ) ) ;
#1276 = ORIENTED_EDGE ( 'NONE', *, *, #657, .T. ) ;
#1277 = EDGE_LOOP ( 'NONE', ( #3441, #2446, #4393, #3900 ) ) ;
#1278 = DIRECTION ( 'NONE',  ( -0.000000000000000000, -0.000000000000000000, 1.000000000000000000 ) ) ;
#1279 = PLANE ( 'NONE',  #1758 ) ;
#1280 = CARTESIAN_POINT ( 'NONE',  ( 65.99999999999998579, 66.00000000000002842, 3.000000000000000000 ) ) ;
#1281 = DIRECTION ( 'NONE',  ( -1.000000000000000000, 0.000000000000000000, 0.000000000000000000 ) ) ;
#1282 = ORIENTED_EDGE ( 'NONE', *, *, #4824, .F. ) ;
#1283 = ORIENTED_EDGE ( 'NONE', *, *, #399, .F. ) ;
#1284 = LINE ( 'NONE', #2737, #1864 ) ;
#1285 = DIRECTION ( 'NONE',  ( -0.000000000000000000, -0.000000000000000000, -1.000000000000000000 ) ) ;
#1286 = LINE ( 'NONE', #1604, #5159 ) ;
#1287 = EDGE_CURVE ( 'NONE', #1401, #881, #3196, .T. ) ;
#1288 = DIRECTION ( 'NONE',  ( 0.000000000000000000, 0.000000000000000000, -1.000000000000000000 ) ) ;
#1289 = CARTESIAN_POINT ( 'NONE',  ( -55.00000000000000000, -55.00000000000000000, 3.000000000000000000 ) ) ;
#1290 = ORIENTED_EDGE ( 'NONE', *, *, #4669, .F. ) ;
#1291 = VERTEX_POINT ( 'NONE', #2666 ) ;
#1292 = DIRECTION ( 'NONE',  ( -1.000000000000000000, 0.000000000000000000, 0.000000000000000000 ) ) ;
#1293 = CARTESIAN_POINT ( 'NONE',  ( 39.67893410269429921, -46.40007575682851382, 0.000000000000000000 ) ) ;
#1294 = VERTEX_POINT ( 'NONE', #798 ) ;
#1295 = EDGE_CURVE ( 'NONE', #2134, #925, #2870, .T. ) ;
#1296 = AXIS2_PLACEMENT_3D ( 'NONE', #1289, #4326, #2456 ) ;
#1297 = ORIENTED_EDGE ( 'NONE', *, *, #5447, .F. ) ;
#1298 = EDGE_CURVE ( 'NONE', #45, #4460, #1559, .T. ) ;
#1299 = DIRECTION ( 'NONE',  ( 1.000000000000000000, 0.000000000000000000, 0.000000000000000000 ) ) ;
#1300 = DIRECTION ( 'NONE',  ( 0.000000000000000000, 0.000000000000000000, -1.000000000000000000 ) ) ;
#1301 = APPROVAL_STATUS ( 'not_yet_approved' ) ;
#1302 = FACE_OUTER_BOUND ( 'NONE', #5009, .T. ) ;
#1303 = CARTESIAN_POINT ( 'NONE',  ( 14.95999999999997954, -26.50000000000002487, 1.450000195920390977 ) ) ;
#1304 = FACE_OUTER_BOUND ( 'NONE', #5325, .T. ) ;
#1305 = ADVANCED_FACE ( 'NONE', ( #6086 ), #4543, .F. ) ;
#1306 = ORIENTED_EDGE ( 'NONE', *, *, #3524, .T. ) ;
#1307 = DIRECTION ( 'NONE',  ( -1.000000000000000000, 0.000000000000000000, 0.000000000000000000 ) ) ;
#1308 = DIRECTION ( 'NONE',  ( 0.000000000000000000, -0.9999999999999990008, 4.371140888484446938E-08 ) ) ;
#1309 = LINE ( 'NONE', #2223, #720 ) ;
#1310 = DIRECTION ( 'NONE',  ( -0.000000000000000000, -0.000000000000000000, -1.000000000000000000 ) ) ;
#1311 = EDGE_CURVE ( 'NONE', #1390, #4952, #2265, .T. ) ;
#1312 = EDGE_LOOP ( 'NONE', ( #3242, #1107, #5189, #4220 ) ) ;
#1313 = ORIENTED_EDGE ( 'NONE', *, *, #6257, .F. ) ;
#1314 = CARTESIAN_POINT ( 'NONE',  ( -30.49987792968801514, -5.499931269881881413, 1.449999277977991108 ) ) ;
#1315 = CARTESIAN_POINT ( 'NONE',  ( 2.074954986571962312, -58.82508182525602081, 28.04134375730104622 ) ) ;
#1316 = CARTESIAN_POINT ( 'NONE',  ( -42.83905219599951408, -33.49986974362531811, 0.000000000000000000 ) ) ;
#1317 = DIRECTION ( 'NONE',  ( -1.000000000000000000, 0.000000000000000000, 0.000000000000000000 ) ) ;
#1318 = DIRECTION ( 'NONE',  ( -1.000000000000000000, 0.000000000000000000, 0.000000000000000000 ) ) ;
#1319 = ORIENTED_EDGE ( 'NONE', *, *, #4578, .F. ) ;
#1320 = CIRCLE ( 'NONE', #1012, 3.000000000000002220 ) ;
#1321 = VERTEX_POINT ( 'NONE', #229 ) ;
#1322 = VECTOR ( 'NONE', #5788, 1000.000000000000000 ) ;
#1323 = EDGE_CURVE ( 'NONE', #6118, #4798, #1620, .T. ) ;
#1324 = VERTEX_POINT ( 'NONE', #5476 ) ;
#1325 = DIRECTION ( 'NONE',  ( 1.000000000000000000, 0.000000000000000000, 0.000000000000000000 ) ) ;
#1326 = AXIS2_PLACEMENT_3D ( 'NONE', #5510, #770, #4614 ) ;
#1327 = AXIS2_PLACEMENT_3D ( 'NONE', #5312, #5844, #4513 ) ;
#1328 = VECTOR ( 'NONE', #2450, 1000.000000000000000 ) ;
#1329 = DIRECTION ( 'NONE',  ( -0.000000000000000000, -0.000000000000000000, 1.000000000000000000 ) ) ;
#1330 = ORIENTED_EDGE ( 'NONE', *, *, #4482, .F. ) ;
#1331 = CIRCLE ( 'NONE', #1122, 0.5000000000000004441 ) ;
#1332 = CIRCLE ( 'NONE', #4856, 4.999999999999997335 ) ;
#1333 = ORIENTED_EDGE ( 'NONE', *, *, #774, .T. ) ;
#1334 = VECTOR ( 'NONE', #5843, 1000.000000000000000 ) ;
#1335 = CARTESIAN_POINT ( 'NONE',  ( 50.52500206014519790, -33.50138933380996775, 0.000000000000000000 ) ) ;
#1336 = LINE ( 'NONE', #1900, #2275 ) ;
#1337 = FACE_OUTER_BOUND ( 'NONE', #3061, .T. ) ;
#1338 = EDGE_CURVE ( 'NONE', #2888, #150, #4506, .T. ) ;
#1339 = DIRECTION ( 'NONE',  ( 0.000000000000000000, -0.9999999999999990008, 4.371140884147636263E-08 ) ) ;
#1340 = AXIS2_PLACEMENT_3D ( 'NONE', #1147, #3074, #2605 ) ;
#1341 = VERTEX_POINT ( 'NONE', #259 ) ;
#1342 = ORIENTED_EDGE ( 'NONE', *, *, #3695, .F. ) ;
#1343 = CIRCLE ( 'NONE', #3550, 2.000000000000001776 ) ;
#1344 = DIRECTION ( 'NONE',  ( -0.000000000000000000, 0.000000000000000000, 1.000000000000000000 ) ) ;
#1345 = LINE ( 'NONE', #1879, #4883 ) ;
#1346 = CARTESIAN_POINT ( 'NONE',  ( 39.16013196753240777, -3.499931335448990488, 1.449999190555139483 ) ) ;
#1347 = CARTESIAN_POINT ( 'NONE',  ( 14.95999999999986940, -24.75000000000002132, 1.450000119425427725 ) ) ;
#1348 = ORIENTED_EDGE ( 'NONE', *, *, #1773, .T. ) ;
#1349 = EDGE_LOOP ( 'NONE', ( #3838, #4987, #2710, #1967, #2083 ) ) ;
#1350 = AXIS2_PLACEMENT_3D ( 'NONE', #2424, #5227, #3770 ) ;
#1351 = CARTESIAN_POINT ( 'NONE',  ( -39.16029472717970350, -30.49992961855991069, 3.000000000000000000 ) ) ;
#1352 = CYLINDRICAL_SURFACE ( 'NONE', #4458, 2.999999999999995559 ) ;
#1353 = DIRECTION ( 'NONE',  ( 0.000000000000000000, -0.000000000000000000, 1.000000000000000000 ) ) ;
#1354 = CARTESIAN_POINT ( 'NONE',  ( -51.70808186218739166, -8.499931335448993153, 3.000000000000000000 ) ) ;
#1355 = VECTOR ( 'NONE', #4175, 1000.000000000000000 ) ;
#1356 = ORIENTED_EDGE ( 'NONE', *, *, #2896, .F. ) ;
#1357 = ORIENTED_EDGE ( 'NONE', *, *, #5111, .T. ) ;
#1358 = DIRECTION ( 'NONE',  ( 0.000000000000000000, 0.000000000000000000, 1.000000000000000000 ) ) ;
#1359 = EDGE_CURVE ( 'NONE', #4215, #4974, #2124, .T. ) ;
#1360 = DIRECTION ( 'NONE',  ( 0.000000000000000000, 0.000000000000000000, 1.000000000000000000 ) ) ;
#1361 = VECTOR ( 'NONE', #3935, 1000.000000000000227 ) ;
#1362 = ORIENTED_EDGE ( 'NONE', *, *, #4390, .T. ) ;
#1363 = VERTEX_POINT ( 'NONE', #2161 ) ;
#1364 = AXIS2_PLACEMENT_3D ( 'NONE', #2330, #4273, #4238 ) ;
#1365 = DIRECTION ( 'NONE',  ( -0.000000000000000000, -0.000000000000000000, -1.000000000000000000 ) ) ;
#1366 = DIRECTION ( 'NONE',  ( -4.180742545671762101E-15, -4.371140887755362005E-08, -0.9999999999999992228 ) ) ;
#1367 = DATE_AND_TIME ( #4257, #2558 ) ;
#1368 = EDGE_CURVE ( 'NONE', #375, #4575, #1655, .T. ) ;
#1369 = DIRECTION ( 'NONE',  ( 0.000000000000000000, -1.000000000000000000, 0.000000000000000000 ) ) ;
#1370 = CARTESIAN_POINT ( 'NONE',  ( 55.67099752524903522, -33.09477641991259844, 0.000000000000000000 ) ) ;
#1371 = ORIENTED_EDGE ( 'NONE', *, *, #2402, .T. ) ;
#1372 = VECTOR ( 'NONE', #4855, 1000.000000000000000 ) ;
#1373 = ORIENTED_EDGE ( 'NONE', *, *, #941, .T. ) ;
#1374 = CARTESIAN_POINT ( 'NONE',  ( -53.71248359946253004, -31.76592310238540051, 0.000000000000000000 ) ) ;
#1375 = DIRECTION ( 'NONE',  ( -1.000000000000000000, 2.731848123972157184E-15, 0.000000000000000000 ) ) ;
#1376 = PLANE ( 'NONE',  #2753 ) ;
#1377 = CARTESIAN_POINT ( 'NONE',  ( -51.71248359946253004, -43.92592313267459048, 0.000000000000000000 ) ) ;
#1378 = ORIENTED_EDGE ( 'NONE', *, *, #3735, .T. ) ;
#1379 = EDGE_CURVE ( 'NONE', #2959, #1050, #2659, .T. ) ;
#1380 = EDGE_LOOP ( 'NONE', ( #4364, #4539, #2071, #5355 ) ) ;
#1381 = PLANE ( 'NONE',  #1264 ) ;
#1382 = DIRECTION ( 'NONE',  ( -0.000000000000000000, -0.000000000000000000, 1.000000000000000000 ) ) ;
#1383 = CARTESIAN_POINT ( 'NONE',  ( 10.99999999999997513, -18.54000000000002757, 0.000000000000000000 ) ) ;
#1384 = LINE ( 'NONE', #5229, #2226 ) ;
#1385 = ORIENTED_EDGE ( 'NONE', *, *, #913, .F. ) ;
#1386 = ADVANCED_FACE ( 'NONE', ( #1439 ), #421, .F. ) ;
#1387 = ORIENTED_EDGE ( 'NONE', *, *, #5028, .T. ) ;
#1388 = DIRECTION ( 'NONE',  ( 0.000000000000000000, -0.9999999999999991118, 4.371140884147646851E-08 ) ) ;
#1389 = CARTESIAN_POINT ( 'NONE',  ( -51.70828531008798024, -32.99972538822134283, 3.000000000000000000 ) ) ;
#1390 = VERTEX_POINT ( 'NONE', #4713 ) ;
#1391 = ORIENTED_EDGE ( 'NONE', *, *, #3016, .F. ) ;
#1392 = VERTEX_POINT ( 'NONE', #5633 ) ;
#1393 = ADVANCED_FACE ( 'NONE', ( #5755 ), #4810, .F. ) ;
#1394 = DIRECTION ( 'NONE',  ( 1.000000000000000000, 6.829619963800057503E-16, -0.000000000000000000 ) ) ;
#1395 = DIRECTION ( 'NONE',  ( -0.000000000000000000, -0.000000000000000000, -1.000000000000000000 ) ) ;
#1396 = PERSON_AND_ORGANIZATION ( #1498, #3540 ) ;
#1397 = DIRECTION ( 'NONE',  ( -0.000000000000000000, -0.000000000000000000, -1.000000000000000000 ) ) ;
#1398 = CARTESIAN_POINT ( 'NONE',  ( -42.83884060894109780, -7.499931335448994929, 0.000000000000000000 ) ) ;
#1399 = ORIENTED_EDGE ( 'NONE', *, *, #5177, .T. ) ;
#1400 = CIRCLE ( 'NONE', #4720, 3.500000000000003109 ) ;
#1401 = VERTEX_POINT ( 'NONE', #5291 ) ;
#1402 = EDGE_CURVE ( 'NONE', #449, #5135, #4462, .T. ) ;
#1403 = DIRECTION ( 'NONE',  ( -1.000000000000000000, 0.000000000000000000, 0.000000000000000000 ) ) ;
#1404 = AXIS2_PLACEMENT_3D ( 'NONE', #3447, #2985, #142 ) ;
#1405 = DIRECTION ( 'NONE',  ( 0.000000000000000000, 0.000000000000000000, 1.000000000000000000 ) ) ;
#1406 = DIRECTION ( 'NONE',  ( 0.000000000000000000, -0.000000000000000000, 1.000000000000000000 ) ) ;
#1407 = DIRECTION ( 'NONE',  ( 0.000000000000000000, -0.9999999999999991118, 4.371140887755362005E-08 ) ) ;
#1408 = VERTEX_POINT ( 'NONE', #2795 ) ;
#1409 = ORIENTED_EDGE ( 'NONE', *, *, #5586, .F. ) ;
#1410 = DIRECTION ( 'NONE',  ( -0.000000000000000000, -0.000000000000000000, -1.000000000000000000 ) ) ;
#1411 = DIRECTION ( 'NONE',  ( 0.000000000000000000, -0.9999999999999991118, 4.371140886858146988E-08 ) ) ;
#1412 = CARTESIAN_POINT ( 'NONE',  ( 30.49963378098338396, -35.50106340185905651, 36.80533964869712804 ) ) ;
#1413 = DIRECTION ( 'NONE',  ( 0.000000000000000000, 0.000000000000000000, -1.000000000000000000 ) ) ;
#1414 = EDGE_CURVE ( 'NONE', #3209, #4586, #3258, .T. ) ;
#1415 = EDGE_LOOP ( 'NONE', ( #4750, #4504, #4836, #813 ) ) ;
#1416 = ORIENTED_EDGE ( 'NONE', *, *, #5428, .T. ) ;
#1417 = CARTESIAN_POINT ( 'NONE',  ( -53.71248359946253004, -43.92592313267459048, 28.04134375730104622 ) ) ;
#1418 = EDGE_CURVE ( 'NONE', #256, #4052, #2967, .T. ) ;
#1419 = LINE ( 'NONE', #6201, #3168 ) ;
#1420 = VERTEX_POINT ( 'NONE', #2389 ) ;
#1421 = EDGE_LOOP ( 'NONE', ( #4286, #241, #5481, #4794 ) ) ;
#1422 = DIRECTION ( 'NONE',  ( 0.000000000000000000, -0.9999999999999990008, 4.371140888484446276E-08 ) ) ;
#1423 = CIRCLE ( 'NONE', #305, 7.000000000000005329 ) ;
#1424 = AXIS2_PLACEMENT_3D ( 'NONE', #3788, #1872, #3286 ) ;
#1425 = VECTOR ( 'NONE', #3792, 1000.000000000000000 ) ;
#1426 = DIRECTION ( 'NONE',  ( 1.000000000000000000, 1.051347561198064835E-16, -0.000000000000000000 ) ) ;
#1427 = DIRECTION ( 'NONE',  ( 1.000000000000000000, 1.994248318681189754E-16, 0.000000000000000000 ) ) ;
#1428 = EDGE_CURVE ( 'NONE', #5065, #4460, #443, .T. ) ;
#1429 = EDGE_CURVE ( 'NONE', #5505, #5595, #2324, .T. ) ;
#1430 = DIRECTION ( 'NONE',  ( 0.000000000000000000, -0.000000000000000000, -1.000000000000000000 ) ) ;
#1431 = DIRECTION ( 'NONE',  ( 1.000000000000000000, 0.000000000000000000, 0.000000000000000000 ) ) ;
#1432 = EDGE_CURVE ( 'NONE', #3491, #881, #738, .T. ) ;
#1433 = ORIENTED_EDGE ( 'NONE', *, *, #4172, .T. ) ;
#1434 = VECTOR ( 'NONE', #2391, 1000.000000000000000 ) ;
#1435 = AXIS2_PLACEMENT_3D ( 'NONE', #4256, #6208, #6141 ) ;
#1436 = AXIS2_PLACEMENT_3D ( 'NONE', #626, #3435, #3001 ) ;
#1437 = ORIENTED_EDGE ( 'NONE', *, *, #2833, .F. ) ;
#1438 = CARTESIAN_POINT ( 'NONE',  ( -39.16042493490871124, -38.49992961750028542, 3.000000000000000000 ) ) ;
#1439 = FACE_OUTER_BOUND ( 'NONE', #1660, .T. ) ;
#1440 = DIRECTION ( 'NONE',  ( 1.000000000000000000, 0.000000000000000000, 0.000000000000000000 ) ) ;
#1441 = AXIS2_PLACEMENT_3D ( 'NONE', #1543, #5983, #1572 ) ;
#1442 = DIRECTION ( 'NONE',  ( -1.000000000000000000, 0.000000000000000000, 0.000000000000000000 ) ) ;
#1443 = DIRECTION ( 'NONE',  ( 1.000000000000000000, 0.000000000000000000, 0.000000000000000000 ) ) ;
#1444 = EDGE_CURVE ( 'NONE', #2891, #6178, #3261, .T. ) ;
#1445 = EDGE_LOOP ( 'NONE', ( #2517, #2386, #6137, #3088, #5309, #5960 ) ) ;
#1446 = AXIS2_PLACEMENT_3D ( 'NONE', #6182, #5220, #1937 ) ;
#1447 = ORIENTED_EDGE ( 'NONE', *, *, #5082, .F. ) ;
#1448 = DIRECTION ( 'NONE',  ( 0.000000000000000000, -0.9999999999999991118, 4.371140905831675080E-08 ) ) ;
#1449 = CARTESIAN_POINT ( 'NONE',  ( 30.49987792968802225, -5.499931335448994929, 1.449999277977988221 ) ) ;
#1450 = CARTESIAN_POINT ( 'NONE',  ( -38.00000000000000000, 28.00000000000002842, 3.000000000000000000 ) ) ;
#1451 = EDGE_CURVE ( 'NONE', #1050, #1977, #1345, .T. ) ;
#1452 = VECTOR ( 'NONE', #1600, 1000.000000000000000 ) ;
#1453 = ORIENTED_EDGE ( 'NONE', *, *, #1157, .F. ) ;
#1454 = ORIENTED_EDGE ( 'NONE', *, *, #2637, .T. ) ;
#1455 = DIRECTION ( 'NONE',  ( 0.000000000000000000, 0.000000000000000000, 1.000000000000000000 ) ) ;
#1456 = VECTOR ( 'NONE', #1088, 1000.000000000000227 ) ;
#1457 = DIRECTION ( 'NONE',  ( -0.000000000000000000, 0.000000000000000000, -1.000000000000000000 ) ) ;
#1458 = ORIENTED_EDGE ( 'NONE', *, *, #4247, .T. ) ;
#1459 = ORIENTED_EDGE ( 'NONE', *, *, #90, .T. ) ;
#1460 = AXIS2_PLACEMENT_3D ( 'NONE', #2415, #2511, #1533 ) ;
#1461 = AXIS2_PLACEMENT_3D ( 'NONE', #4494, #2376, #1803 ) ;
#1462 = CARTESIAN_POINT ( 'NONE',  ( 39.15993664557905873, -32.50120435625778015, 3.000000000000000000 ) ) ;
#1463 = DIRECTION ( 'NONE',  ( -0.000000000000000000, -0.000000000000000000, -1.000000000000000000 ) ) ;
#1464 = PLANE ( 'NONE',  #5650 ) ;
#1465 = COORDINATED_UNIVERSAL_TIME_OFFSET ( 3, 0, .AHEAD. ) ;
#1466 = AXIS2_PLACEMENT_3D ( 'NONE', #167, #3998, #5939 ) ;
#1467 = LINE ( 'NONE', #985, #1213 ) ;
#1468 = ORIENTED_EDGE ( 'NONE', *, *, #2147, .F. ) ;
#1469 = EDGE_CURVE ( 'NONE', #5520, #1560, #3224, .T. ) ;
#1470 = AXIS2_PLACEMENT_3D ( 'NONE', #3223, #2698, #5604 ) ;
#1471 = ORIENTED_EDGE ( 'NONE', *, *, #5043, .T. ) ;
#1472 = EDGE_CURVE ( 'NONE', #5888, #1061, #341, .T. ) ;
#1473 = VECTOR ( 'NONE', #4587, 1000.000000000000000 ) ;
#1474 = PLANE ( 'NONE',  #1727 ) ;
#1475 = CYLINDRICAL_SURFACE ( 'NONE', #3160, 0.5000000000000004441 ) ;
#1476 = CARTESIAN_POINT ( 'NONE',  ( -61.00000000000001421, -61.00000000000000711, 0.000000000000000000 ) ) ;
#1477 = DIRECTION ( 'NONE',  ( 0.000000000000000000, 0.000000000000000000, -1.000000000000000000 ) ) ;
#1478 = DIRECTION ( 'NONE',  ( 0.000000000000000000, 1.000000000000000000, 0.000000000000000000 ) ) ;
#1479 = VECTOR ( 'NONE', #4302, 1000.000000000000227 ) ;
#1480 = ORIENTED_EDGE ( 'NONE', *, *, #4756, .T. ) ;
#1481 = ORIENTED_EDGE ( 'NONE', *, *, #3043, .T. ) ;
#1482 = CARTESIAN_POINT ( 'NONE',  ( -51.70828531008798024, -32.99972538822133572, 0.000000000000000000 ) ) ;
#1483 = CARTESIAN_POINT ( 'NONE',  ( 42.83884060894109780, -7.499931335448994929, 36.80533964869712804 ) ) ;
#1484 = PLANE ( 'NONE',  #5255 ) ;
#1485 = ORIENTED_EDGE ( 'NONE', *, *, #1878, .F. ) ;
#1486 = ORIENTED_EDGE ( 'NONE', *, *, #5288, .T. ) ;
#1487 = EDGE_CURVE ( 'NONE', #1094, #2261, #2766, .T. ) ;
#1488 = CARTESIAN_POINT ( 'NONE',  ( -66.00000000000001421, -66.00000000000000000, 3.000000000000000000 ) ) ;
#1489 = CARTESIAN_POINT ( 'NONE',  ( 39.15985526574843334, -37.50120435559551169, 0.000000000000000000 ) ) ;
#1490 = ORIENTED_EDGE ( 'NONE', *, *, #4187, .F. ) ;
#1491 = EDGE_LOOP ( 'NONE', ( #5022, #4761, #3329, #5812, #216, #2872, #579, #5870, #528, #4792 ) ) ;
#1492 = CARTESIAN_POINT ( 'NONE',  ( 52.20787840052274476, -33.00141672418205019, 0.000000000000000000 ) ) ;
#1493 = CARTESIAN_POINT ( 'NONE',  ( 39.16013196753241488, -8.499931335448993153, 1.449999409112184168 ) ) ;
#1494 = DIRECTION ( 'NONE',  ( -1.000000000000000000, 0.000000000000000000, 0.000000000000000000 ) ) ;
#1495 = DIRECTION ( 'NONE',  ( 0.9999999999999961142, 8.742277677795539484E-08, -8.002115286624055570E-15 ) ) ;
#1496 = ORIENTED_EDGE ( 'NONE', *, *, #1368, .T. ) ;
#1497 = EDGE_CURVE ( 'NONE', #4933, #5442, #3704, .T. ) ;
#1498 = PERSON ( 'UNSPECIFIED', 'UNSPECIFIED', 'UNSPECIFIED', ('UNSPECIFIED'), ('UNSPECIFIED'), ('UNSPECIFIED') ) ;
#1499 = VERTEX_POINT ( 'NONE', #4297 ) ;
#1500 = DIRECTION ( 'NONE',  ( 0.000000000000000000, -0.000000000000000000, 1.000000000000000000 ) ) ;
#1501 = CARTESIAN_POINT ( 'NONE',  ( -15.67494201660204389, -55.62510013580300949, 28.04134375730104622 ) ) ;
#1502 = CARTESIAN_POINT ( 'NONE',  ( -51.70837482790167883, -38.49972538749284467, 3.000000000000000000 ) ) ;
#1503 = LINE ( 'NONE', #1056, #4958 ) ;
#1504 = EDGE_CURVE ( 'NONE', #2019, #5496, #1907, .T. ) ;
#1505 = VECTOR ( 'NONE', #652, 1000.000000000000000 ) ;
#1506 = LINE ( 'NONE', #1057, #3311 ) ;
#1507 = VERTEX_POINT ( 'NONE', #4685 ) ;
#1508 = VERTEX_POINT ( 'NONE', #3821 ) ;
#1509 = AXIS2_PLACEMENT_3D ( 'NONE', #5353, #1021, #1113 ) ;
#1510 = DIRECTION ( 'NONE',  ( 0.000000000000000000, -0.000000000000000000, 1.000000000000000000 ) ) ;
#1511 = DIRECTION ( 'NONE',  ( 1.000000000000000000, 0.000000000000000000, 0.000000000000000000 ) ) ;
#1512 = DIRECTION ( 'NONE',  ( -1.000000000000000000, 0.000000000000000000, 0.000000000000000000 ) ) ;
#1513 = EDGE_CURVE ( 'NONE', #5839, #606, #359, .T. ) ;
#1514 = VERTEX_POINT ( 'NONE', #4875 ) ;
#1515 = ORIENTED_EDGE ( 'NONE', *, *, #295, .F. ) ;
#1516 = CARTESIAN_POINT ( 'NONE',  ( 47.37007602278353602, -48.40007575682851382, 0.000000000000000000 ) ) ;
#1517 = DIRECTION ( 'NONE',  ( 1.000000000000000000, 0.000000000000000000, 0.000000000000000000 ) ) ;
#1518 = EDGE_CURVE ( 'NONE', #3991, #3995, #4264, .T. ) ;
#1519 = ORIENTED_EDGE ( 'NONE', *, *, #4119, .F. ) ;
#1520 = ORIENTED_EDGE ( 'NONE', *, *, #3960, .T. ) ;
#1521 = DIRECTION ( 'NONE',  ( -0.9999999998675463964, 1.627596612607036625E-05, -7.072646676687567254E-13 ) ) ;
#1522 = FACE_OUTER_BOUND ( 'NONE', #937, .T. ) ;
#1523 = CARTESIAN_POINT ( 'NONE',  ( -30.50012207031303291, -35.50007057189900195, 0.000000000000000000 ) ) ;
#1524 = AXIS2_PLACEMENT_3D ( 'NONE', #3651, #777, #3686 ) ;
#1525 = DIRECTION ( 'NONE',  ( -1.000000000000000000, 0.000000000000000000, 0.000000000000000000 ) ) ;
#1526 = EDGE_CURVE ( 'NONE', #5029, #186, #5796, .T. ) ;
#1527 = ORIENTED_EDGE ( 'NONE', *, *, #3113, .F. ) ;
#1528 = CIRCLE ( 'NONE', #407, 1.750000000000003109 ) ;
#1529 = CIRCLE ( 'NONE', #1115, 4.999999999999997335 ) ;
#1530 = ORIENTED_EDGE ( 'NONE', *, *, #4932, .F. ) ;
#1531 = FACE_OUTER_BOUND ( 'NONE', #3926, .T. ) ;
#1532 = EDGE_CURVE ( 'NONE', #435, #159, #5320, .T. ) ;
#1533 = DIRECTION ( 'NONE',  ( 0.000000000000000000, -0.000000000000000000, -1.000000000000000000 ) ) ;
#1534 = AXIS2_PLACEMENT_3D ( 'NONE', #3131, #1244, #1654 ) ;
#1535 = LINE ( 'NONE', #3444, #4763 ) ;
#1536 = DIRECTION ( 'NONE',  ( -0.000000000000000000, 0.000000000000000000, 1.000000000000000000 ) ) ;
#1537 = CIRCLE ( 'NONE', #3930, 2.000000000000001776 ) ;
#1538 = DIRECTION ( 'NONE',  ( 0.000000000000000000, -1.000000000000000000, 0.000000000000000000 ) ) ;
#1539 = VERTEX_POINT ( 'NONE', #3975 ) ;
#1540 = ORIENTED_EDGE ( 'NONE', *, *, #5348, .T. ) ;
#1541 = VECTOR ( 'NONE', #2530, 1000.000000000000000 ) ;
#1542 = CARTESIAN_POINT ( 'NONE',  ( -39.16013196753240777, -3.499931335448993597, 1.449999190555467221 ) ) ;
#1543 = CARTESIAN_POINT ( 'NONE',  ( -30.49987792968802225, -5.499931335448994929, 36.80533964869712804 ) ) ;
#1544 = CYLINDRICAL_SURFACE ( 'NONE', #4016, 12.50000000000000355 ) ;
#1545 = ORIENTED_EDGE ( 'NONE', *, *, #2654, .T. ) ;
#1546 = VERTEX_POINT ( 'NONE', #1081 ) ;
#1547 = EDGE_CURVE ( 'NONE', #3031, #2392, #1998, .T. ) ;
#1548 = ADVANCED_FACE ( 'NONE', ( #4381 ), #1588, .F. ) ;
#1549 = CARTESIAN_POINT ( 'NONE',  ( -37.42808115996353280, -1.499931335448999592, 0.000000000000000000 ) ) ;
#1550 = VECTOR ( 'NONE', #278, 1000.000000000000000 ) ;
#1551 = DIRECTION ( 'NONE',  ( -4.180742545671762101E-15, -4.371140887755362005E-08, -0.9999999999999992228 ) ) ;
#1552 = ORIENTED_EDGE ( 'NONE', *, *, #2886, .T. ) ;
#1553 = ORIENTED_EDGE ( 'NONE', *, *, #4615, .F. ) ;
#1554 = CARTESIAN_POINT ( 'NONE',  ( 37.42808115996353280, -9.499931335448994929, 3.000000000000000000 ) ) ;
#1555 = AXIS2_PLACEMENT_3D ( 'NONE', #1913, #1886, #24 ) ;
#1556 = EDGE_CURVE ( 'NONE', #5887, #2261, #5382, .T. ) ;
#1557 = CARTESIAN_POINT ( 'NONE',  ( 8.999999999999975131, -13.46000000000002927, 28.04134375730104622 ) ) ;
#1558 = DIRECTION ( 'NONE',  ( -0.000000000000000000, -0.000000000000000000, -1.000000000000000000 ) ) ;
#1559 = CIRCLE ( 'NONE', #5985, 0.5000000000000004441 ) ;
#1560 = VERTEX_POINT ( 'NONE', #78 ) ;
#1561 = ORIENTED_EDGE ( 'NONE', *, *, #901, .F. ) ;
#1562 = ADVANCED_FACE ( 'NONE', ( #3912 ), #5349, .F. ) ;
#1563 = CARTESIAN_POINT ( 'NONE',  ( 36.56175464079005621, -39.00116206919642536, 0.000000000000000000 ) ) ;
#1564 = CARTESIAN_POINT ( 'NONE',  ( 60.99999999999999289, 61.00000000000003553, 3.000000000000000000 ) ) ;
#1565 = DIRECTION ( 'NONE',  ( -1.051347561198064835E-16, 1.000000000000000000, 0.000000000000000000 ) ) ;
#1566 = PLANE ( 'NONE',  #5051 ) ;
#1567 = DIRECTION ( 'NONE',  ( -0.000000000000000000, -0.000000000000000000, -1.000000000000000000 ) ) ;
#1568 = VERTEX_POINT ( 'NONE', #3389 ) ;
#1569 = ORIENTED_EDGE ( 'NONE', *, *, #1298, .F. ) ;
#1570 = LINE ( 'NONE', #2581, #5789 ) ;
#1571 = AXIS2_PLACEMENT_3D ( 'NONE', #5537, #6085, #4137 ) ;
#1572 = DIRECTION ( 'NONE',  ( -1.000000000000000000, 0.000000000000000000, 0.000000000000000000 ) ) ;
#1573 = VECTOR ( 'NONE', #1811, 1000.000000000000000 ) ;
#1574 = LINE ( 'NONE', #2494, #9 ) ;
#1575 = ORIENTED_EDGE ( 'NONE', *, *, #992, .T. ) ;
#1576 = EDGE_CURVE ( 'NONE', #89, #6118, #4935, .T. ) ;
#1577 = ORIENTED_EDGE ( 'NONE', *, *, #4095, .T. ) ;
#1578 = FACE_OUTER_BOUND ( 'NONE', #5248, .T. ) ;
#1579 = CARTESIAN_POINT ( 'NONE',  ( -52.05794142393945378, -32.64231721533453623, 1.450000464410010625 ) ) ;
#1580 = EDGE_CURVE ( 'NONE', #976, #5128, #3443, .T. ) ;
#1581 = VERTEX_POINT ( 'NONE', #1054 ) ;
#1582 = VERTEX_POINT ( 'NONE', #1017 ) ;
#1583 = CARTESIAN_POINT ( 'NONE',  ( -39.16013196753240777, -0.4999313354489935968, 3.000000000000000000 ) ) ;
#1584 = CARTESIAN_POINT ( 'NONE',  ( 30.50012016296399153, -5.499931269881894735, 1.449999277977990886 ) ) ;
#1585 = ORIENTED_EDGE ( 'NONE', *, *, #5890, .T. ) ;
#1586 = ORIENTED_EDGE ( 'NONE', *, *, #1688, .T. ) ;
#1587 = DIRECTION ( 'NONE',  ( -4.180742545671762101E-15, -4.371140887755362005E-08, -0.9999999999999992228 ) ) ;
#1588 = CYLINDRICAL_SURFACE ( 'NONE', #44, 1.750000000000001554 ) ;
#1589 = CARTESIAN_POINT ( 'NONE',  ( 51.70787840058896734, -33.00140858619899120, 0.000000000000000000 ) ) ;
#1590 = LINE ( 'NONE', #2487, #2639 ) ;
#1591 = CARTESIAN_POINT ( 'NONE',  ( -36.56224293011970872, -31.99997190456163665, 0.000000000000000000 ) ) ;
#1592 = ADVANCED_FACE ( 'NONE', ( #4962 ), #139, .F. ) ;
#1593 = ORIENTED_EDGE ( 'NONE', *, *, #3654, .F. ) ;
#1594 = VERTEX_POINT ( 'NONE', #4410 ) ;
#1595 = FACE_OUTER_BOUND ( 'NONE', #5416, .T. ) ;
#1596 = CARTESIAN_POINT ( 'NONE',  ( -30.49987792968801514, -5.499931269881881413, 1.449999277977991108 ) ) ;
#1597 = DIRECTION ( 'NONE',  ( 1.000000000000000000, 6.829619984160653116E-16, -4.180742575524996891E-15 ) ) ;
#1598 = ORIENTED_EDGE ( 'NONE', *, *, #5113, .T. ) ;
#1599 = ORIENTED_EDGE ( 'NONE', *, *, #2438, .F. ) ;
#1600 = DIRECTION ( 'NONE',  ( -1.000000000000000000, -0.000000000000000000, -0.000000000000000000 ) ) ;
#1601 = DIRECTION ( 'NONE',  ( -1.000000000000000000, 0.000000000000000000, 0.000000000000000000 ) ) ;
#1602 = ORIENTED_EDGE ( 'NONE', *, *, #1497, .F. ) ;
#1603 = ORIENTED_EDGE ( 'NONE', *, *, #2825, .T. ) ;
#1604 = CARTESIAN_POINT ( 'NONE',  ( 14.95999999999997954, -28.25000000000002487, 28.04134375730104622 ) ) ;
#1605 = DIRECTION ( 'NONE',  ( -1.000000000000000000, -2.102695122396129669E-16, 0.000000000000000000 ) ) ;
#1606 = ORIENTED_EDGE ( 'NONE', *, *, #6156, .T. ) ;
#1607 = ORIENTED_EDGE ( 'NONE', *, *, #4817, .F. ) ;
#1608 = AXIS2_PLACEMENT_3D ( 'NONE', #6193, #2902, #942 ) ;
#1609 = ADVANCED_FACE ( 'NONE', ( #3945 ), #5882, .T. ) ;
#1610 = EDGE_CURVE ( 'NONE', #4906, #4312, #5894, .T. ) ;
#1611 = CYLINDRICAL_SURFACE ( 'NONE', #3738, 1.750000000000001554 ) ;
#1612 = LINE ( 'NONE', #3536, #4981 ) ;
#1613 = LINE ( 'NONE', #3538, #4663 ) ;
#1614 = DIRECTION ( 'NONE',  ( -0.000000000000000000, -0.000000000000000000, 1.000000000000000000 ) ) ;
#1615 = CARTESIAN_POINT ( 'NONE',  ( 50.52500206014519790, -33.14931592906049218, 0.000000000000000000 ) ) ;
#1616 = AXIS2_PLACEMENT_3D ( 'NONE', #4362, #3894, #5830 ) ;
#1617 = CIRCLE ( 'NONE', #408, 2.000000000000003553 ) ;
#1618 = ORIENTED_EDGE ( 'NONE', *, *, #3399, .F. ) ;
#1619 = ORIENTED_EDGE ( 'NONE', *, *, #4114, .T. ) ;
#1620 = LINE ( 'NONE', #2699, #2468 ) ;
#1621 = CIRCLE ( 'NONE', #5260, 0.5000000000000004441 ) ;
#1622 = FACE_OUTER_BOUND ( 'NONE', #3355, .T. ) ;
#1623 = VECTOR ( 'NONE', #929, 1000.000000000000000 ) ;
#1624 = EDGE_CURVE ( 'NONE', #2638, #3529, #4363, .T. ) ;
#1625 = DIRECTION ( 'NONE',  ( -0.000000000000000000, -0.000000000000000000, -1.000000000000000000 ) ) ;
#1626 = EDGE_LOOP ( 'NONE', ( #4046, #5512, #5976, #2971 ) ) ;
#1627 = AXIS2_PLACEMENT_3D ( 'NONE', #5916, #5440, #1112 ) ;
#1628 = VECTOR ( 'NONE', #5582, 1000.000000000000000 ) ;
#1629 = EDGE_LOOP ( 'NONE', ( #4117, #2145, #2399, #1468 ) ) ;
#1630 = LINE ( 'NONE', #1794, #5579 ) ;
#1631 = EDGE_CURVE ( 'NONE', #159, #303, #743, .T. ) ;
#1632 = LINE ( 'NONE', #3848, #3039 ) ;
#1633 = VECTOR ( 'NONE', #1648, 999.9999999999998863 ) ;
#1634 = AXIS2_PLACEMENT_3D ( 'NONE', #3548, #610, #4419 ) ;
#1635 = LINE ( 'NONE', #3584, #384 ) ;
#1636 = ORIENTED_EDGE ( 'NONE', *, *, #635, .F. ) ;
#1637 = ORIENTED_EDGE ( 'NONE', *, *, #4497, .F. ) ;
#1638 = CIRCLE ( 'NONE', #5170, 12.50000000000000533 ) ;
#1639 = VECTOR ( 'NONE', #4146, 1000.000000000000000 ) ;
#1640 = DIRECTION ( 'NONE',  ( -0.000000000000000000, -0.000000000000000000, -1.000000000000000000 ) ) ;
#1641 = ORIENTED_EDGE ( 'NONE', *, *, #128, .T. ) ;
#1642 = ADVANCED_FACE ( 'NONE', ( #5821 ), #1475, .F. ) ;
#1643 = ORIENTED_EDGE ( 'NONE', *, *, #5669, .T. ) ;
#1644 = FACE_OUTER_BOUND ( 'NONE', #5276, .T. ) ;
#1645 = DIRECTION ( 'NONE',  ( -1.000000000000000000, 0.000000000000000000, 4.180742545671766046E-15 ) ) ;
#1646 = PERSON_AND_ORGANIZATION_ROLE ( 'creator' ) ;
#1647 = VECTOR ( 'NONE', #4648, 999.9999999999998863 ) ;
#1648 = DIRECTION ( 'NONE',  ( 6.829619963800051586E-16, -0.9999999999999991118, 4.371140887755362005E-08 ) ) ;
#1649 = DIRECTION ( 'NONE',  ( -0.000000000000000000, -0.000000000000000000, -1.000000000000000000 ) ) ;
#1650 = EDGE_CURVE ( 'NONE', #4845, #4442, #2451, .T. ) ;
#1651 = EDGE_LOOP ( 'NONE', ( #950, #3768, #623, #762, #4691, #4070 ) ) ;
#1652 = VERTEX_POINT ( 'NONE', #277 ) ;
#1653 = AXIS2_PLACEMENT_3D ( 'NONE', #5964, #4120, #784 ) ;
#1654 = DIRECTION ( 'NONE',  ( -3.608224830031757968E-15, -0.9999999999999990008, 4.371140888484446938E-08 ) ) ;
#1655 = LINE ( 'NONE', #5982, #542 ) ;
#1656 = CARTESIAN_POINT ( 'NONE',  ( 60.99999999999999289, 66.00000000000002842, 0.000000000000000000 ) ) ;
#1657 = FACE_OUTER_BOUND ( 'NONE', #309, .T. ) ;
#1658 = AXIS2_PLACEMENT_3D ( 'NONE', #2847, #2380, #3348 ) ;
#1659 = AXIS2_PLACEMENT_3D ( 'NONE', #912, #1360, #2248 ) ;
#1660 = EDGE_LOOP ( 'NONE', ( #1806, #4558, #2752, #3601 ) ) ;
#1661 = ADVANCED_FACE ( 'NONE', ( #5971 ), #1746, .F. ) ;
#1662 = ORIENTED_EDGE ( 'NONE', *, *, #3477, .T. ) ;
#1663 = PLANE ( 'NONE',  #2169 ) ;
#1664 = AXIS2_PLACEMENT_3D ( 'NONE', #5506, #1786, #1307 ) ;
#1665 = DIRECTION ( 'NONE',  ( -0.000000000000000000, -0.000000000000000000, -1.000000000000000000 ) ) ;
#1666 = CARTESIAN_POINT ( 'NONE',  ( 39.16013196753240777, -10.49993133544899493, 3.000000000000000000 ) ) ;
#1667 = CARTESIAN_POINT ( 'NONE',  ( -52.05794142393945378, -32.64231721533453623, 0.000000000000000000 ) ) ;
#1668 = VERTEX_POINT ( 'NONE', #1166 ) ;
#1669 = AXIS2_PLACEMENT_3D ( 'NONE', #2876, #4796, #1861 ) ;
#1670 = ORIENTED_EDGE ( 'NONE', *, *, #5314, .T. ) ;
#1671 = EDGE_CURVE ( 'NONE', #1911, #3430, #149, .T. ) ;
#1672 = VERTEX_POINT ( 'NONE', #3121 ) ;
#1673 = CARTESIAN_POINT ( 'NONE',  ( -51.71248359946253714, -38.49970843832759471, 0.000000000000000000 ) ) ;
#1674 = CYLINDRICAL_SURFACE ( 'NONE', #5394, 12.50000000000000000 ) ;
#1675 = ORIENTED_EDGE ( 'NONE', *, *, #84, .T. ) ;
#1676 = ORIENTED_EDGE ( 'NONE', *, *, #42, .F. ) ;
#1677 = DIRECTION ( 'NONE',  ( 1.000000000000000000, 0.000000000000000000, 0.000000000000000000 ) ) ;
#1678 = CARTESIAN_POINT ( 'NONE',  ( 30.49987792968697775, -35.50007057189900905, 3.000000000000000000 ) ) ;
#1679 =( LENGTH_UNIT ( ) NAMED_UNIT ( * ) SI_UNIT ( .MILLI., .METRE. ) );
#1680 = DIRECTION ( 'NONE',  ( -0.000000000000000000, 0.000000000000000000, 1.000000000000000000 ) ) ;
#1681 = EDGE_CURVE ( 'NONE', #2061, #5458, #4126, .T. ) ;
#1682 = CYLINDRICAL_SURFACE ( 'NONE', #5733, 2.999999999999995559 ) ;
#1683 = DIRECTION ( 'NONE',  ( 4.180742545671757368E-15, 4.371140887755362005E-08, 0.9999999999999991118 ) ) ;
#1684 = ORIENTED_EDGE ( 'NONE', *, *, #4799, .T. ) ;
#1685 = ORIENTED_EDGE ( 'NONE', *, *, #4077, .T. ) ;
#1686 = LINE ( 'NONE', #2857, #5850 ) ;
#1687 = FACE_BOUND ( 'NONE', #3804, .T. ) ;
#1688 = EDGE_CURVE ( 'NONE', #1061, #3378, #5048, .T. ) ;
#1689 = CARTESIAN_POINT ( 'NONE',  ( 52.20808186218739166, -2.999931335448996261, 0.000000000000000000 ) ) ;
#1690 = CARTESIAN_POINT ( 'NONE',  ( 39.15980643785005100, -40.50120435519815487, 0.000000000000000000 ) ) ;
#1691 = VERTEX_POINT ( 'NONE', #5468 ) ;
#1692 = VERTEX_POINT ( 'NONE', #5016 ) ;
#1693 = DIRECTION ( 'NONE',  ( 0.000000000000000000, 0.000000000000000000, -1.000000000000000000 ) ) ;
#1694 = CARTESIAN_POINT ( 'NONE',  ( -61.00000000000002132, 61.00000000000000000, 3.000000000000000000 ) ) ;
#1695 = EDGE_CURVE ( 'NONE', #5128, #1582, #2874, .T. ) ;
#1696 = CYLINDRICAL_SURFACE ( 'NONE', #3024, 1.000000000000000888 ) ;
#1697 = EDGE_CURVE ( 'NONE', #4160, #976, #1860, .T. ) ;
#1698 = LINE ( 'NONE', #4050, #3903 ) ;
#1699 = VECTOR ( 'NONE', #2922, 1000.000000000000000 ) ;
#1700 = VERTEX_POINT ( 'NONE', #1235 ) ;
#1701 = EDGE_LOOP ( 'NONE', ( #2016, #4516, #1586, #5123, #5811, #3116, #2615 ) ) ;
#1702 = AXIS2_PLACEMENT_3D ( 'NONE', #2002, #4966, #603 ) ;
#1703 = CARTESIAN_POINT ( 'NONE',  ( -55.92498535135183602, 8.414992237443547296, 1.449998669737191603 ) ) ;
#1704 = VECTOR ( 'NONE', #3888, 1000.000000000000000 ) ;
#1705 = ADVANCED_FACE ( 'NONE', ( #3665 ), #5086, .F. ) ;
#1706 = CARTESIAN_POINT ( 'NONE',  ( -30.49987792968802225, -5.499931335448994929, 0.000000000000000000 ) ) ;
#1707 = EDGE_LOOP ( 'NONE', ( #394, #5107, #1034, #944 ) ) ;
#1708 = ORIENTED_EDGE ( 'NONE', *, *, #2159, .T. ) ;
#1709 = CARTESIAN_POINT ( 'NONE',  ( -39.16013196753240777, -8.499931335448993153, 0.000000000000000000 ) ) ;
#1710 = DIRECTION ( 'NONE',  ( -0.000000000000000000, -0.000000000000000000, -1.000000000000000000 ) ) ;
#1711 = CARTESIAN_POINT ( 'NONE',  ( -39.16013196753240777, -3.499931335448993597, 0.000000000000000000 ) ) ;
#1712 = ADVANCED_FACE ( 'NONE', ( #5499 ), #250, .F. ) ;
#1713 = PLANE ( 'NONE',  #2952 ) ;
#1714 = FACE_OUTER_BOUND ( 'NONE', #1984, .T. ) ;
#1715 = CARTESIAN_POINT ( 'NONE',  ( -30.49987792968802225, -5.499931335448994929, 1.449999277978244905 ) ) ;
#1716 = ORIENTED_EDGE ( 'NONE', *, *, #3296, .F. ) ;
#1717 = CIRCLE ( 'NONE', #1327, 6.000000000000001776 ) ;
#1718 = VERTEX_POINT ( 'NONE', #687 ) ;
#1719 = EDGE_CURVE ( 'NONE', #6020, #5847, #5529, .T. ) ;
#1720 = CARTESIAN_POINT ( 'NONE',  ( 51.70808186218739166, -2.999931335448996261, 3.000000000000000000 ) ) ;
#1721 = FACE_BOUND ( 'NONE', #4919, .T. ) ;
#1722 = LINE ( 'NONE', #1756, #1132 ) ;
#1723 = CARTESIAN_POINT ( 'NONE',  ( 30.49987792968802225, -5.499931335448994929, 0.000000000000000000 ) ) ;
#1724 = ORIENTED_EDGE ( 'NONE', *, *, #5515, .T. ) ;
#1725 = ORIENTED_EDGE ( 'NONE', *, *, #1695, .F. ) ;
#1726 = CARTESIAN_POINT ( 'NONE',  ( -30.50012207031303291, -35.50007057189900195, 36.80533964869712804 ) ) ;
#1727 = AXIS2_PLACEMENT_3D ( 'NONE', #420, #4202, #3820 ) ;
#1728 = FACE_OUTER_BOUND ( 'NONE', #3410, .T. ) ;
#1729 = CARTESIAN_POINT ( 'NONE',  ( 4.574954986571961868, -57.07508182525601370, 1.450001532400338355 ) ) ;
#1730 = FACE_BOUND ( 'NONE', #55, .T. ) ;
#1731 = LINE ( 'NONE', #3054, #5928 ) ;
#1732 = AXIS2_PLACEMENT_3D ( 'NONE', #1711, #3567, #6036 ) ;
#1733 = AXIS2_PLACEMENT_3D ( 'NONE', #4661, #6155, #3711 ) ;
#1734 = ORIENTED_EDGE ( 'NONE', *, *, #3465, .F. ) ;
#1735 = EDGE_CURVE ( 'NONE', #6091, #1001, #645, .T. ) ;
#1736 = ORIENTED_EDGE ( 'NONE', *, *, #1100, .F. ) ;
#1737 = EDGE_CURVE ( 'NONE', #5801, #242, #3063, .T. ) ;
#1738 = CIRCLE ( 'NONE', #3347, 7.000000000000005329 ) ;
#1739 = PLANE ( 'NONE',  #5659 ) ;
#1740 = CARTESIAN_POINT ( 'NONE',  ( 39.15980643785005100, -40.50120435519815487, 3.000000000000000000 ) ) ;
#1741 = VERTEX_POINT ( 'NONE', #758 ) ;
#1742 = VECTOR ( 'NONE', #2920, 1000.000000000000000 ) ;
#1743 = VERTEX_POINT ( 'NONE', #2690 ) ;
#1744 = EDGE_CURVE ( 'NONE', #3777, #2715, #5598, .T. ) ;
#1745 = CARTESIAN_POINT ( 'NONE',  ( 47.14938835202706713, -32.50133439230313570, 28.04134375730104622 ) ) ;
#1746 = CYLINDRICAL_SURFACE ( 'NONE', #2473, 0.5000000000000004441 ) ;
#1747 = DIRECTION ( 'NONE',  ( 0.9999999998675463964, -1.627596612587094081E-05, 7.072646676600397240E-13 ) ) ;
#1748 = CARTESIAN_POINT ( 'NONE',  ( 39.15985526574843334, -37.50120435559551169, 0.000000000000000000 ) ) ;
#1749 = DIRECTION ( 'NONE',  ( 0.000000000000000000, 0.000000000000000000, -1.000000000000000000 ) ) ;
#1750 = CARTESIAN_POINT ( 'NONE',  ( 2.074954986571962312, -58.82508182525602081, 28.04134375730104622 ) ) ;
#1751 = ORIENTED_EDGE ( 'NONE', *, *, #6044, .F. ) ;
#1752 = EDGE_LOOP ( 'NONE', ( #3129, #4222, #2465, #4808, #5370 ) ) ;
#1753 = EDGE_CURVE ( 'NONE', #4450, #5395, #1271, .T. ) ;
#1754 = LINE ( 'NONE', #5155, #4984 ) ;
#1755 = CARTESIAN_POINT ( 'NONE',  ( 30.49963378098338396, -35.50106340185905651, 36.80533964869712804 ) ) ;
#1756 = CARTESIAN_POINT ( 'NONE',  ( 42.63453902919962957, -8.499931335448993153, 36.80533964869712804 ) ) ;
#1757 = PLANE ( 'NONE',  #1326 ) ;
#1758 = AXIS2_PLACEMENT_3D ( 'NONE', #2633, #5125, #734 ) ;
#1759 = VERTEX_POINT ( 'NONE', #4476 ) ;
#1760 = ORIENTED_EDGE ( 'NONE', *, *, #5920, .T. ) ;
#1761 = LINE ( 'NONE', #773, #5191 ) ;
#1762 = CARTESIAN_POINT ( 'NONE',  ( -39.16013196753240777, -2.499931335448993597, 1.449999146844058284 ) ) ;
#1763 = DIRECTION ( 'NONE',  ( -4.180742545671762101E-15, -4.371140887755362005E-08, -0.9999999999999992228 ) ) ;
#1764 = DIRECTION ( 'NONE',  ( 0.000000000000000000, -0.000000000000000000, 1.000000000000000000 ) ) ;
#1765 = CIRCLE ( 'NONE', #646, 0.5000000000000004441 ) ;
#1766 = CARTESIAN_POINT ( 'NONE',  ( -30.49987792968802225, -5.499931335448994929, 3.000000000000000000 ) ) ;
#1767 = EDGE_CURVE ( 'NONE', #2218, #3213, #4056, .T. ) ;
#1768 = ORIENTED_EDGE ( 'NONE', *, *, #3586, .F. ) ;
#1769 = EDGE_CURVE ( 'NONE', #5732, #6189, #1612, .T. ) ;
#1770 = ORIENTED_EDGE ( 'NONE', *, *, #3932, .F. ) ;
#1771 = VECTOR ( 'NONE', #590, 1000.000000000000000 ) ;
#1772 = CARTESIAN_POINT ( 'NONE',  ( -22.49987792968802580, -5.499931335448994929, 0.000000000000000000 ) ) ;
#1773 = EDGE_CURVE ( 'NONE', #3995, #3193, #2598, .T. ) ;
#1774 = VECTOR ( 'NONE', #6040, 1000.000000000000000 ) ;
#1775 = DIRECTION ( 'NONE',  ( 1.000000000000000000, 0.000000000000000000, 0.000000000000000000 ) ) ;
#1776 = ORIENTED_EDGE ( 'NONE', *, *, #3679, .F. ) ;
#1777 = CARTESIAN_POINT ( 'NONE',  ( -39.16040865894258616, -37.49992961763273769, 0.000000000000000000 ) ) ;
#1778 = DIRECTION ( 'NONE',  ( -0.000000000000000000, -0.000000000000000000, 1.000000000000000000 ) ) ;
#1779 = LINE ( 'NONE', #5625, #615 ) ;
#1780 = COORDINATED_UNIVERSAL_TIME_OFFSET ( 3, 0, .AHEAD. ) ;
#1781 = CARTESIAN_POINT ( 'NONE',  ( -59.42498535135182181, -14.44500776255643437, 0.000000000000000000 ) ) ;
#1782 = DIRECTION ( 'NONE',  ( 0.9999999998675463964, -1.627596612587094081E-05, 0.000000000000000000 ) ) ;
#1783 = EDGE_CURVE ( 'NONE', #3518, #2579, #5212, .T. ) ;
#1784 = CARTESIAN_POINT ( 'NONE',  ( 30.50012016296399153, -5.499931269881894735, 1.449999277977990886 ) ) ;
#1785 = ORIENTED_EDGE ( 'NONE', *, *, #3944, .T. ) ;
#1786 = DIRECTION ( 'NONE',  ( -0.000000000000000000, -0.000000000000000000, -1.000000000000000000 ) ) ;
#1787 = CARTESIAN_POINT ( 'NONE',  ( 53.13099752524905028, -31.34477641991259489, 1.450000407692237481 ) ) ;
#1788 = LINE ( 'NONE', #5634, #5572 ) ;
#1789 = CYLINDRICAL_SURFACE ( 'NONE', #2840, 5.000000000000004441 ) ;
#1790 = EDGE_CURVE ( 'NONE', #256, #4826, #1336, .T. ) ;
#1791 = ORIENTED_EDGE ( 'NONE', *, *, #2270, .T. ) ;
#1792 = ORIENTED_EDGE ( 'NONE', *, *, #1126, .T. ) ;
#1793 = FACE_OUTER_BOUND ( 'NONE', #1421, .T. ) ;
#1794 = CARTESIAN_POINT ( 'NONE',  ( 35.21007646689140813, -46.40007575682851382, 0.000000000000000000 ) ) ;
#1795 = LINE ( 'NONE', #5460, #2036 ) ;
#1796 = FACE_OUTER_BOUND ( 'NONE', #5552, .T. ) ;
#1797 = CARTESIAN_POINT ( 'NONE',  ( -3.499999999999999112, -15.99999999999998579, 3.000000000000000000 ) ) ;
#1798 = ORIENTED_EDGE ( 'NONE', *, *, #3669, .T. ) ;
#1799 = ORIENTED_EDGE ( 'NONE', *, *, #5858, .T. ) ;
#1800 = ORIENTED_EDGE ( 'NONE', *, *, #4505, .F. ) ;
#1801 = ADVANCED_FACE ( 'NONE', ( #5655 ), #5720, .T. ) ;
#1802 = CARTESIAN_POINT ( 'NONE',  ( 55.00000000000000000, -55.00000000000000000, 3.000000000000000000 ) ) ;
#1803 = DIRECTION ( 'NONE',  ( 1.000000000000000000, 0.000000000000000000, 0.000000000000000000 ) ) ;
#1804 = ORIENTED_EDGE ( 'NONE', *, *, #2301, .F. ) ;
#1805 = VECTOR ( 'NONE', #1649, 1000.000000000000000 ) ;
#1806 = ORIENTED_EDGE ( 'NONE', *, *, #1769, .T. ) ;
#1807 = LINE ( 'NONE', #1899, #423 ) ;
#1808 = CARTESIAN_POINT ( 'NONE',  ( -30.50012207031302935, -35.50007057189899484, 3.000000000000000000 ) ) ;
#1809 = CARTESIAN_POINT ( 'NONE',  ( 55.00000000000000000, 55.00000000000000711, 3.000000000000000000 ) ) ;
#1810 = PLANE ( 'NONE',  #100 ) ;
#1811 = DIRECTION ( 'NONE',  ( 0.000000000000000000, -0.000000000000000000, 1.000000000000000000 ) ) ;
#1812 = ORIENTED_EDGE ( 'NONE', *, *, #5473, .F. ) ;
#1813 = EDGE_CURVE ( 'NONE', #2785, #2347, #3252, .T. ) ;
#1814 = FACE_OUTER_BOUND ( 'NONE', #5232, .T. ) ;
#1815 = CARTESIAN_POINT ( 'NONE',  ( 10.99999999999997513, -20.54000000000002757, 28.04134375730104622 ) ) ;
#1816 = CARTESIAN_POINT ( 'NONE',  ( -52.20836668985239015, -37.99971724957600117, 3.000000000000000000 ) ) ;
#1817 = DIRECTION ( 'NONE',  ( -4.180742545671762101E-15, -4.371140887755362005E-08, -0.9999999999999992228 ) ) ;
#1818 = ORIENTED_EDGE ( 'NONE', *, *, #5242, .T. ) ;
#1819 = ORIENTED_EDGE ( 'NONE', *, *, #1287, .T. ) ;
#1820 = DIRECTION ( 'NONE',  ( -0.000000000000000000, -0.000000000000000000, -1.000000000000000000 ) ) ;
#1821 = EDGE_CURVE ( 'NONE', #1163, #5303, #2350, .T. ) ;
#1822 = LINE ( 'NONE', #5735, #4555 ) ;
#1823 = AXIS2_PLACEMENT_3D ( 'NONE', #3236, #2776, #6129 ) ;
#1824 = DIRECTION ( 'NONE',  ( -1.000000000000000000, 0.000000000000000000, 0.000000000000000000 ) ) ;
#1825 = DIRECTION ( 'NONE',  ( -3.469446951953611033E-15, -0.9999999999999991118, 4.371140884147635601E-08 ) ) ;
#1826 = LINE ( 'NONE', #1797, #2001 ) ;
#1827 = ORIENTED_EDGE ( 'NONE', *, *, #4492, .T. ) ;
#1828 = ORIENTED_EDGE ( 'NONE', *, *, #6052, .T. ) ;
#1829 = ADVANCED_FACE ( 'NONE', ( #4771 ), #6170, .T. ) ;
#1830 = CARTESIAN_POINT ( 'NONE',  ( 51.70808186218739166, -2.999931335448996261, 0.000000000000000000 ) ) ;
#1831 = AXIS2_PLACEMENT_3D ( 'NONE', #3165, #203, #231 ) ;
#1832 = VECTOR ( 'NONE', #3408, 1000.000000000000000 ) ;
#1833 = VECTOR ( 'NONE', #1270, 1000.000000000000000 ) ;
#1834 = FACE_OUTER_BOUND ( 'NONE', #2507, .T. ) ;
#1835 = ORIENTED_EDGE ( 'NONE', *, *, #4745, .F. ) ;
#1836 = ORIENTED_EDGE ( 'NONE', *, *, #712, .F. ) ;
#1837 = VECTOR ( 'NONE', #1463, 1000.000000000000000 ) ;
#1838 = CARTESIAN_POINT ( 'NONE',  ( -13.92494201660204212, -55.62510013580300949, 1.450001469019673195 ) ) ;
#1839 = DIRECTION ( 'NONE',  ( 4.180742545671762101E-15, 4.371140887755362005E-08, 0.9999999999999992228 ) ) ;
#1840 = PERSON_AND_ORGANIZATION_ROLE ( 'creator' ) ;
#1841 = CARTESIAN_POINT ( 'NONE',  ( 39.15992036961294076, -33.50120435612532077, 3.000000000000000000 ) ) ;
#1842 = DIRECTION ( 'NONE',  ( 6.829619963800051586E-16, -0.9999999999999991118, 4.371140887755362005E-08 ) ) ;
#1843 = CIRCLE ( 'NONE', #2246, 3.500000000000003109 ) ;
#1844 = ORIENTED_EDGE ( 'NONE', *, *, #4228, .T. ) ;
#1845 = ORIENTED_EDGE ( 'NONE', *, *, #919, .T. ) ;
#1846 = CIRCLE ( 'NONE', #3145, 0.5000000000000004441 ) ;
#1847 = CARTESIAN_POINT ( 'NONE',  ( -51.70808186218739166, -2.999931335448996261, 3.000000000000000000 ) ) ;
#1848 = DIRECTION ( 'NONE',  ( -0.000000000000000000, 0.000000000000000000, -1.000000000000000000 ) ) ;
#1849 = CARTESIAN_POINT ( 'NONE',  ( 0.000000000000000000, 0.000000000000000000, 3.000000000000000000 ) ) ;
#1850 = CARTESIAN_POINT ( 'NONE',  ( 35.21007646689140813, -52.94007753325929855, 0.000000000000000000 ) ) ;
#1851 = EDGE_LOOP ( 'NONE', ( #6166, #2682, #1068, #3289 ) ) ;
#1852 = ORIENTED_EDGE ( 'NONE', *, *, #4191, .T. ) ;
#1853 = CARTESIAN_POINT ( 'NONE',  ( 42.63434370678607621, -32.50126090558941883, 0.000000000000000000 ) ) ;
#1854 = LINE ( 'NONE', #2900, #39 ) ;
#1855 = DIRECTION ( 'NONE',  ( 0.000000000000000000, 0.000000000000000000, 1.000000000000000000 ) ) ;
#1856 = DIRECTION ( 'NONE',  ( 0.000000000000000000, -0.9999999999999991118, 4.371140887245378688E-08 ) ) ;
#1857 = EDGE_CURVE ( 'NONE', #5977, #3843, #5115, .T. ) ;
#1858 = ORIENTED_EDGE ( 'NONE', *, *, #3360, .F. ) ;
#1859 = ORIENTED_EDGE ( 'NONE', *, *, #429, .F. ) ;
#1860 = CIRCLE ( 'NONE', #3672, 2.999999999999998668 ) ;
#1861 = DIRECTION ( 'NONE',  ( -1.000000000000000000, 1.994248318681189754E-16, 0.000000000000000000 ) ) ;
#1862 = PLANE ( 'NONE',  #1060 ) ;
#1863 = EDGE_CURVE ( 'NONE', #4586, #2555, #238, .T. ) ;
#1864 = VECTOR ( 'NONE', #2999, 1000.000000000000000 ) ;
#1865 = ORIENTED_EDGE ( 'NONE', *, *, #2987, .F. ) ;
#1866 = ORIENTED_EDGE ( 'NONE', *, *, #4616, .F. ) ;
#1867 = VERTEX_POINT ( 'NONE', #888 ) ;
#1868 = AXIS2_PLACEMENT_3D ( 'NONE', #1275, #1683, #2217 ) ;
#1869 = CARTESIAN_POINT ( 'NONE',  ( -58.50000000000000000, -55.00000000000000000, 0.000000000000000000 ) ) ;
#1870 = CARTESIAN_POINT ( 'NONE',  ( 51.70779702075834194, -38.00140858553671563, 0.000000000000000000 ) ) ;
#1871 = APPROVAL_STATUS ( 'not_yet_approved' ) ;
#1872 = DIRECTION ( 'NONE',  ( -0.000000000000000000, 0.000000000000000000, 1.000000000000000000 ) ) ;
#1873 = DIRECTION ( 'NONE',  ( -0.000000000000000000, 0.000000000000000000, -1.000000000000000000 ) ) ;
#1874 = ORIENTED_EDGE ( 'NONE', *, *, #5705, .F. ) ;
#1875 = VECTOR ( 'NONE', #4337, 1000.000000000000000 ) ;
#1876 = ORIENTED_EDGE ( 'NONE', *, *, #728, .F. ) ;
#1877 = PLANE ( 'NONE',  #306 ) ;
#1878 = EDGE_CURVE ( 'NONE', #5610, #1086, #310, .T. ) ;
#1879 = CARTESIAN_POINT ( 'NONE',  ( 51.70787026260590835, -33.50140858613276151, 0.000000000000000000 ) ) ;
#1880 = DIRECTION ( 'NONE',  ( 1.000000000000000000, 0.000000000000000000, 0.000000000000000000 ) ) ;
#1881 = FACE_OUTER_BOUND ( 'NONE', #1312, .T. ) ;
#1882 = ORIENTED_EDGE ( 'NONE', *, *, #4917, .T. ) ;
#1883 = ORIENTED_EDGE ( 'NONE', *, *, #4978, .T. ) ;
#1884 = DIRECTION ( 'NONE',  ( 0.000000000000000000, 0.000000000000000000, 1.000000000000000000 ) ) ;
#1885 = ADVANCED_FACE ( 'NONE', ( #3755 ), #2718, .F. ) ;
#1886 = DIRECTION ( 'NONE',  ( -4.180742545671762101E-15, -4.371140887755362005E-08, -0.9999999999999992228 ) ) ;
#1887 = CARTESIAN_POINT ( 'NONE',  ( 33.21007646689140813, -50.94007753325929855, 0.000000000000000000 ) ) ;
#1888 = FACE_OUTER_BOUND ( 'NONE', #2702, .T. ) ;
#1889 = VERTEX_POINT ( 'NONE', #2814 ) ;
#1890 = VERTEX_POINT ( 'NONE', #411 ) ;
#1891 = EDGE_CURVE ( 'NONE', #2602, #1191, #6071, .T. ) ;
#1892 = CARTESIAN_POINT ( 'NONE',  ( -42.83884060894109780, -7.499931335448994929, 36.80533964869712804 ) ) ;
#1893 = EDGE_CURVE ( 'NONE', #4765, #89, #5559, .T. ) ;
#1894 = CYLINDRICAL_SURFACE ( 'NONE', #3678, 2.999999999999995559 ) ;
#1895 = ORIENTED_EDGE ( 'NONE', *, *, #4206, .T. ) ;
#1896 = EDGE_LOOP ( 'NONE', ( #6049, #1968, #2917, #3464 ) ) ;
#1897 = DIRECTION ( 'NONE',  ( 0.000000000000000000, -0.9999999999999991118, 4.371140884147631631E-08 ) ) ;
#1898 = EDGE_CURVE ( 'NONE', #5520, #731, #1779, .T. ) ;
#1899 = CARTESIAN_POINT ( 'NONE',  ( -42.63453902919962957, -8.499931335448993153, 36.80533964869712804 ) ) ;
#1900 = CARTESIAN_POINT ( 'NONE',  ( 32.08337700867599551, -47.90032779087576387, 36.80533964869712804 ) ) ;
#1901 = CARTESIAN_POINT ( 'NONE',  ( 48.77500172706440651, -40.76931592906048252, 28.04134375730104622 ) ) ;
#1902 = LINE ( 'NONE', #3287, #105 ) ;
#1903 = ORIENTED_EDGE ( 'NONE', *, *, #4902, .T. ) ;
#1904 = ORIENTED_EDGE ( 'NONE', *, *, #99, .F. ) ;
#1905 = EDGE_CURVE ( 'NONE', #461, #3044, #2340, .T. ) ;
#1906 = CARTESIAN_POINT ( 'NONE',  ( -51.70837482790167883, -38.49972538749284467, 0.000000000000000000 ) ) ;
#1907 = LINE ( 'NONE', #4743, #5687 ) ;
#1908 = LINE ( 'NONE', #2796, #3851 ) ;
#1909 = CARTESIAN_POINT ( 'NONE',  ( 53.13099752524905028, -31.34477641991259489, 1.450000407692237481 ) ) ;
#1910 = ORIENTED_EDGE ( 'NONE', *, *, #2889, .T. ) ;
#1911 = VERTEX_POINT ( 'NONE', #351 ) ;
#1912 = DIRECTION ( 'NONE',  ( 0.9999999999999961142, 8.742277677795539484E-08, -8.002115286624055570E-15 ) ) ;
#1913 = CARTESIAN_POINT ( 'NONE',  ( -8.924942016602040340, -55.62510013580300949, 1.450001469019652323 ) ) ;
#1914 = DIRECTION ( 'NONE',  ( -1.665334536937734022E-15, -0.9999999999999990008, 4.371140888484446276E-08 ) ) ;
#1915 = LINE ( 'NONE', #1354, #3627 ) ;
#1916 = VERTEX_POINT ( 'NONE', #3284 ) ;
#1917 = ORIENTED_EDGE ( 'NONE', *, *, #2058, .T. ) ;
#1918 = FACE_OUTER_BOUND ( 'NONE', #5995, .T. ) ;
#1919 = DIRECTION ( 'NONE',  ( -0.000000000000000000, 0.000000000000000000, 1.000000000000000000 ) ) ;
#1920 = ADVANCED_FACE ( 'NONE', ( #2290 ), #3786, .F. ) ;
#1921 = EDGE_CURVE ( 'NONE', #5863, #2923, #5766, .T. ) ;
#1922 = ORIENTED_EDGE ( 'NONE', *, *, #651, .F. ) ;
#1923 = VERTEX_POINT ( 'NONE', #922 ) ;
#1924 = CARTESIAN_POINT ( 'NONE',  ( 60.99999999999999289, 61.00000000000003553, 3.000000000000000000 ) ) ;
#1925 = VECTOR ( 'NONE', #1407, 999.9999999999998863 ) ;
#1926 = CIRCLE ( 'NONE', #2337, 4.999999999999997335 ) ;
#1927 = FACE_OUTER_BOUND ( 'NONE', #2262, .T. ) ;
#1928 = DIRECTION ( 'NONE',  ( 0.000000000000000000, 0.000000000000000000, -1.000000000000000000 ) ) ;
#1929 = LINE ( 'NONE', #4929, #4429 ) ;
#1930 = ORIENTED_EDGE ( 'NONE', *, *, #2629, .F. ) ;
#1931 = APPROVAL_PERSON_ORGANIZATION ( #5116, #4059, #2151 ) ;
#1932 = CIRCLE ( 'NONE', #312, 7.000000000000005329 ) ;
#1933 = ORIENTED_EDGE ( 'NONE', *, *, #4468, .F. ) ;
#1934 = CARTESIAN_POINT ( 'NONE',  ( -51.71248359946253714, -33.76592310238539341, 0.000000000000000000 ) ) ;
#1935 = DIRECTION ( 'NONE',  ( 1.000000000000000000, 0.000000000000000000, 0.000000000000000000 ) ) ;
#1936 = AXIS2_PLACEMENT_3D ( 'NONE', #4501, #279, #4065 ) ;
#1937 = DIRECTION ( 'NONE',  ( -1.000000000000000000, 0.000000000000000000, 0.000000000000000000 ) ) ;
#1938 = CIRCLE ( 'NONE', #2041, 1.000000000000001776 ) ;
#1939 = CYLINDRICAL_SURFACE ( 'NONE', #3835, 0.5000000000000004441 ) ;
#1940 = CARTESIAN_POINT ( 'NONE',  ( 55.00000000000000000, -55.00000000000000000, 3.000000000000000000 ) ) ;
#1941 = EDGE_CURVE ( 'NONE', #6164, #3745, #3622, .T. ) ;
#1942 = ORIENTED_EDGE ( 'NONE', *, *, #3056, .F. ) ;
#1943 = CIRCLE ( 'NONE', #1446, 1.999999999999994893 ) ;
#1944 = ORIENTED_EDGE ( 'NONE', *, *, #893, .F. ) ;
#1945 = FACE_OUTER_BOUND ( 'NONE', #4300, .T. ) ;
#1946 = CARTESIAN_POINT ( 'NONE',  ( 30.49987792968802225, -5.499931335448994929, 1.449999277977993772 ) ) ;
#1947 = LINE ( 'NONE', #5676, #702 ) ;
#1948 = APPROVAL_PERSON_ORGANIZATION ( #4804, #66, #3756 ) ;
#1949 = CIRCLE ( 'NONE', #4774, 3.500000000000003109 ) ;
#1950 = ORIENTED_EDGE ( 'NONE', *, *, #2825, .F. ) ;
#1951 = ORIENTED_EDGE ( 'NONE', *, *, #4832, .F. ) ;
#1952 = CARTESIAN_POINT ( 'NONE',  ( -55.92498535135183602, 8.414992237443547296, 0.000000000000000000 ) ) ;
#1953 = EDGE_CURVE ( 'NONE', #1186, #5702, #1632, .T. ) ;
#1954 = AXIS2_PLACEMENT_3D ( 'NONE', #1971, #600, #4908 ) ;
#1955 = EDGE_CURVE ( 'NONE', #6067, #4827, #4022, .T. ) ;
#1956 = PLANE ( 'NONE',  #4397 ) ;
#1957 = VERTEX_POINT ( 'NONE', #983 ) ;
#1958 = VERTEX_POINT ( 'NONE', #3080 ) ;
#1959 = VECTOR ( 'NONE', #2254, 1000.000000000000000 ) ;
#1960 = LINE ( 'NONE', #2439, #349 ) ;
#1961 = ADVANCED_FACE ( 'NONE', ( #1008 ), #4830, .F. ) ;
#1962 = CARTESIAN_POINT ( 'NONE',  ( 2.074954986571962312, -55.32508182525601370, 28.04134375730104622 ) ) ;
#1963 = CARTESIAN_POINT ( 'NONE',  ( -53.71248359946253004, -31.76592310238540051, 1.450000426101598183 ) ) ;
#1964 = VECTOR ( 'NONE', #2031, 1000.000000000000000 ) ;
#1965 = DIRECTION ( 'NONE',  ( 1.000000000000000000, 0.000000000000000000, 0.000000000000000000 ) ) ;
#1966 = AXIS2_PLACEMENT_3D ( 'NONE', #3306, #3748, #5236 ) ;
#1967 = ORIENTED_EDGE ( 'NONE', *, *, #1955, .F. ) ;
#1968 = ORIENTED_EDGE ( 'NONE', *, *, #295, .T. ) ;
#1969 = VECTOR ( 'NONE', #3137, 1000.000000000000000 ) ;
#1970 = DIRECTION ( 'NONE',  ( 0.000000000000000000, 0.000000000000000000, -1.000000000000000000 ) ) ;
#1971 = CARTESIAN_POINT ( 'NONE',  ( 34.46453803689026074, -18.40463862520800475, 1.449999842060914368 ) ) ;
#1972 = CARTESIAN_POINT ( 'NONE',  ( 39.15992036961294076, -33.50120435612532077, 0.000000000000000000 ) ) ;
#1973 = EDGE_CURVE ( 'NONE', #3028, #3055, #4735, .T. ) ;
#1974 = DIRECTION ( 'NONE',  ( 1.000000000000000000, 0.000000000000000000, 0.000000000000000000 ) ) ;
#1975 = DIRECTION ( 'NONE',  ( 0.000000000000000000, 0.000000000000000000, 1.000000000000000000 ) ) ;
#1976 = AXIS2_PLACEMENT_3D ( 'NONE', #1351, #6126, #4209 ) ;
#1977 = VERTEX_POINT ( 'NONE', #4316 ) ;
#1978 = ORIENTED_EDGE ( 'NONE', *, *, #4048, .T. ) ;
#1979 = DIRECTION ( 'NONE',  ( 0.000000000000000000, 0.000000000000000000, -1.000000000000000000 ) ) ;
#1980 = CARTESIAN_POINT ( 'NONE',  ( 53.13099752524894370, -33.09477641991259844, 1.450000484187200733 ) ) ;
#1981 = EDGE_CURVE ( 'NONE', #3439, #1499, #1717, .T. ) ;
#1982 = CYLINDRICAL_SURFACE ( 'NONE', #5653, 0.5000000000000004441 ) ;
#1983 = VERTEX_POINT ( 'NONE', #1963 ) ;
#1984 = EDGE_LOOP ( 'NONE', ( #659, #467, #4207, #5112 ) ) ;
#1985 = DIRECTION ( 'NONE',  ( 0.000000000000000000, 0.000000000000000000, 1.000000000000000000 ) ) ;
#1986 = EDGE_CURVE ( 'NONE', #5490, #4379, #1020, .T. ) ;
#1987 = LINE ( 'NONE', #3928, #3473 ) ;
#1988 = ORIENTED_EDGE ( 'NONE', *, *, #2721, .F. ) ;
#1989 = VERTEX_POINT ( 'NONE', #1992 ) ;
#1990 = DIRECTION ( 'NONE',  ( 2.102695122396129669E-16, -1.000000000000000000, 0.000000000000000000 ) ) ;
#1991 = DIRECTION ( 'NONE',  ( 0.000000000000000000, 0.9999999999999991118, -4.371140887755362005E-08 ) ) ;
#1992 = CARTESIAN_POINT ( 'NONE',  ( -36.56224293011970872, -31.99997190456163665, 1.450000436332382625 ) ) ;
#1993 = CARTESIAN_POINT ( 'NONE',  ( -37.42839040353538138, -39.49995780816809798, 1.450000764167336698 ) ) ;
#1994 = VERTEX_POINT ( 'NONE', #3879 ) ;
#1995 = EDGE_CURVE ( 'NONE', #3062, #2888, #5787, .T. ) ;
#1996 = ORIENTED_EDGE ( 'NONE', *, *, #4589, .T. ) ;
#1997 = DIRECTION ( 'NONE',  ( -1.000000000000000000, 0.000000000000000000, 0.000000000000000000 ) ) ;
#1998 = LINE ( 'NONE', #2485, #2764 ) ;
#1999 = DIRECTION ( 'NONE',  ( 0.000000000000000000, 0.000000000000000000, 1.000000000000000000 ) ) ;
#2000 = DIRECTION ( 'NONE',  ( 0.000000000000000000, 0.000000000000000000, -1.000000000000000000 ) ) ;
#2001 = VECTOR ( 'NONE', #2709, 1000.000000000000000 ) ;
#2002 = CARTESIAN_POINT ( 'NONE',  ( 30.49963378098338396, -35.50106340185905651, 3.000000000000000000 ) ) ;
#2003 = EDGE_CURVE ( 'NONE', #4717, #6019, #2884, .T. ) ;
#2004 = ORIENTED_EDGE ( 'NONE', *, *, #5875, .T. ) ;
#2005 = VERTEX_POINT ( 'NONE', #4867 ) ;
#2006 = AXIS2_PLACEMENT_3D ( 'NONE', #3700, #5533, #253 ) ;
#2007 = DIRECTION ( 'NONE',  ( 1.000000000000000000, 0.000000000000000000, 0.000000000000000000 ) ) ;
#2008 = FACE_OUTER_BOUND ( 'NONE', #4023, .T. ) ;
#2009 = CARTESIAN_POINT ( 'NONE',  ( 30.49987792968802225, -5.499931335448994929, 36.80533964869712804 ) ) ;
#2010 = EDGE_LOOP ( 'NONE', ( #3834, #3070, #2205, #3303 ) ) ;
#2011 = EDGE_CURVE ( 'NONE', #1700, #401, #4404, .T. ) ;
#2012 = VERTEX_POINT ( 'NONE', #3383 ) ;
#2013 = FACE_OUTER_BOUND ( 'NONE', #5744, .T. ) ;
#2014 = DIRECTION ( 'NONE',  ( 0.000000000000000000, 0.000000000000000000, -1.000000000000000000 ) ) ;
#2015 = CIRCLE ( 'NONE', #5543, 0.5000000000000004441 ) ;
#2016 = ORIENTED_EDGE ( 'NONE', *, *, #2721, .T. ) ;
#2017 = AXIS2_PLACEMENT_3D ( 'NONE', #1523, #2136, #570 ) ;
#2018 = EDGE_CURVE ( 'NONE', #5732, #1408, #2442, .T. ) ;
#2019 = VERTEX_POINT ( 'NONE', #4345 ) ;
#2020 = CARTESIAN_POINT ( 'NONE',  ( -39.16034355507910902, -33.49992961816254677, 1.450000501897658278 ) ) ;
#2021 = DIRECTION ( 'NONE',  ( 0.000000000000000000, -0.9999999999999991118, 4.371140905831675080E-08 ) ) ;
#2022 = CIRCLE ( 'NONE', #109, 1.750000000000001554 ) ;
#2023 = FACE_OUTER_BOUND ( 'NONE', #629, .T. ) ;
#2024 = ORIENTED_EDGE ( 'NONE', *, *, #5561, .F. ) ;
#2025 = VECTOR ( 'NONE', #3956, 1000.000000000000000 ) ;
#2026 = VECTOR ( 'NONE', #4542, 1000.000000000000000 ) ;
#2027 = VECTOR ( 'NONE', #4405, 1000.000000000000000 ) ;
#2028 = VERTEX_POINT ( 'NONE', #3436 ) ;
#2029 = AXIS2_PLACEMENT_3D ( 'NONE', #2621, #1234, #1299 ) ;
#2030 = CARTESIAN_POINT ( 'NONE',  ( -30.49987792968801514, -5.499931269881881413, 1.449999277977991108 ) ) ;
#2031 = DIRECTION ( 'NONE',  ( 0.000000000000000000, -0.000000000000000000, 1.000000000000000000 ) ) ;
#2032 = DIRECTION ( 'NONE',  ( 0.000000000000000000, -0.9999999999999990008, 4.371140888484446276E-08 ) ) ;
#2033 = CARTESIAN_POINT ( 'NONE',  ( -39.16013196753240777, -0.4999313354489935968, 1.449999059421240410 ) ) ;
#2034 = VECTOR ( 'NONE', #5293, 1000.000000000000227 ) ;
#2035 = CARTESIAN_POINT ( 'NONE',  ( 39.15992036961294076, -33.50120435612532077, 1.450000501953051524 ) ) ;
#2036 = VECTOR ( 'NONE', #1133, 1000.000000000000000 ) ;
#2037 = EDGE_CURVE ( 'NONE', #1741, #3158, #3326, .T. ) ;
#2038 = ORIENTED_EDGE ( 'NONE', *, *, #1631, .T. ) ;
#2039 = ORIENTED_EDGE ( 'NONE', *, *, #4589, .F. ) ;
#2040 = AXIS2_PLACEMENT_3D ( 'NONE', #2542, #2000, #1019 ) ;
#2041 = AXIS2_PLACEMENT_3D ( 'NONE', #146, #4389, #4456 ) ;
#2042 = CARTESIAN_POINT ( 'NONE',  ( -30.50012207031303291, -35.50007057189900195, 0.000000000000000000 ) ) ;
#2043 = ADVANCED_FACE ( 'NONE', ( #2611 ), #1464, .F. ) ;
#2044 = CARTESIAN_POINT ( 'NONE',  ( 33.46453803689025364, -17.59675966251838730, 28.04134375730104622 ) ) ;
#2045 = LINE ( 'NONE', #4916, #2025 ) ;
#2046 = ORIENTED_EDGE ( 'NONE', *, *, #128, .F. ) ;
#2047 = EDGE_LOOP ( 'NONE', ( #5609, #1828, #3170, #301 ) ) ;
#2048 = DIRECTION ( 'NONE',  ( 1.000000000000000000, -3.035386659626962090E-16, 0.000000000000000000 ) ) ;
#2049 = VECTOR ( 'NONE', #4963, 1000.000000000000000 ) ;
#2050 = ADVANCED_FACE ( 'NONE', ( #4803 ), #182, .F. ) ;
#2051 = DIRECTION ( 'NONE',  ( 0.000000000000000000, -0.000000000000000000, 1.000000000000000000 ) ) ;
#2052 = VECTOR ( 'NONE', #3427, 1000.000000000000000 ) ;
#2053 = ORIENTED_EDGE ( 'NONE', *, *, #4576, .T. ) ;
#2054 = ORIENTED_EDGE ( 'NONE', *, *, #4191, .F. ) ;
#2055 = CARTESIAN_POINT ( 'NONE',  ( 51.70787840058896734, -33.00140858619899120, 1.450000480105966938 ) ) ;
#2056 = AXIS2_PLACEMENT_3D ( 'NONE', #1482, #1510, #2518 ) ;
#2057 = CARTESIAN_POINT ( 'NONE',  ( 10.99999999999997513, -18.54000000000002757, 1.449999847977594847 ) ) ;
#2058 = EDGE_CURVE ( 'NONE', #3617, #2827, #5485, .T. ) ;
#2059 = FACE_OUTER_BOUND ( 'NONE', #4632, .T. ) ;
#2060 = AXIS2_PLACEMENT_3D ( 'NONE', #3163, #5507, #3072 ) ;
#2061 = VERTEX_POINT ( 'NONE', #4049 ) ;
#2062 = ORIENTED_EDGE ( 'NONE', *, *, #5316, .F. ) ;
#2063 = VECTOR ( 'NONE', #1710, 1000.000000000000000 ) ;
#2064 = CARTESIAN_POINT ( 'NONE',  ( 60.99999999999999289, -60.99999999999999289, 3.000000000000000000 ) ) ;
#2065 = VECTOR ( 'NONE', #272, 1000.000000000000000 ) ;
#2066 = DIRECTION ( 'NONE',  ( -0.000000000000000000, -0.000000000000000000, 1.000000000000000000 ) ) ;
#2067 = FACE_OUTER_BOUND ( 'NONE', #3918, .T. ) ;
#2068 = FACE_OUTER_BOUND ( 'NONE', #3959, .T. ) ;
#2069 = DIRECTION ( 'NONE',  ( 1.000000000000000000, 0.000000000000000000, 0.000000000000000000 ) ) ;
#2070 = AXIS2_PLACEMENT_3D ( 'NONE', #5814, #1042, #1897 ) ;
#2071 = ORIENTED_EDGE ( 'NONE', *, *, #5978, .T. ) ;
#2072 = VECTOR ( 'NONE', #2525, 1000.000000000000000 ) ;
#2073 = ORIENTED_EDGE ( 'NONE', *, *, #1671, .T. ) ;
#2074 = DIRECTION ( 'NONE',  ( 0.000000000000000000, 0.000000000000000000, 1.000000000000000000 ) ) ;
#2075 = DIRECTION ( 'NONE',  ( -4.180742545671762101E-15, -4.371140887755362005E-08, -0.9999999999999992228 ) ) ;
#2076 = DIRECTION ( 'NONE',  ( -1.000000000000000000, 0.000000000000000000, 0.000000000000000000 ) ) ;
#2077 = EDGE_LOOP ( 'NONE', ( #5622, #2148, #5618, #3986 ) ) ;
#2078 = EDGE_CURVE ( 'NONE', #5936, #5135, #5281, .T. ) ;
#2079 = EDGE_LOOP ( 'NONE', ( #4655, #772, #5937, #3783 ) ) ;
#2080 = LINE ( 'NONE', #2467, #5879 ) ;
#2081 = CARTESIAN_POINT ( 'NONE',  ( 47.02500206014519790, -37.50133236845832840, 0.000000000000000000 ) ) ;
#2082 = ORIENTED_EDGE ( 'NONE', *, *, #4423, .F. ) ;
#2083 = ORIENTED_EDGE ( 'NONE', *, *, #307, .F. ) ;
#2084 = EDGE_CURVE ( 'NONE', #1250, #1890, #4121, .T. ) ;
#2085 = DIRECTION ( 'NONE',  ( -4.180742545671762101E-15, -4.371140887755362005E-08, -0.9999999999999992228 ) ) ;
#2086 = LINE ( 'NONE', #5935, #5895 ) ;
#2087 = ORIENTED_EDGE ( 'NONE', *, *, #1995, .F. ) ;
#2088 = EDGE_LOOP ( 'NONE', ( #2405, #1844, #5475, #4486, #4922 ) ) ;
#2089 = ADVANCED_FACE ( 'NONE', ( #4148 ), #4113, .F. ) ;
#2090 = DIRECTION ( 'NONE',  ( 1.000000000000000000, 0.000000000000000000, 0.000000000000000000 ) ) ;
#2091 = CARTESIAN_POINT ( 'NONE',  ( 39.15980643785005100, -40.50120435519815487, 1.450000807932913860 ) ) ;
#2092 = CARTESIAN_POINT ( 'NONE',  ( 4.574954986571961868, -57.07508182525601370, 28.04134375730104622 ) ) ;
#2093 = DIRECTION ( 'NONE',  ( 0.000000000000000000, 0.000000000000000000, 1.000000000000000000 ) ) ;
#2094 = DIRECTION ( 'NONE',  ( -0.000000000000000000, 0.000000000000000000, 1.000000000000000000 ) ) ;
#2095 = ORIENTED_EDGE ( 'NONE', *, *, #1051, .F. ) ;
#2096 = ORIENTED_EDGE ( 'NONE', *, *, #4817, .T. ) ;
#2097 = ADVANCED_FACE ( 'NONE', ( #2708 ), #1696, .T. ) ;
#2098 = CARTESIAN_POINT ( 'NONE',  ( -55.00000000000000000, -55.00000000000000000, 3.000000000000000000 ) ) ;
#2099 = PLANE ( 'NONE',  #4343 ) ;
#2100 = DIRECTION ( 'NONE',  ( -0.000000000000000000, -0.000000000000000000, -1.000000000000000000 ) ) ;
#2101 = ORIENTED_EDGE ( 'NONE', *, *, #2695, .T. ) ;
#2102 = ORIENTED_EDGE ( 'NONE', *, *, #810, .F. ) ;
#2103 = PRODUCT_RELATED_PRODUCT_CATEGORY ( 'detail', '', ( #4709 ) ) ;
#2104 = DIRECTION ( 'NONE',  ( 0.000000000000000000, -0.9999999999999991118, 4.371140887245358835E-08 ) ) ;
#2105 = CARTESIAN_POINT ( 'NONE',  ( -51.71248359946253714, -33.76592310238539341, 28.04134375730104622 ) ) ;
#2106 = DIRECTION ( 'NONE',  ( -0.000000000000000000, -0.000000000000000000, 1.000000000000000000 ) ) ;
#2107 = EDGE_LOOP ( 'NONE', ( #1876, #1883, #3660, #5903 ) ) ;
#2108 = VERTEX_POINT ( 'NONE', #4184 ) ;
#2109 = CIRCLE ( 'NONE', #908, 1.750000000000001554 ) ;
#2110 = ADVANCED_FACE ( 'NONE', ( #4623 ), #266, .T. ) ;
#2111 = CARTESIAN_POINT ( 'NONE',  ( 55.67099752524903522, -29.59477664196644042, 1.450000331197264014 ) ) ;
#2112 = ORIENTED_EDGE ( 'NONE', *, *, #2873, .F. ) ;
#2113 = ORIENTED_EDGE ( 'NONE', *, *, #5397, .F. ) ;
#2114 = LINE ( 'NONE', #1745, #1833 ) ;
#2115 = DIRECTION ( 'NONE',  ( 1.000000000000000000, 0.000000000000000000, -4.180742545671766046E-15 ) ) ;
#2116 = DIRECTION ( 'NONE',  ( 0.000000000000000000, -0.000000000000000000, 1.000000000000000000 ) ) ;
#2117 = CARTESIAN_POINT ( 'NONE',  ( -39.16045748684096850, -40.49992961723538087, 0.000000000000000000 ) ) ;
#2118 = DIRECTION ( 'NONE',  ( -0.000000000000000000, -0.000000000000000000, -1.000000000000000000 ) ) ;
#2119 = EDGE_CURVE ( 'NONE', #6098, #186, #5951, .T. ) ;
#2120 = AXIS2_PLACEMENT_3D ( 'NONE', #3642, #4584, #6016 ) ;
#2121 = AXIS2_PLACEMENT_3D ( 'NONE', #73, #1558, #1525 ) ;
#2122 = ORIENTED_EDGE ( 'NONE', *, *, #541, .T. ) ;
#2123 = EDGE_LOOP ( 'NONE', ( #565, #6031, #5929, #1471, #5238, #3996, #684 ) ) ;
#2124 = LINE ( 'NONE', #4039, #3060 ) ;
#2125 = AXIS2_PLACEMENT_3D ( 'NONE', #1870, #446, #4734 ) ;
#2126 = CARTESIAN_POINT ( 'NONE',  ( -51.70808186218739166, -3.499931335448996261, 3.000000000000000000 ) ) ;
#2127 = VECTOR ( 'NONE', #1500, 1000.000000000000000 ) ;
#2128 = CYLINDRICAL_SURFACE ( 'NONE', #926, 2.000000000000001776 ) ;
#2129 = ADVANCED_FACE ( 'NONE', ( #809, #5133, #3175, #4696, #4081, #2201, #298, #1796, #367, #2276, #2307, #6055, #1730, #4212, #2742 ), #2235, .T. ) ;
#2130 = CIRCLE ( 'NONE', #1534, 12.50000000000000355 ) ;
#2131 = ORIENTED_EDGE ( 'NONE', *, *, #4832, .T. ) ;
#2132 = CIRCLE ( 'NONE', #5665, 1.750000000000003109 ) ;
#2133 = VECTOR ( 'NONE', #1991, 999.9999999999998863 ) ;
#2134 = VERTEX_POINT ( 'NONE', #335 ) ;
#2135 = DIRECTION ( 'NONE',  ( -4.180742545671762101E-15, -4.371140887755362005E-08, -0.9999999999999992228 ) ) ;
#2136 = DIRECTION ( 'NONE',  ( -0.000000000000000000, 0.000000000000000000, 1.000000000000000000 ) ) ;
#2137 = VECTOR ( 'NONE', #3316, 1000.000000000000000 ) ;
#2138 = DIRECTION ( 'NONE',  ( -0.000000000000000000, -0.000000000000000000, 1.000000000000000000 ) ) ;
#2139 = ORIENTED_EDGE ( 'NONE', *, *, #1857, .T. ) ;
#2140 = EDGE_LOOP ( 'NONE', ( #1152, #1266, #4245, #1641, #4896, #3318, #1178, #5834 ) ) ;
#2141 = VECTOR ( 'NONE', #5321, 1000.000000000000227 ) ;
#2142 = ADVANCED_FACE ( 'NONE', ( #3713 ), #3615, .F. ) ;
#2143 = VECTOR ( 'NONE', #1095, 1000.000000000000227 ) ;
#2144 = LINE ( 'NONE', #5999, #640 ) ;
#2145 = ORIENTED_EDGE ( 'NONE', *, *, #1177, .T. ) ;
#2146 = AXIS2_PLACEMENT_3D ( 'NONE', #2829, #4418, #2007 ) ;
#2147 = EDGE_CURVE ( 'NONE', #2189, #5161, #3826, .T. ) ;
#2148 = ORIENTED_EDGE ( 'NONE', *, *, #2544, .T. ) ;
#2149 = CYLINDRICAL_SURFACE ( 'NONE', #3343, 0.5000000000000004441 ) ;
#2150 = CARTESIAN_POINT ( 'NONE',  ( 30.49987792968802225, -5.499931335448994929, 36.80533964869712804 ) ) ;
#2151 = APPROVAL_ROLE ( '' ) ;
#2152 = AXIS2_PLACEMENT_3D ( 'NONE', #3764, #897, #1375 ) ;
#2153 = PLANE ( 'NONE',  #1936 ) ;
#2154 = DIRECTION ( 'NONE',  ( -0.000000000000000000, -0.000000000000000000, -1.000000000000000000 ) ) ;
#2155 = DIRECTION ( 'NONE',  ( 0.000000000000000000, -0.9999999999999990008, 4.371140888484446276E-08 ) ) ;
#2156 = ORIENTED_EDGE ( 'NONE', *, *, #919, .F. ) ;
#2157 = ORIENTED_EDGE ( 'NONE', *, *, #2247, .F. ) ;
#2158 = VECTOR ( 'NONE', #1300, 1000.000000000000000 ) ;
#2159 = EDGE_CURVE ( 'NONE', #3430, #3643, #5249, .T. ) ;
#2160 = DIRECTION ( 'NONE',  ( 1.000000000000000000, 0.000000000000000000, 0.000000000000000000 ) ) ;
#2161 = CARTESIAN_POINT ( 'NONE',  ( 51.70808186218739166, -8.499931335448993153, 0.000000000000000000 ) ) ;
#2162 = CARTESIAN_POINT ( 'NONE',  ( 17.49999999999998224, -24.75000000000002487, 1.450000119425420841 ) ) ;
#2163 = DIRECTION ( 'NONE',  ( 0.000000000000000000, -0.000000000000000000, 1.000000000000000000 ) ) ;
#2164 = AXIS2_PLACEMENT_3D ( 'NONE', #5580, #2198, #1075 ) ;
#2165 = EDGE_LOOP ( 'NONE', ( #4452, #5421, #1049, #5099 ) ) ;
#2166 = ORIENTED_EDGE ( 'NONE', *, *, #3990, .T. ) ;
#2167 = DIRECTION ( 'NONE',  ( -0.000000000000000000, -0.000000000000000000, -1.000000000000000000 ) ) ;
#2168 = EDGE_CURVE ( 'NONE', #1507, #915, #3583, .T. ) ;
#2169 = AXIS2_PLACEMENT_3D ( 'NONE', #1314, #2828, #3799 ) ;
#2170 = CARTESIAN_POINT ( 'NONE',  ( 39.16013196753240777, -3.499931335448993597, 0.000000000000000000 ) ) ;
#2171 = CARTESIAN_POINT ( 'NONE',  ( 13.53999999999997783, -13.46000000000002927, 28.04134375730104622 ) ) ;
#2172 = DIRECTION ( 'NONE',  ( -0.000000000000000000, -0.000000000000000000, -1.000000000000000000 ) ) ;
#2173 = CIRCLE ( 'NONE', #5279, 1.000000000000000888 ) ;
#2174 = VERTEX_POINT ( 'NONE', #5032 ) ;
#2175 = ORIENTED_EDGE ( 'NONE', *, *, #4902, .F. ) ;
#2176 = EDGE_CURVE ( 'NONE', #4052, #1291, #706, .T. ) ;
#2177 = CARTESIAN_POINT ( 'NONE',  ( -51.73034350111014135, -33.49923858745518146, 1.450000501867249714 ) ) ;
#2178 = DIRECTION ( 'NONE',  ( -0.9999999998675465074, 1.627596612607113536E-05, 0.000000000000000000 ) ) ;
#2179 = ORIENTED_EDGE ( 'NONE', *, *, #5785, .F. ) ;
#2180 = ADVANCED_FACE ( 'NONE', ( #744 ), #2678, .F. ) ;
#2181 = VERTEX_POINT ( 'NONE', #878 ) ;
#2182 = FACE_OUTER_BOUND ( 'NONE', #3561, .T. ) ;
#2183 = DIRECTION ( 'NONE',  ( -1.000000000000000000, 0.000000000000000000, 0.000000000000000000 ) ) ;
#2184 = DIRECTION ( 'NONE',  ( -1.000000000000000000, 0.000000000000000000, 4.180742545671766046E-15 ) ) ;
#2185 = LINE ( 'NONE', #4094, #3844 ) ;
#2186 = ADVANCED_FACE ( 'NONE', ( #2426 ), #2928, .F. ) ;
#2187 = CARTESIAN_POINT ( 'NONE',  ( -39.16032727911196076, -32.49992961829499905, 0.000000000000000000 ) ) ;
#2188 = CARTESIAN_POINT ( 'NONE',  ( 33.46453803689025364, -17.59675966251838730, 0.000000000000000000 ) ) ;
#2189 = VERTEX_POINT ( 'NONE', #4277 ) ;
#2190 = ORIENTED_EDGE ( 'NONE', *, *, #1359, .F. ) ;
#2191 = CARTESIAN_POINT ( 'NONE',  ( -30.49987792968802225, -5.499931335448994929, 0.000000000000000000 ) ) ;
#2192 = FACE_BOUND ( 'NONE', #1224, .T. ) ;
#2193 = DIRECTION ( 'NONE',  ( 1.000000000000000000, -1.994248318681189754E-16, 0.000000000000000000 ) ) ;
#2194 = CARTESIAN_POINT ( 'NONE',  ( 55.00000000000000000, 55.00000000000000711, 3.000000000000000000 ) ) ;
#2195 = EDGE_CURVE ( 'NONE', #4827, #5443, #2022, .T. ) ;
#2196 = ORIENTED_EDGE ( 'NONE', *, *, #901, .T. ) ;
#2197 = ORIENTED_EDGE ( 'NONE', *, *, #4199, .T. ) ;
#2198 = DIRECTION ( 'NONE',  ( -0.000000000000000000, -0.000000000000000000, -1.000000000000000000 ) ) ;
#2199 = FACE_OUTER_BOUND ( 'NONE', #4424, .T. ) ;
#2200 = FACE_OUTER_BOUND ( 'NONE', #2077, .T. ) ;
#2201 = FACE_BOUND ( 'NONE', #2586, .T. ) ;
#2202 = DIRECTION ( 'NONE',  ( -0.000000000000000000, 0.000000000000000000, -1.000000000000000000 ) ) ;
#2203 = ORIENTED_EDGE ( 'NONE', *, *, #5685, .T. ) ;
#2204 = EDGE_CURVE ( 'NONE', #4379, #4019, #1915, .T. ) ;
#2205 = ORIENTED_EDGE ( 'NONE', *, *, #3451, .F. ) ;
#2206 = EDGE_LOOP ( 'NONE', ( #3934, #5603, #1143, #29 ) ) ;
#2207 = CARTESIAN_POINT ( 'NONE',  ( -61.00000000000001421, -66.00000000000000000, 3.000000000000000000 ) ) ;
#2208 = CARTESIAN_POINT ( 'NONE',  ( 24.50012016296398798, -5.499931335449007364, 3.000000000000000000 ) ) ;
#2209 = EDGE_CURVE ( 'NONE', #2827, #3670, #914, .T. ) ;
#2210 = ORIENTED_EDGE ( 'NONE', *, *, #3516, .T. ) ;
#2211 = EDGE_LOOP ( 'NONE', ( #5480, #1144, #4135, #4358 ) ) ;
#2212 = DIRECTION ( 'NONE',  ( -0.000000000000000000, -0.000000000000000000, 1.000000000000000000 ) ) ;
#2213 = CARTESIAN_POINT ( 'NONE',  ( 47.02500206014519790, -33.14931592906049218, 0.000000000000000000 ) ) ;
#2214 =( NAMED_UNIT ( * ) PLANE_ANGLE_UNIT ( ) SI_UNIT ( $, .RADIAN. ) );
#2215 = DIRECTION ( 'NONE',  ( -0.000000000000000000, -0.000000000000000000, -1.000000000000000000 ) ) ;
#2216 = CARTESIAN_POINT ( 'NONE',  ( 2.074954986571962312, -55.32508182525601370, 1.450001455905382208 ) ) ;
#2217 = DIRECTION ( 'NONE',  ( 0.9999999999999961142, 8.742277677795539484E-08, -8.002115286624055570E-15 ) ) ;
#2218 = VERTEX_POINT ( 'NONE', #3333 ) ;
#2219 = ORIENTED_EDGE ( 'NONE', *, *, #679, .T. ) ;
#2220 = CARTESIAN_POINT ( 'NONE',  ( -22.50012207031303646, -35.50007057189900905, 1.450000589326567946 ) ) ;
#2221 = EDGE_CURVE ( 'NONE', #5258, #2594, #5267, .T. ) ;
#2222 = FACE_BOUND ( 'NONE', #6222, .T. ) ;
#2223 = CARTESIAN_POINT ( 'NONE',  ( -23.50012207031303291, -35.50007057189900195, 0.000000000000000000 ) ) ;
#2224 = CARTESIAN_POINT ( 'NONE',  ( 50.52500206014519790, -38.50138933447222911, 0.000000000000000000 ) ) ;
#2225 = ADVANCED_FACE ( 'NONE', ( #3271 ), #2803, .F. ) ;
#2226 = VECTOR ( 'NONE', #907, 1000.000000000000000 ) ;
#2227 = ORIENTED_EDGE ( 'NONE', *, *, #1526, .F. ) ;
#2228 = ORIENTED_EDGE ( 'NONE', *, *, #2804, .T. ) ;
#2229 = DIRECTION ( 'NONE',  ( 0.000000000000000000, 0.000000000000000000, 1.000000000000000000 ) ) ;
#2230 = EDGE_CURVE ( 'NONE', #4667, #1208, #807, .T. ) ;
#2231 = AXIS2_PLACEMENT_3D ( 'NONE', #2852, #4197, #3757 ) ;
#2232 = VECTOR ( 'NONE', #6217, 1000.000000000000227 ) ;
#2233 = CARTESIAN_POINT ( 'NONE',  ( -53.71248359946253004, -45.92592313267459048, 28.04134375730104622 ) ) ;
#2234 = CARTESIAN_POINT ( 'NONE',  ( 65.99999999999998579, 61.00000000000004263, 3.000000000000000000 ) ) ;
#2235 = PLANE ( 'NONE',  #2620 ) ;
#2236 = CARTESIAN_POINT ( 'NONE',  ( 33.46453803689025364, -18.40463862520800475, 1.449999842060667010 ) ) ;
#2237 = VERTEX_POINT ( 'NONE', #2869 ) ;
#2238 = CIRCLE ( 'NONE', #820, 2.999999999999995559 ) ;
#2239 = LOCAL_TIME ( 11, 28, 6.000000000000000000, #1780 ) ;
#2240 = VECTOR ( 'NONE', #4344, 1000.000000000000000 ) ;
#2241 = ORIENTED_EDGE ( 'NONE', *, *, #6106, .T. ) ;
#2242 = ORIENTED_EDGE ( 'NONE', *, *, #2933, .F. ) ;
#2243 = ADVANCED_FACE ( 'NONE', ( #1888 ), #1484, .F. ) ;
#2244 = VECTOR ( 'NONE', #80, 1000.000000000000000 ) ;
#2245 = CARTESIAN_POINT ( 'NONE',  ( -30.49987792968801514, -5.499931269881881413, 1.449999277977991108 ) ) ;
#2246 = AXIS2_PLACEMENT_3D ( 'NONE', #3332, #1029, #1511 ) ;
#2247 = EDGE_CURVE ( 'NONE', #2134, #3979, #465, .T. ) ;
#2248 = DIRECTION ( 'NONE',  ( 1.000000000000000000, 0.000000000000000000, 0.000000000000000000 ) ) ;
#2249 = EDGE_LOOP ( 'NONE', ( #3400, #5364, #4122, #4725 ) ) ;
#2250 = VECTOR ( 'NONE', #548, 1000.000000000000227 ) ;
#2251 = PLANE ( 'NONE',  #3969 ) ;
#2252 = EDGE_CURVE ( 'NONE', #3734, #731, #4521, .T. ) ;
#2253 = LINE ( 'NONE', #4027, #2635 ) ;
#2254 = DIRECTION ( 'NONE',  ( -0.000000000000000000, -0.000000000000000000, -1.000000000000000000 ) ) ;
#2255 = DATE_AND_TIME ( #2719, #2946 ) ;
#2256 = APPROVAL_PERSON_ORGANIZATION ( #3315, #6011, #3384 ) ;
#2257 = CYLINDRICAL_SURFACE ( 'NONE', #3238, 2.000000000000001776 ) ;
#2258 = DIRECTION ( 'NONE',  ( -1.000000000000000000, 0.000000000000000000, 0.000000000000000000 ) ) ;
#2259 = AXIS2_PLACEMENT_3D ( 'NONE', #2557, #4975, #5452 ) ;
#2260 = DIRECTION ( 'NONE',  ( 1.000000000000000000, 0.000000000000000000, 0.000000000000000000 ) ) ;
#2261 = VERTEX_POINT ( 'NONE', #4820 ) ;
#2262 = EDGE_LOOP ( 'NONE', ( #4293, #4510, #580, #894 ) ) ;
#2263 = CIRCLE ( 'NONE', #2146, 3.500000000000003109 ) ;
#2264 = FACE_OUTER_BOUND ( 'NONE', #2734, .T. ) ;
#2265 = LINE ( 'NONE', #768, #5180 ) ;
#2266 = LINE ( 'NONE', #4176, #4044 ) ;
#2267 = FACE_OUTER_BOUND ( 'NONE', #4253, .T. ) ;
#2268 = VECTOR ( 'NONE', #48, 1000.000000000000000 ) ;
#2269 = ORIENTED_EDGE ( 'NONE', *, *, #4710, .F. ) ;
#2270 = EDGE_CURVE ( 'NONE', #3213, #3991, #1947, .T. ) ;
#2271 = ORIENTED_EDGE ( 'NONE', *, *, #5713, .F. ) ;
#2272 = DIRECTION ( 'NONE',  ( 1.000000000000000000, 0.000000000000000000, 0.000000000000000000 ) ) ;
#2273 = LINE ( 'NONE', #5640, #4453 ) ;
#2274 = FACE_OUTER_BOUND ( 'NONE', #2871, .T. ) ;
#2275 = VECTOR ( 'NONE', #1395, 1000.000000000000000 ) ;
#2276 = FACE_BOUND ( 'NONE', #5338, .T. ) ;
#2277 = AXIS2_PLACEMENT_3D ( 'NONE', #1389, #374, #1775 ) ;
#2278 = LINE ( 'NONE', #4185, #892 ) ;
#2279 = EDGE_LOOP ( 'NONE', ( #1485, #4009, #2420, #5056 ) ) ;
#2280 = ORIENTED_EDGE ( 'NONE', *, *, #1556, .F. ) ;
#2281 = CIRCLE ( 'NONE', #649, 0.5000000000000004441 ) ;
#2282 = DIRECTION ( 'NONE',  ( 4.180742545671757368E-15, 4.371140887755362005E-08, 0.9999999999999991118 ) ) ;
#2283 = VECTOR ( 'NONE', #1410, 1000.000000000000000 ) ;
#2284 = CARTESIAN_POINT ( 'NONE',  ( 30.49987792968802225, -5.499931335448994929, 36.80533964869712804 ) ) ;
#2285 = AXIS2_PLACEMENT_3D ( 'NONE', #4055, #3659, #5078 ) ;
#2286 = ADVANCED_FACE ( 'NONE', ( #525 ), #5806, .F. ) ;
#2287 = ORIENTED_EDGE ( 'NONE', *, *, #380, .F. ) ;
#2288 = ORIENTED_EDGE ( 'NONE', *, *, #2084, .T. ) ;
#2289 = CARTESIAN_POINT ( 'NONE',  ( 39.15985526574740305, -37.50120435559551169, 1.450000676798432142 ) ) ;
#2290 = FACE_OUTER_BOUND ( 'NONE', #1626, .T. ) ;
#2291 = DIRECTION ( 'NONE',  ( 0.000000000000000000, 0.000000000000000000, 1.000000000000000000 ) ) ;
#2292 = CARTESIAN_POINT ( 'NONE',  ( -51.50000000000000000, -55.00000000000000000, 3.000000000000000000 ) ) ;
#2293 = DIRECTION ( 'NONE',  ( 0.000000000000000000, -0.9999999999999991118, 4.371140887245352218E-08 ) ) ;
#2294 = LINE ( 'NONE', #2662, #4474 ) ;
#2295 = EDGE_CURVE ( 'NONE', #2237, #4236, #4234, .T. ) ;
#2296 = ORIENTED_EDGE ( 'NONE', *, *, #1248, .T. ) ;
#2297 = DIRECTION ( 'NONE',  ( 4.180742545671762101E-15, 4.371140887755362005E-08, 0.9999999999999992228 ) ) ;
#2298 = CARTESIAN_POINT ( 'NONE',  ( 17.49999999999998224, -24.75000000000002487, 28.04134375730104622 ) ) ;
#2299 = CARTESIAN_POINT ( 'NONE',  ( 52.20808186218739166, -2.999931335448996261, 3.000000000000000000 ) ) ;
#2300 = LINE ( 'NONE', #1347, #4139 ) ;
#2301 = EDGE_CURVE ( 'NONE', #2911, #3881, #6062, .T. ) ;
#2302 = ORIENTED_EDGE ( 'NONE', *, *, #281, .F. ) ;
#2303 = ORIENTED_EDGE ( 'NONE', *, *, #4997, .T. ) ;
#2304 = CARTESIAN_POINT ( 'NONE',  ( 30.50012016296399153, -5.499931269881894735, 1.449999277977990886 ) ) ;
#2305 = CARTESIAN_POINT ( 'NONE',  ( 50.52500206014519790, -37.50138933433978394, 1.450000676806475042 ) ) ;
#2306 = CARTESIAN_POINT ( 'NONE',  ( 30.49963378098338396, -35.50106340185905651, 0.000000000000000000 ) ) ;
#2307 = FACE_BOUND ( 'NONE', #2483, .T. ) ;
#2308 = DIRECTION ( 'NONE',  ( -1.000000000000000000, 1.994248318681189754E-16, 0.000000000000000000 ) ) ;
#2309 = EDGE_LOOP ( 'NONE', ( #660, #2630, #6026, #5106 ) ) ;
#2310 = VERTEX_POINT ( 'NONE', #2334 ) ;
#2311 = LINE ( 'NONE', #5207, #5199 ) ;
#2312 = CYLINDRICAL_SURFACE ( 'NONE', #4471, 12.50000000000000355 ) ;
#2313 = EDGE_CURVE ( 'NONE', #1179, #1094, #4848, .T. ) ;
#2314 = ORIENTED_EDGE ( 'NONE', *, *, #4785, .F. ) ;
#2315 = ORIENTED_EDGE ( 'NONE', *, *, #4710, .T. ) ;
#2316 = CARTESIAN_POINT ( 'NONE',  ( 42.83856390666986158, -37.50126423013274746, 0.000000000000000000 ) ) ;
#2317 = DIRECTION ( 'NONE',  ( 0.000000000000000000, 0.000000000000000000, 1.000000000000000000 ) ) ;
#2318 = PLANE ( 'NONE',  #5455 ) ;
#2319 = DIRECTION ( 'NONE',  ( 0.000000000000000000, 0.000000000000000000, 1.000000000000000000 ) ) ;
#2320 = ORIENTED_EDGE ( 'NONE', *, *, #2058, .F. ) ;
#2321 = ORIENTED_EDGE ( 'NONE', *, *, #5711, .T. ) ;
#2322 = EDGE_CURVE ( 'NONE', #1171, #1094, #1384, .T. ) ;
#2323 = CARTESIAN_POINT ( 'NONE',  ( -58.25248347830570594, -33.76592310238539341, 1.450000513524439372 ) ) ;
#2324 = LINE ( 'NONE', #2359, #5793 ) ;
#2325 = CARTESIAN_POINT ( 'NONE',  ( 30.49987792968802225, -5.499931335448994929, 1.449999277977988221 ) ) ;
#2326 = VECTOR ( 'NONE', #956, 1000.000000000000000 ) ;
#2327 = CARTESIAN_POINT ( 'NONE',  ( -30.50012207031303291, -35.50007057189900195, 1.450000589326601252 ) ) ;
#2328 = ORIENTED_EDGE ( 'NONE', *, *, #1429, .T. ) ;
#2329 = VERTEX_POINT ( 'NONE', #147 ) ;
#2330 = CARTESIAN_POINT ( 'NONE',  ( -8.924942016602040340, -55.62510013580300949, 0.000000000000000000 ) ) ;
#2331 = DIRECTION ( 'NONE',  ( 1.000000000000000000, 0.000000000000000000, 0.000000000000000000 ) ) ;
#2332 = CARTESIAN_POINT ( 'NONE',  ( 65.99999999999998579, -65.99999999999998579, 3.000000000000000000 ) ) ;
#2333 = ADVANCED_FACE ( 'NONE', ( #4457 ), #1544, .F. ) ;
#2334 = CARTESIAN_POINT ( 'NONE',  ( 51.70808186218739166, -8.499931335448993153, 3.000000000000000000 ) ) ;
#2335 = ORIENTED_EDGE ( 'NONE', *, *, #5890, .F. ) ;
#2336 = AXIS2_PLACEMENT_3D ( 'NONE', #5343, #1010, #2685 ) ;
#2337 = AXIS2_PLACEMENT_3D ( 'NONE', #2064, #3884, #2090 ) ;
#2338 = ORIENTED_EDGE ( 'NONE', *, *, #1898, .T. ) ;
#2339 = DIRECTION ( 'NONE',  ( -1.000000000000000000, 0.000000000000000000, 0.000000000000000000 ) ) ;
#2340 = CIRCLE ( 'NONE', #4140, 3.000000000000000888 ) ;
#2341 = VECTOR ( 'NONE', #5624, 1000.000000000000000 ) ;
#2342 = LINE ( 'NONE', #883, #3775 ) ;
#2343 = ORIENTED_EDGE ( 'NONE', *, *, #3296, .T. ) ;
#2344 = VECTOR ( 'NONE', #3703, 1000.000000000000227 ) ;
#2345 = ADVANCED_FACE ( 'NONE', ( #87 ), #1982, .F. ) ;
#2346 = CIRCLE ( 'NONE', #6078, 3.500000000000003109 ) ;
#2347 = VERTEX_POINT ( 'NONE', #59 ) ;
#2348 = AXIS2_PLACEMENT_3D ( 'NONE', #3754, #4802, #474 ) ;
#2349 = CARTESIAN_POINT ( 'NONE',  ( -39.16034355507807874, -33.49992961816254677, 1.450000501897658278 ) ) ;
#2350 = LINE ( 'NONE', #314, #1959 ) ;
#2351 = SECURITY_CLASSIFICATION_LEVEL ( 'unclassified' ) ;
#2352 = DIRECTION ( 'NONE',  ( 0.000000000000000000, 0.000000000000000000, -1.000000000000000000 ) ) ;
#2353 = CYLINDRICAL_SURFACE ( 'NONE', #3919, 1.750000000000001554 ) ;
#2354 = ORIENTED_EDGE ( 'NONE', *, *, #4497, .T. ) ;
#2355 = EDGE_CURVE ( 'NONE', #1186, #708, #4634, .T. ) ;
#2356 = VERTEX_POINT ( 'NONE', #5448 ) ;
#2357 = AXIS2_PLACEMENT_3D ( 'NONE', #3731, #3262, #697 ) ;
#2358 = CARTESIAN_POINT ( 'NONE',  ( -37.42808115996353280, -1.499931335449005809, 1.449999103132642242 ) ) ;
#2359 = CARTESIAN_POINT ( 'NONE',  ( 33.21007646689140813, -50.94007753325929855, 28.04134375730104622 ) ) ;
#2360 = LINE ( 'NONE', #6219, #2141 ) ;
#2361 = DIRECTION ( 'NONE',  ( -0.000000000000000000, -0.000000000000000000, -1.000000000000000000 ) ) ;
#2362 = ADVANCED_FACE ( 'NONE', ( #2963 ), #2584, .T. ) ;
#2363 = ORIENTED_EDGE ( 'NONE', *, *, #4482, .T. ) ;
#2364 = EDGE_CURVE ( 'NONE', #2579, #4281, #116, .T. ) ;
#2365 = ORIENTED_EDGE ( 'NONE', *, *, #2209, .F. ) ;
#2366 = DIRECTION ( 'NONE',  ( 4.180742545671757368E-15, 4.371140887755362005E-08, 0.9999999999999991118 ) ) ;
#2367 = FACE_OUTER_BOUND ( 'NONE', #5027, .T. ) ;
#2368 = DIRECTION ( 'NONE',  ( 4.180742545671762101E-15, 4.371140887755362005E-08, 0.9999999999999992228 ) ) ;
#2369 = DIRECTION ( 'NONE',  ( -1.000000000000000000, 0.000000000000000000, 0.000000000000000000 ) ) ;
#2370 = VERTEX_POINT ( 'NONE', #4485 ) ;
#2371 = EDGE_CURVE ( 'NONE', #2854, #3529, #4944, .T. ) ;
#2372 = VERTEX_POINT ( 'NONE', #2552 ) ;
#2373 = EDGE_CURVE ( 'NONE', #1171, #5887, #3983, .T. ) ;
#2374 = AXIS2_PLACEMENT_3D ( 'NONE', #1564, #3479, #5914 ) ;
#2375 = LINE ( 'NONE', #1892, #6224 ) ;
#2376 = DIRECTION ( 'NONE',  ( -0.000000000000000000, -0.000000000000000000, 1.000000000000000000 ) ) ;
#2377 = ORIENTED_EDGE ( 'NONE', *, *, #5055, .T. ) ;
#2378 = EDGE_CURVE ( 'NONE', #1001, #1086, #584, .T. ) ;
#2379 = ORIENTED_EDGE ( 'NONE', *, *, #5028, .F. ) ;
#2380 = DIRECTION ( 'NONE',  ( -4.180742545671762101E-15, -4.371140887755362005E-08, -0.9999999999999992228 ) ) ;
#2381 = DIRECTION ( 'NONE',  ( 0.000000000000000000, 0.000000000000000000, -1.000000000000000000 ) ) ;
#2382 = DIRECTION ( 'NONE',  ( 1.000000000000000000, 0.000000000000000000, 0.000000000000000000 ) ) ;
#2383 = DIRECTION ( 'NONE',  ( 0.000000000000000000, 0.000000000000000000, -1.000000000000000000 ) ) ;
#2384 = EDGE_CURVE ( 'NONE', #5715, #4643, #1529, .T. ) ;
#2385 = DIRECTION ( 'NONE',  ( -1.994248318681189754E-16, 1.000000000000000000, 0.000000000000000000 ) ) ;
#2386 = ORIENTED_EDGE ( 'NONE', *, *, #1547, .F. ) ;
#2387 = ORIENTED_EDGE ( 'NONE', *, *, #2886, .F. ) ;
#2388 = CARTESIAN_POINT ( 'NONE',  ( -53.71248359946253004, -45.92592313267459048, 1.450001045055149707 ) ) ;
#2389 = CARTESIAN_POINT ( 'NONE',  ( -36.56205575617909176, -8.999931335448994929, 3.000000000000000000 ) ) ;
#2390 = DIRECTION ( 'NONE',  ( -0.000000000000000000, -0.000000000000000000, -1.000000000000000000 ) ) ;
#2391 = DIRECTION ( 'NONE',  ( 1.000000000000000000, 1.994248318681189754E-16, -0.000000000000000000 ) ) ;
#2392 = VERTEX_POINT ( 'NONE', #5001 ) ;
#2393 = EDGE_LOOP ( 'NONE', ( #1399, #6100, #2591, #5286 ) ) ;
#2394 = FACE_OUTER_BOUND ( 'NONE', #3896, .T. ) ;
#2395 = CARTESIAN_POINT ( 'NONE',  ( 52.20779702069211226, -38.00141672351978173, 3.000000000000000000 ) ) ;
#2396 = EDGE_CURVE ( 'NONE', #5401, #4237, #4971, .T. ) ;
#2397 = CARTESIAN_POINT ( 'NONE',  ( -39.16034355507807874, -33.49992961816254677, 3.000000000000000000 ) ) ;
#2398 = CARTESIAN_POINT ( 'NONE',  ( 51.83157107505930128, -32.51694999944220399, 0.7250002420935985903 ) ) ;
#2399 = ORIENTED_EDGE ( 'NONE', *, *, #5397, .T. ) ;
#2400 = VERTEX_POINT ( 'NONE', #5950 ) ;
#2401 = DIRECTION ( 'NONE',  ( -0.000000000000000000, 0.000000000000000000, -1.000000000000000000 ) ) ;
#2402 = EDGE_CURVE ( 'NONE', #3707, #3745, #3549, .T. ) ;
#2403 = DIRECTION ( 'NONE',  ( 0.000000000000000000, -0.9999999999999991118, 4.371140887245352218E-08 ) ) ;
#2404 = ORIENTED_EDGE ( 'NONE', *, *, #3380, .T. ) ;
#2405 = ORIENTED_EDGE ( 'NONE', *, *, #2941, .T. ) ;
#2406 = CARTESIAN_POINT ( 'NONE',  ( -30.49987792968802225, -5.499931335448994929, 1.449999277978244905 ) ) ;
#2407 = DIRECTION ( 'NONE',  ( -4.180742545671762101E-15, -4.371140887755362005E-08, -0.9999999999999992228 ) ) ;
#2408 = CARTESIAN_POINT ( 'NONE',  ( 0.000000000000000000, 26.00000000000002842, 3.000000000000000000 ) ) ;
#2409 = PERSON_AND_ORGANIZATION_ROLE ( 'design_supplier' ) ;
#2410 = EDGE_CURVE ( 'NONE', #435, #1507, #2045, .T. ) ;
#2411 = CARTESIAN_POINT ( 'NONE',  ( -30.49987792968802225, -5.499931335448994929, 3.000000000000000000 ) ) ;
#2412 = VERTEX_POINT ( 'NONE', #671 ) ;
#2413 = EDGE_LOOP ( 'NONE', ( #857, #3852, #3680, #1836 ) ) ;
#2414 = LINE ( 'NONE', #4809, #2232 ) ;
#2415 = CARTESIAN_POINT ( 'NONE',  ( 53.13099752524905028, -33.09477641991259844, 28.04134375730104622 ) ) ;
#2416 = CARTESIAN_POINT ( 'NONE',  ( 37.42808115996353280, -1.499931335448999592, 0.000000000000000000 ) ) ;
#2417 = FACE_OUTER_BOUND ( 'NONE', #2686, .T. ) ;
#2418 = DIRECTION ( 'NONE',  ( 1.994248318681189754E-16, 1.000000000000000000, 0.000000000000000000 ) ) ;
#2419 = ORIENTED_EDGE ( 'NONE', *, *, #6239, .T. ) ;
#2420 = ORIENTED_EDGE ( 'NONE', *, *, #4296, .F. ) ;
#2421 = EDGE_CURVE ( 'NONE', #242, #5801, #3830, .T. ) ;
#2422 = AXIS2_PLACEMENT_3D ( 'NONE', #4806, #890, #4259 ) ;
#2423 = EDGE_CURVE ( 'NONE', #1867, #5287, #2835, .T. ) ;
#2424 = CARTESIAN_POINT ( 'NONE',  ( -30.49987792968802225, -5.499931335448994929, 36.80533964869712804 ) ) ;
#2425 = CARTESIAN_POINT ( 'NONE',  ( -51.70808186218739166, -2.499931335448996261, 3.000000000000000000 ) ) ;
#2426 = FACE_OUTER_BOUND ( 'NONE', #560, .T. ) ;
#2427 = AXIS2_PLACEMENT_3D ( 'NONE', #829, #1749, #5600 ) ;
#2428 = VERTEX_POINT ( 'NONE', #4886 ) ;
#2429 = EDGE_CURVE ( 'NONE', #1923, #6098, #1030, .T. ) ;
#2430 = ORIENTED_EDGE ( 'NONE', *, *, #5619, .T. ) ;
#2431 = AXIS2_PLACEMENT_3D ( 'NONE', #973, #5708, #5203 ) ;
#2432 = CARTESIAN_POINT ( 'NONE',  ( -58.25248347830570594, -33.76592310238539341, 0.000000000000000000 ) ) ;
#2433 = DIRECTION ( 'NONE',  ( -0.000000000000000000, -0.000000000000000000, 1.000000000000000000 ) ) ;
#2434 = AXIS2_PLACEMENT_3D ( 'NONE', #2194, #5576, #6047 ) ;
#2435 = AXIS2_PLACEMENT_3D ( 'NONE', #134, #540, #5845 ) ;
#2436 = ORIENTED_EDGE ( 'NONE', *, *, #297, .T. ) ;
#2437 = VERTEX_POINT ( 'NONE', #5893 ) ;
#2438 = EDGE_CURVE ( 'NONE', #2555, #3328, #1574, .T. ) ;
#2439 = CARTESIAN_POINT ( 'NONE',  ( 39.16013196753240777, -3.499931335448993597, 0.000000000000000000 ) ) ;
#2440 = CIRCLE ( 'NONE', #5959, 1.999999999999994893 ) ;
#2441 = LINE ( 'NONE', #1557, #1837 ) ;
#2442 = LINE ( 'NONE', #3905, #4843 ) ;
#2443 = PERSON_AND_ORGANIZATION_ROLE ( 'classification_officer' ) ;
#2444 = CARTESIAN_POINT ( 'NONE',  ( 52.20808186218739166, -7.999931335448993153, 3.000000000000000000 ) ) ;
#2445 = VECTOR ( 'NONE', #4174, 1000.000000000000000 ) ;
#2446 = ORIENTED_EDGE ( 'NONE', *, *, #1103, .T. ) ;
#2447 = VECTOR ( 'NONE', #4437, 1000.000000000000000 ) ;
#2448 = ORIENTED_EDGE ( 'NONE', *, *, #2011, .F. ) ;
#2449 = ADVANCED_FACE ( 'NONE', ( #6088 ), #3227, .F. ) ;
#2450 = DIRECTION ( 'NONE',  ( 0.000000000000000000, 0.000000000000000000, -1.000000000000000000 ) ) ;
#2451 = LINE ( 'NONE', #4569, #2063 ) ;
#2452 = AXIS2_PLACEMENT_3D ( 'NONE', #252, #3188, #196 ) ;
#2453 = CARTESIAN_POINT ( 'NONE',  ( 2.074954986571962312, -55.32508182525601370, 0.000000000000000000 ) ) ;
#2454 = CIRCLE ( 'NONE', #1340, 2.000000000000000000 ) ;
#2455 = CARTESIAN_POINT ( 'NONE',  ( 55.00000000000000000, -55.00000000000000000, 3.000000000000000000 ) ) ;
#2456 = DIRECTION ( 'NONE',  ( -1.000000000000000000, 0.000000000000000000, 0.000000000000000000 ) ) ;
#2457 = ORIENTED_EDGE ( 'NONE', *, *, #5952, .F. ) ;
#2458 = AXIS2_PLACEMENT_3D ( 'NONE', #3886, #3293, #4839 ) ;
#2459 = ORIENTED_EDGE ( 'NONE', *, *, #1295, .T. ) ;
#2460 = VECTOR ( 'NONE', #1285, 1000.000000000000000 ) ;
#2461 = DIRECTION ( 'NONE',  ( 0.000000000000000000, -0.000000000000000000, -1.000000000000000000 ) ) ;
#2462 = CARTESIAN_POINT ( 'NONE',  ( -39.16013196753240067, -3.499931335448993597, 1.449999190555467221 ) ) ;
#2463 = DIRECTION ( 'NONE',  ( -1.000000000000000000, 0.000000000000000000, 0.000000000000000000 ) ) ;
#2464 = AXIS2_PLACEMENT_3D ( 'NONE', #3574, #4102, #2729 ) ;
#2465 = ORIENTED_EDGE ( 'NONE', *, *, #2932, .T. ) ;
#2466 = ORIENTED_EDGE ( 'NONE', *, *, #4455, .T. ) ;
#2467 = CARTESIAN_POINT ( 'NONE',  ( 42.63424605098932574, -38.50126090479469809, 36.80533964869712804 ) ) ;
#2468 = VECTOR ( 'NONE', #3547, 1000.000000000000000 ) ;
#2469 = EDGE_CURVE ( 'NONE', #4822, #6027, #3527, .T. ) ;
#2470 = DIRECTION ( 'NONE',  ( 0.000000000000000000, -0.000000000000000000, 1.000000000000000000 ) ) ;
#2471 = ORIENTED_EDGE ( 'NONE', *, *, #2209, .T. ) ;
#2472 = ORIENTED_EDGE ( 'NONE', *, *, #1402, .F. ) ;
#2473 = AXIS2_PLACEMENT_3D ( 'NONE', #6075, #3090, #1139 ) ;
#2474 = CIRCLE ( 'NONE', #2771, 1.750000000000001554 ) ;
#2475 = CARTESIAN_POINT ( 'NONE',  ( -39.16013196753240777, -10.49993133544899493, 0.000000000000000000 ) ) ;
#2476 = CARTESIAN_POINT ( 'NONE',  ( -58.50000000000000000, -55.00000000000000000, 3.000000000000000000 ) ) ;
#2477 = CARTESIAN_POINT ( 'NONE',  ( 0.000000000000000000, 0.000000000000000000, 0.000000000000000000 ) ) ;
#2478 = ADVANCED_FACE ( 'NONE', ( #2732 ), #2606, .T. ) ;
#2479 = AXIS2_PLACEMENT_3D ( 'NONE', #2475, #5872, #3406 ) ;
#2480 = FACE_OUTER_BOUND ( 'NONE', #3071, .T. ) ;
#2481 = AXIS2_PLACEMENT_3D ( 'NONE', #440, #5621, #5208 ) ;
#2482 = ORIENTED_EDGE ( 'NONE', *, *, #2373, .T. ) ;
#2483 = EDGE_LOOP ( 'NONE', ( #4319, #3096 ) ) ;
#2484 = LINE ( 'NONE', #1709, #5363 ) ;
#2485 = CARTESIAN_POINT ( 'NONE',  ( -42.63483199611572871, -38.49987306816863963, 36.80533964869712804 ) ) ;
#2486 = DIRECTION ( 'NONE',  ( 1.000000000000000000, 0.000000000000000000, 0.000000000000000000 ) ) ;
#2487 = CARTESIAN_POINT ( 'NONE',  ( -51.70808186218739166, -2.499931335448996261, 0.000000000000000000 ) ) ;
#2488 = CARTESIAN_POINT ( 'NONE',  ( -13.92494201660204212, -53.87510013580300949, 28.04134375730104622 ) ) ;
#2489 = ADVANCED_FACE ( 'NONE', ( #5062 ), #4043, .F. ) ;
#2490 = VERTEX_POINT ( 'NONE', #5160 ) ;
#2491 = VERTEX_POINT ( 'NONE', #5607 ) ;
#2492 = DIRECTION ( 'NONE',  ( 1.000000000000000000, -1.994248318681190000E-16, -4.180742536954625851E-15 ) ) ;
#2493 = CARTESIAN_POINT ( 'NONE',  ( -57.67498535135182181, 8.414992237443547296, 0.000000000000000000 ) ) ;
#2494 = CARTESIAN_POINT ( 'NONE',  ( -37.42826019580637364, -31.49995780922772681, 0.000000000000000000 ) ) ;
#2495 = ADVANCED_FACE ( 'NONE', ( #2267 ), #4653, .F. ) ;
#2496 = EDGE_LOOP ( 'NONE', ( #1800, #1105, #1378, #4193 ) ) ;
#2497 = VERTEX_POINT ( 'NONE', #4545 ) ;
#2498 = LINE ( 'NONE', #2966, #4254 ) ;
#2499 = CARTESIAN_POINT ( 'NONE',  ( 2.074954986571962312, -57.07508182525601370, 1.450001532400348792 ) ) ;
#2500 = ORIENTED_EDGE ( 'NONE', *, *, #2544, .F. ) ;
#2501 = ORIENTED_EDGE ( 'NONE', *, *, #763, .F. ) ;
#2502 = CARTESIAN_POINT ( 'NONE',  ( 47.37007602278353602, -50.94007753325929855, 1.450001264230482256 ) ) ;
#2503 = CARTESIAN_POINT ( 'NONE',  ( 39.67893410269429921, -45.40007575682851382, 36.80533964869712804 ) ) ;
#2504 = DIRECTION ( 'NONE',  ( 0.000000000000000000, -0.000000000000000000, 1.000000000000000000 ) ) ;
#2505 = CC_DESIGN_DATE_AND_TIME_ASSIGNMENT ( #3217, #6006, ( #5200 ) ) ;
#2506 = DIRECTION ( 'NONE',  ( 0.000000000000000000, -0.9999999999999990008, 4.371140888484446276E-08 ) ) ;
#2507 = EDGE_LOOP ( 'NONE', ( #4171, #5297, #4595, #1561 ) ) ;
#2508 = ADVANCED_FACE ( 'NONE', ( #1247 ), #5984, .F. ) ;
#2509 = ORIENTED_EDGE ( 'NONE', *, *, #1813, .F. ) ;
#2510 = LINE ( 'NONE', #2950, #1328 ) ;
#2511 = DIRECTION ( 'NONE',  ( 0.000000000000000000, -1.000000000000000000, 0.000000000000000000 ) ) ;
#2512 = DIRECTION ( 'NONE',  ( -0.9999999998675463964, 1.627596612587094081E-05, 0.000000000000000000 ) ) ;
#2513 = CARTESIAN_POINT ( 'NONE',  ( -37.99999999999998579, 26.00000000000002842, 3.000000000000000000 ) ) ;
#2514 = VECTOR ( 'NONE', #2661, 1000.000000000000000 ) ;
#2515 = LINE ( 'NONE', #4413, #1704 ) ;
#2516 = ORIENTED_EDGE ( 'NONE', *, *, #6226, .F. ) ;
#2517 = ORIENTED_EDGE ( 'NONE', *, *, #1220, .F. ) ;
#2518 = DIRECTION ( 'NONE',  ( 1.000000000000000000, 0.000000000000000000, 0.000000000000000000 ) ) ;
#2519 = DIRECTION ( 'NONE',  ( 0.000000000000000000, 0.000000000000000000, 1.000000000000000000 ) ) ;
#2520 = CARTESIAN_POINT ( 'NONE',  ( -39.16013196753240777, -10.49993133544899493, 1.449999496535329335 ) ) ;
#2521 = ORIENTED_EDGE ( 'NONE', *, *, #1813, .T. ) ;
#2522 = ORIENTED_EDGE ( 'NONE', *, *, #6030, .T. ) ;
#2523 = ADVANCED_FACE ( 'NONE', ( #1206 ), #1789, .T. ) ;
#2524 = PLANE ( 'NONE',  #2755 ) ;
#2525 = DIRECTION ( 'NONE',  ( -0.000000000000000000, -0.000000000000000000, 1.000000000000000000 ) ) ;
#2526 = CIRCLE ( 'NONE', #1199, 2.000000000000001776 ) ;
#2527 = VERTEX_POINT ( 'NONE', #3198 ) ;
#2528 = ORIENTED_EDGE ( 'NONE', *, *, #685, .T. ) ;
#2529 = DIRECTION ( 'NONE',  ( -0.000000000000000000, -0.000000000000000000, -1.000000000000000000 ) ) ;
#2530 = DIRECTION ( 'NONE',  ( -0.000000000000000000, -0.000000000000000000, -1.000000000000000000 ) ) ;
#2531 = VECTOR ( 'NONE', #5300, 1000.000000000000000 ) ;
#2532 = CYLINDRICAL_SURFACE ( 'NONE', #5145, 7.000000000000002665 ) ;
#2533 = ORIENTED_EDGE ( 'NONE', *, *, #1091, .F. ) ;
#2534 = EDGE_CURVE ( 'NONE', #4503, #4078, #261, .T. ) ;
#2535 = AXIS2_PLACEMENT_3D ( 'NONE', #6157, #432, #1825 ) ;
#2536 = CIRCLE ( 'NONE', #4747, 3.500000000000003109 ) ;
#2537 = VERTEX_POINT ( 'NONE', #2224 ) ;
#2538 = VECTOR ( 'NONE', #3911, 1000.000000000000000 ) ;
#2539 = CARTESIAN_POINT ( 'NONE',  ( -61.00000000000001421, -61.00000000000000711, 3.000000000000000000 ) ) ;
#2540 = CARTESIAN_POINT ( 'NONE',  ( -56.25248347830570594, -31.76592310238539341, 28.04134375730104622 ) ) ;
#2541 = DIRECTION ( 'NONE',  ( 1.000000000000000000, 0.000000000000000000, 0.000000000000000000 ) ) ;
#2542 = CARTESIAN_POINT ( 'NONE',  ( 14.95999999999997954, -26.50000000000002487, 0.000000000000000000 ) ) ;
#2543 = CC_DESIGN_APPROVAL ( #4059, ( #5200 ) ) ;
#2544 = EDGE_CURVE ( 'NONE', #2490, #6118, #3432, .T. ) ;
#2545 = DIRECTION ( 'NONE',  ( -1.000000000000000000, 0.000000000000000000, 0.000000000000000000 ) ) ;
#2546 = AXIS2_PLACEMENT_3D ( 'NONE', #5146, #1394, #2787 ) ;
#2547 = ORIENTED_EDGE ( 'NONE', *, *, #42, .T. ) ;
#2548 = ORIENTED_EDGE ( 'NONE', *, *, #5988, .T. ) ;
#2549 = AXIS2_PLACEMENT_3D ( 'NONE', #1089, #3015, #799 ) ;
#2550 = FACE_OUTER_BOUND ( 'NONE', #5315, .T. ) ;
#2551 = DIRECTION ( 'NONE',  ( 0.000000000000000000, 0.000000000000000000, 1.000000000000000000 ) ) ;
#2552 = CARTESIAN_POINT ( 'NONE',  ( -22.50012207031303646, -35.50007057189900195, 3.000000000000000000 ) ) ;
#2553 = ADVANCED_FACE ( 'NONE', ( #1657 ), #1757, .F. ) ;
#2554 = VECTOR ( 'NONE', #3480, 1000.000000000000000 ) ;
#2555 = VERTEX_POINT ( 'NONE', #5127 ) ;
#2556 = ORIENTED_EDGE ( 'NONE', *, *, #176, .T. ) ;
#2557 = CARTESIAN_POINT ( 'NONE',  ( 17.49999999999998224, -26.50000000000002842, 1.450000195920380541 ) ) ;
#2558 = LOCAL_TIME ( 11, 28, 6.000000000000000000, #6171 ) ;
#2559 = DIRECTION ( 'NONE',  ( -0.000000000000000000, -0.000000000000000000, -1.000000000000000000 ) ) ;
#2560 = AXIS2_PLACEMENT_3D ( 'NONE', #207, #5514, #3138 ) ;
#2561 = EDGE_CURVE ( 'NONE', #5807, #1923, #3676, .T. ) ;
#2562 = ORIENTED_EDGE ( 'NONE', *, *, #842, .T. ) ;
#2563 = ORIENTED_EDGE ( 'NONE', *, *, #4127, .T. ) ;
#2564 = AXIS2_PLACEMENT_3D ( 'NONE', #2042, #3954, #3014 ) ;
#2565 = LINE ( 'NONE', #2913, #1334 ) ;
#2566 = LINE ( 'NONE', #7, #1322 ) ;
#2567 = ADVANCED_FACE ( 'NONE', ( #290 ), #2128, .T. ) ;
#2568 = AXIS2_PLACEMENT_3D ( 'NONE', #5156, #5252, #3358 ) ;
#2569 = ORIENTED_EDGE ( 'NONE', *, *, #3720, .F. ) ;
#2570 = ORIENTED_EDGE ( 'NONE', *, *, #5897, .T. ) ;
#2571 = AXIS2_PLACEMENT_3D ( 'NONE', #2982, #5437, #575 ) ;
#2572 = DIRECTION ( 'NONE',  ( 0.000000000000000000, -1.000000000000000000, 0.000000000000000000 ) ) ;
#2573 = CARTESIAN_POINT ( 'NONE',  ( 47.02500206014519790, -40.76931592906048962, 28.04134375730104622 ) ) ;
#2574 = DIRECTION ( 'NONE',  ( 0.000000000000000000, -0.000000000000000000, 1.000000000000000000 ) ) ;
#2575 = CARTESIAN_POINT ( 'NONE',  ( -51.70827717210491414, -32.49972538828756541, 0.000000000000000000 ) ) ;
#2576 = CARTESIAN_POINT ( 'NONE',  ( 2.074954986571962312, -57.07508182525601370, 28.04134375730104622 ) ) ;
#2577 = AXIS2_PLACEMENT_3D ( 'NONE', #6021, #3468, #3105 ) ;
#2578 = ORIENTED_EDGE ( 'NONE', *, *, #3613, .F. ) ;
#2579 = VERTEX_POINT ( 'NONE', #3101 ) ;
#2580 = EDGE_CURVE ( 'NONE', #2400, #5631, #1621, .T. ) ;
#2581 = CARTESIAN_POINT ( 'NONE',  ( 50.52500206014519790, -33.14931592906049218, 0.000000000000000000 ) ) ;
#2582 = DIRECTION ( 'NONE',  ( -4.180742545671762101E-15, -4.371140887755362005E-08, -0.9999999999999992228 ) ) ;
#2583 = AXIS2_PLACEMENT_3D ( 'NONE', #1417, #5809, #4762 ) ;
#2584 = CYLINDRICAL_SURFACE ( 'NONE', #5451, 2.000000000000001776 ) ;
#2585 = EDGE_CURVE ( 'NONE', #3031, #4717, #3606, .T. ) ;
#2586 = EDGE_LOOP ( 'NONE', ( #1409, #2924 ) ) ;
#2587 = ORIENTED_EDGE ( 'NONE', *, *, #5941, .T. ) ;
#2588 = LINE ( 'NONE', #4488, #3753 ) ;
#2589 = CARTESIAN_POINT ( 'NONE',  ( 50.52500206014519790, -33.14931592906049218, 28.04134375730104622 ) ) ;
#2590 = ORIENTED_EDGE ( 'NONE', *, *, #3669, .F. ) ;
#2591 = ORIENTED_EDGE ( 'NONE', *, *, #1769, .F. ) ;
#2592 = CARTESIAN_POINT ( 'NONE',  ( 38.00000000000000000, 28.00000000000002842, 3.000000000000000000 ) ) ;
#2593 = CYLINDRICAL_SURFACE ( 'NONE', #1461, 7.999999999999996447 ) ;
#2594 = VERTEX_POINT ( 'NONE', #424 ) ;
#2595 = ORIENTED_EDGE ( 'NONE', *, *, #4084, .T. ) ;
#2596 = EDGE_CURVE ( 'NONE', #303, #3208, #5558, .T. ) ;
#2597 = CARTESIAN_POINT ( 'NONE',  ( 40.00000000000000000, 28.00000000000002842, 3.000000000000000000 ) ) ;
#2598 = LINE ( 'NONE', #5690, #2158 ) ;
#2599 = DIRECTION ( 'NONE',  ( -0.000000000000000000, -0.000000000000000000, -1.000000000000000000 ) ) ;
#2600 = CARTESIAN_POINT ( 'NONE',  ( -42.63473434031897824, -32.49987306896335326, 36.80533964869712804 ) ) ;
#2601 = CARTESIAN_POINT ( 'NONE',  ( -55.00000000000000000, -55.00000000000000000, 3.000000000000000000 ) ) ;
#2602 = VERTEX_POINT ( 'NONE', #4325 ) ;
#2603 = ORIENTED_EDGE ( 'NONE', *, *, #3194, .F. ) ;
#2604 = DIRECTION ( 'NONE',  ( -1.000000000000000000, 0.000000000000000000, 0.000000000000000000 ) ) ;
#2605 = DIRECTION ( 'NONE',  ( 0.000000000000000000, -0.9999999999999991118, 4.371140884147639571E-08 ) ) ;
#2606 = PLANE ( 'NONE',  #2120 ) ;
#2607 = VERTEX_POINT ( 'NONE', #934 ) ;
#2608 = ADVANCED_FACE ( 'NONE', ( #2417 ), #5668, .F. ) ;
#2609 = ORIENTED_EDGE ( 'NONE', *, *, #1735, .T. ) ;
#2610 = DIRECTION ( 'NONE',  ( 0.000000000000000000, -0.9999999999999991118, 4.371140887245352218E-08 ) ) ;
#2611 = FACE_OUTER_BOUND ( 'NONE', #3592, .T. ) ;
#2612 = FACE_OUTER_BOUND ( 'NONE', #1415, .T. ) ;
#2613 = ADVANCED_FACE ( 'NONE', ( #5757 ), #391, .F. ) ;
#2614 = ORIENTED_EDGE ( 'NONE', *, *, #3260, .T. ) ;
#2615 = ORIENTED_EDGE ( 'NONE', *, *, #209, .F. ) ;
#2616 = CARTESIAN_POINT ( 'NONE',  ( -42.99987792968802580, -5.499931335448994929, 36.80533964869712804 ) ) ;
#2617 = ORIENTED_EDGE ( 'NONE', *, *, #4997, .F. ) ;
#2618 = EDGE_CURVE ( 'NONE', #2959, #45, #3391, .T. ) ;
#2619 = ORIENTED_EDGE ( 'NONE', *, *, #1753, .T. ) ;
#2620 = AXIS2_PLACEMENT_3D ( 'NONE', #1182, #1764, #6023 ) ;
#2621 = CARTESIAN_POINT ( 'NONE',  ( -30.49987792968802225, -5.499931335448994929, 3.000000000000000000 ) ) ;
#2622 = DIRECTION ( 'NONE',  ( -0.000000000000000000, -0.000000000000000000, -1.000000000000000000 ) ) ;
#2623 = PERSON_AND_ORGANIZATION_ROLE ( 'design_owner' ) ;
#2624 = CARTESIAN_POINT ( 'NONE',  ( -30.49987792968801514, -5.499931269881881413, 1.449999277977991108 ) ) ;
#2625 = CARTESIAN_POINT ( 'NONE',  ( 37.42808115996353280, -1.499931335448999592, 3.000000000000000000 ) ) ;
#2626 = CARTESIAN_POINT ( 'NONE',  ( 29.96453803689026785, -18.91234094049699976, 1.449999864253068038 ) ) ;
#2627 = VECTOR ( 'NONE', #1066, 1000.000000000000000 ) ;
#2628 = AXIS2_PLACEMENT_3D ( 'NONE', #1047, #4377, #1965 ) ;
#2629 = EDGE_CURVE ( 'NONE', #6229, #5839, #2300, .T. ) ;
#2630 = ORIENTED_EDGE ( 'NONE', *, *, #1414, .F. ) ;
#2631 = ORIENTED_EDGE ( 'NONE', *, *, #551, .F. ) ;
#2632 = DIRECTION ( 'NONE',  ( -0.000000000000000000, -0.000000000000000000, 1.000000000000000000 ) ) ;
#2633 = CARTESIAN_POINT ( 'NONE',  ( 0.000000000000000000, 0.000000000000000000, 0.000000000000000000 ) ) ;
#2634 = LINE ( 'NONE', #769, #6080 ) ;
#2635 = VECTOR ( 'NONE', #220, 1000.000000000000000 ) ;
#2636 = DIRECTION ( 'NONE',  ( -1.000000000000000000, 0.000000000000000000, 0.000000000000000000 ) ) ;
#2637 = EDGE_CURVE ( 'NONE', #5703, #3424, #361, .T. ) ;
#2638 = VERTEX_POINT ( 'NONE', #6150 ) ;
#2639 = VECTOR ( 'NONE', #5352, 1000.000000000000000 ) ;
#2640 = AXIS2_PLACEMENT_3D ( 'NONE', #366, #2741, #5202 ) ;
#2641 = ORIENTED_EDGE ( 'NONE', *, *, #2580, .T. ) ;
#2642 = DIRECTION ( 'NONE',  ( -0.000000000000000000, -0.000000000000000000, -1.000000000000000000 ) ) ;
#2643 = DIRECTION ( 'NONE',  ( 1.000000000000000000, -2.775557561562891351E-15, 0.000000000000000000 ) ) ;
#2644 = DIRECTION ( 'NONE',  ( 0.000000000000000000, 0.000000000000000000, 1.000000000000000000 ) ) ;
#2645 = AXIS2_PLACEMENT_3D ( 'NONE', #5061, #360, #326 ) ;
#2646 = CYLINDRICAL_SURFACE ( 'NONE', #5931, 1.000000000000000888 ) ;
#2647 = VERTEX_POINT ( 'NONE', #900 ) ;
#2648 = ORIENTED_EDGE ( 'NONE', *, *, #3679, .T. ) ;
#2649 = AXIS2_PLACEMENT_3D ( 'NONE', #5797, #4744, #4298 ) ;
#2650 = CARTESIAN_POINT ( 'NONE',  ( 39.16013196753240777, -0.4999313354489935968, 1.449999059420913117 ) ) ;
#2651 = LINE ( 'NONE', #162, #3562 ) ;
#2652 = ORIENTED_EDGE ( 'NONE', *, *, #269, .F. ) ;
#2653 = ORIENTED_EDGE ( 'NONE', *, *, #3140, .F. ) ;
#2654 = EDGE_CURVE ( 'NONE', #1210, #1171, #4334, .T. ) ;
#2655 = EDGE_CURVE ( 'NONE', #5442, #1390, #4641, .T. ) ;
#2656 = CARTESIAN_POINT ( 'NONE',  ( 0.3249549865719605357, -57.07508182525601370, 28.04134375730104622 ) ) ;
#2657 = DIRECTION ( 'NONE',  ( 0.000000000000000000, -0.9999999999999990008, 4.371140884147641557E-08 ) ) ;
#2658 = DIRECTION ( 'NONE',  ( -0.000000000000000000, -0.000000000000000000, -1.000000000000000000 ) ) ;
#2659 = CIRCLE ( 'NONE', #6205, 0.5000000000000004441 ) ;
#2660 = FACE_OUTER_BOUND ( 'NONE', #3862, .T. ) ;
#2661 = DIRECTION ( 'NONE',  ( -0.000000000000000000, -0.000000000000000000, -1.000000000000000000 ) ) ;
#2662 = CARTESIAN_POINT ( 'NONE',  ( 55.67099752524903522, -33.09477641991259844, 28.04134375730104622 ) ) ;
#2663 = ORIENTED_EDGE ( 'NONE', *, *, #1009, .T. ) ;
#2664 = VERTEX_POINT ( 'NONE', #1377 ) ;
#2665 = CYLINDRICAL_SURFACE ( 'NONE', #1217, 7.000000000000002665 ) ;
#2666 = CARTESIAN_POINT ( 'NONE',  ( 17.99963378098338396, -35.50106340185905651, 0.000000000000000000 ) ) ;
#2667 = DIRECTION ( 'NONE',  ( -1.000000000000000000, 0.000000000000000000, 0.000000000000000000 ) ) ;
#2668 = EDGE_CURVE ( 'NONE', #4556, #3281, #1423, .T. ) ;
#2669 = CARTESIAN_POINT ( 'NONE',  ( -56.25248347830570594, -33.76592310238539341, 0.000000000000000000 ) ) ;
#2670 = CIRCLE ( 'NONE', #6215, 12.50000000000000533 ) ;
#2671 = CIRCLE ( 'NONE', #5296, 12.50000000000000000 ) ;
#2672 = EDGE_LOOP ( 'NONE', ( #2910, #6152, #5377, #1818, #1760, #6072, #5871, #5738, #3386, #4013 ) ) ;
#2673 = VERTEX_POINT ( 'NONE', #6220 ) ;
#2674 = CYLINDRICAL_SURFACE ( 'NONE', #2577, 1.999999999999994893 ) ;
#2675 = CIRCLE ( 'NONE', #63, 0.5000000000000004441 ) ;
#2676 = PLANE ( 'NONE',  #5784 ) ;
#2677 = ADVANCED_FACE ( 'NONE', ( #1881 ), #1939, .F. ) ;
#2678 = CYLINDRICAL_SURFACE ( 'NONE', #4740, 1.750000000000001554 ) ;
#2679 = DIRECTION ( 'NONE',  ( -0.000000000000000000, -0.000000000000000000, -1.000000000000000000 ) ) ;
#2680 = ORIENTED_EDGE ( 'NONE', *, *, #5064, .T. ) ;
#2681 = CIRCLE ( 'NONE', #865, 1.999999999999996669 ) ;
#2682 = ORIENTED_EDGE ( 'NONE', *, *, #1891, .T. ) ;
#2683 = ORIENTED_EDGE ( 'NONE', *, *, #4783, .F. ) ;
#2684 = DIRECTION ( 'NONE',  ( -0.000000000000000000, -0.000000000000000000, -1.000000000000000000 ) ) ;
#2685 = DIRECTION ( 'NONE',  ( -1.000000000000000000, 0.000000000000000000, 0.000000000000000000 ) ) ;
#2686 = EDGE_LOOP ( 'NONE', ( #6089, #2354, #5764, #764, #3004, #2436, #4179, #4371, #2343, #1187 ) ) ;
#2687 = ADVANCED_FACE ( 'NONE', ( #3263 ), #964, .F. ) ;
#2688 = ORIENTED_EDGE ( 'NONE', *, *, #5231, .T. ) ;
#2689 = LINE ( 'NONE', #3594, #5861 ) ;
#2690 = CARTESIAN_POINT ( 'NONE',  ( 37.42790211420572888, -31.50117616558996403, 1.450000414529008852 ) ) ;
#2691 = CARTESIAN_POINT ( 'NONE',  ( 35.21007646689129444, -52.94007753325929855, 1.450001351653348092 ) ) ;
#2692 = DIRECTION ( 'NONE',  ( -0.000000000000000000, 0.000000000000000000, -1.000000000000000000 ) ) ;
#2693 = LINE ( 'NONE', #3189, #586 ) ;
#2694 = CYLINDRICAL_SURFACE ( 'NONE', #4895, 7.999999999999996447 ) ;
#2695 = EDGE_CURVE ( 'NONE', #3995, #1186, #5195, .T. ) ;
#2696 = ORIENTED_EDGE ( 'NONE', *, *, #1624, .F. ) ;
#2697 = EDGE_LOOP ( 'NONE', ( #730, #5818, #5855, #3791 ) ) ;
#2698 = DIRECTION ( 'NONE',  ( -0.000000000000000000, -0.000000000000000000, -1.000000000000000000 ) ) ;
#2699 = CARTESIAN_POINT ( 'NONE',  ( -56.25248347830570594, -31.76592310238539341, 0.000000000000000000 ) ) ;
#2700 = CARTESIAN_POINT ( 'NONE',  ( 60.99999999999999289, -60.99999999999999289, 3.000000000000000000 ) ) ;
#2701 = DIRECTION ( 'NONE',  ( 1.000000000000000000, 0.000000000000000000, 0.000000000000000000 ) ) ;
#2702 = EDGE_LOOP ( 'NONE', ( #1685, #460, #4657, #1637 ) ) ;
#2703 = ORIENTED_EDGE ( 'NONE', *, *, #1418, .F. ) ;
#2704 = CYLINDRICAL_SURFACE ( 'NONE', #5996, 2.000000000000000000 ) ;
#2705 = AXIS2_PLACEMENT_3D ( 'NONE', #497, #2051, #5901 ) ;
#2706 = LINE ( 'NONE', #2233, #1639 ) ;
#2707 = CARTESIAN_POINT ( 'NONE',  ( 47.02500206014519790, -38.50133236859078067, 1.450000720515407959 ) ) ;
#2708 = FACE_OUTER_BOUND ( 'NONE', #5164, .T. ) ;
#2709 = DIRECTION ( 'NONE',  ( -0.000000000000000000, -0.000000000000000000, -1.000000000000000000 ) ) ;
#2710 = ORIENTED_EDGE ( 'NONE', *, *, #2195, .F. ) ;
#2711 = EDGE_CURVE ( 'NONE', #4974, #1759, #4781, .T. ) ;
#2712 = ORIENTED_EDGE ( 'NONE', *, *, #5244, .F. ) ;
#2713 = CYLINDRICAL_SURFACE ( 'NONE', #6063, 3.500000000000003109 ) ;
#2714 = CARTESIAN_POINT ( 'NONE',  ( -58.25248347830570594, -43.92592313267459048, 0.000000000000000000 ) ) ;
#2715 = VERTEX_POINT ( 'NONE', #6247 ) ;
#2716 = ORIENTED_EDGE ( 'NONE', *, *, #2711, .F. ) ;
#2717 = CARTESIAN_POINT ( 'NONE',  ( -39.16045748684096850, -40.49992961723538087, 1.450000807877520614 ) ) ;
#2718 = CYLINDRICAL_SURFACE ( 'NONE', #1221, 1.750000000000001554 ) ;
#2719 = CALENDAR_DATE ( 2024, 1, 3 ) ;
#2720 = DIRECTION ( 'NONE',  ( 0.000000000000000000, -0.9999999999999991118, 4.371140887245356850E-08 ) ) ;
#2721 = EDGE_CURVE ( 'NONE', #3979, #5888, #2845, .T. ) ;
#2722 = DIRECTION ( 'NONE',  ( 0.000000000000000000, -0.9999999999999991118, 4.371140887245352218E-08 ) ) ;
#2723 = AXIS2_PLACEMENT_3D ( 'NONE', #1169, #4535, #224 ) ;
#2724 = CARTESIAN_POINT ( 'NONE',  ( 42.83862901053436190, -33.50126423066255654, 0.000000000000000000 ) ) ;
#2725 = VERTEX_POINT ( 'NONE', #4812 ) ;
#2726 = AXIS2_PLACEMENT_3D ( 'NONE', #2171, #4553, #1317 ) ;
#2727 = ORIENTED_EDGE ( 'NONE', *, *, #5571, .T. ) ;
#2728 = CARTESIAN_POINT ( 'NONE',  ( 65.99999999999998579, 61.00000000000004263, 0.000000000000000000 ) ) ;
#2729 = DIRECTION ( 'NONE',  ( 0.000000000000000000, -0.9999999999999991118, 4.371140884147646851E-08 ) ) ;
#2730 = CARTESIAN_POINT ( 'NONE',  ( 39.15996919751131600, -30.50120435652268824, 3.000000000000000000 ) ) ;
#2731 = AXIS2_PLACEMENT_3D ( 'NONE', #4668, #3181, #1325 ) ;
#2732 = FACE_OUTER_BOUND ( 'NONE', #5137, .T. ) ;
#2733 = AXIS2_PLACEMENT_3D ( 'NONE', #2520, #3423, #5360 ) ;
#2734 = EDGE_LOOP ( 'NONE', ( #3971, #5578, #4967, #2377 ) ) ;
#2735 = ORIENTED_EDGE ( 'NONE', *, *, #651, .T. ) ;
#2736 = AXIS2_PLACEMENT_3D ( 'NONE', #4746, #4299, #4268 ) ;
#2737 = CARTESIAN_POINT ( 'NONE',  ( 39.16013196753240777, -2.499931335448995373, 0.000000000000000000 ) ) ;
#2738 = CIRCLE ( 'NONE', #16, 7.000000000000002665 ) ;
#2739 = DIRECTION ( 'NONE',  ( -1.000000000000000000, 0.000000000000000000, 0.000000000000000000 ) ) ;
#2740 = EDGE_CURVE ( 'NONE', #5652, #8, #2768, .T. ) ;
#2741 = DIRECTION ( 'NONE',  ( -4.180742545671762101E-15, -4.371140887755362005E-08, -0.9999999999999992228 ) ) ;
#2742 = FACE_BOUND ( 'NONE', #4800, .T. ) ;
#2743 = LINE ( 'NONE', #3687, #3604 ) ;
#2744 = AXIS2_PLACEMENT_3D ( 'NONE', #1583, #70, #3497 ) ;
#2745 = EDGE_LOOP ( 'NONE', ( #4272, #3853, #2998, #4116 ) ) ;
#2746 = ORIENTED_EDGE ( 'NONE', *, *, #3033, .T. ) ;
#2747 = VECTOR ( 'NONE', #4605, 1000.000000000000000 ) ;
#2748 = DIRECTION ( 'NONE',  ( 0.000000000000000000, 0.000000000000000000, -1.000000000000000000 ) ) ;
#2749 = CIRCLE ( 'NONE', #28, 2.000000000000003553 ) ;
#2750 = ADVANCED_FACE ( 'NONE', ( #3766 ), #1566, .F. ) ;
#2751 = CARTESIAN_POINT ( 'NONE',  ( 36.56205575617909176, -8.999931335448998482, 1.449999430967899405 ) ) ;
#2752 = ORIENTED_EDGE ( 'NONE', *, *, #3967, .F. ) ;
#2753 = AXIS2_PLACEMENT_3D ( 'NONE', #1849, #512, #3765 ) ;
#2754 = VERTEX_POINT ( 'NONE', #634 ) ;
#2755 = AXIS2_PLACEMENT_3D ( 'NONE', #5926, #2048, #1154 ) ;
#2756 = CARTESIAN_POINT ( 'NONE',  ( 15.53999999999997961, -18.54000000000002402, 28.04134375730104622 ) ) ;
#2757 = CARTESIAN_POINT ( 'NONE',  ( 15.53999999999997783, -13.46000116234514543, 1.449999625923674484 ) ) ;
#2758 = DIRECTION ( 'NONE',  ( 4.180742545671762101E-15, 4.371140887755362005E-08, 0.9999999999999992228 ) ) ;
#2759 = EDGE_CURVE ( 'NONE', #1116, #480, #2346, .T. ) ;
#2760 = DIRECTION ( 'NONE',  ( 0.000000000000000000, 0.000000000000000000, 1.000000000000000000 ) ) ;
#2761 = PLANE ( 'NONE',  #2925 ) ;
#2762 = LINE ( 'NONE', #1750, #4795 ) ;
#2763 = VERTEX_POINT ( 'NONE', #5385 ) ;
#2764 = VECTOR ( 'NONE', #5849, 1000.000000000000000 ) ;
#2765 = FACE_OUTER_BOUND ( 'NONE', #340, .T. ) ;
#2766 = LINE ( 'NONE', #6245, #3559 ) ;
#2767 = CARTESIAN_POINT ( 'NONE',  ( -61.00000000000001421, -66.00000000000000000, 0.000000000000000000 ) ) ;
#2768 = LINE ( 'NONE', #1850, #714 ) ;
#2769 = VECTOR ( 'NONE', #3723, 1000.000000000000000 ) ;
#2770 = ORIENTED_EDGE ( 'NONE', *, *, #4596, .F. ) ;
#2771 = AXIS2_PLACEMENT_3D ( 'NONE', #5011, #189, #3528 ) ;
#2772 = VERTEX_POINT ( 'NONE', #50 ) ;
#2773 = LINE ( 'NONE', #6153, #2783 ) ;
#2774 = FACE_OUTER_BOUND ( 'NONE', #1851, .T. ) ;
#2775 = CARTESIAN_POINT ( 'NONE',  ( 30.49987792968802225, -5.499931335448994929, 0.000000000000000000 ) ) ;
#2776 = DIRECTION ( 'NONE',  ( 0.000000000000000000, 0.000000000000000000, -1.000000000000000000 ) ) ;
#2777 = DIRECTION ( 'NONE',  ( 0.000000000000000000, 0.000000000000000000, 1.000000000000000000 ) ) ;
#2778 = ORIENTED_EDGE ( 'NONE', *, *, #107, .F. ) ;
#2779 = ADVANCED_FACE ( 'NONE', ( #2068 ), #3481, .F. ) ;
#2780 = ORIENTED_EDGE ( 'NONE', *, *, #1681, .F. ) ;
#2781 = CIRCLE ( 'NONE', #3377, 5.999999999999998224 ) ;
#2782 = LINE ( 'NONE', #3657, #4517 ) ;
#2783 = VECTOR ( 'NONE', #1884, 1000.000000000000000 ) ;
#2784 = CARTESIAN_POINT ( 'NONE',  ( 30.49963378098338396, -35.50106340185905651, 1.450000589369740300 ) ) ;
#2785 = VERTEX_POINT ( 'NONE', #106 ) ;
#2786 = ORIENTED_EDGE ( 'NONE', *, *, #2561, .T. ) ;
#2787 = DIRECTION ( 'NONE',  ( -6.829619963800057503E-16, 1.000000000000000000, 0.000000000000000000 ) ) ;
#2788 = CARTESIAN_POINT ( 'NONE',  ( 50.52500206014519790, -33.14931709140557814, 1.450000486571265901 ) ) ;
#2789 = FACE_OUTER_BOUND ( 'NONE', #3310, .T. ) ;
#2790 = DIRECTION ( 'NONE',  ( 0.000000000000000000, 0.000000000000000000, -1.000000000000000000 ) ) ;
#2791 = EDGE_LOOP ( 'NONE', ( #1496, #771, #4279, #2501, #5730, #3671 ) ) ;
#2792 = VERTEX_POINT ( 'NONE', #5823 ) ;
#2793 = EDGE_CURVE ( 'NONE', #1294, #2754, #22, .T. ) ;
#2794 = FACE_OUTER_BOUND ( 'NONE', #814, .T. ) ;
#2795 = CARTESIAN_POINT ( 'NONE',  ( 10.99999999999997513, -20.54000000000002757, 1.449999935400410278 ) ) ;
#2796 = CARTESIAN_POINT ( 'NONE',  ( 29.07826691783824913, -17.91882911790084876, 36.80533964869712804 ) ) ;
#2797 = CARTESIAN_POINT ( 'NONE',  ( 33.46453803689025364, -17.59676082486349813, 1.449999806747190423 ) ) ;
#2798 = VERTEX_POINT ( 'NONE', #602 ) ;
#2799 = ORIENTED_EDGE ( 'NONE', *, *, #4654, .F. ) ;
#2800 = DIRECTION ( 'NONE',  ( 0.9999999999999961142, 8.742277677795539484E-08, -8.002115286624055570E-15 ) ) ;
#2801 = FACE_OUTER_BOUND ( 'NONE', #2079, .T. ) ;
#2802 = CARTESIAN_POINT ( 'NONE',  ( 14.95999999999997954, -28.25000000000002487, 1.450000272415357561 ) ) ;
#2803 = CYLINDRICAL_SURFACE ( 'NONE', #1608, 3.500000000000003109 ) ;
#2804 = EDGE_CURVE ( 'NONE', #3734, #1208, #5852, .T. ) ;
#2805 = ORIENTED_EDGE ( 'NONE', *, *, #2384, .F. ) ;
#2806 = ORIENTED_EDGE ( 'NONE', *, *, #1033, .F. ) ;
#2807 = CARTESIAN_POINT ( 'NONE',  ( 15.53999999999997783, -13.46000000000002927, 0.000000000000000000 ) ) ;
#2808 = EDGE_CURVE ( 'NONE', #3199, #3643, #1503, .T. ) ;
#2809 = LINE ( 'NONE', #3809, #6102 ) ;
#2810 = ORIENTED_EDGE ( 'NONE', *, *, #5314, .F. ) ;
#2811 = AXIS2_PLACEMENT_3D ( 'NONE', #5584, #1318, #1258 ) ;
#2812 = ORIENTED_EDGE ( 'NONE', *, *, #2230, .F. ) ;
#2813 = DIRECTION ( 'NONE',  ( -0.000000000000000000, -0.000000000000000000, -1.000000000000000000 ) ) ;
#2814 = CARTESIAN_POINT ( 'NONE',  ( -13.92494201660204212, -57.37510013580300949, 1.450001545514639778 ) ) ;
#2815 = EDGE_CURVE ( 'NONE', #3924, #6164, #3416, .T. ) ;
#2816 = PERSON_AND_ORGANIZATION ( #1498, #3540 ) ;
#2817 = DIRECTION ( 'NONE',  ( -0.000000000000000000, -0.000000000000000000, -1.000000000000000000 ) ) ;
#2818 = CARTESIAN_POINT ( 'NONE',  ( -36.56224293011970872, -31.99997190456163665, 3.000000000000000000 ) ) ;
#2819 = ORIENTED_EDGE ( 'NONE', *, *, #3915, .F. ) ;
#2820 = ORIENTED_EDGE ( 'NONE', *, *, #1497, .T. ) ;
#2821 = DIRECTION ( 'NONE',  ( 1.000000000000000000, 0.000000000000000000, 0.000000000000000000 ) ) ;
#2822 = CARTESIAN_POINT ( 'NONE',  ( 30.49963378098338396, -35.50106340185905651, 0.000000000000000000 ) ) ;
#2823 = CARTESIAN_POINT ( 'NONE',  ( 35.21007646689140813, -50.94007753325929855, 0.000000000000000000 ) ) ;
#2824 = DIRECTION ( 'NONE',  ( 0.000000000000000000, -0.000000000000000000, 1.000000000000000000 ) ) ;
#2825 = EDGE_CURVE ( 'NONE', #915, #4777, #124, .T. ) ;
#2826 = ORIENTED_EDGE ( 'NONE', *, *, #1753, .F. ) ;
#2827 = VERTEX_POINT ( 'NONE', #2513 ) ;
#2828 = DIRECTION ( 'NONE',  ( 4.180742545671757368E-15, 4.371140887755362005E-08, 0.9999999999999991118 ) ) ;
#2829 = CARTESIAN_POINT ( 'NONE',  ( 55.00000000000000000, 55.00000000000000711, 3.000000000000000000 ) ) ;
#2830 = AXIS2_PLACEMENT_3D ( 'NONE', #4305, #4332, #2369 ) ;
#2831 = CARTESIAN_POINT ( 'NONE',  ( 47.37007602278353602, -50.94007753325929855, 0.000000000000000000 ) ) ;
#2832 = DIRECTION ( 'NONE',  ( -0.000000000000000000, -0.000000000000000000, -1.000000000000000000 ) ) ;
#2833 = EDGE_CURVE ( 'NONE', #5631, #159, #1590, .T. ) ;
#2834 = ORIENTED_EDGE ( 'NONE', *, *, #1532, .T. ) ;
#2835 = CIRCLE ( 'NONE', #2733, 3.000000000000000444 ) ;
#2836 = CIRCLE ( 'NONE', #507, 1.000000000000001776 ) ;
#2837 = AXIS2_PLACEMENT_3D ( 'NONE', #3089, #249, #3629 ) ;
#2838 = ORIENTED_EDGE ( 'NONE', *, *, #135, .F. ) ;
#2839 = DIRECTION ( 'NONE',  ( -0.000000000000000000, 1.000000000000000000, -0.000000000000000000 ) ) ;
#2840 = AXIS2_PLACEMENT_3D ( 'NONE', #5635, #3706, #1281 ) ;
#2841 = VECTOR ( 'NONE', #334, 1000.000000000000000 ) ;
#2842 = DIRECTION ( 'NONE',  ( 0.000000000000000000, 0.000000000000000000, 1.000000000000000000 ) ) ;
#2843 = ORIENTED_EDGE ( 'NONE', *, *, #1311, .T. ) ;
#2844 = ORIENTED_EDGE ( 'NONE', *, *, #2084, .F. ) ;
#2845 = CIRCLE ( 'NONE', #1026, 1.750000000000003109 ) ;
#2846 = EDGE_CURVE ( 'NONE', #996, #5496, #5771, .T. ) ;
#2847 = CARTESIAN_POINT ( 'NONE',  ( -51.70828531008798024, -32.99972538822133572, 1.450000480032824557 ) ) ;
#2848 = CIRCLE ( 'NONE', #830, 2.999999999999995559 ) ;
#2849 = DIRECTION ( 'NONE',  ( 0.000000000000000000, 0.000000000000000000, -1.000000000000000000 ) ) ;
#2850 = DIRECTION ( 'NONE',  ( 0.000000000000000000, -0.9999999999999991118, 4.371140886858148311E-08 ) ) ;
#2851 = DATE_AND_TIME ( #5243, #4451 ) ;
#2852 = CARTESIAN_POINT ( 'NONE',  ( 39.16013196753240777, -8.499931335448993153, 0.000000000000000000 ) ) ;
#2853 = CARTESIAN_POINT ( 'NONE',  ( -51.70808186218739166, -8.499931335448993153, 0.000000000000000000 ) ) ;
#2854 = VERTEX_POINT ( 'NONE', #3914 ) ;
#2855 = EDGE_CURVE ( 'NONE', #1420, #1324, #2238, .T. ) ;
#2856 = ORIENTED_EDGE ( 'NONE', *, *, #1432, .T. ) ;
#2857 = CARTESIAN_POINT ( 'NONE',  ( -39.16034355507807874, -33.49992961816254677, 3.000000000000000000 ) ) ;
#2858 = DIRECTION ( 'NONE',  ( 1.000000000000000000, 0.000000000000000000, 0.000000000000000000 ) ) ;
#2859 = DIRECTION ( 'NONE',  ( -0.000000000000000000, -0.000000000000000000, -1.000000000000000000 ) ) ;
#2860 = AXIS2_PLACEMENT_3D ( 'NONE', #1315, #3173, #2643 ) ;
#2861 = DIRECTION ( 'NONE',  ( 1.000000000000000000, 2.081668171172166620E-14, 0.000000000000000000 ) ) ;
#2862 = ORIENTED_EDGE ( 'NONE', *, *, #3524, .F. ) ;
#2863 = ORIENTED_EDGE ( 'NONE', *, *, #635, .T. ) ;
#2864 = CIRCLE ( 'NONE', #2564, 12.50000000000000000 ) ;
#2865 = DIRECTION ( 'NONE',  ( -1.000000000000000000, 0.000000000000000000, 0.000000000000000000 ) ) ;
#2866 = EDGE_CURVE ( 'NONE', #3518, #5466, #3948, .T. ) ;
#2867 = DIRECTION ( 'NONE',  ( 1.000000000000000000, -0.000000000000000000, -0.000000000000000000 ) ) ;
#2868 = CARTESIAN_POINT ( 'NONE',  ( 37.42808115996353280, -1.499931335448996927, 1.449999103132329381 ) ) ;
#2869 = CARTESIAN_POINT ( 'NONE',  ( 37.42808115996353280, -9.499931335448987824, 1.449999452823600210 ) ) ;
#2870 = CIRCLE ( 'NONE', #1048, 1.750000000000001554 ) ;
#2871 = EDGE_LOOP ( 'NONE', ( #3229, #1282, #6146, #291, #4672, #2812, #1005, #872 ) ) ;
#2872 = ORIENTED_EDGE ( 'NONE', *, *, #712, .T. ) ;
#2873 = EDGE_CURVE ( 'NONE', #1499, #3439, #4649, .T. ) ;
#2874 = CIRCLE ( 'NONE', #5990, 3.000000000000000888 ) ;
#2875 = VECTOR ( 'NONE', #1161, 1000.000000000000000 ) ;
#2876 = CARTESIAN_POINT ( 'NONE',  ( 39.16013196753240777, -3.499931335448993597, 0.000000000000000000 ) ) ;
#2877 = CARTESIAN_POINT ( 'NONE',  ( 31.71453800660105316, -20.13675966251838645, 0.000000000000000000 ) ) ;
#2878 = VECTOR ( 'NONE', #917, 1000.000000000000000 ) ;
#2879 = ORIENTED_EDGE ( 'NONE', *, *, #5317, .F. ) ;
#2880 = CIRCLE ( 'NONE', #5899, 1.750000000000003109 ) ;
#2881 = ORIENTED_EDGE ( 'NONE', *, *, #2793, .F. ) ;
#2882 = CARTESIAN_POINT ( 'NONE',  ( 39.15983898978127797, -38.50120435546305941, 1.450000720510095764 ) ) ;
#2883 = CARTESIAN_POINT ( 'NONE',  ( 51.70787840058896734, -33.00140858619899120, 0.000000000000000000 ) ) ;
#2884 = LINE ( 'NONE', #3352, #5362 ) ;
#2885 = PLANE ( 'NONE',  #6064 ) ;
#2886 = EDGE_CURVE ( 'NONE', #393, #3055, #5942, .T. ) ;
#2887 = LINE ( 'NONE', #4773, #2935 ) ;
#2888 = VERTEX_POINT ( 'NONE', #3977 ) ;
#2889 = EDGE_CURVE ( 'NONE', #1401, #2412, #931, .T. ) ;
#2890 = EDGE_CURVE ( 'NONE', #4557, #3761, #3037, .T. ) ;
#2891 = VERTEX_POINT ( 'NONE', #5322 ) ;
#2892 = DIRECTION ( 'NONE',  ( 4.180742545671757368E-15, 4.371140887755362005E-08, 0.9999999999999991118 ) ) ;
#2893 = CARTESIAN_POINT ( 'NONE',  ( 30.49963378098338396, -35.50106340185905651, 1.450000589369740300 ) ) ;
#2894 = FACE_OUTER_BOUND ( 'NONE', #3152, .T. ) ;
#2895 = DIRECTION ( 'NONE',  ( 0.000000000000000000, -0.9999999999999991118, 4.371140887245352218E-08 ) ) ;
#2896 = EDGE_CURVE ( 'NONE', #3334, #1718, #991, .T. ) ;
#2897 = PLANE ( 'NONE',  #5226 ) ;
#2898 = ORIENTED_EDGE ( 'NONE', *, *, #5608, .T. ) ;
#2899 = ORIENTED_EDGE ( 'NONE', *, *, #3586, .T. ) ;
#2900 = CARTESIAN_POINT ( 'NONE',  ( -37.42839040353538138, -39.49995780816809798, 0.000000000000000000 ) ) ;
#2901 = DIRECTION ( 'NONE',  ( -0.000000000000000000, -0.000000000000000000, -1.000000000000000000 ) ) ;
#2902 = DIRECTION ( 'NONE',  ( -0.000000000000000000, -0.000000000000000000, -1.000000000000000000 ) ) ;
#2903 = EDGE_CURVE ( 'NONE', #1989, #4556, #1738, .T. ) ;
#2904 = ADVANCED_FACE ( 'NONE', ( #4030 ), #3092, .F. ) ;
#2905 = ORIENTED_EDGE ( 'NONE', *, *, #1905, .T. ) ;
#2906 = ORIENTED_EDGE ( 'NONE', *, *, #1444, .T. ) ;
#2907 = CYLINDRICAL_SURFACE ( 'NONE', #2583, 2.000000000000001776 ) ;
#2908 = DIRECTION ( 'NONE',  ( 0.000000000000000000, 0.000000000000000000, -1.000000000000000000 ) ) ;
#2909 = ADVANCED_FACE ( 'NONE', ( #3155 ), #2257, .T. ) ;
#2910 = ORIENTED_EDGE ( 'NONE', *, *, #5103, .T. ) ;
#2911 = VERTEX_POINT ( 'NONE', #4638 ) ;
#2912 = PLANE ( 'NONE',  #4276 ) ;
#2913 = CARTESIAN_POINT ( 'NONE',  ( 37.42777190647672114, -39.50117616453032809, 0.000000000000000000 ) ) ;
#2914 = DIRECTION ( 'NONE',  ( -0.000000000000000000, -0.000000000000000000, -1.000000000000000000 ) ) ;
#2915 = DIRECTION ( 'NONE',  ( 0.9999999998675463964, -1.627596612607036625E-05, 0.000000000000000000 ) ) ;
#2916 = ORIENTED_EDGE ( 'NONE', *, *, #3923, .T. ) ;
#2917 = ORIENTED_EDGE ( 'NONE', *, *, #4025, .F. ) ;
#2918 = CARTESIAN_POINT ( 'NONE',  ( 39.16013196753240777, -10.49993133544899493, 1.449999496535001819 ) ) ;
#2919 = DIRECTION ( 'NONE',  ( -1.000000000000000000, 0.000000000000000000, 0.000000000000000000 ) ) ;
#2920 = DIRECTION ( 'NONE',  ( -0.000000000000000000, -0.000000000000000000, -1.000000000000000000 ) ) ;
#2921 = CARTESIAN_POINT ( 'NONE',  ( -59.42498535135182181, 8.414992237443547296, 28.04134375730104622 ) ) ;
#2922 = DIRECTION ( 'NONE',  ( -0.000000000000000000, -0.000000000000000000, -1.000000000000000000 ) ) ;
#2923 = VERTEX_POINT ( 'NONE', #5087 ) ;
#2924 = ORIENTED_EDGE ( 'NONE', *, *, #1177, .F. ) ;
#2925 = AXIS2_PLACEMENT_3D ( 'NONE', #197, #3569, #5502 ) ;
#2926 = CYLINDRICAL_SURFACE ( 'NONE', #4354, 1.000000000000000888 ) ;
#2927 = LINE ( 'NONE', #2462, #5772 ) ;
#2928 = CYLINDRICAL_SURFACE ( 'NONE', #2830, 0.5000000000000004441 ) ;
#2929 = EDGE_LOOP ( 'NONE', ( #1530, #6059, #5181, #2979 ) ) ;
#2930 = ORIENTED_EDGE ( 'NONE', *, *, #4206, .F. ) ;
#2931 = AXIS2_PLACEMENT_3D ( 'NONE', #41, #675, #6 ) ;
#2932 = EDGE_CURVE ( 'NONE', #4201, #4845, #6007, .T. ) ;
#2933 = EDGE_CURVE ( 'NONE', #1700, #427, #1332, .T. ) ;
#2934 = DIRECTION ( 'NONE',  ( -4.180742545671762101E-15, -4.371140887755362005E-08, -0.9999999999999992228 ) ) ;
#2935 = VECTOR ( 'NONE', #6173, 1000.000000000000000 ) ;
#2936 = DIRECTION ( 'NONE',  ( -1.000000000000000000, 0.000000000000000000, 0.000000000000000000 ) ) ;
#2937 = ORIENTED_EDGE ( 'NONE', *, *, #5805, .T. ) ;
#2938 = ORIENTED_EDGE ( 'NONE', *, *, #2618, .F. ) ;
#2939 = LINE ( 'NONE', #5340, #1262 ) ;
#2940 = AXIS2_PLACEMENT_3D ( 'NONE', #2030, #1053, #47 ) ;
#2941 = EDGE_CURVE ( 'NONE', #5458, #2019, #2132, .T. ) ;
#2942 = DIRECTION ( 'NONE',  ( 1.000000000000000000, 0.000000000000000000, -4.180742545671766046E-15 ) ) ;
#2943 = CARTESIAN_POINT ( 'NONE',  ( 51.70788653857203343, -32.50140858626521378, 3.000000000000000000 ) ) ;
#2944 = PLANE ( 'NONE',  #2435 ) ;
#2945 = ORIENTED_EDGE ( 'NONE', *, *, #4084, .F. ) ;
#2946 = LOCAL_TIME ( 11, 28, 6.000000000000000000, #790 ) ;
#2947 = CIRCLE ( 'NONE', #2640, 1.750000000000003109 ) ;
#2948 = ORIENTED_EDGE ( 'NONE', *, *, #1106, .F. ) ;
#2949 = ADVANCED_FACE ( 'NONE', ( #2660 ), #5974, .F. ) ;
#2950 = CARTESIAN_POINT ( 'NONE',  ( -61.00000000000001421, -66.00000000000000000, 3.000000000000000000 ) ) ;
#2951 = DIRECTION ( 'NONE',  ( -0.000000000000000000, -0.000000000000000000, -1.000000000000000000 ) ) ;
#2952 = AXIS2_PLACEMENT_3D ( 'NONE', #2624, #3568, #4533 ) ;
#2953 = LINE ( 'NONE', #4876, #2250 ) ;
#2954 = AXIS2_PLACEMENT_3D ( 'NONE', #2775, #656, #1824 ) ;
#2955 = CARTESIAN_POINT ( 'NONE',  ( 30.50012016296398443, -5.499931335449008252, 3.000000000000000000 ) ) ;
#2956 = DIRECTION ( 'NONE',  ( -0.000000000000000000, -0.000000000000000000, -1.000000000000000000 ) ) ;
#2957 = ORIENTED_EDGE ( 'NONE', *, *, #3399, .T. ) ;
#2958 = AXIS2_PLACEMENT_3D ( 'NONE', #3999, #2116, #2486 ) ;
#2959 = VERTEX_POINT ( 'NONE', #4166 ) ;
#2960 = AXIS2_PLACEMENT_3D ( 'NONE', #4080, #1665, #6022 ) ;
#2961 = CARTESIAN_POINT ( 'NONE',  ( -43.00012207031303291, -35.50007057189900195, 0.000000000000000000 ) ) ;
#2962 = CYLINDRICAL_SURFACE ( 'NONE', #3545, 7.000000000000002665 ) ;
#2963 = FACE_OUTER_BOUND ( 'NONE', #5034, .T. ) ;
#2964 = ORIENTED_EDGE ( 'NONE', *, *, #6117, .F. ) ;
#2965 = ORIENTED_EDGE ( 'NONE', *, *, #6239, .F. ) ;
#2966 = CARTESIAN_POINT ( 'NONE',  ( 50.52500206014519790, -33.14931709140557814, 1.450000486571265901 ) ) ;
#2967 = CIRCLE ( 'NONE', #6101, 12.50000000000000355 ) ;
#2968 = CARTESIAN_POINT ( 'NONE',  ( 39.16013196753240777, -3.499931335448993597, 3.000000000000000000 ) ) ;
#2969 = EDGE_CURVE ( 'NONE', #3761, #5190, #1197, .T. ) ;
#2970 = ORIENTED_EDGE ( 'NONE', *, *, #176, .F. ) ;
#2971 = ORIENTED_EDGE ( 'NONE', *, *, #117, .F. ) ;
#2972 = VECTOR ( 'NONE', #4290, 999.9999999999998863 ) ;
#2973 = DIRECTION ( 'NONE',  ( 0.9999999998675463964, -1.627596612607036625E-05, 0.000000000000000000 ) ) ;
#2974 = CARTESIAN_POINT ( 'NONE',  ( 51.50000000000000000, -55.00000000000000000, 3.000000000000000000 ) ) ;
#2975 = DIRECTION ( 'NONE',  ( 0.000000000000000000, -0.000000000000000000, 1.000000000000000000 ) ) ;
#2976 = DIRECTION ( 'NONE',  ( 0.000000000000000000, -0.000000000000000000, 1.000000000000000000 ) ) ;
#2977 = ORIENTED_EDGE ( 'NONE', *, *, #1556, .T. ) ;
#2978 = ADVANCED_FACE ( 'NONE', ( #3123 ), #1713, .F. ) ;
#2979 = ORIENTED_EDGE ( 'NONE', *, *, #1695, .T. ) ;
#2980 = CIRCLE ( 'NONE', #1364, 1.750000000000001554 ) ;
#2981 = DIRECTION ( 'NONE',  ( 0.000000000000000000, -0.000000000000000000, -1.000000000000000000 ) ) ;
#2982 = CARTESIAN_POINT ( 'NONE',  ( 30.49963378098338396, -35.50106340185905651, 36.80533964869712804 ) ) ;
#2983 = DIRECTION ( 'NONE',  ( -1.000000000000000000, -1.051347561198064835E-16, 0.000000000000000000 ) ) ;
#2984 = DIRECTION ( 'NONE',  ( 0.000000000000000000, -0.9999999999999991118, 4.371140884147635601E-08 ) ) ;
#2985 = DIRECTION ( 'NONE',  ( -0.000000000000000000, 0.000000000000000000, -1.000000000000000000 ) ) ;
#2986 = AXIS2_PLACEMENT_3D ( 'NONE', #31, #2401, #4248 ) ;
#2987 = EDGE_CURVE ( 'NONE', #2428, #119, #726, .T. ) ;
#2988 = ORIENTED_EDGE ( 'NONE', *, *, #1857, .F. ) ;
#2989 = ORIENTED_EDGE ( 'NONE', *, *, #3489, .F. ) ;
#2990 = CARTESIAN_POINT ( 'NONE',  ( 8.999999999999975131, -13.46000000000002927, 0.000000000000000000 ) ) ;
#2991 = DIRECTION ( 'NONE',  ( 0.000000000000000000, -0.9999999999999991118, 4.371140887245352218E-08 ) ) ;
#2992 = CARTESIAN_POINT ( 'NONE',  ( 10.99999999999986322, -11.46000000000002927, 1.449999538500820861 ) ) ;
#2993 = VERTEX_POINT ( 'NONE', #5599 ) ;
#2994 = ORIENTED_EDGE ( 'NONE', *, *, #1981, .T. ) ;
#2995 = CARTESIAN_POINT ( 'NONE',  ( -42.83911729986401440, -37.49986974309550192, 36.80533964869712804 ) ) ;
#2996 = LINE ( 'NONE', #4921, #1771 ) ;
#2997 = ORIENTED_EDGE ( 'NONE', *, *, #604, .F. ) ;
#2998 = ORIENTED_EDGE ( 'NONE', *, *, #3404, .T. ) ;
#2999 = DIRECTION ( 'NONE',  ( -0.000000000000000000, -0.000000000000000000, 1.000000000000000000 ) ) ;
#3000 = EDGE_CURVE ( 'NONE', #4703, #4188, #5500, .T. ) ;
#3001 = DIRECTION ( 'NONE',  ( -1.000000000000000000, 0.000000000000000000, 0.000000000000000000 ) ) ;
#3002 = CARTESIAN_POINT ( 'NONE',  ( 0.000000000000000000, -15.99999999999998579, 3.000000000000000000 ) ) ;
#3003 = ORIENTED_EDGE ( 'NONE', *, *, #2655, .F. ) ;
#3004 = ORIENTED_EDGE ( 'NONE', *, *, #5997, .F. ) ;
#3005 = CARTESIAN_POINT ( 'NONE',  ( 13.53999999999997605, -18.54000000000002402, 28.04134375730104622 ) ) ;
#3006 = CARTESIAN_POINT ( 'NONE',  ( 17.49999999999998224, -26.50000000000002842, 28.04134375730104622 ) ) ;
#3007 = DIRECTION ( 'NONE',  ( 0.9999999998675463964, -1.627596612607036625E-05, 0.000000000000000000 ) ) ;
#3008 = EDGE_CURVE ( 'NONE', #3345, #1117, #223, .T. ) ;
#3009 = DIRECTION ( 'NONE',  ( -0.000000000000000000, 0.000000000000000000, -1.000000000000000000 ) ) ;
#3010 = LINE ( 'NONE', #1615, #387 ) ;
#3011 = DESIGN_CONTEXT ( 'detailed design', #5465, 'design' ) ;
#3012 = ORIENTED_EDGE ( 'NONE', *, *, #2668, .F. ) ;
#3013 = ORIENTED_EDGE ( 'NONE', *, *, #4213, .F. ) ;
#3014 = DIRECTION ( 'NONE',  ( -1.000000000000000000, 0.000000000000000000, 0.000000000000000000 ) ) ;
#3015 = DIRECTION ( 'NONE',  ( -0.000000000000000000, 0.000000000000000000, -1.000000000000000000 ) ) ;
#3016 = EDGE_CURVE ( 'NONE', #5847, #262, #2185, .T. ) ;
#3017 = DIRECTION ( 'NONE',  ( -4.180742545671762101E-15, -4.371140887755362005E-08, -0.9999999999999992228 ) ) ;
#3018 = ORIENTED_EDGE ( 'NONE', *, *, #152, .T. ) ;
#3019 = EDGE_LOOP ( 'NONE', ( #1951, #1079, #1751, #3387 ) ) ;
#3020 = DIRECTION ( 'NONE',  ( -1.000000000000000000, 0.000000000000000000, 0.000000000000000000 ) ) ;
#3021 = ADVANCED_FACE ( 'NONE', ( #5117 ), #2153, .F. ) ;
#3022 = CYLINDRICAL_SURFACE ( 'NONE', #489, 2.000000000000001776 ) ;
#3023 = ORIENTED_EDGE ( 'NONE', *, *, #3476, .T. ) ;
#3024 = AXIS2_PLACEMENT_3D ( 'NONE', #4662, #5104, #6096 ) ;
#3025 = ORIENTED_EDGE ( 'NONE', *, *, #339, .T. ) ;
#3026 = PLANE ( 'NONE',  #3239 ) ;
#3027 = CARTESIAN_POINT ( 'NONE',  ( 28.96453803689026785, -18.91234094049699976, 1.449999864253315174 ) ) ;
#3028 = VERTEX_POINT ( 'NONE', #1237 ) ;
#3029 = VECTOR ( 'NONE', #2361, 1000.000000000000000 ) ;
#3030 = AXIS2_PLACEMENT_3D ( 'NONE', #5648, #715, #5138 ) ;
#3031 = VERTEX_POINT ( 'NONE', #3539 ) ;
#3032 = AXIS2_PLACEMENT_3D ( 'NONE', #2918, #2297, #3291 ) ;
#3033 = EDGE_CURVE ( 'NONE', #4085, #1401, #5463, .T. ) ;
#3034 = CARTESIAN_POINT ( 'NONE',  ( 4.574954986571961868, -55.32508182525600660, 1.450001455905375325 ) ) ;
#3035 = DIRECTION ( 'NONE',  ( -0.000000000000000000, 0.000000000000000000, -1.000000000000000000 ) ) ;
#3036 = CARTESIAN_POINT ( 'NONE',  ( -51.70808186218739166, -7.499931335448993153, 0.000000000000000000 ) ) ;
#3037 = LINE ( 'NONE', #4965, #4440 ) ;
#3038 = PRODUCT_DEFINITION_FORMATION_WITH_SPECIFIED_SOURCE ( 'ANY', '', #4709, .NOT_KNOWN. ) ;
#3039 = VECTOR ( 'NONE', #2914, 1000.000000000000000 ) ;
#3040 = FACE_OUTER_BOUND ( 'NONE', #1491, .T. ) ;
#3041 = VECTOR ( 'NONE', #1365, 1000.000000000000000 ) ;
#3042 = EDGE_CURVE ( 'NONE', #4765, #2490, #1141, .T. ) ;
#3043 = EDGE_CURVE ( 'NONE', #2725, #2189, #5656, .T. ) ;
#3044 = VERTEX_POINT ( 'NONE', #1841 ) ;
#3045 = ORIENTED_EDGE ( 'NONE', *, *, #5933, .F. ) ;
#3046 = CIRCLE ( 'NONE', #1128, 1.000000000000000888 ) ;
#3047 = CARTESIAN_POINT ( 'NONE',  ( 10.99999999999997513, -11.46000000000003105, 1.449999538500818641 ) ) ;
#3048 = CARTESIAN_POINT ( 'NONE',  ( -13.92494201660204212, -55.62510013580300949, 1.450001469019673195 ) ) ;
#3049 = DIRECTION ( 'NONE',  ( 0.000000000000000000, 0.000000000000000000, -1.000000000000000000 ) ) ;
#3050 = VECTOR ( 'NONE', #3390, 1000.000000000000227 ) ;
#3051 = ORIENTED_EDGE ( 'NONE', *, *, #6018, .F. ) ;
#3052 = ORIENTED_EDGE ( 'NONE', *, *, #2003, .F. ) ;
#3053 = CARTESIAN_POINT ( 'NONE',  ( -52.20836668985239015, -37.99971724957600117, 1.450000698589515080 ) ) ;
#3054 = CARTESIAN_POINT ( 'NONE',  ( 15.53999999999997783, -13.46000000000002927, 28.04134375730104622 ) ) ;
#3055 = VERTEX_POINT ( 'NONE', #4225 ) ;
#3056 = EDGE_CURVE ( 'NONE', #427, #5450, #4678, .T. ) ;
#3057 = ORIENTED_EDGE ( 'NONE', *, *, #5407, .T. ) ;
#3058 = CARTESIAN_POINT ( 'NONE',  ( 33.21007646689140813, -50.94007753325929855, 1.450001264230537545 ) ) ;
#3059 = DIRECTION ( 'NONE',  ( 0.000000000000000000, 0.000000000000000000, 1.000000000000000000 ) ) ;
#3060 = VECTOR ( 'NONE', #4612, 1000.000000000000000 ) ;
#3061 = EDGE_LOOP ( 'NONE', ( #3523, #3265, #3984, #6204 ) ) ;
#3062 = VERTEX_POINT ( 'NONE', #5692 ) ;
#3063 = CIRCLE ( 'NONE', #4173, 6.000000000000001776 ) ;
#3064 = CARTESIAN_POINT ( 'NONE',  ( 53.13099752524905028, -29.59477641991259489, 0.000000000000000000 ) ) ;
#3065 = CARTESIAN_POINT ( 'NONE',  ( 51.70779702075834194, -38.00140858553672274, 3.000000000000000000 ) ) ;
#3066 = DIRECTION ( 'NONE',  ( -0.000000000000000000, -1.000000000000000000, -0.000000000000000000 ) ) ;
#3067 = CARTESIAN_POINT ( 'NONE',  ( -58.25248347830570594, -33.76592310238539341, 28.04134375730104622 ) ) ;
#3068 = ADVANCED_FACE ( 'NONE', ( #3699 ), #352, .F. ) ;
#3069 = LINE ( 'NONE', #3949, #3609 ) ;
#3070 = ORIENTED_EDGE ( 'NONE', *, *, #6185, .F. ) ;
#3071 = EDGE_LOOP ( 'NONE', ( #376, #4599, #2179, #5511 ) ) ;
#3072 = DIRECTION ( 'NONE',  ( 1.000000000000000000, 0.000000000000000000, 0.000000000000000000 ) ) ;
#3073 = ADVANCED_FACE ( 'NONE', ( #3353 ), #827, .T. ) ;
#3074 = DIRECTION ( 'NONE',  ( 4.180742545671762101E-15, 4.371140887755362005E-08, 0.9999999999999992228 ) ) ;
#3075 = AXIS2_PLACEMENT_3D ( 'NONE', #3709, #3232, #5165 ) ;
#3076 = DIRECTION ( 'NONE',  ( -0.000000000000000000, -0.000000000000000000, -1.000000000000000000 ) ) ;
#3077 = ORIENTED_EDGE ( 'NONE', *, *, #5718, .F. ) ;
#3078 = ORIENTED_EDGE ( 'NONE', *, *, #4873, .F. ) ;
#3079 = CARTESIAN_POINT ( 'NONE',  ( -22.50012207031303646, -35.50007057189900195, 0.000000000000000000 ) ) ;
#3080 = CARTESIAN_POINT ( 'NONE',  ( -66.00000000000001421, 61.00000000000000000, 3.000000000000000000 ) ) ;
#3081 = EDGE_CURVE ( 'NONE', #1514, #2356, #2536, .T. ) ;
#3082 = DIRECTION ( 'NONE',  ( 0.000000000000000000, 1.000000000000000000, 0.000000000000000000 ) ) ;
#3083 = EDGE_LOOP ( 'NONE', ( #1785, #5237, #2603, #6243 ) ) ;
#3084 = ORIENTED_EDGE ( 'NONE', *, *, #4578, .T. ) ;
#3085 = ADVANCED_FACE ( 'NONE', ( #1302 ), #2318, .F. ) ;
#3086 = DIRECTION ( 'NONE',  ( -1.000000000000000000, -0.000000000000000000, -0.000000000000000000 ) ) ;
#3087 = VERTEX_POINT ( 'NONE', #447 ) ;
#3088 = ORIENTED_EDGE ( 'NONE', *, *, #2003, .T. ) ;
#3089 = CARTESIAN_POINT ( 'NONE',  ( -39.16042493490871124, -38.49992961750028542, 0.000000000000000000 ) ) ;
#3090 = DIRECTION ( 'NONE',  ( 0.000000000000000000, 0.000000000000000000, -1.000000000000000000 ) ) ;
#3091 = ADVANCED_FACE ( 'NONE', ( #2789 ), #6142, .T. ) ;
#3092 = PLANE ( 'NONE',  #620 ) ;
#3093 = FACE_OUTER_BOUND ( 'NONE', #5826, .T. ) ;
#3094 = LINE ( 'NONE', #691, #3877 ) ;
#3095 = VECTOR ( 'NONE', #5518, 1000.000000000000000 ) ;
#3096 = ORIENTED_EDGE ( 'NONE', *, *, #637, .F. ) ;
#3097 = ORIENTED_EDGE ( 'NONE', *, *, #5205, .T. ) ;
#3098 = CARTESIAN_POINT ( 'NONE',  ( -30.50012207031303291, -35.50007057189900195, 0.000000000000000000 ) ) ;
#3099 = CARTESIAN_POINT ( 'NONE',  ( 53.13099752524905028, -31.34477641991259489, 0.000000000000000000 ) ) ;
#3100 = CARTESIAN_POINT ( 'NONE',  ( 39.15992036961191047, -33.50120435612532077, 1.450000501952796617 ) ) ;
#3101 = CARTESIAN_POINT ( 'NONE',  ( 50.52500172706440651, -40.76931592906048962, 1.450000653111682691 ) ) ;
#3102 = ORIENTED_EDGE ( 'NONE', *, *, #4559, .F. ) ;
#3103 = AXIS2_PLACEMENT_3D ( 'NONE', #4001, #4385, #81 ) ;
#3104 = ORIENTED_EDGE ( 'NONE', *, *, #3489, .T. ) ;
#3105 = DIRECTION ( 'NONE',  ( -1.000000000000000000, 0.000000000000000000, 0.000000000000000000 ) ) ;
#3106 = CARTESIAN_POINT ( 'NONE',  ( -51.70829344807104633, -33.49972538815511314, 3.000000000000000000 ) ) ;
#3107 = DIRECTION ( 'NONE',  ( 1.000000000000000000, 1.994248318681190000E-16, -4.180742554388906240E-15 ) ) ;
#3108 = LINE ( 'NONE', #5549, #3207 ) ;
#3109 = ORIENTED_EDGE ( 'NONE', *, *, #5647, .F. ) ;
#3110 = VERTEX_POINT ( 'NONE', #3724 ) ;
#3111 = ADVANCED_FACE ( 'NONE', ( #1337 ), #4706, .F. ) ;
#3112 = ORIENTED_EDGE ( 'NONE', *, *, #1487, .F. ) ;
#3113 = EDGE_CURVE ( 'NONE', #4053, #1420, #2738, .T. ) ;
#3114 = CARTESIAN_POINT ( 'NONE',  ( 50.52500206014519790, -33.50138933380997486, 1.450000501960839516 ) ) ;
#3115 = CARTESIAN_POINT ( 'NONE',  ( -59.42498535135182181, 8.414992237443547296, 1.449998669737205370 ) ) ;
#3116 = ORIENTED_EDGE ( 'NONE', *, *, #299, .T. ) ;
#3117 = ORIENTED_EDGE ( 'NONE', *, *, #2159, .F. ) ;
#3118 = ADVANCED_FACE ( 'NONE', ( #4291 ), #3253, .F. ) ;
#3119 = CIRCLE ( 'NONE', #4842, 12.50000000000000000 ) ;
#3120 = DIRECTION ( 'NONE',  ( -1.000000000000000000, 0.000000000000000000, 0.000000000000000000 ) ) ;
#3121 = CARTESIAN_POINT ( 'NONE',  ( 38.99898593071571185, -44.66681558238633443, 0.000000000000000000 ) ) ;
#3122 = CARTESIAN_POINT ( 'NONE',  ( 14.95999999999997954, -24.75000000000002132, 1.450000119425427725 ) ) ;
#3123 = FACE_OUTER_BOUND ( 'NONE', #1701, .T. ) ;
#3124 = CARTESIAN_POINT ( 'NONE',  ( 65.99999999999998579, 61.00000000000004263, 3.000000000000000000 ) ) ;
#3125 = DIRECTION ( 'NONE',  ( -0.000000000000000000, -0.000000000000000000, -1.000000000000000000 ) ) ;
#3126 = CIRCLE ( 'NONE', #3634, 2.000000000000002665 ) ;
#3127 = VECTOR ( 'NONE', #102, 1000.000000000000000 ) ;
#3128 = ORIENTED_EDGE ( 'NONE', *, *, #3421, .F. ) ;
#3129 = ORIENTED_EDGE ( 'NONE', *, *, #4925, .T. ) ;
#3130 = ADVANCED_FACE ( 'NONE', ( #5721 ), #6210, .F. ) ;
#3131 = CARTESIAN_POINT ( 'NONE',  ( 30.49963378098338396, -35.50106340185905651, 1.450000589369740300 ) ) ;
#3132 = FACE_BOUND ( 'NONE', #3398, .T. ) ;
#3133 = CARTESIAN_POINT ( 'NONE',  ( 51.70779702075834194, -38.00140858553672274, 0.000000000000000000 ) ) ;
#3134 = DIRECTION ( 'NONE',  ( -1.000000000000000000, 0.000000000000000000, 0.000000000000000000 ) ) ;
#3135 = ORIENTED_EDGE ( 'NONE', *, *, #3308, .F. ) ;
#3136 = ORIENTED_EDGE ( 'NONE', *, *, #1193, .F. ) ;
#3137 = DIRECTION ( 'NONE',  ( -0.000000000000000000, -0.000000000000000000, -1.000000000000000000 ) ) ;
#3138 = DIRECTION ( 'NONE',  ( -0.9999999998675463964, 1.627596612567151538E-05, 0.000000000000000000 ) ) ;
#3139 = CARTESIAN_POINT ( 'NONE',  ( 17.99963378098338396, -35.50106340185905651, 36.80533964869712804 ) ) ;
#3140 = EDGE_CURVE ( 'NONE', #1117, #5369, #3815, .T. ) ;
#3141 = AXIS2_PLACEMENT_3D ( 'NONE', #1412, #2901, #4849 ) ;
#3142 = LINE ( 'NONE', #267, #1505 ) ;
#3143 = ORIENTED_EDGE ( 'NONE', *, *, #5247, .F. ) ;
#3144 = VERTEX_POINT ( 'NONE', #5283 ) ;
#3145 = AXIS2_PLACEMENT_3D ( 'NONE', #4582, #4544, #230 ) ;
#3146 = CARTESIAN_POINT ( 'NONE',  ( 52.16814849553698963, -32.80608465091061277, 0.000000000000000000 ) ) ;
#3147 = CIRCLE ( 'NONE', #6195, 7.000000000000001776 ) ;
#3148 = ADVANCED_FACE ( 'NONE', ( #954 ), #2885, .F. ) ;
#3149 = DIRECTION ( 'NONE',  ( 0.000000000000000000, 0.000000000000000000, 1.000000000000000000 ) ) ;
#3150 = ORIENTED_EDGE ( 'NONE', *, *, #3591, .T. ) ;
#3151 = CIRCLE ( 'NONE', #439, 2.000000000000001776 ) ;
#3152 = EDGE_LOOP ( 'NONE', ( #163, #2727, #1569, #2938, #3611, #2087, #2964, #3184 ) ) ;
#3153 = DIRECTION ( 'NONE',  ( -4.180742545671762101E-15, -4.371140887755362005E-08, -0.9999999999999992228 ) ) ;
#3154 = CARTESIAN_POINT ( 'NONE',  ( 30.49987792968802225, -5.499931335448994929, 3.000000000000000000 ) ) ;
#3155 = FACE_OUTER_BOUND ( 'NONE', #6012, .T. ) ;
#3156 = CARTESIAN_POINT ( 'NONE',  ( 36.56175464079005621, -39.00116206919642536, 1.450000742363962924 ) ) ;
#3157 = CARTESIAN_POINT ( 'NONE',  ( 17.99987792968801870, -5.499931335448994929, 1.449999277978040624 ) ) ;
#3158 = VERTEX_POINT ( 'NONE', #1781 ) ;
#3159 = ORIENTED_EDGE ( 'NONE', *, *, #5588, .T. ) ;
#3160 = AXIS2_PLACEMENT_3D ( 'NONE', #989, #4838, #511 ) ;
#3161 = CIRCLE ( 'NONE', #5795, 12.50000000000000355 ) ;
#3162 = LINE ( 'NONE', #5093, #348 ) ;
#3163 = CARTESIAN_POINT ( 'NONE',  ( -51.70836668991861274, -37.99972538755907436, 3.000000000000000000 ) ) ;
#3164 = DIRECTION ( 'NONE',  ( -4.180742545671762101E-15, -4.371140887755362005E-08, -0.9999999999999992228 ) ) ;
#3165 = CARTESIAN_POINT ( 'NONE',  ( -30.49987792968802225, -5.499931335448994929, 36.80533964869712804 ) ) ;
#3166 = ADVANCED_FACE ( 'NONE', ( #5627 ), #5149, .F. ) ;
#3167 = CIRCLE ( 'NONE', #4366, 1.749999999999994449 ) ;
#3168 = VECTOR ( 'NONE', #4284, 999.9999999999998863 ) ;
#3169 = ORIENTED_EDGE ( 'NONE', *, *, #5731, .F. ) ;
#3170 = ORIENTED_EDGE ( 'NONE', *, *, #4455, .F. ) ;
#3171 = FACE_OUTER_BOUND ( 'NONE', #839, .T. ) ;
#3172 = AXIS2_PLACEMENT_3D ( 'NONE', #3267, #938, #841 ) ;
#3173 = DIRECTION ( 'NONE',  ( -2.775557561562891351E-15, -1.000000000000000000, 0.000000000000000000 ) ) ;
#3174 = DIRECTION ( 'NONE',  ( -0.000000000000000000, 0.000000000000000000, -1.000000000000000000 ) ) ;
#3175 = FACE_BOUND ( 'NONE', #1230, .T. ) ;
#3176 = CARTESIAN_POINT ( 'NONE',  ( 34.17085951043083725, -17.44873438152214007, 1.449999800276988493 ) ) ;
#3177 = CC_DESIGN_PERSON_AND_ORGANIZATION_ASSIGNMENT ( #2816, #2409, ( #3038 ) ) ;
#3178 = ORIENTED_EDGE ( 'NONE', *, *, #5235, .T. ) ;
#3179 = ORIENTED_EDGE ( 'NONE', *, *, #52, .T. ) ;
#3180 = ORIENTED_EDGE ( 'NONE', *, *, #2585, .F. ) ;
#3181 = DIRECTION ( 'NONE',  ( 0.000000000000000000, 0.000000000000000000, 1.000000000000000000 ) ) ;
#3182 = DIRECTION ( 'NONE',  ( -0.000000000000000000, -0.000000000000000000, -1.000000000000000000 ) ) ;
#3183 = ORIENTED_EDGE ( 'NONE', *, *, #5897, .F. ) ;
#3184 = ORIENTED_EDGE ( 'NONE', *, *, #2247, .T. ) ;
#3185 = CARTESIAN_POINT ( 'NONE',  ( -58.50000000000000000, 55.00000000000000711, 0.000000000000000000 ) ) ;
#3186 = CARTESIAN_POINT ( 'NONE',  ( 30.49963378098338396, -35.50106340185905651, 0.000000000000000000 ) ) ;
#3187 = MECHANICAL_CONTEXT ( 'NONE', #5139, 'mechanical' ) ;
#3188 = DIRECTION ( 'NONE',  ( -0.000000000000000000, -0.000000000000000000, -1.000000000000000000 ) ) ;
#3189 = CARTESIAN_POINT ( 'NONE',  ( 3.499999999999999112, -15.99999999999998579, 3.000000000000000000 ) ) ;
#3190 = CARTESIAN_POINT ( 'NONE',  ( -30.50012207031303291, -35.50007057189900195, 0.000000000000000000 ) ) ;
#3191 = ORIENTED_EDGE ( 'NONE', *, *, #2295, .T. ) ;
#3192 = ADVANCED_FACE ( 'NONE', ( #2480 ), #1104, .T. ) ;
#3193 = VERTEX_POINT ( 'NONE', #5876 ) ;
#3194 = EDGE_CURVE ( 'NONE', #76, #5541, #1929, .T. ) ;
#3195 = CARTESIAN_POINT ( 'NONE',  ( -42.83911729986402150, -37.49986974309550192, 0.000000000000000000 ) ) ;
#3196 = LINE ( 'NONE', #5574, #5889 ) ;
#3197 = LINE ( 'NONE', #5606, #6194 ) ;
#3198 = CARTESIAN_POINT ( 'NONE',  ( 36.56205575617909176, -1.999931335448999148, 1.449999124988037291 ) ) ;
#3199 = VERTEX_POINT ( 'NONE', #3850 ) ;
#3200 = ORIENTED_EDGE ( 'NONE', *, *, #1790, .F. ) ;
#3201 = CARTESIAN_POINT ( 'NONE',  ( 10.99999999999997513, -13.46000000000002927, 28.04134375730104622 ) ) ;
#3202 = ADVANCED_FACE ( 'NONE', ( #5909 ), #2532, .T. ) ;
#3203 = DIRECTION ( 'NONE',  ( 0.000000000000000000, -0.000000000000000000, 1.000000000000000000 ) ) ;
#3204 = CARTESIAN_POINT ( 'NONE',  ( 37.99999999999998579, 48.00000000000002842, 3.000000000000000000 ) ) ;
#3205 = DIRECTION ( 'NONE',  ( -1.000000000000000000, 0.000000000000000000, 0.000000000000000000 ) ) ;
#3206 = CYLINDRICAL_SURFACE ( 'NONE', #5837, 3.500000000000003109 ) ;
#3207 = VECTOR ( 'NONE', #2138, 1000.000000000000000 ) ;
#3208 = VERTEX_POINT ( 'NONE', #1077 ) ;
#3209 = VERTEX_POINT ( 'NONE', #1993 ) ;
#3210 = EDGE_CURVE ( 'NONE', #3158, #1718, #3438, .T. ) ;
#3211 = LINE ( 'NONE', #3717, #416 ) ;
#3212 = DIRECTION ( 'NONE',  ( 0.000000000000000000, -1.000000000000000000, -0.000000000000000000 ) ) ;
#3213 = VERTEX_POINT ( 'NONE', #97 ) ;
#3214 = ORIENTED_EDGE ( 'NONE', *, *, #6044, .T. ) ;
#3215 = CARTESIAN_POINT ( 'NONE',  ( -30.49987792968802225, -5.499931335448994929, 1.449999277978248680 ) ) ;
#3216 = CARTESIAN_POINT ( 'NONE',  ( -30.50012207031303291, -35.50007057189900195, 1.450000589326601252 ) ) ;
#3217 = DATE_AND_TIME ( #3698, #2239 ) ;
#3218 = DIRECTION ( 'NONE',  ( -1.000000000000000000, 0.000000000000000000, 0.000000000000000000 ) ) ;
#3219 = DIRECTION ( 'NONE',  ( -4.180742545671762101E-15, -4.371140887755362005E-08, -0.9999999999999992228 ) ) ;
#3220 = CARTESIAN_POINT ( 'NONE',  ( -42.83884060894109780, -3.499931335448998926, 1.449999190555478989 ) ) ;
#3221 = AXIS2_PLACEMENT_3D ( 'NONE', #3254, #2790, #5188 ) ;
#3222 = ORIENTED_EDGE ( 'NONE', *, *, #5515, .F. ) ;
#3223 = CARTESIAN_POINT ( 'NONE',  ( -56.25248347830570594, -43.92592313267459048, 28.04134375730104622 ) ) ;
#3224 = LINE ( 'NONE', #4266, #3370 ) ;
#3225 = DIRECTION ( 'NONE',  ( 0.000000000000000000, 0.000000000000000000, -1.000000000000000000 ) ) ;
#3226 = AXIS2_PLACEMENT_3D ( 'NONE', #4226, #3317, #3816 ) ;
#3227 = CYLINDRICAL_SURFACE ( 'NONE', #2434, 3.500000000000003109 ) ;
#3228 = EDGE_CURVE ( 'NONE', #76, #672, #1617, .T. ) ;
#3229 = ORIENTED_EDGE ( 'NONE', *, *, #4793, .F. ) ;
#3230 = EDGE_LOOP ( 'NONE', ( #1607, #200, #3117, #4320 ) ) ;
#3231 = AXIS2_PLACEMENT_3D ( 'NONE', #800, #4508, #2701 ) ;
#3232 = DIRECTION ( 'NONE',  ( -0.000000000000000000, -0.000000000000000000, -1.000000000000000000 ) ) ;
#3233 = CIRCLE ( 'NONE', #5456, 2.000000000000000000 ) ;
#3234 = CARTESIAN_POINT ( 'NONE',  ( -58.50000000000000000, 55.00000000000000711, 3.000000000000000000 ) ) ;
#3235 = FACE_OUTER_BOUND ( 'NONE', #322, .T. ) ;
#3236 = CARTESIAN_POINT ( 'NONE',  ( -13.92494201660204212, -55.62510013580300949, 0.000000000000000000 ) ) ;
#3237 = FACE_OUTER_BOUND ( 'NONE', #158, .T. ) ;
#3238 = AXIS2_PLACEMENT_3D ( 'NONE', #2117, #1680, #5050 ) ;
#3239 = AXIS2_PLACEMENT_3D ( 'NONE', #2332, #4183, #3650 ) ;
#3240 = EDGE_CURVE ( 'NONE', #3517, #471, #3335, .T. ) ;
#3241 = ORIENTED_EDGE ( 'NONE', *, *, #1513, .F. ) ;
#3242 = ORIENTED_EDGE ( 'NONE', *, *, #679, .F. ) ;
#3243 = DIRECTION ( 'NONE',  ( -1.000000000000000000, 0.000000000000000000, 0.000000000000000000 ) ) ;
#3244 = CIRCLE ( 'NONE', #4959, 7.999999999999996447 ) ;
#3245 = FACE_OUTER_BOUND ( 'NONE', #3579, .T. ) ;
#3246 = ADVANCED_FACE ( 'NONE', ( #2023 ), #2944, .F. ) ;
#3247 = ORIENTED_EDGE ( 'NONE', *, *, #4296, .T. ) ;
#3248 = CIRCLE ( 'NONE', #2357, 12.50000000000000355 ) ;
#3249 = ORIENTED_EDGE ( 'NONE', *, *, #3319, .T. ) ;
#3250 = AXIS2_PLACEMENT_3D ( 'NONE', #6094, #674, #2610 ) ;
#3251 = LINE ( 'NONE', #2289, #522 ) ;
#3252 = LINE ( 'NONE', #2757, #4682 ) ;
#3253 = CYLINDRICAL_SURFACE ( 'NONE', #5859, 0.5000000000000004441 ) ;
#3254 = CARTESIAN_POINT ( 'NONE',  ( 45.37007602278353602, -48.40007575682851382, 0.000000000000000000 ) ) ;
#3255 = AXIS2_PLACEMENT_3D ( 'NONE', #3486, #1979, #112 ) ;
#3256 = EDGE_LOOP ( 'NONE', ( #2820, #4387, #2843, #597, #1917, #2471, #1662, #680 ) ) ;
#3257 = ORIENTED_EDGE ( 'NONE', *, *, #198, .T. ) ;
#3258 = CIRCLE ( 'NONE', #2568, 7.999999999999993783 ) ;
#3259 = FACE_OUTER_BOUND ( 'NONE', #2123, .T. ) ;
#3260 = EDGE_CURVE ( 'NONE', #5807, #1889, #504, .T. ) ;
#3261 = LINE ( 'NONE', #5698, #1355 ) ;
#3262 = DIRECTION ( 'NONE',  ( 0.000000000000000000, 0.000000000000000000, -1.000000000000000000 ) ) ;
#3263 = FACE_OUTER_BOUND ( 'NONE', #2791, .T. ) ;
#3264 = AXIS2_PLACEMENT_3D ( 'NONE', #2150, #221, #2183 ) ;
#3265 = ORIENTED_EDGE ( 'NONE', *, *, #4309, .T. ) ;
#3266 = ORIENTED_EDGE ( 'NONE', *, *, #1767, .F. ) ;
#3267 = CARTESIAN_POINT ( 'NONE',  ( 53.13099752524905028, -31.34477641991259489, 1.450000407692237481 ) ) ;
#3268 = EDGE_CURVE ( 'NONE', #5129, #1989, #1013, .T. ) ;
#3269 = CARTESIAN_POINT ( 'NONE',  ( -39.16013196753240777, -0.4999313354489935968, 0.000000000000000000 ) ) ;
#3270 = CARTESIAN_POINT ( 'NONE',  ( 45.37007602278353602, -46.40007575682851382, 0.000000000000000000 ) ) ;
#3271 = FACE_OUTER_BOUND ( 'NONE', #1277, .T. ) ;
#3272 = EDGE_LOOP ( 'NONE', ( #227, #1619, #190, #1724 ) ) ;
#3273 = CIRCLE ( 'NONE', #4509, 2.000000000000001776 ) ;
#3274 = ORIENTED_EDGE ( 'NONE', *, *, #5035, .T. ) ;
#3275 = AXIS2_PLACEMENT_3D ( 'NONE', #3633, #354, #283 ) ;
#3276 = EDGE_CURVE ( 'NONE', #6041, #4807, #5358, .T. ) ;
#3277 = CARTESIAN_POINT ( 'NONE',  ( -51.71248359946253714, -37.49974233679053981, 1.450000676734910954 ) ) ;
#3278 = ADVANCED_FACE ( 'NONE', ( #2059 ), #3970, .F. ) ;
#3279 = PLANE ( 'NONE',  #2481 ) ;
#3280 = ORIENTED_EDGE ( 'NONE', *, *, #4917, .F. ) ;
#3281 = VERTEX_POINT ( 'NONE', #5431 ) ;
#3282 = EDGE_CURVE ( 'NONE', #493, #3517, #2836, .T. ) ;
#3283 = LINE ( 'NONE', #377, #823 ) ;
#3284 = CARTESIAN_POINT ( 'NONE',  ( 10.99999999999997513, -20.54000000000002757, 0.000000000000000000 ) ) ;
#3285 = DATE_TIME_ROLE ( 'classification_date' ) ;
#3286 = DIRECTION ( 'NONE',  ( 1.000000000000000000, 0.000000000000000000, 0.000000000000000000 ) ) ;
#3287 = CARTESIAN_POINT ( 'NONE',  ( -51.71248359946253714, -33.76592426473047226, 1.450000513524462464 ) ) ;
#3288 = ORIENTED_EDGE ( 'NONE', *, *, #2355, .T. ) ;
#3289 = ORIENTED_EDGE ( 'NONE', *, *, #5545, .T. ) ;
#3290 = EDGE_CURVE ( 'NONE', #401, #5495, #2566, .T. ) ;
#3291 = DIRECTION ( 'NONE',  ( 0.000000000000000000, -0.9999999999999990008, 4.371140884147638910E-08 ) ) ;
#3292 = DIRECTION ( 'NONE',  ( -1.000000000000000000, 0.000000000000000000, 0.000000000000000000 ) ) ;
#3293 = DIRECTION ( 'NONE',  ( 4.180742545671762101E-15, 4.371140887755362005E-08, 0.9999999999999992228 ) ) ;
#3294 = DIRECTION ( 'NONE',  ( 1.000000000000000000, 0.000000000000000000, -4.180742545671766046E-15 ) ) ;
#3295 = ORIENTED_EDGE ( 'NONE', *, *, #4776, .T. ) ;
#3296 = EDGE_CURVE ( 'NONE', #3044, #1050, #1467, .T. ) ;
#3297 = VERTEX_POINT ( 'NONE', #2444 ) ;
#3298 = LINE ( 'NONE', #4787, #1479 ) ;
#3299 = PLANE ( 'NONE',  #5884 ) ;
#3300 = CARTESIAN_POINT ( 'NONE',  ( 39.67893410269429921, -45.40007575682851382, 0.000000000000000000 ) ) ;
#3301 = DIRECTION ( 'NONE',  ( 1.000000000000000000, 0.000000000000000000, -0.000000000000000000 ) ) ;
#3302 = ORIENTED_EDGE ( 'NONE', *, *, #6030, .F. ) ;
#3303 = ORIENTED_EDGE ( 'NONE', *, *, #369, .T. ) ;
#3304 = LINE ( 'NONE', #911, #6003 ) ;
#3305 = AXIS2_PLACEMENT_3D ( 'NONE', #3714, #5171, #5324 ) ;
#3306 = CARTESIAN_POINT ( 'NONE',  ( -30.49987792968801514, -5.499931269881881413, 1.449999277977991108 ) ) ;
#3307 = ADVANCED_FACE ( 'NONE', ( #4346 ), #43, .F. ) ;
#3308 = EDGE_CURVE ( 'NONE', #572, #1250, #1228, .T. ) ;
#3309 = ORIENTED_EDGE ( 'NONE', *, *, #2561, .F. ) ;
#3310 = EDGE_LOOP ( 'NONE', ( #928, #4681, #2287, #5074 ) ) ;
#3311 = VECTOR ( 'NONE', #636, 1000.000000000000000 ) ;
#3312 = DIRECTION ( 'NONE',  ( 0.000000000000000000, -0.9999999999999991118, 4.371140887245374055E-08 ) ) ;
#3313 = CARTESIAN_POINT ( 'NONE',  ( 35.21007646689140813, -52.94007753325929855, 28.04134375730104622 ) ) ;
#3314 = DIRECTION ( 'NONE',  ( -0.000000000000000000, 0.000000000000000000, -1.000000000000000000 ) ) ;
#3315 = PERSON_AND_ORGANIZATION ( #1498, #3540 ) ;
#3316 = DIRECTION ( 'NONE',  ( -0.000000000000000000, -0.000000000000000000, -1.000000000000000000 ) ) ;
#3317 = DIRECTION ( 'NONE',  ( 0.000000000000000000, 0.000000000000000000, 1.000000000000000000 ) ) ;
#3318 = ORIENTED_EDGE ( 'NONE', *, *, #2903, .T. ) ;
#3319 = EDGE_CURVE ( 'NONE', #4408, #4974, #3126, .T. ) ;
#3320 = ORIENTED_EDGE ( 'NONE', *, *, #4576, .F. ) ;
#3321 = DIRECTION ( 'NONE',  ( 0.9999999999999961142, 8.742277677795539484E-08, -8.002115286624055570E-15 ) ) ;
#3322 = DIRECTION ( 'NONE',  ( 1.000000000000000000, 0.000000000000000000, 0.000000000000000000 ) ) ;
#3323 = DIRECTION ( 'NONE',  ( 1.000000000000000000, 0.000000000000000000, 0.000000000000000000 ) ) ;
#3324 = CIRCLE ( 'NONE', #5351, 2.000000000000001776 ) ;
#3325 = CARTESIAN_POINT ( 'NONE',  ( -51.70828531008798024, -32.99972538822133572, 0.000000000000000000 ) ) ;
#3326 = CIRCLE ( 'NONE', #2931, 1.749999999999994671 ) ;
#3327 = ADVANCED_FACE ( 'NONE', ( #1265 ), #5494, .F. ) ;
#3328 = VERTEX_POINT ( 'NONE', #5592 ) ;
#3329 = ORIENTED_EDGE ( 'NONE', *, *, #2866, .T. ) ;
#3330 = DIRECTION ( 'NONE',  ( 1.000000000000000000, 0.000000000000000000, 0.000000000000000000 ) ) ;
#3331 = CARTESIAN_POINT ( 'NONE',  ( 53.13099752524905028, -29.59477641991259489, 1.450000331197270897 ) ) ;
#3332 = CARTESIAN_POINT ( 'NONE',  ( -55.00000000000000000, -55.00000000000000000, 3.000000000000000000 ) ) ;
#3333 = CARTESIAN_POINT ( 'NONE',  ( 42.63453902919962957, -8.499931335448993153, 0.000000000000000000 ) ) ;
#3334 = VERTEX_POINT ( 'NONE', #3115 ) ;
#3335 = CIRCLE ( 'NONE', #4235, 12.50000000000000533 ) ;
#3336 = AXIS2_PLACEMENT_3D ( 'NONE', #1194, #3565, #1677 ) ;
#3337 = ORIENTED_EDGE ( 'NONE', *, *, #1624, .T. ) ;
#3338 = DIRECTION ( 'NONE',  ( 1.000000000000000000, 0.000000000000000000, -0.000000000000000000 ) ) ;
#3339 = EDGE_CURVE ( 'NONE', #3647, #1911, #4564, .T. ) ;
#3340 = AXIS2_PLACEMENT_3D ( 'NONE', #4205, #3795, #4687 ) ;
#3341 = CC_DESIGN_SECURITY_CLASSIFICATION ( #4338, ( #3038 ) ) ;
#3342 = AXIS2_PLACEMENT_3D ( 'NONE', #861, #4705, #6112 ) ;
#3343 = AXIS2_PLACEMENT_3D ( 'NONE', #2883, #2849, #350 ) ;
#3344 = DIRECTION ( 'NONE',  ( -1.000000000000000000, 0.000000000000000000, 0.000000000000000000 ) ) ;
#3345 = VERTEX_POINT ( 'NONE', #5109 ) ;
#3346 = ORIENTED_EDGE ( 'NONE', *, *, #1893, .T. ) ;
#3347 = AXIS2_PLACEMENT_3D ( 'NONE', #791, #317, #2720 ) ;
#3348 = DIRECTION ( 'NONE',  ( 0.000000000000000000, -0.9999999999999991118, 4.371140905831675080E-08 ) ) ;
#3349 = AXIS2_PLACEMENT_3D ( 'NONE', #4818, #4331, #4755 ) ;
#3350 = ADVANCED_FACE ( 'NONE', ( #4598 ), #1674, .F. ) ;
#3351 = LINE ( 'NONE', #3313, #3041 ) ;
#3352 = CARTESIAN_POINT ( 'NONE',  ( -51.70837482790167883, -38.49972538749284467, 3.000000000000000000 ) ) ;
#3353 = FACE_OUTER_BOUND ( 'NONE', #1651, .T. ) ;
#3354 = DIRECTION ( 'NONE',  ( 0.000000000000000000, 0.000000000000000000, -1.000000000000000000 ) ) ;
#3355 = EDGE_LOOP ( 'NONE', ( #874, #406, #1356, #1866 ) ) ;
#3356 = ORIENTED_EDGE ( 'NONE', *, *, #3008, .T. ) ;
#3357 = DIRECTION ( 'NONE',  ( 1.000000000000000000, 0.000000000000000000, 0.000000000000000000 ) ) ;
#3358 = DIRECTION ( 'NONE',  ( 0.000000000000000000, -0.9999999999999991118, 4.371140886858148311E-08 ) ) ;
#3359 = CARTESIAN_POINT ( 'NONE',  ( 29.96453803689026785, -20.13675966251838645, 0.000000000000000000 ) ) ;
#3360 = EDGE_CURVE ( 'NONE', #4188, #2638, #2144, .T. ) ;
#3361 = DIRECTION ( 'NONE',  ( -4.180742545671762101E-15, -4.371140887755362005E-08, -0.9999999999999992228 ) ) ;
#3362 = DIRECTION ( 'NONE',  ( -0.000000000000000000, -0.000000000000000000, -1.000000000000000000 ) ) ;
#3363 = EDGE_LOOP ( 'NONE', ( #1201, #83, #5791, #136 ) ) ;
#3364 = VERTEX_POINT ( 'NONE', #6029 ) ;
#3365 = AXIS2_PLACEMENT_3D ( 'NONE', #4330, #5803, #1411 ) ;
#3366 = LINE ( 'NONE', #5298, #4670 ) ;
#3367 = LINE ( 'NONE', #1483, #5967 ) ;
#3368 = ADVANCED_FACE ( 'NONE', ( #3590 ), #5524, .F. ) ;
#3369 = DIRECTION ( 'NONE',  ( -0.000000000000000000, 0.000000000000000000, -1.000000000000000000 ) ) ;
#3370 = VECTOR ( 'NONE', #6120, 1000.000000000000227 ) ;
#3371 = ORIENTED_EDGE ( 'NONE', *, *, #4278, .F. ) ;
#3372 = EDGE_LOOP ( 'NONE', ( #3571, #5670, #4246, #1087, #3625, #5021 ) ) ;
#3373 = VECTOR ( 'NONE', #2115, 1000.000000000000000 ) ;
#3374 = VECTOR ( 'NONE', #1517, 1000.000000000000000 ) ;
#3375 = DIRECTION ( 'NONE',  ( 1.000000000000000000, 0.000000000000000000, 0.000000000000000000 ) ) ;
#3376 = DIRECTION ( 'NONE',  ( 0.000000000000000000, 0.000000000000000000, -1.000000000000000000 ) ) ;
#3377 = AXIS2_PLACEMENT_3D ( 'NONE', #4181, #6051, #5030 ) ;
#3378 = VERTEX_POINT ( 'NONE', #2111 ) ;
#3379 = EDGE_LOOP ( 'NONE', ( #4726, #3025, #3309, #5954 ) ) ;
#3380 = EDGE_CURVE ( 'NONE', #311, #1867, #5040, .T. ) ;
#3381 = CARTESIAN_POINT ( 'NONE',  ( -56.25248347830581963, -31.76592310238539341, 1.450000426101608841 ) ) ;
#3382 = CARTESIAN_POINT ( 'NONE',  ( -56.25248347830570594, -45.92592313267459048, 0.000000000000000000 ) ) ;
#3383 = CARTESIAN_POINT ( 'NONE',  ( -55.92498535135183602, 8.414992237443547296, 0.000000000000000000 ) ) ;
#3384 = APPROVAL_ROLE ( '' ) ;
#3385 = CARTESIAN_POINT ( 'NONE',  ( 30.49987792968802225, -5.499931335448994929, 1.449999277977988221 ) ) ;
#3386 = ORIENTED_EDGE ( 'NONE', *, *, #6048, .F. ) ;
#3387 = ORIENTED_EDGE ( 'NONE', *, *, #4903, .F. ) ;
#3388 = CARTESIAN_POINT ( 'NONE',  ( 51.70808186218739166, -2.499931335448996261, 3.000000000000000000 ) ) ;
#3389 = CARTESIAN_POINT ( 'NONE',  ( -13.92494201660204212, -53.87510013580300949, 0.000000000000000000 ) ) ;
#3390 = DIRECTION ( 'NONE',  ( 0.9999999998675463964, -1.627596612607036625E-05, 0.000000000000000000 ) ) ;
#3391 = LINE ( 'NONE', #457, #3029 ) ;
#3392 = DIRECTION ( 'NONE',  ( 0.000000000000000000, -0.000000000000000000, 1.000000000000000000 ) ) ;
#3393 = ORIENTED_EDGE ( 'NONE', *, *, #3081, .T. ) ;
#3394 = ORIENTED_EDGE ( 'NONE', *, *, #60, .F. ) ;
#3395 = PLANE ( 'NONE',  #3662 ) ;
#3396 = PLANE ( 'NONE',  #1231 ) ;
#3397 = CARTESIAN_POINT ( 'NONE',  ( -30.50012207031303291, -35.50007057189900195, 1.450000589326601252 ) ) ;
#3398 = EDGE_LOOP ( 'NONE', ( #5717, #1922, #5710, #6042 ) ) ;
#3399 = EDGE_CURVE ( 'NONE', #4348, #5065, #2651, .T. ) ;
#3400 = ORIENTED_EDGE ( 'NONE', *, *, #6052, .F. ) ;
#3401 = CARTESIAN_POINT ( 'NONE',  ( -66.00000000000001421, 61.00000000000000000, 3.000000000000000000 ) ) ;
#3402 = CARTESIAN_POINT ( 'NONE',  ( 0.000000000000000000, 0.000000000000000000, 3.000000000000000000 ) ) ;
#3403 = ORIENTED_EDGE ( 'NONE', *, *, #3339, .T. ) ;
#3404 = EDGE_CURVE ( 'NONE', #186, #1568, #2474, .T. ) ;
#3405 = VERTEX_POINT ( 'NONE', #4018 ) ;
#3406 = DIRECTION ( 'NONE',  ( 1.000000000000000000, 0.000000000000000000, 0.000000000000000000 ) ) ;
#3407 = DIRECTION ( 'NONE',  ( -1.000000000000000000, 0.000000000000000000, 0.000000000000000000 ) ) ;
#3408 = DIRECTION ( 'NONE',  ( -0.000000000000000000, 0.000000000000000000, 1.000000000000000000 ) ) ;
#3409 = CARTESIAN_POINT ( 'NONE',  ( 30.49963378098338396, -35.50106340185905651, 0.000000000000000000 ) ) ;
#3410 = EDGE_LOOP ( 'NONE', ( #1125, #5143 ) ) ;
#3411 = VECTOR ( 'NONE', #665, 1000.000000000000000 ) ;
#3412 = EDGE_LOOP ( 'NONE', ( #1904, #2899, #2862, #1267, #2197, #4939 ) ) ;
#3413 = CARTESIAN_POINT ( 'NONE',  ( 51.70808186218739166, -2.999931335448996261, 0.000000000000000000 ) ) ;
#3414 = DIRECTION ( 'NONE',  ( -1.000000000000000000, -1.994248318681189754E-16, 0.000000000000000000 ) ) ;
#3415 = DIRECTION ( 'NONE',  ( -1.000000000000000000, 0.000000000000000000, 0.000000000000000000 ) ) ;
#3416 = LINE ( 'NONE', #2575, #2244 ) ;
#3417 = DIRECTION ( 'NONE',  ( -0.000000000000000000, 0.000000000000000000, 1.000000000000000000 ) ) ;
#3418 = ORIENTED_EDGE ( 'NONE', *, *, #4986, .F. ) ;
#3419 = ORIENTED_EDGE ( 'NONE', *, *, #3694, .T. ) ;
#3420 = DIRECTION ( 'NONE',  ( -1.000000000000000000, 0.000000000000000000, 0.000000000000000000 ) ) ;
#3421 = EDGE_CURVE ( 'NONE', #1594, #4408, #3467, .T. ) ;
#3422 = FACE_OUTER_BOUND ( 'NONE', #700, .T. ) ;
#3423 = DIRECTION ( 'NONE',  ( -4.180742545671762101E-15, -4.371140887755362005E-08, -0.9999999999999992228 ) ) ;
#3424 = VERTEX_POINT ( 'NONE', #5556 ) ;
#3425 = AXIS2_PLACEMENT_3D ( 'NONE', #4118, #5590, #3690 ) ;
#3426 = EDGE_LOOP ( 'NONE', ( #2053, #2844, #4158, #4099, #4170, #848, #67, #2379, #2834, #2038, #3797 ) ) ;
#3427 = DIRECTION ( 'NONE',  ( 0.000000000000000000, -1.000000000000000000, 0.000000000000000000 ) ) ;
#3428 = LINE ( 'NONE', #5336, #6216 ) ;
#3429 = EDGE_LOOP ( 'NONE', ( #3585, #5417, #4566, #3371 ) ) ;
#3430 = VERTEX_POINT ( 'NONE', #4470 ) ;
#3431 = DIRECTION ( 'NONE',  ( 0.000000000000000000, -0.000000000000000000, 1.000000000000000000 ) ) ;
#3432 = CIRCLE ( 'NONE', #4751, 2.000000000000001776 ) ;
#3433 = AXIS2_PLACEMENT_3D ( 'NONE', #208, #1928, #1494 ) ;
#3434 = AXIS2_PLACEMENT_3D ( 'NONE', #4162, #1778, #6111 ) ;
#3435 = DIRECTION ( 'NONE',  ( -0.000000000000000000, -0.000000000000000000, -1.000000000000000000 ) ) ;
#3436 = CARTESIAN_POINT ( 'NONE',  ( -39.16040865894258616, -37.49992961763274479, 1.450000676743294026 ) ) ;
#3437 = EDGE_CURVE ( 'NONE', #2772, #6002, #753, .T. ) ;
#3438 = LINE ( 'NONE', #4868, #3836 ) ;
#3439 = VERTEX_POINT ( 'NONE', #2208 ) ;
#3440 = CIRCLE ( 'NONE', #23, 2.000000000000001776 ) ;
#3441 = ORIENTED_EDGE ( 'NONE', *, *, #5428, .F. ) ;
#3442 = DIRECTION ( 'NONE',  ( -0.000000000000000000, -0.000000000000000000, -1.000000000000000000 ) ) ;
#3443 = LINE ( 'NONE', #4444, #1964 ) ;
#3444 = CARTESIAN_POINT ( 'NONE',  ( 39.15993664557803555, -32.50120435625778015, 1.450000458241642365 ) ) ;
#3445 = AXIS2_PLACEMENT_3D ( 'NONE', #836, #3164, #5095 ) ;
#3446 = CARTESIAN_POINT ( 'NONE',  ( -30.49987792968802225, -5.499931335448994929, 3.000000000000000000 ) ) ;
#3447 = CARTESIAN_POINT ( 'NONE',  ( -30.50012207031302935, -35.50007057189899484, 3.000000000000000000 ) ) ;
#3448 = ORIENTED_EDGE ( 'NONE', *, *, #2969, .F. ) ;
#3449 = VECTOR ( 'NONE', #2390, 1000.000000000000000 ) ;
#3450 = ORIENTED_EDGE ( 'NONE', *, *, #3591, .F. ) ;
#3451 = EDGE_CURVE ( 'NONE', #2792, #2329, #4167, .T. ) ;
#3452 = AXIS2_PLACEMENT_3D ( 'NONE', #3927, #4426, #4367 ) ;
#3453 = DIRECTION ( 'NONE',  ( 4.180742545671762101E-15, 4.371140887755362005E-08, 0.9999999999999992228 ) ) ;
#3454 = CARTESIAN_POINT ( 'NONE',  ( 39.15993664557905873, -32.50120435625778015, 0.000000000000000000 ) ) ;
#3455 = DIRECTION ( 'NONE',  ( 1.000000000000000000, 0.000000000000000000, 0.000000000000000000 ) ) ;
#3456 = CIRCLE ( 'NONE', #5683, 2.000000000000003553 ) ;
#3457 = ORIENTED_EDGE ( 'NONE', *, *, #5904, .T. ) ;
#3458 = EDGE_CURVE ( 'NONE', #5715, #427, #2086, .T. ) ;
#3459 = ORIENTED_EDGE ( 'NONE', *, *, #6165, .F. ) ;
#3460 = FACE_OUTER_BOUND ( 'NONE', #5066, .T. ) ;
#3461 = AXIS2_PLACEMENT_3D ( 'NONE', #6180, #1848, #2858 ) ;
#3462 = LINE ( 'NONE', #4427, #2072 ) ;
#3463 = ORIENTED_EDGE ( 'NONE', *, *, #3516, .F. ) ;
#3464 = ORIENTED_EDGE ( 'NONE', *, *, #801, .F. ) ;
#3465 = EDGE_CURVE ( 'NONE', #5161, #2189, #955, .T. ) ;
#3466 = VECTOR ( 'NONE', #1645, 1000.000000000000000 ) ;
#3467 = CIRCLE ( 'NONE', #5080, 7.999999999999996447 ) ;
#3468 = DIRECTION ( 'NONE',  ( -0.000000000000000000, -0.000000000000000000, -1.000000000000000000 ) ) ;
#3469 = ADVANCED_FACE ( 'NONE', ( #658 ), #2593, .F. ) ;
#3470 = DIRECTION ( 'NONE',  ( 0.000000000000000000, 0.000000000000000000, -1.000000000000000000 ) ) ;
#3471 = CIRCLE ( 'NONE', #4790, 1.000000000000000888 ) ;
#3472 = DIRECTION ( 'NONE',  ( 4.180742545671762101E-15, 4.371140887755362005E-08, 0.9999999999999992228 ) ) ;
#3473 = VECTOR ( 'NONE', #2908, 1000.000000000000000 ) ;
#3474 = EDGE_LOOP ( 'NONE', ( #3810, #3708, #1283, #4689 ) ) ;
#3475 = ORIENTED_EDGE ( 'NONE', *, *, #5840, .F. ) ;
#3476 = EDGE_CURVE ( 'NONE', #4503, #5936, #3161, .T. ) ;
#3477 = EDGE_CURVE ( 'NONE', #3670, #1341, #344, .T. ) ;
#3478 = CARTESIAN_POINT ( 'NONE',  ( 51.70808186218739166, -8.499931335448993153, 0.000000000000000000 ) ) ;
#3479 = DIRECTION ( 'NONE',  ( 0.000000000000000000, 0.000000000000000000, -1.000000000000000000 ) ) ;
#3480 = DIRECTION ( 'NONE',  ( -0.000000000000000000, -0.000000000000000000, -1.000000000000000000 ) ) ;
#3481 = CYLINDRICAL_SURFACE ( 'NONE', #3645, 3.000000000000002665 ) ;
#3482 = DIRECTION ( 'NONE',  ( -0.000000000000000000, -0.000000000000000000, -1.000000000000000000 ) ) ;
#3483 = ORIENTED_EDGE ( 'NONE', *, *, #681, .T. ) ;
#3484 = VERTEX_POINT ( 'NONE', #5684 ) ;
#3485 = ADVANCED_FACE ( 'NONE', ( #3245 ), #2312, .F. ) ;
#3486 = CARTESIAN_POINT ( 'NONE',  ( 51.70808186218739166, -7.999931335448993153, 0.000000000000000000 ) ) ;
#3487 = PLANE ( 'NONE',  #5567 ) ;
#3488 = DIRECTION ( 'NONE',  ( -0.000000000000000000, 0.000000000000000000, 1.000000000000000000 ) ) ;
#3489 = EDGE_CURVE ( 'NONE', #4557, #2664, #2809, .T. ) ;
#3490 = ORIENTED_EDGE ( 'NONE', *, *, #4824, .T. ) ;
#3491 = VERTEX_POINT ( 'NONE', #1293 ) ;
#3492 = LINE ( 'NONE', #1549, #3658 ) ;
#3493 = CARTESIAN_POINT ( 'NONE',  ( -8.924942016602040340, -55.62510013580300949, 28.04134375730104622 ) ) ;
#3494 = EDGE_LOOP ( 'NONE', ( #2688, #4359, #144, #6198 ) ) ;
#3495 = EDGE_CURVE ( 'NONE', #2174, #527, #4891, .T. ) ;
#3496 = ORIENTED_EDGE ( 'NONE', *, *, #5231, .F. ) ;
#3497 = DIRECTION ( 'NONE',  ( -1.000000000000000000, 0.000000000000000000, 0.000000000000000000 ) ) ;
#3498 = EDGE_CURVE ( 'NONE', #5846, #5930, #2342, .T. ) ;
#3499 = ADVANCED_FACE ( 'NONE', ( #1834 ), #1894, .F. ) ;
#3500 = DIRECTION ( 'NONE',  ( 4.180742545671757368E-15, 4.371140887755362005E-08, 0.9999999999999991118 ) ) ;
#3501 = VERTEX_POINT ( 'NONE', #2751 ) ;
#3502 = CIRCLE ( 'NONE', #5121, 1.749999999999994671 ) ;
#3503 = ORIENTED_EDGE ( 'NONE', *, *, #763, .T. ) ;
#3504 = FACE_OUTER_BOUND ( 'NONE', #4593, .T. ) ;
#3505 = DIRECTION ( 'NONE',  ( 0.9999999998675465074, -1.627596612545157819E-05, 0.000000000000000000 ) ) ;
#3506 = DIRECTION ( 'NONE',  ( 0.000000000000000000, 0.000000000000000000, 1.000000000000000000 ) ) ;
#3507 = ADVANCED_FACE ( 'NONE', ( #3781 ), #3279, .T. ) ;
#3508 = CARTESIAN_POINT ( 'NONE',  ( -39.16045748684096850, -40.49992961723538087, 0.000000000000000000 ) ) ;
#3509 = FACE_OUTER_BOUND ( 'NONE', #177, .T. ) ;
#3510 = EDGE_CURVE ( 'NONE', #1672, #4085, #4729, .T. ) ;
#3511 = ORIENTED_EDGE ( 'NONE', *, *, #5120, .T. ) ;
#3512 = ORIENTED_EDGE ( 'NONE', *, *, #1921, .F. ) ;
#3513 = CARTESIAN_POINT ( 'NONE',  ( -39.16042493490974152, -38.49992961750028542, 1.450000720454702519 ) ) ;
#3514 = DIRECTION ( 'NONE',  ( 0.9999999999999961142, 8.742277677795539484E-08, -8.002115286624055570E-15 ) ) ;
#3515 = DIRECTION ( 'NONE',  ( 1.000000000000000000, -4.163336342344339393E-15, 0.000000000000000000 ) ) ;
#3516 = EDGE_CURVE ( 'NONE', #6020, #5466, #1419, .T. ) ;
#3517 = VERTEX_POINT ( 'NONE', #5178 ) ;
#3518 = VERTEX_POINT ( 'NONE', #5275 ) ;
#3519 = DIRECTION ( 'NONE',  ( -0.000000000000000000, 0.000000000000000000, -1.000000000000000000 ) ) ;
#3520 = CARTESIAN_POINT ( 'NONE',  ( -59.42498635059415335, -14.44500776255643437, 1.449999668980007650 ) ) ;
#3521 = VECTOR ( 'NONE', #5554, 999.9999999999998863 ) ;
#3522 = VERTEX_POINT ( 'NONE', #854 ) ;
#3523 = ORIENTED_EDGE ( 'NONE', *, *, #2364, .T. ) ;
#3524 = EDGE_CURVE ( 'NONE', #2108, #785, #4192, .T. ) ;
#3525 = CARTESIAN_POINT ( 'NONE',  ( -66.00000000000001421, -61.00000000000000711, 3.000000000000000000 ) ) ;
#3526 = ADVANCED_FACE ( 'NONE', ( #3718 ), #1862, .F. ) ;
#3527 = CIRCLE ( 'NONE', #506, 12.50000000000000355 ) ;
#3528 = DIRECTION ( 'NONE',  ( -1.000000000000000000, 0.000000000000000000, 0.000000000000000000 ) ) ;
#3529 = VERTEX_POINT ( 'NONE', #2714 ) ;
#3530 = CIRCLE ( 'NONE', #4021, 2.000000000000002665 ) ;
#3531 = EDGE_CURVE ( 'NONE', #3522, #3924, #4062, .T. ) ;
#3532 = VECTOR ( 'NONE', #381, 1000.000000000000000 ) ;
#3533 = VERTEX_POINT ( 'NONE', #5140 ) ;
#3534 = AXIS2_PLACEMENT_3D ( 'NONE', #4907, #3442, #4475 ) ;
#3535 = CARTESIAN_POINT ( 'NONE',  ( 53.13099752524905028, -31.34477641991259489, 28.04134375730104622 ) ) ;
#3536 = CARTESIAN_POINT ( 'NONE',  ( 13.53999999999997605, -20.54000000000002757, 28.04134375730104622 ) ) ;
#3537 = AXIS2_PLACEMENT_3D ( 'NONE', #797, #4100, #6043 ) ;
#3538 = CARTESIAN_POINT ( 'NONE',  ( 39.15992036961294076, -33.50120435612532077, 0.000000000000000000 ) ) ;
#3539 = CARTESIAN_POINT ( 'NONE',  ( -42.63483199611572871, -38.49987306816863963, 0.000000000000000000 ) ) ;
#3540 = ORGANIZATION ( 'UNSPECIFIED', 'UNSPECIFIED', '' ) ;
#3541 = CARTESIAN_POINT ( 'NONE',  ( -53.71248359946253004, -31.76592310238540051, 28.04134375730104622 ) ) ;
#3542 = CIRCLE ( 'NONE', #5264, 0.5000000000000004441 ) ;
#3543 = ORIENTED_EDGE ( 'NONE', *, *, #4321, .T. ) ;
#3544 = ORIENTED_EDGE ( 'NONE', *, *, #509, .F. ) ;
#3545 = AXIS2_PLACEMENT_3D ( 'NONE', #906, #5266, #4885 ) ;
#3546 = ADVANCED_FACE ( 'NONE', ( #817 ), #6163, .F. ) ;
#3547 = DIRECTION ( 'NONE',  ( 1.000000000000000000, -2.731848123972157184E-15, 0.000000000000000000 ) ) ;
#3548 = CARTESIAN_POINT ( 'NONE',  ( -59.42498535135182181, 8.414992237443547296, 28.04134375730104622 ) ) ;
#3549 = LINE ( 'NONE', #4391, #1211 ) ;
#3550 = AXIS2_PLACEMENT_3D ( 'NONE', #2823, #4811, #5822 ) ;
#3551 = ORIENTED_EDGE ( 'NONE', *, *, #437, .F. ) ;
#3552 = ORIENTED_EDGE ( 'NONE', *, *, #6185, .T. ) ;
#3553 = ADVANCED_FACE ( 'NONE', ( #6136 ), #5649, .T. ) ;
#3554 = CYLINDRICAL_SURFACE ( 'NONE', #4550, 4.999999999999997335 ) ;
#3555 = DIRECTION ( 'NONE',  ( -6.829619963800057503E-16, 1.000000000000000000, 0.000000000000000000 ) ) ;
#3556 = CARTESIAN_POINT ( 'NONE',  ( -43.00012207031303291, -35.50007057189900195, 1.450000589326653655 ) ) ;
#3557 = ORIENTED_EDGE ( 'NONE', *, *, #5064, .F. ) ;
#3558 = ORIENTED_EDGE ( 'NONE', *, *, #3240, .T. ) ;
#3559 = VECTOR ( 'NONE', #4779, 1000.000000000000000 ) ;
#3560 = DIRECTION ( 'NONE',  ( 0.000000000000000000, 0.000000000000000000, -1.000000000000000000 ) ) ;
#3561 = EDGE_LOOP ( 'NONE', ( #721, #1603, #628, #3057 ) ) ;
#3562 = VECTOR ( 'NONE', #3086, 1000.000000000000000 ) ;
#3563 = EDGE_CURVE ( 'NONE', #1208, #5520, #2671, .T. ) ;
#3564 = ORIENTED_EDGE ( 'NONE', *, *, #5235, .F. ) ;
#3565 = DIRECTION ( 'NONE',  ( -0.000000000000000000, 0.000000000000000000, -1.000000000000000000 ) ) ;
#3566 = DIRECTION ( 'NONE',  ( -0.000000000000000000, 0.000000000000000000, -1.000000000000000000 ) ) ;
#3567 = DIRECTION ( 'NONE',  ( 1.994248318681189754E-16, -1.000000000000000000, 0.000000000000000000 ) ) ;
#3568 = DIRECTION ( 'NONE',  ( 4.180742545671757368E-15, 4.371140887755362005E-08, 0.9999999999999991118 ) ) ;
#3569 = DIRECTION ( 'NONE',  ( 4.180742545671757368E-15, 4.371140887755362005E-08, 0.9999999999999991118 ) ) ;
#3570 = CIRCLE ( 'NONE', #3172, 1.750000000000003109 ) ;
#3571 = ORIENTED_EDGE ( 'NONE', *, *, #2410, .T. ) ;
#3572 = ORIENTED_EDGE ( 'NONE', *, *, #6211, .F. ) ;
#3573 = CARTESIAN_POINT ( 'NONE',  ( 60.99999999999999289, -65.99999999999998579, 3.000000000000000000 ) ) ;
#3574 = CARTESIAN_POINT ( 'NONE',  ( -53.71248359946253004, -33.76592310238539341, 1.450000513524413837 ) ) ;
#3575 = CARTESIAN_POINT ( 'NONE',  ( -56.25248347830570594, -43.92592313267459048, 1.450000957632341381 ) ) ;
#3576 = AXIS2_PLACEMENT_3D ( 'NONE', #4752, #5638, #2865 ) ;
#3577 = DIRECTION ( 'NONE',  ( -0.000000000000000000, -0.000000000000000000, -1.000000000000000000 ) ) ;
#3578 = EDGE_CURVE ( 'NONE', #1291, #302, #5492, .T. ) ;
#3579 = EDGE_LOOP ( 'NONE', ( #101, #1791, #2024, #3457 ) ) ;
#3580 = ORIENTED_EDGE ( 'NONE', *, *, #1451, .F. ) ;
#3581 = DIRECTION ( 'NONE',  ( -1.000000000000000000, 0.000000000000000000, 0.000000000000000000 ) ) ;
#3582 = CARTESIAN_POINT ( 'NONE',  ( 51.50000000000000000, 55.00000000000000711, 3.000000000000000000 ) ) ;
#3583 = LINE ( 'NONE', #5517, #699 ) ;
#3584 = CARTESIAN_POINT ( 'NONE',  ( -39.16013196753240777, -3.499931335448993597, 0.000000000000000000 ) ) ;
#3585 = ORIENTED_EDGE ( 'NONE', *, *, #2987, .T. ) ;
#3586 = EDGE_CURVE ( 'NONE', #2028, #785, #3428, .T. ) ;
#3587 = VERTEX_POINT ( 'NONE', #4858 ) ;
#3588 = EDGE_LOOP ( 'NONE', ( #3393, #1416, #3459, #4711 ) ) ;
#3589 = LINE ( 'NONE', #5522, #4132 ) ;
#3590 = FACE_OUTER_BOUND ( 'NONE', #6196, .T. ) ;
#3591 = EDGE_CURVE ( 'NONE', #4890, #35, #4310, .T. ) ;
#3592 = EDGE_LOOP ( 'NONE', ( #21, #673, #4189, #2472 ) ) ;
#3593 = EDGE_LOOP ( 'NONE', ( #4491, #2703, #740, #1184 ) ) ;
#3594 = CARTESIAN_POINT ( 'NONE',  ( 50.52500206014519790, -37.50138933433978394, 0.000000000000000000 ) ) ;
#3595 = CARTESIAN_POINT ( 'NONE',  ( 53.13099752524894370, -29.59477641991259489, 1.450000331197270897 ) ) ;
#3596 = CARTESIAN_POINT ( 'NONE',  ( 14.95999999999997954, -26.50000000000002487, 1.450000195920390977 ) ) ;
#3597 = LINE ( 'NONE', #4032, #4101 ) ;
#3598 = DIRECTION ( 'NONE',  ( 1.000000000000000000, 0.000000000000000000, 0.000000000000000000 ) ) ;
#3599 = VECTOR ( 'NONE', #2433, 1000.000000000000000 ) ;
#3600 = ORIENTED_EDGE ( 'NONE', *, *, #1610, .T. ) ;
#3601 = ORIENTED_EDGE ( 'NONE', *, *, #2018, .F. ) ;
#3602 = DIRECTION ( 'NONE',  ( -1.000000000000000000, 0.000000000000000000, 0.000000000000000000 ) ) ;
#3603 = FACE_BOUND ( 'NONE', #4973, .T. ) ;
#3604 = VECTOR ( 'NONE', #4664, 1000.000000000000000 ) ;
#3605 = PLANE ( 'NONE',  #5470 ) ;
#3606 = LINE ( 'NONE', #5540, #2034 ) ;
#3607 = CC_DESIGN_PERSON_AND_ORGANIZATION_ASSIGNMENT ( #6113, #1646, ( #5200 ) ) ;
#3608 = EDGE_LOOP ( 'NONE', ( #3097, #647, #2826, #5091 ) ) ;
#3609 = VECTOR ( 'NONE', #2094, 1000.000000000000000 ) ;
#3610 = CIRCLE ( 'NONE', #898, 2.000000000000003553 ) ;
#3611 = ORIENTED_EDGE ( 'NONE', *, *, #593, .F. ) ;
#3612 = CARTESIAN_POINT ( 'NONE',  ( 51.70779702075834194, -38.00140858553671563, 0.000000000000000000 ) ) ;
#3613 = EDGE_CURVE ( 'NONE', #212, #2715, #1987, .T. ) ;
#3614 = DIRECTION ( 'NONE',  ( 0.000000000000000000, -0.9999999999999991118, 4.371140884147639571E-08 ) ) ;
#3615 = CYLINDRICAL_SURFACE ( 'NONE', #1524, 0.5000000000000004441 ) ;
#3616 = CARTESIAN_POINT ( 'NONE',  ( -36.56205575617909176, -8.999931335448994929, 0.000000000000000000 ) ) ;
#3617 = VERTEX_POINT ( 'NONE', #4797 ) ;
#3618 = ORIENTED_EDGE ( 'NONE', *, *, #3939, .F. ) ;
#3619 = CARTESIAN_POINT ( 'NONE',  ( 42.83862901053436900, -33.50126423066256365, 1.450000501955649446 ) ) ;
#3620 = ADVANCED_FACE ( 'NONE', ( #5869 ), #92, .F. ) ;
#3621 = DIRECTION ( 'NONE',  ( 1.000000000000000000, 0.000000000000000000, 0.000000000000000000 ) ) ;
#3622 = CIRCLE ( 'NONE', #4421, 0.5000000000000004441 ) ;
#3623 = ORIENTED_EDGE ( 'NONE', *, *, #765, .T. ) ;
#3624 = CIRCLE ( 'NONE', #3226, 7.999999999999996447 ) ;
#3625 = ORIENTED_EDGE ( 'NONE', *, *, #2833, .T. ) ;
#3626 = CIRCLE ( 'NONE', #3221, 2.000000000000001776 ) ;
#3627 = VECTOR ( 'NONE', #5737, 1000.000000000000000 ) ;
#3628 = EDGE_CURVE ( 'NONE', #2673, #1994, #3899, .T. ) ;
#3629 = DIRECTION ( 'NONE',  ( -0.9999999998675463964, 1.627596612607036625E-05, 0.000000000000000000 ) ) ;
#3630 = DIRECTION ( 'NONE',  ( 1.000000000000000000, 0.000000000000000000, 0.000000000000000000 ) ) ;
#3631 = CARTESIAN_POINT ( 'NONE',  ( -56.25248347830581963, -45.92592313267459048, 1.450001045055160365 ) ) ;
#3632 = CARTESIAN_POINT ( 'NONE',  ( 51.70779702075834194, -38.00140858553672274, 0.000000000000000000 ) ) ;
#3633 = CARTESIAN_POINT ( 'NONE',  ( 2.074954986571962312, -57.07508182525601370, 28.04134375730104622 ) ) ;
#3634 = AXIS2_PLACEMENT_3D ( 'NONE', #1740, #3560, #4524 ) ;
#3635 = AXIS2_PLACEMENT_3D ( 'NONE', #3005, #77, #1997 ) ;
#3636 = ORIENTED_EDGE ( 'NONE', *, *, #2941, .F. ) ;
#3637 = VERTEX_POINT ( 'NONE', #1072 ) ;
#3638 = DIRECTION ( 'NONE',  ( 0.000000000000000000, 0.000000000000000000, -1.000000000000000000 ) ) ;
#3639 = DIRECTION ( 'NONE',  ( 0.000000000000000000, -0.000000000000000000, -1.000000000000000000 ) ) ;
#3640 = CARTESIAN_POINT ( 'NONE',  ( -39.16032727911196076, -32.49992961829499905, 0.000000000000000000 ) ) ;
#3641 = VECTOR ( 'NONE', #4255, 1000.000000000000000 ) ;
#3642 = CARTESIAN_POINT ( 'NONE',  ( 0.000000000000000000, 0.000000000000000000, 3.000000000000000000 ) ) ;
#3643 = VERTEX_POINT ( 'NONE', #1037 ) ;
#3644 = EDGE_CURVE ( 'NONE', #284, #4201, #2880, .T. ) ;
#3645 = AXIS2_PLACEMENT_3D ( 'NONE', #3508, #1536, #1974 ) ;
#3646 = AXIS2_PLACEMENT_3D ( 'NONE', #4507, #5391, #202 ) ;
#3647 = VERTEX_POINT ( 'NONE', #2968 ) ;
#3648 = CYLINDRICAL_SURFACE ( 'NONE', #4688, 12.50000000000000000 ) ;
#3649 = DIRECTION ( 'NONE',  ( -0.000000000000000000, -0.000000000000000000, -1.000000000000000000 ) ) ;
#3650 = DIRECTION ( 'NONE',  ( 0.000000000000000000, 0.000000000000000000, 1.000000000000000000 ) ) ;
#3651 = CARTESIAN_POINT ( 'NONE',  ( -51.70836668991861274, -37.99972538755906726, 0.000000000000000000 ) ) ;
#3652 = VECTOR ( 'NONE', #6046, 1000.000000000000000 ) ;
#3653 = CARTESIAN_POINT ( 'NONE',  ( -13.92494201660204212, -53.87510013580300949, 28.04134375730104622 ) ) ;
#3654 = EDGE_CURVE ( 'NONE', #1568, #4760, #3841, .T. ) ;
#3655 = ORIENTED_EDGE ( 'NONE', *, *, #2855, .F. ) ;
#3656 = EDGE_LOOP ( 'NONE', ( #4439, #2228, #756, #2338 ) ) ;
#3657 = CARTESIAN_POINT ( 'NONE',  ( 50.52500206014519790, -33.50138933380996775, 0.000000000000000000 ) ) ;
#3658 = VECTOR ( 'NONE', #5398, 1000.000000000000000 ) ;
#3659 = DIRECTION ( 'NONE',  ( 4.180742545671757368E-15, 4.371140887755362005E-08, 0.9999999999999991118 ) ) ;
#3660 = ORIENTED_EDGE ( 'NONE', *, *, #1671, .F. ) ;
#3661 = EDGE_CURVE ( 'NONE', #2527, #1911, #3462, .T. ) ;
#3662 = AXIS2_PLACEMENT_3D ( 'NONE', #5390, #5356, #2074 ) ;
#3663 = ORIENTED_EDGE ( 'NONE', *, *, #3849, .F. ) ;
#3664 = CARTESIAN_POINT ( 'NONE',  ( -39.16013196753240777, -0.4999313354489935968, 0.000000000000000000 ) ) ;
#3665 = FACE_OUTER_BOUND ( 'NONE', #5924, .T. ) ;
#3666 = DIRECTION ( 'NONE',  ( 0.9999999998675463964, -1.627596612587094081E-05, 7.072646676600397240E-13 ) ) ;
#3667 = CARTESIAN_POINT ( 'NONE',  ( -58.50000000000000000, 55.00000000000000711, 3.000000000000000000 ) ) ;
#3668 = CARTESIAN_POINT ( 'NONE',  ( -42.83884060894109780, -3.499931335448994485, 36.80533964869712804 ) ) ;
#3669 = EDGE_CURVE ( 'NONE', #3328, #2372, #5597, .T. ) ;
#3670 = VERTEX_POINT ( 'NONE', #5399 ) ;
#3671 = ORIENTED_EDGE ( 'NONE', *, *, #1229, .F. ) ;
#3672 = AXIS2_PLACEMENT_3D ( 'NONE', #2091, #4603, #2657 ) ;
#3673 = CYLINDRICAL_SURFACE ( 'NONE', #1664, 3.500000000000003109 ) ;
#3674 = FACE_BOUND ( 'NONE', #4416, .T. ) ;
#3675 = DIRECTION ( 'NONE',  ( -0.9999999998675465074, 1.627596612520374651E-05, 0.000000000000000000 ) ) ;
#3676 = LINE ( 'NONE', #4177, #211 ) ;
#3677 = VECTOR ( 'NONE', #5783, 999.9999999999998863 ) ;
#3678 = AXIS2_PLACEMENT_3D ( 'NONE', #4701, #1329, #4764 ) ;
#3679 = EDGE_CURVE ( 'NONE', #3028, #3297, #2996, .T. ) ;
#3680 = ORIENTED_EDGE ( 'NONE', *, *, #4600, .F. ) ;
#3681 = ORIENTED_EDGE ( 'NONE', *, *, #2204, .F. ) ;
#3682 = CARTESIAN_POINT ( 'NONE',  ( 47.02500206014519790, -38.50133236859078067, 0.000000000000000000 ) ) ;
#3683 = CIRCLE ( 'NONE', #1065, 2.999999999999998668 ) ;
#3684 = CARTESIAN_POINT ( 'NONE',  ( 51.38099752524905028, -31.34477641991259489, 0.000000000000000000 ) ) ;
#3685 = CARTESIAN_POINT ( 'NONE',  ( 13.20999999999997954, -26.50000000000002487, 0.000000000000000000 ) ) ;
#3686 = DIRECTION ( 'NONE',  ( -1.000000000000000000, 0.000000000000000000, 0.000000000000000000 ) ) ;
#3687 = CARTESIAN_POINT ( 'NONE',  ( -59.42498535135182181, -14.44500776255643437, 28.04134375730104622 ) ) ;
#3688 = ORIENTED_EDGE ( 'NONE', *, *, #812, .T. ) ;
#3689 = ORIENTED_EDGE ( 'NONE', *, *, #219, .F. ) ;
#3690 = DIRECTION ( 'NONE',  ( 1.000000000000000000, 0.000000000000000000, 0.000000000000000000 ) ) ;
#3691 = CARTESIAN_POINT ( 'NONE',  ( -40.00000000000000000, 0.000000000000000000, 3.000000000000000000 ) ) ;
#3692 = ORIENTED_EDGE ( 'NONE', *, *, #6197, .T. ) ;
#3693 = DIRECTION ( 'NONE',  ( -1.627596612607036964E-05, -0.9999999998675465074, 0.000000000000000000 ) ) ;
#3694 = EDGE_CURVE ( 'NONE', #5930, #4870, #1765, .T. ) ;
#3695 = EDGE_CURVE ( 'NONE', #1977, #45, #4982, .T. ) ;
#3696 = DIRECTION ( 'NONE',  ( 0.000000000000000000, 0.000000000000000000, 1.000000000000000000 ) ) ;
#3697 = CARTESIAN_POINT ( 'NONE',  ( 14.95999999999997954, -26.50000000000002487, 28.04134375730104622 ) ) ;
#3698 = CALENDAR_DATE ( 2024, 1, 3 ) ;
#3699 = FACE_OUTER_BOUND ( 'NONE', #5045, .T. ) ;
#3700 = CARTESIAN_POINT ( 'NONE',  ( -55.00000000000000000, 55.00000000000000711, 3.000000000000000000 ) ) ;
#3701 = DIRECTION ( 'NONE',  ( -0.000000000000000000, -0.000000000000000000, -1.000000000000000000 ) ) ;
#3702 = ORIENTED_EDGE ( 'NONE', *, *, #5330, .F. ) ;
#3703 = DIRECTION ( 'NONE',  ( 0.9999999998675463964, -1.627596612587094081E-05, 0.000000000000000000 ) ) ;
#3704 = LINE ( 'NONE', #5193, #847 ) ;
#3705 = DIRECTION ( 'NONE',  ( 0.9999999998675463964, -1.627596612587094420E-05, 0.000000000000000000 ) ) ;
#3706 = DIRECTION ( 'NONE',  ( 0.000000000000000000, 0.000000000000000000, -1.000000000000000000 ) ) ;
#3707 = VERTEX_POINT ( 'NONE', #1579 ) ;
#3708 = ORIENTED_EDGE ( 'NONE', *, *, #307, .T. ) ;
#3709 = CARTESIAN_POINT ( 'NONE',  ( 31.71453800660105316, -20.13675966251838645, 28.04134375730104622 ) ) ;
#3710 = DIRECTION ( 'NONE',  ( 1.000000000000000000, 0.000000000000000000, -0.000000000000000000 ) ) ;
#3711 = DIRECTION ( 'NONE',  ( -1.000000000000000000, 0.000000000000000000, 0.000000000000000000 ) ) ;
#3712 = EDGE_CURVE ( 'NONE', #5702, #5977, #3502, .T. ) ;
#3713 = FACE_OUTER_BOUND ( 'NONE', #5965, .T. ) ;
#3714 = CARTESIAN_POINT ( 'NONE',  ( 55.00000000000000000, -55.00000000000000000, 0.000000000000000000 ) ) ;
#3715 = ORIENTED_EDGE ( 'NONE', *, *, #5608, .F. ) ;
#3716 = ORIENTED_EDGE ( 'NONE', *, *, #1631, .F. ) ;
#3717 = CARTESIAN_POINT ( 'NONE',  ( -39.16013196753240777, -7.499931335448996705, 0.000000000000000000 ) ) ;
#3718 = FACE_OUTER_BOUND ( 'NONE', #1, .T. ) ;
#3719 = ORIENTED_EDGE ( 'NONE', *, *, #5434, .F. ) ;
#3720 = EDGE_CURVE ( 'NONE', #3843, #493, #5307, .T. ) ;
#3721 = ORIENTED_EDGE ( 'NONE', *, *, #3404, .F. ) ;
#3722 = DIRECTION ( 'NONE',  ( 1.000000000000000000, 0.000000000000000000, 0.000000000000000000 ) ) ;
#3723 = DIRECTION ( 'NONE',  ( -0.000000000000000000, 1.000000000000000000, -0.000000000000000000 ) ) ;
#3724 = CARTESIAN_POINT ( 'NONE',  ( 47.14938835202706002, -32.50133439230313570, 0.000000000000000000 ) ) ;
#3725 = DIRECTION ( 'NONE',  ( -4.180742545671762101E-15, -4.371140887755362005E-08, -0.9999999999999992228 ) ) ;
#3726 = VERTEX_POINT ( 'NONE', #4339 ) ;
#3727 = ADVANCED_FACE ( 'NONE', ( #33 ), #1956, .F. ) ;
#3728 = ORIENTED_EDGE ( 'NONE', *, *, #2410, .F. ) ;
#3729 = CARTESIAN_POINT ( 'NONE',  ( 39.16013196753240777, -8.499931335448993153, 3.000000000000000000 ) ) ;
#3730 = DIRECTION ( 'NONE',  ( 0.000000000000000000, -0.9999999999999991118, 4.371140887245352218E-08 ) ) ;
#3731 = CARTESIAN_POINT ( 'NONE',  ( 30.49987792968802225, -5.499931335448994929, 0.000000000000000000 ) ) ;
#3732 = DIRECTION ( 'NONE',  ( 0.9999999998675463964, -1.627596612567151538E-05, 0.000000000000000000 ) ) ;
#3733 = AXIS2_PLACEMENT_3D ( 'NONE', #4723, #2832, #2463 ) ;
#3734 = VERTEX_POINT ( 'NONE', #3556 ) ;
#3735 = EDGE_CURVE ( 'NONE', #5287, #1420, #4489, .T. ) ;
#3736 = ORIENTED_EDGE ( 'NONE', *, *, #1311, .F. ) ;
#3737 = CYLINDRICAL_SURFACE ( 'NONE', #3075, 1.749999999999994671 ) ;
#3738 = AXIS2_PLACEMENT_3D ( 'NONE', #3535, #5467, #5436 ) ;
#3739 = LINE ( 'NONE', #463, #6200 ) ;
#3740 = CARTESIAN_POINT ( 'NONE',  ( -39.16034355507807874, -33.49992961816254677, 0.000000000000000000 ) ) ;
#3741 = CARTESIAN_POINT ( 'NONE',  ( -57.67498635059415335, -14.44500776255643437, 1.449999668980000322 ) ) ;
#3742 = VECTOR ( 'NONE', #5211, 999.9999999999998863 ) ;
#3743 = ORIENTED_EDGE ( 'NONE', *, *, #5244, .T. ) ;
#3744 = EDGE_CURVE ( 'NONE', #2785, #666, #1731, .T. ) ;
#3745 = VERTEX_POINT ( 'NONE', #1667 ) ;
#3746 = DIRECTION ( 'NONE',  ( 0.000000000000000000, 0.000000000000000000, -1.000000000000000000 ) ) ;
#3747 = CIRCLE ( 'NONE', #4541, 2.000000000000002665 ) ;
#3748 = DIRECTION ( 'NONE',  ( 4.180742545671757368E-15, 4.371140887755362005E-08, 0.9999999999999991118 ) ) ;
#3749 = ORIENTED_EDGE ( 'NONE', *, *, #2932, .F. ) ;
#3750 = VECTOR ( 'NONE', #3066, 1000.000000000000000 ) ;
#3751 = EDGE_CURVE ( 'NONE', #1191, #3424, #1635, .T. ) ;
#3752 = ORIENTED_EDGE ( 'NONE', *, *, #373, .F. ) ;
#3753 = VECTOR ( 'NONE', #4010, 1000.000000000000000 ) ;
#3754 = CARTESIAN_POINT ( 'NONE',  ( -30.49987792968802225, -5.499931335448994929, 0.000000000000000000 ) ) ;
#3755 = FACE_OUTER_BOUND ( 'NONE', #4996, .T. ) ;
#3756 = APPROVAL_ROLE ( '' ) ;
#3757 = DIRECTION ( 'NONE',  ( 0.000000000000000000, -0.000000000000000000, 1.000000000000000000 ) ) ;
#3758 = EDGE_CURVE ( 'NONE', #5743, #4906, #5630, .T. ) ;
#3759 = DIRECTION ( 'NONE',  ( -1.000000000000000000, 0.000000000000000000, 0.000000000000000000 ) ) ;
#3760 = CIRCLE ( 'NONE', #4260, 4.999999999999997335 ) ;
#3761 = VERTEX_POINT ( 'NONE', #745 ) ;
#3762 = ORIENTED_EDGE ( 'NONE', *, *, #613, .T. ) ;
#3763 = CARTESIAN_POINT ( 'NONE',  ( 30.50012016296399153, -5.499931269881894735, 1.449999277977990886 ) ) ;
#3764 = CARTESIAN_POINT ( 'NONE',  ( -56.25248347830570594, -31.76592310238539341, 28.04134375730104622 ) ) ;
#3765 = DIRECTION ( 'NONE',  ( 1.000000000000000000, 0.000000000000000000, -0.000000000000000000 ) ) ;
#3766 = FACE_OUTER_BOUND ( 'NONE', #172, .T. ) ;
#3767 = EDGE_LOOP ( 'NONE', ( #3716, #1437, #5179, #1433 ) ) ;
#3768 = ORIENTED_EDGE ( 'NONE', *, *, #3798, .T. ) ;
#3769 = FACE_OUTER_BOUND ( 'NONE', #2140, .T. ) ;
#3770 = DIRECTION ( 'NONE',  ( -1.000000000000000000, 0.000000000000000000, 0.000000000000000000 ) ) ;
#3771 = EDGE_CURVE ( 'NONE', #6057, #1179, #183, .T. ) ;
#3772 = FACE_OUTER_BOUND ( 'NONE', #5819, .T. ) ;
#3773 = EDGE_CURVE ( 'NONE', #4594, #3734, #6145, .T. ) ;
#3774 = DIRECTION ( 'NONE',  ( 1.000000000000000000, 0.000000000000000000, 0.000000000000000000 ) ) ;
#3775 = VECTOR ( 'NONE', #2842, 1000.000000000000000 ) ;
#3776 = ORIENTED_EDGE ( 'NONE', *, *, #2873, .T. ) ;
#3777 = VERTEX_POINT ( 'NONE', #1156 ) ;
#3778 = CIRCLE ( 'NONE', #1976, 2.000000000000002665 ) ;
#3779 = DIRECTION ( 'NONE',  ( 1.000000000000000000, 0.000000000000000000, 0.000000000000000000 ) ) ;
#3780 = ADVANCED_FACE ( 'NONE', ( #5072 ), #5424, .F. ) ;
#3781 = FACE_OUTER_BOUND ( 'NONE', #4108, .T. ) ;
#3782 = ORIENTED_EDGE ( 'NONE', *, *, #1986, .F. ) ;
#3783 = ORIENTED_EDGE ( 'NONE', *, *, #5571, .F. ) ;
#3784 = ORIENTED_EDGE ( 'NONE', *, *, #5256, .F. ) ;
#3785 = DIRECTION ( 'NONE',  ( 0.000000000000000000, -0.9999999999999991118, 4.371140887245352218E-08 ) ) ;
#3786 = CYLINDRICAL_SURFACE ( 'NONE', #1435, 2.000000000000001776 ) ;
#3787 = EDGE_CURVE ( 'NONE', #2237, #233, #3142, .T. ) ;
#3788 = CARTESIAN_POINT ( 'NONE',  ( -39.16029472717970350, -30.49992961855991069, 0.000000000000000000 ) ) ;
#3789 = CARTESIAN_POINT ( 'NONE',  ( 42.63453902919962246, -2.499931335448994485, 36.80533964869712804 ) ) ;
#3790 = ORIENTED_EDGE ( 'NONE', *, *, #269, .T. ) ;
#3791 = ORIENTED_EDGE ( 'NONE', *, *, #52, .F. ) ;
#3792 = DIRECTION ( 'NONE',  ( -1.000000000000000000, -1.994248318681189754E-16, 0.000000000000000000 ) ) ;
#3793 = DIRECTION ( 'NONE',  ( -0.000000000000000000, -0.000000000000000000, -1.000000000000000000 ) ) ;
#3794 = DIRECTION ( 'NONE',  ( 0.000000000000000000, 0.000000000000000000, -1.000000000000000000 ) ) ;
#3795 = DIRECTION ( 'NONE',  ( 0.000000000000000000, 1.000000000000000000, 0.000000000000000000 ) ) ;
#3796 = ORIENTED_EDGE ( 'NONE', *, *, #219, .T. ) ;
#3797 = ORIENTED_EDGE ( 'NONE', *, *, #2596, .T. ) ;
#3798 = EDGE_CURVE ( 'NONE', #4236, #3726, #3108, .T. ) ;
#3799 = DIRECTION ( 'NONE',  ( 0.9999999999999961142, 8.742277677795539484E-08, -8.002115286624055570E-15 ) ) ;
#3800 = EDGE_CURVE ( 'NONE', #4052, #6109, #1093, .T. ) ;
#3801 = FACE_OUTER_BOUND ( 'NONE', #1752, .T. ) ;
#3802 = DIRECTION ( 'NONE',  ( 1.000000000000000000, 0.000000000000000000, 0.000000000000000000 ) ) ;
#3803 = DIRECTION ( 'NONE',  ( -1.000000000000000000, 0.000000000000000000, 0.000000000000000000 ) ) ;
#3804 = EDGE_LOOP ( 'NONE', ( #4490, #5695, #3109, #3890, #3418, #74, #6033, #3112 ) ) ;
#3805 = EDGE_CURVE ( 'NONE', #3777, #3087, #6056, .T. ) ;
#3806 = ORIENTED_EDGE ( 'NONE', *, *, #1898, .F. ) ;
#3807 = CARTESIAN_POINT ( 'NONE',  ( 0.000000000000000000, -15.99999999999998579, 3.000000000000000000 ) ) ;
#3808 = VECTOR ( 'NONE', #4168, 1000.000000000000227 ) ;
#3809 = CARTESIAN_POINT ( 'NONE',  ( -51.71248359946253714, -33.76592310238539341, 0.000000000000000000 ) ) ;
#3810 = ORIENTED_EDGE ( 'NONE', *, *, #4716, .T. ) ;
#3811 = ORIENTED_EDGE ( 'NONE', *, *, #1257, .F. ) ;
#3812 = CARTESIAN_POINT ( 'NONE',  ( 35.21007646689140813, -52.94007753325929855, 0.000000000000000000 ) ) ;
#3813 = DIRECTION ( 'NONE',  ( -0.000000000000000000, -0.000000000000000000, -1.000000000000000000 ) ) ;
#3814 = CARTESIAN_POINT ( 'NONE',  ( 39.15996919751131600, -30.50120435652268824, 0.000000000000000000 ) ) ;
#3815 = LINE ( 'NONE', #5749, #3532 ) ;
#3816 = DIRECTION ( 'NONE',  ( 1.000000000000000000, 0.000000000000000000, 0.000000000000000000 ) ) ;
#3817 = ORIENTED_EDGE ( 'NONE', *, *, #2534, .F. ) ;
#3818 = EDGE_LOOP ( 'NONE', ( #5723, #5422, #4481, #5271 ) ) ;
#3819 = ADVANCED_FACE ( 'NONE', ( #2612 ), #4515, .F. ) ;
#3820 = DIRECTION ( 'NONE',  ( 3.414809992080329516E-16, -1.000000000000000000, 0.000000000000000000 ) ) ;
#3821 = CARTESIAN_POINT ( 'NONE',  ( -52.20828531002175765, -32.99971725023826963, 1.450000480032470840 ) ) ;
#3822 = CARTESIAN_POINT ( 'NONE',  ( 47.02500172706440651, -40.76931592906048962, 1.450000819652162543 ) ) ;
#3823 = AXIS2_PLACEMENT_3D ( 'NONE', #3632, #318, #2258 ) ;
#3824 = DIRECTION ( 'NONE',  ( 0.9999999998675463964, -1.627596612607036625E-05, 0.000000000000000000 ) ) ;
#3825 = CARTESIAN_POINT ( 'NONE',  ( 10.99999999999997513, -20.54000000000002757, 28.04134375730104622 ) ) ;
#3826 = CIRCLE ( 'NONE', #1108, 3.500000000000003109 ) ;
#3827 = ORIENTED_EDGE ( 'NONE', *, *, #1921, .T. ) ;
#3828 = EDGE_LOOP ( 'NONE', ( #573, #275 ) ) ;
#3829 = DIRECTION ( 'NONE',  ( -4.180742545671762101E-15, -4.371140887755362005E-08, -0.9999999999999992228 ) ) ;
#3830 = CIRCLE ( 'NONE', #1616, 6.000000000000001776 ) ;
#3831 = LINE ( 'NONE', #5829, #426 ) ;
#3832 = DIRECTION ( 'NONE',  ( 1.000000000000000000, 0.000000000000000000, 0.000000000000000000 ) ) ;
#3833 = EDGE_CURVE ( 'NONE', #4442, #3405, #587, .T. ) ;
#3834 = ORIENTED_EDGE ( 'NONE', *, *, #4368, .F. ) ;
#3835 = AXIS2_PLACEMENT_3D ( 'NONE', #5799, #1477, #1442 ) ;
#3836 = VECTOR ( 'NONE', #4904, 1000.000000000000000 ) ;
#3837 = AXIS2_PLACEMENT_3D ( 'NONE', #3413, #166, #1016 ) ;
#3838 = ORIENTED_EDGE ( 'NONE', *, *, #3833, .F. ) ;
#3839 = DIRECTION ( 'NONE',  ( 0.000000000000000000, -0.9999999999999991118, 4.371140905831675080E-08 ) ) ;
#3840 = CIRCLE ( 'NONE', #1124, 7.000000000000001776 ) ;
#3841 = LINE ( 'NONE', #5838, #6108 ) ;
#3842 = ORIENTED_EDGE ( 'NONE', *, *, #873, .F. ) ;
#3843 = VERTEX_POINT ( 'NONE', #210 ) ;
#3844 = VECTOR ( 'NONE', #5564, 1000.000000000000000 ) ;
#3845 = CARTESIAN_POINT ( 'NONE',  ( -55.92498535135183602, 8.414991075098390283, 1.449998669737242230 ) ) ;
#3846 = CIRCLE ( 'NONE', #4656, 3.500000000000003109 ) ;
#3847 = CARTESIAN_POINT ( 'NONE',  ( 39.16013196753240777, -2.499931335448993597, 1.449999146843730990 ) ) ;
#3848 = CARTESIAN_POINT ( 'NONE',  ( 33.46453800660104605, -20.13675966251838645, 28.04134375730104622 ) ) ;
#3849 = EDGE_CURVE ( 'NONE', #2647, #5425, #1698, .T. ) ;
#3850 = CARTESIAN_POINT ( 'NONE',  ( 39.16013196753240777, -7.499931335448995817, 1.449999365400775453 ) ) ;
#3851 = VECTOR ( 'NONE', #2859, 1000.000000000000000 ) ;
#3852 = ORIENTED_EDGE ( 'NONE', *, *, #3510, .T. ) ;
#3853 = ORIENTED_EDGE ( 'NONE', *, *, #1526, .T. ) ;
#3854 = CC_DESIGN_APPROVAL ( #6011, ( #3038 ) ) ;
#3855 = DIRECTION ( 'NONE',  ( 6.829619963800058489E-16, -1.000000000000000000, 0.000000000000000000 ) ) ;
#3856 = DIRECTION ( 'NONE',  ( -0.000000000000000000, -0.000000000000000000, -1.000000000000000000 ) ) ;
#3857 = CYLINDRICAL_SURFACE ( 'NONE', #32, 0.5000000000000004441 ) ;
#3858 = DIRECTION ( 'NONE',  ( -0.000000000000000000, 0.000000000000000000, -1.000000000000000000 ) ) ;
#3859 = CARTESIAN_POINT ( 'NONE',  ( 14.95999999999997954, -24.75000000000002132, 0.000000000000000000 ) ) ;
#3860 = ADVANCED_FACE ( 'NONE', ( #5927 ), #2646, .T. ) ;
#3861 = EDGE_LOOP ( 'NONE', ( #2175, #5961, #3875, #4617 ) ) ;
#3862 = EDGE_LOOP ( 'NONE', ( #2930, #5204, #2916, #2970 ) ) ;
#3863 = AXIS2_PLACEMENT_3D ( 'NONE', #6148, #4231, #388 ) ;
#3864 = DIRECTION ( 'NONE',  ( 0.000000000000000000, -0.9999999999999991118, 4.371140884147635601E-08 ) ) ;
#3865 = DIRECTION ( 'NONE',  ( 0.000000000000000000, -0.9999999999999991118, 4.371140886858146988E-08 ) ) ;
#3866 = DIRECTION ( 'NONE',  ( 0.000000000000000000, 0.000000000000000000, 1.000000000000000000 ) ) ;
#3867 = ADVANCED_FACE ( 'NONE', ( #1218 ), #3022, .F. ) ;
#3868 = VECTOR ( 'NONE', #4203, 1000.000000000000000 ) ;
#3869 = ORIENTED_EDGE ( 'NONE', *, *, #2815, .T. ) ;
#3870 = ORIENTED_EDGE ( 'NONE', *, *, #5639, .F. ) ;
#3871 = DIRECTION ( 'NONE',  ( -4.180742545671762101E-15, -4.371140887755362005E-08, -0.9999999999999992228 ) ) ;
#3872 = CARTESIAN_POINT ( 'NONE',  ( 2.074954986571962312, -55.32508182525601370, 28.04134375730104622 ) ) ;
#3873 = VECTOR ( 'NONE', #444, 1000.000000000000000 ) ;
#3874 = EDGE_LOOP ( 'NONE', ( #6235, #5623, #1172, #5408 ) ) ;
#3875 = ORIENTED_EDGE ( 'NONE', *, *, #4136, .F. ) ;
#3876 = CARTESIAN_POINT ( 'NONE',  ( -57.67498535135182181, 8.414992237443547296, 1.449998669737193824 ) ) ;
#3877 = VECTOR ( 'NONE', #1200, 1000.000000000000000 ) ;
#3878 = CARTESIAN_POINT ( 'NONE',  ( 50.40063686045313318, -32.50138730951373134, 0.000000000000000000 ) ) ;
#3879 = CARTESIAN_POINT ( 'NONE',  ( 50.52500206014519790, -37.50138933433978394, 0.000000000000000000 ) ) ;
#3880 = DIRECTION ( 'NONE',  ( -0.000000000000000000, -0.000000000000000000, -1.000000000000000000 ) ) ;
#3881 = VERTEX_POINT ( 'NONE', #3520 ) ;
#3882 = ADVANCED_FACE ( 'NONE', ( #336 ), #5644, .F. ) ;
#3883 = ORIENTED_EDGE ( 'NONE', *, *, #624, .F. ) ;
#3884 = DIRECTION ( 'NONE',  ( 0.000000000000000000, -0.000000000000000000, 1.000000000000000000 ) ) ;
#3885 = CARTESIAN_POINT ( 'NONE',  ( 13.53999999999997783, -11.46000000000002750, 28.04134375730104622 ) ) ;
#3886 = CARTESIAN_POINT ( 'NONE',  ( 39.16013196753240777, -0.4999313354489935968, 1.449999059420913117 ) ) ;
#3887 = DIRECTION ( 'NONE',  ( 1.000000000000000000, 0.000000000000000000, 0.000000000000000000 ) ) ;
#3888 = DIRECTION ( 'NONE',  ( -0.000000000000000000, -0.000000000000000000, -1.000000000000000000 ) ) ;
#3889 = ORIENTED_EDGE ( 'NONE', *, *, #3744, .T. ) ;
#3890 = ORIENTED_EDGE ( 'NONE', *, *, #4285, .F. ) ;
#3891 = ADVANCED_FACE ( 'NONE', ( #5294 ), #515, .F. ) ;
#3892 = CARTESIAN_POINT ( 'NONE',  ( 51.70808186218739166, -7.499931335448993153, 3.000000000000000000 ) ) ;
#3893 = FACE_OUTER_BOUND ( 'NONE', #2413, .T. ) ;
#3894 = DIRECTION ( 'NONE',  ( -0.000000000000000000, 0.000000000000000000, -1.000000000000000000 ) ) ;
#3895 = ORIENTED_EDGE ( 'NONE', *, *, #1338, .F. ) ;
#3896 = EDGE_LOOP ( 'NONE', ( #5076, #1459, #508, #4134, #3475, #3143, #46, #1039 ) ) ;
#3897 = ADVANCED_FACE ( 'NONE', ( #4813 ), #3206, .F. ) ;
#3898 = DIRECTION ( 'NONE',  ( 0.000000000000000000, -0.000000000000000000, -1.000000000000000000 ) ) ;
#3899 = LINE ( 'NONE', #1489, #856 ) ;
#3900 = ORIENTED_EDGE ( 'NONE', *, *, #495, .F. ) ;
#3901 = ORIENTED_EDGE ( 'NONE', *, *, #347, .F. ) ;
#3902 = DIRECTION ( 'NONE',  ( -0.000000000000000000, 0.000000000000000000, -1.000000000000000000 ) ) ;
#3903 = VECTOR ( 'NONE', #2679, 1000.000000000000000 ) ;
#3904 = CARTESIAN_POINT ( 'NONE',  ( -51.70828531008798024, -32.99972538822134283, 1.450000480032824557 ) ) ;
#3905 = CARTESIAN_POINT ( 'NONE',  ( 10.99999999999986322, -20.54000000000002757, 1.449999935400410278 ) ) ;
#3906 = DIRECTION ( 'NONE',  ( -4.180742545671762101E-15, -4.371140887755362005E-08, -0.9999999999999992228 ) ) ;
#3907 = ORIENTED_EDGE ( 'NONE', *, *, #6250, .F. ) ;
#3908 = CIRCLE ( 'NONE', #4931, 7.999999999999996447 ) ;
#3909 = ADVANCED_FACE ( 'NONE', ( #965 ), #17, .F. ) ;
#3910 = EDGE_LOOP ( 'NONE', ( #585, #3965, #2280, #885 ) ) ;
#3911 = DIRECTION ( 'NONE',  ( -1.000000000000000000, 2.775557561562891745E-15, 4.180742424348234962E-15 ) ) ;
#3912 = FACE_OUTER_BOUND ( 'NONE', #5210, .T. ) ;
#3913 = PLANE ( 'NONE',  #5973 ) ;
#3914 = CARTESIAN_POINT ( 'NONE',  ( -58.25248347830570594, -43.92592313267459048, 1.450000957632349818 ) ) ;
#3915 = EDGE_CURVE ( 'NONE', #480, #1116, #1400, .T. ) ;
#3916 = CYLINDRICAL_SURFACE ( 'NONE', #4724, 6.999999999999999112 ) ;
#3917 = ORIENTED_EDGE ( 'NONE', *, *, #728, .T. ) ;
#3918 = EDGE_LOOP ( 'NONE', ( #5617, #3790, #4585, #3302 ) ) ;
#3919 = AXIS2_PLACEMENT_3D ( 'NONE', #5693, #4707, #5722 ) ;
#3920 = CARTESIAN_POINT ( 'NONE',  ( -37.42808115996353280, -9.499931335448996705, 1.449999452823913071 ) ) ;
#3921 = FACE_OUTER_BOUND ( 'NONE', #5905, .T. ) ;
#3922 = CARTESIAN_POINT ( 'NONE',  ( -51.70808186218739166, -2.999931335448996261, 0.000000000000000000 ) ) ;
#3923 = EDGE_CURVE ( 'NONE', #6041, #2174, #1826, .T. ) ;
#3924 = VERTEX_POINT ( 'NONE', #6097 ) ;
#3925 = VECTOR ( 'NONE', #4190, 1000.000000000000000 ) ;
#3926 = EDGE_LOOP ( 'NONE', ( #655, #5636, #3719, #2780 ) ) ;
#3927 = CARTESIAN_POINT ( 'NONE',  ( 14.95999999999997954, -26.50000000000002487, 0.000000000000000000 ) ) ;
#3928 = CARTESIAN_POINT ( 'NONE',  ( 47.02500206014519790, -33.50133236792851221, 0.000000000000000000 ) ) ;
#3929 = VECTOR ( 'NONE', #4007, 1000.000000000000000 ) ;
#3930 = AXIS2_PLACEMENT_3D ( 'NONE', #2650, #4560, #244 ) ;
#3931 = CIRCLE ( 'NONE', #409, 2.000000000000003553 ) ;
#3932 = EDGE_CURVE ( 'NONE', #471, #4822, #486, .T. ) ;
#3933 = VERTEX_POINT ( 'NONE', #3859 ) ;
#3934 = ORIENTED_EDGE ( 'NONE', *, *, #6073, .F. ) ;
#3935 = DIRECTION ( 'NONE',  ( 0.9999999998675463964, -1.627596612567151538E-05, 7.072646676513224198E-13 ) ) ;
#3936 = VECTOR ( 'NONE', #3470, 1000.000000000000000 ) ;
#3937 = LINE ( 'NONE', #3382, #2240 ) ;
#3938 = CARTESIAN_POINT ( 'NONE',  ( -39.16029472717970350, -30.49992961855991069, 1.450000370763431690 ) ) ;
#3939 = EDGE_CURVE ( 'NONE', #3881, #3158, #2743, .T. ) ;
#3940 = VERTEX_POINT ( 'NONE', #778 ) ;
#3941 = VECTOR ( 'NONE', #5446, 1000.000000000000000 ) ;
#3942 = ORIENTED_EDGE ( 'NONE', *, *, #5805, .F. ) ;
#3943 = LINE ( 'NONE', #3478, #3127 ) ;
#3944 = EDGE_CURVE ( 'NONE', #346, #1546, #2278, .T. ) ;
#3945 = FACE_OUTER_BOUND ( 'NONE', #5651, .T. ) ;
#3946 = CARTESIAN_POINT ( 'NONE',  ( 42.63434370678607621, -32.50126090558943304, 1.450000458244096180 ) ) ;
#3947 = VECTOR ( 'NONE', #491, 1000.000000000000000 ) ;
#3948 = LINE ( 'NONE', #5885, #5765 ) ;
#3949 = CARTESIAN_POINT ( 'NONE',  ( -39.16042493490871124, -38.49992961750028542, 0.000000000000000000 ) ) ;
#3950 = ORIENTED_EDGE ( 'NONE', *, *, #4161, .T. ) ;
#3951 = VECTOR ( 'NONE', #422, 1000.000000000000000 ) ;
#3952 = ORIENTED_EDGE ( 'NONE', *, *, #2969, .T. ) ;
#3953 = VECTOR ( 'NONE', #562, 1000.000000000000000 ) ;
#3954 = DIRECTION ( 'NONE',  ( 0.000000000000000000, 0.000000000000000000, -1.000000000000000000 ) ) ;
#3955 = DIRECTION ( 'NONE',  ( 1.000000000000000000, 0.000000000000000000, -0.000000000000000000 ) ) ;
#3956 = DIRECTION ( 'NONE',  ( 0.000000000000000000, 0.000000000000000000, 1.000000000000000000 ) ) ;
#3957 = AXIS2_PLACEMENT_3D ( 'NONE', #6253, #3829, #1448 ) ;
#3958 = ORIENTED_EDGE ( 'NONE', *, *, #1737, .T. ) ;
#3959 = EDGE_LOOP ( 'NONE', ( #1859, #958, #3280, #1768 ) ) ;
#3960 = EDGE_CURVE ( 'NONE', #1560, #957, #5800, .T. ) ;
#3961 = DIRECTION ( 'NONE',  ( -0.000000000000000000, 0.000000000000000000, -1.000000000000000000 ) ) ;
#3962 = AXIS2_PLACEMENT_3D ( 'NONE', #1787, #6218, #3730 ) ;
#3963 = DIRECTION ( 'NONE',  ( 1.000000000000000000, 0.000000000000000000, 0.000000000000000000 ) ) ;
#3964 = ORIENTED_EDGE ( 'NONE', *, *, #5647, .T. ) ;
#3965 = ORIENTED_EDGE ( 'NONE', *, *, #1487, .T. ) ;
#3966 = FACE_OUTER_BOUND ( 'NONE', #566, .T. ) ;
#3967 = EDGE_CURVE ( 'NONE', #1408, #1916, #4624, .T. ) ;
#3968 = CARTESIAN_POINT ( 'NONE',  ( 65.99999999999998579, -60.99999999999999289, 3.000000000000000000 ) ) ;
#3969 = AXIS2_PLACEMENT_3D ( 'NONE', #1777, #3693, #2973 ) ;
#3970 = PLANE ( 'NONE',  #6168 ) ;
#3971 = ORIENTED_EDGE ( 'NONE', *, *, #4514, .F. ) ;
#3972 = ORIENTED_EDGE ( 'NONE', *, *, #4213, .T. ) ;
#3973 = ADVANCED_FACE ( 'NONE', ( #300 ), #2897, .F. ) ;
#3974 = CARTESIAN_POINT ( 'NONE',  ( 51.70808186218739166, -3.499931335448996261, 3.000000000000000000 ) ) ;
#3975 = CARTESIAN_POINT ( 'NONE',  ( -51.70835855193554664, -37.49972538762529695, 0.000000000000000000 ) ) ;
#3976 = CYLINDRICAL_SURFACE ( 'NONE', #5877, 2.000000000000001776 ) ;
#3977 = CARTESIAN_POINT ( 'NONE',  ( 51.70788653857203343, -32.50140858626521378, 3.000000000000000000 ) ) ;
#3978 = CARTESIAN_POINT ( 'NONE',  ( 17.99963378098338396, -35.50106340185905651, 1.450000589369792703 ) ) ;
#3979 = VERTEX_POINT ( 'NONE', #5615 ) ;
#3980 = ORIENTED_EDGE ( 'NONE', *, *, #5718, .T. ) ;
#3981 = FACE_OUTER_BOUND ( 'NONE', #886, .T. ) ;
#3982 = CARTESIAN_POINT ( 'NONE',  ( -55.00000000000000000, 55.00000000000000711, 0.000000000000000000 ) ) ;
#3983 = LINE ( 'NONE', #2992, #4131 ) ;
#3984 = ORIENTED_EDGE ( 'NONE', *, *, #1719, .F. ) ;
#3985 = EDGE_CURVE ( 'NONE', #1652, #2005, #6032, .T. ) ;
#3986 = ORIENTED_EDGE ( 'NONE', *, *, #1893, .F. ) ;
#3987 = ADVANCED_FACE ( 'NONE', ( #3237 ), #4841, .F. ) ;
#3988 = CARTESIAN_POINT ( 'NONE',  ( -13.92494201660204212, -57.37510013580300949, 28.04134375730104622 ) ) ;
#3989 = DIRECTION ( 'NONE',  ( 0.000000000000000000, -0.000000000000000000, 1.000000000000000000 ) ) ;
#3990 = EDGE_CURVE ( 'NONE', #5190, #4703, #3610, .T. ) ;
#3991 = VERTEX_POINT ( 'NONE', #3176 ) ;
#3992 = ORIENTED_EDGE ( 'NONE', *, *, #812, .F. ) ;
#3993 = CARTESIAN_POINT ( 'NONE',  ( -37.42839040353538138, -39.49995780816809798, 3.000000000000000000 ) ) ;
#3994 = CARTESIAN_POINT ( 'NONE',  ( 39.16013196753240777, -0.4999313354489935968, 3.000000000000000000 ) ) ;
#3995 = VERTEX_POINT ( 'NONE', #2236 ) ;
#3996 = ORIENTED_EDGE ( 'NONE', *, *, #1863, .T. ) ;
#3997 = DIRECTION ( 'NONE',  ( 1.000000000000000000, 0.000000000000000000, 0.000000000000000000 ) ) ;
#3998 = DIRECTION ( 'NONE',  ( 0.000000000000000000, 0.000000000000000000, -1.000000000000000000 ) ) ;
#3999 = CARTESIAN_POINT ( 'NONE',  ( 39.15980643785005100, -40.50120435519815487, 0.000000000000000000 ) ) ;
#4000 = CARTESIAN_POINT ( 'NONE',  ( -39.16013196753240777, -10.49993133544899493, 3.000000000000000000 ) ) ;
#4001 = CARTESIAN_POINT ( 'NONE',  ( 39.15983898978230826, -38.50120435546305941, 0.000000000000000000 ) ) ;
#4002 = EDGE_CURVE ( 'NONE', #1392, #3587, #5532, .T. ) ;
#4003 = ORIENTED_EDGE ( 'NONE', *, *, #2903, .F. ) ;
#4004 = ORIENTED_EDGE ( 'NONE', *, *, #3240, .F. ) ;
#4005 = CARTESIAN_POINT ( 'NONE',  ( 8.999999999999975131, -13.46000000000002927, 1.449999736950629448 ) ) ;
#4006 = DIRECTION ( 'NONE',  ( 0.000000000000000000, -0.9999999999999991118, 4.371140884147631631E-08 ) ) ;
#4007 = DIRECTION ( 'NONE',  ( 0.000000000000000000, 1.000000000000000000, 0.000000000000000000 ) ) ;
#4008 = EDGE_LOOP ( 'NONE', ( #345, #4003, #2595, #4549 ) ) ;
#4009 = ORIENTED_EDGE ( 'NONE', *, *, #6105, .F. ) ;
#4010 = DIRECTION ( 'NONE',  ( 0.000000000000000000, -0.000000000000000000, 1.000000000000000000 ) ) ;
#4011 = DIRECTION ( 'NONE',  ( 1.000000000000000000, 6.829619963800057503E-16, -0.000000000000000000 ) ) ;
#4012 = DIRECTION ( 'NONE',  ( 0.9999999998675465074, -1.627596612545157819E-05, 0.000000000000000000 ) ) ;
#4013 = ORIENTED_EDGE ( 'NONE', *, *, #3805, .T. ) ;
#4014 = VECTOR ( 'NONE', #4376, 1000.000000000000000 ) ;
#4015 = ORIENTED_EDGE ( 'NONE', *, *, #1126, .F. ) ;
#4016 = AXIS2_PLACEMENT_3D ( 'NONE', #2009, #5420, #1512 ) ;
#4017 = AXIS2_PLACEMENT_3D ( 'NONE', #3002, #5313, #4438 ) ;
#4018 = CARTESIAN_POINT ( 'NONE',  ( 4.574954986571961868, -58.82508182525602791, 0.000000000000000000 ) ) ;
#4019 = VERTEX_POINT ( 'NONE', #4502 ) ;
#4020 = AXIS2_PLACEMENT_3D ( 'NONE', #736, #3577, #2636 ) ;
#4021 = AXIS2_PLACEMENT_3D ( 'NONE', #751, #343, #4700 ) ;
#4022 = CIRCLE ( 'NONE', #3433, 1.750000000000001554 ) ;
#4023 = EDGE_LOOP ( 'NONE', ( #4263, #1348, #2122, #94 ) ) ;
#4024 = AXIS2_PLACEMENT_3D ( 'NONE', #138, #2572, #2981 ) ;
#4025 = EDGE_CURVE ( 'NONE', #2061, #3484, #170, .T. ) ;
#4026 = EDGE_CURVE ( 'NONE', #1889, #6098, #2515, .T. ) ;
#4027 = CARTESIAN_POINT ( 'NONE',  ( 42.63434370678607621, -32.50126090558942593, 36.80533964869712804 ) ) ;
#4028 = DIRECTION ( 'NONE',  ( -0.000000000000000000, 0.000000000000000000, 1.000000000000000000 ) ) ;
#4029 = FACE_OUTER_BOUND ( 'NONE', #6256, .T. ) ;
#4030 = FACE_OUTER_BOUND ( 'NONE', #2672, .T. ) ;
#4031 = CC_DESIGN_APPROVAL ( #66, ( #4338 ) ) ;
#4032 = CARTESIAN_POINT ( 'NONE',  ( -8.924942016602040340, -53.87510013580300949, 28.04134375730104622 ) ) ;
#4033 = CIRCLE ( 'NONE', #4436, 0.5000000000000008882 ) ;
#4034 = VERTEX_POINT ( 'NONE', #5472 ) ;
#4035 = ORIENTED_EDGE ( 'NONE', *, *, #4400, .F. ) ;
#4036 = VECTOR ( 'NONE', #862, 1000.000000000000000 ) ;
#4037 = CIRCLE ( 'NONE', #5163, 1.749999999999994671 ) ;
#4038 = LINE ( 'NONE', #3573, #5642 ) ;
#4039 = CARTESIAN_POINT ( 'NONE',  ( 39.15983898978230826, -38.50120435546305941, 0.000000000000000000 ) ) ;
#4040 = MANIFOLD_SOLID_BREP ( 'Скругление3', #453 ) ;
#4041 = DIRECTION ( 'NONE',  ( 1.000000000000000000, 0.000000000000000000, 0.000000000000000000 ) ) ;
#4042 = ADVANCED_FACE ( 'NONE', ( #3509 ), #4938, .F. ) ;
#4043 = CYLINDRICAL_SURFACE ( 'NONE', #3231, 3.000000000000002665 ) ;
#4044 = VECTOR ( 'NONE', #6149, 999.9999999999998863 ) ;
#4045 = ORIENTED_EDGE ( 'NONE', *, *, #3985, .T. ) ;
#4046 = ORIENTED_EDGE ( 'NONE', *, *, #3849, .T. ) ;
#4047 = DIRECTION ( 'NONE',  ( 0.000000000000000000, 0.000000000000000000, 1.000000000000000000 ) ) ;
#4048 = EDGE_CURVE ( 'NONE', #1321, #3940, #3069, .T. ) ;
#4049 = CARTESIAN_POINT ( 'NONE',  ( 17.49999999999998224, -28.25000000000002842, 1.450000272415346014 ) ) ;
#4050 = CARTESIAN_POINT ( 'NONE',  ( 45.37007602278353602, -46.40007575682851382, 28.04134375730104622 ) ) ;
#4051 = ORIENTED_EDGE ( 'NONE', *, *, #5316, .T. ) ;
#4052 = VERTEX_POINT ( 'NONE', #3978 ) ;
#4053 = VERTEX_POINT ( 'NONE', #5413 ) ;
#4054 = CARTESIAN_POINT ( 'NONE',  ( 55.67099752524903522, -31.34477664196644398, 0.000000000000000000 ) ) ;
#4055 = CARTESIAN_POINT ( 'NONE',  ( 30.50012016296399153, -5.499931269881894735, 1.449999277977990886 ) ) ;
#4056 = CIRCLE ( 'NONE', #1466, 12.50000000000000355 ) ;
#4057 = ORIENTED_EDGE ( 'NONE', *, *, #6001, .F. ) ;
#4058 = ORIENTED_EDGE ( 'NONE', *, *, #5934, .F. ) ;
#4059 = APPROVAL ( #1301, 'UNSPECIFIED' ) ;
#4060 = AXIS2_PLACEMENT_3D ( 'NONE', #805, #4145, #4551 ) ;
#4061 = CARTESIAN_POINT ( 'NONE',  ( -52.20828531002175765, -32.99971725023827673, 3.000000000000000000 ) ) ;
#4062 = CIRCLE ( 'NONE', #2277, 0.5000000000000004441 ) ;
#4063 = DIRECTION ( 'NONE',  ( 1.000000000000000000, 0.000000000000000000, 0.000000000000000000 ) ) ;
#4064 = APPROVAL_DATE_TIME ( #2255, #4059 ) ;
#4065 = DIRECTION ( 'NONE',  ( -1.000000000000000000, -6.829619984160652130E-16, 0.000000000000000000 ) ) ;
#4066 = CARTESIAN_POINT ( 'NONE',  ( 50.52500172706440651, -40.76931592906048962, 0.000000000000000000 ) ) ;
#4067 = FACE_OUTER_BOUND ( 'NONE', #6248, .T. ) ;
#4068 = EDGE_CURVE ( 'NONE', #2891, #1568, #550, .T. ) ;
#4069 = ORIENTED_EDGE ( 'NONE', *, *, #5004, .F. ) ;
#4070 = ORIENTED_EDGE ( 'NONE', *, *, #5904, .F. ) ;
#4071 = LINE ( 'NONE', #286, #2445 ) ;
#4072 = FACE_BOUND ( 'NONE', #4431, .T. ) ;
#4073 = DIRECTION ( 'NONE',  ( 0.000000000000000000, 0.9999999999999991118, -4.371140887755362005E-08 ) ) ;
#4074 = CIRCLE ( 'NONE', #1070, 0.5000000000000004441 ) ;
#4075 = DIRECTION ( 'NONE',  ( 1.000000000000000000, 0.000000000000000000, 0.000000000000000000 ) ) ;
#4076 = ORIENTED_EDGE ( 'NONE', *, *, #191, .F. ) ;
#4077 = EDGE_CURVE ( 'NONE', #5250, #1994, #3010, .T. ) ;
#4078 = VERTEX_POINT ( 'NONE', #2035 ) ;
#4079 = DIRECTION ( 'NONE',  ( -1.000000000000000000, 0.000000000000000000, 0.000000000000000000 ) ) ;
#4080 = CARTESIAN_POINT ( 'NONE',  ( -39.16013196753240777, -10.49993133544899493, 3.000000000000000000 ) ) ;
#4081 = FACE_BOUND ( 'NONE', #5716, .T. ) ;
#4082 = DIRECTION ( 'NONE',  ( -1.000000000000000000, 0.000000000000000000, 0.000000000000000000 ) ) ;
#4083 = ORIENTED_EDGE ( 'NONE', *, *, #1268, .F. ) ;
#4084 = EDGE_CURVE ( 'NONE', #1989, #4312, #5917, .T. ) ;
#4085 = VERTEX_POINT ( 'NONE', #5943 ) ;
#4086 = CARTESIAN_POINT ( 'NONE',  ( -23.49987792968801870, -5.499931335448994929, 0.000000000000000000 ) ) ;
#4087 = DIRECTION ( 'NONE',  ( 1.000000000000000000, 0.000000000000000000, 0.000000000000000000 ) ) ;
#4088 = ORIENTED_EDGE ( 'NONE', *, *, #4600, .T. ) ;
#4089 = CC_DESIGN_PERSON_AND_ORGANIZATION_ASSIGNMENT ( #1396, #2443, ( #4338 ) ) ;
#4090 = ORIENTED_EDGE ( 'NONE', *, *, #4161, .F. ) ;
#4091 = FACE_OUTER_BOUND ( 'NONE', #2165, .T. ) ;
#4092 = DIRECTION ( 'NONE',  ( 0.9999999998675463964, -1.627596612578200236E-05, 0.000000000000000000 ) ) ;
#4093 = PLANE ( 'NONE',  #1732 ) ;
#4094 = CARTESIAN_POINT ( 'NONE',  ( 47.02500206014519790, -33.14931592906049218, 0.000000000000000000 ) ) ;
#4095 = EDGE_CURVE ( 'NONE', #1582, #461, #5836, .T. ) ;
#4096 = DIRECTION ( 'NONE',  ( -1.000000000000000000, 0.000000000000000000, 0.000000000000000000 ) ) ;
#4097 = CARTESIAN_POINT ( 'NONE',  ( -39.16045748684096850, -40.49992961723538087, 1.450000807877520614 ) ) ;
#4098 = ORIENTED_EDGE ( 'NONE', *, *, #4659, .T. ) ;
#4099 = ORIENTED_EDGE ( 'NONE', *, *, #60, .T. ) ;
#4100 = DIRECTION ( 'NONE',  ( -0.000000000000000000, -0.000000000000000000, -1.000000000000000000 ) ) ;
#4101 = VECTOR ( 'NONE', #2118, 1000.000000000000000 ) ;
#4102 = DIRECTION ( 'NONE',  ( -4.180742545671762101E-15, -4.371140887755362005E-08, -0.9999999999999992228 ) ) ;
#4103 = ADVANCED_FACE ( 'NONE', ( #5824 ), #4994, .F. ) ;
#4104 = LINE ( 'NONE', #4204, #5376 ) ;
#4105 = CARTESIAN_POINT ( 'NONE',  ( 39.15992036961191047, -33.50120435612532077, 1.450000501953051524 ) ) ;
#4106 = ORIENTED_EDGE ( 'NONE', *, *, #541, .F. ) ;
#4107 = CIRCLE ( 'NONE', #1404, 5.999999999999998224 ) ;
#4108 = EDGE_LOOP ( 'NONE', ( #3102, #995, #4859, #5560, #2335, #2652 ) ) ;
#4109 = DIRECTION ( 'NONE',  ( 1.000000000000000000, 0.000000000000000000, 0.000000000000000000 ) ) ;
#4110 = CARTESIAN_POINT ( 'NONE',  ( 48.77500206014519080, -33.14931592906049218, 28.04134375730104622 ) ) ;
#4111 = CYLINDRICAL_SURFACE ( 'NONE', #1733, 2.000000000000001776 ) ;
#4112 = EDGE_CURVE ( 'NONE', #1983, #4798, #4449, .T. ) ;
#4113 = CYLINDRICAL_SURFACE ( 'NONE', #2726, 2.000000000000000000 ) ;
#4114 = EDGE_CURVE ( 'NONE', #5401, #4034, #1506, .T. ) ;
#4115 = DIRECTION ( 'NONE',  ( 0.000000000000000000, 0.000000000000000000, -1.000000000000000000 ) ) ;
#4116 = ORIENTED_EDGE ( 'NONE', *, *, #4068, .F. ) ;
#4117 = ORIENTED_EDGE ( 'NONE', *, *, #3043, .F. ) ;
#4118 = CARTESIAN_POINT ( 'NONE',  ( 55.00000000000000000, -55.00000000000000000, 0.000000000000000000 ) ) ;
#4119 = EDGE_CURVE ( 'NONE', #2923, #5863, #4107, .T. ) ;
#4120 = DIRECTION ( 'NONE',  ( -0.000000000000000000, 0.000000000000000000, -1.000000000000000000 ) ) ;
#4121 = CIRCLE ( 'NONE', #5748, 12.50000000000000355 ) ;
#4122 = ORIENTED_EDGE ( 'NONE', *, *, #5337, .T. ) ;
#4123 = ORIENTED_EDGE ( 'NONE', *, *, #668, .T. ) ;
#4124 = VECTOR ( 'NONE', #1625, 1000.000000000000000 ) ;
#4125 = DIRECTION ( 'NONE',  ( -0.000000000000000000, 0.000000000000000000, -1.000000000000000000 ) ) ;
#4126 = LINE ( 'NONE', #6005, #3466 ) ;
#4127 = EDGE_CURVE ( 'NONE', #2372, #5302, #3908, .T. ) ;
#4128 = CARTESIAN_POINT ( 'NONE',  ( 39.67893410269429921, -45.40007575682851382, 1.450001022069477674 ) ) ;
#4129 = CARTESIAN_POINT ( 'NONE',  ( 39.16013196753240777, -8.499931335448994929, 1.449999409112184168 ) ) ;
#4130 = CARTESIAN_POINT ( 'NONE',  ( 36.56186857255293887, -32.00116207012359837, 3.000000000000000000 ) ) ;
#4131 = VECTOR ( 'NONE', #1597, 1000.000000000000000 ) ;
#4132 = VECTOR ( 'NONE', #1189, 1000.000000000000000 ) ;
#4133 = VECTOR ( 'NONE', #276, 1000.000000000000000 ) ;
#4134 = ORIENTED_EDGE ( 'NONE', *, *, #1891, .F. ) ;
#4135 = ORIENTED_EDGE ( 'NONE', *, *, #3476, .F. ) ;
#4136 = EDGE_CURVE ( 'NONE', #4034, #5426, #5230, .T. ) ;
#4137 = DIRECTION ( 'NONE',  ( 6.106226635438358606E-15, -0.9999999999999990008, 4.371140888484446276E-08 ) ) ;
#4138 = FACE_BOUND ( 'NONE', #5645, .T. ) ;
#4139 = VECTOR ( 'NONE', #3294, 1000.000000000000000 ) ;
#4140 = AXIS2_PLACEMENT_3D ( 'NONE', #4196, #4224, #4676 ) ;
#4141 = LINE ( 'NONE', #1280, #3652 ) ;
#4142 = DIRECTION ( 'NONE',  ( -0.000000000000000000, 0.000000000000000000, -1.000000000000000000 ) ) ;
#4143 = EDGE_LOOP ( 'NONE', ( #4947, #3964, #1736, #2810 ) ) ;
#4144 = ORIENTED_EDGE ( 'NONE', *, *, #3228, .F. ) ;
#4145 = DIRECTION ( 'NONE',  ( -4.180742545671762101E-15, -4.371140887755362005E-08, -0.9999999999999992228 ) ) ;
#4146 = DIRECTION ( 'NONE',  ( -0.000000000000000000, -0.000000000000000000, -1.000000000000000000 ) ) ;
#4147 = CYLINDRICAL_SURFACE ( 'NONE', #5667, 2.000000000000001776 ) ;
#4148 = FACE_OUTER_BOUND ( 'NONE', #292, .T. ) ;
#4149 = AXIS2_PLACEMENT_3D ( 'NONE', #5253, #870, #5756 ) ;
#4150 = DIRECTION ( 'NONE',  ( 4.180742545671757368E-15, 4.371140887755362005E-08, 0.9999999999999991118 ) ) ;
#4151 = VERTEX_POINT ( 'NONE', #4879 ) ;
#4152 = ORIENTED_EDGE ( 'NONE', *, *, #4172, .F. ) ;
#4153 = ADVANCED_FACE ( 'NONE', ( #3040 ), #4479, .F. ) ;
#4154 = EDGE_LOOP ( 'NONE', ( #4731, #3636, #4995, #1135 ) ) ;
#4155 = ADVANCED_FACE ( 'NONE', ( #5853 ), #3916, .T. ) ;
#4156 = CARTESIAN_POINT ( 'NONE',  ( 30.49963378098338396, -35.50106340185905651, 0.000000000000000000 ) ) ;
#4157 = DIRECTION ( 'NONE',  ( 0.000000000000000000, 0.000000000000000000, 1.000000000000000000 ) ) ;
#4158 = ORIENTED_EDGE ( 'NONE', *, *, #5113, .F. ) ;
#4159 = CIRCLE ( 'NONE', #1555, 1.750000000000003109 ) ;
#4160 = VERTEX_POINT ( 'NONE', #3156 ) ;
#4161 = EDGE_CURVE ( 'NONE', #2772, #1074, #1188, .T. ) ;
#4162 = CARTESIAN_POINT ( 'NONE',  ( -30.49987792968802225, -5.499931335448994929, 0.000000000000000000 ) ) ;
#4163 = DIRECTION ( 'NONE',  ( 0.000000000000000000, -0.000000000000000000, 1.000000000000000000 ) ) ;
#4164 = APPLICATION_PROTOCOL_DEFINITION ( 'international standard', 'config_control_design', 1994, #5139 ) ;
#4165 = VECTOR ( 'NONE', #2951, 1000.000000000000000 ) ;
#4166 = CARTESIAN_POINT ( 'NONE',  ( 52.20787840052274476, -33.00141672418205019, 3.000000000000000000 ) ) ;
#4167 = CIRCLE ( 'NONE', #1653, 0.5000000000000004441 ) ;
#4168 = DIRECTION ( 'NONE',  ( 0.9999999998675463964, -1.627596612607036625E-05, 0.000000000000000000 ) ) ;
#4169 = DIRECTION ( 'NONE',  ( -0.000000000000000000, -0.000000000000000000, -1.000000000000000000 ) ) ;
#4170 = ORIENTED_EDGE ( 'NONE', *, *, #4368, .T. ) ;
#4171 = ORIENTED_EDGE ( 'NONE', *, *, #5944, .F. ) ;
#4172 = EDGE_CURVE ( 'NONE', #2400, #303, #5566, .T. ) ;
#4173 = AXIS2_PLACEMENT_3D ( 'NONE', #1678, #3566, #3630 ) ;
#4174 = DIRECTION ( 'NONE',  ( 1.000000000000000000, -0.000000000000000000, -0.000000000000000000 ) ) ;
#4175 = DIRECTION ( 'NONE',  ( 1.000000000000000000, 0.000000000000000000, -4.180742545671766046E-15 ) ) ;
#4176 = CARTESIAN_POINT ( 'NONE',  ( 47.37007602278353602, -48.40007691917356425, 1.450001153203477111 ) ) ;
#4177 = CARTESIAN_POINT ( 'NONE',  ( -8.924942016602040340, -57.37510013580300949, 28.04134375730104622 ) ) ;
#4178 = CIRCLE ( 'NONE', #5491, 0.5000000000000008882 ) ;
#4179 = ORIENTED_EDGE ( 'NONE', *, *, #2534, .T. ) ;
#4180 = ORIENTED_EDGE ( 'NONE', *, *, #1697, .F. ) ;
#4181 = CARTESIAN_POINT ( 'NONE',  ( -30.49987792968802225, -5.499931335448994929, 3.000000000000000000 ) ) ;
#4182 = FACE_OUTER_BOUND ( 'NONE', #1098, .T. ) ;
#4183 = DIRECTION ( 'NONE',  ( -1.000000000000000000, 0.000000000000000000, 0.000000000000000000 ) ) ;
#4184 = CARTESIAN_POINT ( 'NONE',  ( -51.70835855193554664, -37.49972538762529695, 3.000000000000000000 ) ) ;
#4185 = CARTESIAN_POINT ( 'NONE',  ( 47.37007602278353602, -48.40007575682851382, 28.04134375730104622 ) ) ;
#4186 = VERTEX_POINT ( 'NONE', #4639 ) ;
#4187 = EDGE_CURVE ( 'NONE', #3643, #1233, #5088, .T. ) ;
#4188 = VERTEX_POINT ( 'NONE', #760 ) ;
#4189 = ORIENTED_EDGE ( 'NONE', *, *, #6048, .T. ) ;
#4190 = DIRECTION ( 'NONE',  ( -0.000000000000000000, -0.000000000000000000, 1.000000000000000000 ) ) ;
#4191 = EDGE_CURVE ( 'NONE', #1074, #5013, #5628, .T. ) ;
#4192 = LINE ( 'NONE', #308, #4683 ) ;
#4193 = ORIENTED_EDGE ( 'NONE', *, *, #2855, .T. ) ;
#4194 = ORIENTED_EDGE ( 'NONE', *, *, #1067, .T. ) ;
#4195 = FACE_OUTER_BOUND ( 'NONE', #226, .T. ) ;
#4196 = CARTESIAN_POINT ( 'NONE',  ( 39.15996919751131600, -30.50120435652268824, 3.000000000000000000 ) ) ;
#4197 = DIRECTION ( 'NONE',  ( 0.000000000000000000, 1.000000000000000000, 0.000000000000000000 ) ) ;
#4198 = CARTESIAN_POINT ( 'NONE',  ( 39.15996919751131600, -30.50120435652268824, 1.450000370818824935 ) ) ;
#4199 = EDGE_CURVE ( 'NONE', #1539, #4667, #4572, .T. ) ;
#4200 = DIRECTION ( 'NONE',  ( 4.180742545671757368E-15, 4.371140887755362005E-08, 0.9999999999999991118 ) ) ;
#4201 = VERTEX_POINT ( 'NONE', #2216 ) ;
#4202 = DIRECTION ( 'NONE',  ( -1.000000000000000000, -3.414809992080329516E-16, 0.000000000000000000 ) ) ;
#4203 = DIRECTION ( 'NONE',  ( -0.000000000000000000, -0.000000000000000000, -1.000000000000000000 ) ) ;
#4204 = CARTESIAN_POINT ( 'NONE',  ( 60.99999999999999289, 66.00000000000002842, 3.000000000000000000 ) ) ;
#4205 = CARTESIAN_POINT ( 'NONE',  ( 53.13099752524905028, -29.59477641991259489, 28.04134375730104622 ) ) ;
#4206 = EDGE_CURVE ( 'NONE', #4807, #527, #2693, .T. ) ;
#4207 = ORIENTED_EDGE ( 'NONE', *, *, #2378, .F. ) ;
#4208 = EDGE_LOOP ( 'NONE', ( #4123, #4398, #3618, #1804 ) ) ;
#4209 = DIRECTION ( 'NONE',  ( 0.9999999998675465074, -1.627596612520374651E-05, 0.000000000000000000 ) ) ;
#4210 = CARTESIAN_POINT ( 'NONE',  ( 10.99999999999997513, -11.46000000000002927, 0.000000000000000000 ) ) ;
#4211 = LINE ( 'NONE', #188, #1628 ) ;
#4212 = FACE_BOUND ( 'NONE', #6213, .T. ) ;
#4213 = EDGE_CURVE ( 'NONE', #6164, #119, #690, .T. ) ;
#4214 = DIRECTION ( 'NONE',  ( 0.000000000000000000, -0.9999999999999991118, 4.371140884147631631E-08 ) ) ;
#4215 = VERTEX_POINT ( 'NONE', #4607 ) ;
#4216 = ORIENTED_EDGE ( 'NONE', *, *, #4690, .T. ) ;
#4217 = ADVANCED_FACE ( 'NONE', ( #282 ), #1682, .F. ) ;
#4218 = DIRECTION ( 'NONE',  ( 3.414809992080331488E-16, -1.000000000000000000, 0.000000000000000000 ) ) ;
#4219 = DIRECTION ( 'NONE',  ( -6.106226635438359395E-15, -0.9999999999999990008, 4.371140888484446938E-08 ) ) ;
#4220 = ORIENTED_EDGE ( 'NONE', *, *, #858, .F. ) ;
#4221 = EDGE_CURVE ( 'NONE', #6178, #4760, #3597, .T. ) ;
#4222 = ORIENTED_EDGE ( 'NONE', *, *, #3644, .T. ) ;
#4223 = DIRECTION ( 'NONE',  ( 0.000000000000000000, -0.000000000000000000, 1.000000000000000000 ) ) ;
#4224 = DIRECTION ( 'NONE',  ( 0.000000000000000000, 0.000000000000000000, 1.000000000000000000 ) ) ;
#4225 = CARTESIAN_POINT ( 'NONE',  ( 51.70808186218739166, -7.499931335448993153, 0.000000000000000000 ) ) ;
#4226 = CARTESIAN_POINT ( 'NONE',  ( -30.49987792968802225, -5.499931335448994929, 3.000000000000000000 ) ) ;
#4227 = ORIENTED_EDGE ( 'NONE', *, *, #3758, .F. ) ;
#4228 = EDGE_CURVE ( 'NONE', #2019, #6229, #274, .T. ) ;
#4229 = VERTEX_POINT ( 'NONE', #2625 ) ;
#4230 = CARTESIAN_POINT ( 'NONE',  ( -39.16029472717970350, -30.49992961855991069, 0.000000000000000000 ) ) ;
#4231 = DIRECTION ( 'NONE',  ( 0.000000000000000000, 0.000000000000000000, -1.000000000000000000 ) ) ;
#4232 = DIRECTION ( 'NONE',  ( -0.000000000000000000, 0.000000000000000000, -1.000000000000000000 ) ) ;
#4233 = DIRECTION ( 'NONE',  ( 0.000000000000000000, 0.000000000000000000, -1.000000000000000000 ) ) ;
#4234 = CIRCLE ( 'NONE', #2535, 2.000000000000001776 ) ;
#4235 = AXIS2_PLACEMENT_3D ( 'NONE', #3385, #571, #2506 ) ;
#4236 = VERTEX_POINT ( 'NONE', #4129 ) ;
#4237 = VERTEX_POINT ( 'NONE', #3124 ) ;
#4238 = DIRECTION ( 'NONE',  ( -1.000000000000000000, 0.000000000000000000, 0.000000000000000000 ) ) ;
#4239 = VECTOR ( 'NONE', #5663, 1000.000000000000227 ) ;
#4240 = ADVANCED_FACE ( 'NONE', ( #5150 ), #792, .F. ) ;
#4241 = CYLINDRICAL_SURFACE ( 'NONE', #1350, 12.50000000000000355 ) ;
#4242 = DIRECTION ( 'NONE',  ( -0.000000000000000000, 0.000000000000000000, -1.000000000000000000 ) ) ;
#4243 = CARTESIAN_POINT ( 'NONE',  ( 10.99999999999997513, -13.46000000000002927, 0.000000000000000000 ) ) ;
#4244 = VECTOR ( 'NONE', #4403, 1000.000000000000000 ) ;
#4245 = ORIENTED_EDGE ( 'NONE', *, *, #2252, .T. ) ;
#4246 = ORIENTED_EDGE ( 'NONE', *, *, #118, .T. ) ;
#4247 = EDGE_CURVE ( 'NONE', #925, #4890, #1015, .T. ) ;
#4248 = DIRECTION ( 'NONE',  ( 1.000000000000000000, 0.000000000000000000, 0.000000000000000000 ) ) ;
#4249 = AXIS2_PLACEMENT_3D ( 'NONE', #1383, #4242, #3802 ) ;
#4250 = DIRECTION ( 'NONE',  ( -4.180742545671762101E-15, -4.371140887755362005E-08, -0.9999999999999992228 ) ) ;
#4251 = VERTEX_POINT ( 'NONE', #6039 ) ;
#4252 = VECTOR ( 'NONE', #2658, 1000.000000000000000 ) ;
#4253 = EDGE_LOOP ( 'NONE', ( #5209, #1895, #974, #780 ) ) ;
#4254 = VECTOR ( 'NONE', #1071, 999.9999999999998863 ) ;
#4255 = DIRECTION ( 'NONE',  ( -0.000000000000000000, -0.000000000000000000, -1.000000000000000000 ) ) ;
#4256 = CARTESIAN_POINT ( 'NONE',  ( 45.37007602278353602, -48.40007575682851382, 28.04134375730104622 ) ) ;
#4257 = CALENDAR_DATE ( 2024, 1, 3 ) ;
#4258 = CARTESIAN_POINT ( 'NONE',  ( 51.70808186218739166, -2.999931335448996261, 0.000000000000000000 ) ) ;
#4259 = DIRECTION ( 'NONE',  ( 1.000000000000000000, 0.000000000000000000, 0.000000000000000000 ) ) ;
#4260 = AXIS2_PLACEMENT_3D ( 'NONE', #1694, #5031, #2331 ) ;
#4261 = EDGE_LOOP ( 'NONE', ( #3104, #1024, #3448, #179 ) ) ;
#4262 = ADVANCED_FACE ( 'NONE', ( #1714 ), #6008, .F. ) ;
#4263 = ORIENTED_EDGE ( 'NONE', *, *, #2695, .F. ) ;
#4264 = CIRCLE ( 'NONE', #1954, 1.000000000000001776 ) ;
#4265 = DIRECTION ( 'NONE',  ( -1.000000000000000000, 0.000000000000000000, 0.000000000000000000 ) ) ;
#4266 = CARTESIAN_POINT ( 'NONE',  ( -39.16034355507807874, -33.49992961816254677, 0.000000000000000000 ) ) ;
#4267 = CARTESIAN_POINT ( 'NONE',  ( -51.50000000000000000, 55.00000000000000711, 0.000000000000000000 ) ) ;
#4268 = DIRECTION ( 'NONE',  ( 0.000000000000000000, -0.9999999999999991118, 4.371140884147639571E-08 ) ) ;
#4269 = ADVANCED_FACE ( 'NONE', ( #3093 ), #2761, .F. ) ;
#4270 = ORIENTED_EDGE ( 'NONE', *, *, #3771, .T. ) ;
#4271 = AXIS2_PLACEMENT_3D ( 'NONE', #3994, #3182, #4087 ) ;
#4272 = ORIENTED_EDGE ( 'NONE', *, *, #5711, .F. ) ;
#4273 = DIRECTION ( 'NONE',  ( 0.000000000000000000, 0.000000000000000000, -1.000000000000000000 ) ) ;
#4274 = DIRECTION ( 'NONE',  ( 4.180742545671757368E-15, 4.371140887755362005E-08, 0.9999999999999991118 ) ) ;
#4275 = CARTESIAN_POINT ( 'NONE',  ( 39.15993664557905873, -32.50120435625778015, 0.000000000000000000 ) ) ;
#4276 = AXIS2_PLACEMENT_3D ( 'NONE', #4372, #1990, #95 ) ;
#4277 = CARTESIAN_POINT ( 'NONE',  ( -51.50000000000000000, -55.00000000000000000, 0.000000000000000000 ) ) ;
#4278 = EDGE_CURVE ( 'NONE', #2428, #2392, #5444, .T. ) ;
#4279 = ORIENTED_EDGE ( 'NONE', *, *, #5014, .T. ) ;
#4280 = CIRCLE ( 'NONE', #1571, 12.50000000000000533 ) ;
#4281 = VERTEX_POINT ( 'NONE', #4066 ) ;
#4282 = CIRCLE ( 'NONE', #157, 0.5000000000000004441 ) ;
#4283 = PLANE ( 'NONE',  #248 ) ;
#4284 = DIRECTION ( 'NONE',  ( 0.000000000000000000, 0.9999999999999991118, -4.371140887755362005E-08 ) ) ;
#4285 = EDGE_CURVE ( 'NONE', #6189, #1916, #863, .T. ) ;
#4286 = ORIENTED_EDGE ( 'NONE', *, *, #1953, .T. ) ;
#4287 = ORIENTED_EDGE ( 'NONE', *, *, #4383, .T. ) ;
#4288 = DIRECTION ( 'NONE',  ( -1.000000000000000000, 1.994248318681189754E-16, 0.000000000000000000 ) ) ;
#4289 = LINE ( 'NONE', #4675, #927 ) ;
#4290 = DIRECTION ( 'NONE',  ( 0.000000000000000000, -0.9999999999999991118, 4.371140887755362005E-08 ) ) ;
#4291 = FACE_OUTER_BOUND ( 'NONE', #2010, .T. ) ;
#4292 = CARTESIAN_POINT ( 'NONE',  ( -39.16013196753240777, -2.499931335448993597, 0.000000000000000000 ) ) ;
#4293 = ORIENTED_EDGE ( 'NONE', *, *, #4390, .F. ) ;
#4294 = ORIENTED_EDGE ( 'NONE', *, *, #4414, .T. ) ;
#4295 = DIRECTION ( 'NONE',  ( -0.000000000000000000, 0.000000000000000000, -1.000000000000000000 ) ) ;
#4296 = EDGE_CURVE ( 'NONE', #1001, #1759, #5947, .T. ) ;
#4297 = CARTESIAN_POINT ( 'NONE',  ( 36.50012016296398798, -5.499931335449008252, 3.000000000000000000 ) ) ;
#4298 = DIRECTION ( 'NONE',  ( 1.000000000000000000, 0.000000000000000000, 0.000000000000000000 ) ) ;
#4299 = DIRECTION ( 'NONE',  ( -4.180742545671762101E-15, -4.371140887755362005E-08, -0.9999999999999992228 ) ) ;
#4300 = EDGE_LOOP ( 'NONE', ( #1387, #3564, #5406, #3728 ) ) ;
#4301 = ORIENTED_EDGE ( 'NONE', *, *, #3477, .F. ) ;
#4302 = DIRECTION ( 'NONE',  ( -0.9999999998675463964, 1.627596612587094081E-05, -7.072646676600397240E-13 ) ) ;
#4303 = DIRECTION ( 'NONE',  ( -0.000000000000000000, 0.000000000000000000, 1.000000000000000000 ) ) ;
#4304 = CARTESIAN_POINT ( 'NONE',  ( -30.49987792968801514, -5.499931269881881413, 1.449999277977991108 ) ) ;
#4305 = CARTESIAN_POINT ( 'NONE',  ( 51.70808186218739166, -7.999931335448993153, 0.000000000000000000 ) ) ;
#4306 = ORIENTED_EDGE ( 'NONE', *, *, #1773, .F. ) ;
#4307 = ORIENTED_EDGE ( 'NONE', *, *, #4026, .F. ) ;
#4308 = CARTESIAN_POINT ( 'NONE',  ( -51.70836668991861274, -37.99972538755906726, 1.450000698589868797 ) ) ;
#4309 = EDGE_CURVE ( 'NONE', #4281, #5847, #2109, .T. ) ;
#4310 = LINE ( 'NONE', #1003, #3374 ) ;
#4311 = ORIENTED_EDGE ( 'NONE', *, *, #3800, .F. ) ;
#4312 = VERTEX_POINT ( 'NONE', #2818 ) ;
#4313 = DIRECTION ( 'NONE',  ( 1.000000000000000000, 3.469446951953611033E-15, 0.000000000000000000 ) ) ;
#4314 = ADVANCED_FACE ( 'NONE', ( #6241 ), #2353, .F. ) ;
#4315 = CARTESIAN_POINT ( 'NONE',  ( 47.02500206014519790, -38.50133236859078067, 0.000000000000000000 ) ) ;
#4316 = CARTESIAN_POINT ( 'NONE',  ( 51.70787026260590835, -33.50140858613276151, 0.000000000000000000 ) ) ;
#4317 = COORDINATED_UNIVERSAL_TIME_OFFSET ( 3, 0, .AHEAD. ) ;
#4318 = DIRECTION ( 'NONE',  ( 0.9999999999999961142, 8.742277677795539484E-08, -8.002115286624055570E-15 ) ) ;
#4319 = ORIENTED_EDGE ( 'NONE', *, *, #3276, .F. ) ;
#4320 = ORIENTED_EDGE ( 'NONE', *, *, #4978, .F. ) ;
#4321 = EDGE_CURVE ( 'NONE', #5541, #5652, #2526, .T. ) ;
#4322 = LINE ( 'NONE', #6147, #1425 ) ;
#4323 = CARTESIAN_POINT ( 'NONE',  ( -51.70808186218739166, -2.999931335448996261, 0.000000000000000000 ) ) ;
#4324 = CARTESIAN_POINT ( 'NONE',  ( -3.499999999999999112, -15.99999999999998579, 3.000000000000000000 ) ) ;
#4325 = CARTESIAN_POINT ( 'NONE',  ( -36.56205575617909176, -1.999931335448990932, 1.449999124988343047 ) ) ;
#4326 = DIRECTION ( 'NONE',  ( -0.000000000000000000, -0.000000000000000000, -1.000000000000000000 ) ) ;
#4327 = AXIS2_PLACEMENT_3D ( 'NONE', #1666, #5583, #5548 ) ;
#4328 = EDGE_LOOP ( 'NONE', ( #6132, #2569, #362, #3051 ) ) ;
#4329 = ORIENTED_EDGE ( 'NONE', *, *, #4309, .F. ) ;
#4330 = CARTESIAN_POINT ( 'NONE',  ( -30.49987792968802225, -5.499931335448994929, 1.449999277978248680 ) ) ;
#4331 = DIRECTION ( 'NONE',  ( -0.000000000000000000, -0.000000000000000000, -1.000000000000000000 ) ) ;
#4332 = DIRECTION ( 'NONE',  ( 0.000000000000000000, 0.000000000000000000, -1.000000000000000000 ) ) ;
#4333 = ORIENTED_EDGE ( 'NONE', *, *, #4522, .T. ) ;
#4334 = CIRCLE ( 'NONE', #2736, 2.000000000000000000 ) ;
#4335 = AXIS2_PLACEMENT_3D ( 'NONE', #5696, #5218, #5938 ) ;
#4336 = ORIENTED_EDGE ( 'NONE', *, *, #1973, .F. ) ;
#4337 = DIRECTION ( 'NONE',  ( 0.000000000000000000, 0.000000000000000000, -1.000000000000000000 ) ) ;
#4338 = SECURITY_CLASSIFICATION ( '', '', #2351 ) ;
#4339 = CARTESIAN_POINT ( 'NONE',  ( 39.16013196753240777, -8.499931335448993153, 3.000000000000000000 ) ) ;
#4340 = ORIENTED_EDGE ( 'NONE', *, *, #90, .F. ) ;
#4341 = ORIENTED_EDGE ( 'NONE', *, *, #5588, .F. ) ;
#4342 = DIRECTION ( 'NONE',  ( -1.000000000000000000, 1.994248318681189754E-16, 0.000000000000000000 ) ) ;
#4343 = AXIS2_PLACEMENT_3D ( 'NONE', #3454, #174, #5949 ) ;
#4344 = DIRECTION ( 'NONE',  ( -1.000000000000000000, -0.000000000000000000, -0.000000000000000000 ) ) ;
#4345 = CARTESIAN_POINT ( 'NONE',  ( 13.20999999999997954, -26.50000000000002487, 1.450000195920398305 ) ) ;
#4346 = FACE_OUTER_BOUND ( 'NONE', #4154, .T. ) ;
#4347 = AXIS2_PLACEMENT_3D ( 'NONE', #1476, #4232, #1880 ) ;
#4348 = VERTEX_POINT ( 'NONE', #1370 ) ;
#4349 = VECTOR ( 'NONE', #3649, 1000.000000000000000 ) ;
#4350 = ORIENTED_EDGE ( 'NONE', *, *, #1905, .F. ) ;
#4351 = PLANE ( 'NONE',  #2940 ) ;
#4352 = DIRECTION ( 'NONE',  ( 1.000000000000000000, 0.000000000000000000, 0.000000000000000000 ) ) ;
#4353 = CYLINDRICAL_SURFACE ( 'NONE', #4149, 0.5000000000000004441 ) ;
#4354 = AXIS2_PLACEMENT_3D ( 'NONE', #1118, #4942, #3420 ) ;
#4355 = CARTESIAN_POINT ( 'NONE',  ( -43.00012207031303291, -35.50007057189900195, 36.80533964869712804 ) ) ;
#4356 = DIRECTION ( 'NONE',  ( -0.000000000000000000, -0.000000000000000000, -1.000000000000000000 ) ) ;
#4357 = EDGE_CURVE ( 'NONE', #6027, #4577, #5246, .T. ) ;
#4358 = ORIENTED_EDGE ( 'NONE', *, *, #297, .F. ) ;
#4359 = ORIENTED_EDGE ( 'NONE', *, *, #6001, .T. ) ;
#4360 = LINE ( 'NONE', #3513, #1456 ) ;
#4361 = DIRECTION ( 'NONE',  ( -1.000000000000000000, -1.994248318681190000E-16, 4.180742554388906240E-15 ) ) ;
#4362 = CARTESIAN_POINT ( 'NONE',  ( 30.49987792968697775, -35.50007057189900905, 3.000000000000000000 ) ) ;
#4363 = CIRCLE ( 'NONE', #1255, 2.000000000000001776 ) ;
#4364 = ORIENTED_EDGE ( 'NONE', *, *, #1248, .F. ) ;
#4365 = ORIENTED_EDGE ( 'NONE', *, *, #4136, .T. ) ;
#4366 = AXIS2_PLACEMENT_3D ( 'NONE', #3876, #4401, #3312 ) ;
#4367 = DIRECTION ( 'NONE',  ( -1.000000000000000000, 0.000000000000000000, 0.000000000000000000 ) ) ;
#4368 = EDGE_CURVE ( 'NONE', #6124, #5490, #2015, .T. ) ;
#4369 = CARTESIAN_POINT ( 'NONE',  ( -30.50012207031303291, -35.50007057189900195, 0.000000000000000000 ) ) ;
#4370 = ORIENTED_EDGE ( 'NONE', *, *, #1941, .T. ) ;
#4371 = ORIENTED_EDGE ( 'NONE', *, *, #509, .T. ) ;
#4372 = CARTESIAN_POINT ( 'NONE',  ( 65.99999999999998579, 66.00000000000002842, 3.000000000000000000 ) ) ;
#4373 = ADVANCED_FACE ( 'NONE', ( #5750 ), #1810, .F. ) ;
#4374 = AXIS2_PLACEMENT_3D ( 'NONE', #3807, #1455, #5682 ) ;
#4375 = DIRECTION ( 'NONE',  ( -0.000000000000000000, -0.000000000000000000, -1.000000000000000000 ) ) ;
#4376 = DIRECTION ( 'NONE',  ( -0.000000000000000000, -1.000000000000000000, -0.000000000000000000 ) ) ;
#4377 = DIRECTION ( 'NONE',  ( -0.000000000000000000, -0.000000000000000000, 1.000000000000000000 ) ) ;
#4378 = ORIENTED_EDGE ( 'NONE', *, *, #451, .T. ) ;
#4379 = VERTEX_POINT ( 'NONE', #2853 ) ;
#4380 = CARTESIAN_POINT ( 'NONE',  ( 0.3249549865719605357, -57.07508182525601370, 0.000000000000000000 ) ) ;
#4381 = FACE_OUTER_BOUND ( 'NONE', #1896, .T. ) ;
#4382 = LINE ( 'NONE', #79, #4547 ) ;
#4383 = EDGE_CURVE ( 'NONE', #2664, #6242, #3324, .T. ) ;
#4384 = DIRECTION ( 'NONE',  ( -0.000000000000000000, -0.000000000000000000, 1.000000000000000000 ) ) ;
#4385 = DIRECTION ( 'NONE',  ( -1.627596612567151877E-05, -0.9999999998675465074, 0.000000000000000000 ) ) ;
#4386 = ORIENTED_EDGE ( 'NONE', *, *, #1136, .T. ) ;
#4387 = ORIENTED_EDGE ( 'NONE', *, *, #2655, .T. ) ;
#4388 = CARTESIAN_POINT ( 'NONE',  ( -30.49987792968802225, -5.499931335448994929, 1.449999277978248680 ) ) ;
#4389 = DIRECTION ( 'NONE',  ( 4.180742545671762101E-15, 4.371140887755362005E-08, 0.9999999999999992228 ) ) ;
#4390 = EDGE_CURVE ( 'NONE', #1163, #625, #1902, .T. ) ;
#4391 = CARTESIAN_POINT ( 'NONE',  ( -52.05794142393945378, -32.64231721533453623, 0.7250002567622051419 ) ) ;
#4392 = VERTEX_POINT ( 'NONE', #1398 ) ;
#4393 = ORIENTED_EDGE ( 'NONE', *, *, #884, .T. ) ;
#4394 = CARTESIAN_POINT ( 'NONE',  ( 35.21007646689129444, -46.40007575682851382, 1.450001065780654574 ) ) ;
#4395 = EDGE_CURVE ( 'NONE', #3587, #6206, #3624, .T. ) ;
#4396 = DIRECTION ( 'NONE',  ( 0.9999999998675465074, -1.627596612607113536E-05, 0.000000000000000000 ) ) ;
#4397 = AXIS2_PLACEMENT_3D ( 'NONE', #3872, #5992, #1129 ) ;
#4398 = ORIENTED_EDGE ( 'NONE', *, *, #2037, .T. ) ;
#4399 = ORIENTED_EDGE ( 'NONE', *, *, #2371, .F. ) ;
#4400 = EDGE_CURVE ( 'NONE', #4034, #4643, #2887, .T. ) ;
#4401 = DIRECTION ( 'NONE',  ( -4.180742545671762101E-15, -4.371140887755362005E-08, -0.9999999999999992228 ) ) ;
#4402 = VECTOR ( 'NONE', #368, 1000.000000000000000 ) ;
#4403 = DIRECTION ( 'NONE',  ( -0.000000000000000000, -0.000000000000000000, -1.000000000000000000 ) ) ;
#4404 = LINE ( 'NONE', #5816, #4014 ) ;
#4405 = DIRECTION ( 'NONE',  ( -1.000000000000000000, 0.000000000000000000, 4.180742545671766046E-15 ) ) ;
#4406 = EDGE_LOOP ( 'NONE', ( #3689, #4341, #1552, #5694, #1490, #5802 ) ) ;
#4407 = VECTOR ( 'NONE', #2956, 1000.000000000000000 ) ;
#4408 = VERTEX_POINT ( 'NONE', #5214 ) ;
#4409 = CARTESIAN_POINT ( 'NONE',  ( -53.71248359946253004, -33.76592310238539341, 0.000000000000000000 ) ) ;
#4410 = CARTESIAN_POINT ( 'NONE',  ( 37.42790211420572888, -31.50117616558996403, 3.000000000000000000 ) ) ;
#4411 = DIRECTION ( 'NONE',  ( -0.000000000000000000, 0.000000000000000000, 1.000000000000000000 ) ) ;
#4412 = DIRECTION ( 'NONE',  ( 0.000000000000000000, 0.000000000000000000, 1.000000000000000000 ) ) ;
#4413 = CARTESIAN_POINT ( 'NONE',  ( -13.92494201660204212, -57.37510013580300949, 28.04134375730104622 ) ) ;
#4414 = EDGE_CURVE ( 'NONE', #3345, #1117, #1528, .T. ) ;
#4415 = EDGE_CURVE ( 'NONE', #4078, #4880, #1320, .T. ) ;
#4416 = EDGE_LOOP ( 'NONE', ( #5594, #803 ) ) ;
#4417 = ORIENTED_EDGE ( 'NONE', *, *, #6257, .T. ) ;
#4418 = DIRECTION ( 'NONE',  ( 0.000000000000000000, 0.000000000000000000, 1.000000000000000000 ) ) ;
#4419 = DIRECTION ( 'NONE',  ( 0.000000000000000000, 0.000000000000000000, 1.000000000000000000 ) ) ;
#4420 = CARTESIAN_POINT ( 'NONE',  ( -13.92494201660204212, -57.37510013580300949, 0.000000000000000000 ) ) ;
#4421 = AXIS2_PLACEMENT_3D ( 'NONE', #5957, #503, #71 ) ;
#4422 = ORIENTED_EDGE ( 'NONE', *, *, #1257, .T. ) ;
#4423 = EDGE_CURVE ( 'NONE', #5425, #1546, #3626, .T. ) ;
#4424 = EDGE_LOOP ( 'NONE', ( #4311, #164, #1040, #4069 ) ) ;
#4425 = AXIS2_PLACEMENT_3D ( 'NONE', #1450, #3369, #3832 ) ;
#4426 = DIRECTION ( 'NONE',  ( 0.000000000000000000, 0.000000000000000000, -1.000000000000000000 ) ) ;
#4427 = CARTESIAN_POINT ( 'NONE',  ( 36.56205575617909176, -1.999931335448993597, 0.000000000000000000 ) ) ;
#4428 = AXIS2_PLACEMENT_3D ( 'NONE', #3397, #4850, #5329 ) ;
#4429 = VECTOR ( 'NONE', #3880, 1000.000000000000000 ) ;
#4430 = VECTOR ( 'NONE', #5192, 1000.000000000000000 ) ;
#4431 = EDGE_LOOP ( 'NONE', ( #819, #4472 ) ) ;
#4432 = EDGE_CURVE ( 'NONE', #4151, #1672, #3119, .T. ) ;
#4433 = ORIENTED_EDGE ( 'NONE', *, *, #5530, .F. ) ;
#4434 = CARTESIAN_POINT ( 'NONE',  ( 0.3249549865719605357, -57.07508182525601370, 1.450001532400356341 ) ) ;
#4435 = AXIS2_PLACEMENT_3D ( 'NONE', #15, #2824, #5700 ) ;
#4436 = AXIS2_PLACEMENT_3D ( 'NONE', #3904, #4927, #2021 ) ;
#4437 = DIRECTION ( 'NONE',  ( -1.000000000000000000, 0.000000000000000000, 0.000000000000000000 ) ) ;
#4438 = DIRECTION ( 'NONE',  ( 1.000000000000000000, 0.000000000000000000, 0.000000000000000000 ) ) ;
#4439 = ORIENTED_EDGE ( 'NONE', *, *, #2252, .F. ) ;
#4440 = VECTOR ( 'NONE', #1614, 1000.000000000000000 ) ;
#4441 = CIRCLE ( 'NONE', #2549, 1.000000000000000888 ) ;
#4442 = VERTEX_POINT ( 'NONE', #5039 ) ;
#4443 = DIRECTION ( 'NONE',  ( -1.000000000000000000, 0.000000000000000000, 0.000000000000000000 ) ) ;
#4444 = CARTESIAN_POINT ( 'NONE',  ( 39.15985526574843334, -37.50120435559551169, 0.000000000000000000 ) ) ;
#4445 = CARTESIAN_POINT ( 'NONE',  ( 39.16013196753240777, -0.4999313354489935968, 0.000000000000000000 ) ) ;
#4446 = CIRCLE ( 'NONE', #2649, 3.500000000000003109 ) ;
#4447 = CARTESIAN_POINT ( 'NONE',  ( 39.16013196753240777, -7.499931335448995817, 0.000000000000000000 ) ) ;
#4448 = ADVANCED_FACE ( 'NONE', ( #6103 ), #852, .F. ) ;
#4449 = LINE ( 'NONE', #3541, #3411 ) ;
#4450 = VERTEX_POINT ( 'NONE', #2207 ) ;
#4451 = LOCAL_TIME ( 11, 28, 6.000000000000000000, #1465 ) ;
#4452 = ORIENTED_EDGE ( 'NONE', *, *, #5247, .T. ) ;
#4453 = VECTOR ( 'NONE', #5069, 1000.000000000000227 ) ;
#4454 = CARTESIAN_POINT ( 'NONE',  ( 33.46453800660104605, -20.13675966251838645, 1.449999862260627825 ) ) ;
#4455 = EDGE_CURVE ( 'NONE', #2005, #1652, #6162, .T. ) ;
#4456 = DIRECTION ( 'NONE',  ( 0.000000000000000000, -0.9999999999999991118, 4.371140884147631631E-08 ) ) ;
#4457 = FACE_OUTER_BOUND ( 'NONE', #5474, .T. ) ;
#4458 = AXIS2_PLACEMENT_3D ( 'NONE', #3269, #1382, #5201 ) ;
#4459 = ORIENTED_EDGE ( 'NONE', *, *, #4799, .F. ) ;
#4460 = VERTEX_POINT ( 'NONE', #3146 ) ;
#4461 = LINE ( 'NONE', #2995, #34 ) ;
#4462 = CIRCLE ( 'NONE', #5289, 12.50000000000000000 ) ;
#4463 = DIRECTION ( 'NONE',  ( -1.000000000000000000, 0.000000000000000000, 0.000000000000000000 ) ) ;
#4464 = EDGE_LOOP ( 'NONE', ( #4459, #1988, #2157, #2459 ) ) ;
#4465 = ORIENTED_EDGE ( 'NONE', *, *, #4519, .F. ) ;
#4466 = AXIS2_PLACEMENT_3D ( 'NONE', #3186, #6035, #194 ) ;
#4467 = FACE_OUTER_BOUND ( 'NONE', #1380, .T. ) ;
#4468 = EDGE_CURVE ( 'NONE', #3533, #3587, #5620, .T. ) ;
#4469 = AXIS2_PLACEMENT_3D ( 'NONE', #5513, #2229, #2272 ) ;
#4470 = CARTESIAN_POINT ( 'NONE',  ( 36.56205575617909176, -8.999931335448994929, 3.000000000000000000 ) ) ;
#4471 = AXIS2_PLACEMENT_3D ( 'NONE', #2284, #6233, #3344 ) ;
#4472 = ORIENTED_EDGE ( 'NONE', *, *, #5713, .T. ) ;
#4473 = ORIENTED_EDGE ( 'NONE', *, *, #4468, .T. ) ;
#4474 = VECTOR ( 'NONE', #4169, 1000.000000000000000 ) ;
#4475 = DIRECTION ( 'NONE',  ( -0.9999999998675463964, 1.627596612578200236E-05, 0.000000000000000000 ) ) ;
#4476 = CARTESIAN_POINT ( 'NONE',  ( 51.70778888277527585, -38.50140858547049305, 3.000000000000000000 ) ) ;
#4477 = CARTESIAN_POINT ( 'NONE',  ( 39.15993664557905873, -32.50120435625778015, 0.000000000000000000 ) ) ;
#4478 = DIRECTION ( 'NONE',  ( 4.180742545671762101E-15, 4.371140887755362005E-08, 0.9999999999999992228 ) ) ;
#4479 = PLANE ( 'NONE',  #3103 ) ;
#4480 = ORIENTED_EDGE ( 'NONE', *, *, #5257, .T. ) ;
#4481 = ORIENTED_EDGE ( 'NONE', *, *, #3510, .F. ) ;
#4482 = EDGE_CURVE ( 'NONE', #1074, #2772, #1114, .T. ) ;
#4483 = CARTESIAN_POINT ( 'NONE',  ( 58.50000000000000000, -55.00000000000000000, 3.000000000000000000 ) ) ;
#4484 = CARTESIAN_POINT ( 'NONE',  ( -36.56235686188259137, -38.99997190363446720, 3.000000000000000000 ) ) ;
#4485 = CARTESIAN_POINT ( 'NONE',  ( 42.63453902919962957, -8.499931335448986047, 1.449999409112164184 ) ) ;
#4486 = ORIENTED_EDGE ( 'NONE', *, *, #801, .T. ) ;
#4487 = ORIENTED_EDGE ( 'NONE', *, *, #967, .T. ) ;
#4488 = CARTESIAN_POINT ( 'NONE',  ( 36.56186857255293887, -32.00116207012359837, 0.000000000000000000 ) ) ;
#4489 = LINE ( 'NONE', #3616, #3095 ) ;
#4490 = ORIENTED_EDGE ( 'NONE', *, *, #2313, .F. ) ;
#4491 = ORIENTED_EDGE ( 'NONE', *, *, #2176, .F. ) ;
#4492 = EDGE_CURVE ( 'NONE', #708, #493, #304, .T. ) ;
#4493 = CARTESIAN_POINT ( 'NONE',  ( 0.000000000000000000, 0.000000000000000000, 0.000000000000000000 ) ) ;
#4494 = CARTESIAN_POINT ( 'NONE',  ( -30.49987792968802225, -5.499931335448994929, 0.000000000000000000 ) ) ;
#4495 = ORIENTED_EDGE ( 'NONE', *, *, #4690, .F. ) ;
#4496 = VERTEX_POINT ( 'NONE', #1703 ) ;
#4497 = EDGE_CURVE ( 'NONE', #5250, #4563, #2782, .T. ) ;
#4498 = FACE_OUTER_BOUND ( 'NONE', #1445, .T. ) ;
#4499 = DIRECTION ( 'NONE',  ( -1.000000000000000000, 0.000000000000000000, 0.000000000000000000 ) ) ;
#4500 = CARTESIAN_POINT ( 'NONE',  ( -56.25248347830570594, -31.76592310238539341, 0.000000000000000000 ) ) ;
#4501 = CARTESIAN_POINT ( 'NONE',  ( 10.99999999999997513, -11.46000000000002927, 28.04134375730104622 ) ) ;
#4502 = CARTESIAN_POINT ( 'NONE',  ( -51.70808186218739166, -8.499931335448993153, 3.000000000000000000 ) ) ;
#4503 = VERTEX_POINT ( 'NONE', #3619 ) ;
#4504 = ORIENTED_EDGE ( 'NONE', *, *, #2364, .F. ) ;
#4505 = EDGE_CURVE ( 'NONE', #1867, #1324, #3211, .T. ) ;
#4506 = LINE ( 'NONE', #4581, #5389 ) ;
#4507 = CARTESIAN_POINT ( 'NONE',  ( 39.16013196753240777, -10.49993133544899493, 3.000000000000000000 ) ) ;
#4508 = DIRECTION ( 'NONE',  ( 0.000000000000000000, -0.000000000000000000, 1.000000000000000000 ) ) ;
#4509 = AXIS2_PLACEMENT_3D ( 'NONE', #4646, #4684, #358 ) ;
#4510 = ORIENTED_EDGE ( 'NONE', *, *, #1821, .T. ) ;
#4511 = ORIENTED_EDGE ( 'NONE', *, *, #5875, .F. ) ;
#4512 = CARTESIAN_POINT ( 'NONE',  ( 13.53999999999997605, -18.54000000000002402, 1.449999847977584411 ) ) ;
#4513 = DIRECTION ( 'NONE',  ( 1.000000000000000000, 0.000000000000000000, 0.000000000000000000 ) ) ;
#4514 = EDGE_CURVE ( 'NONE', #1957, #4053, #1226, .T. ) ;
#4515 = PLANE ( 'NONE',  #5429 ) ;
#4516 = ORIENTED_EDGE ( 'NONE', *, *, #1472, .T. ) ;
#4517 = VECTOR ( 'NONE', #6061, 1000.000000000000000 ) ;
#4518 = ORIENTED_EDGE ( 'NONE', *, *, #4659, .F. ) ;
#4519 = EDGE_CURVE ( 'NONE', #5302, #3940, #3530, .T. ) ;
#4520 = ORIENTED_EDGE ( 'NONE', *, *, #3787, .F. ) ;
#4521 = CIRCLE ( 'NONE', #4428, 12.50000000000000355 ) ;
#4522 = EDGE_CURVE ( 'NONE', #2763, #1743, #5758, .T. ) ;
#4523 = AXIS2_PLACEMENT_3D ( 'NONE', #3938, #3472, #5405 ) ;
#4524 = DIRECTION ( 'NONE',  ( 0.9999999998675465074, -1.627596612693846999E-05, 0.000000000000000000 ) ) ;
#4525 = ORIENTED_EDGE ( 'NONE', *, *, #5944, .T. ) ;
#4526 = AXIS2_PLACEMENT_3D ( 'NONE', #5342, #2504, #5991 ) ;
#4527 = ORIENTED_EDGE ( 'NONE', *, *, #593, .T. ) ;
#4528 = CIRCLE ( 'NONE', #3336, 2.000000000000001776 ) ;
#4529 = LINE ( 'NONE', #4635, #1022 ) ;
#4530 = DIRECTION ( 'NONE',  ( -0.000000000000000000, 0.000000000000000000, -1.000000000000000000 ) ) ;
#4531 =( NAMED_UNIT ( * ) SI_UNIT ( $, .STERADIAN. ) SOLID_ANGLE_UNIT ( ) );
#4532 = ADVANCED_FACE ( 'NONE', ( #6134 ), #2713, .F. ) ;
#4533 = DIRECTION ( 'NONE',  ( 0.9999999999999961142, 8.742277677795539484E-08, -8.002115286624055570E-15 ) ) ;
#4534 = VECTOR ( 'NONE', #4840, 1000.000000000000000 ) ;
#4535 = DIRECTION ( 'NONE',  ( -4.180742545671762101E-15, -4.371140887755362005E-08, -0.9999999999999992228 ) ) ;
#4536 = VECTOR ( 'NONE', #1426, 1000.000000000000000 ) ;
#4537 = ADVANCED_FACE ( 'NONE', ( #5175 ), #1739, .T. ) ;
#4538 = CARTESIAN_POINT ( 'NONE',  ( 51.70808186218739166, -7.999931335448993153, 3.000000000000000000 ) ) ;
#4539 = ORIENTED_EDGE ( 'NONE', *, *, #4112, .T. ) ;
#4540 = ORIENTED_EDGE ( 'NONE', *, *, #5501, .F. ) ;
#4541 = AXIS2_PLACEMENT_3D ( 'NONE', #2730, #1205, #3675 ) ;
#4542 = DIRECTION ( 'NONE',  ( 1.000000000000000000, 1.994248318681189754E-16, -0.000000000000000000 ) ) ;
#4543 = CYLINDRICAL_SURFACE ( 'NONE', #232, 12.50000000000000000 ) ;
#4544 = DIRECTION ( 'NONE',  ( -0.000000000000000000, 0.000000000000000000, -1.000000000000000000 ) ) ;
#4545 = CARTESIAN_POINT ( 'NONE',  ( 39.16013196753240777, -2.499931335448995373, 3.000000000000000000 ) ) ;
#4546 = EDGE_CURVE ( 'NONE', #35, #4348, #6175, .T. ) ;
#4547 = VECTOR ( 'NONE', #1999, 1000.000000000000000 ) ;
#4548 = ORIENTED_EDGE ( 'NONE', *, *, #802, .F. ) ;
#4549 = ORIENTED_EDGE ( 'NONE', *, *, #1610, .F. ) ;
#4550 = AXIS2_PLACEMENT_3D ( 'NONE', #4892, #5900, #3020 ) ;
#4551 = DIRECTION ( 'NONE',  ( -1.040834085586084257E-14, -0.9999999999999991118, 4.371140884147639571E-08 ) ) ;
#4552 = CARTESIAN_POINT ( 'NONE',  ( 0.000000000000000000, 0.000000000000000000, 3.000000000000000000 ) ) ;
#4553 = DIRECTION ( 'NONE',  ( -0.000000000000000000, -0.000000000000000000, -1.000000000000000000 ) ) ;
#4554 = CARTESIAN_POINT ( 'NONE',  ( 32.21007646689140813, -48.89226894199710216, 36.80533964869712804 ) ) ;
#4555 = VECTOR ( 'NONE', #4754, 1000.000000000000000 ) ;
#4556 = VERTEX_POINT ( 'NONE', #4629 ) ;
#4557 = VERTEX_POINT ( 'NONE', #1673 ) ;
#4558 = ORIENTED_EDGE ( 'NONE', *, *, #4285, .T. ) ;
#4559 = EDGE_CURVE ( 'NONE', #4577, #5233, #3589, .T. ) ;
#4560 = DIRECTION ( 'NONE',  ( -4.180742545671762101E-15, -4.371140887755362005E-08, -0.9999999999999992228 ) ) ;
#4561 = DIRECTION ( 'NONE',  ( -1.000000000000000000, 0.000000000000000000, 0.000000000000000000 ) ) ;
#4562 = AXIS2_PLACEMENT_3D ( 'NONE', #3216, #1839, #2850 ) ;
#4563 = VERTEX_POINT ( 'NONE', #3114 ) ;
#4564 = CIRCLE ( 'NONE', #4271, 2.999999999999995559 ) ;
#4565 = EDGE_CURVE ( 'NONE', #5233, #5658, #1537, .T. ) ;
#4566 = ORIENTED_EDGE ( 'NONE', *, *, #1547, .T. ) ;
#4567 = CARTESIAN_POINT ( 'NONE',  ( 30.49987792968802225, -5.499931335448994929, 3.000000000000000000 ) ) ;
#4568 = AXIS2_PLACEMENT_3D ( 'NONE', #3402, #2470, #564 ) ;
#4569 = CARTESIAN_POINT ( 'NONE',  ( 4.574954986571961868, -55.32508182525600660, 28.04134375730104622 ) ) ;
#4570 = LINE ( 'NONE', #2691, #36 ) ;
#4571 = CARTESIAN_POINT ( 'NONE',  ( 2.074954986571851290, -55.32508182525601370, 1.450001455905382208 ) ) ;
#4572 = LINE ( 'NONE', #1238, #3808 ) ;
#4573 = DIRECTION ( 'NONE',  ( 0.000000000000000000, 0.000000000000000000, 1.000000000000000000 ) ) ;
#4574 = VECTOR ( 'NONE', #831, 1000.000000000000000 ) ;
#4575 = VERTEX_POINT ( 'NONE', #2177 ) ;
#4576 = EDGE_CURVE ( 'NONE', #3208, #1890, #6028, .T. ) ;
#4577 = VERTEX_POINT ( 'NONE', #258 ) ;
#4578 = EDGE_CURVE ( 'NONE', #3924, #4186, #5573, .T. ) ;
#4579 = EDGE_CURVE ( 'NONE', #4786, #5930, #1331, .T. ) ;
#4580 = CARTESIAN_POINT ( 'NONE',  ( 48.77500206014519080, -33.14931592906049218, 0.000000000000000000 ) ) ;
#4581 = CARTESIAN_POINT ( 'NONE',  ( 39.15993664557905873, -32.50120435625778015, 3.000000000000000000 ) ) ;
#4582 = CARTESIAN_POINT ( 'NONE',  ( -51.70836668991861274, -37.99972538755906726, 3.000000000000000000 ) ) ;
#4583 = AXIS2_PLACEMENT_3D ( 'NONE', #4308, #2934, #3839 ) ;
#4584 = DIRECTION ( 'NONE',  ( 0.000000000000000000, -0.000000000000000000, 1.000000000000000000 ) ) ;
#4585 = ORIENTED_EDGE ( 'NONE', *, *, #6156, .F. ) ;
#4586 = VERTEX_POINT ( 'NONE', #2220 ) ;
#4587 = DIRECTION ( 'NONE',  ( -0.000000000000000000, 0.000000000000000000, 1.000000000000000000 ) ) ;
#4588 = ADVANCED_FACE ( 'NONE', ( #2264 ), #2665, .T. ) ;
#4589 = EDGE_CURVE ( 'NONE', #3110, #5369, #4645, .T. ) ;
#4590 = CARTESIAN_POINT ( 'NONE',  ( 45.37007602278353602, -52.94007753325929855, 28.04134375730104622 ) ) ;
#4591 = CARTESIAN_POINT ( 'NONE',  ( 55.67099752524903522, -31.34477664196644398, 28.04134375730104622 ) ) ;
#4592 = DIRECTION ( 'NONE',  ( -3.414809992080329516E-16, 1.000000000000000000, -0.000000000000000000 ) ) ;
#4593 = EDGE_LOOP ( 'NONE', ( #1670, #4930, #1545, #2482, #4194, #2521, #1373, #5008 ) ) ;
#4594 = VERTEX_POINT ( 'NONE', #228 ) ;
#4595 = ORIENTED_EDGE ( 'NONE', *, *, #3339, .F. ) ;
#4596 = EDGE_CURVE ( 'NONE', #4312, #5536, #20, .T. ) ;
#4597 = DIRECTION ( 'NONE',  ( -0.000000000000000000, -0.000000000000000000, 1.000000000000000000 ) ) ;
#4598 = FACE_OUTER_BOUND ( 'NONE', #1707, .T. ) ;
#4599 = ORIENTED_EDGE ( 'NONE', *, *, #3787, .T. ) ;
#4600 = EDGE_CURVE ( 'NONE', #1692, #4085, #2130, .T. ) ;
#4601 = FACE_OUTER_BOUND ( 'NONE', #3412, .T. ) ;
#4602 = CARTESIAN_POINT ( 'NONE',  ( -51.71248359946253714, -37.49974233679053981, 0.000000000000000000 ) ) ;
#4603 = DIRECTION ( 'NONE',  ( -4.180742545671762101E-15, -4.371140887755362005E-08, -0.9999999999999992228 ) ) ;
#4604 = CARTESIAN_POINT ( 'NONE',  ( -55.92498535135183602, 8.414992237443547296, 28.04134375730104622 ) ) ;
#4605 = DIRECTION ( 'NONE',  ( -1.000000000000000000, 0.000000000000000000, 4.180742545671766046E-15 ) ) ;
#4606 = ADVANCED_FACE ( 'NONE', ( #833 ), #6013, .T. ) ;
#4607 = CARTESIAN_POINT ( 'NONE',  ( 39.15983898978230826, -38.50120435546305941, 1.450000720510096208 ) ) ;
#4608 = DIRECTION ( 'NONE',  ( 1.000000000000000000, 0.000000000000000000, 0.000000000000000000 ) ) ;
#4609 = ORIENTED_EDGE ( 'NONE', *, *, #3140, .T. ) ;
#4610 = EDGE_LOOP ( 'NONE', ( #1675, #5098, #4633, #5173 ) ) ;
#4611 = DIRECTION ( 'NONE',  ( 0.000000000000000000, 0.9999999999999991118, -4.371140887755362005E-08 ) ) ;
#4612 = DIRECTION ( 'NONE',  ( 0.000000000000000000, -0.000000000000000000, 1.000000000000000000 ) ) ;
#4613 = CARTESIAN_POINT ( 'NONE',  ( 51.38099752524905028, -31.34477641991259489, 1.450000407692244808 ) ) ;
#4614 = DIRECTION ( 'NONE',  ( 0.000000000000000000, -0.000000000000000000, 1.000000000000000000 ) ) ;
#4615 = EDGE_CURVE ( 'NONE', #4379, #4980, #4071, .T. ) ;
#4616 = EDGE_CURVE ( 'NONE', #3881, #3334, #3162, .T. ) ;
#4617 = ORIENTED_EDGE ( 'NONE', *, *, #4114, .F. ) ;
#4618 = VECTOR ( 'NONE', #3417, 1000.000000000000000 ) ;
#4619 = ORIENTED_EDGE ( 'NONE', *, *, #5933, .T. ) ;
#4620 = CARTESIAN_POINT ( 'NONE',  ( 36.49987792968698130, -35.50007057189900905, 3.000000000000000000 ) ) ;
#4621 = DIRECTION ( 'NONE',  ( -1.000000000000000000, 0.000000000000000000, 0.000000000000000000 ) ) ;
#4622 = CARTESIAN_POINT ( 'NONE',  ( -39.16013196753240777, -2.499931335448995373, 3.000000000000000000 ) ) ;
#4623 = FACE_OUTER_BOUND ( 'NONE', #3818, .T. ) ;
#4624 = LINE ( 'NONE', #3825, #1699 ) ;
#4625 = ORIENTED_EDGE ( 'NONE', *, *, #975, .T. ) ;
#4626 = EDGE_CURVE ( 'NONE', #2602, #1004, #5632, .T. ) ;
#4627 = ORIENTED_EDGE ( 'NONE', *, *, #4395, .F. ) ;
#4628 = ORIENTED_EDGE ( 'NONE', *, *, #1323, .F. ) ;
#4629 = CARTESIAN_POINT ( 'NONE',  ( -23.50012207031303291, -35.50007057189900195, 1.450000589326571943 ) ) ;
#4630 = DIRECTION ( 'NONE',  ( 0.9999999998675463964, -1.627596612607036625E-05, 0.000000000000000000 ) ) ;
#4631 = ADVANCED_FACE ( 'NONE', ( #6119 ), #3673, .F. ) ;
#4632 = EDGE_LOOP ( 'NONE', ( #68, #1835, #1313, #1011, #3136, #1950, #1092 ) ) ;
#4633 = ORIENTED_EDGE ( 'NONE', *, *, #2301, .T. ) ;
#4634 = CIRCLE ( 'NONE', #608, 1.749999999999996225 ) ;
#4635 = CARTESIAN_POINT ( 'NONE',  ( 36.56205575617909176, -8.999931335448994929, 0.000000000000000000 ) ) ;
#4636 = DIRECTION ( 'NONE',  ( 0.000000000000000000, -0.9999999999999991118, 4.371140884147631631E-08 ) ) ;
#4637 = DIRECTION ( 'NONE',  ( 0.000000000000000000, -0.000000000000000000, 1.000000000000000000 ) ) ;
#4638 = CARTESIAN_POINT ( 'NONE',  ( -55.92498635059416046, -14.44500776255643437, 1.449999169358593631 ) ) ;
#4639 = CARTESIAN_POINT ( 'NONE',  ( -39.16032727911196076, -32.49992961829499905, 3.000000000000000000 ) ) ;
#4640 = CARTESIAN_POINT ( 'NONE',  ( -39.16013196753240777, -7.499931335448995817, 3.000000000000000000 ) ) ;
#4641 = CIRCLE ( 'NONE', #4953, 2.000000000000001776 ) ;
#4642 = AXIS2_PLACEMENT_3D ( 'NONE', #4230, #1344, #3357 ) ;
#4643 = VERTEX_POINT ( 'NONE', #2728 ) ;
#4644 = ORIENTED_EDGE ( 'NONE', *, *, #1941, .F. ) ;
#4645 = CIRCLE ( 'NONE', #6068, 1.750000000000001554 ) ;
#4646 = CARTESIAN_POINT ( 'NONE',  ( -38.00000000000000000, 46.00000000000002842, 3.000000000000000000 ) ) ;
#4647 = ADVANCED_FACE ( 'NONE', ( #2765 ), #5059, .F. ) ;
#4648 = DIRECTION ( 'NONE',  ( -3.414809992080326558E-16, 0.9999999999999991118, -4.371140887755362005E-08 ) ) ;
#4649 = CIRCLE ( 'NONE', #5565, 6.000000000000001776 ) ;
#4650 = AXIS2_PLACEMENT_3D ( 'NONE', #6076, #2291, #1272 ) ;
#4651 = CARTESIAN_POINT ( 'NONE',  ( 47.02500206014519790, -40.76931592906048962, 0.000000000000000000 ) ) ;
#4652 = VECTOR ( 'NONE', #2942, 1000.000000000000000 ) ;
#4653 = CYLINDRICAL_SURFACE ( 'NONE', #4020, 3.499999999999999112 ) ;
#4654 = EDGE_CURVE ( 'NONE', #5616, #855, #4280, .T. ) ;
#4655 = ORIENTED_EDGE ( 'NONE', *, *, #299, .F. ) ;
#4656 = AXIS2_PLACEMENT_3D ( 'NONE', #3982, #2551, #4041 ) ;
#4657 = ORIENTED_EDGE ( 'NONE', *, *, #765, .F. ) ;
#4658 = DIRECTION ( 'NONE',  ( -4.180742545671762101E-15, -4.371140887755362005E-08, -0.9999999999999992228 ) ) ;
#4659 = EDGE_CURVE ( 'NONE', #1151, #1392, #1754, .T. ) ;
#4660 = LINE ( 'NONE', #2170, #5172 ) ;
#4661 = CARTESIAN_POINT ( 'NONE',  ( -56.25248347830570594, -33.76592310238539341, 28.04134375730104622 ) ) ;
#4662 = CARTESIAN_POINT ( 'NONE',  ( 34.46453803689026074, -18.40463862520800475, 36.80533964869712804 ) ) ;
#4663 = VECTOR ( 'NONE', #3007, 1000.000000000000227 ) ;
#4664 = DIRECTION ( 'NONE',  ( -0.000000000000000000, -0.000000000000000000, -1.000000000000000000 ) ) ;
#4665 = AXIS2_PLACEMENT_3D ( 'NONE', #4110, #236, #2739 ) ;
#4666 = ORIENTED_EDGE ( 'NONE', *, *, #2815, .F. ) ;
#4667 = VERTEX_POINT ( 'NONE', #3195 ) ;
#4668 = CARTESIAN_POINT ( 'NONE',  ( -55.00000000000000000, 55.00000000000000711, 3.000000000000000000 ) ) ;
#4669 = EDGE_CURVE ( 'NONE', #1341, #4933, #3273, .T. ) ;
#4670 = VECTOR ( 'NONE', #6191, 1000.000000000000000 ) ;
#4671 = CARTESIAN_POINT ( 'NONE',  ( -39.16013196753240777, -8.499931335448993153, 0.000000000000000000 ) ) ;
#4672 = ORIENTED_EDGE ( 'NONE', *, *, #3563, .F. ) ;
#4673 = ORIENTED_EDGE ( 'NONE', *, *, #5288, .F. ) ;
#4674 = EDGE_CURVE ( 'NONE', #5426, #5395, #4038, .T. ) ;
#4675 = CARTESIAN_POINT ( 'NONE',  ( -51.70835855193554664, -37.49972538762529695, 0.000000000000000000 ) ) ;
#4676 = DIRECTION ( 'NONE',  ( -0.9999999998675463964, 1.627596612578200236E-05, 0.000000000000000000 ) ) ;
#4677 = CARTESIAN_POINT ( 'NONE',  ( -39.16013196753240777, -10.49993133544899493, 1.449999496535329335 ) ) ;
#4678 = LINE ( 'NONE', #6172, #4036 ) ;
#4679 = DIRECTION ( 'NONE',  ( -4.180742545671762101E-15, -4.371140887755362005E-08, -0.9999999999999992228 ) ) ;
#4680 = CARTESIAN_POINT ( 'NONE',  ( 55.00000000000000000, 55.00000000000000711, 0.000000000000000000 ) ) ;
#4681 = ORIENTED_EDGE ( 'NONE', *, *, #2438, .T. ) ;
#4682 = VECTOR ( 'NONE', #5147, 999.9999999999998863 ) ;
#4683 = VECTOR ( 'NONE', #4630, 1000.000000000000227 ) ;
#4684 = DIRECTION ( 'NONE',  ( -0.000000000000000000, 0.000000000000000000, -1.000000000000000000 ) ) ;
#4685 = CARTESIAN_POINT ( 'NONE',  ( -42.63453902919962957, -2.499931335448999370, 1.449999146844068942 ) ) ;
#4686 = DIRECTION ( 'NONE',  ( -0.9999999998675463964, 1.627596612567151538E-05, 0.000000000000000000 ) ) ;
#4687 = DIRECTION ( 'NONE',  ( 0.000000000000000000, -0.000000000000000000, 1.000000000000000000 ) ) ;
#4688 = AXIS2_PLACEMENT_3D ( 'NONE', #1726, #2167, #4079 ) ;
#4689 = ORIENTED_EDGE ( 'NONE', *, *, #4865, .F. ) ;
#4690 = EDGE_CURVE ( 'NONE', #5536, #957, #1686, .T. ) ;
#4691 = ORIENTED_EDGE ( 'NONE', *, *, #5400, .T. ) ;
#4692 = CARTESIAN_POINT ( 'NONE',  ( -51.73034350111014135, -33.49923858745518146, 0.000000000000000000 ) ) ;
#4693 = CIRCLE ( 'NONE', #966, 12.50000000000000533 ) ;
#4694 = CARTESIAN_POINT ( 'NONE',  ( -36.56205575617909176, -1.999931335448993597, 3.000000000000000000 ) ) ;
#4695 = LINE ( 'NONE', #3740, #621 ) ;
#4696 = FACE_BOUND ( 'NONE', #3256, .T. ) ;
#4697 = DIRECTION ( 'NONE',  ( -4.180742545671762101E-15, -4.371140887755362005E-08, -0.9999999999999992228 ) ) ;
#4698 = ORIENTED_EDGE ( 'NONE', *, *, #3800, .T. ) ;
#4699 = ORIENTED_EDGE ( 'NONE', *, *, #1295, .F. ) ;
#4700 = DIRECTION ( 'NONE',  ( -0.9999999998675465074, 1.627596612693846999E-05, 0.000000000000000000 ) ) ;
#4701 = CARTESIAN_POINT ( 'NONE',  ( 39.16013196753240777, -0.4999313354489935968, 0.000000000000000000 ) ) ;
#4702 = ORIENTED_EDGE ( 'NONE', *, *, #5323, .F. ) ;
#4703 = VERTEX_POINT ( 'NONE', #2388 ) ;
#4704 = LINE ( 'NONE', #5786, #1027 ) ;
#4705 = DIRECTION ( 'NONE',  ( -4.180742545671762101E-15, -4.371140887755362005E-08, -0.9999999999999992228 ) ) ;
#4706 = CYLINDRICAL_SURFACE ( 'NONE', #5759, 1.750000000000001554 ) ;
#4707 = DIRECTION ( 'NONE',  ( -0.000000000000000000, -0.000000000000000000, -1.000000000000000000 ) ) ;
#4708 = ORIENTED_EDGE ( 'NONE', *, *, #6123, .T. ) ;
#4709 = PRODUCT ( 'Подложка', 'Подложка', '', ( #3187 ) ) ;
#4710 = EDGE_CURVE ( 'NONE', #5703, #2400, #4893, .T. ) ;
#4711 = ORIENTED_EDGE ( 'NONE', *, *, #884, .F. ) ;
#4712 = DIRECTION ( 'NONE',  ( -0.000000000000000000, -0.000000000000000000, -1.000000000000000000 ) ) ;
#4713 = CARTESIAN_POINT ( 'NONE',  ( 40.00000000000000000, 46.00000000000001421, 3.000000000000000000 ) ) ;
#4714 = CARTESIAN_POINT ( 'NONE',  ( 8.999999999999976907, -18.54000000000002757, 0.000000000000000000 ) ) ;
#4715 = CARTESIAN_POINT ( 'NONE',  ( 39.15983898978230826, -38.50120435546305941, 3.000000000000000000 ) ) ;
#4716 = EDGE_CURVE ( 'NONE', #3144, #3405, #4778, .T. ) ;
#4717 = VERTEX_POINT ( 'NONE', #1906 ) ;
#4718 = EDGE_LOOP ( 'NONE', ( #218, #2528, #2590, #1599 ) ) ;
#4719 = CARTESIAN_POINT ( 'NONE',  ( -52.20808186218739166, -2.999931335448996261, 0.000000000000000000 ) ) ;
#4720 = AXIS2_PLACEMENT_3D ( 'NONE', #811, #2777, #1443 ) ;
#4721 = CARTESIAN_POINT ( 'NONE',  ( 39.15985526574843334, -37.50120435559551169, 1.450000676798686827 ) ) ;
#4722 = DIRECTION ( 'NONE',  ( 1.000000000000000000, 0.000000000000000000, 0.000000000000000000 ) ) ;
#4723 = CARTESIAN_POINT ( 'NONE',  ( -57.67498635059415335, -14.44500776255643437, 28.04134375730104622 ) ) ;
#4724 = AXIS2_PLACEMENT_3D ( 'NONE', #4911, #578, #6115 ) ;
#4725 = ORIENTED_EDGE ( 'NONE', *, *, #3985, .F. ) ;
#4726 = ORIENTED_EDGE ( 'NONE', *, *, #4221, .T. ) ;
#4727 = FACE_OUTER_BOUND ( 'NONE', #3874, .T. ) ;
#4728 = ADVANCED_FACE ( 'NONE', ( #5726 ), #1877, .F. ) ;
#4729 = LINE ( 'NONE', #404, #960 ) ;
#4730 = ORIENTED_EDGE ( 'NONE', *, *, #5785, .T. ) ;
#4731 = ORIENTED_EDGE ( 'NONE', *, *, #1504, .F. ) ;
#4732 = ADVANCED_FACE ( 'NONE', ( #2794 ), #4742, .F. ) ;
#4733 = CARTESIAN_POINT ( 'NONE',  ( 55.67099752524903522, -33.09477664196644753, 1.450000484187199623 ) ) ;
#4734 = DIRECTION ( 'NONE',  ( 1.000000000000000000, 0.000000000000000000, 0.000000000000000000 ) ) ;
#4735 = CIRCLE ( 'NONE', #5547, 0.5000000000000004441 ) ;
#4736 = PERSON_AND_ORGANIZATION ( #1498, #3540 ) ;
#4737 = DIRECTION ( 'NONE',  ( 1.000000000000000000, 0.000000000000000000, 0.000000000000000000 ) ) ;
#4738 = CARTESIAN_POINT ( 'NONE',  ( -53.71248359946253004, -43.92592313267459048, 0.000000000000000000 ) ) ;
#4739 = EDGE_LOOP ( 'NONE', ( #4979, #3150, #3901, #1164 ) ) ;
#4740 = AXIS2_PLACEMENT_3D ( 'NONE', #4591, #6255, #3803 ) ;
#4741 = ORIENTED_EDGE ( 'NONE', *, *, #3833, .T. ) ;
#4742 = CYLINDRICAL_SURFACE ( 'NONE', #4642, 3.000000000000002665 ) ;
#4743 = CARTESIAN_POINT ( 'NONE',  ( 13.20999999999997954, -26.50000000000002487, 28.04134375730104622 ) ) ;
#4744 = DIRECTION ( 'NONE',  ( 0.000000000000000000, 0.000000000000000000, 1.000000000000000000 ) ) ;
#4745 = EDGE_CURVE ( 'NONE', #1691, #2798, #6244, .T. ) ;
#4746 = CARTESIAN_POINT ( 'NONE',  ( 10.99999999999997513, -13.46000000000002927, 1.449999625923636293 ) ) ;
#4747 = AXIS2_PLACEMENT_3D ( 'NONE', #1809, #2760, #4772 ) ;
#4748 = CIRCLE ( 'NONE', #2029, 7.000000000000002665 ) ;
#4749 = ORIENTED_EDGE ( 'NONE', *, *, #357, .F. ) ;
#4750 = ORIENTED_EDGE ( 'NONE', *, *, #1157, .T. ) ;
#4751 = AXIS2_PLACEMENT_3D ( 'NONE', #2669, #4142, #5097 ) ;
#4752 = CARTESIAN_POINT ( 'NONE',  ( 17.49999999999998224, -26.50000000000002842, 0.000000000000000000 ) ) ;
#4753 = AXIS2_PLACEMENT_3D ( 'NONE', #2306, #5932, #844 ) ;
#4754 = DIRECTION ( 'NONE',  ( 0.000000000000000000, 0.000000000000000000, -1.000000000000000000 ) ) ;
#4755 = DIRECTION ( 'NONE',  ( -1.000000000000000000, 0.000000000000000000, 0.000000000000000000 ) ) ;
#4756 = EDGE_CURVE ( 'NONE', #2310, #3726, #5290, .T. ) ;
#4757 = DIRECTION ( 'NONE',  ( -0.000000000000000000, 0.000000000000000000, -1.000000000000000000 ) ) ;
#4758 = AXIS2_PLACEMENT_3D ( 'NONE', #2033, #4478, #2984 ) ;
#4759 = AXIS2_PLACEMENT_3D ( 'NONE', #4493, #1353, #5641 ) ;
#4760 = VERTEX_POINT ( 'NONE', #454 ) ;
#4761 = ORIENTED_EDGE ( 'NONE', *, *, #5792, .T. ) ;
#4762 = DIRECTION ( 'NONE',  ( -1.000000000000000000, 0.000000000000000000, 0.000000000000000000 ) ) ;
#4763 = VECTOR ( 'NONE', #1747, 1000.000000000000227 ) ;
#4764 = DIRECTION ( 'NONE',  ( 1.000000000000000000, 0.000000000000000000, 0.000000000000000000 ) ) ;
#4765 = VERTEX_POINT ( 'NONE', #2323 ) ;
#4766 = AXIS2_PLACEMENT_3D ( 'NONE', #5469, #4411, #5915 ) ;
#4767 = ORIENTED_EDGE ( 'NONE', *, *, #6250, .T. ) ;
#4768 = ADVANCED_FACE ( 'NONE', ( #961 ), #1474, .F. ) ;
#4769 = CARTESIAN_POINT ( 'NONE',  ( 55.67099752524903522, -29.59477664196644042, 0.000000000000000000 ) ) ;
#4770 = CARTESIAN_POINT ( 'NONE',  ( -51.71248359946253004, -43.92592313267459048, 1.450000957632327170 ) ) ;
#4771 = FACE_OUTER_BOUND ( 'NONE', #4406, .T. ) ;
#4772 = DIRECTION ( 'NONE',  ( 1.000000000000000000, 0.000000000000000000, 0.000000000000000000 ) ) ;
#4773 = CARTESIAN_POINT ( 'NONE',  ( 65.99999999999998579, -65.99999999999998579, 0.000000000000000000 ) ) ;
#4774 = AXIS2_PLACEMENT_3D ( 'NONE', #2098, #56, #5857 ) ;
#4775 = ORIENTED_EDGE ( 'NONE', *, *, #5780, .T. ) ;
#4776 = EDGE_CURVE ( 'NONE', #3940, #6019, #5754, .T. ) ;
#4777 = VERTEX_POINT ( 'NONE', #2358 ) ;
#4778 = LINE ( 'NONE', #5794, #4430 ) ;
#4779 = DIRECTION ( 'NONE',  ( 1.000000000000000000, 6.829619984160653116E-16, 0.000000000000000000 ) ) ;
#4780 = DIRECTION ( 'NONE',  ( -1.000000000000000000, 0.000000000000000000, 0.000000000000000000 ) ) ;
#4781 = LINE ( 'NONE', #4715, #5152 ) ;
#4782 = ADVANCED_FACE ( 'NONE', ( #3259 ), #868, .F. ) ;
#4783 = EDGE_CURVE ( 'NONE', #3062, #5369, #2414, .T. ) ;
#4784 = ORIENTED_EDGE ( 'NONE', *, *, #3437, .F. ) ;
#4785 = EDGE_CURVE ( 'NONE', #5504, #5631, #4322, .T. ) ;
#4786 = VERTEX_POINT ( 'NONE', #3388 ) ;
#4787 = CARTESIAN_POINT ( 'NONE',  ( -39.16032727911298394, -32.49992961829499905, 1.450000458186249563 ) ) ;
#4788 = CARTESIAN_POINT ( 'NONE',  ( 53.13099752524905028, -31.34477641991259489, 28.04134375730104622 ) ) ;
#4789 = CARTESIAN_POINT ( 'NONE',  ( 8.999999999999976907, -18.54000000000002757, 1.449999847977608392 ) ) ;
#4790 = AXIS2_PLACEMENT_3D ( 'NONE', #473, #3902, #4313 ) ;
#4791 = DIRECTION ( 'NONE',  ( -0.000000000000000000, 0.000000000000000000, -1.000000000000000000 ) ) ;
#4792 = ORIENTED_EDGE ( 'NONE', *, *, #6105, .T. ) ;
#4793 = EDGE_CURVE ( 'NONE', #5303, #5075, #12, .T. ) ;
#4794 = ORIENTED_EDGE ( 'NONE', *, *, #2355, .F. ) ;
#4795 = VECTOR ( 'NONE', #3125, 1000.000000000000000 ) ;
#4796 = DIRECTION ( 'NONE',  ( 1.994248318681189754E-16, 1.000000000000000000, 0.000000000000000000 ) ) ;
#4797 = CARTESIAN_POINT ( 'NONE',  ( 37.99999999999998579, 26.00000000000002842, 3.000000000000000000 ) ) ;
#4798 = VERTEX_POINT ( 'NONE', #1374 ) ;
#4799 = EDGE_CURVE ( 'NONE', #5888, #925, #5319, .T. ) ;
#4800 = EDGE_LOOP ( 'NONE', ( #3295, #6050, #4422, #1306, #1882, #1073, #3600, #4912, #4216, #3503, #1000, #3084, #1260, #1798, #2563, #1242 ) ) ;
#4801 = CARTESIAN_POINT ( 'NONE',  ( -56.25248347830570594, -31.76592310238539341, 1.450000426101606621 ) ) ;
#4802 = DIRECTION ( 'NONE',  ( 0.000000000000000000, 0.000000000000000000, -1.000000000000000000 ) ) ;
#4803 = FACE_OUTER_BOUND ( 'NONE', #4261, .T. ) ;
#4804 = PERSON_AND_ORGANIZATION ( #1498, #3540 ) ;
#4805 = CARTESIAN_POINT ( 'NONE',  ( -30.49987792968801514, -5.499931269881881413, 1.449999277977991108 ) ) ;
#4806 = CARTESIAN_POINT ( 'NONE',  ( 51.70779702075834194, -38.00140858553671563, 3.000000000000000000 ) ) ;
#4807 = VERTEX_POINT ( 'NONE', #988 ) ;
#4808 = ORIENTED_EDGE ( 'NONE', *, *, #5473, .T. ) ;
#4809 = CARTESIAN_POINT ( 'NONE',  ( 39.15993664557905873, -32.50120435625778015, 0.000000000000000000 ) ) ;
#4810 = PLANE ( 'NONE',  #2152 ) ;
#4811 = DIRECTION ( 'NONE',  ( -0.000000000000000000, 0.000000000000000000, -1.000000000000000000 ) ) ;
#4812 = CARTESIAN_POINT ( 'NONE',  ( -51.50000000000000000, -55.00000000000000000, 3.000000000000000000 ) ) ;
#4813 = FACE_OUTER_BOUND ( 'NONE', #2249, .T. ) ;
#4814 = ORIENTED_EDGE ( 'NONE', *, *, #5619, .F. ) ;
#4815 = ORIENTED_EDGE ( 'NONE', *, *, #2313, .T. ) ;
#4816 = DIRECTION ( 'NONE',  ( -1.000000000000000000, 0.000000000000000000, 0.000000000000000000 ) ) ;
#4817 = EDGE_CURVE ( 'NONE', #3199, #3501, #1120, .T. ) ;
#4818 = CARTESIAN_POINT ( 'NONE',  ( -55.00000000000000000, 55.00000000000000711, 3.000000000000000000 ) ) ;
#4819 = ADVANCED_FACE ( 'NONE', ( #1814 ), #386, .F. ) ;
#4820 = CARTESIAN_POINT ( 'NONE',  ( 13.53999999999997783, -11.46000000000002750, 0.000000000000000000 ) ) ;
#4821 = EDGE_LOOP ( 'NONE', ( #3023, #487, #4180, #3702, #5925, #3817 ) ) ;
#4822 = VERTEX_POINT ( 'NONE', #574 ) ;
#4823 = LINE ( 'NONE', #2432, #5090 ) ;
#4824 = EDGE_CURVE ( 'NONE', #375, #5303, #2440, .T. ) ;
#4825 = CARTESIAN_POINT ( 'NONE',  ( -30.50012207031303291, -35.50007057189900195, 3.000000000000000000 ) ) ;
#4826 = VERTEX_POINT ( 'NONE', #4934 ) ;
#4827 = VERTEX_POINT ( 'NONE', #4380 ) ;
#4828 = CARTESIAN_POINT ( 'NONE',  ( -39.16013196753240777, -7.499931335448995817, 0.000000000000000000 ) ) ;
#4829 = LINE ( 'NONE', #1962, #1541 ) ;
#4830 = CYLINDRICAL_SURFACE ( 'NONE', #2017, 7.999999999999996447 ) ;
#4831 = CALENDAR_DATE ( 2024, 1, 3 ) ;
#4832 = EDGE_CURVE ( 'NONE', #5495, #4450, #1214, .T. ) ;
#4833 = CARTESIAN_POINT ( 'NONE',  ( 45.37007602278353602, -50.94007753325929855, 1.450001264230487585 ) ) ;
#4834 = ORIENTED_EDGE ( 'NONE', *, *, #5323, .T. ) ;
#4835 = AXIS2_PLACEMENT_3D ( 'NONE', #5975, #6079, #4096 ) ;
#4836 = ORIENTED_EDGE ( 'NONE', *, *, #1783, .F. ) ;
#4837 = CARTESIAN_POINT ( 'NONE',  ( 51.38099752524905028, -31.34477641991259489, 28.04134375730104622 ) ) ;
#4838 = DIRECTION ( 'NONE',  ( 0.000000000000000000, 0.000000000000000000, -1.000000000000000000 ) ) ;
#4839 = DIRECTION ( 'NONE',  ( 0.000000000000000000, -0.9999999999999990008, 4.371140884147639571E-08 ) ) ;
#4840 = DIRECTION ( 'NONE',  ( -0.000000000000000000, -0.000000000000000000, -1.000000000000000000 ) ) ;
#4841 = PLANE ( 'NONE',  #2811 ) ;
#4842 = AXIS2_PLACEMENT_3D ( 'NONE', #4156, #2748, #1292 ) ;
#4843 = VECTOR ( 'NONE', #539, 1000.000000000000000 ) ;
#4844 = ORIENTED_EDGE ( 'NONE', *, *, #3458, .F. ) ;
#4845 = VERTEX_POINT ( 'NONE', #3034 ) ;
#4846 = EDGE_CURVE ( 'NONE', #2310, #1363, #3943, .T. ) ;
#4847 = PLANE ( 'NONE',  #840 ) ;
#4848 = CIRCLE ( 'NONE', #5357, 2.000000000000000000 ) ;
#4849 = DIRECTION ( 'NONE',  ( -1.000000000000000000, 0.000000000000000000, 0.000000000000000000 ) ) ;
#4850 = DIRECTION ( 'NONE',  ( -4.180742545671762101E-15, -4.371140887755362005E-08, -0.9999999999999992228 ) ) ;
#4851 = ORIENTED_EDGE ( 'NONE', *, *, #1428, .F. ) ;
#4852 = ADVANCED_FACE ( 'NONE', ( #5381 ), #1611, .F. ) ;
#4853 = AXIS2_PLACEMENT_3D ( 'NONE', #5913, #1587, #546 ) ;
#4854 = ORIENTED_EDGE ( 'NONE', *, *, #3282, .T. ) ;
#4855 = DIRECTION ( 'NONE',  ( -3.035386659626961597E-16, -1.000000000000000000, 0.000000000000000000 ) ) ;
#4856 = AXIS2_PLACEMENT_3D ( 'NONE', #759, #2692, #4993 ) ;
#4857 = AXIS2_PLACEMENT_3D ( 'NONE', #1838, #2407, #3785 ) ;
#4858 = CARTESIAN_POINT ( 'NONE',  ( -22.49987792968802580, -5.499931335448994929, 3.000000000000000000 ) ) ;
#4859 = ORIENTED_EDGE ( 'NONE', *, *, #5705, .T. ) ;
#4860 = ORIENTED_EDGE ( 'NONE', *, *, #5043, .F. ) ;
#4861 = ADVANCED_FACE ( 'NONE', ( #5347 ), #4961, .F. ) ;
#4862 = VECTOR ( 'NONE', #3666, 1000.000000000000227 ) ;
#4863 = FACE_OUTER_BOUND ( 'NONE', #517, .T. ) ;
#4864 = AXIS2_PLACEMENT_3D ( 'NONE', #2044, #3955, #5892 ) ;
#4865 = EDGE_CURVE ( 'NONE', #3144, #4988, #5881, .T. ) ;
#4866 = LINE ( 'NONE', #4900, #417 ) ;
#4867 = CARTESIAN_POINT ( 'NONE',  ( 51.50000000000000000, -55.00000000000000000, 0.000000000000000000 ) ) ;
#4868 = CARTESIAN_POINT ( 'NONE',  ( -59.42498535135182181, 8.414992237443547296, 0.000000000000000000 ) ) ;
#4869 = CIRCLE ( 'NONE', #4347, 4.999999999999997335 ) ;
#4870 = VERTEX_POINT ( 'NONE', #3974 ) ;
#4871 = CIRCLE ( 'NONE', #943, 0.5000000000000004441 ) ;
#4872 = ORIENTED_EDGE ( 'NONE', *, *, #5136, .F. ) ;
#4873 = EDGE_CURVE ( 'NONE', #2181, #5846, #6065, .T. ) ;
#4874 = CARTESIAN_POINT ( 'NONE',  ( -37.99999999999998579, 48.00000000000002842, 3.000000000000000000 ) ) ;
#4875 = CARTESIAN_POINT ( 'NONE',  ( 51.50000000000000000, 55.00000000000000711, 3.000000000000000000 ) ) ;
#4876 = CARTESIAN_POINT ( 'NONE',  ( 39.15983898978230826, -38.50120435546305941, 0.000000000000000000 ) ) ;
#4877 = VECTOR ( 'NONE', #2492, 1000.000000000000000 ) ;
#4878 = CARTESIAN_POINT ( 'NONE',  ( 47.02500206014519790, -33.14931592906049218, 28.04134375730104622 ) ) ;
#4879 = CARTESIAN_POINT ( 'NONE',  ( 42.63424605098932574, -38.50126090479469809, 0.000000000000000000 ) ) ;
#4880 = VERTEX_POINT ( 'NONE', #5848 ) ;
#4881 = ORIENTED_EDGE ( 'NONE', *, *, #2890, .T. ) ;
#4882 = EDGE_CURVE ( 'NONE', #2261, #666, #3233, .T. ) ;
#4883 = VECTOR ( 'NONE', #3793, 1000.000000000000000 ) ;
#4884 = CARTESIAN_POINT ( 'NONE',  ( 51.70808186218739166, -3.499931335448996261, 0.000000000000000000 ) ) ;
#4885 = DIRECTION ( 'NONE',  ( 1.000000000000000000, 0.000000000000000000, 0.000000000000000000 ) ) ;
#4886 = CARTESIAN_POINT ( 'NONE',  ( -42.63473434031897824, -32.49987306896336037, 1.450000458183792196 ) ) ;
#4887 = VECTOR ( 'NONE', #4991, 1000.000000000000000 ) ;
#4888 = ADVANCED_FACE ( 'NONE', ( #1531 ), #1138, .F. ) ;
#4889 = ORIENTED_EDGE ( 'NONE', *, *, #451, .F. ) ;
#4890 = VERTEX_POINT ( 'NONE', #3064 ) ;
#4891 = CIRCLE ( 'NONE', #1659, 3.499999999999999112 ) ;
#4892 = CARTESIAN_POINT ( 'NONE',  ( -61.00000000000002132, 61.00000000000000000, 3.000000000000000000 ) ) ;
#4893 = CIRCLE ( 'NONE', #920, 0.5000000000000004441 ) ;
#4894 = DIRECTION ( 'NONE',  ( -0.000000000000000000, -0.000000000000000000, -1.000000000000000000 ) ) ;
#4895 = AXIS2_PLACEMENT_3D ( 'NONE', #3190, #6116, #2260 ) ;
#4896 = ORIENTED_EDGE ( 'NONE', *, *, #3268, .T. ) ;
#4897 = ORIENTED_EDGE ( 'NONE', *, *, #5365, .T. ) ;
#4898 = LINE ( 'NONE', #4924, #1969 ) ;
#4899 = CIRCLE ( 'NONE', #4374, 3.499999999999999112 ) ;
#4900 = CARTESIAN_POINT ( 'NONE',  ( 33.21007646689140813, -48.40007575682851382, 0.000000000000000000 ) ) ;
#4901 = DIRECTION ( 'NONE',  ( -0.000000000000000000, 0.000000000000000000, 1.000000000000000000 ) ) ;
#4902 = EDGE_CURVE ( 'NONE', #5395, #5401, #1926, .T. ) ;
#4903 = EDGE_CURVE ( 'NONE', #4450, #5911, #2510, .T. ) ;
#4904 = DIRECTION ( 'NONE',  ( -0.000000000000000000, 1.000000000000000000, -0.000000000000000000 ) ) ;
#4905 = ORIENTED_EDGE ( 'NONE', *, *, #4247, .F. ) ;
#4906 = VERTEX_POINT ( 'NONE', #5409 ) ;
#4907 = CARTESIAN_POINT ( 'NONE',  ( -39.16045748684096850, -40.49992961723538087, 3.000000000000000000 ) ) ;
#4908 = DIRECTION ( 'NONE',  ( 0.000000000000000000, -0.9999999999999991118, 4.371140884147631631E-08 ) ) ;
#4909 = LINE ( 'NONE', #5411, #2554 ) ;
#4910 = DIRECTION ( 'NONE',  ( 0.000000000000000000, 0.000000000000000000, 1.000000000000000000 ) ) ;
#4911 = CARTESIAN_POINT ( 'NONE',  ( 30.49987792968802225, -5.499931335448994929, 0.000000000000000000 ) ) ;
#4912 = ORIENTED_EDGE ( 'NONE', *, *, #4596, .T. ) ;
#4913 = ORIENTED_EDGE ( 'NONE', *, *, #4745, .T. ) ;
#4914 = CYLINDRICAL_SURFACE ( 'NONE', #5585, 1.999999999999998224 ) ;
#4915 = LINE ( 'NONE', #3100, #5464 ) ;
#4916 = CARTESIAN_POINT ( 'NONE',  ( -42.63453902919962246, -2.499931335448994485, 36.80533964869712804 ) ) ;
#4917 = EDGE_CURVE ( 'NONE', #785, #5743, #5761, .T. ) ;
#4918 = EDGE_LOOP ( 'NONE', ( #1770, #4004, #1202, #4619 ) ) ;
#4919 = EDGE_LOOP ( 'NONE', ( #1515, #1297, #383, #6160, #4548 ) ) ;
#4920 = LINE ( 'NONE', #4394, #3953 ) ;
#4921 = CARTESIAN_POINT ( 'NONE',  ( 52.20808186218739166, -7.999931335448993153, 3.000000000000000000 ) ) ;
#4922 = ORIENTED_EDGE ( 'NONE', *, *, #1681, .T. ) ;
#4923 = ORIENTED_EDGE ( 'NONE', *, *, #191, .T. ) ;
#4924 = CARTESIAN_POINT ( 'NONE',  ( 29.96453803689026785, -20.13675966251838645, 28.04134375730104622 ) ) ;
#4925 = EDGE_CURVE ( 'NONE', #4988, #284, #516, .T. ) ;
#4926 = AXIS2_PLACEMENT_3D ( 'NONE', #994, #2418, #2308 ) ;
#4927 = DIRECTION ( 'NONE',  ( -4.180742545671762101E-15, -4.371140887755362005E-08, -0.9999999999999992228 ) ) ;
#4928 = ADVANCED_FACE ( 'NONE', ( #3504 ), #4351, .F. ) ;
#4929 = CARTESIAN_POINT ( 'NONE',  ( 47.37007602278353602, -50.94007753325929855, 28.04134375730104622 ) ) ;
#4930 = ORIENTED_EDGE ( 'NONE', *, *, #1268, .T. ) ;
#4931 = AXIS2_PLACEMENT_3D ( 'NONE', #108, #3482, #5441 ) ;
#4932 = EDGE_CURVE ( 'NONE', #4160, #1582, #5820, .T. ) ;
#4933 = VERTEX_POINT ( 'NONE', #4874 ) ;
#4934 = CARTESIAN_POINT ( 'NONE',  ( 32.08337700867599551, -47.90032779087575676, 0.000000000000000000 ) ) ;
#4935 = LINE ( 'NONE', #2540, #2268 ) ;
#4936 = CARTESIAN_POINT ( 'NONE',  ( -51.70808186218739166, -7.499931335448993153, 0.000000000000000000 ) ) ;
#4937 = DIRECTION ( 'NONE',  ( 1.000000000000000000, 0.000000000000000000, 0.000000000000000000 ) ) ;
#4938 = CYLINDRICAL_SURFACE ( 'NONE', #280, 1.750000000000001554 ) ;
#4939 = ORIENTED_EDGE ( 'NONE', *, *, #766, .F. ) ;
#4940 = ORIENTED_EDGE ( 'NONE', *, *, #2119, .F. ) ;
#4941 = EDGE_CURVE ( 'NONE', #1691, #4251, #2484, .T. ) ;
#4942 = DIRECTION ( 'NONE',  ( -0.000000000000000000, -0.000000000000000000, -1.000000000000000000 ) ) ;
#4943 = FACE_OUTER_BOUND ( 'NONE', #5326, .T. ) ;
#4944 = LINE ( 'NONE', #1121, #4124 ) ;
#4945 = VECTOR ( 'NONE', #239, 1000.000000000000000 ) ;
#4946 = ORIENTED_EDGE ( 'NONE', *, *, #4941, .F. ) ;
#4947 = ORIENTED_EDGE ( 'NONE', *, *, #3967, .T. ) ;
#4948 = LINE ( 'NONE', #3079, #5067 ) ;
#4949 = CARTESIAN_POINT ( 'NONE',  ( 35.21007646689140813, -50.94007753325929855, 28.04134375730104622 ) ) ;
#4950 = AXIS2_PLACEMENT_3D ( 'NONE', #3664, #2212, #313 ) ;
#4951 = ORIENTED_EDGE ( 'NONE', *, *, #613, .F. ) ;
#4952 = VERTEX_POINT ( 'NONE', #2597 ) ;
#4953 = AXIS2_PLACEMENT_3D ( 'NONE', #5254, #3858, #2861 ) ;
#4954 = AXIS2_PLACEMENT_3D ( 'NONE', #2503, #5373, #3407 ) ;
#4955 = CARTESIAN_POINT ( 'NONE',  ( -36.56205575617909176, -8.999931335448989600, 1.449999430968205161 ) ) ;
#4956 = DIRECTION ( 'NONE',  ( 4.180742545671762101E-15, 4.371140887755362005E-08, 0.9999999999999992228 ) ) ;
#4957 = ORIENTED_EDGE ( 'NONE', *, *, #533, .F. ) ;
#4958 = VECTOR ( 'NONE', #4384, 1000.000000000000000 ) ;
#4959 = AXIS2_PLACEMENT_3D ( 'NONE', #1946, #2368, #3865 ) ;
#4960 = VERTEX_POINT ( 'NONE', #722 ) ;
#4961 = CYLINDRICAL_SURFACE ( 'NONE', #3635, 2.000000000000001776 ) ;
#4962 = FACE_OUTER_BOUND ( 'NONE', #2211, .T. ) ;
#4963 = DIRECTION ( 'NONE',  ( 0.000000000000000000, -0.000000000000000000, -1.000000000000000000 ) ) ;
#4964 = AXIS2_PLACEMENT_3D ( 'NONE', #724, #4637, #251 ) ;
#4965 = CARTESIAN_POINT ( 'NONE',  ( -51.71248359946253714, -38.49970843832759471, 0.000000000000000000 ) ) ;
#4966 = DIRECTION ( 'NONE',  ( 0.000000000000000000, 0.000000000000000000, -1.000000000000000000 ) ) ;
#4967 = ORIENTED_EDGE ( 'NONE', *, *, #4626, .T. ) ;
#4968 = ORIENTED_EDGE ( 'NONE', *, *, #148, .F. ) ;
#4969 = CARTESIAN_POINT ( 'NONE',  ( -51.71248359946253714, -33.76592310238539341, 1.450000513524405399 ) ) ;
#4970 = DIRECTION ( 'NONE',  ( 4.180742545671757368E-15, 4.371140887755362005E-08, 0.9999999999999991118 ) ) ;
#4971 = LINE ( 'NONE', #175, #3929 ) ;
#4972 = ADVANCED_FACE ( 'NONE', ( #2182 ), #5084, .T. ) ;
#4973 = EDGE_LOOP ( 'NONE', ( #2466, #4045 ) ) ;
#4974 = VERTEX_POINT ( 'NONE', #5498 ) ;
#4975 = DIRECTION ( 'NONE',  ( -4.180742545671762101E-15, -4.371140887755362005E-08, -0.9999999999999992228 ) ) ;
#4976 = AXIS2_PLACEMENT_3D ( 'NONE', #1815, #835, #5664 ) ;
#4977 = DIRECTION ( 'NONE',  ( -0.000000000000000000, -0.000000000000000000, -1.000000000000000000 ) ) ;
#4978 = EDGE_CURVE ( 'NONE', #3501, #3430, #4529, .T. ) ;
#4979 = ORIENTED_EDGE ( 'NONE', *, *, #281, .T. ) ;
#4980 = VERTEX_POINT ( 'NONE', #757 ) ;
#4981 = VECTOR ( 'NONE', #662, 1000.000000000000000 ) ;
#4982 = CIRCLE ( 'NONE', #2705, 0.5000000000000004441 ) ;
#4983 = PLANE ( 'NONE',  #4759 ) ;
#4984 = VECTOR ( 'NONE', #1278, 1000.000000000000000 ) ;
#4985 = DIRECTION ( 'NONE',  ( 1.000000000000000000, 0.000000000000000000, 0.000000000000000000 ) ) ;
#4986 = EDGE_CURVE ( 'NONE', #2993, #6189, #4528, .T. ) ;
#4987 = ORIENTED_EDGE ( 'NONE', *, *, #5988, .F. ) ;
#4988 = VERTEX_POINT ( 'NONE', #5047 ) ;
#4989 = AXIS2_PLACEMENT_3D ( 'NONE', #496, #6259, #2339 ) ;
#4990 = CARTESIAN_POINT ( 'NONE',  ( 53.13099752524905028, -33.09477641991259844, 0.000000000000000000 ) ) ;
#4991 = DIRECTION ( 'NONE',  ( -0.000000000000000000, 1.000000000000000000, -0.000000000000000000 ) ) ;
#4992 = LINE ( 'NONE', #3036, #2049 ) ;
#4993 = DIRECTION ( 'NONE',  ( 1.000000000000000000, -1.387778780781446464E-15, 0.000000000000000000 ) ) ;
#4994 = CYLINDRICAL_SURFACE ( 'NONE', #1096, 3.500000000000003109 ) ;
#4995 = ORIENTED_EDGE ( 'NONE', *, *, #5434, .T. ) ;
#4996 = EDGE_LOOP ( 'NONE', ( #519, #5841, #544, #1243 ) ) ;
#4997 = EDGE_CURVE ( 'NONE', #3110, #3345, #2114, .T. ) ;
#4998 = VECTOR ( 'NONE', #695, 1000.000000000000000 ) ;
#4999 = FACE_BOUND ( 'NONE', #748, .T. ) ;
#5000 = LINE ( 'NONE', #5509, #3941 ) ;
#5001 = CARTESIAN_POINT ( 'NONE',  ( -42.63483199611572871, -38.49987306816863253, 1.450000720452245595 ) ) ;
#5002 = EDGE_LOOP ( 'NONE', ( #5354, #5672, #3551, #1385 ) ) ;
#5003 = ORIENTED_EDGE ( 'NONE', *, *, #5868, .T. ) ;
#5004 = EDGE_CURVE ( 'NONE', #6109, #302, #2253, .T. ) ;
#5005 = DIRECTION ( 'NONE',  ( -0.000000000000000000, -0.000000000000000000, -1.000000000000000000 ) ) ;
#5006 = CARTESIAN_POINT ( 'NONE',  ( 51.70808186218739166, -7.999931335448993153, 0.000000000000000000 ) ) ;
#5007 = CARTESIAN_POINT ( 'NONE',  ( 30.49963378098338396, -35.50106340185905651, 1.450000589369740300 ) ) ;
#5008 = ORIENTED_EDGE ( 'NONE', *, *, #2018, .T. ) ;
#5009 = EDGE_LOOP ( 'NONE', ( #5432, #6186, #3496, #3907 ) ) ;
#5010 = ADVANCED_FACE ( 'NONE', ( #4091 ), #6034, .T. ) ;
#5011 = CARTESIAN_POINT ( 'NONE',  ( -13.92494201660204212, -55.62510013580300949, 0.000000000000000000 ) ) ;
#5012 = ORIENTED_EDGE ( 'NONE', *, *, #6106, .F. ) ;
#5013 = VERTEX_POINT ( 'NONE', #3185 ) ;
#5014 = EDGE_CURVE ( 'NONE', #1508, #3522, #5114, .T. ) ;
#5015 = DIRECTION ( 'NONE',  ( 0.000000000000000000, 0.000000000000000000, -1.000000000000000000 ) ) ;
#5016 = CARTESIAN_POINT ( 'NONE',  ( 42.63424605098932574, -38.50126090479469099, 1.450000720512549579 ) ) ;
#5017 = FACE_OUTER_BOUND ( 'NONE', #5681, .T. ) ;
#5018 = DIRECTION ( 'NONE',  ( -0.9999999998675463964, 1.627596612567151538E-05, 0.000000000000000000 ) ) ;
#5019 = DIRECTION ( 'NONE',  ( 1.000000000000000000, 1.994248318681189754E-16, 0.000000000000000000 ) ) ;
#5020 = PLANE ( 'NONE',  #1868 ) ;
#5021 = ORIENTED_EDGE ( 'NONE', *, *, #1532, .F. ) ;
#5022 = ORIENTED_EDGE ( 'NONE', *, *, #6197, .F. ) ;
#5023 = DIRECTION ( 'NONE',  ( -0.000000000000000000, 0.000000000000000000, -1.000000000000000000 ) ) ;
#5024 = CARTESIAN_POINT ( 'NONE',  ( -42.99987792968802580, -5.499931335448994929, 0.000000000000000000 ) ) ;
#5025 = PLANE ( 'NONE',  #1634 ) ;
#5026 = CARTESIAN_POINT ( 'NONE',  ( -51.70808186218739166, -2.999931335448996261, 3.000000000000000000 ) ) ;
#5027 = EDGE_LOOP ( 'NONE', ( #2227, #5969, #5994, #5542 ) ) ;
#5028 = EDGE_CURVE ( 'NONE', #435, #4980, #6177, .T. ) ;
#5029 = VERTEX_POINT ( 'NONE', #788 ) ;
#5030 = DIRECTION ( 'NONE',  ( 1.000000000000000000, 0.000000000000000000, 0.000000000000000000 ) ) ;
#5031 = DIRECTION ( 'NONE',  ( 0.000000000000000000, -0.000000000000000000, 1.000000000000000000 ) ) ;
#5032 = CARTESIAN_POINT ( 'NONE',  ( -3.499999999999999112, -15.99999999999998579, 0.000000000000000000 ) ) ;
#5033 = DIRECTION ( 'NONE',  ( -4.180742545671762101E-15, -4.371140887755362005E-08, -0.9999999999999992228 ) ) ;
#5034 = EDGE_LOOP ( 'NONE', ( #4518, #4417, #543, #1845 ) ) ;
#5035 = EDGE_CURVE ( 'NONE', #284, #4827, #1165, .T. ) ;
#5036 = ORIENTED_EDGE ( 'NONE', *, *, #339, .F. ) ;
#5037 = VECTOR ( 'NONE', #5070, 1000.000000000000000 ) ;
#5038 = ORIENTED_EDGE ( 'NONE', *, *, #5435, .F. ) ;
#5039 = CARTESIAN_POINT ( 'NONE',  ( 4.574954986571961868, -55.32508182525600660, 0.000000000000000000 ) ) ;
#5040 = LINE ( 'NONE', #718, #2875 ) ;
#5041 = EDGE_CURVE ( 'NONE', #1069, #1994, #2689, .T. ) ;
#5042 = ORIENTED_EDGE ( 'NONE', *, *, #5014, .F. ) ;
#5043 = EDGE_CURVE ( 'NONE', #1321, #3209, #3931, .T. ) ;
#5044 = AXIS2_PLACEMENT_3D ( 'NONE', #825, #1366, #4636 ) ;
#5045 = EDGE_LOOP ( 'NONE', ( #5308, #1684, #1458, #2302 ) ) ;
#5046 = AXIS2_PLACEMENT_3D ( 'NONE', #5562, #5015, #6004 ) ;
#5047 = CARTESIAN_POINT ( 'NONE',  ( 2.074954986571962312, -58.82508182525602081, 1.450001608895315375 ) ) ;
#5048 = LINE ( 'NONE', #3595, #3373 ) ;
#5049 = CARTESIAN_POINT ( 'NONE',  ( 42.83884060894109780, -3.499931335448994929, 0.000000000000000000 ) ) ;
#5050 = DIRECTION ( 'NONE',  ( 1.000000000000000000, 0.000000000000000000, 0.000000000000000000 ) ) ;
#5051 = AXIS2_PLACEMENT_3D ( 'NONE', #4878, #549, #4412 ) ;
#5052 = DIRECTION ( 'NONE',  ( 1.000000000000000000, 0.000000000000000000, 0.000000000000000000 ) ) ;
#5053 = AXIS2_PLACEMENT_3D ( 'NONE', #6140, #921, #860 ) ;
#5054 = DIRECTION ( 'NONE',  ( 0.000000000000000000, -0.9999999999999990008, 4.371140884147641557E-08 ) ) ;
#5055 = EDGE_CURVE ( 'NONE', #1004, #4053, #4748, .T. ) ;
#5056 = ORIENTED_EDGE ( 'NONE', *, *, #2378, .T. ) ;
#5057 = EDGE_LOOP ( 'NONE', ( #4035, #4365, #5346, #3214, #2448, #719, #4844, #370 ) ) ;
#5058 = CIRCLE ( 'NONE', #2954, 12.50000000000000355 ) ;
#5059 = CYLINDRICAL_SURFACE ( 'NONE', #1470, 2.000000000000001776 ) ;
#5060 = FACE_BOUND ( 'NONE', #1349, .T. ) ;
#5061 = CARTESIAN_POINT ( 'NONE',  ( -30.49987792968802225, -5.499931335448994929, 1.449999277978248680 ) ) ;
#5062 = FACE_OUTER_BOUND ( 'NONE', #654, .T. ) ;
#5063 = CIRCLE ( 'NONE', #936, 0.5000000000000004441 ) ;
#5064 = EDGE_CURVE ( 'NONE', #233, #4229, #611, .T. ) ;
#5065 = VERTEX_POINT ( 'NONE', #4990 ) ;
#5066 = EDGE_LOOP ( 'NONE', ( #2419, #2735, #363, #4968 ) ) ;
#5067 = VECTOR ( 'NONE', #589, 1000.000000000000000 ) ;
#5068 = DIRECTION ( 'NONE',  ( -0.000000000000000000, 0.000000000000000000, -1.000000000000000000 ) ) ;
#5069 = DIRECTION ( 'NONE',  ( 0.9999999998675463964, -1.627596612567151538E-05, 0.000000000000000000 ) ) ;
#5070 = DIRECTION ( 'NONE',  ( -0.000000000000000000, -0.000000000000000000, -1.000000000000000000 ) ) ;
#5071 = ADVANCED_FACE ( 'NONE', ( #4498 ), #6074, .T. ) ;
#5072 = FACE_OUTER_BOUND ( 'NONE', #1059, .T. ) ;
#5073 = CIRCLE ( 'NONE', #3365, 7.999999999999996447 ) ;
#5074 = ORIENTED_EDGE ( 'NONE', *, *, #152, .F. ) ;
#5075 = VERTEX_POINT ( 'NONE', #4602 ) ;
#5076 = ORIENTED_EDGE ( 'NONE', *, *, #402, .T. ) ;
#5077 = DIRECTION ( 'NONE',  ( -0.000000000000000000, -0.000000000000000000, 1.000000000000000000 ) ) ;
#5078 = DIRECTION ( 'NONE',  ( 0.9999999999999961142, 8.742277677795539484E-08, -8.002115286624055570E-15 ) ) ;
#5079 = EDGE_LOOP ( 'NONE', ( #4749, #3018, #1319, #3869, #3972, #1865 ) ) ;
#5080 = AXIS2_PLACEMENT_3D ( 'NONE', #6066, #3149, #2178 ) ;
#5081 = ORIENTED_EDGE ( 'NONE', *, *, #3000, .T. ) ;
#5082 = EDGE_CURVE ( 'NONE', #3208, #5703, #193, .T. ) ;
#5083 = AXIS2_PLACEMENT_3D ( 'NONE', #1924, #3431, #500 ) ;
#5084 = CYLINDRICAL_SURFACE ( 'NONE', #4950, 2.000000000000001776 ) ;
#5085 = AXIS2_PLACEMENT_3D ( 'NONE', #3493, #5368, #65 ) ;
#5086 = CYLINDRICAL_SURFACE ( 'NONE', #4466, 7.999999999999996447 ) ;
#5087 = CARTESIAN_POINT ( 'NONE',  ( -36.50012207031302580, -35.50007057189899484, 3.000000000000000000 ) ) ;
#5088 = LINE ( 'NONE', #1274, #5832 ) ;
#5089 = DIRECTION ( 'NONE',  ( 4.180742545671762101E-15, 4.371140887755362005E-08, 0.9999999999999992228 ) ) ;
#5090 = VECTOR ( 'NONE', #2839, 1000.000000000000000 ) ;
#5091 = ORIENTED_EDGE ( 'NONE', *, *, #4903, .T. ) ;
#5092 = EDGE_LOOP ( 'NONE', ( #4340, #5945, #2288, #4889 ) ) ;
#5093 = CARTESIAN_POINT ( 'NONE',  ( -59.42498535135182181, 8.414991075098390283, 1.449998669737256218 ) ) ;
#5094 = DIRECTION ( 'NONE',  ( 0.000000000000000000, -0.000000000000000000, 1.000000000000000000 ) ) ;
#5095 = DIRECTION ( 'NONE',  ( 0.000000000000000000, -0.9999999999999991118, 4.371140884147631631E-08 ) ) ;
#5096 = ADVANCED_FACE ( 'NONE', ( #1644 ), #2149, .F. ) ;
#5097 = DIRECTION ( 'NONE',  ( 1.000000000000000000, 0.000000000000000000, 0.000000000000000000 ) ) ;
#5098 = ORIENTED_EDGE ( 'NONE', *, *, #148, .T. ) ;
#5099 = ORIENTED_EDGE ( 'NONE', *, *, #3735, .F. ) ;
#5100 = CARTESIAN_POINT ( 'NONE',  ( -15.67494201660204389, -55.62510013580300949, 0.000000000000000000 ) ) ;
#5101 = LINE ( 'NONE', #742, #6092 ) ;
#5102 = CARTESIAN_POINT ( 'NONE',  ( 2.074954986571962312, -55.32508182525601370, 0.000000000000000000 ) ) ;
#5103 = EDGE_CURVE ( 'NONE', #3087, #1069, #3251, .T. ) ;
#5104 = DIRECTION ( 'NONE',  ( -0.000000000000000000, -0.000000000000000000, -1.000000000000000000 ) ) ;
#5105 = CARTESIAN_POINT ( 'NONE',  ( 30.50012016296399153, -5.499931269881894735, 1.449999277977990886 ) ) ;
#5106 = ORIENTED_EDGE ( 'NONE', *, *, #4127, .F. ) ;
#5107 = ORIENTED_EDGE ( 'NONE', *, *, #3773, .F. ) ;
#5108 = DIRECTION ( 'NONE',  ( 0.000000000000000000, 0.000000000000000000, -1.000000000000000000 ) ) ;
#5109 = CARTESIAN_POINT ( 'NONE',  ( 47.14938835202706713, -32.50133439230313570, 1.450000653111696458 ) ) ;
#5110 = VERTEX_POINT ( 'NONE', #4733 ) ;
#5111 = EDGE_CURVE ( 'NONE', #3087, #212, #887, .T. ) ;
#5112 = ORIENTED_EDGE ( 'NONE', *, *, #1735, .F. ) ;
#5113 = EDGE_CURVE ( 'NONE', #4392, #1250, #5867, .T. ) ;
#5114 = LINE ( 'NONE', #4061, #710 ) ;
#5115 = LINE ( 'NONE', #789, #2769 ) ;
#5116 = PERSON_AND_ORGANIZATION ( #1498, #3540 ) ;
#5117 = FACE_OUTER_BOUND ( 'NONE', #3910, .T. ) ;
#5118 = DIRECTION ( 'NONE',  ( -0.000000000000000000, -0.000000000000000000, 1.000000000000000000 ) ) ;
#5119 = CARTESIAN_POINT ( 'NONE',  ( -61.00000000000001421, 66.00000000000000000, 0.000000000000000000 ) ) ;
#5120 = EDGE_CURVE ( 'NONE', #1889, #5029, #716, .T. ) ;
#5121 = AXIS2_PLACEMENT_3D ( 'NONE', #2877, #3376, #469 ) ;
#5122 = EDGE_LOOP ( 'NONE', ( #2190, #171, #1486, #3249 ) ) ;
#5123 = ORIENTED_EDGE ( 'NONE', *, *, #913, .T. ) ;
#5124 = DIRECTION ( 'NONE',  ( -0.000000000000000000, 0.000000000000000000, 1.000000000000000000 ) ) ;
#5125 = DIRECTION ( 'NONE',  ( 0.000000000000000000, -0.000000000000000000, 1.000000000000000000 ) ) ;
#5126 = FACE_OUTER_BOUND ( 'NONE', #5079, .T. ) ;
#5127 = CARTESIAN_POINT ( 'NONE',  ( -37.42826019580637364, -31.49995780922773392, 1.450000414476065869 ) ) ;
#5128 = VERTEX_POINT ( 'NONE', #5240 ) ;
#5129 = VERTEX_POINT ( 'NONE', #2349 ) ;
#5130 = FACE_OUTER_BOUND ( 'NONE', #3656, .T. ) ;
#5131 = LINE ( 'NONE', #4590, #5779 ) ;
#5132 = CARTESIAN_POINT ( 'NONE',  ( -61.00000000000001421, 66.00000000000000000, 3.000000000000000000 ) ) ;
#5133 = FACE_BOUND ( 'NONE', #987, .T. ) ;
#5134 = DIRECTION ( 'NONE',  ( -1.000000000000000000, 0.000000000000000000, 0.000000000000000000 ) ) ;
#5135 = VERTEX_POINT ( 'NONE', #2316 ) ;
#5136 = EDGE_CURVE ( 'NONE', #5466, #262, #5689, .T. ) ;
#5137 = EDGE_LOOP ( 'NONE', ( #4076, #2881 ) ) ;
#5138 = DIRECTION ( 'NONE',  ( 0.000000000000000000, -0.9999999999999991118, 4.371140886858145003E-08 ) ) ;
#5139 = APPLICATION_CONTEXT ( 'configuration controlled 3d designs of mechanical parts and assemblies' ) ;
#5140 = CARTESIAN_POINT ( 'NONE',  ( -22.49987792968802580, -5.499931335448997594, 1.449999277978215373 ) ) ;
#5141 = VECTOR ( 'NONE', #1155, 1000.000000000000000 ) ;
#5142 = ORIENTED_EDGE ( 'NONE', *, *, #4077, .F. ) ;
#5143 = ORIENTED_EDGE ( 'NONE', *, *, #1737, .F. ) ;
#5144 = AXIS2_PLACEMENT_3D ( 'NONE', #3741, #398, #1856 ) ;
#5145 = AXIS2_PLACEMENT_3D ( 'NONE', #3409, #2976, #596 ) ;
#5146 = CARTESIAN_POINT ( 'NONE',  ( -51.71248359946253714, -33.76592310238539341, 28.04134375730104622 ) ) ;
#5147 = DIRECTION ( 'NONE',  ( 3.414809992080329023E-16, -0.9999999999999991118, 4.371140887755362005E-08 ) ) ;
#5148 = CARTESIAN_POINT ( 'NONE',  ( -51.71248359946253004, -43.92592313267459048, 28.04134375730104622 ) ) ;
#5149 = CYLINDRICAL_SURFACE ( 'NONE', #2121, 12.50000000000000355 ) ;
#5150 = FACE_OUTER_BOUND ( 'NONE', #1223, .T. ) ;
#5151 = DIRECTION ( 'NONE',  ( -0.000000000000000000, 0.000000000000000000, -1.000000000000000000 ) ) ;
#5152 = VECTOR ( 'NONE', #3732, 1000.000000000000227 ) ;
#5153 = VECTOR ( 'NONE', #4712, 1000.000000000000000 ) ;
#5154 = EDGE_LOOP ( 'NONE', ( #4923, #5557 ) ) ;
#5155 = CARTESIAN_POINT ( 'NONE',  ( -37.42808115996353280, -9.499931335448994929, 0.000000000000000000 ) ) ;
#5156 = CARTESIAN_POINT ( 'NONE',  ( -30.50012207031303291, -35.50007057189900195, 1.450000589326601252 ) ) ;
#5157 = VECTOR ( 'NONE', #141, 1000.000000000000000 ) ;
#5158 = CARTESIAN_POINT ( 'NONE',  ( 13.53999999999997783, -11.46000000000002750, 1.449999538500810203 ) ) ;
#5159 = VECTOR ( 'NONE', #5675, 1000.000000000000000 ) ;
#5160 = CARTESIAN_POINT ( 'NONE',  ( -58.25248347830570594, -33.76592310238539341, 0.000000000000000000 ) ) ;
#5161 = VERTEX_POINT ( 'NONE', #1869 ) ;
#5162 = AXIS2_PLACEMENT_3D ( 'NONE', #4128, #6077, #5471 ) ;
#5163 = AXIS2_PLACEMENT_3D ( 'NONE', #2493, #5477, #670 ) ;
#5164 = EDGE_LOOP ( 'NONE', ( #2778, #4306, #5318, #110 ) ) ;
#5165 = DIRECTION ( 'NONE',  ( -1.000000000000000000, 0.000000000000000000, 0.000000000000000000 ) ) ;
#5166 = CARTESIAN_POINT ( 'NONE',  ( 14.95999999999997954, -28.25000000000002487, 0.000000000000000000 ) ) ;
#5167 = EDGE_CURVE ( 'NONE', #2108, #1539, #4289, .T. ) ;
#5168 = DIRECTION ( 'NONE',  ( 0.000000000000000000, -0.9999999999999990008, 4.371140887245334351E-08 ) ) ;
#5169 = CARTESIAN_POINT ( 'NONE',  ( -30.49987792968802225, -5.499931335448994929, 0.000000000000000000 ) ) ;
#5170 = AXIS2_PLACEMENT_3D ( 'NONE', #2325, #601, #2032 ) ;
#5171 = DIRECTION ( 'NONE',  ( 0.000000000000000000, 0.000000000000000000, 1.000000000000000000 ) ) ;
#5172 = VECTOR ( 'NONE', #5989, 1000.000000000000000 ) ;
#5173 = ORIENTED_EDGE ( 'NONE', *, *, #4616, .T. ) ;
#5174 = ORIENTED_EDGE ( 'NONE', *, *, #2889, .F. ) ;
#5175 = FACE_OUTER_BOUND ( 'NONE', #6083, .T. ) ;
#5176 = CIRCLE ( 'NONE', #2464, 1.999999999999996669 ) ;
#5177 = EDGE_CURVE ( 'NONE', #2347, #2993, #6237, .T. ) ;
#5178 = CARTESIAN_POINT ( 'NONE',  ( 29.07826691783824913, -17.91882911790083455, 1.449999820825512931 ) ) ;
#5179 = ORIENTED_EDGE ( 'NONE', *, *, #2580, .F. ) ;
#5180 = VECTOR ( 'NONE', #5948, 1000.000000000000000 ) ;
#5181 = ORIENTED_EDGE ( 'NONE', *, *, #1580, .T. ) ;
#5182 = CARTESIAN_POINT ( 'NONE',  ( 47.02500206014519790, -33.14931709140557814, 1.450000486571279668 ) ) ;
#5183 = DIRECTION ( 'NONE',  ( -0.000000000000000000, -0.000000000000000000, -1.000000000000000000 ) ) ;
#5184 = APPROVAL_DATE_TIME ( #5691, #66 ) ;
#5185 = ADVANCED_FACE ( 'NONE', ( #4195 ), #6207, .F. ) ;
#5186 = DIRECTION ( 'NONE',  ( -1.000000000000000000, 0.000000000000000000, 0.000000000000000000 ) ) ;
#5187 = AXIS2_PLACEMENT_3D ( 'NONE', #5461, #3059, #4985 ) ;
#5188 = DIRECTION ( 'NONE',  ( -1.000000000000000000, 0.000000000000000000, 0.000000000000000000 ) ) ;
#5189 = ORIENTED_EDGE ( 'NONE', *, *, #4579, .F. ) ;
#5190 = VERTEX_POINT ( 'NONE', #4770 ) ;
#5191 = VECTOR ( 'NONE', #703, 1000.000000000000000 ) ;
#5192 = DIRECTION ( 'NONE',  ( -0.000000000000000000, -0.000000000000000000, -1.000000000000000000 ) ) ;
#5193 = CARTESIAN_POINT ( 'NONE',  ( 0.000000000000000000, 48.00000000000002842, 3.000000000000000000 ) ) ;
#5194 = LINE ( 'NONE', #990, #1742 ) ;
#5195 = LINE ( 'NONE', #2797, #1925 ) ;
#5196 = ORIENTED_EDGE ( 'NONE', *, *, #1368, .F. ) ;
#5197 = ORIENTED_EDGE ( 'NONE', *, *, #11, .F. ) ;
#5198 = CARTESIAN_POINT ( 'NONE',  ( 30.50012016296399153, -5.499931269881894735, 1.449999277977990886 ) ) ;
#5199 = VECTOR ( 'NONE', #4218, 1000.000000000000000 ) ;
#5200 = PRODUCT_DEFINITION ( 'UNKNOWN', '', #3038, #3011 ) ;
#5201 = DIRECTION ( 'NONE',  ( 1.000000000000000000, 0.000000000000000000, 0.000000000000000000 ) ) ;
#5202 = DIRECTION ( 'NONE',  ( 0.000000000000000000, -0.9999999999999991118, 4.371140887245352218E-08 ) ) ;
#5203 = DIRECTION ( 'NONE',  ( -1.000000000000000000, 0.000000000000000000, 0.000000000000000000 ) ) ;
#5204 = ORIENTED_EDGE ( 'NONE', *, *, #637, .T. ) ;
#5205 = EDGE_CURVE ( 'NONE', #5911, #5426, #5, .T. ) ;
#5206 = ORIENTED_EDGE ( 'NONE', *, *, #1650, .T. ) ;
#5207 = CARTESIAN_POINT ( 'NONE',  ( 15.53999999999997783, -13.46000000000002927, 0.000000000000000000 ) ) ;
#5208 = DIRECTION ( 'NONE',  ( 1.000000000000000000, -1.994248318681189754E-16, 0.000000000000000000 ) ) ;
#5209 = ORIENTED_EDGE ( 'NONE', *, *, #3276, .T. ) ;
#5210 = EDGE_LOOP ( 'NONE', ( #246, #2957, #779, #5896 ) ) ;
#5211 = DIRECTION ( 'NONE',  ( 0.000000000000000000, 0.9999999999999991118, -4.371140887755362005E-08 ) ) ;
#5212 = LINE ( 'NONE', #2788, #2972 ) ;
#5213 = DIRECTION ( 'NONE',  ( -0.000000000000000000, -0.000000000000000000, -1.000000000000000000 ) ) ;
#5214 = CARTESIAN_POINT ( 'NONE',  ( 37.42777190647672114, -39.50117616453032809, 3.000000000000000000 ) ) ;
#5215 = ORIENTED_EDGE ( 'NONE', *, *, #1518, .T. ) ;
#5216 = ORIENTED_EDGE ( 'NONE', *, *, #1878, .T. ) ;
#5217 = ADVANCED_FACE ( 'NONE', ( #1927 ), #5719, .F. ) ;
#5218 = DIRECTION ( 'NONE',  ( 1.000000000000000000, 3.414809992080331981E-16, -0.000000000000000000 ) ) ;
#5219 = DIRECTION ( 'NONE',  ( 1.000000000000000000, 0.000000000000000000, 0.000000000000000000 ) ) ;
#5220 = DIRECTION ( 'NONE',  ( 0.000000000000000000, 0.000000000000000000, -1.000000000000000000 ) ) ;
#5221 = CARTESIAN_POINT ( 'NONE',  ( 39.15992036961294076, -33.50120435612532077, 0.000000000000000000 ) ) ;
#5222 = AXIS2_PLACEMENT_3D ( 'NONE', #1183, #3082, #622 ) ;
#5223 = ORIENTED_EDGE ( 'NONE', *, *, #1432, .F. ) ;
#5224 = ORIENTED_EDGE ( 'NONE', *, *, #810, .T. ) ;
#5225 = LINE ( 'NONE', #904, #2283 ) ;
#5226 = AXIS2_PLACEMENT_3D ( 'NONE', #3653, #1478, #3392 ) ;
#5227 = DIRECTION ( 'NONE',  ( -0.000000000000000000, -0.000000000000000000, -1.000000000000000000 ) ) ;
#5228 = DIRECTION ( 'NONE',  ( -0.000000000000000000, 0.000000000000000000, -1.000000000000000000 ) ) ;
#5229 = CARTESIAN_POINT ( 'NONE',  ( 10.99999999999997513, -11.46000000000002927, 28.04134375730104622 ) ) ;
#5230 = CIRCLE ( 'NONE', #1509, 4.999999999999997335 ) ;
#5231 = EDGE_CURVE ( 'NONE', #2437, #8, #3351, .T. ) ;
#5232 = EDGE_LOOP ( 'NONE', ( #3889, #1276, #19, #2509 ) ) ;
#5233 = VERTEX_POINT ( 'NONE', #3847 ) ;
#5234 = PLANE ( 'NONE',  #653 ) ;
#5235 = EDGE_CURVE ( 'NONE', #2798, #4980, #1807, .T. ) ;
#5236 = DIRECTION ( 'NONE',  ( 0.9999999999999961142, 8.742277677795539484E-08, -8.002115286624055570E-15 ) ) ;
#5237 = ORIENTED_EDGE ( 'NONE', *, *, #717, .T. ) ;
#5238 = ORIENTED_EDGE ( 'NONE', *, *, #1414, .T. ) ;
#5239 = DIRECTION ( 'NONE',  ( -4.180742545671762101E-15, -4.371140887755362005E-08, -0.9999999999999992228 ) ) ;
#5240 = CARTESIAN_POINT ( 'NONE',  ( 39.15985526574843334, -37.50120435559551169, 3.000000000000000000 ) ) ;
#5241 = DIRECTION ( 'NONE',  ( 1.000000000000000000, 0.000000000000000000, 0.000000000000000000 ) ) ;
#5242 = EDGE_CURVE ( 'NONE', #2673, #6091, #4704, .T. ) ;
#5243 = CALENDAR_DATE ( 2024, 1, 3 ) ;
#5244 = EDGE_CURVE ( 'NONE', #4557, #4717, #3542, .T. ) ;
#5245 = CARTESIAN_POINT ( 'NONE',  ( 53.13099752524905028, -31.34477641991259489, 28.04134375730104622 ) ) ;
#5246 = LINE ( 'NONE', #3789, #5345 ) ;
#5247 = EDGE_CURVE ( 'NONE', #5287, #1957, #3840, .T. ) ;
#5248 = EDGE_LOOP ( 'NONE', ( #6000, #1942, #2242, #2997 ) ) ;
#5249 = CIRCLE ( 'NONE', #4327, 2.999999999999995559 ) ;
#5250 = VERTEX_POINT ( 'NONE', #1335 ) ;
#5251 = CARTESIAN_POINT ( 'NONE',  ( 29.96453803689026785, -17.59675966251838730, 28.04134375730104622 ) ) ;
#5252 = DIRECTION ( 'NONE',  ( 4.180742545671762101E-15, 4.371140887755362005E-08, 0.9999999999999992228 ) ) ;
#5253 = CARTESIAN_POINT ( 'NONE',  ( 51.70787840058896734, -33.00140858619899120, 0.000000000000000000 ) ) ;
#5254 = CARTESIAN_POINT ( 'NONE',  ( 38.00000000000000000, 46.00000000000002842, 3.000000000000000000 ) ) ;
#5255 = AXIS2_PLACEMENT_3D ( 'NONE', #26, #3301, #4791 ) ;
#5256 = EDGE_CURVE ( 'NONE', #1743, #1594, #3283, .T. ) ;
#5257 = EDGE_CURVE ( 'NONE', #4236, #2370, #6169, .T. ) ;
#5258 = VERTEX_POINT ( 'NONE', #133 ) ;
#5259 = ORIENTED_EDGE ( 'NONE', *, *, #5912, .T. ) ;
#5260 = AXIS2_PLACEMENT_3D ( 'NONE', #5026, #698, #4075 ) ;
#5261 = PLANE ( 'NONE',  #859 ) ;
#5262 =( GEOMETRIC_REPRESENTATION_CONTEXT ( 3 ) GLOBAL_UNCERTAINTY_ASSIGNED_CONTEXT ( ( #5414 ) ) GLOBAL_UNIT_ASSIGNED_CONTEXT ( ( #1679, #2214, #4531 ) ) REPRESENTATION_CONTEXT ( 'NONE', 'WORKASPACE' ) );
#5263 = VECTOR ( 'NONE', #5077, 1000.000000000000000 ) ;
#5264 = AXIS2_PLACEMENT_3D ( 'NONE', #5280, #952, #3722 ) ;
#5265 = CARTESIAN_POINT ( 'NONE',  ( 13.53999999999997783, -13.46000000000002927, 1.449999625923625857 ) ) ;
#5266 = DIRECTION ( 'NONE',  ( -0.000000000000000000, 0.000000000000000000, 1.000000000000000000 ) ) ;
#5267 = LINE ( 'NONE', #999, #2531 ) ;
#5268 = ADVANCED_FACE ( 'NONE', ( #4467 ), #538, .F. ) ;
#5269 = VECTOR ( 'NONE', #5707, 1000.000000000000000 ) ;
#5270 = ORIENTED_EDGE ( 'NONE', *, *, #1298, .T. ) ;
#5271 = ORIENTED_EDGE ( 'NONE', *, *, #5685, .F. ) ;
#5272 = EDGE_CURVE ( 'NONE', #1508, #3707, #4033, .T. ) ;
#5273 = CYLINDRICAL_SURFACE ( 'NONE', #4989, 0.5000000000000004441 ) ;
#5274 = AXIS2_PLACEMENT_3D ( 'NONE', #5699, #1406, #3323 ) ;
#5275 = CARTESIAN_POINT ( 'NONE',  ( 50.52500206014519790, -38.50138933447222911, 1.450000720517883979 ) ) ;
#5276 = EDGE_LOOP ( 'NONE', ( #1342, #3580, #6230, #6234 ) ) ;
#5277 = EDGE_LOOP ( 'NONE', ( #2838, #711, #1362, #2533, #1636, #3952, #2166, #5081, #1032, #849, #3346, #3179, #2296, #794 ) ) ;
#5278 = FACE_OUTER_BOUND ( 'NONE', #2496, .T. ) ;
#5279 = AXIS2_PLACEMENT_3D ( 'NONE', #5712, #3519, #181 ) ;
#5280 = CARTESIAN_POINT ( 'NONE',  ( -51.70836668991861274, -37.99972538755906726, 0.000000000000000000 ) ) ;
#5281 = LINE ( 'NONE', #953, #4945 ) ;
#5282 = SHAPE_DEFINITION_REPRESENTATION ( #1041, #5482 ) ;
#5283 = CARTESIAN_POINT ( 'NONE',  ( 4.574954986571961868, -58.82508182525602791, 1.450001608895304051 ) ) ;
#5284 = DIRECTION ( 'NONE',  ( -1.000000000000000000, -1.994248318681189754E-16, 0.000000000000000000 ) ) ;
#5285 = CIRCLE ( 'NONE', #2056, 0.5000000000000004441 ) ;
#5286 = ORIENTED_EDGE ( 'NONE', *, *, #941, .F. ) ;
#5287 = VERTEX_POINT ( 'NONE', #4955 ) ;
#5288 = EDGE_CURVE ( 'NONE', #2763, #4408, #2565, .T. ) ;
#5289 = AXIS2_PLACEMENT_3D ( 'NONE', #2822, #962, #3292 ) ;
#5290 = LINE ( 'NONE', #3729, #115 ) ;
#5291 = CARTESIAN_POINT ( 'NONE',  ( 38.67893410269429921, -45.40007575682851382, 1.450001022069481671 ) ) ;
#5292 = FACE_OUTER_BOUND ( 'NONE', #5993, .T. ) ;
#5293 = DIRECTION ( 'NONE',  ( -0.9999999998675463964, 1.627596612607036625E-05, 0.000000000000000000 ) ) ;
#5294 = FACE_OUTER_BOUND ( 'NONE', #5918, .T. ) ;
#5295 = ORIENTED_EDGE ( 'NONE', *, *, #5167, .F. ) ;
#5296 = AXIS2_PLACEMENT_3D ( 'NONE', #4369, #5810, #2936 ) ;
#5297 = ORIENTED_EDGE ( 'NONE', *, *, #3661, .T. ) ;
#5298 = CARTESIAN_POINT ( 'NONE',  ( 8.999999999999976907, -18.54000000000002757, 28.04134375730104622 ) ) ;
#5299 = LINE ( 'NONE', #4275, #1031 ) ;
#5300 = DIRECTION ( 'NONE',  ( -0.000000000000000000, -0.000000000000000000, 1.000000000000000000 ) ) ;
#5301 = AXIS2_PLACEMENT_3D ( 'NONE', #4825, #4894, #4396 ) ;
#5302 = VERTEX_POINT ( 'NONE', #3993 ) ;
#5303 = VERTEX_POINT ( 'NONE', #595 ) ;
#5304 = AXIS2_PLACEMENT_3D ( 'NONE', #1784, #4200, #5629 ) ;
#5305 = ADVANCED_FACE ( 'NONE', ( #1522 ), #161, .T. ) ;
#5306 = PLANE ( 'NONE',  #1669 ) ;
#5307 = LINE ( 'NONE', #978, #3599 ) ;
#5308 = ORIENTED_EDGE ( 'NONE', *, *, #1472, .F. ) ;
#5309 = ORIENTED_EDGE ( 'NONE', *, *, #4776, .F. ) ;
#5310 = CYLINDRICAL_SURFACE ( 'NONE', #2479, 2.999999999999995559 ) ;
#5311 = CARTESIAN_POINT ( 'NONE',  ( 30.49963378098338396, -35.50106340185905651, 1.450000589369744297 ) ) ;
#5312 = CARTESIAN_POINT ( 'NONE',  ( 30.50012016296398443, -5.499931335449008252, 3.000000000000000000 ) ) ;
#5313 = DIRECTION ( 'NONE',  ( 0.000000000000000000, 0.000000000000000000, 1.000000000000000000 ) ) ;
#5314 = EDGE_CURVE ( 'NONE', #1408, #5577, #616, .T. ) ;
#5315 = EDGE_LOOP ( 'NONE', ( #598, #4834, #1858, #986 ) ) ;
#5316 = EDGE_CURVE ( 'NONE', #1210, #1179, #2441, .T. ) ;
#5317 = EDGE_CURVE ( 'NONE', #2854, #4765, #1007, .T. ) ;
#5318 = ORIENTED_EDGE ( 'NONE', *, *, #1518, .F. ) ;
#5319 = LINE ( 'NONE', #4837, #5153 ) ;
#5320 = LINE ( 'NONE', #547, #5479 ) ;
#5321 = DIRECTION ( 'NONE',  ( -0.9999999998675463964, 1.627596612567151538E-05, 0.000000000000000000 ) ) ;
#5322 = CARTESIAN_POINT ( 'NONE',  ( -13.92494201660204212, -53.87510013580300949, 1.450001392524706612 ) ) ;
#5323 = EDGE_CURVE ( 'NONE', #6242, #2638, #3937, .T. ) ;
#5324 = DIRECTION ( 'NONE',  ( 1.000000000000000000, 0.000000000000000000, 0.000000000000000000 ) ) ;
#5325 = EDGE_LOOP ( 'NONE', ( #822, #5215, #2101, #3288, #1827, #4854, #3558, #969, #498, #1014, #591, #3191, #4480 ) ) ;
#5326 = EDGE_LOOP ( 'NONE', ( #3135, #371, #4951, #1598 ) ) ;
#5327 = FACE_OUTER_BOUND ( 'NONE', #4328, .T. ) ;
#5328 = DIRECTION ( 'NONE',  ( 4.180742545671757368E-15, 4.371140887755362005E-08, 0.9999999999999991118 ) ) ;
#5329 = DIRECTION ( 'NONE',  ( -1.665334536937734416E-15, -0.9999999999999990008, 4.371140888484446938E-08 ) ) ;
#5330 = EDGE_CURVE ( 'NONE', #4880, #4160, #1932, .T. ) ;
#5331 = ORIENTED_EDGE ( 'NONE', *, *, #6025, .F. ) ;
#5332 = ORIENTED_EDGE ( 'NONE', *, *, #853, .T. ) ;
#5333 = CARTESIAN_POINT ( 'NONE',  ( 17.49999999999998224, -24.75000000000002487, 0.000000000000000000 ) ) ;
#5334 = VECTOR ( 'NONE', #1782, 1000.000000000000227 ) ;
#5335 = VECTOR ( 'NONE', #3989, 1000.000000000000000 ) ;
#5336 = CARTESIAN_POINT ( 'NONE',  ( -39.16040865894258616, -37.49992961763273769, 0.000000000000000000 ) ) ;
#5337 = EDGE_CURVE ( 'NONE', #480, #2005, #982, .T. ) ;
#5338 = EDGE_LOOP ( 'NONE', ( #2819, #5953 ) ) ;
#5339 = VERTEX_POINT ( 'NONE', #40 ) ;
#5340 = CARTESIAN_POINT ( 'NONE',  ( -39.16040865894361644, -37.49992961763273769, 1.450000676743293582 ) ) ;
#5341 = DIRECTION ( 'NONE',  ( 0.000000000000000000, -0.9999999999999991118, 4.371140887245356850E-08 ) ) ;
#5342 = CARTESIAN_POINT ( 'NONE',  ( -51.70808186218739166, -7.999931335448993153, 0.000000000000000000 ) ) ;
#5343 = CARTESIAN_POINT ( 'NONE',  ( 14.95999999999997954, -26.50000000000002487, 28.04134375730104622 ) ) ;
#5344 = ORIENTED_EDGE ( 'NONE', *, *, #1719, .T. ) ;
#5345 = VECTOR ( 'NONE', #2319, 1000.000000000000000 ) ;
#5346 = ORIENTED_EDGE ( 'NONE', *, *, #5205, .F. ) ;
#5347 = FACE_OUTER_BOUND ( 'NONE', #2393, .T. ) ;
#5348 = EDGE_CURVE ( 'NONE', #4201, #5443, #4829, .T. ) ;
#5349 = PLANE ( 'NONE',  #1460 ) ;
#5350 = CARTESIAN_POINT ( 'NONE',  ( -66.00000000000001421, -66.00000000000000000, 3.000000000000000000 ) ) ;
#5351 = AXIS2_PLACEMENT_3D ( 'NONE', #4738, #1873, #382 ) ;
#5352 = DIRECTION ( 'NONE',  ( -0.000000000000000000, 0.000000000000000000, -1.000000000000000000 ) ) ;
#5353 = CARTESIAN_POINT ( 'NONE',  ( 60.99999999999999289, -60.99999999999999289, 0.000000000000000000 ) ) ;
#5354 = ORIENTED_EDGE ( 'NONE', *, *, #347, .T. ) ;
#5355 = ORIENTED_EDGE ( 'NONE', *, *, #2402, .F. ) ;
#5356 = DIRECTION ( 'NONE',  ( -1.000000000000000000, 0.000000000000000000, 0.000000000000000000 ) ) ;
#5357 = AXIS2_PLACEMENT_3D ( 'NONE', #4243, #4757, #3774 ) ;
#5358 = CIRCLE ( 'NONE', #4017, 3.499999999999999112 ) ;
#5359 = CYLINDRICAL_SURFACE ( 'NONE', #3349, 3.500000000000003109 ) ;
#5360 = DIRECTION ( 'NONE',  ( -2.312964634635742267E-15, -0.9999999999999990008, 4.371140884147638910E-08 ) ) ;
#5361 = ORIENTED_EDGE ( 'NONE', *, *, #6017, .T. ) ;
#5362 = VECTOR ( 'NONE', #4901, 1000.000000000000000 ) ;
#5363 = VECTOR ( 'NONE', #5596, 1000.000000000000000 ) ;
#5364 = ORIENTED_EDGE ( 'NONE', *, *, #2759, .T. ) ;
#5365 = EDGE_CURVE ( 'NONE', #5595, #5258, #4866, .T. ) ;
#5366 = CARTESIAN_POINT ( 'NONE',  ( -42.83905219599951408, -33.49986974362532521, 1.450000501895056582 ) ) ;
#5367 = VECTOR ( 'NONE', #5613, 1000.000000000000000 ) ;
#5368 = DIRECTION ( 'NONE',  ( -0.000000000000000000, -0.000000000000000000, -1.000000000000000000 ) ) ;
#5369 = VERTEX_POINT ( 'NONE', #3878 ) ;
#5370 = ORIENTED_EDGE ( 'NONE', *, *, #4865, .T. ) ;
#5371 = CARTESIAN_POINT ( 'NONE',  ( -42.63473434031897824, -32.49987306896335326, 0.000000000000000000 ) ) ;
#5372 = CIRCLE ( 'NONE', #2645, 7.000000000000001776 ) ;
#5373 = DIRECTION ( 'NONE',  ( -0.000000000000000000, -0.000000000000000000, -1.000000000000000000 ) ) ;
#5374 = DIRECTION ( 'NONE',  ( 0.000000000000000000, -0.000000000000000000, 1.000000000000000000 ) ) ;
#5375 = DIRECTION ( 'NONE',  ( 0.000000000000000000, -0.9999999999999991118, 4.371140884147631631E-08 ) ) ;
#5376 = VECTOR ( 'NONE', #3225, 1000.000000000000000 ) ;
#5377 = ORIENTED_EDGE ( 'NONE', *, *, #3628, .F. ) ;
#5378 = CIRCLE ( 'NONE', #3452, 1.750000000000001554 ) ;
#5379 = ORIENTED_EDGE ( 'NONE', *, *, #3421, .T. ) ;
#5380 = EDGE_CURVE ( 'NONE', #625, #5075, #96, .T. ) ;
#5381 = FACE_OUTER_BOUND ( 'NONE', #4464, .T. ) ;
#5382 = LINE ( 'NONE', #3885, #1249 ) ;
#5383 = FACE_OUTER_BOUND ( 'NONE', #2929, .T. ) ;
#5384 = CIRCLE ( 'NONE', #1044, 2.000000000000000000 ) ;
#5385 = CARTESIAN_POINT ( 'NONE',  ( 37.42777190647672825, -39.50117616453032809, 1.450000764220279903 ) ) ;
#5386 = CARTESIAN_POINT ( 'NONE',  ( 17.49999999999998224, -28.25000000000002487, 28.04134375730104622 ) ) ;
#5387 = EDGE_LOOP ( 'NONE', ( #419, #385 ) ) ;
#5388 = ORIENTED_EDGE ( 'NONE', *, *, #6176, .T. ) ;
#5389 = VECTOR ( 'NONE', #201, 1000.000000000000227 ) ;
#5390 = CARTESIAN_POINT ( 'NONE',  ( 47.02500206014519790, -33.14931592906049218, 28.04134375730104622 ) ) ;
#5391 = DIRECTION ( 'NONE',  ( -0.000000000000000000, 0.000000000000000000, 1.000000000000000000 ) ) ;
#5392 = CARTESIAN_POINT ( 'NONE',  ( 50.52500172706440651, -40.76931592906048962, 28.04134375730104622 ) ) ;
#5393 = VECTOR ( 'NONE', #1195, 1000.000000000000000 ) ;
#5394 = AXIS2_PLACEMENT_3D ( 'NONE', #215, #1640, #4561 ) ;
#5395 = VERTEX_POINT ( 'NONE', #5815 ) ;
#5396 = ORIENTED_EDGE ( 'NONE', *, *, #3990, .F. ) ;
#5397 = EDGE_CURVE ( 'NONE', #3637, #5161, #5404, .T. ) ;
#5398 = DIRECTION ( 'NONE',  ( -0.000000000000000000, -0.000000000000000000, 1.000000000000000000 ) ) ;
#5399 = CARTESIAN_POINT ( 'NONE',  ( -40.00000000000000000, 28.00000000000004619, 3.000000000000000000 ) ) ;
#5400 = EDGE_CURVE ( 'NONE', #1363, #2218, #1076, .T. ) ;
#5401 = VERTEX_POINT ( 'NONE', #3968 ) ;
#5402 = ORIENTED_EDGE ( 'NONE', *, *, #4505, .T. ) ;
#5403 = DIRECTION ( 'NONE',  ( -1.000000000000000000, 0.000000000000000000, 0.000000000000000000 ) ) ;
#5404 = LINE ( 'NONE', #2476, #5459 ) ;
#5405 = DIRECTION ( 'NONE',  ( 0.000000000000000000, -0.9999999999999990008, 4.371140884147636263E-08 ) ) ;
#5406 = ORIENTED_EDGE ( 'NONE', *, *, #72, .F. ) ;
#5407 = EDGE_CURVE ( 'NONE', #6206, #5504, #5963, .T. ) ;
#5408 = ORIENTED_EDGE ( 'NONE', *, *, #604, .T. ) ;
#5409 = CARTESIAN_POINT ( 'NONE',  ( -23.50012207031303291, -35.50007057189900195, 3.000000000000000000 ) ) ;
#5410 = CARTESIAN_POINT ( 'NONE',  ( -30.50012207031303291, -35.50007057189900195, 3.000000000000000000 ) ) ;
#5411 = CARTESIAN_POINT ( 'NONE',  ( 51.70778888277527585, -38.50140858547049305, 0.000000000000000000 ) ) ;
#5412 = DIRECTION ( 'NONE',  ( 1.000000000000000000, 0.000000000000000000, 0.000000000000000000 ) ) ;
#5413 = CARTESIAN_POINT ( 'NONE',  ( -23.49987792968801870, -5.499931335448994929, 3.000000000000000000 ) ) ;
#5414 = UNCERTAINTY_MEASURE_WITH_UNIT (LENGTH_MEASURE( 1.000000000000000082E-05 ), #1679, 'distance_accuracy_value', 'NONE');
#5415 = ADVANCED_FACE ( 'NONE', ( #5430 ), #3026, .F. ) ;
#5416 = EDGE_LOOP ( 'NONE', ( #4336, #2648, #472, #4540 ) ) ;
#5417 = ORIENTED_EDGE ( 'NONE', *, *, #1232, .T. ) ;
#5418 = DIRECTION ( 'NONE',  ( -0.000000000000000000, -0.000000000000000000, -1.000000000000000000 ) ) ;
#5419 = CARTESIAN_POINT ( 'NONE',  ( 24.49987792968698130, -35.50007057189900905, 3.000000000000000000 ) ) ;
#5420 = DIRECTION ( 'NONE',  ( -0.000000000000000000, -0.000000000000000000, -1.000000000000000000 ) ) ;
#5421 = ORIENTED_EDGE ( 'NONE', *, *, #4514, .T. ) ;
#5422 = ORIENTED_EDGE ( 'NONE', *, *, #3033, .F. ) ;
#5423 = CARTESIAN_POINT ( 'NONE',  ( 30.49987792968802225, -5.499931335448994929, 1.449999277977993772 ) ) ;
#5424 = PLANE ( 'NONE',  #5222 ) ;
#5425 = VERTEX_POINT ( 'NONE', #3270 ) ;
#5426 = VERTEX_POINT ( 'NONE', #1254 ) ;
#5427 = AXIS2_PLACEMENT_3D ( 'NONE', #1303, #3219, #2722 ) ;
#5428 = EDGE_CURVE ( 'NONE', #2356, #1581, #4211, .T. ) ;
#5429 = AXIS2_PLACEMENT_3D ( 'NONE', #2589, #707, #2202 ) ;
#5430 = FACE_OUTER_BOUND ( 'NONE', #3272, .T. ) ;
#5431 = CARTESIAN_POINT ( 'NONE',  ( -36.56235686188259137, -38.99997190363446009, 1.450000742312244739 ) ) ;
#5432 = ORIENTED_EDGE ( 'NONE', *, *, #873, .T. ) ;
#5433 = ORIENTED_EDGE ( 'NONE', *, *, #2654, .F. ) ;
#5434 = EDGE_CURVE ( 'NONE', #5458, #996, #1286, .T. ) ;
#5435 = EDGE_CURVE ( 'NONE', #4952, #3617, #3440, .T. ) ;
#5436 = DIRECTION ( 'NONE',  ( -1.000000000000000000, 0.000000000000000000, 0.000000000000000000 ) ) ;
#5437 = DIRECTION ( 'NONE',  ( -0.000000000000000000, -0.000000000000000000, -1.000000000000000000 ) ) ;
#5438 = LINE ( 'NONE', #5350, #3750 ) ;
#5439 = ADVANCED_FACE ( 'NONE', ( #3235 ), #4147, .F. ) ;
#5440 = DIRECTION ( 'NONE',  ( 4.180742545671762101E-15, 4.371140887755362005E-08, 0.9999999999999992228 ) ) ;
#5441 = DIRECTION ( 'NONE',  ( 0.9999999998675465074, -1.627596612607113536E-05, 0.000000000000000000 ) ) ;
#5442 = VERTEX_POINT ( 'NONE', #3204 ) ;
#5443 = VERTEX_POINT ( 'NONE', #5102 ) ;
#5444 = CIRCLE ( 'NONE', #2723, 12.50000000000000355 ) ;
#5445 = CARTESIAN_POINT ( 'NONE',  ( 39.16013196753241488, -3.499931335448993597, 1.449999190555139705 ) ) ;
#5446 = DIRECTION ( 'NONE',  ( 1.000000000000000000, -1.994248318681189754E-16, 0.000000000000000000 ) ) ;
#5447 = EDGE_CURVE ( 'NONE', #3933, #606, #6128, .T. ) ;
#5448 = CARTESIAN_POINT ( 'NONE',  ( 58.50000000000000000, 55.00000000000000711, 3.000000000000000000 ) ) ;
#5449 = ORIENTED_EDGE ( 'NONE', *, *, #3437, .T. ) ;
#5450 = VERTEX_POINT ( 'NONE', #5132 ) ;
#5451 = AXIS2_PLACEMENT_3D ( 'NONE', #612, #5862, #3455 ) ;
#5452 = DIRECTION ( 'NONE',  ( 0.000000000000000000, -0.9999999999999991118, 4.371140887245352218E-08 ) ) ;
#5453 = EDGE_CURVE ( 'NONE', #2579, #6020, #2947, .T. ) ;
#5454 = CARTESIAN_POINT ( 'NONE',  ( -30.50012207031303291, -35.50007057189900195, 1.450000589326601252 ) ) ;
#5455 = AXIS2_PLACEMENT_3D ( 'NONE', #923, #1369, #1430 ) ;
#5456 = AXIS2_PLACEMENT_3D ( 'NONE', #630, #510, #599 ) ;
#5457 = ORIENTED_EDGE ( 'NONE', *, *, #5523, .F. ) ;
#5458 = VERTEX_POINT ( 'NONE', #2802 ) ;
#5459 = VECTOR ( 'NONE', #4375, 1000.000000000000000 ) ;
#5460 = CARTESIAN_POINT ( 'NONE',  ( 51.70808186218739166, -7.499931335448993153, 3.000000000000000000 ) ) ;
#5461 = CARTESIAN_POINT ( 'NONE',  ( -55.00000000000000000, -55.00000000000000000, 0.000000000000000000 ) ) ;
#5462 = ORIENTED_EDGE ( 'NONE', *, *, #4654, .T. ) ;
#5463 = CIRCLE ( 'NONE', #5162, 1.000000000000001776 ) ;
#5464 = VECTOR ( 'NONE', #1119, 1000.000000000000227 ) ;
#5465 = APPLICATION_CONTEXT ( 'configuration controlled 3d designs of mechanical parts and assemblies' ) ;
#5466 = VERTEX_POINT ( 'NONE', #2707 ) ;
#5467 = DIRECTION ( 'NONE',  ( -0.000000000000000000, -0.000000000000000000, -1.000000000000000000 ) ) ;
#5468 = CARTESIAN_POINT ( 'NONE',  ( -39.16013196753240777, -8.499931335448993153, 1.449999409112511684 ) ) ;
#5469 = CARTESIAN_POINT ( 'NONE',  ( 39.16013196753240777, -0.4999313354489935968, 3.000000000000000000 ) ) ;
#5470 = AXIS2_PLACEMENT_3D ( 'NONE', #3640, #5575, #3705 ) ;
#5471 = DIRECTION ( 'NONE',  ( 0.000000000000000000, -0.9999999999999991118, 4.371140884147631631E-08 ) ) ;
#5472 = CARTESIAN_POINT ( 'NONE',  ( 65.99999999999998579, -60.99999999999999289, 0.000000000000000000 ) ) ;
#5473 = EDGE_CURVE ( 'NONE', #4845, #3144, #214, .T. ) ;
#5474 = EDGE_LOOP ( 'NONE', ( #5361, #618, #3159, #2799 ) ) ;
#5475 = ORIENTED_EDGE ( 'NONE', *, *, #2629, .T. ) ;
#5476 = CARTESIAN_POINT ( 'NONE',  ( -39.16013196753240777, -7.499931335448996705, 3.000000000000000000 ) ) ;
#5477 = DIRECTION ( 'NONE',  ( 0.000000000000000000, 0.000000000000000000, -1.000000000000000000 ) ) ;
#5478 = CARTESIAN_POINT ( 'NONE',  ( 60.99999999999999289, 61.00000000000003553, 0.000000000000000000 ) ) ;
#5479 = VECTOR ( 'NONE', #3414, 1000.000000000000000 ) ;
#5480 = ORIENTED_EDGE ( 'NONE', *, *, #1402, .T. ) ;
#5481 = ORIENTED_EDGE ( 'NONE', *, *, #184, .F. ) ;
#5482 = ADVANCED_BREP_SHAPE_REPRESENTATION ( '¦юфыюцър', ( #4040, #4650 ), #5262 ) ;
#5483 = CARTESIAN_POINT ( 'NONE',  ( 39.15985526574740305, -37.50120435559551169, 1.450000676798686827 ) ) ;
#5484 = AXIS2_PLACEMENT_3D ( 'NONE', #6238, #5747, #1427 ) ;
#5485 = LINE ( 'NONE', #2408, #5141 ) ;
#5486 = AXIS2_PLACEMENT_3D ( 'NONE', #1706, #1190, #3621 ) ;
#5487 = CARTESIAN_POINT ( 'NONE',  ( -30.50012207031303291, -35.50007057189900195, 3.000000000000000000 ) ) ;
#5488 = ORIENTED_EDGE ( 'NONE', *, *, #5545, .F. ) ;
#5489 = EDGE_CURVE ( 'NONE', #4826, #1291, #6183, .T. ) ;
#5490 = VERTEX_POINT ( 'NONE', #397 ) ;
#5491 = AXIS2_PLACEMENT_3D ( 'NONE', #2055, #4658, #1252 ) ;
#5492 = CIRCLE ( 'NONE', #154, 12.50000000000000000 ) ;
#5493 = VECTOR ( 'NONE', #4288, 1000.000000000000000 ) ;
#5494 = PLANE ( 'NONE',  #2285 ) ;
#5495 = VERTEX_POINT ( 'NONE', #3525 ) ;
#5496 = VERTEX_POINT ( 'NONE', #3685 ) ;
#5497 = AXIS2_PLACEMENT_3D ( 'NONE', #4680, #4573, #4608 ) ;
#5498 = CARTESIAN_POINT ( 'NONE',  ( 39.15983898978230826, -38.50120435546305941, 3.000000000000000000 ) ) ;
#5499 = FACE_OUTER_BOUND ( 'NONE', #4918, .T. ) ;
#5500 = LINE ( 'NONE', #3631, #2747 ) ;
#5501 = EDGE_CURVE ( 'NONE', #3055, #1233, #1795, .T. ) ;
#5502 = DIRECTION ( 'NONE',  ( 0.9999999999999961142, 8.742277677795539484E-08, -8.002115286624055570E-15 ) ) ;
#5503 = CARTESIAN_POINT ( 'NONE',  ( 3.499999999999999112, -15.99999999999998579, 0.000000000000000000 ) ) ;
#5504 = VERTEX_POINT ( 'NONE', #4622 ) ;
#5505 = VERTEX_POINT ( 'NONE', #3058 ) ;
#5506 = CARTESIAN_POINT ( 'NONE',  ( -55.00000000000000000, 55.00000000000000711, 3.000000000000000000 ) ) ;
#5507 = DIRECTION ( 'NONE',  ( -0.000000000000000000, 0.000000000000000000, -1.000000000000000000 ) ) ;
#5508 = ADVANCED_FACE ( 'NONE', ( #2200 ), #4111, .F. ) ;
#5509 = CARTESIAN_POINT ( 'NONE',  ( 39.16013196753240777, -2.499931335448993597, 0.000000000000000000 ) ) ;
#5510 = CARTESIAN_POINT ( 'NONE',  ( 35.21007646689140813, -46.40007575682851382, 28.04134375730104622 ) ) ;
#5511 = ORIENTED_EDGE ( 'NONE', *, *, #3798, .F. ) ;
#5512 = ORIENTED_EDGE ( 'NONE', *, *, #4423, .T. ) ;
#5513 = CARTESIAN_POINT ( 'NONE',  ( 0.000000000000000000, -15.99999999999998579, 0.000000000000000000 ) ) ;
#5514 = DIRECTION ( 'NONE',  ( 1.627596612567151877E-05, 0.9999999998675465074, 0.000000000000000000 ) ) ;
#5515 = EDGE_CURVE ( 'NONE', #4643, #4237, #296, .T. ) ;
#5516 = ADVANCED_FACE ( 'NONE', ( #2274 ), #4983, .F. ) ;
#5517 = CARTESIAN_POINT ( 'NONE',  ( -39.16013196753240067, -2.499931335448993597, 1.449999146844058284 ) ) ;
#5518 = DIRECTION ( 'NONE',  ( -0.000000000000000000, -0.000000000000000000, 1.000000000000000000 ) ) ;
#5519 = ORIENTED_EDGE ( 'NONE', *, *, #1136, .F. ) ;
#5520 = VERTEX_POINT ( 'NONE', #1316 ) ;
#5521 = ORIENTED_EDGE ( 'NONE', *, *, #5952, .T. ) ;
#5522 = CARTESIAN_POINT ( 'NONE',  ( 39.16013196753241488, -2.499931335448993597, 1.449999146843730990 ) ) ;
#5523 = EDGE_CURVE ( 'NONE', #6214, #393, #5058, .T. ) ;
#5524 = CYLINDRICAL_SURFACE ( 'NONE', #5486, 7.999999999999996447 ) ;
#5525 = ORIENTED_EDGE ( 'NONE', *, *, #3578, .F. ) ;
#5526 = VECTOR ( 'NONE', #3362, 1000.000000000000000 ) ;
#5527 = ORIENTED_EDGE ( 'NONE', *, *, #6117, .T. ) ;
#5528 = DIRECTION ( 'NONE',  ( -0.000000000000000000, -0.000000000000000000, 1.000000000000000000 ) ) ;
#5529 = LINE ( 'NONE', #2573, #1052 ) ;
#5530 = EDGE_CURVE ( 'NONE', #5129, #5536, #4695, .T. ) ;
#5531 = DIRECTION ( 'NONE',  ( -4.180742545671762101E-15, -4.371140887755362005E-08, -0.9999999999999992228 ) ) ;
#5532 = CIRCLE ( 'NONE', #6038, 7.999999999999996447 ) ;
#5533 = DIRECTION ( 'NONE',  ( 0.000000000000000000, 0.000000000000000000, 1.000000000000000000 ) ) ;
#5534 = CYLINDRICAL_SURFACE ( 'NONE', #3275, 1.750000000000001554 ) ;
#5535 = ORIENTED_EDGE ( 'NONE', *, *, #4882, .T. ) ;
#5536 = VERTEX_POINT ( 'NONE', #2397 ) ;
#5537 = CARTESIAN_POINT ( 'NONE',  ( 30.49987792968802225, -5.499931335448994929, 1.449999277977988221 ) ) ;
#5538 = FACE_BOUND ( 'NONE', #143, .T. ) ;
#5539 = CARTESIAN_POINT ( 'NONE',  ( 42.83856390666986158, -37.50126423013274035, 1.450000676801284971 ) ) ;
#5540 = CARTESIAN_POINT ( 'NONE',  ( -39.16042493490871124, -38.49992961750028542, 0.000000000000000000 ) ) ;
#5541 = VERTEX_POINT ( 'NONE', #2831 ) ;
#5542 = ORIENTED_EDGE ( 'NONE', *, *, #2119, .T. ) ;
#5543 = AXIS2_PLACEMENT_3D ( 'NONE', #6143, #6212, #353 ) ;
#5544 = CARTESIAN_POINT ( 'NONE',  ( 51.70808186218739166, -7.999931335448993153, 3.000000000000000000 ) ) ;
#5545 = EDGE_CURVE ( 'NONE', #3424, #1004, #2848, .T. ) ;
#5546 = CYLINDRICAL_SURFACE ( 'NONE', #5679, 12.50000000000000000 ) ;
#5547 = AXIS2_PLACEMENT_3D ( 'NONE', #5006, #2975, #475 ) ;
#5548 = DIRECTION ( 'NONE',  ( -1.000000000000000000, 0.000000000000000000, 0.000000000000000000 ) ) ;
#5549 = CARTESIAN_POINT ( 'NONE',  ( 39.16013196753240777, -8.499931335448993153, 0.000000000000000000 ) ) ;
#5550 = ORIENTED_EDGE ( 'NONE', *, *, #3008, .F. ) ;
#5551 = ADVANCED_FACE ( 'NONE', ( #3893 ), #524, .F. ) ;
#5552 = EDGE_LOOP ( 'NONE', ( #2619, #1903, #6099, #2547, #2570, #4487, #5388, #2131 ) ) ;
#5553 = ADVANCED_FACE ( 'NONE', ( #3422 ), #5359, .F. ) ;
#5554 = DIRECTION ( 'NONE',  ( 0.000000000000000000, 0.9999999999999991118, -4.371140887755362005E-08 ) ) ;
#5555 = AXIS2_PLACEMENT_3D ( 'NONE', #4567, #661, #3120 ) ;
#5556 = CARTESIAN_POINT ( 'NONE',  ( -39.16013196753240777, -3.499931335448993597, 3.000000000000000000 ) ) ;
#5557 = ORIENTED_EDGE ( 'NONE', *, *, #2793, .T. ) ;
#5558 = CIRCLE ( 'NONE', #4435, 0.5000000000000004441 ) ;
#5559 = CIRCLE ( 'NONE', #5044, 2.000000000000003553 ) ;
#5560 = ORIENTED_EDGE ( 'NONE', *, *, #858, .T. ) ;
#5561 = EDGE_CURVE ( 'NONE', #2370, #3991, #5873, .T. ) ;
#5562 = CARTESIAN_POINT ( 'NONE',  ( -30.49987792968802225, -5.499931335448994929, 0.000000000000000000 ) ) ;
#5563 = DIRECTION ( 'NONE',  ( 0.000000000000000000, 0.000000000000000000, 1.000000000000000000 ) ) ;
#5564 = DIRECTION ( 'NONE',  ( -0.000000000000000000, 1.000000000000000000, -0.000000000000000000 ) ) ;
#5565 = AXIS2_PLACEMENT_3D ( 'NONE', #2955, #3009, #4937 ) ;
#5566 = LINE ( 'NONE', #727, #2514 ) ;
#5567 = AXIS2_PLACEMENT_3D ( 'NONE', #1596, #4970, #3514 ) ;
#5568 = FACE_OUTER_BOUND ( 'NONE', #3363, .T. ) ;
#5569 = ORIENTED_EDGE ( 'NONE', *, *, #1418, .T. ) ;
#5570 = ORIENTED_EDGE ( 'NONE', *, *, #1379, .T. ) ;
#5571 = EDGE_CURVE ( 'NONE', #4960, #4460, #3831, .T. ) ;
#5572 = VECTOR ( 'NONE', #4686, 1000.000000000000227 ) ;
#5573 = LINE ( 'NONE', #5981, #2344 ) ;
#5574 = CARTESIAN_POINT ( 'NONE',  ( 38.67893410269429921, -45.40007575682851382, 36.80533964869712804 ) ) ;
#5575 = DIRECTION ( 'NONE',  ( -1.627596612587094759E-05, -0.9999999998675465074, 0.000000000000000000 ) ) ;
#5576 = DIRECTION ( 'NONE',  ( -0.000000000000000000, -0.000000000000000000, -1.000000000000000000 ) ) ;
#5577 = VERTEX_POINT ( 'NONE', #4789 ) ;
#5578 = ORIENTED_EDGE ( 'NONE', *, *, #5840, .T. ) ;
#5579 = VECTOR ( 'NONE', #333, 1000.000000000000000 ) ;
#5580 = CARTESIAN_POINT ( 'NONE',  ( -30.50012207031303291, -35.50007057189900195, 36.80533964869712804 ) ) ;
#5581 = LINE ( 'NONE', #3582, #4349 ) ;
#5582 = DIRECTION ( 'NONE',  ( -0.000000000000000000, -0.000000000000000000, -1.000000000000000000 ) ) ;
#5583 = DIRECTION ( 'NONE',  ( -0.000000000000000000, -0.000000000000000000, -1.000000000000000000 ) ) ;
#5584 = CARTESIAN_POINT ( 'NONE',  ( 33.21007646689140813, -48.40007575682851382, 28.04134375730104622 ) ) ;
#5585 = AXIS2_PLACEMENT_3D ( 'NONE', #581, #5418, #145 ) ;
#5586 = EDGE_CURVE ( 'NONE', #3637, #2725, #1843, .T. ) ;
#5587 = ORIENTED_EDGE ( 'NONE', *, *, #5256, .T. ) ;
#5588 = EDGE_CURVE ( 'NONE', #393, #855, #3367, .T. ) ;
#5589 = ORIENTED_EDGE ( 'NONE', *, *, #107, .T. ) ;
#5590 = DIRECTION ( 'NONE',  ( 0.000000000000000000, 0.000000000000000000, 1.000000000000000000 ) ) ;
#5591 = ADVANCED_FACE ( 'NONE', ( #940 ), #2962, .T. ) ;
#5592 = CARTESIAN_POINT ( 'NONE',  ( -37.42826019580637364, -31.49995780922772681, 3.000000000000000000 ) ) ;
#5593 = AXIS2_PLACEMENT_3D ( 'NONE', #3154, #4028, #4499 ) ;
#5594 = ORIENTED_EDGE ( 'NONE', *, *, #6165, .T. ) ;
#5595 = VERTEX_POINT ( 'NONE', #1887 ) ;
#5596 = DIRECTION ( 'NONE',  ( -0.000000000000000000, -0.000000000000000000, 1.000000000000000000 ) ) ;
#5597 = CIRCLE ( 'NONE', #5301, 7.999999999999996447 ) ;
#5598 = LINE ( 'NONE', #2213, #4887 ) ;
#5599 = CARTESIAN_POINT ( 'NONE',  ( 15.53999999999997961, -18.54000000000002402, 0.000000000000000000 ) ) ;
#5600 = DIRECTION ( 'NONE',  ( -1.000000000000000000, 0.000000000000000000, 0.000000000000000000 ) ) ;
#5601 = CARTESIAN_POINT ( 'NONE',  ( -66.00000000000001421, -61.00000000000000711, 0.000000000000000000 ) ) ;
#5602 = ORIENTED_EDGE ( 'NONE', *, *, #4414, .F. ) ;
#5603 = ORIENTED_EDGE ( 'NONE', *, *, #3932, .T. ) ;
#5604 = DIRECTION ( 'NONE',  ( -1.000000000000000000, 0.000000000000000000, 0.000000000000000000 ) ) ;
#5605 = LINE ( 'NONE', #6045, #1647 ) ;
#5606 = CARTESIAN_POINT ( 'NONE',  ( 39.16013196753240777, -2.499931335448993597, 3.000000000000000000 ) ) ;
#5607 = CARTESIAN_POINT ( 'NONE',  ( 29.07826691783824913, -17.91882911790084520, 0.000000000000000000 ) ) ;
#5608 = EDGE_CURVE ( 'NONE', #5339, #150, #5299, .T. ) ;
#5609 = ORIENTED_EDGE ( 'NONE', *, *, #3915, .T. ) ;
#5610 = VERTEX_POINT ( 'NONE', #6192 ) ;
#5611 = FACE_OUTER_BOUND ( 'NONE', #3429, .T. ) ;
#5612 = PLANE ( 'NONE',  #2560 ) ;
#5613 = DIRECTION ( 'NONE',  ( 1.000000000000000000, 0.000000000000000000, 0.000000000000000000 ) ) ;
#5614 = DIRECTION ( 'NONE',  ( 1.000000000000000000, 0.000000000000000000, 0.000000000000000000 ) ) ;
#5615 = CARTESIAN_POINT ( 'NONE',  ( 51.83157107505930128, -32.51694999944220399, 1.450000484187200733 ) ) ;
#5616 = VERTEX_POINT ( 'NONE', #6254 ) ;
#5617 = ORIENTED_EDGE ( 'NONE', *, *, #4565, .F. ) ;
#5618 = ORIENTED_EDGE ( 'NONE', *, *, #1576, .F. ) ;
#5619 = EDGE_CURVE ( 'NONE', #4870, #3647, #556, .T. ) ;
#5620 = LINE ( 'NONE', #1772, #3925 ) ;
#5621 = DIRECTION ( 'NONE',  ( -1.994248318681189754E-16, -1.000000000000000000, 0.000000000000000000 ) ) ;
#5622 = ORIENTED_EDGE ( 'NONE', *, *, #3042, .T. ) ;
#5623 = ORIENTED_EDGE ( 'NONE', *, *, #3290, .T. ) ;
#5624 = DIRECTION ( 'NONE',  ( -0.000000000000000000, -0.000000000000000000, -1.000000000000000000 ) ) ;
#5625 = CARTESIAN_POINT ( 'NONE',  ( -42.83905219599951408, -33.49986974362531811, 36.80533964869712804 ) ) ;
#5626 = CARTESIAN_POINT ( 'NONE',  ( -53.71248359946253004, -45.92592313267459048, 0.000000000000000000 ) ) ;
#5627 = FACE_OUTER_BOUND ( 'NONE', #2206, .T. ) ;
#5628 = LINE ( 'NONE', #3667, #1805 ) ;
#5629 = DIRECTION ( 'NONE',  ( 0.9999999999999961142, 8.742277677795539484E-08, -8.002115286624055570E-15 ) ) ;
#5630 = CIRCLE ( 'NONE', #185, 7.000000000000002665 ) ;
#5631 = VERTEX_POINT ( 'NONE', #2425 ) ;
#5632 = LINE ( 'NONE', #767, #4998 ) ;
#5633 = CARTESIAN_POINT ( 'NONE',  ( -37.42808115996353280, -9.499931335448994929, 3.000000000000000000 ) ) ;
#5634 = CARTESIAN_POINT ( 'NONE',  ( 39.15985526574843334, -37.50120435559551169, 3.000000000000000000 ) ) ;
#5635 = CARTESIAN_POINT ( 'NONE',  ( -61.00000000000001421, -61.00000000000000711, 3.000000000000000000 ) ) ;
#5636 = ORIENTED_EDGE ( 'NONE', *, *, #802, .T. ) ;
#5637 = ORIENTED_EDGE ( 'NONE', *, *, #373, .T. ) ;
#5638 = DIRECTION ( 'NONE',  ( 0.000000000000000000, 0.000000000000000000, -1.000000000000000000 ) ) ;
#5639 = EDGE_CURVE ( 'NONE', #5658, #2237, #3244, .T. ) ;
#5640 = CARTESIAN_POINT ( 'NONE',  ( 39.15983898978230826, -38.50120435546305941, 0.000000000000000000 ) ) ;
#5641 = DIRECTION ( 'NONE',  ( 1.000000000000000000, 0.000000000000000000, -0.000000000000000000 ) ) ;
#5642 = VECTOR ( 'NONE', #1173, 1000.000000000000000 ) ;
#5643 = CARTESIAN_POINT ( 'NONE',  ( -55.00000000000000000, -55.00000000000000000, 0.000000000000000000 ) ) ;
#5644 = CYLINDRICAL_SURFACE ( 'NONE', #1296, 3.500000000000003109 ) ;
#5645 = EDGE_LOOP ( 'NONE', ( #3045, #3483, #2988, #5751, #4106, #5589, #3266, #137, #5521, #909, #2387, #5457, #5197, #1261, #2219, #1874, #6125 ) ) ;
#5646 = ORIENTED_EDGE ( 'NONE', *, *, #5111, .F. ) ;
#5647 = EDGE_CURVE ( 'NONE', #1916, #6057, #526, .T. ) ;
#5648 = CARTESIAN_POINT ( 'NONE',  ( 30.49963378098338396, -35.50106340185905651, 1.450000589369744297 ) ) ;
#5649 = PLANE ( 'NONE',  #4568 ) ;
#5650 = AXIS2_PLACEMENT_3D ( 'NONE', #2477, #5374, #1046 ) ;
#5651 = EDGE_LOOP ( 'NONE', ( #1676, #3222, #2805, #4511 ) ) ;
#5652 = VERTEX_POINT ( 'NONE', #5804 ) ;
#5653 = AXIS2_PLACEMENT_3D ( 'NONE', #3922, #3049, #2076 ) ;
#5654 = DIRECTION ( 'NONE',  ( 0.000000000000000000, -0.9999999999999991118, 4.371140887245358835E-08 ) ) ;
#5655 = FACE_OUTER_BOUND ( 'NONE', #257, .T. ) ;
#5656 = LINE ( 'NONE', #2292, #2137 ) ;
#5657 = CARTESIAN_POINT ( 'NONE',  ( 10.99999999999997513, -20.54000000000002757, 0.000000000000000000 ) ) ;
#5658 = VERTEX_POINT ( 'NONE', #2868 ) ;
#5659 = AXIS2_PLACEMENT_3D ( 'NONE', #815, #1263, #372 ) ;
#5660 = AXIS2_PLACEMENT_3D ( 'NONE', #2539, #1109, #3997 ) ;
#5661 = ADVANCED_FACE ( 'NONE', ( #3772 ), #3396, .F. ) ;
#5662 = ORIENTED_EDGE ( 'NONE', *, *, #2637, .F. ) ;
#5663 = DIRECTION ( 'NONE',  ( -0.9999999998675463964, 1.627596612607036625E-05, 0.000000000000000000 ) ) ;
#5664 = DIRECTION ( 'NONE',  ( 1.000000000000000000, 1.365923996832131215E-15, 0.000000000000000000 ) ) ;
#5665 = AXIS2_PLACEMENT_3D ( 'NONE', #3596, #5531, #689 ) ;
#5666 = CARTESIAN_POINT ( 'NONE',  ( -24.50012207031303291, -35.50007057189899484, 3.000000000000000000 ) ) ;
#5667 = AXIS2_PLACEMENT_3D ( 'NONE', #877, #808, #6095 ) ;
#5668 = PLANE ( 'NONE',  #6069 ) ;
#5669 = EDGE_CURVE ( 'NONE', #1191, #499, #2927, .T. ) ;
#5670 = ORIENTED_EDGE ( 'NONE', *, *, #2168, .T. ) ;
#5671 = CIRCLE ( 'NONE', #3646, 2.000000000000001776 ) ;
#5672 = ORIENTED_EDGE ( 'NONE', *, *, #4546, .T. ) ;
#5673 = DIRECTION ( 'NONE',  ( -0.000000000000000000, 0.000000000000000000, -1.000000000000000000 ) ) ;
#5674 = CYLINDRICAL_SURFACE ( 'NONE', #732, 1.750000000000001554 ) ;
#5675 = DIRECTION ( 'NONE',  ( -0.000000000000000000, -0.000000000000000000, -1.000000000000000000 ) ) ;
#5676 = CARTESIAN_POINT ( 'NONE',  ( 34.17085951043083725, -17.44873438152215073, 36.80533964869712804 ) ) ;
#5677 = CIRCLE ( 'NONE', #222, 3.500000000000003109 ) ;
#5678 = EDGE_CURVE ( 'NONE', #5110, #441, #57, .T. ) ;
#5679 = AXIS2_PLACEMENT_3D ( 'NONE', #1215, #265, #4621 ) ;
#5680 = ORIENTED_EDGE ( 'NONE', *, *, #369, .F. ) ;
#5681 = EDGE_LOOP ( 'NONE', ( #425, #1643, #4378, #3320, #746, #1454 ) ) ;
#5682 = DIRECTION ( 'NONE',  ( 1.000000000000000000, 0.000000000000000000, 0.000000000000000000 ) ) ;
#5683 = AXIS2_PLACEMENT_3D ( 'NONE', #85, #3453, #607 ) ;
#5684 = CARTESIAN_POINT ( 'NONE',  ( 17.49999999999998224, -28.25000000000002487, 0.000000000000000000 ) ) ;
#5685 = EDGE_CURVE ( 'NONE', #881, #1672, #3046, .T. ) ;
#5686 = ORIENTED_EDGE ( 'NONE', *, *, #5825, .F. ) ;
#5687 = VECTOR ( 'NONE', #5727, 1000.000000000000000 ) ;
#5688 = ORIENTED_EDGE ( 'NONE', *, *, #27, .F. ) ;
#5689 = LINE ( 'NONE', #4315, #121 ) ;
#5690 = CARTESIAN_POINT ( 'NONE',  ( 33.46453803689025364, -18.40463862520800475, 28.04134375730104622 ) ) ;
#5691 = DATE_AND_TIME ( #4831, #6070 ) ;
#5692 = CARTESIAN_POINT ( 'NONE',  ( 51.70788653857203343, -32.50140858626521378, 0.000000000000000000 ) ) ;
#5693 = CARTESIAN_POINT ( 'NONE',  ( -13.92494201660204212, -55.62510013580300949, 28.04134375730104622 ) ) ;
#5694 = ORIENTED_EDGE ( 'NONE', *, *, #5501, .T. ) ;
#5695 = ORIENTED_EDGE ( 'NONE', *, *, #3771, .F. ) ;
#5696 = CARTESIAN_POINT ( 'NONE',  ( 15.53999999999997783, -13.46000000000002927, 28.04134375730104622 ) ) ;
#5697 = ADVANCED_FACE ( 'NONE', ( #4943 ), #1175, .F. ) ;
#5698 = CARTESIAN_POINT ( 'NONE',  ( -13.92494201660215225, -53.87510013580300949, 1.450001392524706612 ) ) ;
#5699 = CARTESIAN_POINT ( 'NONE',  ( 51.70808186218739166, -7.999931335448993153, 0.000000000000000000 ) ) ;
#5700 = DIRECTION ( 'NONE',  ( 1.000000000000000000, 0.000000000000000000, 0.000000000000000000 ) ) ;
#5701 = CIRCLE ( 'NONE', #5497, 3.500000000000003109 ) ;
#5702 = VERTEX_POINT ( 'NONE', #643 ) ;
#5703 = VERTEX_POINT ( 'NONE', #2126 ) ;
#5704 = DIRECTION ( 'NONE',  ( -1.000000000000000000, 2.775557561562891351E-15, -0.000000000000000000 ) ) ;
#5705 = EDGE_CURVE ( 'NONE', #6027, #3364, #5000, .T. ) ;
#5706 = LINE ( 'NONE', #5768, #337 ) ;
#5707 = DIRECTION ( 'NONE',  ( -1.000000000000000000, 0.000000000000000000, 4.180742545671766046E-15 ) ) ;
#5708 = DIRECTION ( 'NONE',  ( 0.000000000000000000, 0.000000000000000000, -1.000000000000000000 ) ) ;
#5709 = EDGE_LOOP ( 'NONE', ( #1330, #4090 ) ) ;
#5710 = ORIENTED_EDGE ( 'NONE', *, *, #5777, .F. ) ;
#5711 = EDGE_CURVE ( 'NONE', #5029, #2891, #1227, .T. ) ;
#5712 = CARTESIAN_POINT ( 'NONE',  ( 28.96453803689026785, -18.91234094049699976, 0.000000000000000000 ) ) ;
#5713 = EDGE_CURVE ( 'NONE', #6002, #5013, #3846, .T. ) ;
#5714 = DIRECTION ( 'NONE',  ( 0.000000000000000000, 0.000000000000000000, -1.000000000000000000 ) ) ;
#5715 = VERTEX_POINT ( 'NONE', #1656 ) ;
#5716 = EDGE_LOOP ( 'NONE', ( #3827, #321 ) ) ;
#5717 = ORIENTED_EDGE ( 'NONE', *, *, #2037, .F. ) ;
#5718 = EDGE_CURVE ( 'NONE', #2594, #256, #1938, .T. ) ;
#5719 = PLANE ( 'NONE',  #2546 ) ;
#5720 = CYLINDRICAL_SURFACE ( 'NONE', #1150, 2.000000000000001776 ) ;
#5721 = FACE_OUTER_BOUND ( 'NONE', #192, .T. ) ;
#5722 = DIRECTION ( 'NONE',  ( -1.000000000000000000, 0.000000000000000000, 0.000000000000000000 ) ) ;
#5723 = ORIENTED_EDGE ( 'NONE', *, *, #1287, .F. ) ;
#5724 = ORIENTED_EDGE ( 'NONE', *, *, #11, .T. ) ;
#5725 = EDGE_CURVE ( 'NONE', #4563, #212, #4915, .T. ) ;
#5726 = FACE_OUTER_BOUND ( 'NONE', #6174, .T. ) ;
#5727 = DIRECTION ( 'NONE',  ( -0.000000000000000000, -0.000000000000000000, -1.000000000000000000 ) ) ;
#5728 = LINE ( 'NONE', #932, #3449 ) ;
#5729 = DIRECTION ( 'NONE',  ( 0.000000000000000000, -0.9999999999999991118, 4.371140887245356850E-08 ) ) ;
#5730 = ORIENTED_EDGE ( 'NONE', *, *, #3960, .F. ) ;
#5731 = EDGE_CURVE ( 'NONE', #4188, #2854, #2749, .T. ) ;
#5732 = VERTEX_POINT ( 'NONE', #1064 ) ;
#5733 = AXIS2_PLACEMENT_3D ( 'NONE', #1198, #5118, #5052 ) ;
#5734 = CARTESIAN_POINT ( 'NONE',  ( 55.67099752524903522, -29.59477664196644042, 28.04134375730104622 ) ) ;
#5735 = CARTESIAN_POINT ( 'NONE',  ( 39.67893410269429921, -46.40007575682851382, 28.04134375730104622 ) ) ;
#5736 = DIRECTION ( 'NONE',  ( -4.180742545671762101E-15, -4.371140887755362005E-08, -0.9999999999999992228 ) ) ;
#5737 = DIRECTION ( 'NONE',  ( 0.000000000000000000, 0.000000000000000000, 1.000000000000000000 ) ) ;
#5738 = ORIENTED_EDGE ( 'NONE', *, *, #2078, .T. ) ;
#5739 = ORIENTED_EDGE ( 'NONE', *, *, #5530, .T. ) ;
#5740 = FACE_OUTER_BOUND ( 'NONE', #1131, .T. ) ;
#5741 = DIRECTION ( 'NONE',  ( 6.829619963800058489E-16, -1.000000000000000000, 0.000000000000000000 ) ) ;
#5742 = ADVANCED_FACE ( 'NONE', ( #5922 ), #3487, .F. ) ;
#5743 = VERTEX_POINT ( 'NONE', #4484 ) ;
#5744 = EDGE_LOOP ( 'NONE', ( #2786, #935, #4307, #701 ) ) ;
#5745 = LINE ( 'NONE', #981, #2878 ) ;
#5746 = DIRECTION ( 'NONE',  ( -0.000000000000000000, 0.000000000000000000, 1.000000000000000000 ) ) ;
#5747 = DIRECTION ( 'NONE',  ( 1.994248318681189754E-16, -1.000000000000000000, 0.000000000000000000 ) ) ;
#5748 = AXIS2_PLACEMENT_3D ( 'NONE', #5169, #1288, #3205 ) ;
#5749 = CARTESIAN_POINT ( 'NONE',  ( 50.40063686045313318, -32.50138730951373134, 28.04134375730104622 ) ) ;
#5750 = FACE_OUTER_BOUND ( 'NONE', #3372, .T. ) ;
#5751 = ORIENTED_EDGE ( 'NONE', *, *, #3712, .F. ) ;
#5752 = ADVANCED_FACE ( 'NONE', ( #3921 ), #2099, .F. ) ;
#5753 = ORIENTED_EDGE ( 'NONE', *, *, #5833, .F. ) ;
#5754 = LINE ( 'NONE', #1438, #4239 ) ;
#5755 = FACE_OUTER_BOUND ( 'NONE', #2697, .T. ) ;
#5756 = DIRECTION ( 'NONE',  ( -1.000000000000000000, 0.000000000000000000, 0.000000000000000000 ) ) ;
#5757 = FACE_OUTER_BOUND ( 'NONE', #4739, .T. ) ;
#5758 = CIRCLE ( 'NONE', #3030, 8.000000000000000000 ) ;
#5759 = AXIS2_PLACEMENT_3D ( 'NONE', #1901, #5213, #889 ) ;
#5760 = CARTESIAN_POINT ( 'NONE',  ( 17.99987792968801870, -5.499931335448994929, 36.80533964869712804 ) ) ;
#5761 = CIRCLE ( 'NONE', #3534, 3.000000000000000888 ) ;
#5762 = ADVANCED_FACE ( 'NONE', ( #1622 ), #5025, .F. ) ;
#5763 = ORIENTED_EDGE ( 'NONE', *, *, #5330, .T. ) ;
#5764 = ORIENTED_EDGE ( 'NONE', *, *, #5725, .T. ) ;
#5765 = VECTOR ( 'NONE', #1083, 1000.000000000000227 ) ;
#5766 = CIRCLE ( 'NONE', #514, 5.999999999999998224 ) ;
#5767 = AXIS2_PLACEMENT_3D ( 'NONE', #2057, #2085, #502 ) ;
#5768 = CARTESIAN_POINT ( 'NONE',  ( -39.16013196753240777, -8.499931335448993153, 3.000000000000000000 ) ) ;
#5769 = DIRECTION ( 'NONE',  ( 0.000000000000000000, 0.000000000000000000, 1.000000000000000000 ) ) ;
#5770 = DIRECTION ( 'NONE',  ( -1.000000000000000000, 0.000000000000000000, 0.000000000000000000 ) ) ;
#5771 = CIRCLE ( 'NONE', #2040, 1.750000000000001554 ) ;
#5772 = VECTOR ( 'NONE', #4361, 1000.000000000000000 ) ;
#5773 = ORIENTED_EDGE ( 'NONE', *, *, #1444, .F. ) ;
#5774 = ORIENTED_EDGE ( 'NONE', *, *, #3319, .F. ) ;
#5775 = CARTESIAN_POINT ( 'NONE',  ( -53.71248359946253004, -33.76592310238539341, 1.450000513524413837 ) ) ;
#5776 = CIRCLE ( 'NONE', #2458, 3.000000000000000000 ) ;
#5777 = EDGE_CURVE ( 'NONE', #1718, #2012, #4037, .T. ) ;
#5778 = DIRECTION ( 'NONE',  ( -1.000000000000000000, 0.000000000000000000, 0.000000000000000000 ) ) ;
#5779 = VECTOR ( 'NONE', #5005, 1000.000000000000000 ) ;
#5780 = EDGE_CURVE ( 'NONE', #1743, #5339, #2454, .T. ) ;
#5781 = ORIENTED_EDGE ( 'NONE', *, *, #3228, .T. ) ;
#5782 = ORIENTED_EDGE ( 'NONE', *, *, #5489, .F. ) ;
#5783 = DIRECTION ( 'NONE',  ( -3.035386659626959625E-16, -0.9999999999999991118, 4.371140887755362005E-08 ) ) ;
#5784 = AXIS2_PLACEMENT_3D ( 'NONE', #4552, #3203, #3710 ) ;
#5785 = EDGE_CURVE ( 'NONE', #3726, #233, #5671, .T. ) ;
#5786 = CARTESIAN_POINT ( 'NONE',  ( 51.70780515874140804, -37.50140858560294532, 3.000000000000000000 ) ) ;
#5787 = LINE ( 'NONE', #2943, #1832 ) ;
#5788 = DIRECTION ( 'NONE',  ( -0.000000000000000000, -0.000000000000000000, 1.000000000000000000 ) ) ;
#5789 = VECTOR ( 'NONE', #173, 1000.000000000000000 ) ;
#5790 = EDGE_LOOP ( 'NONE', ( #3012, #5003, #4227, #4957 ) ) ;
#5791 = ORIENTED_EDGE ( 'NONE', *, *, #399, .T. ) ;
#5792 = EDGE_CURVE ( 'NONE', #2537, #3518, #582, .T. ) ;
#5793 = VECTOR ( 'NONE', #869, 1000.000000000000000 ) ;
#5794 = CARTESIAN_POINT ( 'NONE',  ( 4.574954986571961868, -58.82508182525602791, 28.04134375730104622 ) ) ;
#5795 = AXIS2_PLACEMENT_3D ( 'NONE', #2784, #4250, #4219 ) ;
#5796 = LINE ( 'NONE', #1501, #4165 ) ;
#5797 = CARTESIAN_POINT ( 'NONE',  ( -55.00000000000000000, 55.00000000000000711, 0.000000000000000000 ) ) ;
#5798 = ADVANCED_FACE ( 'NONE', ( #2008 ), #114, .F. ) ;
#5799 = CARTESIAN_POINT ( 'NONE',  ( 51.70808186218739166, -2.999931335448996261, 0.000000000000000000 ) ) ;
#5800 = LINE ( 'NONE', #51, #4402 ) ;
#5801 = VERTEX_POINT ( 'NONE', #5419 ) ;
#5802 = ORIENTED_EDGE ( 'NONE', *, *, #2808, .F. ) ;
#5803 = DIRECTION ( 'NONE',  ( -4.180742545671762101E-15, -4.371140887755362005E-08, -0.9999999999999992228 ) ) ;
#5804 = CARTESIAN_POINT ( 'NONE',  ( 45.37007602278353602, -52.94007753325929855, 0.000000000000000000 ) ) ;
#5805 = EDGE_CURVE ( 'NONE', #4826, #5258, #4441, .T. ) ;
#5806 = CYLINDRICAL_SURFACE ( 'NONE', #3733, 1.749999999999994671 ) ;
#5807 = VERTEX_POINT ( 'NONE', #6121 ) ;
#5808 = ORIENTED_EDGE ( 'NONE', *, *, #5780, .F. ) ;
#5809 = DIRECTION ( 'NONE',  ( -0.000000000000000000, -0.000000000000000000, -1.000000000000000000 ) ) ;
#5810 = DIRECTION ( 'NONE',  ( 0.000000000000000000, 0.000000000000000000, -1.000000000000000000 ) ) ;
#5811 = ORIENTED_EDGE ( 'NONE', *, *, #5678, .T. ) ;
#5812 = ORIENTED_EDGE ( 'NONE', *, *, #5136, .T. ) ;
#5813 = ADVANCED_FACE ( 'NONE', ( #289 ), #6087, .T. ) ;
#5814 = CARTESIAN_POINT ( 'NONE',  ( 45.37007602278353602, -48.40007575682851382, 1.450001153203432036 ) ) ;
#5815 = CARTESIAN_POINT ( 'NONE',  ( 60.99999999999999289, -65.99999999999998579, 3.000000000000000000 ) ) ;
#5816 = CARTESIAN_POINT ( 'NONE',  ( -66.00000000000001421, -66.00000000000000000, 0.000000000000000000 ) ) ;
#5817 = CARTESIAN_POINT ( 'NONE',  ( -13.92494201660215225, -57.37510013580300949, 1.450001545514639778 ) ) ;
#5818 = ORIENTED_EDGE ( 'NONE', *, *, #1323, .T. ) ;
#5819 = EDGE_LOOP ( 'NONE', ( #3623, #415, #1357, #122 ) ) ;
#5820 = LINE ( 'NONE', #1563, #2127 ) ;
#5821 = FACE_OUTER_BOUND ( 'NONE', #3767, .T. ) ;
#5822 = DIRECTION ( 'NONE',  ( 1.000000000000000000, 0.000000000000000000, 0.000000000000000000 ) ) ;
#5823 = CARTESIAN_POINT ( 'NONE',  ( -52.20808186218739166, -7.999931335448993153, 3.000000000000000000 ) ) ;
#5824 = FACE_OUTER_BOUND ( 'NONE', #442, .T. ) ;
#5825 = EDGE_CURVE ( 'NONE', #150, #1594, #3747, .T. ) ;
#5826 = EDGE_LOOP ( 'NONE', ( #479, #338, #2210, #151 ) ) ;
#5827 = ORIENTED_EDGE ( 'NONE', *, *, #5272, .T. ) ;
#5828 = DIRECTION ( 'NONE',  ( 0.000000000000000000, -1.000000000000000000, 0.000000000000000000 ) ) ;
#5829 = CARTESIAN_POINT ( 'NONE',  ( 52.16814849553698963, -32.80608465091061277, 0.7250002420935985903 ) ) ;
#5830 = DIRECTION ( 'NONE',  ( 1.000000000000000000, 0.000000000000000000, 0.000000000000000000 ) ) ;
#5831 = ORIENTED_EDGE ( 'NONE', *, *, #5055, .F. ) ;
#5832 = VECTOR ( 'NONE', #5019, 1000.000000000000000 ) ;
#5833 = EDGE_CURVE ( 'NONE', #5505, #2594, #2634, .T. ) ;
#5834 = ORIENTED_EDGE ( 'NONE', *, *, #429, .T. ) ;
#5835 = CARTESIAN_POINT ( 'NONE',  ( 29.96453800660106026, -20.13675966251838645, 1.449999917774128289 ) ) ;
#5836 = CIRCLE ( 'NONE', #1702, 7.000000000000002665 ) ;
#5837 = AXIS2_PLACEMENT_3D ( 'NONE', #1940, #6158, #5134 ) ;
#5838 = CARTESIAN_POINT ( 'NONE',  ( -13.92494201660204212, -53.87510013580300949, 0.000000000000000000 ) ) ;
#5839 = VERTEX_POINT ( 'NONE', #2162 ) ;
#5840 = EDGE_CURVE ( 'NONE', #1957, #2602, #5372, .T. ) ;
#5841 = ORIENTED_EDGE ( 'NONE', *, *, #1504, .T. ) ;
#5842 = CARTESIAN_POINT ( 'NONE',  ( -30.49987792968802225, -5.499931335448994929, 1.449999277978244905 ) ) ;
#5843 = DIRECTION ( 'NONE',  ( 0.000000000000000000, -0.000000000000000000, 1.000000000000000000 ) ) ;
#5844 = DIRECTION ( 'NONE',  ( -0.000000000000000000, 0.000000000000000000, -1.000000000000000000 ) ) ;
#5845 = DIRECTION ( 'NONE',  ( 0.000000000000000000, 0.000000000000000000, 1.000000000000000000 ) ) ;
#5846 = VERTEX_POINT ( 'NONE', #1689 ) ;
#5847 = VERTEX_POINT ( 'NONE', #4651 ) ;
#5848 = CARTESIAN_POINT ( 'NONE',  ( 36.56186857255293887, -32.00116207012360547, 1.450000436384100810 ) ) ;
#5849 = DIRECTION ( 'NONE',  ( 0.000000000000000000, 0.000000000000000000, 1.000000000000000000 ) ) ;
#5850 = VECTOR ( 'NONE', #6179, 1000.000000000000227 ) ;
#5851 = CARTESIAN_POINT ( 'NONE',  ( -37.42808115996353280, -1.499931335448999592, 3.000000000000000000 ) ) ;
#5852 = LINE ( 'NONE', #4355, #6181 ) ;
#5853 = FACE_OUTER_BOUND ( 'NONE', #2107, .T. ) ;
#5854 = CC_DESIGN_PERSON_AND_ORGANIZATION_ASSIGNMENT ( #1196, #2623, ( #4709 ) ) ;
#5855 = ORIENTED_EDGE ( 'NONE', *, *, #4112, .F. ) ;
#5856 = ORIENTED_EDGE ( 'NONE', *, *, #4716, .F. ) ;
#5857 = DIRECTION ( 'NONE',  ( 1.000000000000000000, 0.000000000000000000, 0.000000000000000000 ) ) ;
#5858 = EDGE_CURVE ( 'NONE', #2437, #5505, #6187, .T. ) ;
#5859 = AXIS2_PLACEMENT_3D ( 'NONE', #413, #2352, #5186 ) ;
#5860 = DIRECTION ( 'NONE',  ( 1.000000000000000000, 0.000000000000000000, 0.000000000000000000 ) ) ;
#5861 = VECTOR ( 'NONE', #4125, 1000.000000000000000 ) ;
#5862 = DIRECTION ( 'NONE',  ( -0.000000000000000000, -0.000000000000000000, 1.000000000000000000 ) ) ;
#5863 = VERTEX_POINT ( 'NONE', #5666 ) ;
#5864 = VECTOR ( 'NONE', #3855, 1000.000000000000000 ) ;
#5865 = VERTEX_POINT ( 'NONE', #1346 ) ;
#5866 = DIRECTION ( 'NONE',  ( 1.000000000000000000, 0.000000000000000000, 0.000000000000000000 ) ) ;
#5867 = CIRCLE ( 'NONE', #2348, 12.50000000000000355 ) ;
#5868 = EDGE_CURVE ( 'NONE', #4556, #4906, #1309, .T. ) ;
#5869 = FACE_OUTER_BOUND ( 'NONE', #3379, .T. ) ;
#5870 = ORIENTED_EDGE ( 'NONE', *, *, #1359, .T. ) ;
#5871 = ORIENTED_EDGE ( 'NONE', *, *, #755, .T. ) ;
#5872 = DIRECTION ( 'NONE',  ( -0.000000000000000000, -0.000000000000000000, 1.000000000000000000 ) ) ;
#5873 = CIRCLE ( 'NONE', #125, 12.50000000000000533 ) ;
#5874 = CARTESIAN_POINT ( 'NONE',  ( -51.71248359946253714, -37.49974233679053981, 0.000000000000000000 ) ) ;
#5875 = EDGE_CURVE ( 'NONE', #1668, #5715, #4104, .T. ) ;
#5876 = CARTESIAN_POINT ( 'NONE',  ( 33.46453803689025364, -18.40463862520800475, 0.000000000000000000 ) ) ;
#5877 = AXIS2_PLACEMENT_3D ( 'NONE', #4445, #663, #195 ) ;
#5878 = ORIENTED_EDGE ( 'NONE', *, *, #1033, .T. ) ;
#5879 = VECTOR ( 'NONE', #1985, 1000.000000000000000 ) ;
#5880 = EDGE_LOOP ( 'NONE', ( #88, #4270, #2062, #4083 ) ) ;
#5881 = LINE ( 'NONE', #1080, #2538 ) ;
#5882 = CYLINDRICAL_SURFACE ( 'NONE', #2374, 4.999999999999997335 ) ;
#5883 = CARTESIAN_POINT ( 'NONE',  ( 65.99999999999998579, -65.99999999999998579, 3.000000000000000000 ) ) ;
#5884 = AXIS2_PLACEMENT_3D ( 'NONE', #490, #4274, #876 ) ;
#5885 = CARTESIAN_POINT ( 'NONE',  ( 39.15983898978127797, -38.50120435546305941, 1.450000720509840857 ) ) ;
#5886 = DIRECTION ( 'NONE',  ( -0.000000000000000000, -0.000000000000000000, -1.000000000000000000 ) ) ;
#5887 = VERTEX_POINT ( 'NONE', #5158 ) ;
#5888 = VERTEX_POINT ( 'NONE', #4613 ) ;
#5889 = VECTOR ( 'NONE', #1174, 1000.000000000000000 ) ;
#5890 = EDGE_CURVE ( 'NONE', #2497, #4786, #3197, .T. ) ;
#5891 = FACE_OUTER_BOUND ( 'NONE', #4143, .T. ) ;
#5892 = DIRECTION ( 'NONE',  ( -0.000000000000000000, 0.000000000000000000, -1.000000000000000000 ) ) ;
#5893 = CARTESIAN_POINT ( 'NONE',  ( 35.21007646689140813, -52.94007753325929855, 1.450001351653327442 ) ) ;
#5894 = CIRCLE ( 'NONE', #851, 7.000000000000002665 ) ;
#5895 = VECTOR ( 'NONE', #1605, 1000.000000000000000 ) ;
#5896 = ORIENTED_EDGE ( 'NONE', *, *, #5678, .F. ) ;
#5897 = EDGE_CURVE ( 'NONE', #1668, #5450, #4141, .T. ) ;
#5898 = VERTEX_POINT ( 'NONE', #1816 ) ;
#5899 = AXIS2_PLACEMENT_3D ( 'NONE', #2499, #1551, #2403 ) ;
#5900 = DIRECTION ( 'NONE',  ( 0.000000000000000000, 0.000000000000000000, -1.000000000000000000 ) ) ;
#5901 = DIRECTION ( 'NONE',  ( 1.000000000000000000, 0.000000000000000000, 0.000000000000000000 ) ) ;
#5902 = CIRCLE ( 'NONE', #3576, 1.750000000000001554 ) ;
#5903 = ORIENTED_EDGE ( 'NONE', *, *, #3661, .F. ) ;
#5904 = EDGE_CURVE ( 'NONE', #2370, #2218, #1722, .T. ) ;
#5905 = EDGE_LOOP ( 'NONE', ( #3356, #4609, #2683, #6082, #739, #3715, #98, #285, #5012, #2303 ) ) ;
#5906 = FACE_OUTER_BOUND ( 'NONE', #4610, .T. ) ;
#5907 = ADVANCED_FACE ( 'NONE', ( #5126 ), #3605, .T. ) ;
#5908 = CARTESIAN_POINT ( 'NONE',  ( 39.16013196753240777, -8.499931335448993153, 0.000000000000000000 ) ) ;
#5909 = FACE_OUTER_BOUND ( 'NONE', #5910, .T. ) ;
#5910 = EDGE_LOOP ( 'NONE', ( #2102, #5763, #945, #1577 ) ) ;
#5911 = VERTEX_POINT ( 'NONE', #2767 ) ;
#5912 = EDGE_CURVE ( 'NONE', #346, #76, #2266, .T. ) ;
#5913 = CARTESIAN_POINT ( 'NONE',  ( 2.074954986571962312, -57.07508182525601370, 1.450001532400348792 ) ) ;
#5914 = DIRECTION ( 'NONE',  ( -1.000000000000000000, 0.000000000000000000, 0.000000000000000000 ) ) ;
#5915 = DIRECTION ( 'NONE',  ( 1.000000000000000000, 0.000000000000000000, 0.000000000000000000 ) ) ;
#5916 = CARTESIAN_POINT ( 'NONE',  ( 39.67893410269429921, -45.40007575682851382, 1.450001022069477674 ) ) ;
#5917 = LINE ( 'NONE', #1591, #4618 ) ;
#5918 = EDGE_LOOP ( 'NONE', ( #3762, #2404, #5402, #6221, #3552, #3394 ) ) ;
#5919 = ORIENTED_EDGE ( 'NONE', *, *, #3644, .F. ) ;
#5920 = EDGE_CURVE ( 'NONE', #6091, #5128, #1788, .T. ) ;
#5921 = LINE ( 'NONE', #4884, #5980 ) ;
#5922 = FACE_OUTER_BOUND ( 'NONE', #5277, .T. ) ;
#5923 = CARTESIAN_POINT ( 'NONE',  ( 52.20779702069211226, -38.00141672351978883, 0.000000000000000000 ) ) ;
#5924 = EDGE_LOOP ( 'NONE', ( #4673, #4333, #5587, #5379 ) ) ;
#5925 = ORIENTED_EDGE ( 'NONE', *, *, #4415, .F. ) ;
#5926 = CARTESIAN_POINT ( 'NONE',  ( -55.92498535135183602, 8.414992237443547296, 28.04134375730104622 ) ) ;
#5927 = FACE_OUTER_BOUND ( 'NONE', #903, .T. ) ;
#5928 = VECTOR ( 'NONE', #4977, 1000.000000000000000 ) ;
#5929 = ORIENTED_EDGE ( 'NONE', *, *, #1220, .T. ) ;
#5930 = VERTEX_POINT ( 'NONE', #2299 ) ;
#5931 = AXIS2_PLACEMENT_3D ( 'NONE', #4554, #2172, #4082 ) ;
#5932 = DIRECTION ( 'NONE',  ( 0.000000000000000000, 0.000000000000000000, -1.000000000000000000 ) ) ;
#5933 = EDGE_CURVE ( 'NONE', #2491, #4822, #3248, .T. ) ;
#5934 = EDGE_CURVE ( 'NONE', #6019, #5898, #1846, .T. ) ;
#5935 = CARTESIAN_POINT ( 'NONE',  ( 65.99999999999998579, 66.00000000000002842, 0.000000000000000000 ) ) ;
#5936 = VERTEX_POINT ( 'NONE', #5539 ) ;
#5937 = ORIENTED_EDGE ( 'NONE', *, *, #1428, .T. ) ;
#5938 = DIRECTION ( 'NONE',  ( -3.414809992080331981E-16, 1.000000000000000000, 0.000000000000000000 ) ) ;
#5939 = DIRECTION ( 'NONE',  ( -1.000000000000000000, 0.000000000000000000, 0.000000000000000000 ) ) ;
#5940 = FACE_OUTER_BOUND ( 'NONE', #3608, .T. ) ;
#5941 = EDGE_CURVE ( 'NONE', #1086, #2673, #5063, .T. ) ;
#5942 = LINE ( 'NONE', #4447, #5157 ) ;
#5943 = CARTESIAN_POINT ( 'NONE',  ( 38.99898593071570474, -44.66681558238632732, 1.450000990017646041 ) ) ;
#5944 = EDGE_CURVE ( 'NONE', #2527, #5865, #5776, .T. ) ;
#5945 = ORIENTED_EDGE ( 'NONE', *, *, #3308, .T. ) ;
#5946 = EDGE_LOOP ( 'NONE', ( #980, #781, #605, #2516, #5295, #3811 ) ) ;
#5947 = CIRCLE ( 'NONE', #2422, 0.5000000000000004441 ) ;
#5948 = DIRECTION ( 'NONE',  ( 0.000000000000000000, -1.000000000000000000, 0.000000000000000000 ) ) ;
#5949 = DIRECTION ( 'NONE',  ( -0.9999999998675463964, 1.627596612587094420E-05, 0.000000000000000000 ) ) ;
#5950 = CARTESIAN_POINT ( 'NONE',  ( -52.20808186218739166, -2.999931335448996261, 3.000000000000000000 ) ) ;
#5951 = CIRCLE ( 'NONE', #1823, 1.750000000000001554 ) ;
#5952 = EDGE_CURVE ( 'NONE', #1363, #3028, #132, .T. ) ;
#5953 = ORIENTED_EDGE ( 'NONE', *, *, #2759, .F. ) ;
#5954 = ORIENTED_EDGE ( 'NONE', *, *, #1009, .F. ) ;
#5955 = AXIS2_PLACEMENT_3D ( 'NONE', #4258, #2383, #6240 ) ;
#5956 = LINE ( 'NONE', #1516, #2052 ) ;
#5957 = CARTESIAN_POINT ( 'NONE',  ( -51.70828531008798024, -32.99972538822134283, 0.000000000000000000 ) ) ;
#5958 = CARTESIAN_POINT ( 'NONE',  ( 8.999999999999975131, -13.46000000000002927, 0.000000000000000000 ) ) ;
#5959 = AXIS2_PLACEMENT_3D ( 'NONE', #4409, #1970, #4443 ) ;
#5960 = ORIENTED_EDGE ( 'NONE', *, *, #4048, .F. ) ;
#5961 = ORIENTED_EDGE ( 'NONE', *, *, #4674, .F. ) ;
#5962 = ADVANCED_FACE ( 'NONE', ( #2894 ), #4353, .F. ) ;
#5963 = CIRCLE ( 'NONE', #2744, 2.000000000000001776 ) ;
#5964 = CARTESIAN_POINT ( 'NONE',  ( -51.70808186218739166, -7.999931335448993153, 3.000000000000000000 ) ) ;
#5965 = EDGE_LOOP ( 'NONE', ( #4881, #2863, #648, #4058, #3052, #2712 ) ) ;
#5966 = VECTOR ( 'NONE', #664, 1000.000000000000000 ) ;
#5967 = VECTOR ( 'NONE', #5769, 1000.000000000000000 ) ;
#5968 = ADVANCED_FACE ( 'NONE', ( #5292 ), #1376, .T. ) ;
#5969 = ORIENTED_EDGE ( 'NONE', *, *, #5120, .F. ) ;
#5970 = CARTESIAN_POINT ( 'NONE',  ( -51.70808186218739166, -3.499931335448996261, 3.000000000000000000 ) ) ;
#5971 = FACE_OUTER_BOUND ( 'NONE', #5946, .T. ) ;
#5972 = CARTESIAN_POINT ( 'NONE',  ( -39.16032727911196076, -32.49992961829499905, 1.450000458186249563 ) ) ;
#5973 = AXIS2_PLACEMENT_3D ( 'NONE', #5883, #1565, #2983 ) ;
#5974 = CYLINDRICAL_SURFACE ( 'NONE', #2452, 3.499999999999999112 ) ;
#5975 = CARTESIAN_POINT ( 'NONE',  ( -57.67498535135182181, 8.414992237443547296, 28.04134375730104622 ) ) ;
#5976 = ORIENTED_EDGE ( 'NONE', *, *, #3944, .F. ) ;
#5977 = VERTEX_POINT ( 'NONE', #3359 ) ;
#5978 = EDGE_CURVE ( 'NONE', #4798, #3745, #1943, .T. ) ;
#5979 = ADVANCED_FACE ( 'NONE', ( #49 ), #3857, .F. ) ;
#5980 = VECTOR ( 'NONE', #2461, 1000.000000000000000 ) ;
#5981 = CARTESIAN_POINT ( 'NONE',  ( -39.16032727911196076, -32.49992961829499905, 3.000000000000000000 ) ) ;
#5982 = CARTESIAN_POINT ( 'NONE',  ( -51.73034350111014135, -33.49923858745518146, 0.7250002567622051419 ) ) ;
#5983 = DIRECTION ( 'NONE',  ( -0.000000000000000000, -0.000000000000000000, -1.000000000000000000 ) ) ;
#5984 = CYLINDRICAL_SURFACE ( 'NONE', #1831, 12.50000000000000355 ) ;
#5985 = AXIS2_PLACEMENT_3D ( 'NONE', #669, #5094, #287 ) ;
#5986 = ORIENTED_EDGE ( 'NONE', *, *, #5833, .T. ) ;
#5987 = ORIENTED_EDGE ( 'NONE', *, *, #3498, .F. ) ;
#5988 = EDGE_CURVE ( 'NONE', #5443, #4442, #456, .T. ) ;
#5989 = DIRECTION ( 'NONE',  ( -0.000000000000000000, -0.000000000000000000, 1.000000000000000000 ) ) ;
#5990 = AXIS2_PLACEMENT_3D ( 'NONE', #723, #5563, #4092 ) ;
#5991 = DIRECTION ( 'NONE',  ( 1.000000000000000000, 0.000000000000000000, 0.000000000000000000 ) ) ;
#5992 = DIRECTION ( 'NONE',  ( -2.775557561562891351E-15, 1.000000000000000000, 0.000000000000000000 ) ) ;
#5993 = EDGE_LOOP ( 'NONE', ( #2112, #205 ) ) ;
#5994 = ORIENTED_EDGE ( 'NONE', *, *, #4026, .T. ) ;
#5995 = EDGE_LOOP ( 'NONE', ( #534, #4287, #1944, #5396 ) ) ;
#5996 = AXIS2_PLACEMENT_3D ( 'NONE', #3201, #2642, #5403 ) ;
#5997 = EDGE_CURVE ( 'NONE', #449, #2715, #14, .T. ) ;
#5998 = DIRECTION ( 'NONE',  ( -1.000000000000000000, 0.000000000000000000, 0.000000000000000000 ) ) ;
#5999 = CARTESIAN_POINT ( 'NONE',  ( -56.25248347830570594, -45.92592313267459048, 28.04134375730104622 ) ) ;
#6000 = ORIENTED_EDGE ( 'NONE', *, *, #967, .F. ) ;
#6001 = EDGE_CURVE ( 'NONE', #8, #5595, #1343, .T. ) ;
#6002 = VERTEX_POINT ( 'NONE', #4267 ) ;
#6003 = VECTOR ( 'NONE', #6231, 1000.000000000000000 ) ;
#6004 = DIRECTION ( 'NONE',  ( -1.000000000000000000, 0.000000000000000000, 0.000000000000000000 ) ) ;
#6005 = CARTESIAN_POINT ( 'NONE',  ( 14.95999999999986940, -28.25000000000002487, 1.450000272415357561 ) ) ;
#6006 = DATE_TIME_ROLE ( 'creation_date' ) ;
#6007 = LINE ( 'NONE', #4571, #520 ) ;
#6008 = CYLINDRICAL_SURFACE ( 'NONE', #3823, 0.5000000000000004441 ) ;
#6009 = DIRECTION ( 'NONE',  ( -4.180742545671762101E-15, -4.371140887755362005E-08, -0.9999999999999992228 ) ) ;
#6010 = ORIENTED_EDGE ( 'NONE', *, *, #2421, .T. ) ;
#6011 = APPROVAL ( #476, 'UNSPECIFIED' ) ;
#6012 = EDGE_LOOP ( 'NONE', ( #4860, #1978, #4465, #2095 ) ) ;
#6013 = CYLINDRICAL_SURFACE ( 'NONE', #518, 7.000000000000002665 ) ;
#6014 = DIRECTION ( 'NONE',  ( 0.000000000000000000, 0.000000000000000000, -1.000000000000000000 ) ) ;
#6015 = DIRECTION ( 'NONE',  ( -0.000000000000000000, 0.000000000000000000, 1.000000000000000000 ) ) ;
#6016 = DIRECTION ( 'NONE',  ( 1.000000000000000000, 0.000000000000000000, -0.000000000000000000 ) ) ;
#6017 = EDGE_CURVE ( 'NONE', #5616, #6214, #5728, .T. ) ;
#6018 = EDGE_CURVE ( 'NONE', #3517, #2491, #1908, .T. ) ;
#6019 = VERTEX_POINT ( 'NONE', #1502 ) ;
#6020 = VERTEX_POINT ( 'NONE', #3822 ) ;
#6021 = CARTESIAN_POINT ( 'NONE',  ( -53.71248359946253004, -33.76592310238539341, 28.04134375730104622 ) ) ;
#6022 = DIRECTION ( 'NONE',  ( 1.000000000000000000, 0.000000000000000000, 0.000000000000000000 ) ) ;
#6023 = DIRECTION ( 'NONE',  ( 1.000000000000000000, 0.000000000000000000, -0.000000000000000000 ) ) ;
#6024 = CARTESIAN_POINT ( 'NONE',  ( 4.574954986571961868, -57.07508182525601370, 0.000000000000000000 ) ) ;
#6025 = EDGE_CURVE ( 'NONE', #5013, #6002, #4446, .T. ) ;
#6026 = ORIENTED_EDGE ( 'NONE', *, *, #1051, .T. ) ;
#6027 = VERTEX_POINT ( 'NONE', #6246 ) ;
#6028 = LINE ( 'NONE', #1203, #2026 ) ;
#6029 = CARTESIAN_POINT ( 'NONE',  ( 51.70808186218739166, -2.499931335448996261, 0.000000000000000000 ) ) ;
#6030 = EDGE_CURVE ( 'NONE', #5658, #4229, #484, .T. ) ;
#6031 = ORIENTED_EDGE ( 'NONE', *, *, #4278, .T. ) ;
#6032 = CIRCLE ( 'NONE', #3305, 3.500000000000003109 ) ;
#6033 = ORIENTED_EDGE ( 'NONE', *, *, #4882, .F. ) ;
#6034 = CYLINDRICAL_SURFACE ( 'NONE', #3434, 7.000000000000002665 ) ;
#6035 = DIRECTION ( 'NONE',  ( 0.000000000000000000, -0.000000000000000000, 1.000000000000000000 ) ) ;
#6036 = DIRECTION ( 'NONE',  ( 1.000000000000000000, 1.994248318681189754E-16, 0.000000000000000000 ) ) ;
#6037 = DIRECTION ( 'NONE',  ( 1.627596612567151877E-05, 0.9999999998675465074, 0.000000000000000000 ) ) ;
#6038 = AXIS2_PLACEMENT_3D ( 'NONE', #1766, #1975, #2069 ) ;
#6039 = CARTESIAN_POINT ( 'NONE',  ( -39.16013196753240777, -8.499931335448993153, 3.000000000000000000 ) ) ;
#6040 = DIRECTION ( 'NONE',  ( 0.000000000000000000, -1.000000000000000000, 0.000000000000000000 ) ) ;
#6041 = VERTEX_POINT ( 'NONE', #4324 ) ;
#6042 = ORIENTED_EDGE ( 'NONE', *, *, #3210, .F. ) ;
#6043 = DIRECTION ( 'NONE',  ( 0.9999999998675463964, -1.627596612578200236E-05, 0.000000000000000000 ) ) ;
#6044 = EDGE_CURVE ( 'NONE', #5911, #401, #4869, .T. ) ;
#6045 = CARTESIAN_POINT ( 'NONE',  ( 8.999999999999975131, -13.46000116234514543, 1.449999625923702240 ) ) ;
#6046 = DIRECTION ( 'NONE',  ( -1.000000000000000000, -2.102695122396129669E-16, 0.000000000000000000 ) ) ;
#6047 = DIRECTION ( 'NONE',  ( -1.000000000000000000, 0.000000000000000000, 0.000000000000000000 ) ) ;
#6048 = EDGE_CURVE ( 'NONE', #3777, #5135, #2360, .T. ) ;
#6049 = ORIENTED_EDGE ( 'NONE', *, *, #1513, .T. ) ;
#6050 = ORIENTED_EDGE ( 'NONE', *, *, #5934, .T. ) ;
#6051 = DIRECTION ( 'NONE',  ( -0.000000000000000000, 0.000000000000000000, -1.000000000000000000 ) ) ;
#6052 = EDGE_CURVE ( 'NONE', #1116, #1652, #5194, .T. ) ;
#6053 = CARTESIAN_POINT ( 'NONE',  ( 42.83884060894109780, -7.499931335448991376, 1.449999365400754359 ) ) ;
#6054 = DIRECTION ( 'NONE',  ( -0.000000000000000000, 0.000000000000000000, 1.000000000000000000 ) ) ;
#6055 = FACE_BOUND ( 'NONE', #5154, .T. ) ;
#6056 = LINE ( 'NONE', #2081, #5335 ) ;
#6057 = VERTEX_POINT ( 'NONE', #4714 ) ;
#6058 = AXIS2_PLACEMENT_3D ( 'NONE', #2245, #2282, #271 ) ;
#6059 = ORIENTED_EDGE ( 'NONE', *, *, #1697, .T. ) ;
#6060 = ORIENTED_EDGE ( 'NONE', *, *, #5447, .T. ) ;
#6061 = DIRECTION ( 'NONE',  ( 0.000000000000000000, 0.000000000000000000, 1.000000000000000000 ) ) ;
#6062 = CIRCLE ( 'NONE', #5144, 1.749999999999992673 ) ;
#6063 = AXIS2_PLACEMENT_3D ( 'NONE', #1802, #2684, #3243 ) ;
#6064 = AXIS2_PLACEMENT_3D ( 'NONE', #4805, #477, #4318 ) ;
#6065 = CIRCLE ( 'NONE', #3837, 0.5000000000000004441 ) ;
#6066 = CARTESIAN_POINT ( 'NONE',  ( 30.49963378098338396, -35.50106340185905651, 3.000000000000000000 ) ) ;
#6067 = VERTEX_POINT ( 'NONE', #390 ) ;
#6068 = AXIS2_PLACEMENT_3D ( 'NONE', #4580, #3638, #3602 ) ;
#6069 = AXIS2_PLACEMENT_3D ( 'NONE', #5221, #871, #3824 ) ;
#6070 = LOCAL_TIME ( 11, 28, 6.000000000000000000, #4317 ) ;
#6071 = CIRCLE ( 'NONE', #3342, 3.000000000000000000 ) ;
#6072 = ORIENTED_EDGE ( 'NONE', *, *, #1580, .F. ) ;
#6073 = EDGE_CURVE ( 'NONE', #471, #4577, #1638, .T. ) ;
#6074 = PLANE ( 'NONE',  #2837 ) ;
#6075 = CARTESIAN_POINT ( 'NONE',  ( -51.70836668991861274, -37.99972538755907436, 0.000000000000000000 ) ) ;
#6076 = CARTESIAN_POINT ( 'NONE',  ( 0.000000000000000000, 0.000000000000000000, 0.000000000000000000 ) ) ;
#6077 = DIRECTION ( 'NONE',  ( 4.180742545671762101E-15, 4.371140887755362005E-08, 0.9999999999999992228 ) ) ;
#6078 = AXIS2_PLACEMENT_3D ( 'NONE', #2455, #2093, #3887 ) ;
#6079 = DIRECTION ( 'NONE',  ( -0.000000000000000000, -0.000000000000000000, -1.000000000000000000 ) ) ;
#6080 = VECTOR ( 'NONE', #4073, 999.9999999999998863 ) ;
#6081 = CARTESIAN_POINT ( 'NONE',  ( 39.15992036961294076, -33.50120435612532077, 0.000000000000000000 ) ) ;
#6082 = ORIENTED_EDGE ( 'NONE', *, *, #1995, .T. ) ;
#6083 = EDGE_LOOP ( 'NONE', ( #3003, #1602, #1290, #4301, #2365, #2320, #5038, #3736 ) ) ;
#6084 = VECTOR ( 'NONE', #2512, 1000.000000000000227 ) ;
#6085 = DIRECTION ( 'NONE',  ( -4.180742545671762101E-15, -4.371140887755362005E-08, -0.9999999999999992228 ) ) ;
#6086 = FACE_OUTER_BOUND ( 'NONE', #3593, .T. ) ;
#6087 = CYLINDRICAL_SURFACE ( 'NONE', #217, 4.999999999999997335 ) ;
#6088 = FACE_OUTER_BOUND ( 'NONE', #3588, .T. ) ;
#6089 = ORIENTED_EDGE ( 'NONE', *, *, #6123, .F. ) ;
#6090 = ADVANCED_FACE ( 'NONE', ( #5940 ), #3913, .F. ) ;
#6091 = VERTEX_POINT ( 'NONE', #576 ) ;
#6092 = VECTOR ( 'NONE', #4047, 1000.000000000000000 ) ;
#6093 = CARTESIAN_POINT ( 'NONE',  ( 32.08337700867599551, -47.90032779087575676, 1.450001131359049289 ) ) ;
#6094 = CARTESIAN_POINT ( 'NONE',  ( 55.67099752524903522, -31.34477664196644398, 1.450000407692233928 ) ) ;
#6095 = DIRECTION ( 'NONE',  ( -1.000000000000000000, 0.000000000000000000, 0.000000000000000000 ) ) ;
#6096 = DIRECTION ( 'NONE',  ( -1.000000000000000000, 0.000000000000000000, 0.000000000000000000 ) ) ;
#6097 = CARTESIAN_POINT ( 'NONE',  ( -51.70827717210491414, -32.49972538828756541, 3.000000000000000000 ) ) ;
#6098 = VERTEX_POINT ( 'NONE', #140 ) ;
#6099 = ORIENTED_EDGE ( 'NONE', *, *, #2396, .T. ) ;
#6100 = ORIENTED_EDGE ( 'NONE', *, *, #4986, .T. ) ;
#6101 = AXIS2_PLACEMENT_3D ( 'NONE', #2893, #930, #1308 ) ;
#6102 = VECTOR ( 'NONE', #5741, 1000.000000000000000 ) ;
#6103 = FACE_OUTER_BOUND ( 'NONE', #37, .T. ) ;
#6104 = DIRECTION ( 'NONE',  ( 0.000000000000000000, 1.000000000000000000, 0.000000000000000000 ) ) ;
#6105 = EDGE_CURVE ( 'NONE', #1759, #5610, #4909, .T. ) ;
#6106 = EDGE_CURVE ( 'NONE', #3110, #302, #632, .T. ) ;
#6107 = EDGE_LOOP ( 'NONE', ( #3512, #1519 ) ) ;
#6108 = VECTOR ( 'NONE', #948, 1000.000000000000000 ) ;
#6109 = VERTEX_POINT ( 'NONE', #3946 ) ;
#6110 = AXIS2_PLACEMENT_3D ( 'NONE', #3612, #1693, #3581 ) ;
#6111 = DIRECTION ( 'NONE',  ( 1.000000000000000000, 0.000000000000000000, 0.000000000000000000 ) ) ;
#6112 = DIRECTION ( 'NONE',  ( -4.625929269271485322E-15, -0.9999999999999990008, 4.371140884147639571E-08 ) ) ;
#6113 = PERSON_AND_ORGANIZATION ( #1498, #3540 ) ;
#6114 = CARTESIAN_POINT ( 'NONE',  ( 39.15993664557803555, -32.50120435625778015, 1.450000458241387680 ) ) ;
#6115 = DIRECTION ( 'NONE',  ( 1.000000000000000000, 0.000000000000000000, 0.000000000000000000 ) ) ;
#6116 = DIRECTION ( 'NONE',  ( -0.000000000000000000, 0.000000000000000000, 1.000000000000000000 ) ) ;
#6117 = EDGE_CURVE ( 'NONE', #2134, #3062, #323, .T. ) ;
#6118 = VERTEX_POINT ( 'NONE', #4500 ) ;
#6119 = FACE_OUTER_BOUND ( 'NONE', #1160, .T. ) ;
#6120 = DIRECTION ( 'NONE',  ( -0.9999999998675463964, 1.627596612567151538E-05, 0.000000000000000000 ) ) ;
#6121 = CARTESIAN_POINT ( 'NONE',  ( -8.924942016602040340, -57.37510013580300949, 1.450001545514617796 ) ) ;
#6122 = DIRECTION ( 'NONE',  ( 0.000000000000000000, 0.000000000000000000, -1.000000000000000000 ) ) ;
#6123 = EDGE_CURVE ( 'NONE', #5250, #1977, #1613, .T. ) ;
#6124 = VERTEX_POINT ( 'NONE', #4936 ) ;
#6125 = ORIENTED_EDGE ( 'NONE', *, *, #2469, .F. ) ;
#6126 = DIRECTION ( 'NONE',  ( -0.000000000000000000, -0.000000000000000000, 1.000000000000000000 ) ) ;
#6127 = PLANE ( 'NONE',  #2860 ) ;
#6128 = LINE ( 'NONE', #776, #5367 ) ;
#6129 = DIRECTION ( 'NONE',  ( -1.000000000000000000, 0.000000000000000000, 0.000000000000000000 ) ) ;
#6130 = DIRECTION ( 'NONE',  ( 0.9999999999999961142, 8.742277677795539484E-08, -8.002115286624055570E-15 ) ) ;
#6131 = ORIENTED_EDGE ( 'NONE', *, *, #4492, .F. ) ;
#6132 = ORIENTED_EDGE ( 'NONE', *, *, #3282, .F. ) ;
#6133 = ORIENTED_EDGE ( 'NONE', *, *, #3531, .F. ) ;
#6134 = FACE_OUTER_BOUND ( 'NONE', #2047, .T. ) ;
#6135 = ADVANCED_FACE ( 'NONE', ( #2067 ), #3976, .T. ) ;
#6136 = FACE_OUTER_BOUND ( 'NONE', #6107, .T. ) ;
#6137 = ORIENTED_EDGE ( 'NONE', *, *, #2585, .T. ) ;
#6138 = ORIENTED_EDGE ( 'NONE', *, *, #5777, .T. ) ;
#6139 = ADVANCED_FACE ( 'NONE', ( #5383 ), #1055, .F. ) ;
#6140 = CARTESIAN_POINT ( 'NONE',  ( 30.49987792968802225, -5.499931335448994929, 0.000000000000000000 ) ) ;
#6141 = DIRECTION ( 'NONE',  ( -1.000000000000000000, 0.000000000000000000, 0.000000000000000000 ) ) ;
#6142 = CYLINDRICAL_SURFACE ( 'NONE', #1424, 2.000000000000001776 ) ;
#6143 = CARTESIAN_POINT ( 'NONE',  ( -51.70808186218739166, -7.999931335448993153, 0.000000000000000000 ) ) ;
#6144 = CARTESIAN_POINT ( 'NONE',  ( 51.50000000000000000, -55.00000000000000000, 3.000000000000000000 ) ) ;
#6145 = CIRCLE ( 'NONE', #677, 12.50000000000000355 ) ;
#6146 = ORIENTED_EDGE ( 'NONE', *, *, #1229, .T. ) ;
#6147 = CARTESIAN_POINT ( 'NONE',  ( -39.16013196753240777, -2.499931335448993597, 3.000000000000000000 ) ) ;
#6148 = CARTESIAN_POINT ( 'NONE',  ( 53.13099752524905028, -31.34477641991259489, 0.000000000000000000 ) ) ;
#6149 = DIRECTION ( 'NONE',  ( 0.000000000000000000, -0.9999999999999991118, 4.371140887755362005E-08 ) ) ;
#6150 = CARTESIAN_POINT ( 'NONE',  ( -56.25248347830570594, -45.92592313267459048, 0.000000000000000000 ) ) ;
#6151 = VERTEX_POINT ( 'NONE', #5972 ) ;
#6152 = ORIENTED_EDGE ( 'NONE', *, *, #5041, .T. ) ;
#6153 = CARTESIAN_POINT ( 'NONE',  ( 42.83862901053436190, -33.50126423066255654, 36.80533964869712804 ) ) ;
#6154 = DIRECTION ( 'NONE',  ( -1.000000000000000000, 0.000000000000000000, 0.000000000000000000 ) ) ;
#6155 = DIRECTION ( 'NONE',  ( -0.000000000000000000, -0.000000000000000000, -1.000000000000000000 ) ) ;
#6156 = EDGE_CURVE ( 'NONE', #4229, #2497, #1236, .T. ) ;
#6157 = CARTESIAN_POINT ( 'NONE',  ( 39.16013196753240777, -10.49993133544899493, 1.449999496535001819 ) ) ;
#6158 = DIRECTION ( 'NONE',  ( -0.000000000000000000, -0.000000000000000000, -1.000000000000000000 ) ) ;
#6159 = EDGE_LOOP ( 'NONE', ( #692, #4473, #1159, #234 ) ) ;
#6160 = ORIENTED_EDGE ( 'NONE', *, *, #2846, .F. ) ;
#6161 = CARTESIAN_POINT ( 'NONE',  ( 45.37007602278353602, -52.94007753325929855, 1.450001351653305681 ) ) ;
#6162 = CIRCLE ( 'NONE', #3425, 3.500000000000003109 ) ;
#6163 = PLANE ( 'NONE',  #1966 ) ;
#6164 = VERTEX_POINT ( 'NONE', #104 ) ;
#6165 = EDGE_CURVE ( 'NONE', #2607, #1581, #5677, .T. ) ;
#6166 = ORIENTED_EDGE ( 'NONE', *, *, #4626, .F. ) ;
#6167 = VECTOR ( 'NONE', #2100, 1000.000000000000000 ) ;
#6168 = AXIS2_PLACEMENT_3D ( 'NONE', #1584, #3500, #1495 ) ;
#6169 = LINE ( 'NONE', #1493, #4652 ) ;
#6170 = PLANE ( 'NONE',  #5484 ) ;
#6171 = COORDINATED_UNIVERSAL_TIME_OFFSET ( 3, 0, .AHEAD. ) ;
#6172 = CARTESIAN_POINT ( 'NONE',  ( -61.00000000000001421, 66.00000000000000000, 3.000000000000000000 ) ) ;
#6173 = DIRECTION ( 'NONE',  ( 0.000000000000000000, 1.000000000000000000, 0.000000000000000000 ) ) ;
#6174 = EDGE_LOOP ( 'NONE', ( #2139, #356, #6131, #592 ) ) ;
#6175 = CIRCLE ( 'NONE', #709, 1.750000000000001554 ) ;
#6176 = EDGE_CURVE ( 'NONE', #1958, #5495, #5438, .T. ) ;
#6177 = CIRCLE ( 'NONE', #5046, 12.50000000000000355 ) ;
#6178 = VERTEX_POINT ( 'NONE', #1111 ) ;
#6179 = DIRECTION ( 'NONE',  ( -0.9999999998675463964, 1.627596612567151538E-05, 0.000000000000000000 ) ) ;
#6180 = CARTESIAN_POINT ( 'NONE',  ( 39.67893410269429921, -45.40007575682851382, 0.000000000000000000 ) ) ;
#6181 = VECTOR ( 'NONE', #513, 1000.000000000000000 ) ;
#6182 = CARTESIAN_POINT ( 'NONE',  ( -53.71248359946253004, -33.76592310238539341, 0.000000000000000000 ) ) ;
#6183 = CIRCLE ( 'NONE', #4753, 12.50000000000000000 ) ;
#6184 = DIRECTION ( 'NONE',  ( -1.000000000000000000, 0.000000000000000000, 0.000000000000000000 ) ) ;
#6185 = EDGE_CURVE ( 'NONE', #2329, #6124, #4992, .T. ) ;
#6186 = ORIENTED_EDGE ( 'NONE', *, *, #2740, .T. ) ;
#6187 = CIRCLE ( 'NONE', #3445, 2.000000000000003553 ) ;
#6188 = ADVANCED_FACE ( 'NONE', ( #4029 ), #168, .F. ) ;
#6189 = VERTEX_POINT ( 'NONE', #1018 ) ;
#6190 = LINE ( 'NONE', #5734, #1158 ) ;
#6191 = DIRECTION ( 'NONE',  ( -0.000000000000000000, -0.000000000000000000, -1.000000000000000000 ) ) ;
#6192 = CARTESIAN_POINT ( 'NONE',  ( 51.70778888277527585, -38.50140858547049305, 0.000000000000000000 ) ) ;
#6193 = CARTESIAN_POINT ( 'NONE',  ( 55.00000000000000000, 55.00000000000000711, 3.000000000000000000 ) ) ;
#6194 = VECTOR ( 'NONE', #2193, 1000.000000000000000 ) ;
#6195 = AXIS2_PLACEMENT_3D ( 'NONE', #5423, #619, #2104 ) ;
#6196 = EDGE_LOOP ( 'NONE', ( #1933, #4625, #4098, #678 ) ) ;
#6197 = EDGE_CURVE ( 'NONE', #2537, #5610, #2953, .T. ) ;
#6198 = ORIENTED_EDGE ( 'NONE', *, *, #5858, .F. ) ;
#6199 = DIRECTION ( 'NONE',  ( -0.000000000000000000, 0.000000000000000000, -1.000000000000000000 ) ) ;
#6200 = VECTOR ( 'NONE', #905, 1000.000000000000000 ) ;
#6201 = CARTESIAN_POINT ( 'NONE',  ( 47.02500206014519790, -33.14931709140557814, 1.450000486571279668 ) ) ;
#6202 = ORIENTED_EDGE ( 'NONE', *, *, #774, .F. ) ;
#6203 = EDGE_CURVE ( 'NONE', #747, #5898, #4382, .T. ) ;
#6204 = ORIENTED_EDGE ( 'NONE', *, *, #5453, .F. ) ;
#6205 = AXIS2_PLACEMENT_3D ( 'NONE', #455, #483, #3322 ) ;
#6206 = VERTEX_POINT ( 'NONE', #5851 ) ;
#6207 = CYLINDRICAL_SURFACE ( 'NONE', #5053, 8.000000000000000000 ) ;
#6208 = DIRECTION ( 'NONE',  ( -0.000000000000000000, -0.000000000000000000, -1.000000000000000000 ) ) ;
#6209 = AXIS2_PLACEMENT_3D ( 'NONE', #4323, #13, #1935 ) ;
#6210 = CYLINDRICAL_SURFACE ( 'NONE', #5955, 0.5000000000000004441 ) ;
#6211 = EDGE_CURVE ( 'NONE', #5339, #6109, #1535, .T. ) ;
#6212 = DIRECTION ( 'NONE',  ( 0.000000000000000000, -0.000000000000000000, 1.000000000000000000 ) ) ;
#6213 = EDGE_LOOP ( 'NONE', ( #1585, #452, #3419, #2430, #3403, #2073, #1708, #683, #466, #3257, #1480, #4730, #2680, #1606 ) ) ;
#6214 = VERTEX_POINT ( 'NONE', #5049 ) ;
#6215 = AXIS2_PLACEMENT_3D ( 'NONE', #5842, #5239, #536 ) ;
#6216 = VECTOR ( 'NONE', #1919, 1000.000000000000000 ) ;
#6217 = DIRECTION ( 'NONE',  ( -0.9999999998675463964, 1.627596612587094081E-05, 0.000000000000000000 ) ) ;
#6218 = DIRECTION ( 'NONE',  ( -4.180742545671762101E-15, -4.371140887755362005E-08, -0.9999999999999992228 ) ) ;
#6219 = CARTESIAN_POINT ( 'NONE',  ( 39.15985526574843334, -37.50120435559551169, 0.000000000000000000 ) ) ;
#6220 = CARTESIAN_POINT ( 'NONE',  ( 51.70780515874140804, -37.50140858560294532, 0.000000000000000000 ) ) ;
#6221 = ORIENTED_EDGE ( 'NONE', *, *, #450, .T. ) ;
#6222 = EDGE_LOOP ( 'NONE', ( #5036, #1593, #3721, #4940, #910 ) ) ;
#6223 = CARTESIAN_POINT ( 'NONE',  ( 47.37007602278353602, -48.40007575682851382, 1.450001153203423598 ) ) ;
#6224 = VECTOR ( 'NONE', #1358, 1000.000000000000000 ) ;
#6225 = CARTESIAN_POINT ( 'NONE',  ( -13.92494201660204212, -55.62510013580300949, 28.04134375730104622 ) ) ;
#6226 = EDGE_CURVE ( 'NONE', #1539, #5075, #725, .T. ) ;
#6227 = DIRECTION ( 'NONE',  ( -1.000000000000000000, 0.000000000000000000, 0.000000000000000000 ) ) ;
#6228 = CARTESIAN_POINT ( 'NONE',  ( 2.074954986571962312, -57.07508182525601370, 0.000000000000000000 ) ) ;
#6229 = VERTEX_POINT ( 'NONE', #3122 ) ;
#6230 = ORIENTED_EDGE ( 'NONE', *, *, #1379, .F. ) ;
#6231 = DIRECTION ( 'NONE',  ( -0.000000000000000000, -0.000000000000000000, -1.000000000000000000 ) ) ;
#6232 = EDGE_CURVE ( 'NONE', #5190, #2664, #688, .T. ) ;
#6233 = DIRECTION ( 'NONE',  ( -0.000000000000000000, -0.000000000000000000, -1.000000000000000000 ) ) ;
#6234 = ORIENTED_EDGE ( 'NONE', *, *, #2618, .T. ) ;
#6235 = ORIENTED_EDGE ( 'NONE', *, *, #2011, .T. ) ;
#6236 = LINE ( 'NONE', #3381, #3873 ) ;
#6237 = LINE ( 'NONE', #2756, #3641 ) ;
#6238 = CARTESIAN_POINT ( 'NONE',  ( 39.16013196753240777, -7.499931335448995817, 0.000000000000000000 ) ) ;
#6239 = EDGE_CURVE ( 'NONE', #4496, #2012, #826, .T. ) ;
#6240 = DIRECTION ( 'NONE',  ( -1.000000000000000000, 0.000000000000000000, 0.000000000000000000 ) ) ;
#6241 = FACE_OUTER_BOUND ( 'NONE', #2745, .T. ) ;
#6242 = VERTEX_POINT ( 'NONE', #5626 ) ;
#6243 = ORIENTED_EDGE ( 'NONE', *, *, #5912, .F. ) ;
#6244 = LINE ( 'NONE', #481, #1623 ) ;
#6245 = CARTESIAN_POINT ( 'NONE',  ( 10.99999999999997513, -11.46000000000002927, 0.000000000000000000 ) ) ;
#6246 = CARTESIAN_POINT ( 'NONE',  ( 42.63453902919962246, -2.499931335448994485, 0.000000000000000000 ) ) ;
#6247 = CARTESIAN_POINT ( 'NONE',  ( 47.02500206014519790, -33.50133236792851221, 0.000000000000000000 ) ) ;
#6248 = EDGE_LOOP ( 'NONE', ( #1792, #5462, #3796, #2096, #3917, #4525 ) ) ;
#6249 = EDGE_LOOP ( 'NONE', ( #5986, #3980, #5569, #4698, #3572, #5808, #330, #2948, #5688, #4088, #2746, #1910, #1333, #754, #5259, #5781, #4767, #1799 ) ) ;
#6250 = EDGE_CURVE ( 'NONE', #672, #2437, #4570, .T. ) ;
#6251 = DIRECTION ( 'NONE',  ( 4.180742545671757368E-15, 4.371140887755362005E-08, 0.9999999999999991118 ) ) ;
#6252 = ADVANCED_FACE ( 'NONE', ( #5017 ), #4093, .F. ) ;
#6253 = CARTESIAN_POINT ( 'NONE',  ( -51.70836668991861274, -37.99972538755907436, 1.450000698589868797 ) ) ;
#6254 = CARTESIAN_POINT ( 'NONE',  ( 42.83884060894109780, -3.499931335448998926, 1.449999190555119055 ) ) ;
#6255 = DIRECTION ( 'NONE',  ( -0.000000000000000000, -0.000000000000000000, -1.000000000000000000 ) ) ;
#6256 = EDGE_LOOP ( 'NONE', ( #5206, #4741, #5856, #1812 ) ) ;
#6257 = EDGE_CURVE ( 'NONE', #1151, #1691, #521, .T. ) ;
#6258 = ORIENTED_EDGE ( 'NONE', *, *, #992, .F. ) ;
#6259 = DIRECTION ( 'NONE',  ( 0.000000000000000000, 0.000000000000000000, -1.000000000000000000 ) ) ;
#6260 = CARTESIAN_POINT ( 'NONE',  ( 30.49963378098338396, -35.50106340185905651, 0.000000000000000000 ) ) ;
ENDSEC;
END-ISO-10303-21;
