ISO-10303-21;
HEADER;
FILE_DESCRIPTION (( 'STEP AP203' ),
    '1' );
FILE_NAME ('Подложка (обработка).STEP',
    '2024-03-01T08:32:09',
    ( '' ),
    ( '' ),
    'SwSTEP 2.0',
    'SolidWorks 2020',
    '' );
FILE_SCHEMA (( 'CONFIG_CONTROL_DESIGN' ));
ENDSEC;

DATA;
#1 = ADVANCED_FACE ( 'NONE', ( #1116 ), #560, .F. ) ;
#2 = ORIENTED_EDGE ( 'NONE', *, *, #2003, .T. ) ;
#3 = DIRECTION ( 'NONE',  ( -0.000000000000000000, 0.000000000000000000, -1.000000000000000000 ) ) ;
#4 = ORIENTED_EDGE ( 'NONE', *, *, #11, .F. ) ;
#5 = ORIENTED_EDGE ( 'NONE', *, *, #1293, .T. ) ;
#6 = ADVANCED_FACE ( 'NONE', ( #2988 ), #3225, .T. ) ;
#7 = CARTESIAN_POINT ( 'NONE',  ( -40.00000000000000000, 28.00000000000004619, 3.000000000000000000 ) ) ;
#8 = DIRECTION ( 'NONE',  ( -4.180742545671762101E-15, -4.371140887755362005E-08, -0.9999999999999992228 ) ) ;
#9 = VERTEX_POINT ( 'NONE', #1167 ) ;
#10 = EDGE_LOOP ( 'NONE', ( #2279, #3414 ) ) ;
#11 = EDGE_CURVE ( 'NONE', #269, #697, #853, .T. ) ;
#12 = FACE_OUTER_BOUND ( 'NONE', #1772, .T. ) ;
#13 = CARTESIAN_POINT ( 'NONE',  ( -13.92494201660204212, -57.37510013580300949, 28.04134375730104622 ) ) ;
#14 = CARTESIAN_POINT ( 'NONE',  ( 13.53999999999997605, -18.54000000000002402, 1.449999847977584411 ) ) ;
#15 = ORIENTED_EDGE ( 'NONE', *, *, #585, .F. ) ;
#16 = CARTESIAN_POINT ( 'NONE',  ( -56.25248347830581963, -31.76592310238539341, 1.450000426101608841 ) ) ;
#17 = VERTEX_POINT ( 'NONE', #2481 ) ;
#18 = CARTESIAN_POINT ( 'NONE',  ( 55.67099752524903522, -33.09477664196644753, 1.450000484187199623 ) ) ;
#19 = VECTOR ( 'NONE', #3296, 1000.000000000000000 ) ;
#20 = AXIS2_PLACEMENT_3D ( 'NONE', #1142, #655, #910 ) ;
#21 = ORIENTED_EDGE ( 'NONE', *, *, #2070, .T. ) ;
#22 = PLANE ( 'NONE',  #1742 ) ;
#23 = LINE ( 'NONE', #1652, #485 ) ;
#24 = AXIS2_PLACEMENT_3D ( 'NONE', #1224, #2272, #3334 ) ;
#25 = ORIENTED_EDGE ( 'NONE', *, *, #461, .F. ) ;
#26 = CIRCLE ( 'NONE', #637, 2.000000000000001776 ) ;
#27 = DIRECTION ( 'NONE',  ( -3.414809992080331981E-16, 1.000000000000000000, 0.000000000000000000 ) ) ;
#28 = DIRECTION ( 'NONE',  ( 1.000000000000000000, 0.000000000000000000, 0.000000000000000000 ) ) ;
#29 = DIRECTION ( 'NONE',  ( 0.000000000000000000, -0.9999999999999991118, 4.371140884147639571E-08 ) ) ;
#30 = VECTOR ( 'NONE', #2722, 1000.000000000000000 ) ;
#31 = EDGE_CURVE ( 'NONE', #2789, #2516, #1185, .T. ) ;
#32 = ORIENTED_EDGE ( 'NONE', *, *, #436, .T. ) ;
#33 = VECTOR ( 'NONE', #385, 1000.000000000000000 ) ;
#34 = DIRECTION ( 'NONE',  ( 4.180742545671762101E-15, 4.371140887755362005E-08, 0.9999999999999992228 ) ) ;
#35 = DIRECTION ( 'NONE',  ( -4.180742545671762101E-15, -4.371140887755362005E-08, -0.9999999999999992228 ) ) ;
#36 = CIRCLE ( 'NONE', #2473, 4.999999999999997335 ) ;
#37 = CARTESIAN_POINT ( 'NONE',  ( 14.95999999999986940, -24.75000000000002132, 1.450000119425427725 ) ) ;
#38 = CARTESIAN_POINT ( 'NONE',  ( 51.50000000000000000, -55.00000000000000000, 3.000000000000000000 ) ) ;
#39 = CIRCLE ( 'NONE', #1864, 2.000000000000000000 ) ;
#40 = EDGE_CURVE ( 'NONE', #2558, #3371, #3246, .T. ) ;
#41 = VECTOR ( 'NONE', #2593, 1000.000000000000000 ) ;
#42 = ORIENTED_EDGE ( 'NONE', *, *, #770, .F. ) ;
#43 = FACE_OUTER_BOUND ( 'NONE', #2174, .T. ) ;
#44 = FACE_OUTER_BOUND ( 'NONE', #731, .T. ) ;
#45 = APPROVAL_PERSON_ORGANIZATION ( #3144, #3175, #232 ) ;
#46 = ORIENTED_EDGE ( 'NONE', *, *, #2506, .T. ) ;
#47 = FACE_OUTER_BOUND ( 'NONE', #3341, .T. ) ;
#48 = ORIENTED_EDGE ( 'NONE', *, *, #2452, .F. ) ;
#49 = CARTESIAN_POINT ( 'NONE',  ( -51.71248359946253714, -33.76592310238539341, 1.450000513524405399 ) ) ;
#50 = DIRECTION ( 'NONE',  ( -0.000000000000000000, -0.000000000000000000, -1.000000000000000000 ) ) ;
#51 = ORIENTED_EDGE ( 'NONE', *, *, #1442, .T. ) ;
#52 = ADVANCED_FACE ( 'NONE', ( #1611 ), #1941, .F. ) ;
#53 = DIRECTION ( 'NONE',  ( -0.000000000000000000, 0.000000000000000000, -1.000000000000000000 ) ) ;
#54 = FACE_OUTER_BOUND ( 'NONE', #2551, .T. ) ;
#55 = ORIENTED_EDGE ( 'NONE', *, *, #3209, .F. ) ;
#56 = EDGE_CURVE ( 'NONE', #1395, #463, #70, .T. ) ;
#57 = DIRECTION ( 'NONE',  ( 0.000000000000000000, 0.000000000000000000, 1.000000000000000000 ) ) ;
#58 = EDGE_LOOP ( 'NONE', ( #827, #2276 ) ) ;
#59 = FACE_OUTER_BOUND ( 'NONE', #2001, .T. ) ;
#60 = CARTESIAN_POINT ( 'NONE',  ( 36.49987792968698130, -35.50007057189900905, 3.000000000000000000 ) ) ;
#61 = EDGE_LOOP ( 'NONE', ( #721, #1763, #1414, #2993 ) ) ;
#62 = EDGE_LOOP ( 'NONE', ( #1860, #774, #3217, #1492 ) ) ;
#63 = CARTESIAN_POINT ( 'NONE',  ( -51.50000000000000000, -55.00000000000000000, 0.000000000000000000 ) ) ;
#64 = CC_DESIGN_PERSON_AND_ORGANIZATION_ASSIGNMENT ( #2359, #2089, ( #2705 ) ) ;
#65 = CARTESIAN_POINT ( 'NONE',  ( 50.52500206014519790, -33.14931592906049218, 0.000000000000000000 ) ) ;
#66 = ORIENTED_EDGE ( 'NONE', *, *, #264, .T. ) ;
#67 = DIRECTION ( 'NONE',  ( -0.000000000000000000, 0.000000000000000000, -1.000000000000000000 ) ) ;
#68 = DIRECTION ( 'NONE',  ( -0.000000000000000000, 0.000000000000000000, -1.000000000000000000 ) ) ;
#69 = EDGE_CURVE ( 'NONE', #3172, #1529, #3266, .T. ) ;
#70 = LINE ( 'NONE', #1131, #1022 ) ;
#71 = DIRECTION ( 'NONE',  ( -0.000000000000000000, -0.000000000000000000, -1.000000000000000000 ) ) ;
#72 = EDGE_CURVE ( 'NONE', #284, #855, #1352, .T. ) ;
#73 = VERTEX_POINT ( 'NONE', #3210 ) ;
#74 = VECTOR ( 'NONE', #1071, 1000.000000000000000 ) ;
#75 = DIRECTION ( 'NONE',  ( 0.000000000000000000, 1.000000000000000000, 0.000000000000000000 ) ) ;
#76 = DIRECTION ( 'NONE',  ( 4.180742545671762101E-15, 4.371140887755362005E-08, 0.9999999999999992228 ) ) ;
#77 = VECTOR ( 'NONE', #3060, 1000.000000000000000 ) ;
#78 = EDGE_CURVE ( 'NONE', #2025, #1317, #836, .T. ) ;
#79 = ORIENTED_EDGE ( 'NONE', *, *, #1873, .F. ) ;
#80 = CARTESIAN_POINT ( 'NONE',  ( 29.07826691783824913, -17.91882911790084520, 0.000000000000000000 ) ) ;
#81 = AXIS2_PLACEMENT_3D ( 'NONE', #384, #96, #1444 ) ;
#82 = CYLINDRICAL_SURFACE ( 'NONE', #3087, 1.750000000000008438 ) ;
#83 = AXIS2_PLACEMENT_3D ( 'NONE', #2795, #416, #996 ) ;
#84 = ORIENTED_EDGE ( 'NONE', *, *, #521, .T. ) ;
#85 = DIRECTION ( 'NONE',  ( -1.000000000000000000, 0.000000000000000000, 0.000000000000000000 ) ) ;
#86 = DIRECTION ( 'NONE',  ( 1.000000000000000000, 0.000000000000000000, 0.000000000000000000 ) ) ;
#87 = CIRCLE ( 'NONE', #1473, 1.750000000000001554 ) ;
#88 = PLANE ( 'NONE',  #1861 ) ;
#89 = AXIS2_PLACEMENT_3D ( 'NONE', #3204, #2126, #1982 ) ;
#90 = DIRECTION ( 'NONE',  ( -0.000000000000000000, -0.000000000000000000, -1.000000000000000000 ) ) ;
#91 = DIRECTION ( 'NONE',  ( 1.000000000000000000, 0.000000000000000000, 0.000000000000000000 ) ) ;
#92 = CIRCLE ( 'NONE', #1690, 1.000000000000000888 ) ;
#93 = ORIENTED_EDGE ( 'NONE', *, *, #2633, .T. ) ;
#94 = ORIENTED_EDGE ( 'NONE', *, *, #1266, .F. ) ;
#95 = CIRCLE ( 'NONE', #537, 3.500000000000003109 ) ;
#96 = DIRECTION ( 'NONE',  ( 0.000000000000000000, 0.000000000000000000, -1.000000000000000000 ) ) ;
#97 = EDGE_CURVE ( 'NONE', #2430, #374, #2122, .T. ) ;
#98 = CARTESIAN_POINT ( 'NONE',  ( 10.99999999999997513, -11.46000000000002927, 28.04134375730104622 ) ) ;
#99 = CIRCLE ( 'NONE', #1756, 4.999999999999997335 ) ;
#100 = ORIENTED_EDGE ( 'NONE', *, *, #436, .F. ) ;
#101 = CARTESIAN_POINT ( 'NONE',  ( -53.71248359946253004, -45.92592313267459048, 28.04134375730104622 ) ) ;
#102 = AXIS2_PLACEMENT_3D ( 'NONE', #253, #986, #1828 ) ;
#103 = DIRECTION ( 'NONE',  ( -4.180742545671762101E-15, -4.371140887755362005E-08, -0.9999999999999992228 ) ) ;
#104 = ORIENTED_EDGE ( 'NONE', *, *, #2829, .T. ) ;
#105 = CARTESIAN_POINT ( 'NONE',  ( -59.42498535135182181, 8.414992237443547296, 28.04134375730104622 ) ) ;
#106 = CARTESIAN_POINT ( 'NONE',  ( -55.00000000000000000, -55.00000000000000000, 0.000000000000000000 ) ) ;
#107 = FACE_OUTER_BOUND ( 'NONE', #3321, .T. ) ;
#108 = DIRECTION ( 'NONE',  ( -0.000000000000000000, 0.000000000000000000, -1.000000000000000000 ) ) ;
#109 = DIRECTION ( 'NONE',  ( -0.000000000000000000, 0.000000000000000000, -1.000000000000000000 ) ) ;
#110 = EDGE_CURVE ( 'NONE', #2847, #1291, #2182, .T. ) ;
#111 = ORIENTED_EDGE ( 'NONE', *, *, #1140, .T. ) ;
#112 = DIRECTION ( 'NONE',  ( -0.000000000000000000, -0.000000000000000000, -1.000000000000000000 ) ) ;
#113 = DIRECTION ( 'NONE',  ( 1.000000000000000000, 1.051347561198064835E-16, -0.000000000000000000 ) ) ;
#114 = APPLICATION_PROTOCOL_DEFINITION ( 'international standard', 'config_control_design', 1994, #2652 ) ;
#115 = ADVANCED_FACE ( 'NONE', ( #611 ), #1663, .F. ) ;
#116 = EDGE_LOOP ( 'NONE', ( #4, #1020, #158, #2333, #1335 ) ) ;
#117 = FACE_OUTER_BOUND ( 'NONE', #1541, .T. ) ;
#118 = DIRECTION ( 'NONE',  ( -0.000000000000000000, -0.000000000000000000, -1.000000000000000000 ) ) ;
#119 = EDGE_CURVE ( 'NONE', #1307, #2304, #663, .T. ) ;
#120 = VERTEX_POINT ( 'NONE', #2596 ) ;
#121 = DIRECTION ( 'NONE',  ( 4.180742545671757368E-15, 4.371140887755362005E-08, 0.9999999999999991118 ) ) ;
#122 = DIRECTION ( 'NONE',  ( 1.000000000000000000, -2.731848123972157184E-15, 0.000000000000000000 ) ) ;
#123 = EDGE_CURVE ( 'NONE', #1790, #2158, #2901, .T. ) ;
#124 = CARTESIAN_POINT ( 'NONE',  ( -13.92494201660204212, -53.87510013580300949, 28.04134375730104622 ) ) ;
#125 = LINE ( 'NONE', #1182, #3401 ) ;
#126 = CARTESIAN_POINT ( 'NONE',  ( 45.37007602278353602, -46.40007575682851382, 1.450001065780612164 ) ) ;
#127 = ORIENTED_EDGE ( 'NONE', *, *, #2712, .T. ) ;
#128 = LINE ( 'NONE', #334, #2235 ) ;
#129 = DIRECTION ( 'NONE',  ( -0.000000000000000000, -0.000000000000000000, -1.000000000000000000 ) ) ;
#130 = APPROVAL_DATE_TIME ( #1446, #3392 ) ;
#131 = VERTEX_POINT ( 'NONE', #2534 ) ;
#132 = EDGE_LOOP ( 'NONE', ( #1119, #1003, #2566, #991, #3006 ) ) ;
#133 = CYLINDRICAL_SURFACE ( 'NONE', #577, 12.50000000000000000 ) ;
#134 = DIRECTION ( 'NONE',  ( 0.000000000000000000, 0.000000000000000000, -1.000000000000000000 ) ) ;
#135 = VECTOR ( 'NONE', #1101, 1000.000000000000000 ) ;
#136 = EDGE_LOOP ( 'NONE', ( #2213, #2527 ) ) ;
#137 = AXIS2_PLACEMENT_3D ( 'NONE', #1987, #389, #2175 ) ;
#138 = CARTESIAN_POINT ( 'NONE',  ( 13.53999999999997783, -11.46000000000002750, 0.000000000000000000 ) ) ;
#139 = DIRECTION ( 'NONE',  ( -1.000000000000000000, 0.000000000000000000, 0.000000000000000000 ) ) ;
#140 = ADVANCED_FACE ( 'NONE', ( #164 ), #956, .F. ) ;
#141 = CIRCLE ( 'NONE', #695, 2.000000000000001776 ) ;
#142 = LINE ( 'NONE', #1975, #1859 ) ;
#143 = CARTESIAN_POINT ( 'NONE',  ( 60.99999999999999289, -60.99999999999999289, 3.000000000000000000 ) ) ;
#144 = CIRCLE ( 'NONE', #1409, 2.000000000000000000 ) ;
#145 = DIRECTION ( 'NONE',  ( 0.000000000000000000, 0.000000000000000000, -1.000000000000000000 ) ) ;
#146 = CIRCLE ( 'NONE', #361, 1.000000000000000888 ) ;
#147 = ORIENTED_EDGE ( 'NONE', *, *, #963, .F. ) ;
#148 = ORIENTED_EDGE ( 'NONE', *, *, #2099, .F. ) ;
#149 = FACE_OUTER_BOUND ( 'NONE', #2433, .T. ) ;
#150 = AXIS2_PLACEMENT_3D ( 'NONE', #1737, #2273, #1241 ) ;
#151 = CARTESIAN_POINT ( 'NONE',  ( -56.25248347830570594, -33.76592310238539341, 0.000000000000000000 ) ) ;
#152 = EDGE_CURVE ( 'NONE', #3124, #2039, #1457, .T. ) ;
#153 = AXIS2_PLACEMENT_3D ( 'NONE', #1695, #379, #3363 ) ;
#154 = ORIENTED_EDGE ( 'NONE', *, *, #2561, .T. ) ;
#155 = LINE ( 'NONE', #2072, #3176 ) ;
#156 = ADVANCED_FACE ( 'NONE', ( #1955 ), #3069, .F. ) ;
#157 = CARTESIAN_POINT ( 'NONE',  ( 51.50000000000000000, -55.00000000000000000, 3.000000000000000000 ) ) ;
#158 = ORIENTED_EDGE ( 'NONE', *, *, #807, .F. ) ;
#159 = CIRCLE ( 'NONE', #2645, 1.000000000000001776 ) ;
#160 = CARTESIAN_POINT ( 'NONE',  ( -58.50000000000000000, 55.00000000000000711, 0.000000000000000000 ) ) ;
#161 = PLANE ( 'NONE',  #3251 ) ;
#162 = DIRECTION ( 'NONE',  ( -1.000000000000000000, 0.000000000000000000, 0.000000000000000000 ) ) ;
#163 = EDGE_CURVE ( 'NONE', #2318, #2470, #2564, .T. ) ;
#164 = FACE_OUTER_BOUND ( 'NONE', #1686, .T. ) ;
#165 = DIRECTION ( 'NONE',  ( -0.000000000000000000, -0.000000000000000000, -1.000000000000000000 ) ) ;
#166 = EDGE_CURVE ( 'NONE', #547, #2243, #900, .T. ) ;
#167 = ORIENTED_EDGE ( 'NONE', *, *, #78, .F. ) ;
#168 = DIRECTION ( 'NONE',  ( -4.180742545671762101E-15, -4.371140887755362005E-08, -0.9999999999999992228 ) ) ;
#169 = FACE_OUTER_BOUND ( 'NONE', #1734, .T. ) ;
#170 = ORIENTED_EDGE ( 'NONE', *, *, #2678, .T. ) ;
#171 = DIRECTION ( 'NONE',  ( 0.000000000000000000, -0.9999999999999991118, 4.371140887245352218E-08 ) ) ;
#172 = PLANE ( 'NONE',  #1921 ) ;
#173 = EDGE_LOOP ( 'NONE', ( #301, #1000, #2653, #2539, #1631, #654, #1207, #743, #407, #1339, #213, #1212, #2655 ) ) ;
#174 = CARTESIAN_POINT ( 'NONE',  ( 4.574954986571961868, -58.82508182525602791, 0.000000000000000000 ) ) ;
#175 = DIRECTION ( 'NONE',  ( -0.000000000000000000, -0.000000000000000000, -1.000000000000000000 ) ) ;
#176 = MANIFOLD_SOLID_BREP ( 'Скругление3', #1298 ) ;
#177 = ORIENTED_EDGE ( 'NONE', *, *, #1498, .T. ) ;
#178 = LINE ( 'NONE', #434, #2185 ) ;
#179 = ORIENTED_EDGE ( 'NONE', *, *, #3186, .T. ) ;
#180 = CARTESIAN_POINT ( 'NONE',  ( -55.00000000000000000, 55.00000000000000711, 0.000000000000000000 ) ) ;
#181 = CARTESIAN_POINT ( 'NONE',  ( 0.000000000000000000, 0.000000000000000000, 3.000000000000000000 ) ) ;
#182 = EDGE_CURVE ( 'NONE', #3003, #2063, #3229, .T. ) ;
#183 = EDGE_LOOP ( 'NONE', ( #752, #845, #1215, #3360 ) ) ;
#184 = DIRECTION ( 'NONE',  ( 3.035386659626962090E-16, 1.000000000000000000, 0.000000000000000000 ) ) ;
#185 = CARTESIAN_POINT ( 'NONE',  ( 30.49987792968802225, -5.499931335448994929, 0.000000000000000000 ) ) ;
#186 = ORIENTED_EDGE ( 'NONE', *, *, #3102, .T. ) ;
#187 = VECTOR ( 'NONE', #2009, 1000.000000000000000 ) ;
#188 = LINE ( 'NONE', #2546, #918 ) ;
#189 = CARTESIAN_POINT ( 'NONE',  ( 30.50012016296398443, -5.499931335449008252, 3.000000000000000000 ) ) ;
#190 = EDGE_CURVE ( 'NONE', #1499, #2572, #242, .T. ) ;
#191 = VECTOR ( 'NONE', #1263, 1000.000000000000000 ) ;
#192 = VERTEX_POINT ( 'NONE', #2254 ) ;
#193 = CYLINDRICAL_SURFACE ( 'NONE', #699, 3.499999999999999112 ) ;
#194 = AXIS2_PLACEMENT_3D ( 'NONE', #180, #3092, #1736 ) ;
#195 = ORIENTED_EDGE ( 'NONE', *, *, #1180, .T. ) ;
#196 = AXIS2_PLACEMENT_3D ( 'NONE', #1563, #2884, #2105 ) ;
#197 = ORIENTED_EDGE ( 'NONE', *, *, #3005, .F. ) ;
#198 = EDGE_LOOP ( 'NONE', ( #967, #1692, #2923, #3309, #2846 ) ) ;
#199 = CARTESIAN_POINT ( 'NONE',  ( -15.67494201660204389, -55.62510013580300949, 1.450001469019680522 ) ) ;
#200 = VECTOR ( 'NONE', #867, 1000.000000000000000 ) ;
#201 = EDGE_LOOP ( 'NONE', ( #738, #2, #2867, #1581 ) ) ;
#202 = VECTOR ( 'NONE', #2313, 1000.000000000000000 ) ;
#203 = EDGE_CURVE ( 'NONE', #3366, #2032, #223, .T. ) ;
#204 = CARTESIAN_POINT ( 'NONE',  ( -58.25248347830570594, -43.92592313267459048, 1.450000957632349818 ) ) ;
#205 = DIRECTION ( 'NONE',  ( 0.000000000000000000, -0.9999999999999991118, 4.371140887755362005E-08 ) ) ;
#206 = AXIS2_PLACEMENT_3D ( 'NONE', #2281, #1747, #2776 ) ;
#207 = VERTEX_POINT ( 'NONE', #3314 ) ;
#208 = VECTOR ( 'NONE', #1450, 1000.000000000000000 ) ;
#209 = CARTESIAN_POINT ( 'NONE',  ( -55.92498535135183602, 8.414992237443547296, 0.000000000000000000 ) ) ;
#210 = PLANE ( 'NONE',  #1535 ) ;
#211 = VERTEX_POINT ( 'NONE', #1219 ) ;
#212 = DIRECTION ( 'NONE',  ( 1.000000000000000000, -2.775557561562891351E-15, 0.000000000000000000 ) ) ;
#213 = ORIENTED_EDGE ( 'NONE', *, *, #3232, .T. ) ;
#214 = CC_DESIGN_DATE_AND_TIME_ASSIGNMENT ( #1771, #2570, ( #2929 ) ) ;
#215 = ORIENTED_EDGE ( 'NONE', *, *, #1584, .F. ) ;
#216 = VERTEX_POINT ( 'NONE', #3331 ) ;
#217 = DIRECTION ( 'NONE',  ( 0.000000000000000000, 0.000000000000000000, 1.000000000000000000 ) ) ;
#218 = ORIENTED_EDGE ( 'NONE', *, *, #1452, .T. ) ;
#219 = CARTESIAN_POINT ( 'NONE',  ( 35.21007646689140813, -52.94007753325929855, 0.000000000000000000 ) ) ;
#220 = CARTESIAN_POINT ( 'NONE',  ( -53.71248359946253004, -33.76592310238539341, 0.000000000000000000 ) ) ;
#221 = EDGE_CURVE ( 'NONE', #2714, #3270, #2619, .T. ) ;
#222 = EDGE_LOOP ( 'NONE', ( #2692, #2578, #1075, #1650 ) ) ;
#223 = LINE ( 'NONE', #2610, #685 ) ;
#224 = CARTESIAN_POINT ( 'NONE',  ( -58.25248347830570594, -33.76592310238539341, 0.000000000000000000 ) ) ;
#225 = PLANE ( 'NONE',  #2585 ) ;
#226 = EDGE_CURVE ( 'NONE', #1672, #17, #938, .T. ) ;
#227 = VERTEX_POINT ( 'NONE', #1021 ) ;
#228 = CARTESIAN_POINT ( 'NONE',  ( 17.99987792968801870, -35.50007057189900195, 36.80533964865399810 ) ) ;
#229 = EDGE_CURVE ( 'NONE', #2106, #1015, #1730, .T. ) ;
#230 = ORIENTED_EDGE ( 'NONE', *, *, #732, .T. ) ;
#231 = CARTESIAN_POINT ( 'NONE',  ( -59.42498635059415335, -14.44500776255643437, 1.449999668980007650 ) ) ;
#232 = APPROVAL_ROLE ( '' ) ;
#233 = ORIENTED_EDGE ( 'NONE', *, *, #3186, .F. ) ;
#234 = CARTESIAN_POINT ( 'NONE',  ( 39.67810746148602163, -45.40007575682851382, 1.450001022069477674 ) ) ;
#235 = CYLINDRICAL_SURFACE ( 'NONE', #102, 1.000000000000000888 ) ;
#236 = EDGE_LOOP ( 'NONE', ( #1666, #2990, #3256, #2448 ) ) ;
#237 = VERTEX_POINT ( 'NONE', #2078 ) ;
#238 = CARTESIAN_POINT ( 'NONE',  ( 48.77500206014519080, -33.14931592906049218, 0.000000000000000000 ) ) ;
#239 = CARTESIAN_POINT ( 'NONE',  ( 50.52500172706440651, -40.76931592906048962, 28.04134375730104622 ) ) ;
#240 = CARTESIAN_POINT ( 'NONE',  ( 17.49999999999998224, -26.50000000000002842, 28.04134375730104622 ) ) ;
#241 = ORIENTED_EDGE ( 'NONE', *, *, #737, .F. ) ;
#242 = CIRCLE ( 'NONE', #2510, 1.749999999999996225 ) ;
#243 = EDGE_LOOP ( 'NONE', ( #2960, #1005, #753, #574 ) ) ;
#244 = ADVANCED_FACE ( 'NONE', ( #1994 ), #3052, .F. ) ;
#245 = DIRECTION ( 'NONE',  ( 0.000000000000000000, 1.000000000000000000, 0.000000000000000000 ) ) ;
#246 = ORIENTED_EDGE ( 'NONE', *, *, #182, .T. ) ;
#247 = CIRCLE ( 'NONE', #1739, 3.500000000000003109 ) ;
#248 = DIRECTION ( 'NONE',  ( 1.000000000000000000, 0.000000000000000000, 0.000000000000000000 ) ) ;
#249 = EDGE_LOOP ( 'NONE', ( #218, #2065, #2828, #3136 ) ) ;
#250 = DIRECTION ( 'NONE',  ( -0.000000000000000000, -0.000000000000000000, -1.000000000000000000 ) ) ;
#251 = EDGE_CURVE ( 'NONE', #447, #3177, #125, .T. ) ;
#252 = CIRCLE ( 'NONE', #1139, 1.000000000000001776 ) ;
#253 = CARTESIAN_POINT ( 'NONE',  ( 32.21007646689140813, -48.89130729459745339, 36.80533964865399810 ) ) ;
#254 = VERTEX_POINT ( 'NONE', #414 ) ;
#255 = CARTESIAN_POINT ( 'NONE',  ( -30.49987792968801514, -5.499931269881881413, 1.449999277977991108 ) ) ;
#256 = CARTESIAN_POINT ( 'NONE',  ( -58.50000000000000000, 55.00000000000000711, 3.000000000000000000 ) ) ;
#257 = LINE ( 'NONE', #3100, #2196 ) ;
#258 = AXIS2_PLACEMENT_3D ( 'NONE', #2859, #2369, #798 ) ;
#259 = VERTEX_POINT ( 'NONE', #1477 ) ;
#260 = AXIS2_PLACEMENT_3D ( 'NONE', #1645, #3208, #1660 ) ;
#261 = ORIENTED_EDGE ( 'NONE', *, *, #2360, .T. ) ;
#262 = DIRECTION ( 'NONE',  ( 4.180742545671757368E-15, 4.371140887755362005E-08, 0.9999999999999991118 ) ) ;
#263 = CIRCLE ( 'NONE', #2090, 12.50000000000000355 ) ;
#264 = EDGE_CURVE ( 'NONE', #822, #2039, #814, .T. ) ;
#265 = EDGE_LOOP ( 'NONE', ( #2019, #1378, #3155, #1521 ) ) ;
#266 = CIRCLE ( 'NONE', #2701, 12.50000000000000533 ) ;
#267 = DIRECTION ( 'NONE',  ( -1.000000000000000000, 0.000000000000000000, 0.000000000000000000 ) ) ;
#268 = EDGE_CURVE ( 'NONE', #1578, #3198, #567, .T. ) ;
#269 = VERTEX_POINT ( 'NONE', #273 ) ;
#270 = DIRECTION ( 'NONE',  ( -0.000000000000000000, 0.000000000000000000, -1.000000000000000000 ) ) ;
#271 = DIRECTION ( 'NONE',  ( 1.000000000000000000, 0.000000000000000000, 0.000000000000000000 ) ) ;
#272 = ORIENTED_EDGE ( 'NONE', *, *, #963, .T. ) ;
#273 = CARTESIAN_POINT ( 'NONE',  ( 55.67099752524903522, -29.59477664196644042, 0.000000000000000000 ) ) ;
#274 = DIRECTION ( 'NONE',  ( -0.000000000000000000, -0.000000000000000000, -1.000000000000000000 ) ) ;
#275 = FACE_OUTER_BOUND ( 'NONE', #2256, .T. ) ;
#276 = ORIENTED_EDGE ( 'NONE', *, *, #78, .T. ) ;
#277 = FACE_OUTER_BOUND ( 'NONE', #3098, .T. ) ;
#278 = ORIENTED_EDGE ( 'NONE', *, *, #1303, .F. ) ;
#279 = CYLINDRICAL_SURFACE ( 'NONE', #2969, 1.750000000000001554 ) ;
#280 = ORIENTED_EDGE ( 'NONE', *, *, #667, .F. ) ;
#281 = CYLINDRICAL_SURFACE ( 'NONE', #1080, 1.749999999999994671 ) ;
#282 = EDGE_CURVE ( 'NONE', #1019, #120, #844, .T. ) ;
#283 = DIRECTION ( 'NONE',  ( -4.180742545671762101E-15, -4.371140887755362005E-08, -0.9999999999999992228 ) ) ;
#284 = VERTEX_POINT ( 'NONE', #323 ) ;
#285 = CARTESIAN_POINT ( 'NONE',  ( 15.53999999999997783, -13.46000000000002927, 28.04134375730104622 ) ) ;
#286 = LINE ( 'NONE', #2399, #2526 ) ;
#287 = CARTESIAN_POINT ( 'NONE',  ( 0.000000000000000000, 0.000000000000000000, 3.000000000000000000 ) ) ;
#288 = VERTEX_POINT ( 'NONE', #3166 ) ;
#289 = FACE_OUTER_BOUND ( 'NONE', #3383, .T. ) ;
#290 = EDGE_CURVE ( 'NONE', #804, #2154, #2928, .T. ) ;
#291 = PLANE ( 'NONE',  #2088 ) ;
#292 = DIRECTION ( 'NONE',  ( 0.000000000000000000, 0.000000000000000000, -1.000000000000000000 ) ) ;
#293 = CYLINDRICAL_SURFACE ( 'NONE', #1959, 3.500000000000003109 ) ;
#294 = AXIS2_PLACEMENT_3D ( 'NONE', #285, #2397, #27 ) ;
#295 = AXIS2_PLACEMENT_3D ( 'NONE', #1489, #1519, #3108 ) ;
#296 = ORIENTED_EDGE ( 'NONE', *, *, #671, .F. ) ;
#297 = CARTESIAN_POINT ( 'NONE',  ( 60.99999999999999289, -65.99999999999998579, 0.000000000000000000 ) ) ;
#298 = CYLINDRICAL_SURFACE ( 'NONE', #821, 4.999999999999997335 ) ;
#299 = CIRCLE ( 'NONE', #194, 3.500000000000003109 ) ;
#300 = EDGE_CURVE ( 'NONE', #1070, #1417, #1900, .T. ) ;
#301 = ORIENTED_EDGE ( 'NONE', *, *, #3016, .T. ) ;
#302 = AXIS2_PLACEMENT_3D ( 'NONE', #448, #2031, #957 ) ;
#303 = FACE_OUTER_BOUND ( 'NONE', #3158, .T. ) ;
#304 = CARTESIAN_POINT ( 'NONE',  ( 14.95999999999997954, -26.50000000000002487, 28.04134375730104622 ) ) ;
#305 = DIRECTION ( 'NONE',  ( -0.000000000000000000, -0.000000000000000000, -1.000000000000000000 ) ) ;
#306 = AXIS2_PLACEMENT_3D ( 'NONE', #409, #2826, #1471 ) ;
#307 = EDGE_CURVE ( 'NONE', #1895, #1395, #2336, .T. ) ;
#308 = EDGE_LOOP ( 'NONE', ( #2123, #1262, #215, #691 ) ) ;
#309 = AXIS2_PLACEMENT_3D ( 'NONE', #2930, #2946, #2962 ) ;
#310 = LINE ( 'NONE', #833, #30 ) ;
#311 = CARTESIAN_POINT ( 'NONE',  ( 10.99999999999997513, -18.54000000000002757, 1.449999847977594847 ) ) ;
#312 = VECTOR ( 'NONE', #2810, 1000.000000000000000 ) ;
#313 = CARTESIAN_POINT ( 'NONE',  ( -51.71248359946253714, -33.76592310238539341, 28.04134375730104622 ) ) ;
#314 = CARTESIAN_POINT ( 'NONE',  ( 14.95999999999986940, -28.25000000000002487, 1.450000272415357561 ) ) ;
#315 = VECTOR ( 'NONE', #1380, 1000.000000000000000 ) ;
#316 = UNCERTAINTY_MEASURE_WITH_UNIT (LENGTH_MEASURE( 1.000000000000000082E-05 ), #3283, 'distance_accuracy_value', 'NONE');
#317 = ADVANCED_FACE ( 'NONE', ( #12 ), #1588, .F. ) ;
#318 = VECTOR ( 'NONE', #2054, 1000.000000000000000 ) ;
#319 = ORIENTED_EDGE ( 'NONE', *, *, #1162, .F. ) ;
#320 = DIRECTION ( 'NONE',  ( 0.000000000000000000, 0.000000000000000000, 1.000000000000000000 ) ) ;
#321 = CARTESIAN_POINT ( 'NONE',  ( 65.99999999999998579, -65.99999999999998579, 0.000000000000000000 ) ) ;
#322 = EDGE_LOOP ( 'NONE', ( #170, #2587, #1039, #772 ) ) ;
#323 = CARTESIAN_POINT ( 'NONE',  ( 14.95999999999997954, -24.75000000000002132, 1.450000119425427725 ) ) ;
#324 = CARTESIAN_POINT ( 'NONE',  ( -18.00012207031303291, -35.50007057189900195, 36.80533964865399810 ) ) ;
#325 = ADVANCED_FACE ( 'NONE', ( #1041 ), #2649, .F. ) ;
#326 = EDGE_LOOP ( 'NONE', ( #3088, #860, #2055, #1829 ) ) ;
#327 = CARTESIAN_POINT ( 'NONE',  ( 47.37007602278353602, -50.94007753325929855, 28.04134375730104622 ) ) ;
#328 = DIRECTION ( 'NONE',  ( -0.000000000000000000, -0.000000000000000000, -1.000000000000000000 ) ) ;
#329 = EDGE_CURVE ( 'NONE', #2052, #1813, #1379, .T. ) ;
#330 = ORIENTED_EDGE ( 'NONE', *, *, #1903, .F. ) ;
#331 = DIRECTION ( 'NONE',  ( 1.000000000000000000, 0.000000000000000000, 0.000000000000000000 ) ) ;
#332 = EDGE_CURVE ( 'NONE', #855, #875, #2383, .T. ) ;
#333 = ORIENTED_EDGE ( 'NONE', *, *, #2389, .T. ) ;
#334 = CARTESIAN_POINT ( 'NONE',  ( -13.92494201660204212, -57.37510013580300949, 0.000000000000000000 ) ) ;
#335 = CARTESIAN_POINT ( 'NONE',  ( 10.99999999999997513, -11.46000000000002927, 28.04134375730104622 ) ) ;
#336 = ORIENTED_EDGE ( 'NONE', *, *, #3135, .F. ) ;
#337 = PLANE ( 'NONE',  #1958 ) ;
#338 = CARTESIAN_POINT ( 'NONE',  ( 53.13099752524905028, -29.59477641991259489, 0.000000000000000000 ) ) ;
#339 = ORIENTED_EDGE ( 'NONE', *, *, #3143, .F. ) ;
#340 = CARTESIAN_POINT ( 'NONE',  ( 55.00000000000000000, 55.00000000000000711, 3.000000000000000000 ) ) ;
#341 = CARTESIAN_POINT ( 'NONE',  ( 30.49987792968802225, -5.499931335448994929, 36.80533964865399810 ) ) ;
#342 = DIRECTION ( 'NONE',  ( -1.000000000000000000, 0.000000000000000000, 0.000000000000000000 ) ) ;
#343 = EDGE_CURVE ( 'NONE', #2382, #2154, #1090, .T. ) ;
#344 = DIRECTION ( 'NONE',  ( -1.000000000000000000, 0.000000000000000000, 0.000000000000000000 ) ) ;
#345 = DIRECTION ( 'NONE',  ( -0.000000000000000000, 0.000000000000000000, -1.000000000000000000 ) ) ;
#346 = ORIENTED_EDGE ( 'NONE', *, *, #2208, .T. ) ;
#347 = ORIENTED_EDGE ( 'NONE', *, *, #2311, .F. ) ;
#348 = CIRCLE ( 'NONE', #2734, 1.000000000000000888 ) ;
#349 = PLANE ( 'NONE',  #2457 ) ;
#350 = LINE ( 'NONE', #1983, #1100 ) ;
#351 = ADVANCED_FACE ( 'NONE', ( #2159 ), #784, .F. ) ;
#352 = VERTEX_POINT ( 'NONE', #2145 ) ;
#353 = CARTESIAN_POINT ( 'NONE',  ( -55.92498635059416046, -14.44500776255643437, 0.000000000000000000 ) ) ;
#354 = VECTOR ( 'NONE', #735, 1000.000000000000000 ) ;
#355 = DIRECTION ( 'NONE',  ( 0.000000000000000000, -0.9999999999999991118, 4.371140887245378688E-08 ) ) ;
#356 = CIRCLE ( 'NONE', #467, 6.000000000000001776 ) ;
#357 = ADVANCED_FACE ( 'NONE', ( #2417 ), #514, .F. ) ;
#358 = ORIENTED_EDGE ( 'NONE', *, *, #482, .F. ) ;
#359 = DIRECTION ( 'NONE',  ( -1.000000000000000000, -2.775557561562891351E-15, 0.000000000000000000 ) ) ;
#360 = CARTESIAN_POINT ( 'NONE',  ( 35.21007646689140813, -52.94007753325929855, 28.04134375730104622 ) ) ;
#361 = AXIS2_PLACEMENT_3D ( 'NONE', #1951, #53, #571 ) ;
#362 = CARTESIAN_POINT ( 'NONE',  ( 29.96453803689026785, -18.91234094049699976, 28.04134375730104622 ) ) ;
#363 = CIRCLE ( 'NONE', #643, 3.500000000000003109 ) ;
#364 = CARTESIAN_POINT ( 'NONE',  ( 55.67099752524903522, -31.34477664196644398, 0.000000000000000000 ) ) ;
#365 = DIRECTION ( 'NONE',  ( -0.000000000000000000, -0.000000000000000000, -1.000000000000000000 ) ) ;
#366 = VECTOR ( 'NONE', #2181, 1000.000000000000000 ) ;
#367 = EDGE_CURVE ( 'NONE', #391, #3032, #348, .T. ) ;
#368 = ORIENTED_EDGE ( 'NONE', *, *, #268, .T. ) ;
#369 = VECTOR ( 'NONE', #305, 1000.000000000000000 ) ;
#370 = LINE ( 'NONE', #890, #2797 ) ;
#371 = CARTESIAN_POINT ( 'NONE',  ( -24.50012207031303291, -35.50007057189899484, 3.000000000000000000 ) ) ;
#372 = ADVANCED_FACE ( 'NONE', ( #47 ), #2662, .F. ) ;
#373 = CIRCLE ( 'NONE', #928, 1.750000000000008438 ) ;
#374 = VERTEX_POINT ( 'NONE', #3203 ) ;
#375 = DIRECTION ( 'NONE',  ( -0.000000000000000000, 0.000000000000000000, -1.000000000000000000 ) ) ;
#376 = CARTESIAN_POINT ( 'NONE',  ( -51.50000000000000000, -55.00000000000000000, 3.000000000000000000 ) ) ;
#377 = ORIENTED_EDGE ( 'NONE', *, *, #2253, .T. ) ;
#378 = DIRECTION ( 'NONE',  ( 0.000000000000000000, -0.9999999999999990008, 4.371140888484446938E-08 ) ) ;
#379 = DIRECTION ( 'NONE',  ( -0.000000000000000000, -0.000000000000000000, -1.000000000000000000 ) ) ;
#380 = CARTESIAN_POINT ( 'NONE',  ( -51.71248359946253004, -43.92592313267459048, 0.000000000000000000 ) ) ;
#381 = CARTESIAN_POINT ( 'NONE',  ( -61.00000000000001421, 66.00000000000000000, 3.000000000000000000 ) ) ;
#382 = CARTESIAN_POINT ( 'NONE',  ( -56.25248347830570594, -31.76592310238539341, 28.04134375730104622 ) ) ;
#383 = ORIENTED_EDGE ( 'NONE', *, *, #2462, .F. ) ;
#384 = CARTESIAN_POINT ( 'NONE',  ( -8.924942016602040340, -55.62510013580300949, 0.000000000000000000 ) ) ;
#385 = DIRECTION ( 'NONE',  ( 0.000000000000000000, -1.000000000000000000, 0.000000000000000000 ) ) ;
#386 = APPLICATION_PROTOCOL_DEFINITION ( 'international standard', 'config_control_design', 1994, #944 ) ;
#387 = ORIENTED_EDGE ( 'NONE', *, *, #2302, .F. ) ;
#388 = ADVANCED_FACE ( 'NONE', ( #303 ), #1108, .T. ) ;
#389 = DIRECTION ( 'NONE',  ( -4.180742545671762101E-15, -4.371140887755362005E-08, -0.9999999999999992228 ) ) ;
#390 = CARTESIAN_POINT ( 'NONE',  ( 29.96453803689026785, -17.59675966251838730, 0.000000000000000000 ) ) ;
#391 = VERTEX_POINT ( 'NONE', #80 ) ;
#392 = CARTESIAN_POINT ( 'NONE',  ( 8.999999999999975131, -13.46000116234514543, 1.449999625923702240 ) ) ;
#393 = PLANE ( 'NONE',  #3026 ) ;
#394 = DIRECTION ( 'NONE',  ( -0.000000000000000000, -0.000000000000000000, -1.000000000000000000 ) ) ;
#395 = EDGE_CURVE ( 'NONE', #211, #1244, #2074, .T. ) ;
#396 = DIRECTION ( 'NONE',  ( 1.000000000000000000, 0.000000000000000000, 0.000000000000000000 ) ) ;
#397 = DIRECTION ( 'NONE',  ( -1.000000000000000000, 0.000000000000000000, 0.000000000000000000 ) ) ;
#398 = ORIENTED_EDGE ( 'NONE', *, *, #868, .F. ) ;
#399 = FACE_BOUND ( 'NONE', #1366, .T. ) ;
#400 = CARTESIAN_POINT ( 'NONE',  ( 15.53999999999997961, -18.54000000000002402, 0.000000000000000000 ) ) ;
#401 = DIRECTION ( 'NONE',  ( -1.000000000000000000, 0.000000000000000000, 4.180742545671766046E-15 ) ) ;
#402 = VERTEX_POINT ( 'NONE', #1688 ) ;
#403 = FACE_BOUND ( 'NONE', #1311, .T. ) ;
#404 = CARTESIAN_POINT ( 'NONE',  ( 35.21007646689140813, -52.94007753325929855, 28.04134375730104622 ) ) ;
#405 = AXIS2_PLACEMENT_3D ( 'NONE', #1401, #108, #2670 ) ;
#406 = EDGE_CURVE ( 'NONE', #3289, #259, #3258, .T. ) ;
#407 = ORIENTED_EDGE ( 'NONE', *, *, #1729, .T. ) ;
#408 = CIRCLE ( 'NONE', #2341, 12.50000000000000355 ) ;
#409 = CARTESIAN_POINT ( 'NONE',  ( -30.50012207031303291, -5.499931335448994929, 1.449999277978244905 ) ) ;
#410 = FACE_OUTER_BOUND ( 'NONE', #322, .T. ) ;
#411 = AXIS2_PLACEMENT_3D ( 'NONE', #3072, #703, #681 ) ;
#412 = EDGE_CURVE ( 'NONE', #3306, #2774, #2285, .T. ) ;
#413 = CARTESIAN_POINT ( 'NONE',  ( 60.99999999999999289, -65.99999999999998579, 3.000000000000000000 ) ) ;
#414 = CARTESIAN_POINT ( 'NONE',  ( -55.92498635059416046, -14.44500776255643437, 1.449999169358593631 ) ) ;
#415 = AXIS2_PLACEMENT_3D ( 'NONE', #2483, #3279, #1152 ) ;
#416 = DIRECTION ( 'NONE',  ( -0.000000000000000000, -0.000000000000000000, -1.000000000000000000 ) ) ;
#417 = AXIS2_PLACEMENT_3D ( 'NONE', #896, #34, #2165 ) ;
#418 = ORIENTED_EDGE ( 'NONE', *, *, #433, .T. ) ;
#419 = CARTESIAN_POINT ( 'NONE',  ( -56.25248347830570594, -43.92592313267459048, 0.000000000000000000 ) ) ;
#420 = AXIS2_PLACEMENT_3D ( 'NONE', #2541, #2015, #3073 ) ;
#421 = LINE ( 'NONE', #2287, #3355 ) ;
#422 = FACE_OUTER_BOUND ( 'NONE', #3145, .T. ) ;
#423 = AXIS2_PLACEMENT_3D ( 'NONE', #2027, #1509, #3397 ) ;
#424 = VERTEX_POINT ( 'NONE', #3307 ) ;
#425 = DIRECTION ( 'NONE',  ( -0.000000000000000000, -0.000000000000000000, -1.000000000000000000 ) ) ;
#426 = CYLINDRICAL_SURFACE ( 'NONE', #541, 12.50000000000000355 ) ;
#427 = ORIENTED_EDGE ( 'NONE', *, *, #3324, .T. ) ;
#428 = ADVANCED_FACE ( 'NONE', ( #893, #1159, #1124, #403, #2981, #117, #930, #1917, #1449, #3235, #1174 ), #2224, .T. ) ;
#429 = DIRECTION ( 'NONE',  ( -4.180742545671762101E-15, -4.371140887755362005E-08, -0.9999999999999992228 ) ) ;
#430 = CARTESIAN_POINT ( 'NONE',  ( 15.53999999999997783, -13.46000000000002927, 1.449999625923617419 ) ) ;
#431 = APPROVAL_PERSON_ORGANIZATION ( #1825, #2521, #755 ) ;
#432 = ORIENTED_EDGE ( 'NONE', *, *, #1783, .F. ) ;
#433 = EDGE_CURVE ( 'NONE', #1716, #2699, #1847, .T. ) ;
#434 = CARTESIAN_POINT ( 'NONE',  ( 2.074954986571962312, -58.82508182525602081, 28.04134375730104622 ) ) ;
#435 = ORIENTED_EDGE ( 'NONE', *, *, #3044, .F. ) ;
#436 = EDGE_CURVE ( 'NONE', #1499, #3071, #619, .T. ) ;
#437 = LINE ( 'NONE', #1500, #1405 ) ;
#438 = FACE_OUTER_BOUND ( 'NONE', #2046, .T. ) ;
#439 = ORIENTED_EDGE ( 'NONE', *, *, #3232, .F. ) ;
#440 = LINE ( 'NONE', #2543, #1190 ) ;
#441 = ADVANCED_FACE ( 'NONE', ( #3007 ), #133, .F. ) ;
#442 = CARTESIAN_POINT ( 'NONE',  ( 60.99999999999999289, 61.00000000000003553, 3.000000000000000000 ) ) ;
#443 = ORIENTED_EDGE ( 'NONE', *, *, #1434, .T. ) ;
#444 = EDGE_LOOP ( 'NONE', ( #1046, #2392 ) ) ;
#445 = DIRECTION ( 'NONE',  ( 0.000000000000000000, -0.9999999999999991118, 4.371140884147631631E-08 ) ) ;
#446 = FACE_OUTER_BOUND ( 'NONE', #1280, .T. ) ;
#447 = VERTEX_POINT ( 'NONE', #2994 ) ;
#448 = CARTESIAN_POINT ( 'NONE',  ( 14.95999999999997954, -28.25000000000002487, 28.04134375730104622 ) ) ;
#449 = ADVANCED_FACE ( 'NONE', ( #634 ), #337, .F. ) ;
#450 = ORIENTED_EDGE ( 'NONE', *, *, #1118, .T. ) ;
#451 = ORIENTED_EDGE ( 'NONE', *, *, #264, .F. ) ;
#452 = EDGE_LOOP ( 'NONE', ( #707, #2323, #55, #197 ) ) ;
#453 = CARTESIAN_POINT ( 'NONE',  ( -58.25248347830570594, -33.76592310238539341, 0.000000000000000000 ) ) ;
#454 = ORIENTED_EDGE ( 'NONE', *, *, #2657, .F. ) ;
#455 = CARTESIAN_POINT ( 'NONE',  ( 58.50000000000000000, -55.00000000000000000, 3.000000000000000000 ) ) ;
#456 = DIRECTION ( 'NONE',  ( -1.000000000000000000, 0.000000000000000000, 0.000000000000000000 ) ) ;
#457 = ORIENTED_EDGE ( 'NONE', *, *, #838, .F. ) ;
#458 = AXIS2_PLACEMENT_3D ( 'NONE', #2217, #2741, #2951 ) ;
#459 = LINE ( 'NONE', #2097, #2973 ) ;
#460 = CARTESIAN_POINT ( 'NONE',  ( 17.49999999999998224, -28.25000000000002487, 28.04134375730104622 ) ) ;
#461 = EDGE_CURVE ( 'NONE', #1395, #1895, #247, .T. ) ;
#462 = AXIS2_PLACEMENT_3D ( 'NONE', #840, #3214, #1877 ) ;
#463 = VERTEX_POINT ( 'NONE', #2732 ) ;
#464 = DIRECTION ( 'NONE',  ( 1.365923996832131215E-15, -1.000000000000000000, 0.000000000000000000 ) ) ;
#465 = CIRCLE ( 'NONE', #2401, 1.750000000000003109 ) ;
#466 = VERTEX_POINT ( 'NONE', #353 ) ;
#467 = AXIS2_PLACEMENT_3D ( 'NONE', #628, #612, #331 ) ;
#468 = VERTEX_POINT ( 'NONE', #1433 ) ;
#469 = CARTESIAN_POINT ( 'NONE',  ( 2.074954986571962312, -57.07508182525601370, 1.450001532400348792 ) ) ;
#470 = EDGE_CURVE ( 'NONE', #391, #1070, #408, .T. ) ;
#471 = VECTOR ( 'NONE', #2615, 1000.000000000000000 ) ;
#472 = ORIENTED_EDGE ( 'NONE', *, *, #395, .F. ) ;
#473 = VECTOR ( 'NONE', #3380, 1000.000000000000000 ) ;
#474 = CARTESIAN_POINT ( 'NONE',  ( -55.92498535135183602, 8.414992237443547296, 28.04134375730104622 ) ) ;
#475 = EDGE_CURVE ( 'NONE', #1268, #3159, #1301, .T. ) ;
#476 = LINE ( 'NONE', #1313, #41 ) ;
#477 = ORIENTED_EDGE ( 'NONE', *, *, #550, .T. ) ;
#478 = AXIS2_PLACEMENT_3D ( 'NONE', #3295, #3037, #2777 ) ;
#479 = ORIENTED_EDGE ( 'NONE', *, *, #627, .T. ) ;
#480 = DIRECTION ( 'NONE',  ( 0.000000000000000000, -0.9999999999999991118, 4.371140887245369423E-08 ) ) ;
#481 = VECTOR ( 'NONE', #3221, 1000.000000000000000 ) ;
#482 = EDGE_CURVE ( 'NONE', #2948, #2303, #1025, .T. ) ;
#483 = LINE ( 'NONE', #1779, #473 ) ;
#484 = CARTESIAN_POINT ( 'NONE',  ( 42.99987792968802580, -35.50007057189900195, 36.80533964865399810 ) ) ;
#485 = VECTOR ( 'NONE', #2414, 1000.000000000000000 ) ;
#486 = ORIENTED_EDGE ( 'NONE', *, *, #521, .F. ) ;
#487 = DIRECTION ( 'NONE',  ( -3.035386659626961597E-16, -1.000000000000000000, 0.000000000000000000 ) ) ;
#488 = ORIENTED_EDGE ( 'NONE', *, *, #2167, .F. ) ;
#489 = ORIENTED_EDGE ( 'NONE', *, *, #2851, .F. ) ;
#490 = DIRECTION ( 'NONE',  ( -1.000000000000000000, -2.102695122396129669E-16, 0.000000000000000000 ) ) ;
#491 = VERTEX_POINT ( 'NONE', #63 ) ;
#492 = FACE_OUTER_BOUND ( 'NONE', #2312, .T. ) ;
#493 = CARTESIAN_POINT ( 'NONE',  ( 55.67099752524903522, -33.09477641991259844, 28.04134375730104622 ) ) ;
#494 = ORIENTED_EDGE ( 'NONE', *, *, #2685, .F. ) ;
#495 = VERTEX_POINT ( 'NONE', #3046 ) ;
#496 = EDGE_CURVE ( 'NONE', #909, #1348, #1464, .T. ) ;
#497 = ORIENTED_EDGE ( 'NONE', *, *, #1118, .F. ) ;
#498 = CARTESIAN_POINT ( 'NONE',  ( 31.71453800660105316, -20.13675966251838645, 1.449999917774120961 ) ) ;
#499 = DIRECTION ( 'NONE',  ( -1.000000000000000000, 2.775557561562891351E-15, -0.000000000000000000 ) ) ;
#500 = DIRECTION ( 'NONE',  ( 4.180742545671757368E-15, 4.371140887755362005E-08, 0.9999999999999991118 ) ) ;
#501 = ORIENTED_EDGE ( 'NONE', *, *, #2003, .F. ) ;
#502 = ORIENTED_EDGE ( 'NONE', *, *, #3365, .T. ) ;
#503 = LINE ( 'NONE', #2916, #2689 ) ;
#504 = ADVANCED_FACE ( 'NONE', ( #1278 ), #2324, .F. ) ;
#505 = ORIENTED_EDGE ( 'NONE', *, *, #1158, .F. ) ;
#506 = VERTEX_POINT ( 'NONE', #3096 ) ;
#507 = FACE_OUTER_BOUND ( 'NONE', #3213, .T. ) ;
#508 = COORDINATED_UNIVERSAL_TIME_OFFSET ( 3, 0, .AHEAD. ) ;
#509 = CC_DESIGN_PERSON_AND_ORGANIZATION_ASSIGNMENT ( #3389, #1014, ( #2705 ) ) ;
#510 = VERTEX_POINT ( 'NONE', #2053 ) ;
#511 = DIRECTION ( 'NONE',  ( -1.000000000000000000, 0.000000000000000000, 0.000000000000000000 ) ) ;
#512 = DIRECTION ( 'NONE',  ( 0.000000000000000000, 0.000000000000000000, -1.000000000000000000 ) ) ;
#513 = ORIENTED_EDGE ( 'NONE', *, *, #2045, .F. ) ;
#514 = PLANE ( 'NONE',  #2451 ) ;
#515 = DIRECTION ( 'NONE',  ( -0.000000000000000000, -0.000000000000000000, -1.000000000000000000 ) ) ;
#516 = LINE ( 'NONE', #484, #598 ) ;
#517 = EDGE_CURVE ( 'NONE', #2833, #1578, #2680, .T. ) ;
#518 = ORIENTED_EDGE ( 'NONE', *, *, #2745, .F. ) ;
#519 = VECTOR ( 'NONE', #2858, 999.9999999999998863 ) ;
#520 = PLANE ( 'NONE',  #1255 ) ;
#521 = EDGE_CURVE ( 'NONE', #2264, #227, #440, .T. ) ;
#522 = AXIS2_PLACEMENT_3D ( 'NONE', #985, #3391, #171 ) ;
#523 = VERTEX_POINT ( 'NONE', #1504 ) ;
#524 = VERTEX_POINT ( 'NONE', #1741 ) ;
#525 = FACE_OUTER_BOUND ( 'NONE', #265, .T. ) ;
#526 = VECTOR ( 'NONE', #2743, 1000.000000000000000 ) ;
#527 = ORIENTED_EDGE ( 'NONE', *, *, #2712, .F. ) ;
#528 = DIRECTION ( 'NONE',  ( 4.180742545671762101E-15, 4.371140887755362005E-08, 0.9999999999999992228 ) ) ;
#529 = VECTOR ( 'NONE', #1396, 1000.000000000000000 ) ;
#530 = FACE_OUTER_BOUND ( 'NONE', #665, .T. ) ;
#531 = ORIENTED_EDGE ( 'NONE', *, *, #1956, .T. ) ;
#532 = AXIS2_PLACEMENT_3D ( 'NONE', #2500, #2518, #1445 ) ;
#533 = VERTEX_POINT ( 'NONE', #219 ) ;
#534 = DIRECTION ( 'NONE',  ( -0.000000000000000000, -0.000000000000000000, -1.000000000000000000 ) ) ;
#535 = CARTESIAN_POINT ( 'NONE',  ( 2.074954986571962312, -58.82508182525602081, 0.000000000000000000 ) ) ;
#536 = DIRECTION ( 'NONE',  ( -0.000000000000000000, 0.000000000000000000, -1.000000000000000000 ) ) ;
#537 = AXIS2_PLACEMENT_3D ( 'NONE', #106, #834, #1148 ) ;
#538 = ORIENTED_EDGE ( 'NONE', *, *, #973, .T. ) ;
#539 = CIRCLE ( 'NONE', #478, 2.000000000000001776 ) ;
#540 = DIRECTION ( 'NONE',  ( -0.000000000000000000, -0.000000000000000000, -1.000000000000000000 ) ) ;
#541 = AXIS2_PLACEMENT_3D ( 'NONE', #1435, #118, #3287 ) ;
#542 = EDGE_CURVE ( 'NONE', #2076, #3003, #2837, .T. ) ;
#543 = EDGE_LOOP ( 'NONE', ( #1642, #1410, #1112, #1512 ) ) ;
#544 = AXIS2_PLACEMENT_3D ( 'NONE', #1585, #283, #2121 ) ;
#545 = CYLINDRICAL_SURFACE ( 'NONE', #1685, 1.750000000000001554 ) ;
#546 = ADVANCED_FACE ( 'NONE', ( #1809 ), #2573, .F. ) ;
#547 = VERTEX_POINT ( 'NONE', #204 ) ;
#548 = CARTESIAN_POINT ( 'NONE',  ( 4.574954986571961868, -58.82508182525602791, 28.04134375730104622 ) ) ;
#549 = CARTESIAN_POINT ( 'NONE',  ( -56.25248347830570594, -45.92592313267459048, 0.000000000000000000 ) ) ;
#550 = EDGE_CURVE ( 'NONE', #1838, #237, #1001, .T. ) ;
#551 = ORIENTED_EDGE ( 'NONE', *, *, #3216, .T. ) ;
#552 = DIRECTION ( 'NONE',  ( -1.000000000000000000, 0.000000000000000000, 0.000000000000000000 ) ) ;
#553 = VERTEX_POINT ( 'NONE', #2805 ) ;
#554 = DIRECTION ( 'NONE',  ( 1.000000000000000000, 0.000000000000000000, 0.000000000000000000 ) ) ;
#555 = CARTESIAN_POINT ( 'NONE',  ( 47.02500206014519790, -33.14931592906049218, 0.000000000000000000 ) ) ;
#556 = EDGE_LOOP ( 'NONE', ( #2258, #3045, #2206, #1533 ) ) ;
#557 = ORIENTED_EDGE ( 'NONE', *, *, #1442, .F. ) ;
#558 = DIRECTION ( 'NONE',  ( -0.000000000000000000, -0.000000000000000000, -1.000000000000000000 ) ) ;
#559 = FACE_OUTER_BOUND ( 'NONE', #1084, .T. ) ;
#560 = PLANE ( 'NONE',  #458 ) ;
#561 = DIRECTION ( 'NONE',  ( 0.000000000000000000, 0.000000000000000000, 1.000000000000000000 ) ) ;
#562 = EDGE_CURVE ( 'NONE', #1107, #848, #155, .T. ) ;
#563 = ORIENTED_EDGE ( 'NONE', *, *, #1231, .F. ) ;
#564 = DIRECTION ( 'NONE',  ( 1.000000000000000000, 0.000000000000000000, 0.000000000000000000 ) ) ;
#565 = CARTESIAN_POINT ( 'NONE',  ( 51.50000000000000000, 55.00000000000000711, 3.000000000000000000 ) ) ;
#566 = ORIENTED_EDGE ( 'NONE', *, *, #2379, .F. ) ;
#567 = LINE ( 'NONE', #1866, #2845 ) ;
#568 = CARTESIAN_POINT ( 'NONE',  ( 50.52500206014519790, -33.14931592906049218, 0.000000000000000000 ) ) ;
#569 = DIRECTION ( 'NONE',  ( -1.000000000000000000, 0.000000000000000000, 0.000000000000000000 ) ) ;
#570 = ORIENTED_EDGE ( 'NONE', *, *, #2421, .F. ) ;
#571 = DIRECTION ( 'NONE',  ( 1.000000000000000000, 0.000000000000000000, 0.000000000000000000 ) ) ;
#572 = CARTESIAN_POINT ( 'NONE',  ( 13.53999999999997605, -18.54000000000002402, 0.000000000000000000 ) ) ;
#573 = ADVANCED_FACE ( 'NONE', ( #3375 ), #2020, .T. ) ;
#574 = ORIENTED_EDGE ( 'NONE', *, *, #737, .T. ) ;
#575 = CARTESIAN_POINT ( 'NONE',  ( 17.99987792968801870, -35.50007057189900195, 1.450000589326396749 ) ) ;
#576 = VECTOR ( 'NONE', #1440, 1000.000000000000000 ) ;
#577 = AXIS2_PLACEMENT_3D ( 'NONE', #862, #2210, #2718 ) ;
#578 = ORIENTED_EDGE ( 'NONE', *, *, #994, .F. ) ;
#579 = EDGE_CURVE ( 'NONE', #2411, #2717, #2277, .T. ) ;
#580 = CARTESIAN_POINT ( 'NONE',  ( 0.000000000000000000, 0.000000000000000000, 3.000000000000000000 ) ) ;
#581 = DIRECTION ( 'NONE',  ( -0.000000000000000000, -0.000000000000000000, -1.000000000000000000 ) ) ;
#582 = CIRCLE ( 'NONE', #2343, 3.500000000000003109 ) ;
#583 = ORIENTED_EDGE ( 'NONE', *, *, #3216, .F. ) ;
#584 = AXIS2_PLACEMENT_3D ( 'NONE', #1715, #730, #397 ) ;
#585 = EDGE_CURVE ( 'NONE', #288, #1012, #2736, .T. ) ;
#586 = CARTESIAN_POINT ( 'NONE',  ( 15.53999999999997961, -18.54000000000002402, 28.04134375730104622 ) ) ;
#587 = FACE_OUTER_BOUND ( 'NONE', #2350, .T. ) ;
#588 = LINE ( 'NONE', #555, #315 ) ;
#589 = AXIS2_PLACEMENT_3D ( 'NONE', #1609, #593, #2424 ) ;
#590 = VERTEX_POINT ( 'NONE', #455 ) ;
#591 = EDGE_CURVE ( 'NONE', #1107, #3041, #2291, .T. ) ;
#592 = CIRCLE ( 'NONE', #2466, 12.50000000000000533 ) ;
#593 = DIRECTION ( 'NONE',  ( 0.000000000000000000, 0.000000000000000000, -1.000000000000000000 ) ) ;
#594 = CYLINDRICAL_SURFACE ( 'NONE', #1364, 12.50000000000000355 ) ;
#595 = AXIS2_PLACEMENT_3D ( 'NONE', #3293, #175, #1438 ) ;
#596 = DIRECTION ( 'NONE',  ( 0.000000000000000000, 0.000000000000000000, -1.000000000000000000 ) ) ;
#597 = DIRECTION ( 'NONE',  ( -0.000000000000000000, -0.000000000000000000, -1.000000000000000000 ) ) ;
#598 = VECTOR ( 'NONE', #746, 1000.000000000000000 ) ;
#599 = VECTOR ( 'NONE', #2325, 1000.000000000000000 ) ;
#600 = ORIENTED_EDGE ( 'NONE', *, *, #1094, .F. ) ;
#601 = CARTESIAN_POINT ( 'NONE',  ( -58.25248347830570594, -33.76592310238539341, 28.04134375730104622 ) ) ;
#602 = CARTESIAN_POINT ( 'NONE',  ( 13.53999999999997605, -20.54000000000002757, 0.000000000000000000 ) ) ;
#603 = ORIENTED_EDGE ( 'NONE', *, *, #2045, .T. ) ;
#604 = CARTESIAN_POINT ( 'NONE',  ( -38.00000000000000000, 46.00000000000002842, 3.000000000000000000 ) ) ;
#605 = DIRECTION ( 'NONE',  ( 0.000000000000000000, -0.9999999999999991118, 4.371140887245352218E-08 ) ) ;
#606 = ADVANCED_FACE ( 'NONE', ( #2040 ), #2262, .F. ) ;
#607 = ORIENTED_EDGE ( 'NONE', *, *, #729, .F. ) ;
#608 = CYLINDRICAL_SURFACE ( 'NONE', #2083, 3.500000000000003109 ) ;
#609 = DIRECTION ( 'NONE',  ( -0.000000000000000000, -0.000000000000000000, -1.000000000000000000 ) ) ;
#610 = CYLINDRICAL_SURFACE ( 'NONE', #763, 2.000000000000001776 ) ;
#611 = FACE_OUTER_BOUND ( 'NONE', #2728, .T. ) ;
#612 = DIRECTION ( 'NONE',  ( -0.000000000000000000, 0.000000000000000000, -1.000000000000000000 ) ) ;
#613 = EDGE_CURVE ( 'NONE', #3104, #3249, #1773, .T. ) ;
#614 = ORIENTED_EDGE ( 'NONE', *, *, #1816, .T. ) ;
#615 = CARTESIAN_POINT ( 'NONE',  ( 17.49999999999998224, -24.75000000000002487, 1.450000119425420841 ) ) ;
#616 = CARTESIAN_POINT ( 'NONE',  ( 34.46453803689026074, -18.40463862520800475, 36.80533964865399810 ) ) ;
#617 = EDGE_CURVE ( 'NONE', #237, #269, #687, .T. ) ;
#618 = EDGE_LOOP ( 'NONE', ( #716, #1453 ) ) ;
#619 = LINE ( 'NONE', #880, #2796 ) ;
#620 = DIRECTION ( 'NONE',  ( 1.000000000000000000, 0.000000000000000000, -0.000000000000000000 ) ) ;
#621 = EDGE_LOOP ( 'NONE', ( #3337, #336, #3261, #2437, #2029, #2498, #2197, #2091 ) ) ;
#622 = EDGE_CURVE ( 'NONE', #2857, #1427, #3011, .T. ) ;
#623 = DIRECTION ( 'NONE',  ( -1.000000000000000000, 2.731848123972157184E-15, 0.000000000000000000 ) ) ;
#624 = CARTESIAN_POINT ( 'NONE',  ( -36.49987792968801870, -5.499931335448994041, 3.000000000000000000 ) ) ;
#625 = LINE ( 'NONE', #362, #2528 ) ;
#626 = VERTEX_POINT ( 'NONE', #1788 ) ;
#627 = EDGE_CURVE ( 'NONE', #2833, #2282, #2853, .T. ) ;
#628 = CARTESIAN_POINT ( 'NONE',  ( 30.49987792968697775, -35.50007057189900905, 3.000000000000000000 ) ) ;
#629 = EDGE_LOOP ( 'NONE', ( #2152, #1238 ) ) ;
#630 = DIRECTION ( 'NONE',  ( -1.000000000000000000, 0.000000000000000000, 0.000000000000000000 ) ) ;
#631 = DIRECTION ( 'NONE',  ( 0.000000000000000000, 0.000000000000000000, 1.000000000000000000 ) ) ;
#632 = VECTOR ( 'NONE', #2524, 999.9999999999998863 ) ;
#633 = ORIENTED_EDGE ( 'NONE', *, *, #3257, .F. ) ;
#634 = FACE_OUTER_BOUND ( 'NONE', #543, .T. ) ;
#635 = CIRCLE ( 'NONE', #3239, 2.000000000000001776 ) ;
#636 = DIRECTION ( 'NONE',  ( 0.000000000000000000, -0.9999999999999991118, 4.371140884147639571E-08 ) ) ;
#637 = AXIS2_PLACEMENT_3D ( 'NONE', #2184, #2169, #1699 ) ;
#638 = ORIENTED_EDGE ( 'NONE', *, *, #2024, .F. ) ;
#639 = CARTESIAN_POINT ( 'NONE',  ( -57.67498535135182181, 8.414992237443547296, 1.449998669737193824 ) ) ;
#640 = CARTESIAN_POINT ( 'NONE',  ( -15.67494201660204389, -55.62510013580300949, 0.000000000000000000 ) ) ;
#641 = AXIS2_PLACEMENT_3D ( 'NONE', #639, #2759, #2249 ) ;
#642 = CARTESIAN_POINT ( 'NONE',  ( -55.00000000000000000, 55.00000000000000711, 3.000000000000000000 ) ) ;
#643 = AXIS2_PLACEMENT_3D ( 'NONE', #3327, #2280, #1233 ) ;
#644 = DIRECTION ( 'NONE',  ( -1.000000000000000000, 0.000000000000000000, 0.000000000000000000 ) ) ;
#645 = CARTESIAN_POINT ( 'NONE',  ( 55.00000000000000000, -55.00000000000000000, 0.000000000000000000 ) ) ;
#646 = CIRCLE ( 'NONE', #3305, 2.000000000000001776 ) ;
#647 = ADVANCED_FACE ( 'NONE', ( #492 ), #1053, .F. ) ;
#648 = ORIENTED_EDGE ( 'NONE', *, *, #2942, .F. ) ;
#649 = CIRCLE ( 'NONE', #2922, 1.750000000000001554 ) ;
#650 = CARTESIAN_POINT ( 'NONE',  ( 15.53999999999997783, -13.46000000000002927, 0.000000000000000000 ) ) ;
#651 = FACE_OUTER_BOUND ( 'NONE', #1776, .T. ) ;
#652 = DIRECTION ( 'NONE',  ( -1.000000000000000000, -6.829619984160652130E-16, 0.000000000000000000 ) ) ;
#653 = VECTOR ( 'NONE', #1520, 1000.000000000000000 ) ;
#654 = ORIENTED_EDGE ( 'NONE', *, *, #1303, .T. ) ;
#655 = DIRECTION ( 'NONE',  ( 0.000000000000000000, -0.000000000000000000, 1.000000000000000000 ) ) ;
#656 = DIRECTION ( 'NONE',  ( 1.000000000000000000, 0.000000000000000000, 0.000000000000000000 ) ) ;
#657 = EDGE_CURVE ( 'NONE', #2548, #1813, #1627, .T. ) ;
#658 = ORIENTED_EDGE ( 'NONE', *, *, #732, .F. ) ;
#659 = PERSON ( 'UNSPECIFIED', 'UNSPECIFIED', 'UNSPECIFIED', ('UNSPECIFIED'), ('UNSPECIFIED'), ('UNSPECIFIED') ) ;
#660 = CARTESIAN_POINT ( 'NONE',  ( -30.50012207031303291, -35.50007057189900195, 1.450000589326601252 ) ) ;
#661 = CYLINDRICAL_SURFACE ( 'NONE', #206, 3.500000000000003109 ) ;
#662 = DIRECTION ( 'NONE',  ( -0.000000000000000000, -0.000000000000000000, -1.000000000000000000 ) ) ;
#663 = LINE ( 'NONE', #2794, #19 ) ;
#664 = CARTESIAN_POINT ( 'NONE',  ( 45.37007602278353602, -50.94007753325929855, 28.04134375730104622 ) ) ;
#665 = EDGE_LOOP ( 'NONE', ( #2267, #3010, #527, #319 ) ) ;
#666 = CARTESIAN_POINT ( 'NONE',  ( -30.50012207031303291, -5.499931335448994929, 0.000000000000000000 ) ) ;
#667 = EDGE_CURVE ( 'NONE', #1155, #1254, #1133, .T. ) ;
#668 = LINE ( 'NONE', #3025, #1802 ) ;
#669 = EDGE_LOOP ( 'NONE', ( #3377, #792, #2139, #3412 ) ) ;
#670 = CARTESIAN_POINT ( 'NONE',  ( 38.00000000000000000, 46.00000000000002842, 3.000000000000000000 ) ) ;
#671 = EDGE_CURVE ( 'NONE', #402, #9, #1551, .T. ) ;
#672 = CARTESIAN_POINT ( 'NONE',  ( 2.074954986571962312, -58.82508182525602081, 0.000000000000000000 ) ) ;
#673 = ORIENTED_EDGE ( 'NONE', *, *, #1989, .T. ) ;
#674 = DIRECTION ( 'NONE',  ( 0.000000000000000000, 0.000000000000000000, -1.000000000000000000 ) ) ;
#675 = CARTESIAN_POINT ( 'NONE',  ( 39.67810746148602163, -46.40007575682851382, 28.04134375730104622 ) ) ;
#676 = DIRECTION ( 'NONE',  ( -1.000000000000000000, 0.000000000000000000, 0.000000000000000000 ) ) ;
#677 = DIRECTION ( 'NONE',  ( 1.000000000000000000, 2.775557561562891745E-15, -4.180742666995297129E-15 ) ) ;
#678 = DIRECTION ( 'NONE',  ( 1.000000000000000000, 0.000000000000000000, 0.000000000000000000 ) ) ;
#679 = EDGE_CURVE ( 'NONE', #3130, #1271, #2514, .T. ) ;
#680 = VERTEX_POINT ( 'NONE', #1614 ) ;
#681 = DIRECTION ( 'NONE',  ( 1.000000000000000000, 0.000000000000000000, 0.000000000000000000 ) ) ;
#682 = DIRECTION ( 'NONE',  ( 1.000000000000000000, 0.000000000000000000, -0.000000000000000000 ) ) ;
#683 = DIRECTION ( 'NONE',  ( -1.000000000000000000, 0.000000000000000000, 0.000000000000000000 ) ) ;
#684 = EDGE_CURVE ( 'NONE', #1291, #1672, #2013, .T. ) ;
#685 = VECTOR ( 'NONE', #2763, 999.9999999999998863 ) ;
#686 = ORIENTED_EDGE ( 'NONE', *, *, #282, .F. ) ;
#687 = LINE ( 'NONE', #739, #2125 ) ;
#688 = LINE ( 'NONE', #709, #1696 ) ;
#689 = AXIS2_PLACEMENT_3D ( 'NONE', #604, #1655, #1708 ) ;
#690 = EDGE_CURVE ( 'NONE', #3333, #626, #3146, .T. ) ;
#691 = ORIENTED_EDGE ( 'NONE', *, *, #1729, .F. ) ;
#692 = AXIS2_PLACEMENT_3D ( 'NONE', #2568, #3372, #999 ) ;
#693 = CARTESIAN_POINT ( 'NONE',  ( -57.67498535135182181, 8.414992237443547296, 28.04134375730104622 ) ) ;
#694 = CARTESIAN_POINT ( 'NONE',  ( 29.96453800660106026, -20.13675966251838645, 1.449999917774128289 ) ) ;
#695 = AXIS2_PLACEMENT_3D ( 'NONE', #419, #2306, #3106 ) ;
#696 = EDGE_CURVE ( 'NONE', #491, #510, #747, .T. ) ;
#697 = VERTEX_POINT ( 'NONE', #1842 ) ;
#698 = CARTESIAN_POINT ( 'NONE',  ( -58.25248347830570594, -33.76592426473047226, 1.450000513524490220 ) ) ;
#699 = AXIS2_PLACEMENT_3D ( 'NONE', #921, #165, #1977 ) ;
#700 = FACE_OUTER_BOUND ( 'NONE', #1258, .T. ) ;
#701 = VECTOR ( 'NONE', #558, 1000.000000000000000 ) ;
#702 = ORIENTED_EDGE ( 'NONE', *, *, #1649, .T. ) ;
#703 = DIRECTION ( 'NONE',  ( 0.000000000000000000, -0.000000000000000000, 1.000000000000000000 ) ) ;
#704 = CIRCLE ( 'NONE', #2636, 5.999999999999998224 ) ;
#705 = CARTESIAN_POINT ( 'NONE',  ( 47.37007602278353602, -48.40007575682851382, 28.04134375730104622 ) ) ;
#706 = AXIS2_PLACEMENT_3D ( 'NONE', #886, #1954, #676 ) ;
#707 = ORIENTED_EDGE ( 'NONE', *, *, #617, .T. ) ;
#708 = CARTESIAN_POINT ( 'NONE',  ( -13.92494201660204212, -55.62510013580300949, 1.450001469019673195 ) ) ;
#709 = CARTESIAN_POINT ( 'NONE',  ( 33.21007646689140813, -48.40007691917356425, 1.450001153203535953 ) ) ;
#710 = VECTOR ( 'NONE', #1194, 1000.000000000000000 ) ;
#711 = ORIENTED_EDGE ( 'NONE', *, *, #857, .F. ) ;
#712 = AXIS2_PLACEMENT_3D ( 'NONE', #3215, #1330, #3254 ) ;
#713 = LINE ( 'NONE', #2790, #1580 ) ;
#714 = DIRECTION ( 'NONE',  ( 0.000000000000000000, 0.000000000000000000, 1.000000000000000000 ) ) ;
#715 = EDGE_CURVE ( 'NONE', #523, #1381, #2902, .T. ) ;
#716 = ORIENTED_EDGE ( 'NONE', *, *, #1625, .F. ) ;
#717 = LINE ( 'NONE', #1256, #3126 ) ;
#718 = EDGE_CURVE ( 'NONE', #3172, #2025, #1403, .T. ) ;
#719 = VERTEX_POINT ( 'NONE', #7 ) ;
#720 = CARTESIAN_POINT ( 'NONE',  ( -3.499999999999999112, -15.99999999999998579, 0.000000000000000000 ) ) ;
#721 = ORIENTED_EDGE ( 'NONE', *, *, #1240, .F. ) ;
#722 = DIRECTION ( 'NONE',  ( -4.180742545671762101E-15, -4.371140887755362005E-08, -0.9999999999999992228 ) ) ;
#723 = DIRECTION ( 'NONE',  ( -1.000000000000000000, 0.000000000000000000, 0.000000000000000000 ) ) ;
#724 = ORIENTED_EDGE ( 'NONE', *, *, #1374, .F. ) ;
#725 = VERTEX_POINT ( 'NONE', #297 ) ;
#726 = CARTESIAN_POINT ( 'NONE',  ( 60.99999999999999289, -60.99999999999999289, 3.000000000000000000 ) ) ;
#727 = DIRECTION ( 'NONE',  ( -1.000000000000000000, -3.414809992080329516E-16, 0.000000000000000000 ) ) ;
#728 = VERTEX_POINT ( 'NONE', #2887 ) ;
#729 = EDGE_CURVE ( 'NONE', #3071, #2416, #3290, .T. ) ;
#730 = DIRECTION ( 'NONE',  ( -0.000000000000000000, -0.000000000000000000, -1.000000000000000000 ) ) ;
#731 = EDGE_LOOP ( 'NONE', ( #494, #765, #1831, #3140 ) ) ;
#732 = EDGE_CURVE ( 'NONE', #1008, #254, #3162, .T. ) ;
#733 = VERTEX_POINT ( 'NONE', #1602 ) ;
#734 = ORIENTED_EDGE ( 'NONE', *, *, #2820, .T. ) ;
#735 = DIRECTION ( 'NONE',  ( -0.000000000000000000, 1.000000000000000000, -0.000000000000000000 ) ) ;
#736 = CALENDAR_DATE ( 2024, 1, 3 ) ;
#737 = EDGE_CURVE ( 'NONE', #2572, #2416, #779, .T. ) ;
#738 = ORIENTED_EDGE ( 'NONE', *, *, #2379, .T. ) ;
#739 = CARTESIAN_POINT ( 'NONE',  ( 55.67099752524903522, -29.59477664196644042, 28.04134375730104622 ) ) ;
#740 = CARTESIAN_POINT ( 'NONE',  ( 4.574954986571961868, -57.07508182525601370, 0.000000000000000000 ) ) ;
#741 = ORIENTED_EDGE ( 'NONE', *, *, #1677, .T. ) ;
#742 = ORIENTED_EDGE ( 'NONE', *, *, #2229, .T. ) ;
#743 = ORIENTED_EDGE ( 'NONE', *, *, #2462, .T. ) ;
#744 = AXIS2_PLACEMENT_3D ( 'NONE', #1832, #1361, #1345 ) ;
#745 = DIRECTION ( 'NONE',  ( -1.000000000000000000, 0.000000000000000000, 0.000000000000000000 ) ) ;
#746 = DIRECTION ( 'NONE',  ( -0.000000000000000000, -0.000000000000000000, -1.000000000000000000 ) ) ;
#747 = CIRCLE ( 'NONE', #966, 3.500000000000003109 ) ;
#748 = ORIENTED_EDGE ( 'NONE', *, *, #1922, .T. ) ;
#749 = CARTESIAN_POINT ( 'NONE',  ( -13.92494201660204212, -55.62510013580300949, 28.04134375730104622 ) ) ;
#750 = CIRCLE ( 'NONE', #2683, 1.000000000000000888 ) ;
#751 = VECTOR ( 'NONE', #2218, 1000.000000000000000 ) ;
#752 = ORIENTED_EDGE ( 'NONE', *, *, #1584, .T. ) ;
#753 = ORIENTED_EDGE ( 'NONE', *, *, #3169, .F. ) ;
#754 = FACE_BOUND ( 'NONE', #1915, .T. ) ;
#755 = APPROVAL_ROLE ( '' ) ;
#756 = AXIS2_PLACEMENT_3D ( 'NONE', #2227, #1251, #3292 ) ;
#757 = ADVANCED_FACE ( 'NONE', ( #2120 ), #22, .F. ) ;
#758 = VERTEX_POINT ( 'NONE', #2674 ) ;
#759 = ORIENTED_EDGE ( 'NONE', *, *, #3252, .T. ) ;
#760 = VECTOR ( 'NONE', #2113, 1000.000000000000000 ) ;
#761 = DIRECTION ( 'NONE',  ( -1.000000000000000000, 0.000000000000000000, 0.000000000000000000 ) ) ;
#762 = CARTESIAN_POINT ( 'NONE',  ( 33.46453803689025364, -18.40463862520800475, 28.04134375730104622 ) ) ;
#763 = AXIS2_PLACEMENT_3D ( 'NONE', #1475, #1400, #1218 ) ;
#764 = EDGE_LOOP ( 'NONE', ( #2605, #278, #865, #1884 ) ) ;
#765 = ORIENTED_EDGE ( 'NONE', *, *, #2721, .F. ) ;
#766 = DIRECTION ( 'NONE',  ( 0.9999999999999961142, 8.742277677795539484E-08, -8.002115286624055570E-15 ) ) ;
#767 = AXIS2_PLACEMENT_3D ( 'NONE', #2931, #1111, #355 ) ;
#768 = LINE ( 'NONE', #1269, #2298 ) ;
#769 = CARTESIAN_POINT ( 'NONE',  ( 30.50012016296399153, -5.499931269881894735, 1.449999277977990886 ) ) ;
#770 = EDGE_CURVE ( 'NONE', #1019, #1870, #2924, .T. ) ;
#771 = AXIS2_PLACEMENT_3D ( 'NONE', #841, #2956, #877 ) ;
#772 = ORIENTED_EDGE ( 'NONE', *, *, #1083, .F. ) ;
#773 = DIRECTION ( 'NONE',  ( 0.000000000000000000, 0.000000000000000000, 1.000000000000000000 ) ) ;
#774 = ORIENTED_EDGE ( 'NONE', *, *, #1537, .T. ) ;
#775 = LINE ( 'NONE', #1824, #2627 ) ;
#776 = PERSON_AND_ORGANIZATION ( #659, #2589 ) ;
#777 = ORIENTED_EDGE ( 'NONE', *, *, #2426, .F. ) ;
#778 = ADVANCED_FACE ( 'NONE', ( #43 ), #281, .F. ) ;
#779 = LINE ( 'NONE', #2413, #911 ) ;
#780 = DIRECTION ( 'NONE',  ( -4.180742545671762101E-15, -4.371140887755362005E-08, -0.9999999999999992228 ) ) ;
#781 = ORIENTED_EDGE ( 'NONE', *, *, #517, .T. ) ;
#782 = ORIENTED_EDGE ( 'NONE', *, *, #1575, .F. ) ;
#783 = EDGE_CURVE ( 'NONE', #553, #3333, #582, .T. ) ;
#784 = CYLINDRICAL_SURFACE ( 'NONE', #744, 3.500000000000003109 ) ;
#785 = DIRECTION ( 'NONE',  ( -1.000000000000000000, 0.000000000000000000, 4.180742545671766046E-15 ) ) ;
#786 = CARTESIAN_POINT ( 'NONE',  ( 2.074954986571962312, -57.07508182525601370, 28.04134375730104622 ) ) ;
#787 = ORIENTED_EDGE ( 'NONE', *, *, #2881, .T. ) ;
#788 = ORIENTED_EDGE ( 'NONE', *, *, #2999, .F. ) ;
#789 = PLANE ( 'NONE',  #2293 ) ;
#790 = ORIENTED_EDGE ( 'NONE', *, *, #2410, .F. ) ;
#791 = CARTESIAN_POINT ( 'NONE',  ( 65.99999999999998579, -60.99999999999999289, 0.000000000000000000 ) ) ;
#792 = ORIENTED_EDGE ( 'NONE', *, *, #2429, .T. ) ;
#793 = DIRECTION ( 'NONE',  ( -4.180742545671762101E-15, -4.371140887755362005E-08, -0.9999999999999992228 ) ) ;
#794 = CARTESIAN_POINT ( 'NONE',  ( 14.95999999999997954, -24.75000000000002132, 0.000000000000000000 ) ) ;
#795 = ADVANCED_FACE ( 'NONE', ( #1186 ), #1667, .F. ) ;
#796 = VERTEX_POINT ( 'NONE', #1931 ) ;
#797 = DIRECTION ( 'NONE',  ( 3.414809992080331488E-16, -1.000000000000000000, 0.000000000000000000 ) ) ;
#798 = DIRECTION ( 'NONE',  ( -8.326672684688672081E-16, -0.9999999999999990008, 4.371140888484446938E-08 ) ) ;
#799 = CARTESIAN_POINT ( 'NONE',  ( -43.00012207031303291, -5.499931335448994929, 1.449999277978297307 ) ) ;
#800 = ORIENTED_EDGE ( 'NONE', *, *, #3059, .F. ) ;
#801 = AXIS2_PLACEMENT_3D ( 'NONE', #2441, #90, #2203 ) ;
#802 = FACE_OUTER_BOUND ( 'NONE', #198, .T. ) ;
#803 = AXIS2_PLACEMENT_3D ( 'NONE', #2592, #3322, #2556 ) ;
#804 = VERTEX_POINT ( 'NONE', #650 ) ;
#805 = AXIS2_PLACEMENT_3D ( 'NONE', #3388, #1276, #2036 ) ;
#806 = DIRECTION ( 'NONE',  ( 0.000000000000000000, 0.000000000000000000, -1.000000000000000000 ) ) ;
#807 = EDGE_CURVE ( 'NONE', #1813, #2836, #2515, .T. ) ;
#808 = CIRCLE ( 'NONE', #913, 3.499999999999999112 ) ;
#809 = ORIENTED_EDGE ( 'NONE', *, *, #69, .F. ) ;
#810 = DIRECTION ( 'NONE',  ( 4.180742545671757368E-15, 4.371140887755362005E-08, 0.9999999999999991118 ) ) ;
#811 = CIRCLE ( 'NONE', #2523, 6.000000000000001776 ) ;
#812 = CARTESIAN_POINT ( 'NONE',  ( 30.49987792968802225, -5.499931335448994929, 1.449999277977988221 ) ) ;
#813 = ORIENTED_EDGE ( 'NONE', *, *, #1922, .F. ) ;
#814 = LINE ( 'NONE', #2891, #1517 ) ;
#815 = CARTESIAN_POINT ( 'NONE',  ( 38.67810746148602163, -45.40007575682851382, 0.000000000000000000 ) ) ;
#816 = LINE ( 'NONE', #1883, #2755 ) ;
#817 = VERTEX_POINT ( 'NONE', #1703 ) ;
#818 = AXIS2_PLACEMENT_3D ( 'NONE', #2004, #1468, #1491 ) ;
#819 = EDGE_CURVE ( 'NONE', #758, #73, #859, .T. ) ;
#820 = PLANE ( 'NONE',  #2912 ) ;
#821 = AXIS2_PLACEMENT_3D ( 'NONE', #1391, #1106, #2716 ) ;
#822 = VERTEX_POINT ( 'NONE', #1683 ) ;
#823 = LINE ( 'NONE', #3405, #2129 ) ;
#824 = VERTEX_POINT ( 'NONE', #2747 ) ;
#825 = CARTESIAN_POINT ( 'NONE',  ( -8.924942016602040340, -53.87510013580300949, 28.04134375730104622 ) ) ;
#826 = CYLINDRICAL_SURFACE ( 'NONE', #3310, 1.000000000000000888 ) ;
#827 = ORIENTED_EDGE ( 'NONE', *, *, #898, .T. ) ;
#828 = CARTESIAN_POINT ( 'NONE',  ( 0.000000000000000000, 0.000000000000000000, 3.000000000000000000 ) ) ;
#829 = EDGE_CURVE ( 'NONE', #1008, #1887, #925, .T. ) ;
#830 = CARTESIAN_POINT ( 'NONE',  ( 30.49987792968802225, -5.499931335448994929, 1.449999277977988221 ) ) ;
#831 = CARTESIAN_POINT ( 'NONE',  ( 17.49999999999998224, -28.25000000000002487, 0.000000000000000000 ) ) ;
#832 = ORIENTED_EDGE ( 'NONE', *, *, #715, .T. ) ;
#833 = CARTESIAN_POINT ( 'NONE',  ( 38.67810746148602163, -45.40007575682851382, 36.80533964865399810 ) ) ;
#834 = DIRECTION ( 'NONE',  ( 0.000000000000000000, 0.000000000000000000, 1.000000000000000000 ) ) ;
#835 = EDGE_CURVE ( 'NONE', #2282, #3198, #1524, .T. ) ;
#836 = LINE ( 'NONE', #313, #1399 ) ;
#837 = LINE ( 'NONE', #38, #971 ) ;
#838 = EDGE_CURVE ( 'NONE', #2243, #1985, #2991, .T. ) ;
#839 = ORIENTED_EDGE ( 'NONE', *, *, #829, .T. ) ;
#840 = CARTESIAN_POINT ( 'NONE',  ( 53.13099752524905028, -31.34477641991259489, 0.000000000000000000 ) ) ;
#841 = CARTESIAN_POINT ( 'NONE',  ( 30.49987792968802225, -35.50007057189900195, 0.000000000000000000 ) ) ;
#842 = ORIENTED_EDGE ( 'NONE', *, *, #2601, .T. ) ;
#843 = ORIENTED_EDGE ( 'NONE', *, *, #332, .T. ) ;
#844 = LINE ( 'NONE', #1896, #2230 ) ;
#845 = ORIENTED_EDGE ( 'NONE', *, *, #2099, .T. ) ;
#846 = CARTESIAN_POINT ( 'NONE',  ( 30.49987792968697775, -35.50007057189900905, 3.000000000000000000 ) ) ;
#847 = LINE ( 'NONE', #1347, #2812 ) ;
#848 = VERTEX_POINT ( 'NONE', #2499 ) ;
#849 = DIRECTION ( 'NONE',  ( -0.000000000000000000, -0.000000000000000000, -1.000000000000000000 ) ) ;
#850 = CARTESIAN_POINT ( 'NONE',  ( -66.00000000000001421, -66.00000000000000000, 3.000000000000000000 ) ) ;
#851 = ORIENTED_EDGE ( 'NONE', *, *, #1589, .T. ) ;
#852 = CYLINDRICAL_SURFACE ( 'NONE', #1354, 12.50000000000000000 ) ;
#853 = CIRCLE ( 'NONE', #1460, 1.750000000000001554 ) ;
#854 = VECTOR ( 'NONE', #1583, 1000.000000000000000 ) ;
#855 = VERTEX_POINT ( 'NONE', #615 ) ;
#856 = CARTESIAN_POINT ( 'NONE',  ( 37.99999999999998579, 48.00000000000002842, 3.000000000000000000 ) ) ;
#857 = EDGE_CURVE ( 'NONE', #2586, #1909, #370, .T. ) ;
#858 = DIRECTION ( 'NONE',  ( 0.000000000000000000, 0.000000000000000000, 1.000000000000000000 ) ) ;
#859 = CIRCLE ( 'NONE', #1028, 12.50000000000000355 ) ;
#860 = ORIENTED_EDGE ( 'NONE', *, *, #715, .F. ) ;
#861 = AXIS2_PLACEMENT_3D ( 'NONE', #645, #57, #3002 ) ;
#862 = CARTESIAN_POINT ( 'NONE',  ( -30.50012207031303291, -5.499931335448994929, 36.80533964865399810 ) ) ;
#863 = DIRECTION ( 'NONE',  ( -0.000000000000000000, -0.000000000000000000, -1.000000000000000000 ) ) ;
#864 = CIRCLE ( 'NONE', #3077, 12.50000000000000355 ) ;
#865 = ORIENTED_EDGE ( 'NONE', *, *, #1767, .F. ) ;
#866 = VECTOR ( 'NONE', #3244, 1000.000000000000000 ) ;
#867 = DIRECTION ( 'NONE',  ( -0.000000000000000000, -0.000000000000000000, -1.000000000000000000 ) ) ;
#868 = EDGE_CURVE ( 'NONE', #3198, #680, #128, .T. ) ;
#869 = CARTESIAN_POINT ( 'NONE',  ( -51.71248359946253004, -43.92592313267459048, 28.04134375730104622 ) ) ;
#870 = VECTOR ( 'NONE', #1610, 1000.000000000000000 ) ;
#871 = DIRECTION ( 'NONE',  ( -4.180742545671762101E-15, -4.371140887755362005E-08, -0.9999999999999992228 ) ) ;
#872 = CARTESIAN_POINT ( 'NONE',  ( -66.00000000000001421, 61.00000000000000000, 3.000000000000000000 ) ) ;
#873 = CARTESIAN_POINT ( 'NONE',  ( 14.95999999999997954, -28.25000000000002487, 0.000000000000000000 ) ) ;
#874 = CIRCLE ( 'NONE', #3195, 1.750000000000003109 ) ;
#875 = VERTEX_POINT ( 'NONE', #2485 ) ;
#876 = CARTESIAN_POINT ( 'NONE',  ( 60.99999999999999289, -65.99999999999998579, 3.000000000000000000 ) ) ;
#877 = DIRECTION ( 'NONE',  ( -1.000000000000000000, 0.000000000000000000, 0.000000000000000000 ) ) ;
#878 = ADVANCED_FACE ( 'NONE', ( #2445 ), #2237, .T. ) ;
#879 = ORIENTED_EDGE ( 'NONE', *, *, #290, .F. ) ;
#880 = CARTESIAN_POINT ( 'NONE',  ( 33.46453800660104605, -20.13675966251838645, 28.04134375730104622 ) ) ;
#881 = DIRECTION ( 'NONE',  ( -4.180742545671762101E-15, -4.371140887755362005E-08, -0.9999999999999992228 ) ) ;
#882 = EDGE_CURVE ( 'NONE', #2371, #259, #635, .T. ) ;
#883 = ORIENTED_EDGE ( 'NONE', *, *, #475, .T. ) ;
#884 = DIRECTION ( 'NONE',  ( -0.000000000000000000, -0.000000000000000000, -1.000000000000000000 ) ) ;
#885 = LINE ( 'NONE', #3224, #1314 ) ;
#886 = CARTESIAN_POINT ( 'NONE',  ( -13.92494201660204212, -55.62510013580300949, 28.04134375730104622 ) ) ;
#887 = CARTESIAN_POINT ( 'NONE',  ( -53.71248359946253004, -31.76592310238540051, 28.04134375730104622 ) ) ;
#888 = LINE ( 'NONE', #901, #2348 ) ;
#889 = ORIENTED_EDGE ( 'NONE', *, *, #2745, .T. ) ;
#890 = CARTESIAN_POINT ( 'NONE',  ( -61.00000000000001421, -66.00000000000000000, 3.000000000000000000 ) ) ;
#891 = FACE_OUTER_BOUND ( 'NONE', #1495, .T. ) ;
#892 = ORIENTED_EDGE ( 'NONE', *, *, #1893, .F. ) ;
#893 = FACE_BOUND ( 'NONE', #2899, .T. ) ;
#894 = DIRECTION ( 'NONE',  ( -0.000000000000000000, -0.000000000000000000, -1.000000000000000000 ) ) ;
#895 = ORIENTED_EDGE ( 'NONE', *, *, #1984, .T. ) ;
#896 = CARTESIAN_POINT ( 'NONE',  ( 28.96453803689026785, -18.91234094049699976, 1.449999864253315174 ) ) ;
#897 = DIRECTION ( 'NONE',  ( -1.000000000000000000, 0.000000000000000000, 0.000000000000000000 ) ) ;
#898 = EDGE_CURVE ( 'NONE', #626, #2647, #2288, .T. ) ;
#899 = FACE_OUTER_BOUND ( 'NONE', #1550, .T. ) ;
#900 = LINE ( 'NONE', #698, #519 ) ;
#901 = CARTESIAN_POINT ( 'NONE',  ( -43.00012207031303291, -35.50007057189900195, 36.80533964865399810 ) ) ;
#902 = ORIENTED_EDGE ( 'NONE', *, *, #1879, .F. ) ;
#903 = VECTOR ( 'NONE', #1927, 1000.000000000000000 ) ;
#904 = DIRECTION ( 'NONE',  ( -0.000000000000000000, -0.000000000000000000, -1.000000000000000000 ) ) ;
#905 = DIRECTION ( 'NONE',  ( -4.180742545671762101E-15, -4.371140887755362005E-08, -0.9999999999999992228 ) ) ;
#906 = ADVANCED_FACE ( 'NONE', ( #59 ), #349, .F. ) ;
#907 = PLANE ( 'NONE',  #3368 ) ;
#908 = AXIS2_PLACEMENT_3D ( 'NONE', #1891, #1356, #1565 ) ;
#909 = VERTEX_POINT ( 'NONE', #856 ) ;
#910 = DIRECTION ( 'NONE',  ( 1.000000000000000000, 0.000000000000000000, -0.000000000000000000 ) ) ;
#911 = VECTOR ( 'NONE', #1827, 1000.000000000000000 ) ;
#912 = CARTESIAN_POINT ( 'NONE',  ( 0.000000000000000000, -15.99999999999998579, 3.000000000000000000 ) ) ;
#913 = AXIS2_PLACEMENT_3D ( 'NONE', #1840, #561, #248 ) ;
#914 = EDGE_LOOP ( 'NONE', ( #633, #486, #2396, #3390 ) ) ;
#915 = FACE_OUTER_BOUND ( 'NONE', #2602, .T. ) ;
#916 = FACE_OUTER_BOUND ( 'NONE', #236, .T. ) ;
#917 = CYLINDRICAL_SURFACE ( 'NONE', #3248, 1.750000000000001554 ) ;
#918 = VECTOR ( 'NONE', #2296, 1000.000000000000000 ) ;
#919 = ADVANCED_FACE ( 'NONE', ( #2976 ), #1944, .F. ) ;
#920 = CARTESIAN_POINT ( 'NONE',  ( -53.71248359946253004, -43.92592313267459048, 28.04134375730104622 ) ) ;
#921 = CARTESIAN_POINT ( 'NONE',  ( 0.000000000000000000, -15.99999999999998579, 3.000000000000000000 ) ) ;
#922 = VECTOR ( 'NONE', #2708, 1000.000000000000000 ) ;
#923 = ORIENTED_EDGE ( 'NONE', *, *, #1371, .F. ) ;
#924 = AXIS2_PLACEMENT_3D ( 'NONE', #3029, #1230, #2773 ) ;
#925 = LINE ( 'NONE', #2220, #1573 ) ;
#926 = FACE_OUTER_BOUND ( 'NONE', #3228, .T. ) ;
#927 = LINE ( 'NONE', #1738, #1700 ) ;
#928 = AXIS2_PLACEMENT_3D ( 'NONE', #740, #2624, #1789 ) ;
#929 = ORIENTED_EDGE ( 'NONE', *, *, #1134, .F. ) ;
#930 = FACE_BOUND ( 'NONE', #2148, .T. ) ;
#931 = SECURITY_CLASSIFICATION ( '', '', #1549 ) ;
#932 = DIRECTION ( 'NONE',  ( -1.051347561198064835E-16, 1.000000000000000000, 0.000000000000000000 ) ) ;
#933 = EDGE_CURVE ( 'NONE', #725, #2318, #3253, .T. ) ;
#934 = ORIENTED_EDGE ( 'NONE', *, *, #3298, .F. ) ;
#935 = DIRECTION ( 'NONE',  ( -4.180742545671762101E-15, -4.371140887755362005E-08, -0.9999999999999992228 ) ) ;
#936 = PLANE ( 'NONE',  #1971 ) ;
#937 = DIRECTION ( 'NONE',  ( -0.000000000000000000, -0.000000000000000000, 1.000000000000000000 ) ) ;
#938 = LINE ( 'NONE', #381, #1130 ) ;
#939 = CARTESIAN_POINT ( 'NONE',  ( 24.50012016296398798, -5.499931335449007364, 3.000000000000000000 ) ) ;
#940 = EDGE_CURVE ( 'NONE', #3274, #3104, #750, .T. ) ;
#941 = ORIENTED_EDGE ( 'NONE', *, *, #221, .T. ) ;
#942 = CARTESIAN_POINT ( 'NONE',  ( -55.00000000000000000, -55.00000000000000000, 3.000000000000000000 ) ) ;
#943 = CARTESIAN_POINT ( 'NONE',  ( -58.25248347830570594, -33.76592310238539341, 1.450000513524439372 ) ) ;
#944 = APPLICATION_CONTEXT ( 'configuration controlled 3d designs of mechanical parts and assemblies' ) ;
#945 = APPROVAL_ROLE ( '' ) ;
#946 = EDGE_CURVE ( 'NONE', #1348, #2857, #437, .T. ) ;
#947 = VERTEX_POINT ( 'NONE', #2818 ) ;
#948 = DIRECTION ( 'NONE',  ( -1.000000000000000000, 0.000000000000000000, 0.000000000000000000 ) ) ;
#949 = CARTESIAN_POINT ( 'NONE',  ( 53.13099752524894370, -33.09477641991259844, 1.450000484187200733 ) ) ;
#950 = EDGE_CURVE ( 'NONE', #17, #2847, #2625, .T. ) ;
#951 = ORIENTED_EDGE ( 'NONE', *, *, #226, .F. ) ;
#952 = ORIENTED_EDGE ( 'NONE', *, *, #1916, .T. ) ;
#953 = CARTESIAN_POINT ( 'NONE',  ( 53.13099752524905028, -29.59477641991259489, 1.450000331197270897 ) ) ;
#954 = CYLINDRICAL_SURFACE ( 'NONE', #1919, 3.500000000000003109 ) ;
#955 = ORIENTED_EDGE ( 'NONE', *, *, #882, .T. ) ;
#956 = CYLINDRICAL_SURFACE ( 'NONE', #1675, 12.50000000000000000 ) ;
#957 = DIRECTION ( 'NONE',  ( 0.000000000000000000, -0.000000000000000000, -1.000000000000000000 ) ) ;
#958 = ORIENTED_EDGE ( 'NONE', *, *, #2064, .T. ) ;
#959 = FACE_BOUND ( 'NONE', #116, .T. ) ;
#960 = PLANE ( 'NONE',  #420 ) ;
#961 = AXIS2_PLACEMENT_3D ( 'NONE', #2909, #1638, #3218 ) ;
#962 = ORIENTED_EDGE ( 'NONE', *, *, #868, .T. ) ;
#963 = EDGE_CURVE ( 'NONE', #3379, #9, #1757, .T. ) ;
#964 = CARTESIAN_POINT ( 'NONE',  ( 53.13099752524894370, -29.59477641991259489, 1.450000331197270897 ) ) ;
#965 = LINE ( 'NONE', #2806, #710 ) ;
#966 = AXIS2_PLACEMENT_3D ( 'NONE', #2940, #2338, #564 ) ;
#967 = ORIENTED_EDGE ( 'NONE', *, *, #2646, .T. ) ;
#968 = AXIS2_PLACEMENT_3D ( 'NONE', #942, #217, #2552 ) ;
#969 = DIRECTION ( 'NONE',  ( 1.000000000000000000, 0.000000000000000000, 0.000000000000000000 ) ) ;
#970 = CARTESIAN_POINT ( 'NONE',  ( 4.574954986571961868, -55.32508182525600660, 0.000000000000000000 ) ) ;
#971 = VECTOR ( 'NONE', #2428, 1000.000000000000000 ) ;
#972 = ORIENTED_EDGE ( 'NONE', *, *, #838, .T. ) ;
#973 = EDGE_CURVE ( 'NONE', #2817, #1169, #1193, .T. ) ;
#974 = VECTOR ( 'NONE', #1077, 1000.000000000000000 ) ;
#975 = CARTESIAN_POINT ( 'NONE',  ( -51.71248359946253714, -33.76592310238539341, 0.000000000000000000 ) ) ;
#976 = VECTOR ( 'NONE', #129, 1000.000000000000000 ) ;
#977 = EDGE_CURVE ( 'NONE', #1819, #463, #299, .T. ) ;
#978 = ORIENTED_EDGE ( 'NONE', *, *, #1733, .F. ) ;
#979 = CARTESIAN_POINT ( 'NONE',  ( -55.92498535135183602, 8.414992237443547296, 1.449998669737191603 ) ) ;
#980 = AXIS2_PLACEMENT_3D ( 'NONE', #311, #35, #2404 ) ;
#981 = FACE_OUTER_BOUND ( 'NONE', #183, .T. ) ;
#982 = COORDINATED_UNIVERSAL_TIME_OFFSET ( 3, 0, .AHEAD. ) ;
#983 = CIRCLE ( 'NONE', #1978, 1.999999999999994893 ) ;
#984 = ORIENTED_EDGE ( 'NONE', *, *, #2979, .F. ) ;
#985 = CARTESIAN_POINT ( 'NONE',  ( -8.924942016602040340, -55.62510013580300949, 1.450001469019652323 ) ) ;
#986 = DIRECTION ( 'NONE',  ( -0.000000000000000000, -0.000000000000000000, -1.000000000000000000 ) ) ;
#987 = CIRCLE ( 'NONE', #1096, 1.750000000000003109 ) ;
#988 = EDGE_CURVE ( 'NONE', #855, #468, #2183, .T. ) ;
#989 = ORIENTED_EDGE ( 'NONE', *, *, #2070, .F. ) ;
#990 = CIRCLE ( 'NONE', #2758, 1.750000000000001554 ) ;
#991 = ORIENTED_EDGE ( 'NONE', *, *, #1371, .T. ) ;
#992 = DIRECTION ( 'NONE',  ( -4.180742545671762101E-15, -4.371140887755362005E-08, -0.9999999999999992228 ) ) ;
#993 = DIRECTION ( 'NONE',  ( 0.000000000000000000, -0.9999999999999991118, 4.371140884147631631E-08 ) ) ;
#994 = EDGE_CURVE ( 'NONE', #1244, #211, #2906, .T. ) ;
#995 = ORIENTED_EDGE ( 'NONE', *, *, #2395, .F. ) ;
#996 = DIRECTION ( 'NONE',  ( -1.000000000000000000, 0.000000000000000000, 0.000000000000000000 ) ) ;
#997 = EDGE_LOOP ( 'NONE', ( #21, #1325, #432, #1874 ) ) ;
#998 = ORIENTED_EDGE ( 'NONE', *, *, #1498, .F. ) ;
#999 = DIRECTION ( 'NONE',  ( 1.000000000000000000, 0.000000000000000000, 0.000000000000000000 ) ) ;
#1000 = ORIENTED_EDGE ( 'NONE', *, *, #3257, .T. ) ;
#1001 = LINE ( 'NONE', #964, #1351 ) ;
#1002 = CARTESIAN_POINT ( 'NONE',  ( 4.574954986571961868, -55.32508182525600660, 1.450001455905375325 ) ) ;
#1003 = ORIENTED_EDGE ( 'NONE', *, *, #2426, .T. ) ;
#1004 = EDGE_LOOP ( 'NONE', ( #2337, #2831, #42, #923 ) ) ;
#1005 = ORIENTED_EDGE ( 'NONE', *, *, #2302, .T. ) ;
#1006 = FACE_OUTER_BOUND ( 'NONE', #2695, .T. ) ;
#1007 = FACE_OUTER_BOUND ( 'NONE', #61, .T. ) ;
#1008 = VERTEX_POINT ( 'NONE', #979 ) ;
#1009 = EDGE_CURVE ( 'NONE', #3371, #2310, #141, .T. ) ;
#1010 = DIRECTION ( 'NONE',  ( 4.180742545671757368E-15, 4.371140887755362005E-08, 0.9999999999999991118 ) ) ;
#1011 = ORIENTED_EDGE ( 'NONE', *, *, #3385, .T. ) ;
#1012 = VERTEX_POINT ( 'NONE', #199 ) ;
#1013 = CARTESIAN_POINT ( 'NONE',  ( 32.08339509376522614, -47.89936383365681394, 1.450001131316915437 ) ) ;
#1014 = PERSON_AND_ORGANIZATION_ROLE ( 'creator' ) ;
#1015 = VERTEX_POINT ( 'NONE', #720 ) ;
#1016 = CARTESIAN_POINT ( 'NONE',  ( 47.02500206014519790, -33.14931592906049218, 28.04134375730104622 ) ) ;
#1017 = ADVANCED_FACE ( 'NONE', ( #3055 ), #1260, .F. ) ;
#1018 = DIRECTION ( 'NONE',  ( 0.000000000000000000, 0.000000000000000000, 1.000000000000000000 ) ) ;
#1019 = VERTEX_POINT ( 'NONE', #1770 ) ;
#1020 = ORIENTED_EDGE ( 'NONE', *, *, #1725, .F. ) ;
#1021 = CARTESIAN_POINT ( 'NONE',  ( 33.21007646689140813, -48.89130729459745339, 1.450001174675907833 ) ) ;
#1022 = VECTOR ( 'NONE', #2971, 1000.000000000000000 ) ;
#1023 = DIRECTION ( 'NONE',  ( 4.180742545671757368E-15, 4.371140887755362005E-08, 0.9999999999999991118 ) ) ;
#1024 = DIRECTION ( 'NONE',  ( -1.000000000000000000, 0.000000000000000000, 0.000000000000000000 ) ) ;
#1025 = CIRCLE ( 'NONE', #137, 1.750000000000003109 ) ;
#1026 = ORIENTED_EDGE ( 'NONE', *, *, #3385, .F. ) ;
#1027 = CARTESIAN_POINT ( 'NONE',  ( 14.95999999999997954, -28.25000000000002487, 0.000000000000000000 ) ) ;
#1028 = AXIS2_PLACEMENT_3D ( 'NONE', #1961, #2766, #630 ) ;
#1029 = EDGE_CURVE ( 'NONE', #2310, #1985, #1483, .T. ) ;
#1030 = VECTOR ( 'NONE', #806, 1000.000000000000000 ) ;
#1031 = ORIENTED_EDGE ( 'NONE', *, *, #343, .F. ) ;
#1032 = CARTESIAN_POINT ( 'NONE',  ( 48.77500172706440651, -40.76931592906048252, 0.000000000000000000 ) ) ;
#1033 = EDGE_CURVE ( 'NONE', #120, #216, #2571, .T. ) ;
#1034 = ORIENTED_EDGE ( 'NONE', *, *, #300, .T. ) ;
#1035 = CIRCLE ( 'NONE', #258, 12.50000000000000355 ) ;
#1036 = DIRECTION ( 'NONE',  ( 0.000000000000000000, -0.9999999999999990008, 4.371140888484446938E-08 ) ) ;
#1037 = CARTESIAN_POINT ( 'NONE',  ( 35.21007646689140813, -46.40007575682851382, 28.04134375730104622 ) ) ;
#1038 = CIRCLE ( 'NONE', #2640, 2.000000000000003553 ) ;
#1039 = ORIENTED_EDGE ( 'NONE', *, *, #542, .F. ) ;
#1040 = ORIENTED_EDGE ( 'NONE', *, *, #412, .T. ) ;
#1041 = FACE_OUTER_BOUND ( 'NONE', #3034, .T. ) ;
#1042 = AXIS2_PLACEMENT_3D ( 'NONE', #786, #1780, #1024 ) ;
#1043 = CARTESIAN_POINT ( 'NONE',  ( -58.50000000000000000, 55.00000000000000711, 3.000000000000000000 ) ) ;
#1044 = DIRECTION ( 'NONE',  ( -1.000000000000000000, 0.000000000000000000, 0.000000000000000000 ) ) ;
#1045 = CIRCLE ( 'NONE', #2982, 1.750000000000001554 ) ;
#1046 = ORIENTED_EDGE ( 'NONE', *, *, #1625, .T. ) ;
#1047 = CARTESIAN_POINT ( 'NONE',  ( 10.99999999999997513, -11.46000000000002927, 0.000000000000000000 ) ) ;
#1048 = ORIENTED_EDGE ( 'NONE', *, *, #622, .F. ) ;
#1049 = ORIENTED_EDGE ( 'NONE', *, *, #1725, .T. ) ;
#1050 = DIRECTION ( 'NONE',  ( 1.000000000000000000, 0.000000000000000000, -0.000000000000000000 ) ) ;
#1051 = EDGE_CURVE ( 'NONE', #2647, #626, #1250, .T. ) ;
#1052 = EDGE_LOOP ( 'NONE', ( #479, #2144, #2752, #2965 ) ) ;
#1053 = CYLINDRICAL_SURFACE ( 'NONE', #1735, 1.750000000000001554 ) ;
#1054 = ADVANCED_FACE ( 'NONE', ( #2540 ), #1786, .F. ) ;
#1055 = CARTESIAN_POINT ( 'NONE',  ( 29.96453803689026785, -17.59676082486349813, 1.449999806747207742 ) ) ;
#1056 = ORIENTED_EDGE ( 'NONE', *, *, #475, .F. ) ;
#1057 = DIRECTION ( 'NONE',  ( -0.000000000000000000, -0.000000000000000000, -1.000000000000000000 ) ) ;
#1058 = ORIENTED_EDGE ( 'NONE', *, *, #1774, .T. ) ;
#1059 = ADVANCED_FACE ( 'NONE', ( #959, #2050, #2321, #2849, #1534, #2590, #1981, #3042, #1717, #399, #1461, #2517, #149, #1209, #2259, #3318, #3120, #754 ), #2604, .F. ) ;
#1060 = PLANE ( 'NONE',  #1751 ) ;
#1061 = DIRECTION ( 'NONE',  ( 0.9999999999999961142, 8.742277677795539484E-08, -8.002115286624055570E-15 ) ) ;
#1062 = ORIENTED_EDGE ( 'NONE', *, *, #690, .T. ) ;
#1063 = DIRECTION ( 'NONE',  ( 0.9999999999999961142, 8.742277677795539484E-08, -8.002115286624055570E-15 ) ) ;
#1064 = ORIENTED_EDGE ( 'NONE', *, *, #1677, .F. ) ;
#1065 = DIRECTION ( 'NONE',  ( -1.000000000000000000, 0.000000000000000000, 0.000000000000000000 ) ) ;
#1066 = ORIENTED_EDGE ( 'NONE', *, *, #1189, .F. ) ;
#1067 = DIRECTION ( 'NONE',  ( 0.000000000000000000, 0.000000000000000000, -1.000000000000000000 ) ) ;
#1068 = DIRECTION ( 'NONE',  ( -0.000000000000000000, -0.000000000000000000, -1.000000000000000000 ) ) ;
#1069 = EDGE_CURVE ( 'NONE', #733, #17, #2087, .T. ) ;
#1070 = VERTEX_POINT ( 'NONE', #2671 ) ;
#1071 = DIRECTION ( 'NONE',  ( -0.000000000000000000, -0.000000000000000000, -1.000000000000000000 ) ) ;
#1072 = DIRECTION ( 'NONE',  ( 1.000000000000000000, 0.000000000000000000, 0.000000000000000000 ) ) ;
#1073 = DIRECTION ( 'NONE',  ( 1.000000000000000000, 0.000000000000000000, 0.000000000000000000 ) ) ;
#1074 = ADVANCED_FACE ( 'NONE', ( #525 ), #293, .F. ) ;
#1075 = ORIENTED_EDGE ( 'NONE', *, *, #1903, .T. ) ;
#1076 = AXIS2_PLACEMENT_3D ( 'NONE', #1423, #2690, #2407 ) ;
#1077 = DIRECTION ( 'NONE',  ( 1.000000000000000000, -2.731848123972157579E-15, -4.180742426258835564E-15 ) ) ;
#1078 = AXIS2_PLACEMENT_3D ( 'NONE', #3125, #1538, #761 ) ;
#1079 = ORIENTED_EDGE ( 'NONE', *, *, #1140, .F. ) ;
#1080 = AXIS2_PLACEMENT_3D ( 'NONE', #1085, #1105, #2155 ) ;
#1081 = DIRECTION ( 'NONE',  ( -0.000000000000000000, -0.000000000000000000, -1.000000000000000000 ) ) ;
#1082 = AXIS2_PLACEMENT_3D ( 'NONE', #3070, #3089, #3347 ) ;
#1083 = EDGE_CURVE ( 'NONE', #2303, #2076, #2357, .T. ) ;
#1084 = EDGE_LOOP ( 'NONE', ( #3202, #614, #477, #1986, #1929 ) ) ;
#1085 = CARTESIAN_POINT ( 'NONE',  ( 31.71453800660105316, -20.13675966251838645, 28.04134375730104622 ) ) ;
#1086 = AXIS2_PLACEMENT_3D ( 'NONE', #2707, #1368, #1163 ) ;
#1087 = CARTESIAN_POINT ( 'NONE',  ( -53.71248359946253004, -45.92592313267459048, 1.450001045055149707 ) ) ;
#1088 = AXIS2_PLACEMENT_3D ( 'NONE', #2597, #3114, #3132 ) ;
#1089 = ORIENTED_EDGE ( 'NONE', *, *, #3118, .F. ) ;
#1090 = LINE ( 'NONE', #586, #2011 ) ;
#1091 = DIRECTION ( 'NONE',  ( 6.829619963800051586E-16, -0.9999999999999991118, 4.371140887755362005E-08 ) ) ;
#1092 = CARTESIAN_POINT ( 'NONE',  ( 47.37007602278353602, -50.94007753325929855, 0.000000000000000000 ) ) ;
#1093 = AXIS2_PLACEMENT_3D ( 'NONE', #2668, #1902, #2200 ) ;
#1094 = EDGE_CURVE ( 'NONE', #2774, #909, #823, .T. ) ;
#1095 = ORIENTED_EDGE ( 'NONE', *, *, #1221, .F. ) ;
#1096 = AXIS2_PLACEMENT_3D ( 'NONE', #2163, #1898, #605 ) ;
#1097 = DIRECTION ( 'NONE',  ( 0.000000000000000000, 0.000000000000000000, -1.000000000000000000 ) ) ;
#1098 = DIRECTION ( 'NONE',  ( -0.000000000000000000, -0.000000000000000000, -1.000000000000000000 ) ) ;
#1099 = EDGE_CURVE ( 'NONE', #352, #2052, #465, .T. ) ;
#1100 = VECTOR ( 'NONE', #2730, 999.9999999999998863 ) ;
#1101 = DIRECTION ( 'NONE',  ( 1.000000000000000000, 0.000000000000000000, -4.180742545671766046E-15 ) ) ;
#1102 = CYLINDRICAL_SURFACE ( 'NONE', #3349, 1.750000000000001554 ) ;
#1103 = ADVANCED_FACE ( 'NONE', ( #3424 ), #3160, .F. ) ;
#1104 = EDGE_LOOP ( 'NONE', ( #3090, #2591, #790, #3022 ) ) ;
#1105 = DIRECTION ( 'NONE',  ( -0.000000000000000000, -0.000000000000000000, -1.000000000000000000 ) ) ;
#1106 = DIRECTION ( 'NONE',  ( 0.000000000000000000, 0.000000000000000000, -1.000000000000000000 ) ) ;
#1107 = VERTEX_POINT ( 'NONE', #231 ) ;
#1108 = PLANE ( 'NONE',  #2676 ) ;
#1109 = ORIENTED_EDGE ( 'NONE', *, *, #3016, .F. ) ;
#1110 = PLANE ( 'NONE',  #89 ) ;
#1111 = DIRECTION ( 'NONE',  ( -4.180742545671762101E-15, -4.371140887755362005E-08, -0.9999999999999992228 ) ) ;
#1112 = ORIENTED_EDGE ( 'NONE', *, *, #1989, .F. ) ;
#1113 = PLANE ( 'NONE',  #1687 ) ;
#1114 = CARTESIAN_POINT ( 'NONE',  ( 47.37007602278353602, -48.40007575682851382, 0.000000000000000000 ) ) ;
#1115 = ADVANCED_FACE ( 'NONE', ( #1308 ), #545, .F. ) ;
#1116 = FACE_OUTER_BOUND ( 'NONE', #2319, .T. ) ;
#1117 = CARTESIAN_POINT ( 'NONE',  ( 50.52500206014519790, -33.14931709140557814, 1.450000486571265901 ) ) ;
#1118 = EDGE_CURVE ( 'NONE', #2717, #533, #775, .T. ) ;
#1119 = ORIENTED_EDGE ( 'NONE', *, *, #1033, .T. ) ;
#1120 = DIRECTION ( 'NONE',  ( 1.000000000000000000, 0.000000000000000000, 0.000000000000000000 ) ) ;
#1121 = FACE_OUTER_BOUND ( 'NONE', #556, .T. ) ;
#1122 = EDGE_CURVE ( 'NONE', #1587, #2879, #1528, .T. ) ;
#1123 = VERTEX_POINT ( 'NONE', #791 ) ;
#1124 = FACE_BOUND ( 'NONE', #2342, .T. ) ;
#1125 = DIRECTION ( 'NONE',  ( 0.000000000000000000, -1.000000000000000000, 0.000000000000000000 ) ) ;
#1126 = ADVANCED_FACE ( 'NONE', ( #507 ), #279, .F. ) ;
#1127 = ORIENTED_EDGE ( 'NONE', *, *, #3169, .T. ) ;
#1128 = CARTESIAN_POINT ( 'NONE',  ( -66.00000000000001421, -66.00000000000000000, 0.000000000000000000 ) ) ;
#1129 = CARTESIAN_POINT ( 'NONE',  ( -43.00012207031303291, -35.50007057189900195, 0.000000000000000000 ) ) ;
#1130 = VECTOR ( 'NONE', #1281, 1000.000000000000000 ) ;
#1131 = CARTESIAN_POINT ( 'NONE',  ( -51.50000000000000000, 55.00000000000000711, 3.000000000000000000 ) ) ;
#1132 = CARTESIAN_POINT ( 'NONE',  ( -66.00000000000001421, 61.00000000000000000, 0.000000000000000000 ) ) ;
#1133 = CIRCLE ( 'NONE', #908, 12.50000000000000355 ) ;
#1134 = EDGE_CURVE ( 'NONE', #2106, #2374, #808, .T. ) ;
#1135 = VECTOR ( 'NONE', #2014, 1000.000000000000000 ) ;
#1136 = ORIENTED_EDGE ( 'NONE', *, *, #229, .T. ) ;
#1137 = DIRECTION ( 'NONE',  ( -1.000000000000000000, 0.000000000000000000, 0.000000000000000000 ) ) ;
#1138 = CYLINDRICAL_SURFACE ( 'NONE', #712, 12.50000000000000355 ) ;
#1139 = AXIS2_PLACEMENT_3D ( 'NONE', #2972, #2711, #1387 ) ;
#1140 = EDGE_CURVE ( 'NONE', #1909, #424, #3243, .T. ) ;
#1141 = ORIENTED_EDGE ( 'NONE', *, *, #1162, .T. ) ;
#1142 = CARTESIAN_POINT ( 'NONE',  ( 0.000000000000000000, 0.000000000000000000, 3.000000000000000000 ) ) ;
#1143 = LINE ( 'NONE', #65, #2301 ) ;
#1144 = VECTOR ( 'NONE', #1454, 1000.000000000000000 ) ;
#1145 = VERTEX_POINT ( 'NONE', #18 ) ;
#1146 = AXIS2_PLACEMENT_3D ( 'NONE', #3099, #1543, #745 ) ;
#1147 = DIRECTION ( 'NONE',  ( -1.000000000000000000, 0.000000000000000000, 0.000000000000000000 ) ) ;
#1148 = DIRECTION ( 'NONE',  ( 1.000000000000000000, 0.000000000000000000, 0.000000000000000000 ) ) ;
#1149 = VECTOR ( 'NONE', #1181, 1000.000000000000000 ) ;
#1150 = DIRECTION ( 'NONE',  ( 1.000000000000000000, 0.000000000000000000, -0.000000000000000000 ) ) ;
#1151 = ORIENTED_EDGE ( 'NONE', *, *, #2495, .T. ) ;
#1152 = DIRECTION ( 'NONE',  ( 1.000000000000000000, 0.000000000000000000, 0.000000000000000000 ) ) ;
#1153 = AXIS2_PLACEMENT_3D ( 'NONE', #1918, #1607, #2420 ) ;
#1154 = AXIS2_PLACEMENT_3D ( 'NONE', #1932, #8, #2394 ) ;
#1155 = VERTEX_POINT ( 'NONE', #1013 ) ;
#1156 = DIRECTION ( 'NONE',  ( -0.000000000000000000, -0.000000000000000000, 1.000000000000000000 ) ) ;
#1157 = EDGE_LOOP ( 'NONE', ( #1127, #2386, #1755, #1769, #2870, #2056, #2082, #2402 ) ) ;
#1158 = EDGE_CURVE ( 'NONE', #2484, #1996, #2742, .T. ) ;
#1159 = FACE_BOUND ( 'NONE', #2621, .T. ) ;
#1160 = CARTESIAN_POINT ( 'NONE',  ( 29.96453803689026785, -18.91234094049699976, 0.000000000000000000 ) ) ;
#1161 = ORIENTED_EDGE ( 'NONE', *, *, #226, .T. ) ;
#1162 = EDGE_CURVE ( 'NONE', #733, #1228, #3173, .T. ) ;
#1163 = DIRECTION ( 'NONE',  ( 1.000000000000000000, 0.000000000000000000, 0.000000000000000000 ) ) ;
#1164 = LINE ( 'NONE', #2986, #1805 ) ;
#1165 = CARTESIAN_POINT ( 'NONE',  ( 10.99999999999997513, -13.46000000000002927, 28.04134375730104622 ) ) ;
#1166 = EDGE_CURVE ( 'NONE', #3249, #2507, #1469, .T. ) ;
#1167 = CARTESIAN_POINT ( 'NONE',  ( 10.99999999999997513, -20.54000000000002757, 0.000000000000000000 ) ) ;
#1168 = CARTESIAN_POINT ( 'NONE',  ( 58.50000000000000000, 55.00000000000000711, 3.000000000000000000 ) ) ;
#1169 = VERTEX_POINT ( 'NONE', #1888 ) ;
#1170 = CARTESIAN_POINT ( 'NONE',  ( 53.13099752524905028, -31.34477641991259489, 0.000000000000000000 ) ) ;
#1171 = CARTESIAN_POINT ( 'NONE',  ( 47.02500206014519790, -33.14931592906049218, 1.450000486571229041 ) ) ;
#1172 = PERSON_AND_ORGANIZATION ( #659, #2589 ) ;
#1173 = VERTEX_POINT ( 'NONE', #873 ) ;
#1174 = FACE_BOUND ( 'NONE', #444, .T. ) ;
#1175 = DIRECTION ( 'NONE',  ( 1.000000000000000000, 0.000000000000000000, 0.000000000000000000 ) ) ;
#1176 = EDGE_CURVE ( 'NONE', #553, #2647, #1664, .T. ) ;
#1177 = ORIENTED_EDGE ( 'NONE', *, *, #1099, .F. ) ;
#1178 = FACE_OUTER_BOUND ( 'NONE', #2491, .T. ) ;
#1179 = CYLINDRICAL_SURFACE ( 'NONE', #3192, 3.500000000000003109 ) ;
#1180 = EDGE_CURVE ( 'NONE', #590, #2958, #1908, .T. ) ;
#1181 = DIRECTION ( 'NONE',  ( -0.000000000000000000, -0.000000000000000000, -1.000000000000000000 ) ) ;
#1182 = CARTESIAN_POINT ( 'NONE',  ( 2.074954986571851290, -55.32508182525601370, 1.450001455905382208 ) ) ;
#1183 = DIRECTION ( 'NONE',  ( -0.000000000000000000, -0.000000000000000000, -1.000000000000000000 ) ) ;
#1184 = ORIENTED_EDGE ( 'NONE', *, *, #2167, .T. ) ;
#1185 = CIRCLE ( 'NONE', #405, 5.999999999999998224 ) ;
#1186 = FACE_OUTER_BOUND ( 'NONE', #452, .T. ) ;
#1187 = DIRECTION ( 'NONE',  ( -0.000000000000000000, 0.000000000000000000, -1.000000000000000000 ) ) ;
#1188 =( NAMED_UNIT ( * ) PLANE_ANGLE_UNIT ( ) SI_UNIT ( $, .RADIAN. ) );
#1189 = EDGE_CURVE ( 'NONE', #1015, #2883, #2802, .T. ) ;
#1190 = VECTOR ( 'NONE', #3338, 1000.000000000000000 ) ;
#1191 = EDGE_LOOP ( 'NONE', ( #1637, #46, #1682, #1613 ) ) ;
#1192 = DIRECTION ( 'NONE',  ( -1.000000000000000000, 0.000000000000000000, 0.000000000000000000 ) ) ;
#1193 = CIRCLE ( 'NONE', #968, 3.500000000000003109 ) ;
#1194 = DIRECTION ( 'NONE',  ( -0.000000000000000000, -0.000000000000000000, -1.000000000000000000 ) ) ;
#1195 = VECTOR ( 'NONE', #1907, 999.9999999999998863 ) ;
#1196 = EDGE_LOOP ( 'NONE', ( #941, #1058 ) ) ;
#1197 = EDGE_CURVE ( 'NONE', #947, #207, #1424, .T. ) ;
#1198 = DIRECTION ( 'NONE',  ( -3.414809992080326558E-16, 0.9999999999999991118, -4.371140887755362005E-08 ) ) ;
#1199 = CARTESIAN_POINT ( 'NONE',  ( -61.00000000000001421, -61.00000000000000711, 3.000000000000000000 ) ) ;
#1200 = DIRECTION ( 'NONE',  ( -0.000000000000000000, -0.000000000000000000, -1.000000000000000000 ) ) ;
#1201 = VECTOR ( 'NONE', #274, 1000.000000000000000 ) ;
#1202 = DIRECTION ( 'NONE',  ( -4.180742545671762101E-15, -4.371140887755362005E-08, -0.9999999999999992228 ) ) ;
#1203 = EDGE_CURVE ( 'NONE', #468, #131, #3267, .T. ) ;
#1204 = DIRECTION ( 'NONE',  ( -1.000000000000000000, 0.000000000000000000, 0.000000000000000000 ) ) ;
#1205 = AXIS2_PLACEMENT_3D ( 'NONE', #2998, #68, #86 ) ;
#1206 = ORIENTED_EDGE ( 'NONE', *, *, #3399, .F. ) ;
#1207 = ORIENTED_EDGE ( 'NONE', *, *, #679, .T. ) ;
#1208 = VECTOR ( 'NONE', #2278, 1000.000000000000000 ) ;
#1209 = FACE_BOUND ( 'NONE', #58, .T. ) ;
#1210 = DIRECTION ( 'NONE',  ( 6.829619963800058489E-16, -1.000000000000000000, 0.000000000000000000 ) ) ;
#1211 = VECTOR ( 'NONE', #3357, 1000.000000000000000 ) ;
#1212 = ORIENTED_EDGE ( 'NONE', *, *, #3434, .T. ) ;
#1213 = CARTESIAN_POINT ( 'NONE',  ( 45.37007602278353602, -52.94007753325929855, 28.04134375730104622 ) ) ;
#1214 = LINE ( 'NONE', #376, #1261 ) ;
#1215 = ORIENTED_EDGE ( 'NONE', *, *, #1636, .F. ) ;
#1216 = CYLINDRICAL_SURFACE ( 'NONE', #2634, 5.000000000000004441 ) ;
#1217 = CARTESIAN_POINT ( 'NONE',  ( -66.00000000000001421, -61.00000000000000711, 3.000000000000000000 ) ) ;
#1218 = DIRECTION ( 'NONE',  ( -1.000000000000000000, 0.000000000000000000, 0.000000000000000000 ) ) ;
#1219 = CARTESIAN_POINT ( 'NONE',  ( -43.00012207031303291, -5.499931335448994929, 0.000000000000000000 ) ) ;
#1220 = CARTESIAN_POINT ( 'NONE',  ( -18.00012207031303291, -35.50007057189900195, 1.450000589326549072 ) ) ;
#1221 = EDGE_CURVE ( 'NONE', #523, #2430, #888, .T. ) ;
#1222 = ORIENTED_EDGE ( 'NONE', *, *, #3273, .F. ) ;
#1223 = EDGE_LOOP ( 'NONE', ( #2825, #889, #1564, #2892 ) ) ;
#1224 = CARTESIAN_POINT ( 'NONE',  ( 29.96453803689026785, -17.59675966251838730, 28.04134375730104622 ) ) ;
#1225 = DIRECTION ( 'NONE',  ( -0.000000000000000000, 0.000000000000000000, -1.000000000000000000 ) ) ;
#1226 = CARTESIAN_POINT ( 'NONE',  ( -13.92494201660204212, -55.62510013580300949, 0.000000000000000000 ) ) ;
#1227 = EDGE_CURVE ( 'NONE', #2958, #1716, #837, .T. ) ;
#1228 = VERTEX_POINT ( 'NONE', #1441 ) ;
#1229 = DIRECTION ( 'NONE',  ( 1.000000000000000000, 0.000000000000000000, -4.180742545671766046E-15 ) ) ;
#1230 = DIRECTION ( 'NONE',  ( -0.000000000000000000, -0.000000000000000000, -1.000000000000000000 ) ) ;
#1231 = EDGE_CURVE ( 'NONE', #2039, #1545, #144, .T. ) ;
#1232 = ORIENTED_EDGE ( 'NONE', *, *, #1984, .F. ) ;
#1233 = DIRECTION ( 'NONE',  ( 1.000000000000000000, 0.000000000000000000, 0.000000000000000000 ) ) ;
#1234 = CARTESIAN_POINT ( 'NONE',  ( -56.25248347830570594, -45.92592313267459048, 1.450001045055153481 ) ) ;
#1235 = CC_DESIGN_PERSON_AND_ORGANIZATION_ASSIGNMENT ( #776, #2068, ( #931 ) ) ;
#1236 = ORIENTED_EDGE ( 'NONE', *, *, #2339, .F. ) ;
#1237 = CARTESIAN_POINT ( 'NONE',  ( 17.49999999999998224, -26.50000000000002842, 0.000000000000000000 ) ) ;
#1238 = ORIENTED_EDGE ( 'NONE', *, *, #696, .T. ) ;
#1239 = DIRECTION ( 'NONE',  ( -4.180742545671762101E-15, -4.371140887755362005E-08, -0.9999999999999992228 ) ) ;
#1240 = EDGE_CURVE ( 'NONE', #216, #3278, #1957, .T. ) ;
#1241 = DIRECTION ( 'NONE',  ( 0.000000000000000000, -0.000000000000000000, 1.000000000000000000 ) ) ;
#1242 = COORDINATED_UNIVERSAL_TIME_OFFSET ( 3, 0, .AHEAD. ) ;
#1243 = AXIS2_PLACEMENT_3D ( 'NONE', #238, #2327, #2268 ) ;
#1244 = VERTEX_POINT ( 'NONE', #2691 ) ;
#1245 = DIRECTION ( 'NONE',  ( -0.000000000000000000, -0.000000000000000000, -1.000000000000000000 ) ) ;
#1246 = EDGE_CURVE ( 'NONE', #2699, #1716, #2631, .T. ) ;
#1247 = DIRECTION ( 'NONE',  ( 0.000000000000000000, 0.000000000000000000, -1.000000000000000000 ) ) ;
#1248 = AXIS2_PLACEMENT_3D ( 'NONE', #1761, #3356, #948 ) ;
#1249 = ORIENTED_EDGE ( 'NONE', *, *, #166, .F. ) ;
#1250 = CIRCLE ( 'NONE', #692, 3.500000000000003109 ) ;
#1251 = DIRECTION ( 'NONE',  ( -0.000000000000000000, -0.000000000000000000, -1.000000000000000000 ) ) ;
#1252 = CYLINDRICAL_SURFACE ( 'NONE', #595, 1.999999999999998224 ) ;
#1253 = CIRCLE ( 'NONE', #1854, 1.750000000000010214 ) ;
#1254 = VERTEX_POINT ( 'NONE', #575 ) ;
#1255 = AXIS2_PLACEMENT_3D ( 'NONE', #1323, #1010, #1063 ) ;
#1256 = CARTESIAN_POINT ( 'NONE',  ( 8.999999999999976907, -18.54000000000002757, 28.04134375730104622 ) ) ;
#1257 = AXIS2_PLACEMENT_3D ( 'NONE', #846, #2768, #554 ) ;
#1258 = EDGE_LOOP ( 'NONE', ( #2903, #2863, #1136, #3330 ) ) ;
#1259 = ORIENTED_EDGE ( 'NONE', *, *, #1767, .T. ) ;
#1260 = CYLINDRICAL_SURFACE ( 'NONE', #805, 12.50000000000000355 ) ;
#1261 = VECTOR ( 'NONE', #894, 1000.000000000000000 ) ;
#1262 = ORIENTED_EDGE ( 'NONE', *, *, #1479, .T. ) ;
#1263 = DIRECTION ( 'NONE',  ( -0.000000000000000000, -0.000000000000000000, -1.000000000000000000 ) ) ;
#1264 = DIRECTION ( 'NONE',  ( 0.000000000000000000, -0.9999999999999991118, 4.371140884147631631E-08 ) ) ;
#1265 = ORIENTED_EDGE ( 'NONE', *, *, #977, .F. ) ;
#1266 = EDGE_CURVE ( 'NONE', #2672, #719, #26, .T. ) ;
#1267 = ORIENTED_EDGE ( 'NONE', *, *, #2823, .T. ) ;
#1268 = VERTEX_POINT ( 'NONE', #2764 ) ;
#1269 = CARTESIAN_POINT ( 'NONE',  ( -43.00012207031303291, -5.499931335448994929, 36.80533964865399810 ) ) ;
#1270 = CARTESIAN_POINT ( 'NONE',  ( 13.53999999999997783, -13.46000000000002927, 0.000000000000000000 ) ) ;
#1271 = VERTEX_POINT ( 'NONE', #2442 ) ;
#1272 = DIRECTION ( 'NONE',  ( -0.000000000000000000, 1.000000000000000000, -0.000000000000000000 ) ) ;
#1273 = EDGE_LOOP ( 'NONE', ( #339, #2731, #3325, #1385, #2588 ) ) ;
#1274 = ADVANCED_FACE ( 'NONE', ( #1942 ), #1102, .F. ) ;
#1275 = ORIENTED_EDGE ( 'NONE', *, *, #1434, .F. ) ;
#1276 = DIRECTION ( 'NONE',  ( -0.000000000000000000, -0.000000000000000000, -1.000000000000000000 ) ) ;
#1277 = ORIENTED_EDGE ( 'NONE', *, *, #1855, .T. ) ;
#1278 = FACE_OUTER_BOUND ( 'NONE', #1343, .T. ) ;
#1279 = CARTESIAN_POINT ( 'NONE',  ( -53.71248359946253004, -31.76592310238540051, 1.450000426101598183 ) ) ;
#1280 = EDGE_LOOP ( 'NONE', ( #51, #84, #1109, #2803 ) ) ;
#1281 = DIRECTION ( 'NONE',  ( -0.000000000000000000, -0.000000000000000000, 1.000000000000000000 ) ) ;
#1282 = FACE_OUTER_BOUND ( 'NONE', #1157, .T. ) ;
#1283 = CYLINDRICAL_SURFACE ( 'NONE', #1042, 1.750000000000001554 ) ;
#1284 = ADVANCED_FACE ( 'NONE', ( #3211 ), #852, .F. ) ;
#1285 = VERTEX_POINT ( 'NONE', #1373 ) ;
#1286 = LINE ( 'NONE', #16, #974 ) ;
#1287 = EDGE_CURVE ( 'NONE', #2005, #3378, #356, .T. ) ;
#1288 = ORIENTED_EDGE ( 'NONE', *, *, #1083, .T. ) ;
#1289 = CARTESIAN_POINT ( 'NONE',  ( 53.13099752524905028, -31.34477641991259489, 28.04134375730104622 ) ) ;
#1290 = APPROVAL_STATUS ( 'not_yet_approved' ) ;
#1291 = VERTEX_POINT ( 'NONE', #1132 ) ;
#1292 = CARTESIAN_POINT ( 'NONE',  ( -61.00000000000002132, 61.00000000000000000, 0.000000000000000000 ) ) ;
#1293 = EDGE_CURVE ( 'NONE', #728, #2948, #1679, .T. ) ;
#1294 = DIRECTION ( 'NONE',  ( -0.000000000000000000, -0.000000000000000000, -1.000000000000000000 ) ) ;
#1295 = AXIS2_PLACEMENT_3D ( 'NONE', #143, #1698, #2876 ) ;
#1296 = EDGE_LOOP ( 'NONE', ( #929, #435 ) ) ;
#1297 = CARTESIAN_POINT ( 'NONE',  ( -30.50012207031303291, -5.499931335448994929, 1.449999277978244905 ) ) ;
#1298 = CLOSED_SHELL ( 'NONE', ( #3359, #1806, #1274, #1558, #2270, #441, #3040, #3265, #140, #1365, #2447, #606, #2550, #351, #2331, #1691, #428, #2875, #2212, #878, #2345, #388, #1059, #2440, #3021, #2033, #2257, #2623, #1074, #2594, #2935, #1340, #1950, #1721, #1310, #3316, #1998, #52, #1516, #1284, #2726, #1017, #757, #1527, #3109, #2919, #504, #2637, #2673, #2190, #1344, #1, #1054, #778, #2613, #546, #244, #3191, #1850, #1553, #2199, #2784, #1386, #2170, #2704, #2061, #2575, #1889, #2295, #1657, #919, #317, #156, #115, #2898, #1115, #2832, #2315, #357, #1600, #2871, #1485, #2767, #3402, #449, #647, #2616, #325, #1744, #2756, #2354, #3382, #1103, #372, #1416, #1404, #2579, #2529, #906, #795, #2102, #1126, #6, #3147, #573, #3407 ) ) ;
#1299 = DIRECTION ( 'NONE',  ( -1.000000000000000000, 0.000000000000000000, 4.180742545671766046E-15 ) ) ;
#1300 = DIRECTION ( 'NONE',  ( -0.000000000000000000, -0.000000000000000000, -1.000000000000000000 ) ) ;
#1301 = CIRCLE ( 'NONE', #2234, 1.750000000000001554 ) ;
#1302 = ORIENTED_EDGE ( 'NONE', *, *, #1094, .T. ) ;
#1303 = EDGE_CURVE ( 'NONE', #2522, #3130, #252, .T. ) ;
#1304 = DIRECTION ( 'NONE',  ( -1.000000000000000000, -1.365923996832131412E-15, 4.180742605378228526E-15 ) ) ;
#1305 = VECTOR ( 'NONE', #2092, 999.9999999999998863 ) ;
#1306 = EDGE_CURVE ( 'NONE', #533, #495, #1964, .T. ) ;
#1307 = VERTEX_POINT ( 'NONE', #126 ) ;
#1308 = FACE_OUTER_BOUND ( 'NONE', #1052, .T. ) ;
#1309 = CIRCLE ( 'NONE', #1966, 12.50000000000000355 ) ;
#1310 = ADVANCED_FACE ( 'NONE', ( #2300 ), #2563, .T. ) ;
#1311 = EDGE_LOOP ( 'NONE', ( #1222, #1595 ) ) ;
#1312 = CARTESIAN_POINT ( 'NONE',  ( 31.71453800660105316, -20.13675966251838645, 0.000000000000000000 ) ) ;
#1313 = CARTESIAN_POINT ( 'NONE',  ( 65.99999999999998579, 61.00000000000004263, 3.000000000000000000 ) ) ;
#1314 = VECTOR ( 'NONE', #2215, 1000.000000000000000 ) ;
#1315 = ORIENTED_EDGE ( 'NONE', *, *, #2915, .T. ) ;
#1316 = DIRECTION ( 'NONE',  ( 4.180742545671757368E-15, 4.371140887755362005E-08, 0.9999999999999991118 ) ) ;
#1317 = VERTEX_POINT ( 'NONE', #975 ) ;
#1318 = LINE ( 'NONE', #2328, #202 ) ;
#1319 = DIRECTION ( 'NONE',  ( 1.000000000000000000, -4.163336342344339393E-15, 0.000000000000000000 ) ) ;
#1320 = AXIS2_PLACEMENT_3D ( 'NONE', #2750, #631, #3336 ) ;
#1321 = VERTEX_POINT ( 'NONE', #939 ) ;
#1322 = ORIENTED_EDGE ( 'NONE', *, *, #3339, .T. ) ;
#1323 = CARTESIAN_POINT ( 'NONE',  ( -30.49987792968801514, -5.499931269881881413, 1.449999277977991108 ) ) ;
#1324 = ORIENTED_EDGE ( 'NONE', *, *, #1496, .T. ) ;
#1325 = ORIENTED_EDGE ( 'NONE', *, *, #933, .T. ) ;
#1326 = CARTESIAN_POINT ( 'NONE',  ( -61.00000000000001421, -61.00000000000000711, 0.000000000000000000 ) ) ;
#1327 = EDGE_CURVE ( 'NONE', #120, #2980, #178, .T. ) ;
#1328 = ORIENTED_EDGE ( 'NONE', *, *, #2018, .T. ) ;
#1329 = DIRECTION ( 'NONE',  ( 1.000000000000000000, -1.387778780781446464E-15, 0.000000000000000000 ) ) ;
#1330 = DIRECTION ( 'NONE',  ( -0.000000000000000000, -0.000000000000000000, -1.000000000000000000 ) ) ;
#1331 = ORIENTED_EDGE ( 'NONE', *, *, #329, .F. ) ;
#1332 = DIRECTION ( 'NONE',  ( -0.000000000000000000, -0.000000000000000000, -1.000000000000000000 ) ) ;
#1333 = DIRECTION ( 'NONE',  ( 0.9999999999999961142, 8.742277677795539484E-08, -8.002115286624055570E-15 ) ) ;
#1334 = FACE_OUTER_BOUND ( 'NONE', #308, .T. ) ;
#1335 = ORIENTED_EDGE ( 'NONE', *, *, #2495, .F. ) ;
#1336 = DIRECTION ( 'NONE',  ( 0.000000000000000000, 0.000000000000000000, -1.000000000000000000 ) ) ;
#1337 = ORIENTED_EDGE ( 'NONE', *, *, #1490, .T. ) ;
#1338 = DIRECTION ( 'NONE',  ( 0.000000000000000000, -0.9999999999999991118, 4.371140884147631631E-08 ) ) ;
#1339 = ORIENTED_EDGE ( 'NONE', *, *, #203, .T. ) ;
#1340 = ADVANCED_FACE ( 'NONE', ( #700 ), #193, .F. ) ;
#1341 = DIRECTION ( 'NONE',  ( -0.000000000000000000, -0.000000000000000000, -1.000000000000000000 ) ) ;
#1342 = DIRECTION ( 'NONE',  ( -0.000000000000000000, -0.000000000000000000, -1.000000000000000000 ) ) ;
#1343 = EDGE_LOOP ( 'NONE', ( #1389, #2974, #1871, #934 ) ) ;
#1344 = ADVANCED_FACE ( 'NONE', ( #1768 ), #1478, .F. ) ;
#1345 = DIRECTION ( 'NONE',  ( -1.000000000000000000, 0.000000000000000000, 0.000000000000000000 ) ) ;
#1346 = PLANE ( 'NONE',  #309 ) ;
#1347 = CARTESIAN_POINT ( 'NONE',  ( 35.21007646689140813, -46.40007575682851382, 0.000000000000000000 ) ) ;
#1348 = VERTEX_POINT ( 'NONE', #2513 ) ;
#1349 = CARTESIAN_POINT ( 'NONE',  ( 30.49987792968802225, -35.50007057189900195, 0.000000000000000000 ) ) ;
#1350 = DIRECTION ( 'NONE',  ( 1.000000000000000000, 0.000000000000000000, 0.000000000000000000 ) ) ;
#1351 = VECTOR ( 'NONE', #1229, 1000.000000000000000 ) ;
#1352 = LINE ( 'NONE', #37, #135 ) ;
#1353 = DIRECTION ( 'NONE',  ( -4.180742545671762101E-15, -4.371140887755362005E-08, -0.9999999999999992228 ) ) ;
#1354 = AXIS2_PLACEMENT_3D ( 'NONE', #2989, #1630, #1648 ) ;
#1355 = ORIENTED_EDGE ( 'NONE', *, *, #1774, .F. ) ;
#1356 = DIRECTION ( 'NONE',  ( -4.180742545671762101E-15, -4.371140887755362005E-08, -0.9999999999999992228 ) ) ;
#1357 = VECTOR ( 'NONE', #2101, 1000.000000000000000 ) ;
#1358 = CARTESIAN_POINT ( 'NONE',  ( 2.074954986571962312, -57.07508182525601370, 0.000000000000000000 ) ) ;
#1359 = CIRCLE ( 'NONE', #1257, 6.000000000000001776 ) ;
#1360 = ORIENTED_EDGE ( 'NONE', *, *, #31, .F. ) ;
#1361 = DIRECTION ( 'NONE',  ( -0.000000000000000000, -0.000000000000000000, -1.000000000000000000 ) ) ;
#1362 = DIRECTION ( 'NONE',  ( -0.000000000000000000, -0.000000000000000000, -1.000000000000000000 ) ) ;
#1363 = FACE_OUTER_BOUND ( 'NONE', #618, .T. ) ;
#1364 = AXIS2_PLACEMENT_3D ( 'NONE', #341, #1098, #897 ) ;
#1365 = ADVANCED_FACE ( 'NONE', ( #1497 ), #3332, .F. ) ;
#1366 = EDGE_LOOP ( 'NONE', ( #472, #578 ) ) ;
#1367 = CIRCLE ( 'NONE', #2532, 2.000000000000003553 ) ;
#1368 = DIRECTION ( 'NONE',  ( -0.000000000000000000, 0.000000000000000000, -1.000000000000000000 ) ) ;
#1369 = CARTESIAN_POINT ( 'NONE',  ( 58.50000000000000000, -55.00000000000000000, 3.000000000000000000 ) ) ;
#1370 = AXIS2_PLACEMENT_3D ( 'NONE', #1775, #456, #1018 ) ;
#1371 = EDGE_CURVE ( 'NONE', #3177, #1019, #1253, .T. ) ;
#1372 = DIRECTION ( 'NONE',  ( -0.000000000000000000, -0.000000000000000000, -1.000000000000000000 ) ) ;
#1373 = CARTESIAN_POINT ( 'NONE',  ( -59.42498535135181470, 8.414992237443547296, 0.000000000000000000 ) ) ;
#1374 = EDGE_CURVE ( 'NONE', #875, #2918, #2021, .T. ) ;
#1375 = EDGE_LOOP ( 'NONE', ( #832, #1707 ) ) ;
#1376 = DIRECTION ( 'NONE',  ( 1.000000000000000000, 0.000000000000000000, 0.000000000000000000 ) ) ;
#1377 = CARTESIAN_POINT ( 'NONE',  ( -55.00000000000000000, -55.00000000000000000, 3.000000000000000000 ) ) ;
#1378 = ORIENTED_EDGE ( 'NONE', *, *, #461, .T. ) ;
#1379 = LINE ( 'NONE', #3152, #3288 ) ;
#1380 = DIRECTION ( 'NONE',  ( -0.000000000000000000, 1.000000000000000000, -0.000000000000000000 ) ) ;
#1381 = VERTEX_POINT ( 'NONE', #1220 ) ;
#1382 = EDGE_CURVE ( 'NONE', #463, #1819, #2405, .T. ) ;
#1383 = DIRECTION ( 'NONE',  ( -0.000000000000000000, -0.000000000000000000, -1.000000000000000000 ) ) ;
#1384 = DIRECTION ( 'NONE',  ( 1.000000000000000000, 0.000000000000000000, 0.000000000000000000 ) ) ;
#1385 = ORIENTED_EDGE ( 'NONE', *, *, #3068, .F. ) ;
#1386 = ADVANCED_FACE ( 'NONE', ( #2549 ), #1782, .F. ) ;
#1387 = DIRECTION ( 'NONE',  ( 0.000000000000000000, -0.9999999999999991118, 4.371140884147631631E-08 ) ) ;
#1388 = DESIGN_CONTEXT ( 'detailed design', #2652, 'design' ) ;
#1389 = ORIENTED_EDGE ( 'NONE', *, *, #2421, .T. ) ;
#1390 = DIRECTION ( 'NONE',  ( -0.000000000000000000, -0.000000000000000000, -1.000000000000000000 ) ) ;
#1391 = CARTESIAN_POINT ( 'NONE',  ( 60.99999999999999289, 61.00000000000003553, 3.000000000000000000 ) ) ;
#1392 = ORIENTED_EDGE ( 'NONE', *, *, #946, .T. ) ;
#1393 = CARTESIAN_POINT ( 'NONE',  ( 50.52500206014519790, -33.14931592906049218, 28.04134375730104622 ) ) ;
#1394 = LINE ( 'NONE', #1935, #481 ) ;
#1395 = VERTEX_POINT ( 'NONE', #2010 ) ;
#1396 = DIRECTION ( 'NONE',  ( -0.000000000000000000, -0.000000000000000000, -1.000000000000000000 ) ) ;
#1397 = DIRECTION ( 'NONE',  ( -0.000000000000000000, 0.000000000000000000, -1.000000000000000000 ) ) ;
#1398 = EDGE_CURVE ( 'NONE', #3150, #3124, #717, .T. ) ;
#1399 = VECTOR ( 'NONE', #1372, 1000.000000000000000 ) ;
#1400 = DIRECTION ( 'NONE',  ( -0.000000000000000000, -0.000000000000000000, -1.000000000000000000 ) ) ;
#1401 = CARTESIAN_POINT ( 'NONE',  ( -30.49987792968802225, -5.499931335448994929, 3.000000000000000000 ) ) ;
#1402 = CARTESIAN_POINT ( 'NONE',  ( 10.99999999999997513, -13.46000000000002927, 0.000000000000000000 ) ) ;
#1403 = CIRCLE ( 'NONE', #2848, 1.999999999999996669 ) ;
#1404 = ADVANCED_FACE ( 'NONE', ( #2830 ), #2497, .F. ) ;
#1405 = VECTOR ( 'NONE', #2781, 1000.000000000000000 ) ;
#1406 = ORIENTED_EDGE ( 'NONE', *, *, #2239, .T. ) ;
#1407 = CARTESIAN_POINT ( 'NONE',  ( -53.71248359946253004, -33.76592310238539341, 28.04134375730104622 ) ) ;
#1408 = DIRECTION ( 'NONE',  ( -1.000000000000000000, 0.000000000000000000, 0.000000000000000000 ) ) ;
#1409 = AXIS2_PLACEMENT_3D ( 'NONE', #1402, #109, #1928 ) ;
#1410 = ORIENTED_EDGE ( 'NONE', *, *, #2889, .T. ) ;
#1411 = CIRCLE ( 'NONE', #2023, 3.500000000000003109 ) ;
#1412 = CARTESIAN_POINT ( 'NONE',  ( 30.49987792968802225, -5.499931335448994929, 0.000000000000000000 ) ) ;
#1413 = CARTESIAN_POINT ( 'NONE',  ( -51.50000000000000000, -55.00000000000000000, 3.000000000000000000 ) ) ;
#1414 = ORIENTED_EDGE ( 'NONE', *, *, #1327, .T. ) ;
#1415 = VECTOR ( 'NONE', #113, 1000.000000000000000 ) ;
#1416 = ADVANCED_FACE ( 'NONE', ( #2536 ), #3103, .F. ) ;
#1417 = VERTEX_POINT ( 'NONE', #2814 ) ;
#1418 = CIRCLE ( 'NONE', #3137, 6.000000000000001776 ) ;
#1419 = FACE_OUTER_BOUND ( 'NONE', #2706, .T. ) ;
#1420 = DIRECTION ( 'NONE',  ( -0.000000000000000000, -0.000000000000000000, -1.000000000000000000 ) ) ;
#1421 = CIRCLE ( 'NONE', #3421, 2.000000000000000000 ) ;
#1422 = CYLINDRICAL_SURFACE ( 'NONE', #706, 1.750000000000001554 ) ;
#1423 = CARTESIAN_POINT ( 'NONE',  ( 39.67810746148602163, -45.40007575682851382, 36.80533964865399810 ) ) ;
#1424 = LINE ( 'NONE', #382, #526 ) ;
#1425 = ORIENTED_EDGE ( 'NONE', *, *, #1615, .T. ) ;
#1426 = AXIS2_PLACEMENT_3D ( 'NONE', #1505, #780, #1264 ) ;
#1427 = VERTEX_POINT ( 'NONE', #3315 ) ;
#1428 = DIRECTION ( 'NONE',  ( -1.000000000000000000, -0.000000000000000000, -0.000000000000000000 ) ) ;
#1429 = EDGE_CURVE ( 'NONE', #2516, #2789, #2081, .T. ) ;
#1430 = CARTESIAN_POINT ( 'NONE',  ( 13.53999999999997783, -11.46000000000002750, 28.04134375730104622 ) ) ;
#1431 = MECHANICAL_CONTEXT ( 'NONE', #944, 'mechanical' ) ;
#1432 = ORIENTED_EDGE ( 'NONE', *, *, #1051, .F. ) ;
#1433 = CARTESIAN_POINT ( 'NONE',  ( 17.49999999999998224, -28.25000000000002842, 1.450000272415346014 ) ) ;
#1434 = EDGE_CURVE ( 'NONE', #2562, #1710, #87, .T. ) ;
#1435 = CARTESIAN_POINT ( 'NONE',  ( 30.49987792968802225, -35.50007057189900195, 36.80533964865399810 ) ) ;
#1436 = ORIENTED_EDGE ( 'NONE', *, *, #2506, .F. ) ;
#1437 = PLANE ( 'NONE',  #3245 ) ;
#1438 = DIRECTION ( 'NONE',  ( -1.000000000000000000, 0.000000000000000000, 0.000000000000000000 ) ) ;
#1439 = CARTESIAN_POINT ( 'NONE',  ( 3.499999999999999112, -15.99999999999998579, 3.000000000000000000 ) ) ;
#1440 = DIRECTION ( 'NONE',  ( -0.000000000000000000, -0.000000000000000000, -1.000000000000000000 ) ) ;
#1441 = CARTESIAN_POINT ( 'NONE',  ( 60.99999999999999289, 66.00000000000002842, 0.000000000000000000 ) ) ;
#1442 = EDGE_CURVE ( 'NONE', #495, #2264, #1576, .T. ) ;
#1443 = ORIENTED_EDGE ( 'NONE', *, *, #2138, .F. ) ;
#1444 = DIRECTION ( 'NONE',  ( -1.000000000000000000, 0.000000000000000000, 0.000000000000000000 ) ) ;
#1445 = DIRECTION ( 'NONE',  ( 0.000000000000000000, -0.000000000000000000, -1.000000000000000000 ) ) ;
#1446 = DATE_AND_TIME ( #1963, #1814 ) ;
#1447 = EDGE_CURVE ( 'NONE', #1254, #73, #2897, .T. ) ;
#1448 = ORIENTED_EDGE ( 'NONE', *, *, #2938, .F. ) ;
#1449 = FACE_BOUND ( 'NONE', #1296, .T. ) ;
#1450 = DIRECTION ( 'NONE',  ( -0.000000000000000000, 1.000000000000000000, -0.000000000000000000 ) ) ;
#1451 = ORIENTED_EDGE ( 'NONE', *, *, #1830, .F. ) ;
#1452 = EDGE_CURVE ( 'NONE', #3333, #553, #1411, .T. ) ;
#1453 = ORIENTED_EDGE ( 'NONE', *, *, #2569, .F. ) ;
#1454 = DIRECTION ( 'NONE',  ( 1.000000000000000000, 1.051347561198064835E-16, -0.000000000000000000 ) ) ;
#1455 = CARTESIAN_POINT ( 'NONE',  ( -30.49987792968801514, -5.499931269881881413, 1.449999277977991108 ) ) ;
#1456 = CARTESIAN_POINT ( 'NONE',  ( 33.21007646689140813, -48.89130729459745339, 0.000000000000000000 ) ) ;
#1457 = LINE ( 'NONE', #3017, #187 ) ;
#1458 = DIRECTION ( 'NONE',  ( -0.000000000000000000, 0.000000000000000000, -1.000000000000000000 ) ) ;
#1459 = ORIENTED_EDGE ( 'NONE', *, *, #1620, .T. ) ;
#1460 = AXIS2_PLACEMENT_3D ( 'NONE', #364, #292, #344 ) ;
#1461 = FACE_BOUND ( 'NONE', #3386, .T. ) ;
#1462 = CARTESIAN_POINT ( 'NONE',  ( 60.99999999999999289, -60.99999999999999289, 0.000000000000000000 ) ) ;
#1463 = COORDINATED_UNIVERSAL_TIME_OFFSET ( 3, 0, .AHEAD. ) ;
#1464 = CIRCLE ( 'NONE', #2567, 2.000000000000001776 ) ;
#1465 = ORIENTED_EDGE ( 'NONE', *, *, #1429, .T. ) ;
#1466 = CARTESIAN_POINT ( 'NONE',  ( -59.42498535135182181, 8.414991075098390283, 1.449998669737256218 ) ) ;
#1467 = AXIS2_PLACEMENT_3D ( 'NONE', #1170, #1911, #2715 ) ;
#1468 = DIRECTION ( 'NONE',  ( 0.000000000000000000, 0.000000000000000000, -1.000000000000000000 ) ) ;
#1469 = CIRCLE ( 'NONE', #3410, 1.000000000000001776 ) ;
#1470 = ORIENTED_EDGE ( 'NONE', *, *, #2290, .T. ) ;
#1471 = DIRECTION ( 'NONE',  ( 0.000000000000000000, -0.9999999999999990008, 4.371140888484446938E-08 ) ) ;
#1472 = DIRECTION ( 'NONE',  ( -1.000000000000000000, 0.000000000000000000, 0.000000000000000000 ) ) ;
#1473 = AXIS2_PLACEMENT_3D ( 'NONE', #1731, #145, #1204 ) ;
#1474 = EDGE_CURVE ( 'NONE', #728, #2063, #3157, .T. ) ;
#1475 = CARTESIAN_POINT ( 'NONE',  ( -56.25248347830570594, -33.76592310238539341, 28.04134375730104622 ) ) ;
#1476 = CIRCLE ( 'NONE', #3418, 2.000000000000001776 ) ;
#1477 = CARTESIAN_POINT ( 'NONE',  ( -53.71248359946253004, -45.92592313267459048, 0.000000000000000000 ) ) ;
#1478 = CYLINDRICAL_SURFACE ( 'NONE', #3297, 2.000000000000001776 ) ;
#1479 = EDGE_CURVE ( 'NONE', #2304, #2453, #2970, .T. ) ;
#1480 = CIRCLE ( 'NONE', #1093, 1.750000000000003109 ) ;
#1481 = ORIENTED_EDGE ( 'NONE', *, *, #367, .T. ) ;
#1482 = AXIS2_PLACEMENT_3D ( 'NONE', #2581, #2385, #3133 ) ;
#1483 = LINE ( 'NONE', #453, #354 ) ;
#1484 = DIRECTION ( 'NONE',  ( 1.000000000000000000, 0.000000000000000000, 0.000000000000000000 ) ) ;
#1485 = ADVANCED_FACE ( 'NONE', ( #277 ), #789, .F. ) ;
#1486 = DIRECTION ( 'NONE',  ( -0.000000000000000000, -0.000000000000000000, -1.000000000000000000 ) ) ;
#1487 = AXIS2_PLACEMENT_3D ( 'NONE', #1037, #3110, #2073 ) ;
#1488 = EDGE_LOOP ( 'NONE', ( #2907, #955, #3048, #1536 ) ) ;
#1489 = CARTESIAN_POINT ( 'NONE',  ( 38.00000000000000000, 28.00000000000002842, 3.000000000000000000 ) ) ;
#1490 = EDGE_CURVE ( 'NONE', #1427, #2672, #2933, .T. ) ;
#1491 = DIRECTION ( 'NONE',  ( -1.000000000000000000, 0.000000000000000000, 0.000000000000000000 ) ) ;
#1492 = ORIENTED_EDGE ( 'NONE', *, *, #1203, .F. ) ;
#1493 = CARTESIAN_POINT ( 'NONE',  ( -30.49987792968801514, -5.499931269881881413, 1.449999277977991108 ) ) ;
#1494 = DIRECTION ( 'NONE',  ( -0.000000000000000000, -0.000000000000000000, -1.000000000000000000 ) ) ;
#1495 = EDGE_LOOP ( 'NONE', ( #3113, #5, #1808, #1288 ) ) ;
#1496 = EDGE_CURVE ( 'NONE', #719, #3306, #2084, .T. ) ;
#1497 = FACE_OUTER_BOUND ( 'NONE', #1586, .T. ) ;
#1498 = EDGE_CURVE ( 'NONE', #947, #3172, #1286, .T. ) ;
#1499 = VERTEX_POINT ( 'NONE', #3190 ) ;
#1500 = CARTESIAN_POINT ( 'NONE',  ( 40.00000000000000000, 0.000000000000000000, 3.000000000000000000 ) ) ;
#1501 = FACE_OUTER_BOUND ( 'NONE', #1784, .T. ) ;
#1502 = APPROVAL_DATE_TIME ( #3074, #2521 ) ;
#1503 = ORIENTED_EDGE ( 'NONE', *, *, #1069, .F. ) ;
#1504 = CARTESIAN_POINT ( 'NONE',  ( -43.00012207031303291, -35.50007057189900195, 1.450000589326653655 ) ) ;
#1505 = CARTESIAN_POINT ( 'NONE',  ( -53.71248359946253004, -43.92592313267459048, 1.450000957632330945 ) ) ;
#1506 = ORIENTED_EDGE ( 'NONE', *, *, #2229, .F. ) ;
#1507 = ORIENTED_EDGE ( 'NONE', *, *, #2468, .F. ) ;
#1508 = CARTESIAN_POINT ( 'NONE',  ( 14.95999999999997954, -28.25000000000002487, 28.04134375730104622 ) ) ;
#1509 = DIRECTION ( 'NONE',  ( -4.180742545671762101E-15, -4.371140887755362005E-08, -0.9999999999999992228 ) ) ;
#1510 = ORIENTED_EDGE ( 'NONE', *, *, #1158, .T. ) ;
#1511 = DIRECTION ( 'NONE',  ( 0.000000000000000000, -0.9999999999999990008, 4.371140887245334351E-08 ) ) ;
#1512 = ORIENTED_EDGE ( 'NONE', *, *, #1293, .F. ) ;
#1513 = ORIENTED_EDGE ( 'NONE', *, *, #1474, .F. ) ;
#1514 = ORIENTED_EDGE ( 'NONE', *, *, #1641, .F. ) ;
#1515 = DIRECTION ( 'NONE',  ( 0.000000000000000000, -0.9999999999999991118, 4.371140887245352218E-08 ) ) ;
#1516 = ADVANCED_FACE ( 'NONE', ( #1560 ), #820, .F. ) ;
#1517 = VECTOR ( 'NONE', #534, 1000.000000000000000 ) ;
#1518 = ORIENTED_EDGE ( 'NONE', *, *, #229, .F. ) ;
#1519 = DIRECTION ( 'NONE',  ( -0.000000000000000000, 0.000000000000000000, -1.000000000000000000 ) ) ;
#1520 = DIRECTION ( 'NONE',  ( 0.000000000000000000, 0.000000000000000000, -1.000000000000000000 ) ) ;
#1521 = ORIENTED_EDGE ( 'NONE', *, *, #1382, .F. ) ;
#1522 = EDGE_CURVE ( 'NONE', #506, #402, #503, .T. ) ;
#1523 = ORIENTED_EDGE ( 'NONE', *, *, #988, .F. ) ;
#1524 = CIRCLE ( 'NONE', #81, 1.750000000000001554 ) ;
#1525 = DIRECTION ( 'NONE',  ( 0.000000000000000000, 0.000000000000000000, -1.000000000000000000 ) ) ;
#1526 = CARTESIAN_POINT ( 'NONE',  ( -37.99999999999998579, 48.00000000000002842, 3.000000000000000000 ) ) ;
#1527 = ADVANCED_FACE ( 'NONE', ( #3400 ), #2332, .F. ) ;
#1528 = CIRCLE ( 'NONE', #196, 12.50000000000000533 ) ;
#1529 = VERTEX_POINT ( 'NONE', #2062 ) ;
#1530 = VECTOR ( 'NONE', #969, 1000.000000000000000 ) ;
#1531 = LINE ( 'NONE', #1027, #1577 ) ;
#1532 = EDGE_LOOP ( 'NONE', ( #2798, #501, #1275, #1026, #398 ) ) ;
#1533 = ORIENTED_EDGE ( 'NONE', *, *, #2554, .F. ) ;
#1534 = FACE_BOUND ( 'NONE', #1273, .T. ) ;
#1535 = AXIS2_PLACEMENT_3D ( 'NONE', #769, #2044, #1061 ) ;
#1536 = ORIENTED_EDGE ( 'NONE', *, *, #3086, .F. ) ;
#1537 = EDGE_CURVE ( 'NONE', #2918, #1173, #1531, .T. ) ;
#1538 = DIRECTION ( 'NONE',  ( -0.000000000000000000, -0.000000000000000000, -1.000000000000000000 ) ) ;
#1539 = LINE ( 'NONE', #493, #3033 ) ;
#1540 = CIRCLE ( 'NONE', #2537, 1.749999999999994671 ) ;
#1541 = EDGE_LOOP ( 'NONE', ( #2219, #2048, #1899, #3398, #3181, #3419, #179, #93 ) ) ;
#1542 = DIRECTION ( 'NONE',  ( 0.000000000000000000, -0.9999999999999990008, 4.371140888484446938E-08 ) ) ;
#1543 = DIRECTION ( 'NONE',  ( 0.000000000000000000, 0.000000000000000000, -1.000000000000000000 ) ) ;
#1544 = DIRECTION ( 'NONE',  ( -0.000000000000000000, -0.000000000000000000, -1.000000000000000000 ) ) ;
#1545 = VERTEX_POINT ( 'NONE', #1047 ) ;
#1546 = CARTESIAN_POINT ( 'NONE',  ( -8.924942016602040340, -57.37510013580300949, 1.450001545514617796 ) ) ;
#1547 = ORIENTED_EDGE ( 'NONE', *, *, #2709, .T. ) ;
#1548 = DIRECTION ( 'NONE',  ( 1.000000000000000000, 0.000000000000000000, 0.000000000000000000 ) ) ;
#1549 = SECURITY_CLASSIFICATION_LEVEL ( 'unclassified' ) ;
#1550 = EDGE_LOOP ( 'NONE', ( #972, #1406, #3206, #347 ) ) ;
#1551 = LINE ( 'NONE', #2622, #3066 ) ;
#1552 = CARTESIAN_POINT ( 'NONE',  ( -13.92494201660204212, -53.87510013580300949, 1.450001392524706612 ) ) ;
#1553 = ADVANCED_FACE ( 'NONE', ( #802 ), #520, .F. ) ;
#1554 = ORIENTED_EDGE ( 'NONE', *, *, #2657, .T. ) ;
#1555 = CARTESIAN_POINT ( 'NONE',  ( 39.67810746148602163, -45.40007575682851382, 0.000000000000000000 ) ) ;
#1556 = DIRECTION ( 'NONE',  ( -0.000000000000000000, -0.000000000000000000, -1.000000000000000000 ) ) ;
#1557 = CARTESIAN_POINT ( 'NONE',  ( 60.99999999999999289, 61.00000000000003553, 0.000000000000000000 ) ) ;
#1558 = ADVANCED_FACE ( 'NONE', ( #2584 ), #3117, .F. ) ;
#1559 = ORIENTED_EDGE ( 'NONE', *, *, #2128, .T. ) ;
#1560 = FACE_OUTER_BOUND ( 'NONE', #1375, .T. ) ;
#1561 = EDGE_LOOP ( 'NONE', ( #551, #952, #1443, #1720 ) ) ;
#1562 = ORIENTED_EDGE ( 'NONE', *, *, #406, .T. ) ;
#1563 = CARTESIAN_POINT ( 'NONE',  ( 30.49987792968802225, -5.499931335448994929, 1.449999277977988221 ) ) ;
#1564 = ORIENTED_EDGE ( 'NONE', *, *, #2128, .F. ) ;
#1565 = DIRECTION ( 'NONE',  ( 0.000000000000000000, -0.9999999999999990008, 4.371140888484446938E-08 ) ) ;
#1566 = CARTESIAN_POINT ( 'NONE',  ( -56.25248347830570594, -45.92592313267459048, 0.000000000000000000 ) ) ;
#1567 = AXIS2_PLACEMENT_3D ( 'NONE', #2096, #1332, #3431 ) ;
#1568 = VERTEX_POINT ( 'NONE', #1853 ) ;
#1569 = CARTESIAN_POINT ( 'NONE',  ( -51.71248359946253714, -33.76592310238539341, 28.04134375730104622 ) ) ;
#1570 = AXIS2_PLACEMENT_3D ( 'NONE', #1292, #270, #1329 ) ;
#1571 = DIRECTION ( 'NONE',  ( -0.000000000000000000, 0.000000000000000000, -1.000000000000000000 ) ) ;
#1572 = DIRECTION ( 'NONE',  ( -0.000000000000000000, -0.000000000000000000, -1.000000000000000000 ) ) ;
#1573 = VECTOR ( 'NONE', #2188, 1000.000000000000000 ) ;
#1574 = EDGE_LOOP ( 'NONE', ( #1232, #782, #1089, #3326 ) ) ;
#1575 = EDGE_CURVE ( 'NONE', #1887, #466, #1596, .T. ) ;
#1576 = LINE ( 'NONE', #2635, #2351 ) ;
#1577 = VECTOR ( 'NONE', #3436, 1000.000000000000000 ) ;
#1578 = VERTEX_POINT ( 'NONE', #1546 ) ;
#1579 = DIRECTION ( 'NONE',  ( -0.000000000000000000, -0.000000000000000000, -1.000000000000000000 ) ) ;
#1580 = VECTOR ( 'NONE', #2492, 1000.000000000000000 ) ;
#1581 = ORIENTED_EDGE ( 'NONE', *, *, #2290, .F. ) ;
#1582 = CIRCLE ( 'NONE', #2028, 5.999999999999998224 ) ;
#1583 = DIRECTION ( 'NONE',  ( -0.000000000000000000, -0.000000000000000000, -1.000000000000000000 ) ) ;
#1584 = EDGE_CURVE ( 'NONE', #3366, #2453, #2600, .T. ) ;
#1585 = CARTESIAN_POINT ( 'NONE',  ( 45.37007602278353602, -50.94007753325929855, 1.450001264230487585 ) ) ;
#1586 = EDGE_LOOP ( 'NONE', ( #1841, #742, #3370, #2012 ) ) ;
#1587 = VERTEX_POINT ( 'NONE', #2997 ) ;
#1588 = PLANE ( 'NONE',  #3063 ) ;
#1589 = EDGE_CURVE ( 'NONE', #3270, #1244, #1923, .T. ) ;
#1590 = ORIENTED_EDGE ( 'NONE', *, *, #1537, .F. ) ;
#1591 = CIRCLE ( 'NONE', #818, 1.750000000000001554 ) ;
#1592 = DIRECTION ( 'NONE',  ( 1.000000000000000000, 0.000000000000000000, 0.000000000000000000 ) ) ;
#1593 = CARTESIAN_POINT ( 'NONE',  ( 58.50000000000000000, -55.00000000000000000, 0.000000000000000000 ) ) ;
#1594 = AXIS2_PLACEMENT_3D ( 'NONE', #185, #1247, #723 ) ;
#1595 = ORIENTED_EDGE ( 'NONE', *, *, #973, .F. ) ;
#1596 = LINE ( 'NONE', #1801, #1633 ) ;
#1597 = EDGE_CURVE ( 'NONE', #3130, #2158, #310, .T. ) ;
#1598 = VERTEX_POINT ( 'NONE', #1659 ) ;
#1599 = CARTESIAN_POINT ( 'NONE',  ( 34.46453803689026074, -18.40463862520800475, 1.449999842060914368 ) ) ;
#1600 = ADVANCED_FACE ( 'NONE', ( #289 ), #1901, .F. ) ;
#1601 = ORIENTED_EDGE ( 'NONE', *, *, #562, .T. ) ;
#1602 = CARTESIAN_POINT ( 'NONE',  ( 60.99999999999999289, 66.00000000000002842, 3.000000000000000000 ) ) ;
#1603 = FACE_OUTER_BOUND ( 'NONE', #1561, .T. ) ;
#1604 = ORIENTED_EDGE ( 'NONE', *, *, #2829, .F. ) ;
#1605 = DIRECTION ( 'NONE',  ( 1.000000000000000000, 3.469446951953611033E-15, 0.000000000000000000 ) ) ;
#1606 = LINE ( 'NONE', #2782, #2246 ) ;
#1607 = DIRECTION ( 'NONE',  ( 0.000000000000000000, -1.000000000000000000, 0.000000000000000000 ) ) ;
#1608 = ORIENTED_EDGE ( 'NONE', *, *, #2468, .T. ) ;
#1609 = CARTESIAN_POINT ( 'NONE',  ( -30.50012207031303291, -35.50007057189900195, 0.000000000000000000 ) ) ;
#1610 = DIRECTION ( 'NONE',  ( -0.000000000000000000, -0.000000000000000000, -1.000000000000000000 ) ) ;
#1611 = FACE_OUTER_BOUND ( 'NONE', #2632, .T. ) ;
#1612 = CARTESIAN_POINT ( 'NONE',  ( 53.13099752524905028, -31.34477641991259489, 1.450000407692237481 ) ) ;
#1613 = ORIENTED_EDGE ( 'NONE', *, *, #2823, .F. ) ;
#1614 = CARTESIAN_POINT ( 'NONE',  ( -13.92494201660204212, -57.37510013580300949, 0.000000000000000000 ) ) ;
#1615 = EDGE_CURVE ( 'NONE', #2843, #2717, #2406, .T. ) ;
#1616 = DIRECTION ( 'NONE',  ( -1.000000000000000000, 0.000000000000000000, 0.000000000000000000 ) ) ;
#1617 = EDGE_LOOP ( 'NONE', ( #2746, #842, #233, #1937 ) ) ;
#1618 = CARTESIAN_POINT ( 'NONE',  ( 17.49999999999998224, -24.75000000000002487, 28.04134375730104622 ) ) ;
#1619 = ORIENTED_EDGE ( 'NONE', *, *, #496, .F. ) ;
#1620 = EDGE_CURVE ( 'NONE', #374, #2430, #2856, .T. ) ;
#1621 = CARTESIAN_POINT ( 'NONE',  ( 47.37007602278353602, -50.94007753325929855, 1.450001264230482256 ) ) ;
#1622 = FACE_OUTER_BOUND ( 'NONE', #1004, .T. ) ;
#1623 = ORIENTED_EDGE ( 'NONE', *, *, #3209, .T. ) ;
#1624 = CARTESIAN_POINT ( 'NONE',  ( 51.50000000000000000, -55.00000000000000000, 0.000000000000000000 ) ) ;
#1625 = EDGE_CURVE ( 'NONE', #2542, #1321, #811, .T. ) ;
#1626 = CARTESIAN_POINT ( 'NONE',  ( 38.99823860727876479, -44.66674203942631749, 1.450000990014433722 ) ) ;
#1627 = CIRCLE ( 'NONE', #462, 1.750000000000001554 ) ;
#1628 = ORIENTED_EDGE ( 'NONE', *, *, #3227, .F. ) ;
#1629 = AXIS2_PLACEMENT_3D ( 'NONE', #2799, #1239, #1997 ) ;
#1630 = DIRECTION ( 'NONE',  ( -0.000000000000000000, -0.000000000000000000, -1.000000000000000000 ) ) ;
#1631 = ORIENTED_EDGE ( 'NONE', *, *, #1893, .T. ) ;
#1632 = DIRECTION ( 'NONE',  ( 0.000000000000000000, 0.000000000000000000, -1.000000000000000000 ) ) ;
#1633 = VECTOR ( 'NONE', #487, 1000.000000000000000 ) ;
#1634 = CARTESIAN_POINT ( 'NONE',  ( 39.67810746148602163, -45.40007575682851382, 36.80533964865399810 ) ) ;
#1635 = AXIS2_PLACEMENT_3D ( 'NONE', #705, #682, #2819 ) ;
#1636 = EDGE_CURVE ( 'NONE', #2032, #2843, #1673, .T. ) ;
#1637 = ORIENTED_EDGE ( 'NONE', *, *, #343, .T. ) ;
#1638 = DIRECTION ( 'NONE',  ( 0.000000000000000000, 0.000000000000000000, 1.000000000000000000 ) ) ;
#1639 = DIRECTION ( 'NONE',  ( -0.000000000000000000, -0.000000000000000000, -1.000000000000000000 ) ) ;
#1640 = CARTESIAN_POINT ( 'NONE',  ( 42.99987792968802580, -5.499931335448992265, 1.449999277977936041 ) ) ;
#1641 = EDGE_CURVE ( 'NONE', #1291, #424, #2438, .T. ) ;
#1642 = ORIENTED_EDGE ( 'NONE', *, *, #1474, .T. ) ;
#1643 = AXIS2_PLACEMENT_3D ( 'NONE', #2400, #3238, #1671 ) ;
#1644 = DIRECTION ( 'NONE',  ( 1.000000000000000000, 0.000000000000000000, 0.000000000000000000 ) ) ;
#1645 = CARTESIAN_POINT ( 'NONE',  ( 14.95999999999997954, -26.50000000000002487, 1.450000195920390977 ) ) ;
#1646 = AXIS2_PLACEMENT_3D ( 'NONE', #98, #1668, #652 ) ;
#1647 = DIRECTION ( 'NONE',  ( -1.000000000000000000, 0.000000000000000000, 0.000000000000000000 ) ) ;
#1648 = DIRECTION ( 'NONE',  ( -1.000000000000000000, 0.000000000000000000, 0.000000000000000000 ) ) ;
#1649 = EDGE_CURVE ( 'NONE', #2158, #2780, #146, .T. ) ;
#1650 = ORIENTED_EDGE ( 'NONE', *, *, #395, .T. ) ;
#1651 = DIRECTION ( 'NONE',  ( 1.000000000000000000, 0.000000000000000000, -0.000000000000000000 ) ) ;
#1652 = CARTESIAN_POINT ( 'NONE',  ( 14.95999999999997954, -24.75000000000002132, 0.000000000000000000 ) ) ;
#1653 = ORIENTED_EDGE ( 'NONE', *, *, #1620, .F. ) ;
#1654 = ORIENTED_EDGE ( 'NONE', *, *, #1636, .T. ) ;
#1655 = DIRECTION ( 'NONE',  ( -0.000000000000000000, 0.000000000000000000, -1.000000000000000000 ) ) ;
#1656 = CARTESIAN_POINT ( 'NONE',  ( -24.49987792968802580, -5.499931335448994929, 3.000000000000000000 ) ) ;
#1657 = ADVANCED_FACE ( 'NONE', ( #1419 ), #1113, .F. ) ;
#1658 = ORIENTED_EDGE ( 'NONE', *, *, #1447, .F. ) ;
#1659 = CARTESIAN_POINT ( 'NONE',  ( 13.20999999999997954, -26.50000000000002487, 1.450000195920398305 ) ) ;
#1660 = DIRECTION ( 'NONE',  ( 0.000000000000000000, -0.9999999999999991118, 4.371140887245352218E-08 ) ) ;
#1661 = EDGE_CURVE ( 'NONE', #2261, #3403, #1748, .T. ) ;
#1662 = CARTESIAN_POINT ( 'NONE',  ( 47.02500172706440651, -40.76931592906048962, 1.450000819652162543 ) ) ;
#1663 = PLANE ( 'NONE',  #2069 ) ;
#1664 = LINE ( 'NONE', #1168, #751 ) ;
#1665 = EDGE_CURVE ( 'NONE', #506, #3379, #2477, .T. ) ;
#1666 = ORIENTED_EDGE ( 'NONE', *, *, #671, .T. ) ;
#1667 = CYLINDRICAL_SURFACE ( 'NONE', #3348, 1.750000000000001554 ) ;
#1668 = DIRECTION ( 'NONE',  ( -6.829619984160652130E-16, 1.000000000000000000, 0.000000000000000000 ) ) ;
#1669 = ORIENTED_EDGE ( 'NONE', *, *, #3212, .F. ) ;
#1670 = CARTESIAN_POINT ( 'NONE',  ( -55.00000000000000000, 55.00000000000000711, 3.000000000000000000 ) ) ;
#1671 = DIRECTION ( 'NONE',  ( 0.000000000000000000, -0.000000000000000000, 1.000000000000000000 ) ) ;
#1672 = VERTEX_POINT ( 'NONE', #2198 ) ;
#1673 = LINE ( 'NONE', #327, #3353 ) ;
#1674 = CARTESIAN_POINT ( 'NONE',  ( 65.99999999999998579, -60.99999999999999289, 3.000000000000000000 ) ) ;
#1675 = AXIS2_PLACEMENT_3D ( 'NONE', #1976, #1752, #644 ) ;
#1676 = CARTESIAN_POINT ( 'NONE',  ( -8.924942016602040340, -53.87510013580300949, 0.000000000000000000 ) ) ;
#1677 = EDGE_CURVE ( 'NONE', #1587, #1070, #2150, .T. ) ;
#1678 = EDGE_LOOP ( 'NONE', ( #418, #2749 ) ) ;
#1679 = LINE ( 'NONE', #1117, #1195 ) ;
#1680 = AXIS2_PLACEMENT_3D ( 'NONE', #1407, #904, #1137 ) ;
#1681 = EDGE_CURVE ( 'NONE', #3041, #1285, #2403, .T. ) ;
#1682 = ORIENTED_EDGE ( 'NONE', *, *, #1665, .F. ) ;
#1683 = CARTESIAN_POINT ( 'NONE',  ( 8.999999999999975131, -13.46000000000002927, 1.449999736950629448 ) ) ;
#1684 = CYLINDRICAL_SURFACE ( 'NONE', #3423, 1.000000000000000888 ) ;
#1685 = AXIS2_PLACEMENT_3D ( 'NONE', #2136, #3142, #2900 ) ;
#1686 = EDGE_LOOP ( 'NONE', ( #1787, #787, #1459, #1095 ) ) ;
#1687 = AXIS2_PLACEMENT_3D ( 'NONE', #3262, #3241, #623 ) ;
#1688 = CARTESIAN_POINT ( 'NONE',  ( 10.99999999999997513, -20.54000000000002757, 1.449999935400410278 ) ) ;
#1689 = FACE_OUTER_BOUND ( 'NONE', #3165, .T. ) ;
#1690 = AXIS2_PLACEMENT_3D ( 'NONE', #1817, #2877, #2629 ) ;
#1691 = ADVANCED_FACE ( 'NONE', ( #2985 ), #608, .F. ) ;
#1692 = ORIENTED_EDGE ( 'NONE', *, *, #2488, .T. ) ;
#1693 = AXIS2_PLACEMENT_3D ( 'NONE', #642, #394, #342 ) ;
#1694 = CARTESIAN_POINT ( 'NONE',  ( 45.37007602278353602, -48.40007575682851382, 1.450001153203432036 ) ) ;
#1695 = CARTESIAN_POINT ( 'NONE',  ( -56.25248347830570594, -43.92592313267459048, 28.04134375730104622 ) ) ;
#1696 = VECTOR ( 'NONE', #2472, 999.9999999999998863 ) ;
#1697 = DIRECTION ( 'NONE',  ( -4.180742545671762101E-15, -4.371140887755362005E-08, -0.9999999999999992228 ) ) ;
#1698 = DIRECTION ( 'NONE',  ( 0.000000000000000000, -0.000000000000000000, 1.000000000000000000 ) ) ;
#1699 = DIRECTION ( 'NONE',  ( 1.000000000000000000, 0.000000000000000000, 0.000000000000000000 ) ) ;
#1700 = VECTOR ( 'NONE', #401, 1000.000000000000000 ) ;
#1701 = EDGE_CURVE ( 'NONE', #1169, #510, #1938, .T. ) ;
#1702 = ORIENTED_EDGE ( 'NONE', *, *, #470, .T. ) ;
#1703 = CARTESIAN_POINT ( 'NONE',  ( 13.53999999999997783, -11.46000000000002750, 1.449999538500810203 ) ) ;
#1704 = LINE ( 'NONE', #1430, #976 ) ;
#1705 = CARTESIAN_POINT ( 'NONE',  ( 29.07826691783824913, -17.91882911790083455, 1.449999820825512931 ) ) ;
#1706 = EDGE_CURVE ( 'NONE', #2049, #2780, #864, .T. ) ;
#1707 = ORIENTED_EDGE ( 'NONE', *, *, #1749, .T. ) ;
#1708 = DIRECTION ( 'NONE',  ( 1.000000000000000000, 0.000000000000000000, 0.000000000000000000 ) ) ;
#1709 = LINE ( 'NONE', #390, #208 ) ;
#1710 = VERTEX_POINT ( 'NONE', #3207 ) ;
#1711 = CARTESIAN_POINT ( 'NONE',  ( 65.99999999999998579, -65.99999999999998579, 3.000000000000000000 ) ) ;
#1712 = FACE_OUTER_BOUND ( 'NONE', #2334, .T. ) ;
#1713 = CARTESIAN_POINT ( 'NONE',  ( 15.53999999999997961, -18.54000000000002757, 1.449999847977580636 ) ) ;
#1714 = DIRECTION ( 'NONE',  ( -0.000000000000000000, 0.000000000000000000, -1.000000000000000000 ) ) ;
#1715 = CARTESIAN_POINT ( 'NONE',  ( 13.53999999999997605, -18.54000000000002402, 28.04134375730104622 ) ) ;
#1716 = VERTEX_POINT ( 'NONE', #1624 ) ;
#1717 = FACE_BOUND ( 'NONE', #1574, .T. ) ;
#1718 = CARTESIAN_POINT ( 'NONE',  ( 15.53999999999997783, -13.46000000000002927, 28.04134375730104622 ) ) ;
#1719 = PERSON_AND_ORGANIZATION ( #659, #2589 ) ;
#1720 = ORIENTED_EDGE ( 'NONE', *, *, #3102, .F. ) ;
#1721 = ADVANCED_FACE ( 'NONE', ( #915 ), #1216, .T. ) ;
#1722 = DIRECTION ( 'NONE',  ( -0.000000000000000000, 0.000000000000000000, -1.000000000000000000 ) ) ;
#1723 = DIRECTION ( 'NONE',  ( -1.000000000000000000, 0.000000000000000000, 0.000000000000000000 ) ) ;
#1724 = ORIENTED_EDGE ( 'NONE', *, *, #613, .F. ) ;
#1725 = EDGE_CURVE ( 'NONE', #2836, #269, #3362, .T. ) ;
#1726 = CARTESIAN_POINT ( 'NONE',  ( -61.00000000000001421, -61.00000000000000711, 3.000000000000000000 ) ) ;
#1727 = DIRECTION ( 'NONE',  ( 4.180742545671757368E-15, 4.371140887755362005E-08, 0.9999999999999991118 ) ) ;
#1728 = CARTESIAN_POINT ( 'NONE',  ( 45.37007602278353602, -46.40007575682851382, 0.000000000000000000 ) ) ;
#1729 = EDGE_CURVE ( 'NONE', #1307, #3366, #2134, .T. ) ;
#1730 = LINE ( 'NONE', #2232, #576 ) ;
#1731 = CARTESIAN_POINT ( 'NONE',  ( -13.92494201660204212, -55.62510013580300949, 0.000000000000000000 ) ) ;
#1732 = VECTOR ( 'NONE', #2459, 1000.000000000000000 ) ;
#1733 = EDGE_CURVE ( 'NONE', #3041, #1008, #1800, .T. ) ;
#1734 = EDGE_LOOP ( 'NONE', ( #734, #1161, #1503, #1141 ) ) ;
#1735 = AXIS2_PLACEMENT_3D ( 'NONE', #2606, #250, #511 ) ;
#1736 = DIRECTION ( 'NONE',  ( 1.000000000000000000, 0.000000000000000000, 0.000000000000000000 ) ) ;
#1737 = CARTESIAN_POINT ( 'NONE',  ( 14.95999999999997954, -24.75000000000002132, 28.04134375730104622 ) ) ;
#1738 = CARTESIAN_POINT ( 'NONE',  ( 35.21007646689129444, -52.94007753325929855, 1.450001351653348092 ) ) ;
#1739 = AXIS2_PLACEMENT_3D ( 'NONE', #1670, #2449, #1967 ) ;
#1740 = EDGE_LOOP ( 'NONE', ( #505, #3067, #2178, #2320 ) ) ;
#1741 = CARTESIAN_POINT ( 'NONE',  ( 42.99987792968802580, -35.50007057189900195, 1.450000589326292388 ) ) ;
#1742 = AXIS2_PLACEMENT_3D ( 'NONE', #3178, #810, #1862 ) ;
#1743 = CARTESIAN_POINT ( 'NONE',  ( 10.99999999999997513, -13.46000000000002927, 1.449999625923636293 ) ) ;
#1744 = ADVANCED_FACE ( 'NONE', ( #2508 ), #1437, .F. ) ;
#1745 = ORIENTED_EDGE ( 'NONE', *, *, #1661, .F. ) ;
#1746 = LINE ( 'NONE', #1508, #3075 ) ;
#1747 = DIRECTION ( 'NONE',  ( -0.000000000000000000, -0.000000000000000000, -1.000000000000000000 ) ) ;
#1748 = CIRCLE ( 'NONE', #417, 1.000000000000001776 ) ;
#1749 = EDGE_CURVE ( 'NONE', #1381, #523, #1309, .T. ) ;
#1750 = EDGE_LOOP ( 'NONE', ( #1792, #2545, #1066, #1518 ) ) ;
#1751 = AXIS2_PLACEMENT_3D ( 'NONE', #3396, #1023, #1333 ) ;
#1752 = DIRECTION ( 'NONE',  ( -0.000000000000000000, -0.000000000000000000, -1.000000000000000000 ) ) ;
#1753 = CARTESIAN_POINT ( 'NONE',  ( 10.99999999999997513, -20.54000000000002757, 28.04134375730104622 ) ) ;
#1754 = VECTOR ( 'NONE', #2827, 1000.000000000000000 ) ;
#1755 = ORIENTED_EDGE ( 'NONE', *, *, #2107, .T. ) ;
#1756 = AXIS2_PLACEMENT_3D ( 'NONE', #442, #1948, #1175 ) ;
#1757 = LINE ( 'NONE', #2835, #1135 ) ;
#1758 = DIRECTION ( 'NONE',  ( 0.000000000000000000, -1.000000000000000000, 0.000000000000000000 ) ) ;
#1759 = VECTOR ( 'NONE', #2364, 999.9999999999998863 ) ;
#1760 = ORIENTED_EDGE ( 'NONE', *, *, #1306, .F. ) ;
#1761 = CARTESIAN_POINT ( 'NONE',  ( 0.000000000000000000, -15.99999999999998579, 3.000000000000000000 ) ) ;
#1762 = CARTESIAN_POINT ( 'NONE',  ( 65.99999999999998579, -65.99999999999998579, 3.000000000000000000 ) ) ;
#1763 = ORIENTED_EDGE ( 'NONE', *, *, #1033, .F. ) ;
#1764 = DIRECTION ( 'NONE',  ( 0.000000000000000000, -0.9999999999999991118, 4.371140887245352218E-08 ) ) ;
#1765 = DIRECTION ( 'NONE',  ( -1.000000000000000000, 0.000000000000000000, 0.000000000000000000 ) ) ;
#1766 = ORIENTED_EDGE ( 'NONE', *, *, #2111, .T. ) ;
#1767 = EDGE_CURVE ( 'NONE', #2780, #2522, #713, .T. ) ;
#1768 = FACE_OUTER_BOUND ( 'NONE', #2735, .T. ) ;
#1769 = ORIENTED_EDGE ( 'NONE', *, *, #1122, .T. ) ;
#1770 = CARTESIAN_POINT ( 'NONE',  ( 4.574954986571961868, -58.82508182525602791, 1.450001608895304051 ) ) ;
#1771 = DATE_AND_TIME ( #2519, #2367 ) ;
#1772 = EDGE_LOOP ( 'NONE', ( #276, #377, #995, #488 ) ) ;
#1773 = LINE ( 'NONE', #2002, #77 ) ;
#1774 = EDGE_CURVE ( 'NONE', #3270, #2714, #2577, .T. ) ;
#1775 = CARTESIAN_POINT ( 'NONE',  ( -59.42498535135182181, 8.414992237443547296, 28.04134375730104622 ) ) ;
#1776 = EDGE_LOOP ( 'NONE', ( #1623, #1151, #1507, #1448 ) ) ;
#1777 = ORIENTED_EDGE ( 'NONE', *, *, #2862, .F. ) ;
#1778 = ORIENTED_EDGE ( 'NONE', *, *, #3196, .F. ) ;
#1779 = CARTESIAN_POINT ( 'NONE',  ( -59.42498535135182181, 8.414992237443547296, 0.000000000000000000 ) ) ;
#1780 = DIRECTION ( 'NONE',  ( -0.000000000000000000, -0.000000000000000000, -1.000000000000000000 ) ) ;
#1781 = ORIENTED_EDGE ( 'NONE', *, *, #1452, .F. ) ;
#1782 = PLANE ( 'NONE',  #302 ) ;
#1783 = EDGE_CURVE ( 'NONE', #2586, #2318, #3049, .T. ) ;
#1784 = EDGE_LOOP ( 'NONE', ( #513, #1960 ) ) ;
#1785 = ORIENTED_EDGE ( 'NONE', *, *, #40, .T. ) ;
#1786 = PLANE ( 'NONE',  #24 ) ;
#1787 = ORIENTED_EDGE ( 'NONE', *, *, #1749, .F. ) ;
#1788 = CARTESIAN_POINT ( 'NONE',  ( 51.50000000000000000, 55.00000000000000711, 0.000000000000000000 ) ) ;
#1789 = DIRECTION ( 'NONE',  ( -1.000000000000000000, 0.000000000000000000, 0.000000000000000000 ) ) ;
#1790 = VERTEX_POINT ( 'NONE', #2530 ) ;
#1791 = AXIS2_PLACEMENT_3D ( 'NONE', #1312, #1067, #3428 ) ;
#1792 = ORIENTED_EDGE ( 'NONE', *, *, #1134, .T. ) ;
#1793 = VECTOR ( 'NONE', #1156, 1000.000000000000000 ) ;
#1794 = EDGE_LOOP ( 'NONE', ( #3082, #1481, #800, #607, #2603, #3001, #3234, #2710 ) ) ;
#1795 = LINE ( 'NONE', #13, #3080 ) ;
#1796 = FACE_OUTER_BOUND ( 'NONE', #173, .T. ) ;
#1797 = AXIS2_PLACEMENT_3D ( 'NONE', #2283, #2269, #3053 ) ;
#1798 = ORIENTED_EDGE ( 'NONE', *, *, #2999, .T. ) ;
#1799 = VERTEX_POINT ( 'NONE', #138 ) ;
#1800 = CIRCLE ( 'NONE', #641, 1.749999999999994449 ) ;
#1801 = CARTESIAN_POINT ( 'NONE',  ( -55.92498535135183602, 8.414992237443547296, 0.000000000000000000 ) ) ;
#1802 = VECTOR ( 'NONE', #1639, 1000.000000000000000 ) ;
#1803 = ORIENTED_EDGE ( 'NONE', *, *, #290, .T. ) ;
#1804 = DIRECTION ( 'NONE',  ( 0.000000000000000000, -0.000000000000000000, 1.000000000000000000 ) ) ;
#1805 = VECTOR ( 'NONE', #609, 1000.000000000000000 ) ;
#1806 = ADVANCED_FACE ( 'NONE', ( #1178 ), #2265, .F. ) ;
#1807 = ORIENTED_EDGE ( 'NONE', *, *, #1979, .T. ) ;
#1808 = ORIENTED_EDGE ( 'NONE', *, *, #482, .T. ) ;
#1809 = FACE_OUTER_BOUND ( 'NONE', #3128, .T. ) ;
#1810 = EDGE_CURVE ( 'NONE', #131, #1173, #1746, .T. ) ;
#1811 = CARTESIAN_POINT ( 'NONE',  ( -8.924942016602040340, -57.37510013580300949, 0.000000000000000000 ) ) ;
#1812 = VECTOR ( 'NONE', #1342, 1000.000000000000000 ) ;
#1813 = VERTEX_POINT ( 'NONE', #1972 ) ;
#1814 = LOCAL_TIME ( 11, 32, 9.000000000000000000, #2222 ) ;
#1815 = DIRECTION ( 'NONE',  ( -1.000000000000000000, 0.000000000000000000, 0.000000000000000000 ) ) ;
#1816 = EDGE_CURVE ( 'NONE', #2052, #1838, #1969, .T. ) ;
#1817 = CARTESIAN_POINT ( 'NONE',  ( 32.21007646689140813, -48.89130729459745339, 0.000000000000000000 ) ) ;
#1818 = CARTESIAN_POINT ( 'NONE',  ( 30.49987792968802225, -35.50007057189900195, 1.450000589326344569 ) ) ;
#1819 = VERTEX_POINT ( 'NONE', #160 ) ;
#1820 = ORIENTED_EDGE ( 'NONE', *, *, #2915, .F. ) ;
#1821 = DIRECTION ( 'NONE',  ( -1.000000000000000000, 0.000000000000000000, 0.000000000000000000 ) ) ;
#1822 = ORIENTED_EDGE ( 'NONE', *, *, #2646, .F. ) ;
#1823 = ORIENTED_EDGE ( 'NONE', *, *, #3399, .T. ) ;
#1824 = CARTESIAN_POINT ( 'NONE',  ( 35.21007646689140813, -52.94007753325929855, 0.000000000000000000 ) ) ;
#1825 = PERSON_AND_ORGANIZATION ( #659, #2589 ) ;
#1826 = ORIENTED_EDGE ( 'NONE', *, *, #2811, .T. ) ;
#1827 = DIRECTION ( 'NONE',  ( -0.000000000000000000, -0.000000000000000000, -1.000000000000000000 ) ) ;
#1828 = DIRECTION ( 'NONE',  ( -1.000000000000000000, 0.000000000000000000, 0.000000000000000000 ) ) ;
#1829 = ORIENTED_EDGE ( 'NONE', *, *, #97, .T. ) ;
#1830 = EDGE_CURVE ( 'NONE', #3150, #822, #2775, .T. ) ;
#1831 = ORIENTED_EDGE ( 'NONE', *, *, #1447, .T. ) ;
#1832 = CARTESIAN_POINT ( 'NONE',  ( 55.00000000000000000, -55.00000000000000000, 3.000000000000000000 ) ) ;
#1833 = CARTESIAN_POINT ( 'NONE',  ( 47.02500206014519790, -40.76931592906048962, 0.000000000000000000 ) ) ;
#1834 = CARTESIAN_POINT ( 'NONE',  ( -56.25248347830570594, -43.92592313267459048, 1.450000957632341381 ) ) ;
#1835 = ORIENTED_EDGE ( 'NONE', *, *, #152, .T. ) ;
#1836 = CARTESIAN_POINT ( 'NONE',  ( 30.50012016296399153, -5.499931269881894735, 1.449999277977990886 ) ) ;
#1837 = EDGE_CURVE ( 'NONE', #2958, #590, #363, .T. ) ;
#1838 = VERTEX_POINT ( 'NONE', #953 ) ;
#1839 = ORIENTED_EDGE ( 'NONE', *, *, #2535, .F. ) ;
#1840 = CARTESIAN_POINT ( 'NONE',  ( 0.000000000000000000, -15.99999999999998579, 3.000000000000000000 ) ) ;
#1841 = ORIENTED_EDGE ( 'NONE', *, *, #3369, .F. ) ;
#1842 = CARTESIAN_POINT ( 'NONE',  ( 55.67099752524903522, -33.09477641991259844, 0.000000000000000000 ) ) ;
#1843 = CARTESIAN_POINT ( 'NONE',  ( -66.00000000000001421, -66.00000000000000000, 3.000000000000000000 ) ) ;
#1844 = AXIS2_PLACEMENT_3D ( 'NONE', #1846, #3415, #552 ) ;
#1845 = EDGE_LOOP ( 'NONE', ( #843, #1943, #3149, #1523 ) ) ;
#1846 = CARTESIAN_POINT ( 'NONE',  ( 30.49987792968802225, -5.499931335448994929, 0.000000000000000000 ) ) ;
#1847 = CIRCLE ( 'NONE', #2620, 3.500000000000003109 ) ;
#1848 = CARTESIAN_POINT ( 'NONE',  ( -56.25248347830581963, -45.92592313267459048, 1.450001045055160365 ) ) ;
#1849 = DIRECTION ( 'NONE',  ( -1.000000000000000000, 0.000000000000000000, 0.000000000000000000 ) ) ;
#1850 = ADVANCED_FACE ( 'NONE', ( #3343 ), #2006, .F. ) ;
#1851 = AXIS2_PLACEMENT_3D ( 'NONE', #666, #2286, #3351 ) ;
#1852 = ORIENTED_EDGE ( 'NONE', *, *, #542, .T. ) ;
#1853 = CARTESIAN_POINT ( 'NONE',  ( 33.21007646689140813, -50.94007753325929855, 1.450001264230537545 ) ) ;
#1854 = AXIS2_PLACEMENT_3D ( 'NONE', #1995, #3367, #1511 ) ;
#1855 = EDGE_CURVE ( 'NONE', #447, #2665, #188, .T. ) ;
#1856 = VECTOR ( 'NONE', #2455, 1000.000000000000000 ) ;
#1857 = ORIENTED_EDGE ( 'NONE', *, *, #819, .F. ) ;
#1858 = CARTESIAN_POINT ( 'NONE',  ( 0.000000000000000000, 0.000000000000000000, 0.000000000000000000 ) ) ;
#1859 = VECTOR ( 'NONE', #1200, 1000.000000000000000 ) ;
#1860 = ORIENTED_EDGE ( 'NONE', *, *, #2772, .T. ) ;
#1861 = AXIS2_PLACEMENT_3D ( 'NONE', #2793, #2480, #1150 ) ;
#1862 = DIRECTION ( 'NONE',  ( 0.9999999999999961142, 8.742277677795539484E-08, -8.002115286624055570E-15 ) ) ;
#1863 = CARTESIAN_POINT ( 'NONE',  ( 32.21007646689140813, -48.89130729459745339, 1.450001174676161853 ) ) ;
#1864 = AXIS2_PLACEMENT_3D ( 'NONE', #1270, #2314, #1849 ) ;
#1865 = ORIENTED_EDGE ( 'NONE', *, *, #1429, .F. ) ;
#1866 = CARTESIAN_POINT ( 'NONE',  ( -8.924942016602040340, -57.37510013580300949, 28.04134375730104622 ) ) ;
#1867 = CARTESIAN_POINT ( 'NONE',  ( -30.50012207031302935, -35.50007057189899484, 3.000000000000000000 ) ) ;
#1868 = PLANE ( 'NONE',  #1153 ) ;
#1869 = CC_DESIGN_SECURITY_CLASSIFICATION ( #931, ( #2705 ) ) ;
#1870 = VERTEX_POINT ( 'NONE', #174 ) ;
#1871 = ORIENTED_EDGE ( 'NONE', *, *, #2895, .F. ) ;
#1872 = DIRECTION ( 'NONE',  ( 0.9999999999999961142, 8.742277677795539484E-08, -8.002115286624055570E-15 ) ) ;
#1873 = EDGE_CURVE ( 'NONE', #3177, #2642, #2026, .T. ) ;
#1874 = ORIENTED_EDGE ( 'NONE', *, *, #857, .T. ) ;
#1875 = CARTESIAN_POINT ( 'NONE',  ( 13.53999999999997783, -13.46000000000002927, 28.04134375730104622 ) ) ;
#1876 = ORIENTED_EDGE ( 'NONE', *, *, #2554, .T. ) ;
#1877 = DIRECTION ( 'NONE',  ( -1.000000000000000000, 0.000000000000000000, 0.000000000000000000 ) ) ;
#1878 = PLANE ( 'NONE',  #1646 ) ;
#1879 = EDGE_CURVE ( 'NONE', #288, #680, #1795, .T. ) ;
#1880 = ORIENTED_EDGE ( 'NONE', *, *, #2018, .F. ) ;
#1881 = DIRECTION ( 'NONE',  ( 0.000000000000000000, -0.000000000000000000, 1.000000000000000000 ) ) ;
#1882 = DIRECTION ( 'NONE',  ( -0.000000000000000000, -0.000000000000000000, -1.000000000000000000 ) ) ;
#1883 = CARTESIAN_POINT ( 'NONE',  ( 14.95999999999997954, -24.75000000000002132, 28.04134375730104622 ) ) ;
#1884 = ORIENTED_EDGE ( 'NONE', *, *, #1649, .F. ) ;
#1885 = DIRECTION ( 'NONE',  ( -0.000000000000000000, -0.000000000000000000, -1.000000000000000000 ) ) ;
#1886 = LINE ( 'NONE', #2439, #922 ) ;
#1887 = VERTEX_POINT ( 'NONE', #209 ) ;
#1888 = CARTESIAN_POINT ( 'NONE',  ( -58.50000000000000000, -55.00000000000000000, 3.000000000000000000 ) ) ;
#1889 = ADVANCED_FACE ( 'NONE', ( #3167 ), #2079, .F. ) ;
#1890 = ORIENTED_EDGE ( 'NONE', *, *, #332, .F. ) ;
#1891 = CARTESIAN_POINT ( 'NONE',  ( 30.49987792968802225, -35.50007057189900195, 1.450000589326344569 ) ) ;
#1892 = DIRECTION ( 'NONE',  ( 0.000000000000000000, 0.000000000000000000, 1.000000000000000000 ) ) ;
#1893 = EDGE_CURVE ( 'NONE', #524, #2522, #1035, .T. ) ;
#1894 = ORIENTED_EDGE ( 'NONE', *, *, #56, .T. ) ;
#1895 = VERTEX_POINT ( 'NONE', #256 ) ;
#1896 = CARTESIAN_POINT ( 'NONE',  ( 2.074954986571851290, -58.82508182525602081, 1.450001608895315375 ) ) ;
#1897 = CARTESIAN_POINT ( 'NONE',  ( -3.499999999999999112, -15.99999999999998579, 3.000000000000000000 ) ) ;
#1898 = DIRECTION ( 'NONE',  ( -4.180742545671762101E-15, -4.371140887755362005E-08, -0.9999999999999992228 ) ) ;
#1899 = ORIENTED_EDGE ( 'NONE', *, *, #2133, .T. ) ;
#1900 = CIRCLE ( 'NONE', #1844, 12.50000000000000355 ) ;
#1901 = PLANE ( 'NONE',  #2744 ) ;
#1902 = DIRECTION ( 'NONE',  ( -4.180742545671762101E-15, -4.371140887755362005E-08, -0.9999999999999992228 ) ) ;
#1903 = EDGE_CURVE ( 'NONE', #2714, #211, #768, .T. ) ;
#1904 = VECTOR ( 'NONE', #2244, 1000.000000000000000 ) ;
#1905 = DIRECTION ( 'NONE',  ( -0.000000000000000000, -0.000000000000000000, -1.000000000000000000 ) ) ;
#1906 = AXIS2_PLACEMENT_3D ( 'NONE', #3281, #320, #1376 ) ;
#1907 = DIRECTION ( 'NONE',  ( 0.000000000000000000, -0.9999999999999991118, 4.371140887755362005E-08 ) ) ;
#1908 = CIRCLE ( 'NONE', #3018, 3.500000000000003109 ) ;
#1909 = VERTEX_POINT ( 'NONE', #3416 ) ;
#1910 = EDGE_CURVE ( 'NONE', #758, #2264, #92, .T. ) ;
#1911 = DIRECTION ( 'NONE',  ( 0.000000000000000000, 0.000000000000000000, -1.000000000000000000 ) ) ;
#1912 = VECTOR ( 'NONE', #849, 1000.000000000000000 ) ;
#1913 = CARTESIAN_POINT ( 'NONE',  ( 47.37007602278353602, -48.40007575682851382, 1.450001153203423598 ) ) ;
#1914 = VECTOR ( 'NONE', #1210, 1000.000000000000000 ) ;
#1915 = EDGE_LOOP ( 'NONE', ( #3027, #1322 ) ) ;
#1916 = EDGE_CURVE ( 'NONE', #1545, #1799, #1318, .T. ) ;
#1917 = FACE_BOUND ( 'NONE', #136, .T. ) ;
#1918 = CARTESIAN_POINT ( 'NONE',  ( -13.92494201660204212, -57.37510013580300949, 28.04134375730104622 ) ) ;
#1919 = AXIS2_PLACEMENT_3D ( 'NONE', #2547, #1494, #1765 ) ;
#1920 = ORIENTED_EDGE ( 'NONE', *, *, #1522, .T. ) ;
#1921 = AXIS2_PLACEMENT_3D ( 'NONE', #404, #3340, #3323 ) ;
#1922 = EDGE_CURVE ( 'NONE', #3289, #2558, #3153, .T. ) ;
#1923 = LINE ( 'NONE', #2737, #529 ) ;
#1924 = FACE_OUTER_BOUND ( 'NONE', #1617, .T. ) ;
#1925 = VECTOR ( 'NONE', #3179, 1000.000000000000000 ) ;
#1926 = DIRECTION ( 'NONE',  ( -0.000000000000000000, -0.000000000000000000, -1.000000000000000000 ) ) ;
#1927 = DIRECTION ( 'NONE',  ( 0.000000000000000000, 0.000000000000000000, -1.000000000000000000 ) ) ;
#1928 = DIRECTION ( 'NONE',  ( 1.000000000000000000, 0.000000000000000000, 0.000000000000000000 ) ) ;
#1929 = ORIENTED_EDGE ( 'NONE', *, *, #2938, .T. ) ;
#1930 = ORIENTED_EDGE ( 'NONE', *, *, #2535, .T. ) ;
#1931 = CARTESIAN_POINT ( 'NONE',  ( 65.99999999999998579, 61.00000000000004263, 0.000000000000000000 ) ) ;
#1932 = CARTESIAN_POINT ( 'NONE',  ( 35.21007646689140813, -50.94007753325929855, 1.450001264230529108 ) ) ;
#1933 = ORIENTED_EDGE ( 'NONE', *, *, #2360, .F. ) ;
#1934 = DIRECTION ( 'NONE',  ( 1.000000000000000000, 0.000000000000000000, -0.000000000000000000 ) ) ;
#1935 = CARTESIAN_POINT ( 'NONE',  ( 65.99999999999998579, 66.00000000000002842, 0.000000000000000000 ) ) ;
#1936 = EDGE_CURVE ( 'NONE', #848, #1285, #483, .T. ) ;
#1937 = ORIENTED_EDGE ( 'NONE', *, *, #110, .T. ) ;
#1938 = LINE ( 'NONE', #3275, #1912 ) ;
#1939 = CARTESIAN_POINT ( 'NONE',  ( 33.46453803689025364, -18.40463862520800475, 1.449999842060667010 ) ) ;
#1940 = CARTESIAN_POINT ( 'NONE',  ( -58.25248347830570594, -43.92592313267459048, 0.000000000000000000 ) ) ;
#1941 = CYLINDRICAL_SURFACE ( 'NONE', #801, 12.50000000000000355 ) ;
#1942 = FACE_OUTER_BOUND ( 'NONE', #2119, .T. ) ;
#1943 = ORIENTED_EDGE ( 'NONE', *, *, #1374, .T. ) ;
#1944 = CYLINDRICAL_SURFACE ( 'NONE', #1680, 1.999999999999994893 ) ;
#1945 = DIRECTION ( 'NONE',  ( 1.000000000000000000, 2.775557561562891351E-15, 0.000000000000000000 ) ) ;
#1946 = ORIENTED_EDGE ( 'NONE', *, *, #97, .F. ) ;
#1947 = DIRECTION ( 'NONE',  ( -0.000000000000000000, -0.000000000000000000, -1.000000000000000000 ) ) ;
#1948 = DIRECTION ( 'NONE',  ( 0.000000000000000000, -0.000000000000000000, 1.000000000000000000 ) ) ;
#1949 = ORIENTED_EDGE ( 'NONE', *, *, #69, .T. ) ;
#1950 = ADVANCED_FACE ( 'NONE', ( #1006 ), #2910, .T. ) ;
#1951 = CARTESIAN_POINT ( 'NONE',  ( 39.67810746148602163, -45.40007575682851382, 0.000000000000000000 ) ) ;
#1952 = LINE ( 'NONE', #2760, #2975 ) ;
#1953 = AXIS2_PLACEMENT_3D ( 'NONE', #3131, #2344, #2496 ) ;
#1954 = DIRECTION ( 'NONE',  ( -0.000000000000000000, -0.000000000000000000, -1.000000000000000000 ) ) ;
#1955 = FACE_OUTER_BOUND ( 'NONE', #1488, .T. ) ;
#1956 = EDGE_CURVE ( 'NONE', #1870, #2980, #3432, .T. ) ;
#1957 = LINE ( 'NONE', #3019, #2132 ) ;
#1958 = AXIS2_PLACEMENT_3D ( 'NONE', #1393, #1934, #375 ) ;
#1959 = AXIS2_PLACEMENT_3D ( 'NONE', #2639, #2118, #3194 ) ;
#1960 = ORIENTED_EDGE ( 'NONE', *, *, #1287, .F. ) ;
#1961 = CARTESIAN_POINT ( 'NONE',  ( 30.49987792968802225, -35.50007057189900195, 0.000000000000000000 ) ) ;
#1962 = CARTESIAN_POINT ( 'NONE',  ( 42.99987792968802580, -35.50007057189900195, 0.000000000000000000 ) ) ;
#1963 = CALENDAR_DATE ( 2024, 1, 3 ) ;
#1964 = CIRCLE ( 'NONE', #2574, 2.000000000000001776 ) ;
#1965 = ORIENTED_EDGE ( 'NONE', *, *, #251, .F. ) ;
#1966 = AXIS2_PLACEMENT_3D ( 'NONE', #660, #429, #378 ) ;
#1967 = DIRECTION ( 'NONE',  ( 1.000000000000000000, 0.000000000000000000, 0.000000000000000000 ) ) ;
#1968 = DIRECTION ( 'NONE',  ( 0.000000000000000000, 0.000000000000000000, 1.000000000000000000 ) ) ;
#1969 = CIRCLE ( 'NONE', #3189, 1.750000000000003109 ) ;
#1970 = ORIENTED_EDGE ( 'NONE', *, *, #3227, .T. ) ;
#1971 = AXIS2_PLACEMENT_3D ( 'NONE', #2007, #3344, #714 ) ;
#1972 = CARTESIAN_POINT ( 'NONE',  ( 51.38099752524905028, -31.34477641991259489, 0.000000000000000000 ) ) ;
#1973 = LINE ( 'NONE', #1217, #1754 ) ;
#1974 = CIRCLE ( 'NONE', #3139, 4.999999999999997335 ) ;
#1975 = CARTESIAN_POINT ( 'NONE',  ( 3.499999999999999112, -15.99999999999998579, 3.000000000000000000 ) ) ;
#1976 = CARTESIAN_POINT ( 'NONE',  ( -30.50012207031303291, -35.50007057189900195, 36.80533964865399810 ) ) ;
#1977 = DIRECTION ( 'NONE',  ( -1.000000000000000000, 0.000000000000000000, 0.000000000000000000 ) ) ;
#1978 = AXIS2_PLACEMENT_3D ( 'NONE', #220, #2905, #2888 ) ;
#1979 = EDGE_CURVE ( 'NONE', #192, #2130, #704, .T. ) ;
#1980 = EDGE_LOOP ( 'NONE', ( #724, #1628, #1056, #648, #1590 ) ) ;
#1981 = FACE_BOUND ( 'NONE', #621, .T. ) ;
#1982 = DIRECTION ( 'NONE',  ( 0.000000000000000000, -0.000000000000000000, -1.000000000000000000 ) ) ;
#1983 = CARTESIAN_POINT ( 'NONE',  ( 15.53999999999997783, -13.46000116234514543, 1.449999625923674484 ) ) ;
#1984 = EDGE_CURVE ( 'NONE', #466, #848, #3303, .T. ) ;
#1985 = VERTEX_POINT ( 'NONE', #224 ) ;
#1986 = ORIENTED_EDGE ( 'NONE', *, *, #3005, .T. ) ;
#1987 = CARTESIAN_POINT ( 'NONE',  ( 48.77500172706440651, -40.76931592906048252, 1.450000819652154993 ) ) ;
#1988 = DIRECTION ( 'NONE',  ( -1.000000000000000000, -1.051347561198064835E-16, 0.000000000000000000 ) ) ;
#1989 = EDGE_CURVE ( 'NONE', #2948, #2484, #2893, .T. ) ;
#1990 = ORIENTED_EDGE ( 'NONE', *, *, #1122, .F. ) ;
#1991 = DIRECTION ( 'NONE',  ( 0.9999999999999961142, 8.742277677795539484E-08, -8.002115286624055570E-15 ) ) ;
#1992 = CARTESIAN_POINT ( 'NONE',  ( 53.13099752524905028, -33.09477641991259844, 0.000000000000000000 ) ) ;
#1993 = DIRECTION ( 'NONE',  ( 0.000000000000000000, -0.9999999999999991118, 4.371140887245352218E-08 ) ) ;
#1994 = FACE_OUTER_BOUND ( 'NONE', #2168, .T. ) ;
#1995 = CARTESIAN_POINT ( 'NONE',  ( 4.574954986571961868, -57.07508182525601370, 1.450001532400338355 ) ) ;
#1996 = VERTEX_POINT ( 'NONE', #1833 ) ;
#1997 = DIRECTION ( 'NONE',  ( 0.000000000000000000, -0.9999999999999991118, 4.371140887245352218E-08 ) ) ;
#1998 = ADVANCED_FACE ( 'NONE', ( #1282 ), #1060, .F. ) ;
#1999 = CARTESIAN_POINT ( 'NONE',  ( -51.71248359946253714, -33.76592310238539341, 0.000000000000000000 ) ) ;
#2000 = DIRECTION ( 'NONE',  ( 4.180742545671757368E-15, 4.371140887755362005E-08, 0.9999999999999991118 ) ) ;
#2001 = EDGE_LOOP ( 'NONE', ( #2247, #1049, #3219, #2226 ) ) ;
#2002 = CARTESIAN_POINT ( 'NONE',  ( 34.17085951043083725, -17.44873438152215073, 36.80533964865399810 ) ) ;
#2003 = EDGE_CURVE ( 'NONE', #1710, #2282, #2841, .T. ) ;
#2004 = CARTESIAN_POINT ( 'NONE',  ( 14.95999999999997954, -26.50000000000002487, 0.000000000000000000 ) ) ;
#2005 = VERTEX_POINT ( 'NONE', #2611 ) ;
#2006 = CYLINDRICAL_SURFACE ( 'NONE', #2137, 1.749999999999994671 ) ;
#2007 = CARTESIAN_POINT ( 'NONE',  ( 33.21007646689140813, -48.40007575682851382, 28.04134375730104622 ) ) ;
#2008 = ORIENTED_EDGE ( 'NONE', *, *, #2111, .F. ) ;
#2009 = DIRECTION ( 'NONE',  ( -3.414809992080329516E-16, 1.000000000000000000, -0.000000000000000000 ) ) ;
#2010 = CARTESIAN_POINT ( 'NONE',  ( -51.50000000000000000, 55.00000000000000711, 3.000000000000000000 ) ) ;
#2011 = VECTOR ( 'NONE', #2124, 1000.000000000000000 ) ;
#2012 = ORIENTED_EDGE ( 'NONE', *, *, #613, .T. ) ;
#2013 = CIRCLE ( 'NONE', #1570, 4.999999999999997335 ) ;
#2014 = DIRECTION ( 'NONE',  ( -1.000000000000000000, -1.365923996832131215E-15, -0.000000000000000000 ) ) ;
#2015 = DIRECTION ( 'NONE',  ( 2.102695122396129669E-16, -1.000000000000000000, 0.000000000000000000 ) ) ;
#2016 = CALENDAR_DATE ( 2024, 1, 3 ) ;
#2017 = VECTOR ( 'NONE', #2659, 1000.000000000000000 ) ;
#2018 = EDGE_CURVE ( 'NONE', #1578, #288, #459, .T. ) ;
#2019 = ORIENTED_EDGE ( 'NONE', *, *, #56, .F. ) ;
#2020 = CYLINDRICAL_SURFACE ( 'NONE', #1078, 1.000000000000000888 ) ;
#2021 = CIRCLE ( 'NONE', #3182, 1.750000000000001554 ) ;
#2022 = CARTESIAN_POINT ( 'NONE',  ( 47.02500206014519080, -33.14931592906049218, 0.000000000000000000 ) ) ;
#2023 = AXIS2_PLACEMENT_3D ( 'NONE', #2654, #773, #3138 ) ;
#2024 = EDGE_CURVE ( 'NONE', #1895, #1819, #2346, .T. ) ;
#2025 = VERTEX_POINT ( 'NONE', #49 ) ;
#2026 = LINE ( 'NONE', #3084, #760 ) ;
#2027 = CARTESIAN_POINT ( 'NONE',  ( 14.95999999999997954, -26.50000000000002487, 1.450000195920390977 ) ) ;
#2028 = AXIS2_PLACEMENT_3D ( 'NONE', #1867, #3282, #28 ) ;
#2029 = ORIENTED_EDGE ( 'NONE', *, *, #3081, .F. ) ;
#2030 = VECTOR ( 'NONE', #515, 1000.000000000000000 ) ;
#2031 = DIRECTION ( 'NONE',  ( 0.000000000000000000, -1.000000000000000000, 0.000000000000000000 ) ) ;
#2032 = VERTEX_POINT ( 'NONE', #1621 ) ;
#2033 = ADVANCED_FACE ( 'NONE', ( #587 ), #1346, .F. ) ;
#2034 = ORIENTED_EDGE ( 'NONE', *, *, #770, .T. ) ;
#2035 = AXIS2_PLACEMENT_3D ( 'NONE', #1762, #932, #1988 ) ;
#2036 = DIRECTION ( 'NONE',  ( -1.000000000000000000, 0.000000000000000000, 0.000000000000000000 ) ) ;
#2037 = DIRECTION ( 'NONE',  ( -0.000000000000000000, -0.000000000000000000, -1.000000000000000000 ) ) ;
#2038 = CIRCLE ( 'NONE', #2305, 3.500000000000003109 ) ;
#2039 = VERTEX_POINT ( 'NONE', #2486 ) ;
#2040 = FACE_OUTER_BOUND ( 'NONE', #1750, .T. ) ;
#2041 = PLANE ( 'NONE',  #1370 ) ;
#2042 = ORIENTED_EDGE ( 'NONE', *, *, #933, .F. ) ;
#2043 = DIRECTION ( 'NONE',  ( 1.000000000000000000, 0.000000000000000000, 0.000000000000000000 ) ) ;
#2044 = DIRECTION ( 'NONE',  ( 4.180742545671757368E-15, 4.371140887755362005E-08, 0.9999999999999991118 ) ) ;
#2045 = EDGE_CURVE ( 'NONE', #3378, #2005, #1359, .T. ) ;
#2046 = EDGE_LOOP ( 'NONE', ( #1315, #1970, #1890, #2330 ) ) ;
#2047 = DIRECTION ( 'NONE',  ( 0.000000000000000000, 0.000000000000000000, -1.000000000000000000 ) ) ;
#2048 = ORIENTED_EDGE ( 'NONE', *, *, #163, .T. ) ;
#2049 = VERTEX_POINT ( 'NONE', #1962 ) ;
#2050 = FACE_BOUND ( 'NONE', #2086, .T. ) ;
#2051 = PRODUCT_DEFINITION_SHAPE ( 'NONE', 'NONE',  #2929 ) ;
#2052 = VERTEX_POINT ( 'NONE', #2162 ) ;
#2053 = CARTESIAN_POINT ( 'NONE',  ( -58.50000000000000000, -55.00000000000000000, 0.000000000000000000 ) ) ;
#2054 = DIRECTION ( 'NONE',  ( 1.000000000000000000, 6.829619984160653116E-16, -4.180742575524996891E-15 ) ) ;
#2055 = ORIENTED_EDGE ( 'NONE', *, *, #1221, .T. ) ;
#2056 = ORIENTED_EDGE ( 'NONE', *, *, #1166, .T. ) ;
#2057 = ORIENTED_EDGE ( 'NONE', *, *, #1830, .T. ) ;
#2058 = CARTESIAN_POINT ( 'NONE',  ( -30.50012207031302935, -35.50007057189899484, 3.000000000000000000 ) ) ;
#2059 = FACE_OUTER_BOUND ( 'NONE', #1845, .T. ) ;
#2060 = ORIENTED_EDGE ( 'NONE', *, *, #2133, .F. ) ;
#2061 = ADVANCED_FACE ( 'NONE', ( #926 ), #1110, .F. ) ;
#2062 = CARTESIAN_POINT ( 'NONE',  ( -53.71248359946253004, -31.76592310238540051, 0.000000000000000000 ) ) ;
#2063 = VERTEX_POINT ( 'NONE', #568 ) ;
#2064 = EDGE_CURVE ( 'NONE', #2130, #192, #1582, .T. ) ;
#2065 = ORIENTED_EDGE ( 'NONE', *, *, #1176, .T. ) ;
#2066 = ORIENTED_EDGE ( 'NONE', *, *, #1479, .F. ) ;
#2067 = DIRECTION ( 'NONE',  ( 0.000000000000000000, 0.000000000000000000, -1.000000000000000000 ) ) ;
#2068 = PERSON_AND_ORGANIZATION_ROLE ( 'classification_officer' ) ;
#2069 = AXIS2_PLACEMENT_3D ( 'NONE', #3038, #2778, #766 ) ;
#2070 = EDGE_CURVE ( 'NONE', #1909, #725, #3043, .T. ) ;
#2071 = ORIENTED_EDGE ( 'NONE', *, *, #579, .F. ) ;
#2072 = CARTESIAN_POINT ( 'NONE',  ( -59.42498535135182181, -14.44500776255643437, 28.04134375730104622 ) ) ;
#2073 = DIRECTION ( 'NONE',  ( 0.000000000000000000, -0.000000000000000000, 1.000000000000000000 ) ) ;
#2074 = CIRCLE ( 'NONE', #3345, 12.50000000000000000 ) ;
#2075 = ORIENTED_EDGE ( 'NONE', *, *, #2311, .T. ) ;
#2076 = VERTEX_POINT ( 'NONE', #1171 ) ;
#2077 = VECTOR ( 'NONE', #2618, 999.9999999999998863 ) ;
#2078 = CARTESIAN_POINT ( 'NONE',  ( 55.67099752524903522, -29.59477664196644042, 1.450000331197264014 ) ) ;
#2079 = PLANE ( 'NONE',  #1088 ) ;
#2080 = CARTESIAN_POINT ( 'NONE',  ( -37.99999999999998579, 26.00000000000002842, 3.000000000000000000 ) ) ;
#2081 = CIRCLE ( 'NONE', #2520, 5.999999999999998224 ) ;
#2082 = ORIENTED_EDGE ( 'NONE', *, *, #3212, .T. ) ;
#2083 = AXIS2_PLACEMENT_3D ( 'NONE', #340, #2949, #85 ) ;
#2084 = LINE ( 'NONE', #2388, #3187 ) ;
#2085 = VECTOR ( 'NONE', #2043, 1000.000000000000000 ) ;
#2086 = EDGE_LOOP ( 'NONE', ( #563, #2171, #48, #147, #1436, #879, #518, #2444 ) ) ;
#2087 = LINE ( 'NONE', #2869, #3180 ) ;
#2088 = AXIS2_PLACEMENT_3D ( 'NONE', #850, #1350, #2968 ) ;
#2089 = PERSON_AND_ORGANIZATION_ROLE ( 'design_supplier' ) ;
#2090 = AXIS2_PLACEMENT_3D ( 'NONE', #1818, #2612, #3154 ) ;
#2091 = ORIENTED_EDGE ( 'NONE', *, *, #1029, .F. ) ;
#2092 = DIRECTION ( 'NONE',  ( -3.035386659626959625E-16, -0.9999999999999991118, 4.371140887755362005E-08 ) ) ;
#2093 = DIRECTION ( 'NONE',  ( -1.000000000000000000, 0.000000000000000000, 0.000000000000000000 ) ) ;
#2094 = VECTOR ( 'NONE', #205, 999.9999999999998863 ) ;
#2095 = ORIENTED_EDGE ( 'NONE', *, *, #190, .F. ) ;
#2096 = CARTESIAN_POINT ( 'NONE',  ( 48.77500206014519080, -33.14931592906049218, 28.04134375730104622 ) ) ;
#2097 = CARTESIAN_POINT ( 'NONE',  ( -13.92494201660215225, -57.37510013580300949, 1.450001545514639778 ) ) ;
#2098 = LINE ( 'NONE', #3168, #3361 ) ;
#2099 = EDGE_CURVE ( 'NONE', #2453, #2843, #3220, .T. ) ;
#2100 = ORIENTED_EDGE ( 'NONE', *, *, #3196, .T. ) ;
#2101 = DIRECTION ( 'NONE',  ( -0.000000000000000000, -0.000000000000000000, -1.000000000000000000 ) ) ;
#2102 = ADVANCED_FACE ( 'NONE', ( #651 ), #2221, .F. ) ;
#2103 = ORIENTED_EDGE ( 'NONE', *, *, #946, .F. ) ;
#2104 = ORIENTED_EDGE ( 'NONE', *, *, #1575, .T. ) ;
#2105 = DIRECTION ( 'NONE',  ( 0.000000000000000000, -0.9999999999999990008, 4.371140888484446276E-08 ) ) ;
#2106 = VERTEX_POINT ( 'NONE', #1897 ) ;
#2107 = EDGE_CURVE ( 'NONE', #3403, #1587, #592, .T. ) ;
#2108 = CARTESIAN_POINT ( 'NONE',  ( -55.92498535135183602, 8.414991075098390283, 1.449998669737242230 ) ) ;
#2109 = LINE ( 'NONE', #1566, #1211 ) ;
#2110 = ORIENTED_EDGE ( 'NONE', *, *, #329, .T. ) ;
#2111 = EDGE_CURVE ( 'NONE', #1598, #1268, #668, .T. ) ;
#2112 = CARTESIAN_POINT ( 'NONE',  ( 28.96453803689026785, -18.91234094049699976, 0.000000000000000000 ) ) ;
#2113 = DIRECTION ( 'NONE',  ( -0.000000000000000000, -0.000000000000000000, -1.000000000000000000 ) ) ;
#2114 = CARTESIAN_POINT ( 'NONE',  ( 58.50000000000000000, 55.00000000000000711, 0.000000000000000000 ) ) ;
#2115 = ORIENTED_EDGE ( 'NONE', *, *, #1910, .T. ) ;
#2116 = DIRECTION ( 'NONE',  ( -1.000000000000000000, 0.000000000000000000, 0.000000000000000000 ) ) ;
#2117 = ORIENTED_EDGE ( 'NONE', *, *, #696, .F. ) ;
#2118 = DIRECTION ( 'NONE',  ( -0.000000000000000000, -0.000000000000000000, -1.000000000000000000 ) ) ;
#2119 = EDGE_LOOP ( 'NONE', ( #777, #2223, #427, #3112 ) ) ;
#2120 = FACE_OUTER_BOUND ( 'NONE', #1196, .T. ) ;
#2121 = DIRECTION ( 'NONE',  ( 0.000000000000000000, -0.9999999999999991118, 4.371140884147631631E-08 ) ) ;
#2122 = CIRCLE ( 'NONE', #2792, 12.50000000000000000 ) ;
#2123 = ORIENTED_EDGE ( 'NONE', *, *, #119, .T. ) ;
#2124 = DIRECTION ( 'NONE',  ( -0.000000000000000000, -0.000000000000000000, -1.000000000000000000 ) ) ;
#2125 = VECTOR ( 'NONE', #425, 1000.000000000000000 ) ;
#2126 = DIRECTION ( 'NONE',  ( 0.000000000000000000, -1.000000000000000000, 0.000000000000000000 ) ) ;
#2127 = LINE ( 'NONE', #2963, #2251 ) ;
#2128 = EDGE_CURVE ( 'NONE', #2614, #804, #2702, .T. ) ;
#2129 = VECTOR ( 'NONE', #1548, 1000.000000000000000 ) ;
#2130 = VERTEX_POINT ( 'NONE', #371 ) ;
#2131 = CARTESIAN_POINT ( 'NONE',  ( 50.52500206014519790, -33.14931592906049218, 28.04134375730104622 ) ) ;
#2132 = VECTOR ( 'NONE', #597, 1000.000000000000000 ) ;
#2133 = EDGE_CURVE ( 'NONE', #2470, #2913, #1606, .T. ) ;
#2134 = CIRCLE ( 'NONE', #2804, 2.000000000000003553 ) ;
#2135 = EDGE_LOOP ( 'NONE', ( #2957, #195, #3095, #2757 ) ) ;
#2136 = CARTESIAN_POINT ( 'NONE',  ( -8.924942016602040340, -55.62510013580300949, 28.04134375730104622 ) ) ;
#2137 = AXIS2_PLACEMENT_3D ( 'NONE', #693, #2809, #2559 ) ;
#2138 = EDGE_CURVE ( 'NONE', #817, #1799, #1704, .T. ) ;
#2139 = ORIENTED_EDGE ( 'NONE', *, *, #433, .F. ) ;
#2140 = AXIS2_PLACEMENT_3D ( 'NONE', #2458, #1697, #1993 ) ;
#2141 = CARTESIAN_POINT ( 'NONE',  ( 55.00000000000000000, 55.00000000000000711, 3.000000000000000000 ) ) ;
#2142 = CARTESIAN_POINT ( 'NONE',  ( 33.46453803689025364, -18.40463862520800475, 0.000000000000000000 ) ) ;
#2143 = VECTOR ( 'NONE', #1572, 1000.000000000000000 ) ;
#2144 = ORIENTED_EDGE ( 'NONE', *, *, #835, .T. ) ;
#2145 = CARTESIAN_POINT ( 'NONE',  ( 53.13099752524905028, -33.09477641991259844, 1.450000484187200733 ) ) ;
#2146 = FACE_OUTER_BOUND ( 'NONE', #3151, .T. ) ;
#2147 = CARTESIAN_POINT ( 'NONE',  ( -8.924942016602040340, -53.87510013580300949, 1.450001392524696175 ) ) ;
#2148 = EDGE_LOOP ( 'NONE', ( #1781, #3268 ) ) ;
#2149 = EDGE_CURVE ( 'NONE', #1123, #725, #3134, .T. ) ;
#2150 = LINE ( 'NONE', #2180, #3413 ) ;
#2151 = CARTESIAN_POINT ( 'NONE',  ( 29.96453803689026785, -20.13675966251838645, 0.000000000000000000 ) ) ;
#2152 = ORIENTED_EDGE ( 'NONE', *, *, #2410, .T. ) ;
#2153 = DIRECTION ( 'NONE',  ( -1.000000000000000000, 0.000000000000000000, 0.000000000000000000 ) ) ;
#2154 = VERTEX_POINT ( 'NONE', #400 ) ;
#2155 = DIRECTION ( 'NONE',  ( -1.000000000000000000, 0.000000000000000000, 0.000000000000000000 ) ) ;
#2156 = CARTESIAN_POINT ( 'NONE',  ( 32.08339509376522614, -47.89936383365682104, 36.80533964865399810 ) ) ;
#2157 = ORIENTED_EDGE ( 'NONE', *, *, #1197, .T. ) ;
#2158 = VERTEX_POINT ( 'NONE', #815 ) ;
#2159 = FACE_OUTER_BOUND ( 'NONE', #669, .T. ) ;
#2160 = PRODUCT_RELATED_PRODUCT_CATEGORY ( 'detail', '', ( #2381 ) ) ;
#2161 = ORIENTED_EDGE ( 'NONE', *, *, #1490, .F. ) ;
#2162 = CARTESIAN_POINT ( 'NONE',  ( 51.38099752524905028, -31.34477641991259489, 1.450000407692244808 ) ) ;
#2163 = CARTESIAN_POINT ( 'NONE',  ( -13.92494201660204212, -55.62510013580300949, 1.450001469019673195 ) ) ;
#2164 = ORIENTED_EDGE ( 'NONE', *, *, #2862, .T. ) ;
#2165 = DIRECTION ( 'NONE',  ( 0.000000000000000000, -0.9999999999999991118, 4.371140884147631631E-08 ) ) ;
#2166 = DIRECTION ( 'NONE',  ( 4.180742545671757368E-15, 4.371140887755362005E-08, 0.9999999999999991118 ) ) ;
#2167 = EDGE_CURVE ( 'NONE', #2025, #824, #286, .T. ) ;
#2168 = EDGE_LOOP ( 'NONE', ( #1930, #895, #2362, #2953 ) ) ;
#2169 = DIRECTION ( 'NONE',  ( -0.000000000000000000, 0.000000000000000000, -1.000000000000000000 ) ) ;
#2170 = ADVANCED_FACE ( 'NONE', ( #2146 ), #2681, .F. ) ;
#2171 = ORIENTED_EDGE ( 'NONE', *, *, #152, .F. ) ;
#2172 = CARTESIAN_POINT ( 'NONE',  ( 53.13099752524905028, -29.59477641991259489, 28.04134375730104622 ) ) ;
#2173 = LINE ( 'NONE', #2156, #1812 ) ;
#2174 = EDGE_LOOP ( 'NONE', ( #32, #2209, #241, #2095 ) ) ;
#2175 = DIRECTION ( 'NONE',  ( 0.000000000000000000, -0.9999999999999991118, 4.371140887245352218E-08 ) ) ;
#2176 = FACE_OUTER_BOUND ( 'NONE', #201, .T. ) ;
#2177 = AXIS2_PLACEMENT_3D ( 'NONE', #920, #2512, #1815 ) ;
#2178 = ORIENTED_EDGE ( 'NONE', *, *, #182, .F. ) ;
#2179 = VECTOR ( 'NONE', #2308, 1000.000000000000000 ) ;
#2180 = CARTESIAN_POINT ( 'NONE',  ( 17.99987792968801870, -5.499931335448994929, 36.80533964865399810 ) ) ;
#2181 = DIRECTION ( 'NONE',  ( 1.000000000000000000, 0.000000000000000000, -4.180742545671766046E-15 ) ) ;
#2182 = LINE ( 'NONE', #872, #903 ) ;
#2183 = CIRCLE ( 'NONE', #1629, 1.750000000000003109 ) ;
#2184 = CARTESIAN_POINT ( 'NONE',  ( -38.00000000000000000, 28.00000000000002842, 3.000000000000000000 ) ) ;
#2185 = VECTOR ( 'NONE', #1183, 1000.000000000000000 ) ;
#2186 = ORIENTED_EDGE ( 'NONE', *, *, #1706, .T. ) ;
#2187 = ORIENTED_EDGE ( 'NONE', *, *, #1398, .T. ) ;
#2188 = DIRECTION ( 'NONE',  ( -0.000000000000000000, -0.000000000000000000, -1.000000000000000000 ) ) ;
#2189 = AXIS2_PLACEMENT_3D ( 'NONE', #2373, #1336, #2317 ) ;
#2190 = ADVANCED_FACE ( 'NONE', ( #981 ), #3319, .F. ) ;
#2191 = CARTESIAN_POINT ( 'NONE',  ( 34.17085951043083725, -17.44873438152213652, 1.449999800276988493 ) ) ;
#2192 = AXIS2_PLACEMENT_3D ( 'NONE', #726, #1525, #2650 ) ;
#2193 = ORIENTED_EDGE ( 'NONE', *, *, #496, .T. ) ;
#2194 = CARTESIAN_POINT ( 'NONE',  ( -30.50012207031303291, -5.499931335448994929, 0.000000000000000000 ) ) ;
#2195 = PLANE ( 'NONE',  #1643 ) ;
#2196 = VECTOR ( 'NONE', #1544, 1000.000000000000000 ) ;
#2197 = ORIENTED_EDGE ( 'NONE', *, *, #2239, .F. ) ;
#2198 = CARTESIAN_POINT ( 'NONE',  ( -61.00000000000001421, 66.00000000000000000, 0.000000000000000000 ) ) ;
#2199 = ADVANCED_FACE ( 'NONE', ( #438 ), #3352, .F. ) ;
#2200 = DIRECTION ( 'NONE',  ( 0.000000000000000000, -0.9999999999999991118, 4.371140887245352218E-08 ) ) ;
#2201 = CIRCLE ( 'NONE', #1426, 2.000000000000003553 ) ;
#2202 = DIRECTION ( 'NONE',  ( -0.000000000000000000, -0.000000000000000000, -1.000000000000000000 ) ) ;
#2203 = DIRECTION ( 'NONE',  ( -1.000000000000000000, 0.000000000000000000, 0.000000000000000000 ) ) ;
#2204 = CC_DESIGN_APPROVAL ( #2521, ( #931 ) ) ;
#2205 = CARTESIAN_POINT ( 'NONE',  ( 55.00000000000000000, -55.00000000000000000, 3.000000000000000000 ) ) ;
#2206 = ORIENTED_EDGE ( 'NONE', *, *, #123, .F. ) ;
#2207 = CARTESIAN_POINT ( 'NONE',  ( 34.46453803689026074, -18.40463862520800475, 0.000000000000000000 ) ) ;
#2208 = EDGE_CURVE ( 'NONE', #3274, #3071, #3335, .T. ) ;
#2209 = ORIENTED_EDGE ( 'NONE', *, *, #729, .T. ) ;
#2210 = DIRECTION ( 'NONE',  ( -0.000000000000000000, -0.000000000000000000, -1.000000000000000000 ) ) ;
#2211 = CYLINDRICAL_SURFACE ( 'NONE', #924, 3.500000000000003109 ) ;
#2212 = ADVANCED_FACE ( 'NONE', ( #1501 ), #2553, .T. ) ;
#2213 = ORIENTED_EDGE ( 'NONE', *, *, #1837, .F. ) ;
#2214 = CARTESIAN_POINT ( 'NONE',  ( 30.50012016296398443, -5.499931335449008252, 3.000000000000000000 ) ) ;
#2215 = DIRECTION ( 'NONE',  ( -0.000000000000000000, -0.000000000000000000, -1.000000000000000000 ) ) ;
#2216 = DIRECTION ( 'NONE',  ( -1.000000000000000000, 0.000000000000000000, 0.000000000000000000 ) ) ;
#2217 = CARTESIAN_POINT ( 'NONE',  ( 33.46453803689025364, -17.59675966251838730, 28.04134375730104622 ) ) ;
#2218 = DIRECTION ( 'NONE',  ( -0.000000000000000000, -0.000000000000000000, -1.000000000000000000 ) ) ;
#2219 = ORIENTED_EDGE ( 'NONE', *, *, #1783, .T. ) ;
#2220 = CARTESIAN_POINT ( 'NONE',  ( -55.92498535135183602, 8.414992237443547296, 28.04134375730104622 ) ) ;
#2221 = PLANE ( 'NONE',  #532 ) ;
#2222 = COORDINATED_UNIVERSAL_TIME_OFFSET ( 3, 0, .AHEAD. ) ;
#2223 = ORIENTED_EDGE ( 'NONE', *, *, #1240, .T. ) ;
#2224 = PLANE ( 'NONE',  #20 ) ;
#2225 = DIRECTION ( 'NONE',  ( -4.180742545671762101E-15, -4.371140887755362005E-08, -0.9999999999999992228 ) ) ;
#2226 = ORIENTED_EDGE ( 'NONE', *, *, #550, .F. ) ;
#2227 = CARTESIAN_POINT ( 'NONE',  ( 53.13099752524905028, -31.34477641991259489, 28.04134375730104622 ) ) ;
#2228 = DIRECTION ( 'NONE',  ( -0.000000000000000000, 0.000000000000000000, -1.000000000000000000 ) ) ;
#2229 = EDGE_CURVE ( 'NONE', #2879, #1417, #421, .T. ) ;
#2230 = VECTOR ( 'NONE', #2944, 1000.000000000000000 ) ;
#2231 = CARTESIAN_POINT ( 'NONE',  ( 29.96453803689026785, -18.91234094049699976, 1.449999864253068038 ) ) ;
#2232 = CARTESIAN_POINT ( 'NONE',  ( -3.499999999999999112, -15.99999999999998579, 3.000000000000000000 ) ) ;
#2233 = DIRECTION ( 'NONE',  ( 1.000000000000000000, 1.365923996832131215E-15, 0.000000000000000000 ) ) ;
#2234 = AXIS2_PLACEMENT_3D ( 'NONE', #2471, #2786, #2489 ) ;
#2235 = VECTOR ( 'NONE', #1428, 1000.000000000000000 ) ;
#2236 = ORIENTED_EDGE ( 'NONE', *, *, #591, .T. ) ;
#2237 = PLANE ( 'NONE',  #2964 ) ;
#2238 = CARTESIAN_POINT ( 'NONE',  ( 47.37007602278353602, -48.40007575682851382, 0.000000000000000000 ) ) ;
#2239 = EDGE_CURVE ( 'NONE', #1985, #207, #1476, .T. ) ;
#2240 = PERSON_AND_ORGANIZATION_ROLE ( 'design_owner' ) ;
#2241 = AXIS2_PLACEMENT_3D ( 'NONE', #1326, #3, #2375 ) ;
#2242 = ORIENTED_EDGE ( 'NONE', *, *, #3086, .T. ) ;
#2243 = VERTEX_POINT ( 'NONE', #943 ) ;
#2244 = DIRECTION ( 'NONE',  ( -0.000000000000000000, -0.000000000000000000, -1.000000000000000000 ) ) ;
#2245 = DIRECTION ( 'NONE',  ( 0.000000000000000000, 0.000000000000000000, -1.000000000000000000 ) ) ;
#2246 = VECTOR ( 'NONE', #2663, 1000.000000000000000 ) ;
#2247 = ORIENTED_EDGE ( 'NONE', *, *, #2851, .T. ) ;
#2248 = VECTOR ( 'NONE', #328, 1000.000000000000000 ) ;
#2249 = DIRECTION ( 'NONE',  ( 0.000000000000000000, -0.9999999999999991118, 4.371140887245374055E-08 ) ) ;
#2250 = DIRECTION ( 'NONE',  ( 0.000000000000000000, -0.000000000000000000, 1.000000000000000000 ) ) ;
#2251 = VECTOR ( 'NONE', #50, 1000.000000000000000 ) ;
#2252 = CARTESIAN_POINT ( 'NONE',  ( -56.25248347830570594, -33.76592310238539341, 1.450000513524424273 ) ) ;
#2253 = EDGE_CURVE ( 'NONE', #1317, #2371, #3093, .T. ) ;
#2254 = CARTESIAN_POINT ( 'NONE',  ( -36.50012207031302580, -35.50007057189899484, 3.000000000000000000 ) ) ;
#2255 = DIRECTION ( 'NONE',  ( -0.000000000000000000, -0.000000000000000000, -1.000000000000000000 ) ) ;
#2256 = EDGE_LOOP ( 'NONE', ( #2242, #748, #1547, #2349, #2075, #177, #2658, #1184 ) ) ;
#2257 = ADVANCED_FACE ( 'NONE', ( #169 ), #960, .F. ) ;
#2258 = ORIENTED_EDGE ( 'NONE', *, *, #679, .F. ) ;
#2259 = FACE_BOUND ( 'NONE', #10, .T. ) ;
#2260 = CARTESIAN_POINT ( 'NONE',  ( 33.46453803689025364, -17.59675966251838730, 0.000000000000000000 ) ) ;
#2261 = VERTEX_POINT ( 'NONE', #2231 ) ;
#2262 = CYLINDRICAL_SURFACE ( 'NONE', #1248, 3.499999999999999112 ) ;
#2263 = PLANE ( 'NONE',  #2035 ) ;
#2264 = VERTEX_POINT ( 'NONE', #1456 ) ;
#2265 = CYLINDRICAL_SURFACE ( 'NONE', #756, 1.750000000000001554 ) ;
#2266 = CYLINDRICAL_SURFACE ( 'NONE', #153, 2.000000000000001776 ) ;
#2267 = ORIENTED_EDGE ( 'NONE', *, *, #2967, .F. ) ;
#2268 = DIRECTION ( 'NONE',  ( -1.000000000000000000, 0.000000000000000000, 0.000000000000000000 ) ) ;
#2269 = DIRECTION ( 'NONE',  ( 0.000000000000000000, 0.000000000000000000, 1.000000000000000000 ) ) ;
#2270 = ADVANCED_FACE ( 'NONE', ( #3000 ), #917, .F. ) ;
#2271 = ORIENTED_EDGE ( 'NONE', *, *, #1816, .F. ) ;
#2272 = DIRECTION ( 'NONE',  ( -1.000000000000000000, 0.000000000000000000, 0.000000000000000000 ) ) ;
#2273 = DIRECTION ( 'NONE',  ( 0.000000000000000000, 1.000000000000000000, 0.000000000000000000 ) ) ;
#2274 = DIRECTION ( 'NONE',  ( 0.9999999999999961142, 8.742277677795539484E-08, -8.002115286624055570E-15 ) ) ;
#2275 = EDGE_CURVE ( 'NONE', #2374, #2883, #142, .T. ) ;
#2276 = ORIENTED_EDGE ( 'NONE', *, *, #1051, .T. ) ;
#2277 = LINE ( 'NONE', #1213, #191 ) ;
#2278 = DIRECTION ( 'NONE',  ( -1.000000000000000000, 0.000000000000000000, 4.180742545671766046E-15 ) ) ;
#2279 = ORIENTED_EDGE ( 'NONE', *, *, #977, .T. ) ;
#2280 = DIRECTION ( 'NONE',  ( 0.000000000000000000, 0.000000000000000000, 1.000000000000000000 ) ) ;
#2281 = CARTESIAN_POINT ( 'NONE',  ( 55.00000000000000000, -55.00000000000000000, 3.000000000000000000 ) ) ;
#2282 = VERTEX_POINT ( 'NONE', #1676 ) ;
#2283 = CARTESIAN_POINT ( 'NONE',  ( -55.00000000000000000, 55.00000000000000711, 0.000000000000000000 ) ) ;
#2284 = ORIENTED_EDGE ( 'NONE', *, *, #1733, .T. ) ;
#2285 = CIRCLE ( 'NONE', #689, 2.000000000000001776 ) ;
#2286 = DIRECTION ( 'NONE',  ( 0.000000000000000000, 0.000000000000000000, -1.000000000000000000 ) ) ;
#2287 = CARTESIAN_POINT ( 'NONE',  ( 42.99987792968802580, -5.499931335448993153, 36.80533964865399810 ) ) ;
#2288 = CIRCLE ( 'NONE', #1906, 3.500000000000003109 ) ;
#2289 = ORIENTED_EDGE ( 'NONE', *, *, #1665, .T. ) ;
#2290 = EDGE_CURVE ( 'NONE', #3105, #2833, #2511, .T. ) ;
#2291 = LINE ( 'NONE', #1466, #632 ) ;
#2292 = CARTESIAN_POINT ( 'NONE',  ( 8.999999999999976907, -18.54000000000002757, 0.000000000000000000 ) ) ;
#2293 = AXIS2_PLACEMENT_3D ( 'NONE', #3384, #2880, #212 ) ;
#2294 = ORIENTED_EDGE ( 'NONE', *, *, #579, .T. ) ;
#2295 = ADVANCED_FACE ( 'NONE', ( #899 ), #610, .F. ) ;
#2296 = DIRECTION ( 'NONE',  ( -0.000000000000000000, -0.000000000000000000, -1.000000000000000000 ) ) ;
#2297 = DIRECTION ( 'NONE',  ( 1.000000000000000000, 0.000000000000000000, 0.000000000000000000 ) ) ;
#2298 = VECTOR ( 'NONE', #1556, 1000.000000000000000 ) ;
#2299 = ORIENTED_EDGE ( 'NONE', *, *, #1266, .T. ) ;
#2300 = FACE_OUTER_BOUND ( 'NONE', #2943, .T. ) ;
#2301 = VECTOR ( 'NONE', #1125, 1000.000000000000000 ) ;
#2302 = EDGE_CURVE ( 'NONE', #3032, #2261, #625, .T. ) ;
#2303 = VERTEX_POINT ( 'NONE', #1662 ) ;
#2304 = VERTEX_POINT ( 'NONE', #1728 ) ;
#2305 = AXIS2_PLACEMENT_3D ( 'NONE', #1377, #1892, #2977 ) ;
#2306 = DIRECTION ( 'NONE',  ( -0.000000000000000000, 0.000000000000000000, -1.000000000000000000 ) ) ;
#2307 = ORIENTED_EDGE ( 'NONE', *, *, #3135, .T. ) ;
#2308 = DIRECTION ( 'NONE',  ( -0.000000000000000000, -0.000000000000000000, -1.000000000000000000 ) ) ;
#2309 = CARTESIAN_POINT ( 'NONE',  ( 34.17085951043083725, -17.44873438152214717, 0.000000000000000000 ) ) ;
#2310 = VERTEX_POINT ( 'NONE', #1940 ) ;
#2311 = EDGE_CURVE ( 'NONE', #2243, #947, #1038, .T. ) ;
#2312 = EDGE_LOOP ( 'NONE', ( #673, #1510, #2770, #358 ) ) ;
#2313 = DIRECTION ( 'NONE',  ( 1.000000000000000000, 6.829619984160653116E-16, 0.000000000000000000 ) ) ;
#2314 = DIRECTION ( 'NONE',  ( 0.000000000000000000, 0.000000000000000000, -1.000000000000000000 ) ) ;
#2315 = ADVANCED_FACE ( 'NONE', ( #2724 ), #1422, .F. ) ;
#2316 = EDGE_LOOP ( 'NONE', ( #1798, #2855, #457, #1249 ) ) ;
#2317 = DIRECTION ( 'NONE',  ( -1.000000000000000000, 0.000000000000000000, 0.000000000000000000 ) ) ;
#2318 = VERTEX_POINT ( 'NONE', #413 ) ;
#2319 = EDGE_LOOP ( 'NONE', ( #1669, #2100, #346, #100 ) ) ;
#2320 = ORIENTED_EDGE ( 'NONE', *, *, #2788, .F. ) ;
#2321 = FACE_BOUND ( 'NONE', #3430, .T. ) ;
#2322 = DATE_AND_TIME ( #736, #2422 ) ;
#2323 = ORIENTED_EDGE ( 'NONE', *, *, #11, .T. ) ;
#2324 = CYLINDRICAL_SURFACE ( 'NONE', #803, 2.000000000000001776 ) ;
#2325 = DIRECTION ( 'NONE',  ( -0.000000000000000000, -1.000000000000000000, -0.000000000000000000 ) ) ;
#2326 = EDGE_LOOP ( 'NONE', ( #383, #1876, #104, #2661 ) ) ;
#2327 = DIRECTION ( 'NONE',  ( 0.000000000000000000, 0.000000000000000000, -1.000000000000000000 ) ) ;
#2328 = CARTESIAN_POINT ( 'NONE',  ( 10.99999999999997513, -11.46000000000002927, 0.000000000000000000 ) ) ;
#2329 = CARTESIAN_POINT ( 'NONE',  ( -30.49987792968801514, -5.499931269881881413, 1.449999277977991108 ) ) ;
#2330 = ORIENTED_EDGE ( 'NONE', *, *, #72, .F. ) ;
#2331 = ADVANCED_FACE ( 'NONE', ( #2533 ), #3015, .F. ) ;
#2332 = CYLINDRICAL_SURFACE ( 'NONE', #3300, 12.50000000000000000 ) ;
#2333 = ORIENTED_EDGE ( 'NONE', *, *, #657, .F. ) ;
#2334 = EDGE_LOOP ( 'NONE', ( #1785, #2839, #788, #2874 ) ) ;
#2335 = DIRECTION ( 'NONE',  ( 0.000000000000000000, -0.9999999999999991118, 4.371140887245352218E-08 ) ) ;
#2336 = CIRCLE ( 'NONE', #961, 3.500000000000003109 ) ;
#2337 = ORIENTED_EDGE ( 'NONE', *, *, #1873, .T. ) ;
#2338 = DIRECTION ( 'NONE',  ( 0.000000000000000000, 0.000000000000000000, 1.000000000000000000 ) ) ;
#2339 = EDGE_CURVE ( 'NONE', #2076, #728, #2358, .T. ) ;
#2340 = LINE ( 'NONE', #2576, #2094 ) ;
#2341 = AXIS2_PLACEMENT_3D ( 'NONE', #1412, #3028, #1192 ) ;
#2342 = EDGE_LOOP ( 'NONE', ( #958, #1807 ) ) ;
#2343 = AXIS2_PLACEMENT_3D ( 'NONE', #2141, #2954, #1120 ) ;
#2344 = DIRECTION ( 'NONE',  ( -0.000000000000000000, -0.000000000000000000, -1.000000000000000000 ) ) ;
#2345 = ADVANCED_FACE ( 'NONE', ( #2740 ), #88, .T. ) ;
#2346 = LINE ( 'NONE', #1043, #2030 ) ;
#2347 = CARTESIAN_POINT ( 'NONE',  ( 8.999999999999975131, -13.46000000000002927, 28.04134375730104622 ) ) ;
#2348 = VECTOR ( 'NONE', #365, 1000.000000000000000 ) ;
#2349 = ORIENTED_EDGE ( 'NONE', *, *, #166, .T. ) ;
#2350 = EDGE_LOOP ( 'NONE', ( #2060, #2684, #502, #2387 ) ) ;
#2351 = VECTOR ( 'NONE', #1272, 1000.000000000000000 ) ;
#2352 = DIRECTION ( 'NONE',  ( -1.000000000000000000, 0.000000000000000000, 0.000000000000000000 ) ) ;
#2353 = VECTOR ( 'NONE', #785, 1000.000000000000000 ) ;
#2354 = ADVANCED_FACE ( 'NONE', ( #107 ), #2762, .F. ) ;
#2355 = ORIENTED_EDGE ( 'NONE', *, *, #684, .F. ) ;
#2356 = ORIENTED_EDGE ( 'NONE', *, *, #684, .T. ) ;
#2357 = LINE ( 'NONE', #2391, #2077 ) ;
#2358 = CIRCLE ( 'NONE', #2140, 1.750000000000003109 ) ;
#2359 = PERSON_AND_ORGANIZATION ( #659, #2589 ) ;
#2360 = EDGE_CURVE ( 'NONE', #1012, #2562, #3264, .T. ) ;
#2361 = VECTOR ( 'NONE', #134, 1000.000000000000000 ) ;
#2362 = ORIENTED_EDGE ( 'NONE', *, *, #562, .F. ) ;
#2363 = CARTESIAN_POINT ( 'NONE',  ( 51.50000000000000000, 55.00000000000000711, 3.000000000000000000 ) ) ;
#2364 = DIRECTION ( 'NONE',  ( 0.000000000000000000, 0.9999999999999991118, -4.371140887755362005E-08 ) ) ;
#2365 = CIRCLE ( 'NONE', #2926, 3.499999999999999112 ) ;
#2366 = ORIENTED_EDGE ( 'NONE', *, *, #1681, .T. ) ;
#2367 = LOCAL_TIME ( 11, 32, 9.000000000000000000, #1463 ) ;
#2368 = DIRECTION ( 'NONE',  ( 0.9999999999999961142, 8.742277677795539484E-08, -8.002115286624055570E-15 ) ) ;
#2369 = DIRECTION ( 'NONE',  ( -4.180742545671762101E-15, -4.371140887755362005E-08, -0.9999999999999992228 ) ) ;
#2370 = CARTESIAN_POINT ( 'NONE',  ( 45.37007602278353602, -52.94007753325929855, 0.000000000000000000 ) ) ;
#2371 = VERTEX_POINT ( 'NONE', #380 ) ;
#2372 = ORIENTED_EDGE ( 'NONE', *, *, #2820, .F. ) ;
#2373 = CARTESIAN_POINT ( 'NONE',  ( 45.37007602278353602, -48.40007575682851382, 0.000000000000000000 ) ) ;
#2374 = VERTEX_POINT ( 'NONE', #1439 ) ;
#2375 = DIRECTION ( 'NONE',  ( 1.000000000000000000, 0.000000000000000000, 0.000000000000000000 ) ) ;
#2376 = ORIENTED_EDGE ( 'NONE', *, *, #2685, .T. ) ;
#2377 = ORIENTED_EDGE ( 'NONE', *, *, #3031, .F. ) ;
#2378 = CARTESIAN_POINT ( 'NONE',  ( -53.71248359946253004, -33.76592310238539341, 1.450000513524413837 ) ) ;
#2379 = EDGE_CURVE ( 'NONE', #3105, #1710, #2494, .T. ) ;
#2380 = LINE ( 'NONE', #321, #1925 ) ;
#2381 = PRODUCT ( 'Подложка (обработка)', 'Подложка (обработка)', '', ( #1431 ) ) ;
#2382 = VERTEX_POINT ( 'NONE', #1713 ) ;
#2383 = LINE ( 'NONE', #1618, #74 ) ;
#2384 = CARTESIAN_POINT ( 'NONE',  ( -13.92494201660204212, -53.87510013580300949, 0.000000000000000000 ) ) ;
#2385 = DIRECTION ( 'NONE',  ( -0.000000000000000000, -0.000000000000000000, -1.000000000000000000 ) ) ;
#2386 = ORIENTED_EDGE ( 'NONE', *, *, #1661, .T. ) ;
#2387 = ORIENTED_EDGE ( 'NONE', *, *, #3164, .T. ) ;
#2388 = CARTESIAN_POINT ( 'NONE',  ( -40.00000000000000000, 0.000000000000000000, 3.000000000000000000 ) ) ;
#2389 = EDGE_CURVE ( 'NONE', #817, #2614, #539, .T. ) ;
#2390 = ORIENTED_EDGE ( 'NONE', *, *, #3081, .T. ) ;
#2391 = CARTESIAN_POINT ( 'NONE',  ( 47.02500206014519790, -33.14931709140557814, 1.450000486571279668 ) ) ;
#2392 = ORIENTED_EDGE ( 'NONE', *, *, #2569, .T. ) ;
#2393 = DIRECTION ( 'NONE',  ( -4.180742545671762101E-15, -4.371140887755362005E-08, -0.9999999999999992228 ) ) ;
#2394 = DIRECTION ( 'NONE',  ( 0.000000000000000000, -0.9999999999999991118, 4.371140884147631631E-08 ) ) ;
#2395 = EDGE_CURVE ( 'NONE', #824, #2371, #3242, .T. ) ;
#2396 = ORIENTED_EDGE ( 'NONE', *, *, #1910, .F. ) ;
#2397 = DIRECTION ( 'NONE',  ( 1.000000000000000000, 3.414809992080331981E-16, -0.000000000000000000 ) ) ;
#2398 = AXIS2_PLACEMENT_3D ( 'NONE', #3409, #2393, #1036 ) ;
#2399 = CARTESIAN_POINT ( 'NONE',  ( -51.71248359946253714, -33.76592426473047226, 1.450000513524462464 ) ) ;
#2400 = CARTESIAN_POINT ( 'NONE',  ( -13.92494201660204212, -53.87510013580300949, 28.04134375730104622 ) ) ;
#2401 = AXIS2_PLACEMENT_3D ( 'NONE', #1612, #1353, #2335 ) ;
#2402 = ORIENTED_EDGE ( 'NONE', *, *, #190, .T. ) ;
#2403 = LINE ( 'NONE', #105, #200 ) ;
#2404 = DIRECTION ( 'NONE',  ( 0.000000000000000000, -0.9999999999999991118, 4.371140884147646851E-08 ) ) ;
#2405 = CIRCLE ( 'NONE', #1797, 3.500000000000003109 ) ;
#2406 = CIRCLE ( 'NONE', #1086, 2.000000000000001776 ) ;
#2407 = DIRECTION ( 'NONE',  ( -1.000000000000000000, 0.000000000000000000, 0.000000000000000000 ) ) ;
#2408 = DIRECTION ( 'NONE',  ( -1.000000000000000000, -0.000000000000000000, -0.000000000000000000 ) ) ;
#2409 = AXIS2_PLACEMENT_3D ( 'NONE', #1462, #1187, #1072 ) ;
#2410 = EDGE_CURVE ( 'NONE', #510, #491, #95, .T. ) ;
#2411 = VERTEX_POINT ( 'NONE', #2425 ) ;
#2412 = CIRCLE ( 'NONE', #423, 1.750000000000003109 ) ;
#2413 = CARTESIAN_POINT ( 'NONE',  ( 29.96453803689026785, -20.13675966251838645, 28.04134375730104622 ) ) ;
#2414 = DIRECTION ( 'NONE',  ( 1.000000000000000000, 0.000000000000000000, 0.000000000000000000 ) ) ;
#2415 = VECTOR ( 'NONE', #3260, 1000.000000000000000 ) ;
#2416 = VERTEX_POINT ( 'NONE', #2151 ) ;
#2417 = FACE_OUTER_BOUND ( 'NONE', #132, .T. ) ;
#2418 = VECTOR ( 'NONE', #581, 1000.000000000000000 ) ;
#2419 = DIRECTION ( 'NONE',  ( -1.000000000000000000, 0.000000000000000000, 0.000000000000000000 ) ) ;
#2420 = DIRECTION ( 'NONE',  ( 0.000000000000000000, -0.000000000000000000, -1.000000000000000000 ) ) ;
#2421 = EDGE_CURVE ( 'NONE', #2932, #533, #2738, .T. ) ;
#2422 = LOCAL_TIME ( 11, 32, 9.000000000000000000, #1242 ) ;
#2423 = ORIENTED_EDGE ( 'NONE', *, *, #2942, .T. ) ;
#2424 = DIRECTION ( 'NONE',  ( -1.000000000000000000, 0.000000000000000000, 0.000000000000000000 ) ) ;
#2425 = CARTESIAN_POINT ( 'NONE',  ( 45.37007602278353602, -52.94007753325929855, 1.450001351653305681 ) ) ;
#2426 = EDGE_CURVE ( 'NONE', #216, #447, #1480, .T. ) ;
#2427 = CARTESIAN_POINT ( 'NONE',  ( -30.50012207031303291, -35.50007057189900195, 0.000000000000000000 ) ) ;
#2428 = DIRECTION ( 'NONE',  ( -0.000000000000000000, -0.000000000000000000, -1.000000000000000000 ) ) ;
#2429 = EDGE_CURVE ( 'NONE', #590, #2699, #2478, .T. ) ;
#2430 = VERTEX_POINT ( 'NONE', #1129 ) ;
#2431 = DIRECTION ( 'NONE',  ( 0.000000000000000000, -0.000000000000000000, 1.000000000000000000 ) ) ;
#2432 = DIRECTION ( 'NONE',  ( -4.180742545671762101E-15, -4.371140887755362005E-08, -0.9999999999999992228 ) ) ;
#2433 = EDGE_LOOP ( 'NONE', ( #2882, #2599, #989, #111, #1514, #2356, #2372, #127 ) ) ;
#2434 = DIRECTION ( 'NONE',  ( 0.000000000000000000, 0.000000000000000000, -1.000000000000000000 ) ) ;
#2435 = EDGE_LOOP ( 'NONE', ( #368, #962, #902, #1880 ) ) ;
#2436 = CARTESIAN_POINT ( 'NONE',  ( 40.00000000000000000, 28.00000000000002842, 3.000000000000000000 ) ) ;
#2437 = ORIENTED_EDGE ( 'NONE', *, *, #2253, .F. ) ;
#2438 = LINE ( 'NONE', #1128, #1856 ) ;
#2439 = CARTESIAN_POINT ( 'NONE',  ( 53.13099752524905028, -33.09477641991259844, 0.000000000000000000 ) ) ;
#2440 = ADVANCED_FACE ( 'NONE', ( #1924 ), #291, .F. ) ;
#2441 = CARTESIAN_POINT ( 'NONE',  ( 30.49987792968802225, -5.499931335448994929, 36.80533964865399810 ) ) ;
#2442 = CARTESIAN_POINT ( 'NONE',  ( 39.67810746148602163, -46.40007575682851382, 1.450001065780635923 ) ) ;
#2443 = EDGE_CURVE ( 'NONE', #402, #3150, #3083, .T. ) ;
#2444 = ORIENTED_EDGE ( 'NONE', *, *, #1916, .F. ) ;
#2445 = FACE_OUTER_BOUND ( 'NONE', #2474, .T. ) ;
#2446 = CARTESIAN_POINT ( 'NONE',  ( -18.00012207031303291, -5.499931335448993153, 1.449999277978192724 ) ) ;
#2447 = ADVANCED_FACE ( 'NONE', ( #54 ), #594, .F. ) ;
#2448 = ORIENTED_EDGE ( 'NONE', *, *, #2443, .F. ) ;
#2449 = DIRECTION ( 'NONE',  ( 0.000000000000000000, 0.000000000000000000, 1.000000000000000000 ) ) ;
#2450 = CARTESIAN_POINT ( 'NONE',  ( 33.21007646689140813, -50.94007753325929855, 28.04134375730104622 ) ) ;
#2451 = AXIS2_PLACEMENT_3D ( 'NONE', #255, #1316, #2368 ) ;
#2452 = EDGE_CURVE ( 'NONE', #9, #3124, #2917, .T. ) ;
#2453 = VERTEX_POINT ( 'NONE', #1114 ) ;
#2454 = VECTOR ( 'NONE', #3199, 1000.000000000000000 ) ;
#2455 = DIRECTION ( 'NONE',  ( -0.000000000000000000, -1.000000000000000000, -0.000000000000000000 ) ) ;
#2456 = DIRECTION ( 'NONE',  ( 0.9999999999999961142, 8.742277677795539484E-08, -8.002115286624055570E-15 ) ) ;
#2457 = AXIS2_PLACEMENT_3D ( 'NONE', #2172, #75, #3230 ) ;
#2458 = CARTESIAN_POINT ( 'NONE',  ( 48.77500206014519080, -33.14931592906049218, 1.450000486571217273 ) ) ;
#2459 = DIRECTION ( 'NONE',  ( -0.000000000000000000, -0.000000000000000000, -1.000000000000000000 ) ) ;
#2460 = AXIS2_PLACEMENT_3D ( 'NONE', #1032, #2067, #1065 ) ;
#2461 = DIRECTION ( 'NONE',  ( 1.000000000000000000, 0.000000000000000000, 0.000000000000000000 ) ) ;
#2462 = EDGE_CURVE ( 'NONE', #1271, #1307, #2934, .T. ) ;
#2463 = VECTOR ( 'NONE', #1821, 1000.000000000000000 ) ;
#2464 = ORIENTED_EDGE ( 'NONE', *, *, #1701, .T. ) ;
#2465 = CARTESIAN_POINT ( 'NONE',  ( -53.71248359946253004, -43.92592313267459048, 0.000000000000000000 ) ) ;
#2466 = AXIS2_PLACEMENT_3D ( 'NONE', #830, #905, #3304 ) ;
#2467 = LINE ( 'NONE', #2992, #3197 ) ;
#2468 = EDGE_CURVE ( 'NONE', #352, #2548, #1164, .T. ) ;
#2469 = VECTOR ( 'NONE', #662, 1000.000000000000000 ) ;
#2470 = VERTEX_POINT ( 'NONE', #1674 ) ;
#2471 = CARTESIAN_POINT ( 'NONE',  ( 14.95999999999997954, -26.50000000000002487, 0.000000000000000000 ) ) ;
#2472 = DIRECTION ( 'NONE',  ( 0.000000000000000000, 0.9999999999999991118, -4.371140887755362005E-08 ) ) ;
#2473 = AXIS2_PLACEMENT_3D ( 'NONE', #1199, #2250, #3312 ) ;
#2474 = EDGE_LOOP ( 'NONE', ( #1360, #1865 ) ) ;
#2475 = EDGE_LOOP ( 'NONE', ( #3250, #1894, #1265, #638 ) ) ;
#2476 = CIRCLE ( 'NONE', #2641, 3.499999999999999112 ) ;
#2477 = LINE ( 'NONE', #3223, #3129 ) ;
#2478 = LINE ( 'NONE', #1369, #2248 ) ;
#2479 = CIRCLE ( 'NONE', #1154, 2.000000000000003553 ) ;
#2480 = DIRECTION ( 'NONE',  ( 0.000000000000000000, -0.000000000000000000, 1.000000000000000000 ) ) ;
#2481 = CARTESIAN_POINT ( 'NONE',  ( -61.00000000000001421, 66.00000000000000000, 3.000000000000000000 ) ) ;
#2482 = CC_DESIGN_APPROVAL ( #3392, ( #2929 ) ) ;
#2483 = CARTESIAN_POINT ( 'NONE',  ( 0.000000000000000000, -15.99999999999998579, 0.000000000000000000 ) ) ;
#2484 = VERTEX_POINT ( 'NONE', #3263 ) ;
#2485 = CARTESIAN_POINT ( 'NONE',  ( 17.49999999999998224, -24.75000000000002487, 0.000000000000000000 ) ) ;
#2486 = CARTESIAN_POINT ( 'NONE',  ( 8.999999999999975131, -13.46000000000002927, 0.000000000000000000 ) ) ;
#2487 = ORIENTED_EDGE ( 'NONE', *, *, #307, .F. ) ;
#2488 = EDGE_CURVE ( 'NONE', #1598, #284, #2751, .T. ) ;
#2489 = DIRECTION ( 'NONE',  ( -1.000000000000000000, 0.000000000000000000, 0.000000000000000000 ) ) ;
#2490 = LINE ( 'NONE', #949, #1208 ) ;
#2491 = EDGE_LOOP ( 'NONE', ( #2271, #2110, #2697, #489 ) ) ;
#2492 = DIRECTION ( 'NONE',  ( 0.000000000000000000, 0.000000000000000000, 1.000000000000000000 ) ) ;
#2493 = CARTESIAN_POINT ( 'NONE',  ( -61.00000000000001421, -66.00000000000000000, 3.000000000000000000 ) ) ;
#2494 = LINE ( 'NONE', #124, #1149 ) ;
#2495 = EDGE_CURVE ( 'NONE', #697, #2548, #1886, .T. ) ;
#2496 = DIRECTION ( 'NONE',  ( -1.000000000000000000, 0.000000000000000000, 0.000000000000000000 ) ) ;
#2497 = PLANE ( 'NONE',  #2688 ) ;
#2498 = ORIENTED_EDGE ( 'NONE', *, *, #2561, .F. ) ;
#2499 = CARTESIAN_POINT ( 'NONE',  ( -59.42498535135182181, -14.44500776255643437, 0.000000000000000000 ) ) ;
#2500 = CARTESIAN_POINT ( 'NONE',  ( 53.13099752524905028, -33.09477641991259844, 28.04134375730104622 ) ) ;
#2501 = CARTESIAN_POINT ( 'NONE',  ( -30.49987792968801514, -5.499931269881881413, 1.449999277977991108 ) ) ;
#2502 = ORIENTED_EDGE ( 'NONE', *, *, #1706, .F. ) ;
#2503 = ORIENTED_EDGE ( 'NONE', *, *, #2955, .F. ) ;
#2504 = DIRECTION ( 'NONE',  ( 1.000000000000000000, 0.000000000000000000, 0.000000000000000000 ) ) ;
#2505 = CARTESIAN_POINT ( 'NONE',  ( 2.074954986571962312, -57.07508182525601370, 0.000000000000000000 ) ) ;
#2506 = EDGE_CURVE ( 'NONE', #2154, #3379, #646, .T. ) ;
#2507 = VERTEX_POINT ( 'NONE', #1939 ) ;
#2508 = FACE_OUTER_BOUND ( 'NONE', #3091, .T. ) ;
#2509 = FACE_OUTER_BOUND ( 'NONE', #1104, .T. ) ;
#2510 = AXIS2_PLACEMENT_3D ( 'NONE', #498, #1202, #480 ) ;
#2511 = LINE ( 'NONE', #3051, #866 ) ;
#2512 = DIRECTION ( 'NONE',  ( -0.000000000000000000, -0.000000000000000000, -1.000000000000000000 ) ) ;
#2513 = CARTESIAN_POINT ( 'NONE',  ( 40.00000000000000000, 46.00000000000001421, 3.000000000000000000 ) ) ;
#2514 = CIRCLE ( 'NONE', #3236, 1.000000000000001776 ) ;
#2515 = CIRCLE ( 'NONE', #1467, 1.750000000000001554 ) ;
#2516 = VERTEX_POINT ( 'NONE', #624 ) ;
#2517 = FACE_BOUND ( 'NONE', #1794, .T. ) ;
#2518 = DIRECTION ( 'NONE',  ( 0.000000000000000000, -1.000000000000000000, 0.000000000000000000 ) ) ;
#2519 = CALENDAR_DATE ( 2024, 1, 3 ) ;
#2520 = AXIS2_PLACEMENT_3D ( 'NONE', #3299, #1458, #678 ) ;
#2521 = APPROVAL ( #2885, 'UNSPECIFIED' ) ;
#2522 = VERTEX_POINT ( 'NONE', #1626 ) ;
#2523 = AXIS2_PLACEMENT_3D ( 'NONE', #2214, #67, #1644 ) ;
#2524 = DIRECTION ( 'NONE',  ( 0.000000000000000000, 0.9999999999999991118, -4.371140887755362005E-08 ) ) ;
#2525 = CARTESIAN_POINT ( 'NONE',  ( 50.52500172706440651, -40.76931592906048962, 1.450000653111682691 ) ) ;
#2526 = VECTOR ( 'NONE', #1091, 999.9999999999998863 ) ;
#2527 = ORIENTED_EDGE ( 'NONE', *, *, #1180, .F. ) ;
#2528 = VECTOR ( 'NONE', #937, 1000.000000000000000 ) ;
#2529 = ADVANCED_FACE ( 'NONE', ( #559 ), #2687, .F. ) ;
#2530 = CARTESIAN_POINT ( 'NONE',  ( 39.67810746148602163, -46.40007575682851382, 0.000000000000000000 ) ) ;
#2531 = DIRECTION ( 'NONE',  ( 0.000000000000000000, 0.000000000000000000, 1.000000000000000000 ) ) ;
#2532 = AXIS2_PLACEMENT_3D ( 'NONE', #1834, #2630, #993 ) ;
#2533 = FACE_OUTER_BOUND ( 'NONE', #2475, .T. ) ;
#2534 = CARTESIAN_POINT ( 'NONE',  ( 14.95999999999997954, -28.25000000000002487, 1.450000272415357561 ) ) ;
#2535 = EDGE_CURVE ( 'NONE', #254, #466, #885, .T. ) ;
#2536 = FACE_OUTER_BOUND ( 'NONE', #1191, .T. ) ;
#2537 = AXIS2_PLACEMENT_3D ( 'NONE', #3411, #512, #2093 ) ;
#2538 = CC_DESIGN_APPROVAL ( #3175, ( #2705 ) ) ;
#2539 = ORIENTED_EDGE ( 'NONE', *, *, #2721, .T. ) ;
#2540 = FACE_OUTER_BOUND ( 'NONE', #243, .T. ) ;
#2541 = CARTESIAN_POINT ( 'NONE',  ( 65.99999999999998579, 66.00000000000002842, 3.000000000000000000 ) ) ;
#2542 = VERTEX_POINT ( 'NONE', #3276 ) ;
#2543 = CARTESIAN_POINT ( 'NONE',  ( 33.21007646689140813, -48.89130729459745339, 28.04134375730104622 ) ) ;
#2544 = LINE ( 'NONE', #3272, #2361 ) ;
#2545 = ORIENTED_EDGE ( 'NONE', *, *, #2275, .T. ) ;
#2546 = CARTESIAN_POINT ( 'NONE',  ( 2.074954986571962312, -55.32508182525601370, 28.04134375730104622 ) ) ;
#2547 = CARTESIAN_POINT ( 'NONE',  ( 55.00000000000000000, 55.00000000000000711, 3.000000000000000000 ) ) ;
#2548 = VERTEX_POINT ( 'NONE', #1992 ) ;
#2549 = FACE_OUTER_BOUND ( 'NONE', #62, .T. ) ;
#2550 = ADVANCED_FACE ( 'NONE', ( #2509 ), #1179, .F. ) ;
#2551 = EDGE_LOOP ( 'NONE', ( #1506, #1990, #741, #1034 ) ) ;
#2552 = DIRECTION ( 'NONE',  ( 1.000000000000000000, 0.000000000000000000, 0.000000000000000000 ) ) ;
#2553 = PLANE ( 'NONE',  #2807 ) ;
#2554 = EDGE_CURVE ( 'NONE', #1271, #1790, #2560, .T. ) ;
#2555 = ORIENTED_EDGE ( 'NONE', *, *, #994, .T. ) ;
#2556 = DIRECTION ( 'NONE',  ( -1.000000000000000000, 0.000000000000000000, 0.000000000000000000 ) ) ;
#2557 = FACE_OUTER_BOUND ( 'NONE', #2326, .T. ) ;
#2558 = VERTEX_POINT ( 'NONE', #1234 ) ;
#2559 = DIRECTION ( 'NONE',  ( -1.000000000000000000, 0.000000000000000000, 0.000000000000000000 ) ) ;
#2560 = LINE ( 'NONE', #675, #312 ) ;
#2561 = EDGE_CURVE ( 'NONE', #207, #1529, #1952, .T. ) ;
#2562 = VERTEX_POINT ( 'NONE', #640 ) ;
#2563 = CYLINDRICAL_SURFACE ( 'NONE', #1082, 4.999999999999997335 ) ;
#2564 = CIRCLE ( 'NONE', #1295, 4.999999999999997335 ) ;
#2565 = ORIENTED_EDGE ( 'NONE', *, *, #1879, .T. ) ;
#2566 = ORIENTED_EDGE ( 'NONE', *, *, #251, .T. ) ;
#2567 = AXIS2_PLACEMENT_3D ( 'NONE', #670, #1722, #2822 ) ;
#2568 = CARTESIAN_POINT ( 'NONE',  ( 55.00000000000000000, 55.00000000000000711, 0.000000000000000000 ) ) ;
#2569 = EDGE_CURVE ( 'NONE', #1321, #2542, #1418, .T. ) ;
#2570 = DATE_TIME_ROLE ( 'creation_date' ) ;
#2571 = CIRCLE ( 'NONE', #3406, 1.750000000000003109 ) ;
#2572 = VERTEX_POINT ( 'NONE', #694 ) ;
#2573 = PLANE ( 'NONE',  #3404 ) ;
#2574 = AXIS2_PLACEMENT_3D ( 'NONE', #2727, #345, #2461 ) ;
#2575 = ADVANCED_FACE ( 'NONE', ( #1712 ), #2266, .F. ) ;
#2576 = CARTESIAN_POINT ( 'NONE',  ( 33.46453803689025364, -17.59676082486349813, 1.449999806747190423 ) ) ;
#2577 = CIRCLE ( 'NONE', #306, 12.50000000000000355 ) ;
#2578 = ORIENTED_EDGE ( 'NONE', *, *, #221, .F. ) ;
#2579 = ADVANCED_FACE ( 'NONE', ( #916 ), #1252, .F. ) ;
#2580 = DIRECTION ( 'NONE',  ( -0.000000000000000000, -0.000000000000000000, -1.000000000000000000 ) ) ;
#2581 = CARTESIAN_POINT ( 'NONE',  ( 45.37007602278353602, -48.40007575682851382, 28.04134375730104622 ) ) ;
#2582 = VECTOR ( 'NONE', #1882, 1000.000000000000000 ) ;
#2583 = EDGE_LOOP ( 'NONE', ( #1933, #15, #2565, #1011 ) ) ;
#2584 = FACE_OUTER_BOUND ( 'NONE', #2617, .T. ) ;
#2585 = AXIS2_PLACEMENT_3D ( 'NONE', #2329, #500, #3433 ) ;
#2586 = VERTEX_POINT ( 'NONE', #2493 ) ;
#2587 = ORIENTED_EDGE ( 'NONE', *, *, #2788, .T. ) ;
#2588 = ORIENTED_EDGE ( 'NONE', *, *, #1956, .F. ) ;
#2589 = ORGANIZATION ( 'UNSPECIFIED', 'UNSPECIFIED', '' ) ;
#2590 = FACE_BOUND ( 'NONE', #1532, .T. ) ;
#2591 = ORIENTED_EDGE ( 'NONE', *, *, #2979, .T. ) ;
#2592 = CARTESIAN_POINT ( 'NONE',  ( 35.21007646689140813, -50.94007753325929855, 28.04134375730104622 ) ) ;
#2593 = DIRECTION ( 'NONE',  ( -0.000000000000000000, -0.000000000000000000, 1.000000000000000000 ) ) ;
#2594 = ADVANCED_FACE ( 'NONE', ( #3014 ), #661, .F. ) ;
#2595 = ORIENTED_EDGE ( 'NONE', *, *, #1327, .F. ) ;
#2596 = CARTESIAN_POINT ( 'NONE',  ( 2.074954986571962312, -58.82508182525602081, 1.450001608895315375 ) ) ;
#2597 = CARTESIAN_POINT ( 'NONE',  ( -58.25248347830570594, -33.76592310238539341, 28.04134375730104622 ) ) ;
#2598 = DIRECTION ( 'NONE',  ( -0.000000000000000000, -0.000000000000000000, -1.000000000000000000 ) ) ;
#2599 = ORIENTED_EDGE ( 'NONE', *, *, #2149, .T. ) ;
#2600 = LINE ( 'NONE', #2686, #701 ) ;
#2601 = EDGE_CURVE ( 'NONE', #424, #3156, #1973, .T. ) ;
#2602 = EDGE_LOOP ( 'NONE', ( #3387, #2608, #1079, #711 ) ) ;
#2603 = ORIENTED_EDGE ( 'NONE', *, *, #2208, .F. ) ;
#2604 = PLANE ( 'NONE',  #2739 ) ;
#2605 = ORIENTED_EDGE ( 'NONE', *, *, #1597, .F. ) ;
#2606 = CARTESIAN_POINT ( 'NONE',  ( 48.77500172706440651, -40.76931592906048252, 28.04134375730104622 ) ) ;
#2607 = LINE ( 'NONE', #2838, #318 ) ;
#2608 = ORIENTED_EDGE ( 'NONE', *, *, #2601, .F. ) ;
#2609 = ORIENTED_EDGE ( 'NONE', *, *, #1496, .F. ) ;
#2610 = CARTESIAN_POINT ( 'NONE',  ( 47.37007602278353602, -48.40007691917356425, 1.450001153203477111 ) ) ;
#2611 = CARTESIAN_POINT ( 'NONE',  ( 24.49987792968698130, -35.50007057189900905, 3.000000000000000000 ) ) ;
#2612 = DIRECTION ( 'NONE',  ( -4.180742545671762101E-15, -4.371140887755362005E-08, -0.9999999999999992228 ) ) ;
#2613 = ADVANCED_FACE ( 'NONE', ( #3036 ), #393, .F. ) ;
#2614 = VERTEX_POINT ( 'NONE', #430 ) ;
#2615 = DIRECTION ( 'NONE',  ( -0.000000000000000000, -0.000000000000000000, -1.000000000000000000 ) ) ;
#2616 = ADVANCED_FACE ( 'NONE', ( #410 ), #161, .F. ) ;
#2617 = EDGE_LOOP ( 'NONE', ( #1777, #261, #443, #566 ) ) ;
#2618 = DIRECTION ( 'NONE',  ( 0.000000000000000000, 0.9999999999999991118, -4.371140887755362005E-08 ) ) ;
#2619 = CIRCLE ( 'NONE', #3009, 12.50000000000000355 ) ;
#2620 = AXIS2_PLACEMENT_3D ( 'NONE', #2771, #2753, #2504 ) ;
#2621 = EDGE_LOOP ( 'NONE', ( #1302, #2193, #1392, #2821, #1337, #2299, #1324, #1040 ) ) ;
#2622 = CARTESIAN_POINT ( 'NONE',  ( 10.99999999999997513, -20.54000000000002757, 28.04134375730104622 ) ) ;
#2623 = ADVANCED_FACE ( 'NONE', ( #3085 ), #954, .F. ) ;
#2624 = DIRECTION ( 'NONE',  ( 0.000000000000000000, 0.000000000000000000, -1.000000000000000000 ) ) ;
#2625 = CIRCLE ( 'NONE', #411, 4.999999999999997335 ) ;
#2626 = ORIENTED_EDGE ( 'NONE', *, *, #3291, .F. ) ;
#2627 = VECTOR ( 'NONE', #2408, 1000.000000000000000 ) ;
#2628 = DIRECTION ( 'NONE',  ( 1.000000000000000000, 6.829619963800057503E-16, -0.000000000000000000 ) ) ;
#2629 = DIRECTION ( 'NONE',  ( 1.000000000000000000, 0.000000000000000000, 0.000000000000000000 ) ) ;
#2630 = DIRECTION ( 'NONE',  ( -4.180742545671762101E-15, -4.371140887755362005E-08, -0.9999999999999992228 ) ) ;
#2631 = CIRCLE ( 'NONE', #861, 3.500000000000003109 ) ;
#2632 = EDGE_LOOP ( 'NONE', ( #1064, #3285, #1554, #1702 ) ) ;
#2633 = EDGE_CURVE ( 'NONE', #3156, #2586, #36, .T. ) ;
#2634 = AXIS2_PLACEMENT_3D ( 'NONE', #1726, #674, #3013 ) ;
#2635 = CARTESIAN_POINT ( 'NONE',  ( 33.21007646689140813, -48.40007575682851382, 0.000000000000000000 ) ) ;
#2636 = AXIS2_PLACEMENT_3D ( 'NONE', #2058, #1571, #1592 ) ;
#2637 = ADVANCED_FACE ( 'NONE', ( #446 ), #936, .F. ) ;
#2638 = EDGE_LOOP ( 'NONE', ( #2294, #450, #570, #3408 ) ) ;
#2639 = CARTESIAN_POINT ( 'NONE',  ( -55.00000000000000000, 55.00000000000000711, 3.000000000000000000 ) ) ;
#2640 = AXIS2_PLACEMENT_3D ( 'NONE', #2252, #871, #3313 ) ;
#2641 = AXIS2_PLACEMENT_3D ( 'NONE', #912, #1968, #656 ) ;
#2642 = VERTEX_POINT ( 'NONE', #970 ) ;
#2643 = DIRECTION ( 'NONE',  ( 0.000000000000000000, -0.9999999999999991118, 4.371140884147631631E-08 ) ) ;
#2644 = DIRECTION ( 'NONE',  ( -1.000000000000000000, 0.000000000000000000, 0.000000000000000000 ) ) ;
#2645 = AXIS2_PLACEMENT_3D ( 'NONE', #1863, #76, #3231 ) ;
#2646 = EDGE_CURVE ( 'NONE', #131, #1598, #2412, .T. ) ;
#2647 = VERTEX_POINT ( 'NONE', #2114 ) ;
#2648 = LOCAL_TIME ( 11, 32, 9.000000000000000000, #508 ) ;
#2649 = CYLINDRICAL_SURFACE ( 'NONE', #1567, 1.750000000000001554 ) ;
#2650 = DIRECTION ( 'NONE',  ( -1.000000000000000000, 0.000000000000000000, 0.000000000000000000 ) ) ;
#2651 = CYLINDRICAL_SURFACE ( 'NONE', #1482, 2.000000000000001776 ) ;
#2652 = APPLICATION_CONTEXT ( 'configuration controlled 3d designs of mechanical parts and assemblies' ) ;
#2653 = ORIENTED_EDGE ( 'NONE', *, *, #667, .T. ) ;
#2654 = CARTESIAN_POINT ( 'NONE',  ( 55.00000000000000000, 55.00000000000000711, 3.000000000000000000 ) ) ;
#2655 = ORIENTED_EDGE ( 'NONE', *, *, #3298, .T. ) ;
#2656 = DIRECTION ( 'NONE',  ( 4.180742545671762101E-15, 4.371140887755362005E-08, 0.9999999999999992228 ) ) ;
#2657 = EDGE_CURVE ( 'NONE', #3403, #391, #257, .T. ) ;
#2658 = ORIENTED_EDGE ( 'NONE', *, *, #718, .T. ) ;
#2659 = DIRECTION ( 'NONE',  ( -0.000000000000000000, -0.000000000000000000, -1.000000000000000000 ) ) ;
#2660 = CARTESIAN_POINT ( 'NONE',  ( 0.3249549865719605357, -57.07508182525601370, 0.000000000000000000 ) ) ;
#2661 = ORIENTED_EDGE ( 'NONE', *, *, #119, .F. ) ;
#2662 = PLANE ( 'NONE',  #294 ) ;
#2663 = DIRECTION ( 'NONE',  ( 0.000000000000000000, 1.000000000000000000, 0.000000000000000000 ) ) ;
#2664 = CARTESIAN_POINT ( 'NONE',  ( -66.00000000000001421, 61.00000000000000000, 3.000000000000000000 ) ) ;
#2665 = VERTEX_POINT ( 'NONE', #3115 ) ;
#2666 = EDGE_LOOP ( 'NONE', ( #984, #538, #2464, #2117 ) ) ;
#2667 = CARTESIAN_POINT ( 'NONE',  ( 2.074954986571962312, -55.32508182525601370, 28.04134375730104622 ) ) ;
#2668 = CARTESIAN_POINT ( 'NONE',  ( 2.074954986571962312, -57.07508182525601370, 1.450001532400348792 ) ) ;
#2669 = CC_DESIGN_PERSON_AND_ORGANIZATION_ASSIGNMENT ( #1719, #2783, ( #2929 ) ) ;
#2670 = DIRECTION ( 'NONE',  ( 1.000000000000000000, 0.000000000000000000, 0.000000000000000000 ) ) ;
#2671 = CARTESIAN_POINT ( 'NONE',  ( 17.99987792968801870, -5.499931335448994929, 0.000000000000000000 ) ) ;
#2672 = VERTEX_POINT ( 'NONE', #2080 ) ;
#2673 = ADVANCED_FACE ( 'NONE', ( #1334 ), #2651, .F. ) ;
#2674 = CARTESIAN_POINT ( 'NONE',  ( 32.08339509376522614, -47.89936383365682104, 0.000000000000000000 ) ) ;
#2675 = CARTESIAN_POINT ( 'NONE',  ( -40.00000000000000000, 46.00000000000001421, 3.000000000000000000 ) ) ;
#2676 = AXIS2_PLACEMENT_3D ( 'NONE', #828, #1881, #3286 ) ;
#2677 = VERTEX_POINT ( 'NONE', #3417 ) ;
#2678 = EDGE_CURVE ( 'NONE', #2303, #1996, #2098, .T. ) ;
#2679 = DIRECTION ( 'NONE',  ( -6.829619963800057503E-16, 1.000000000000000000, 0.000000000000000000 ) ) ;
#2680 = CIRCLE ( 'NONE', #522, 1.750000000000003109 ) ;
#2681 = CYLINDRICAL_SURFACE ( 'NONE', #2748, 1.750000000000001554 ) ;
#2682 = DIRECTION ( 'NONE',  ( 0.000000000000000000, -0.000000000000000000, 1.000000000000000000 ) ) ;
#2683 = AXIS2_PLACEMENT_3D ( 'NONE', #2207, #3269, #3004 ) ;
#2684 = ORIENTED_EDGE ( 'NONE', *, *, #2955, .T. ) ;
#2685 = EDGE_CURVE ( 'NONE', #524, #2049, #516, .T. ) ;
#2686 = CARTESIAN_POINT ( 'NONE',  ( 47.37007602278353602, -48.40007575682851382, 28.04134375730104622 ) ) ;
#2687 = PLANE ( 'NONE',  #2693 ) ;
#2688 = AXIS2_PLACEMENT_3D ( 'NONE', #1753, #464, #2233 ) ;
#2689 = VECTOR ( 'NONE', #1304, 1000.000000000000000 ) ;
#2690 = DIRECTION ( 'NONE',  ( -0.000000000000000000, -0.000000000000000000, -1.000000000000000000 ) ) ;
#2691 = CARTESIAN_POINT ( 'NONE',  ( -18.00012207031303291, -5.499931335448993153, 0.000000000000000000 ) ) ;
#2692 = ORIENTED_EDGE ( 'NONE', *, *, #1589, .F. ) ;
#2693 = AXIS2_PLACEMENT_3D ( 'NONE', #2723, #2166, #2456 ) ;
#2694 = DIRECTION ( 'NONE',  ( 1.000000000000000000, 0.000000000000000000, 0.000000000000000000 ) ) ;
#2695 = EDGE_LOOP ( 'NONE', ( #2890, #2042, #3201, #2503 ) ) ;
#2696 = LINE ( 'NONE', #335, #2418 ) ;
#2697 = ORIENTED_EDGE ( 'NONE', *, *, #807, .T. ) ;
#2698 = CIRCLE ( 'NONE', #767, 1.749999999999992673 ) ;
#2699 = VERTEX_POINT ( 'NONE', #1593 ) ;
#2700 = DIRECTION ( 'NONE',  ( -0.000000000000000000, -0.000000000000000000, -1.000000000000000000 ) ) ;
#2701 = AXIS2_PLACEMENT_3D ( 'NONE', #812, #2432, #2925 ) ;
#2702 = LINE ( 'NONE', #1718, #2582 ) ;
#2703 = LINE ( 'NONE', #324, #2415 ) ;
#2704 = ADVANCED_FACE ( 'NONE', ( #275 ), #225, .F. ) ;
#2705 = PRODUCT_DEFINITION_FORMATION_WITH_SPECIFIED_SOURCE ( 'ANY', '', #2381, .NOT_KNOWN. ) ;
#2706 = EDGE_LOOP ( 'NONE', ( #2157, #154, #809, #998 ) ) ;
#2707 = CARTESIAN_POINT ( 'NONE',  ( 45.37007602278353602, -50.94007753325929855, 0.000000000000000000 ) ) ;
#2708 = DIRECTION ( 'NONE',  ( -1.000000000000000000, -0.000000000000000000, -0.000000000000000000 ) ) ;
#2709 = EDGE_CURVE ( 'NONE', #2558, #547, #1367, .T. ) ;
#2710 = ORIENTED_EDGE ( 'NONE', *, *, #300, .F. ) ;
#2711 = DIRECTION ( 'NONE',  ( 4.180742545671762101E-15, 4.371140887755362005E-08, 0.9999999999999992228 ) ) ;
#2712 = EDGE_CURVE ( 'NONE', #1228, #796, #1974, .T. ) ;
#2713 = ORIENTED_EDGE ( 'NONE', *, *, #367, .F. ) ;
#2714 = VERTEX_POINT ( 'NONE', #799 ) ;
#2715 = DIRECTION ( 'NONE',  ( -1.000000000000000000, 0.000000000000000000, 0.000000000000000000 ) ) ;
#2716 = DIRECTION ( 'NONE',  ( -1.000000000000000000, 0.000000000000000000, 0.000000000000000000 ) ) ;
#2717 = VERTEX_POINT ( 'NONE', #2370 ) ;
#2718 = DIRECTION ( 'NONE',  ( -1.000000000000000000, 0.000000000000000000, 0.000000000000000000 ) ) ;
#2719 = PLANE ( 'NONE',  #2921 ) ;
#2720 = EDGE_LOOP ( 'NONE', ( #2808, #2725, #1062, #1432 ) ) ;
#2721 = EDGE_CURVE ( 'NONE', #1254, #524, #263, .T. ) ;
#2722 = DIRECTION ( 'NONE',  ( -0.000000000000000000, -0.000000000000000000, -1.000000000000000000 ) ) ;
#2723 = CARTESIAN_POINT ( 'NONE',  ( -30.49987792968801514, -5.499931269881881413, 1.449999277977991108 ) ) ;
#2724 = FACE_OUTER_BOUND ( 'NONE', #2583, .T. ) ;
#2725 = ORIENTED_EDGE ( 'NONE', *, *, #783, .T. ) ;
#2726 = ADVANCED_FACE ( 'NONE', ( #1796 ), #210, .F. ) ;
#2727 = CARTESIAN_POINT ( 'NONE',  ( 35.21007646689140813, -50.94007753325929855, 0.000000000000000000 ) ) ;
#2728 = EDGE_LOOP ( 'NONE', ( #2927, #2164, #1470, #781, #1328 ) ) ;
#2729 = CARTESIAN_POINT ( 'NONE',  ( 55.67099752524903522, -31.34477664196644398, 28.04134375730104622 ) ) ;
#2730 = DIRECTION ( 'NONE',  ( 3.414809992080329023E-16, -0.9999999999999991118, 4.371140887755362005E-08 ) ) ;
#2731 = ORIENTED_EDGE ( 'NONE', *, *, #3426, .F. ) ;
#2732 = CARTESIAN_POINT ( 'NONE',  ( -51.50000000000000000, 55.00000000000000711, 0.000000000000000000 ) ) ;
#2733 = CARTESIAN_POINT ( 'NONE',  ( 65.99999999999998579, 61.00000000000004263, 3.000000000000000000 ) ) ;
#2734 = AXIS2_PLACEMENT_3D ( 'NONE', #2112, #3183, #1605 ) ;
#2735 = EDGE_LOOP ( 'NONE', ( #1654, #1425, #2071, #439 ) ) ;
#2736 = CIRCLE ( 'NONE', #2961, 1.750000000000003109 ) ;
#2737 = CARTESIAN_POINT ( 'NONE',  ( -18.00012207031303291, -5.499931335448993153, 36.80533964865399810 ) ) ;
#2738 = LINE ( 'NONE', #360, #3358 ) ;
#2739 = AXIS2_PLACEMENT_3D ( 'NONE', #1858, #1804, #1050 ) ;
#2740 = FACE_OUTER_BOUND ( 'NONE', #3301, .T. ) ;
#2741 = DIRECTION ( 'NONE',  ( 1.000000000000000000, 0.000000000000000000, -0.000000000000000000 ) ) ;
#2742 = CIRCLE ( 'NONE', #2460, 1.750000000000001554 ) ;
#2743 = DIRECTION ( 'NONE',  ( -0.000000000000000000, -0.000000000000000000, -1.000000000000000000 ) ) ;
#2744 = AXIS2_PLACEMENT_3D ( 'NONE', #2667, #2966, #359 ) ;
#2745 = EDGE_CURVE ( 'NONE', #1799, #804, #39, .T. ) ;
#2746 = ORIENTED_EDGE ( 'NONE', *, *, #1641, .T. ) ;
#2747 = CARTESIAN_POINT ( 'NONE',  ( -51.71248359946253004, -43.92592313267459048, 1.450000957632327170 ) ) ;
#2748 = AXIS2_PLACEMENT_3D ( 'NONE', #304, #1362, #2419 ) ;
#2749 = ORIENTED_EDGE ( 'NONE', *, *, #1246, .T. ) ;
#2750 = CARTESIAN_POINT ( 'NONE',  ( 0.000000000000000000, 0.000000000000000000, 0.000000000000000000 ) ) ;
#2751 = CIRCLE ( 'NONE', #260, 1.750000000000003109 ) ;
#2752 = ORIENTED_EDGE ( 'NONE', *, *, #268, .F. ) ;
#2753 = DIRECTION ( 'NONE',  ( 0.000000000000000000, 0.000000000000000000, 1.000000000000000000 ) ) ;
#2754 = FACE_OUTER_BOUND ( 'NONE', #2638, .T. ) ;
#2755 = VECTOR ( 'NONE', #3205, 1000.000000000000000 ) ;
#2756 = ADVANCED_FACE ( 'NONE', ( #3381 ), #2911, .F. ) ;
#2757 = ORIENTED_EDGE ( 'NONE', *, *, #1246, .F. ) ;
#2758 = AXIS2_PLACEMENT_3D ( 'NONE', #1358, #2941, #2644 ) ;
#2759 = DIRECTION ( 'NONE',  ( -4.180742545671762101E-15, -4.371140887755362005E-08, -0.9999999999999992228 ) ) ;
#2760 = CARTESIAN_POINT ( 'NONE',  ( -56.25248347830570594, -31.76592310238539341, 0.000000000000000000 ) ) ;
#2761 = LOCAL_TIME ( 11, 32, 9.000000000000000000, #982 ) ;
#2762 = CYLINDRICAL_SURFACE ( 'NONE', #2864, 2.000000000000000000 ) ;
#2763 = DIRECTION ( 'NONE',  ( 0.000000000000000000, -0.9999999999999991118, 4.371140887755362005E-08 ) ) ;
#2764 = CARTESIAN_POINT ( 'NONE',  ( 13.20999999999997954, -26.50000000000002487, 0.000000000000000000 ) ) ;
#2765 = ORIENTED_EDGE ( 'NONE', *, *, #2443, .T. ) ;
#2766 = DIRECTION ( 'NONE',  ( 0.000000000000000000, 0.000000000000000000, -1.000000000000000000 ) ) ;
#2767 = ADVANCED_FACE ( 'NONE', ( #1007 ), #1283, .F. ) ;
#2768 = DIRECTION ( 'NONE',  ( -0.000000000000000000, 0.000000000000000000, -1.000000000000000000 ) ) ;
#2769 = APPROVAL_STATUS ( 'not_yet_approved' ) ;
#2770 = ORIENTED_EDGE ( 'NONE', *, *, #2678, .F. ) ;
#2771 = CARTESIAN_POINT ( 'NONE',  ( 55.00000000000000000, -55.00000000000000000, 0.000000000000000000 ) ) ;
#2772 = EDGE_CURVE ( 'NONE', #468, #2918, #2842, .T. ) ;
#2773 = DIRECTION ( 'NONE',  ( -1.000000000000000000, 0.000000000000000000, 0.000000000000000000 ) ) ;
#2774 = VERTEX_POINT ( 'NONE', #1526 ) ;
#2775 = LINE ( 'NONE', #392, #2861 ) ;
#2776 = DIRECTION ( 'NONE',  ( -1.000000000000000000, 0.000000000000000000, 0.000000000000000000 ) ) ;
#2777 = DIRECTION ( 'NONE',  ( 0.000000000000000000, -0.9999999999999991118, 4.371140884147635601E-08 ) ) ;
#2778 = DIRECTION ( 'NONE',  ( 4.180742545671757368E-15, 4.371140887755362005E-08, 0.9999999999999991118 ) ) ;
#2779 = DIRECTION ( 'NONE',  ( -0.000000000000000000, -0.000000000000000000, -1.000000000000000000 ) ) ;
#2780 = VERTEX_POINT ( 'NONE', #2860 ) ;
#2781 = DIRECTION ( 'NONE',  ( 0.000000000000000000, -1.000000000000000000, 0.000000000000000000 ) ) ;
#2782 = CARTESIAN_POINT ( 'NONE',  ( 65.99999999999998579, -65.99999999999998579, 3.000000000000000000 ) ) ;
#2783 = PERSON_AND_ORGANIZATION_ROLE ( 'creator' ) ;
#2784 = ADVANCED_FACE ( 'NONE', ( #2059 ), #2878, .F. ) ;
#2785 = ORIENTED_EDGE ( 'NONE', *, *, #1166, .F. ) ;
#2786 = DIRECTION ( 'NONE',  ( 0.000000000000000000, 0.000000000000000000, -1.000000000000000000 ) ) ;
#2787 = CARTESIAN_POINT ( 'NONE',  ( 33.46453800660104605, -20.13675966251838645, 0.000000000000000000 ) ) ;
#2788 = EDGE_CURVE ( 'NONE', #1996, #3003, #588, .T. ) ;
#2789 = VERTEX_POINT ( 'NONE', #1656 ) ;
#2790 = CARTESIAN_POINT ( 'NONE',  ( 38.99823860727875768, -44.66674203942633170, 36.80533964865399810 ) ) ;
#2791 = DIRECTION ( 'NONE',  ( 0.9999999999999961142, 8.742277677795539484E-08, -8.002115286624055570E-15 ) ) ;
#2792 = AXIS2_PLACEMENT_3D ( 'NONE', #2427, #596, #1647 ) ;
#2793 = CARTESIAN_POINT ( 'NONE',  ( 0.000000000000000000, 0.000000000000000000, 3.000000000000000000 ) ) ;
#2794 = CARTESIAN_POINT ( 'NONE',  ( 45.37007602278353602, -46.40007575682851382, 28.04134375730104622 ) ) ;
#2795 = CARTESIAN_POINT ( 'NONE',  ( 30.49987792968802225, -5.499931335448994929, 36.80533964865399810 ) ) ;
#2796 = VECTOR ( 'NONE', #1947, 1000.000000000000000 ) ;
#2797 = VECTOR ( 'NONE', #1632, 1000.000000000000000 ) ;
#2798 = ORIENTED_EDGE ( 'NONE', *, *, #835, .F. ) ;
#2799 = CARTESIAN_POINT ( 'NONE',  ( 17.49999999999998224, -26.50000000000002842, 1.450000195920380541 ) ) ;
#2800 = DIRECTION ( 'NONE',  ( 1.000000000000000000, 0.000000000000000000, -0.000000000000000000 ) ) ;
#2801 = DIRECTION ( 'NONE',  ( 0.000000000000000000, 0.000000000000000000, -1.000000000000000000 ) ) ;
#2802 = CIRCLE ( 'NONE', #415, 3.499999999999999112 ) ;
#2803 = ORIENTED_EDGE ( 'NONE', *, *, #2895, .T. ) ;
#2804 = AXIS2_PLACEMENT_3D ( 'NONE', #1694, #992, #445 ) ;
#2805 = CARTESIAN_POINT ( 'NONE',  ( 58.50000000000000000, 55.00000000000000711, 3.000000000000000000 ) ) ;
#2806 = CARTESIAN_POINT ( 'NONE',  ( -58.25248347830570594, -43.92592313267459048, 28.04134375730104622 ) ) ;
#2807 = AXIS2_PLACEMENT_3D ( 'NONE', #181, #3056, #2800 ) ;
#2808 = ORIENTED_EDGE ( 'NONE', *, *, #1176, .F. ) ;
#2809 = DIRECTION ( 'NONE',  ( -0.000000000000000000, -0.000000000000000000, -1.000000000000000000 ) ) ;
#2810 = DIRECTION ( 'NONE',  ( 0.000000000000000000, 0.000000000000000000, -1.000000000000000000 ) ) ;
#2811 = EDGE_CURVE ( 'NONE', #254, #1107, #2698, .T. ) ;
#2812 = VECTOR ( 'NONE', #1073, 1000.000000000000000 ) ;
#2813 = ORIENTED_EDGE ( 'NONE', *, *, #591, .F. ) ;
#2814 = CARTESIAN_POINT ( 'NONE',  ( 42.99987792968802580, -5.499931335448993153, 0.000000000000000000 ) ) ;
#2815 = APPROVAL_PERSON_ORGANIZATION ( #1172, #3392, #945 ) ;
#2816 = ORIENTED_EDGE ( 'NONE', *, *, #3031, .T. ) ;
#2817 = VERTEX_POINT ( 'NONE', #1413 ) ;
#2818 = CARTESIAN_POINT ( 'NONE',  ( -56.25248347830570594, -31.76592310238539341, 1.450000426101606621 ) ) ;
#2819 = DIRECTION ( 'NONE',  ( -0.000000000000000000, 0.000000000000000000, -1.000000000000000000 ) ) ;
#2820 = EDGE_CURVE ( 'NONE', #1228, #1672, #1394, .T. ) ;
#2821 = ORIENTED_EDGE ( 'NONE', *, *, #622, .T. ) ;
#2822 = DIRECTION ( 'NONE',  ( 1.000000000000000000, 2.081668171172166620E-14, 0.000000000000000000 ) ) ;
#2823 = EDGE_CURVE ( 'NONE', #2382, #506, #1421, .T. ) ;
#2824 = FACE_OUTER_BOUND ( 'NONE', #2666, .T. ) ;
#2825 = ORIENTED_EDGE ( 'NONE', *, *, #2138, .T. ) ;
#2826 = DIRECTION ( 'NONE',  ( -4.180742545671762101E-15, -4.371140887755362005E-08, -0.9999999999999992228 ) ) ;
#2827 = DIRECTION ( 'NONE',  ( -0.000000000000000000, -0.000000000000000000, 1.000000000000000000 ) ) ;
#2828 = ORIENTED_EDGE ( 'NONE', *, *, #898, .F. ) ;
#2829 = EDGE_CURVE ( 'NONE', #1790, #2304, #847, .T. ) ;
#2830 = FACE_OUTER_BOUND ( 'NONE', #3116, .T. ) ;
#2831 = ORIENTED_EDGE ( 'NONE', *, *, #3143, .T. ) ;
#2832 = ADVANCED_FACE ( 'NONE', ( #2947 ), #1868, .F. ) ;
#2833 = VERTEX_POINT ( 'NONE', #2147 ) ;
#2834 = ORIENTED_EDGE ( 'NONE', *, *, #1615, .F. ) ;
#2835 = CARTESIAN_POINT ( 'NONE',  ( 10.99999999999997513, -20.54000000000002757, 0.000000000000000000 ) ) ;
#2836 = VERTEX_POINT ( 'NONE', #338 ) ;
#2837 = LINE ( 'NONE', #1016, #2179 ) ;
#2838 = CARTESIAN_POINT ( 'NONE',  ( 10.99999999999986322, -11.46000000000002927, 1.449999538500820861 ) ) ;
#2839 = ORIENTED_EDGE ( 'NONE', *, *, #1009, .T. ) ;
#2840 = ORIENTED_EDGE ( 'NONE', *, *, #40, .F. ) ;
#2841 = LINE ( 'NONE', #2384, #2085 ) ;
#2842 = LINE ( 'NONE', #460, #2143 ) ;
#2843 = VERTEX_POINT ( 'NONE', #1092 ) ;
#2844 = DIRECTION ( 'NONE',  ( -1.000000000000000000, 0.000000000000000000, 0.000000000000000000 ) ) ;
#2845 = VECTOR ( 'NONE', #2700, 1000.000000000000000 ) ;
#2846 = ORIENTED_EDGE ( 'NONE', *, *, #1203, .T. ) ;
#2847 = VERTEX_POINT ( 'NONE', #2664 ) ;
#2848 = AXIS2_PLACEMENT_3D ( 'NONE', #2378, #793, #2904 ) ;
#2849 = FACE_BOUND ( 'NONE', #1740, .T. ) ;
#2850 = SHAPE_DEFINITION_REPRESENTATION ( #2051, #3012 ) ;
#2851 = EDGE_CURVE ( 'NONE', #1838, #2836, #2127, .T. ) ;
#2852 = EDGE_LOOP ( 'NONE', ( #2886, #1766, #883, #1820 ) ) ;
#2853 = LINE ( 'NONE', #825, #854 ) ;
#2854 = CARTESIAN_POINT ( 'NONE',  ( -66.00000000000001421, -61.00000000000000711, 3.000000000000000000 ) ) ;
#2855 = ORIENTED_EDGE ( 'NONE', *, *, #1029, .T. ) ;
#2856 = CIRCLE ( 'NONE', #589, 12.50000000000000000 ) ;
#2857 = VERTEX_POINT ( 'NONE', #2436 ) ;
#2858 = DIRECTION ( 'NONE',  ( 0.000000000000000000, 0.9999999999999991118, -4.371140887755362005E-08 ) ) ;
#2859 = CARTESIAN_POINT ( 'NONE',  ( 30.49987792968802225, -35.50007057189900195, 1.450000589326344569 ) ) ;
#2860 = CARTESIAN_POINT ( 'NONE',  ( 38.99823860727875768, -44.66674203942633170, 0.000000000000000000 ) ) ;
#2861 = VECTOR ( 'NONE', #1198, 999.9999999999998863 ) ;
#2862 = EDGE_CURVE ( 'NONE', #1012, #3105, #987, .T. ) ;
#2863 = ORIENTED_EDGE ( 'NONE', *, *, #3044, .T. ) ;
#2864 = AXIS2_PLACEMENT_3D ( 'NONE', #1165, #2202, #2216 ) ;
#2865 = DIRECTION ( 'NONE',  ( -0.000000000000000000, -0.000000000000000000, -1.000000000000000000 ) ) ;
#2866 = AXIS2_PLACEMENT_3D ( 'NONE', #240, #1300, #1044 ) ;
#2867 = ORIENTED_EDGE ( 'NONE', *, *, #627, .F. ) ;
#2868 = CIRCLE ( 'NONE', #771, 12.50000000000000355 ) ;
#2869 = CARTESIAN_POINT ( 'NONE',  ( 65.99999999999998579, 66.00000000000002842, 3.000000000000000000 ) ) ;
#2870 = ORIENTED_EDGE ( 'NONE', *, *, #3369, .T. ) ;
#2871 = ADVANCED_FACE ( 'NONE', ( #1622 ), #82, .F. ) ;
#2872 = DIRECTION ( 'NONE',  ( 0.000000000000000000, -0.9999999999999991118, 4.371140887245352218E-08 ) ) ;
#2873 = LINE ( 'NONE', #1843, #599 ) ;
#2874 = ORIENTED_EDGE ( 'NONE', *, *, #2709, .F. ) ;
#2875 = ADVANCED_FACE ( 'NONE', ( #1363 ), #2719, .T. ) ;
#2876 = DIRECTION ( 'NONE',  ( 1.000000000000000000, 0.000000000000000000, 0.000000000000000000 ) ) ;
#2877 = DIRECTION ( 'NONE',  ( -0.000000000000000000, 0.000000000000000000, -1.000000000000000000 ) ) ;
#2878 = CYLINDRICAL_SURFACE ( 'NONE', #2866, 1.750000000000001554 ) ;
#2879 = VERTEX_POINT ( 'NONE', #1640 ) ;
#2880 = DIRECTION ( 'NONE',  ( -2.775557561562891351E-15, -1.000000000000000000, 0.000000000000000000 ) ) ;
#2881 = EDGE_CURVE ( 'NONE', #1381, #374, #2703, .T. ) ;
#2882 = ORIENTED_EDGE ( 'NONE', *, *, #3365, .F. ) ;
#2883 = VERTEX_POINT ( 'NONE', #2983 ) ;
#2884 = DIRECTION ( 'NONE',  ( -4.180742545671762101E-15, -4.371140887755362005E-08, -0.9999999999999992228 ) ) ;
#2885 = APPROVAL_STATUS ( 'not_yet_approved' ) ;
#2886 = ORIENTED_EDGE ( 'NONE', *, *, #2488, .F. ) ;
#2887 = CARTESIAN_POINT ( 'NONE',  ( 50.52500206014519790, -33.14931592906049218, 1.450000486571215053 ) ) ;
#2888 = DIRECTION ( 'NONE',  ( -1.000000000000000000, 0.000000000000000000, 0.000000000000000000 ) ) ;
#2889 = EDGE_CURVE ( 'NONE', #2063, #2484, #1143, .T. ) ;
#2890 = ORIENTED_EDGE ( 'NONE', *, *, #163, .F. ) ;
#2891 = CARTESIAN_POINT ( 'NONE',  ( 8.999999999999975131, -13.46000000000002927, 28.04134375730104622 ) ) ;
#2892 = ORIENTED_EDGE ( 'NONE', *, *, #2389, .F. ) ;
#2893 = LINE ( 'NONE', #239, #1201 ) ;
#2894 = DIRECTION ( 'NONE',  ( 3.414809992080329516E-16, -1.000000000000000000, 0.000000000000000000 ) ) ;
#2895 = EDGE_CURVE ( 'NONE', #1568, #495, #3185, .T. ) ;
#2896 = ORIENTED_EDGE ( 'NONE', *, *, #123, .T. ) ;
#2897 = LINE ( 'NONE', #228, #1357 ) ;
#2898 = ADVANCED_FACE ( 'NONE', ( #2176 ), #2195, .F. ) ;
#2899 = EDGE_LOOP ( 'NONE', ( #603, #3170 ) ) ;
#2900 = DIRECTION ( 'NONE',  ( -1.000000000000000000, 0.000000000000000000, 0.000000000000000000 ) ) ;
#2901 = CIRCLE ( 'NONE', #3174, 1.000000000000000888 ) ;
#2902 = CIRCLE ( 'NONE', #2398, 12.50000000000000355 ) ;
#2903 = ORIENTED_EDGE ( 'NONE', *, *, #2275, .F. ) ;
#2904 = DIRECTION ( 'NONE',  ( 0.000000000000000000, -0.9999999999999991118, 4.371140884147646851E-08 ) ) ;
#2905 = DIRECTION ( 'NONE',  ( 0.000000000000000000, 0.000000000000000000, -1.000000000000000000 ) ) ;
#2906 = CIRCLE ( 'NONE', #1851, 12.50000000000000000 ) ;
#2907 = ORIENTED_EDGE ( 'NONE', *, *, #2395, .T. ) ;
#2908 = VECTOR ( 'NONE', #2952, 1000.000000000000000 ) ;
#2909 = CARTESIAN_POINT ( 'NONE',  ( -55.00000000000000000, 55.00000000000000711, 3.000000000000000000 ) ) ;
#2910 = CYLINDRICAL_SURFACE ( 'NONE', #2192, 4.999999999999997335 ) ;
#2911 = PLANE ( 'NONE',  #2978 ) ;
#2912 = AXIS2_PLACEMENT_3D ( 'NONE', #1836, #262, #1872 ) ;
#2913 = VERTEX_POINT ( 'NONE', #2733 ) ;
#2914 = VECTOR ( 'NONE', #1758, 1000.000000000000000 ) ;
#2915 = EDGE_CURVE ( 'NONE', #284, #3159, #816, .T. ) ;
#2916 = CARTESIAN_POINT ( 'NONE',  ( 10.99999999999986322, -20.54000000000002757, 1.449999935400410278 ) ) ;
#2917 = CIRCLE ( 'NONE', #1205, 1.999999999999998224 ) ;
#2918 = VERTEX_POINT ( 'NONE', #831 ) ;
#2919 = ADVANCED_FACE ( 'NONE', ( #2754 ), #172, .F. ) ;
#2920 = CARTESIAN_POINT ( 'NONE',  ( 60.99999999999999289, 66.00000000000002842, 3.000000000000000000 ) ) ;
#2921 = AXIS2_PLACEMENT_3D ( 'NONE', #287, #2682, #620 ) ;
#2922 = AXIS2_PLACEMENT_3D ( 'NONE', #2505, #2245, #1723 ) ;
#2923 = ORIENTED_EDGE ( 'NONE', *, *, #72, .T. ) ;
#2924 = LINE ( 'NONE', #548, #2017 ) ;
#2925 = DIRECTION ( 'NONE',  ( 8.326672684688670109E-16, -0.9999999999999990008, 4.371140888484446276E-08 ) ) ;
#2926 = AXIS2_PLACEMENT_3D ( 'NONE', #3200, #858, #271 ) ;
#2927 = ORIENTED_EDGE ( 'NONE', *, *, #585, .T. ) ;
#2928 = LINE ( 'NONE', #2959, #3342 ) ;
#2929 = PRODUCT_DEFINITION ( 'UNKNOWN', '', #2705, #1388 ) ;
#2930 = CARTESIAN_POINT ( 'NONE',  ( 65.99999999999998579, -65.99999999999998579, 3.000000000000000000 ) ) ;
#2931 = CARTESIAN_POINT ( 'NONE',  ( -57.67498635059415335, -14.44500776255643437, 1.449999668980000322 ) ) ;
#2932 = VERTEX_POINT ( 'NONE', #3061 ) ;
#2933 = LINE ( 'NONE', #3171, #2463 ) ;
#2934 = LINE ( 'NONE', #2950, #366 ) ;
#2935 = ADVANCED_FACE ( 'NONE', ( #2824 ), #2211, .F. ) ;
#2936 = CARTESIAN_POINT ( 'NONE',  ( -56.25248347830570594, -45.92592313267459048, 28.04134375730104622 ) ) ;
#2937 = DIRECTION ( 'NONE',  ( -1.000000000000000000, 0.000000000000000000, 0.000000000000000000 ) ) ;
#2938 = EDGE_CURVE ( 'NONE', #1145, #352, #2490, .T. ) ;
#2939 = EDGE_LOOP ( 'NONE', ( #2487, #25 ) ) ;
#2940 = CARTESIAN_POINT ( 'NONE',  ( -55.00000000000000000, -55.00000000000000000, 0.000000000000000000 ) ) ;
#2941 = DIRECTION ( 'NONE',  ( 0.000000000000000000, 0.000000000000000000, -1.000000000000000000 ) ) ;
#2942 = EDGE_CURVE ( 'NONE', #1173, #1268, #1591, .T. ) ;
#2943 = EDGE_LOOP ( 'NONE', ( #3317, #951, #2355, #3111 ) ) ;
#2944 = DIRECTION ( 'NONE',  ( -1.000000000000000000, 2.775557561562891745E-15, 4.180742424348234962E-15 ) ) ;
#2945 = ORIENTED_EDGE ( 'NONE', *, *, #940, .F. ) ;
#2946 = DIRECTION ( 'NONE',  ( -1.000000000000000000, 0.000000000000000000, 0.000000000000000000 ) ) ;
#2947 = FACE_OUTER_BOUND ( 'NONE', #2435, .T. ) ;
#2948 = VERTEX_POINT ( 'NONE', #2525 ) ;
#2949 = DIRECTION ( 'NONE',  ( -0.000000000000000000, -0.000000000000000000, -1.000000000000000000 ) ) ;
#2950 = CARTESIAN_POINT ( 'NONE',  ( 35.21007646689129444, -46.40007575682851382, 1.450001065780654574 ) ) ;
#2951 = DIRECTION ( 'NONE',  ( -0.000000000000000000, 0.000000000000000000, -1.000000000000000000 ) ) ;
#2952 = DIRECTION ( 'NONE',  ( -1.000000000000000000, 0.000000000000000000, 4.180742545671766046E-15 ) ) ;
#2953 = ORIENTED_EDGE ( 'NONE', *, *, #2811, .F. ) ;
#2954 = DIRECTION ( 'NONE',  ( 0.000000000000000000, 0.000000000000000000, 1.000000000000000000 ) ) ;
#2955 = EDGE_CURVE ( 'NONE', #2470, #1123, #2544, .T. ) ;
#2956 = DIRECTION ( 'NONE',  ( 0.000000000000000000, 0.000000000000000000, -1.000000000000000000 ) ) ;
#2957 = ORIENTED_EDGE ( 'NONE', *, *, #2429, .F. ) ;
#2958 = VERTEX_POINT ( 'NONE', #157 ) ;
#2959 = CARTESIAN_POINT ( 'NONE',  ( 15.53999999999997783, -13.46000000000002927, 0.000000000000000000 ) ) ;
#2960 = ORIENTED_EDGE ( 'NONE', *, *, #3059, .T. ) ;
#2961 = AXIS2_PLACEMENT_3D ( 'NONE', #708, #722, #2872 ) ;
#2962 = DIRECTION ( 'NONE',  ( 0.000000000000000000, 0.000000000000000000, 1.000000000000000000 ) ) ;
#2963 = CARTESIAN_POINT ( 'NONE',  ( 53.13099752524905028, -29.59477641991259489, 28.04134375730104622 ) ) ;
#2964 = AXIS2_PLACEMENT_3D ( 'NONE', #580, #2431, #1651 ) ;
#2965 = ORIENTED_EDGE ( 'NONE', *, *, #517, .F. ) ;
#2966 = DIRECTION ( 'NONE',  ( -2.775557561562891351E-15, 1.000000000000000000, 0.000000000000000000 ) ) ;
#2967 = EDGE_CURVE ( 'NONE', #2913, #733, #99, .T. ) ;
#2968 = DIRECTION ( 'NONE',  ( 0.000000000000000000, 0.000000000000000000, -1.000000000000000000 ) ) ;
#2969 = AXIS2_PLACEMENT_3D ( 'NONE', #1289, #1081, #267 ) ;
#2970 = CIRCLE ( 'NONE', #2189, 2.000000000000001776 ) ;
#2971 = DIRECTION ( 'NONE',  ( -0.000000000000000000, -0.000000000000000000, -1.000000000000000000 ) ) ;
#2972 = CARTESIAN_POINT ( 'NONE',  ( 39.67810746148602163, -45.40007575682851382, 1.450001022069477674 ) ) ;
#2973 = VECTOR ( 'NONE', #1299, 1000.000000000000000 ) ;
#2974 = ORIENTED_EDGE ( 'NONE', *, *, #1306, .T. ) ;
#2975 = VECTOR ( 'NONE', #122, 1000.000000000000000 ) ;
#2976 = FACE_OUTER_BOUND ( 'NONE', #3394, .T. ) ;
#2977 = DIRECTION ( 'NONE',  ( 1.000000000000000000, 0.000000000000000000, 0.000000000000000000 ) ) ;
#2978 = AXIS2_PLACEMENT_3D ( 'NONE', #2347, #727, #2894 ) ;
#2979 = EDGE_CURVE ( 'NONE', #2817, #491, #1214, .T. ) ;
#2980 = VERTEX_POINT ( 'NONE', #672 ) ;
#2981 = FACE_BOUND ( 'NONE', #2939, .T. ) ;
#2982 = AXIS2_PLACEMENT_3D ( 'NONE', #1226, #2801, #1408 ) ;
#2983 = CARTESIAN_POINT ( 'NONE',  ( 3.499999999999999112, -15.99999999999998579, 0.000000000000000000 ) ) ;
#2984 = EDGE_LOOP ( 'NONE', ( #1658, #280, #759, #3076 ) ) ;
#2985 = FACE_OUTER_BOUND ( 'NONE', #249, .T. ) ;
#2986 = CARTESIAN_POINT ( 'NONE',  ( 53.13099752524905028, -33.09477641991259844, 28.04134375730104622 ) ) ;
#2987 = CARTESIAN_POINT ( 'NONE',  ( 14.95999999999997954, -26.50000000000002487, 28.04134375730104622 ) ) ;
#2988 = FACE_OUTER_BOUND ( 'NONE', #764, .T. ) ;
#2989 = CARTESIAN_POINT ( 'NONE',  ( -30.50012207031303291, -35.50007057189900195, 36.80533964865399810 ) ) ;
#2990 = ORIENTED_EDGE ( 'NONE', *, *, #2452, .T. ) ;
#2991 = LINE ( 'NONE', #601, #3122 ) ;
#2992 = CARTESIAN_POINT ( 'NONE',  ( 2.074954986571962312, -55.32508182525601370, 0.000000000000000000 ) ) ;
#2993 = ORIENTED_EDGE ( 'NONE', *, *, #3068, .T. ) ;
#2994 = CARTESIAN_POINT ( 'NONE',  ( 2.074954986571962312, -55.32508182525601370, 1.450001455905382208 ) ) ;
#2995 = CARTESIAN_POINT ( 'NONE',  ( 4.574954986571961868, -57.07508182525601370, 28.04134375730104622 ) ) ;
#2996 = EDGE_LOOP ( 'NONE', ( #1745, #387, #2713, #454 ) ) ;
#2997 = CARTESIAN_POINT ( 'NONE',  ( 17.99987792968801870, -5.499931335448994929, 1.449999277978040624 ) ) ;
#2998 = CARTESIAN_POINT ( 'NONE',  ( 10.99999999999997513, -18.54000000000002757, 0.000000000000000000 ) ) ;
#2999 = EDGE_CURVE ( 'NONE', #547, #2310, #965, .T. ) ;
#3000 = FACE_OUTER_BOUND ( 'NONE', #2852, .T. ) ;
#3001 = ORIENTED_EDGE ( 'NONE', *, *, #940, .T. ) ;
#3002 = DIRECTION ( 'NONE',  ( 1.000000000000000000, 0.000000000000000000, 0.000000000000000000 ) ) ;
#3003 = VERTEX_POINT ( 'NONE', #2022 ) ;
#3004 = DIRECTION ( 'NONE',  ( 1.000000000000000000, 3.469446951953611033E-15, 0.000000000000000000 ) ) ;
#3005 = EDGE_CURVE ( 'NONE', #237, #1145, #874, .T. ) ;
#3006 = ORIENTED_EDGE ( 'NONE', *, *, #282, .T. ) ;
#3007 = FACE_OUTER_BOUND ( 'NONE', #3354, .T. ) ;
#3008 = FACE_OUTER_BOUND ( 'NONE', #997, .T. ) ;
#3009 = AXIS2_PLACEMENT_3D ( 'NONE', #1297, #3395, #1542 ) ;
#3010 = ORIENTED_EDGE ( 'NONE', *, *, #3164, .F. ) ;
#3011 = CIRCLE ( 'NONE', #295, 2.000000000000001776 ) ;
#3012 = ADVANCED_BREP_SHAPE_REPRESENTATION ( '¦юфыюцър (юсЁрсюЄър)', ( #176, #1320 ), #3364 ) ;
#3013 = DIRECTION ( 'NONE',  ( -1.000000000000000000, 0.000000000000000000, 0.000000000000000000 ) ) ;
#3014 = FACE_OUTER_BOUND ( 'NONE', #2135, .T. ) ;
#3015 = CYLINDRICAL_SURFACE ( 'NONE', #1693, 3.500000000000003109 ) ;
#3016 = EDGE_CURVE ( 'NONE', #1568, #227, #688, .T. ) ;
#3017 = CARTESIAN_POINT ( 'NONE',  ( 8.999999999999975131, -13.46000000000002927, 0.000000000000000000 ) ) ;
#3018 = AXIS2_PLACEMENT_3D ( 'NONE', #2205, #3226, #91 ) ;
#3019 = CARTESIAN_POINT ( 'NONE',  ( 0.3249549865719605357, -57.07508182525601370, 28.04134375730104622 ) ) ;
#3020 = AXIS2_PLACEMENT_3D ( 'NONE', #749, #540, #2116 ) ;
#3021 = ADVANCED_FACE ( 'NONE', ( #3008 ), #2263, .F. ) ;
#3022 = ORIENTED_EDGE ( 'NONE', *, *, #1701, .F. ) ;
#3023 = DIRECTION ( 'NONE',  ( -0.000000000000000000, 0.000000000000000000, -1.000000000000000000 ) ) ;
#3024 = VECTOR ( 'NONE', #499, 1000.000000000000000 ) ;
#3025 = CARTESIAN_POINT ( 'NONE',  ( 13.20999999999997954, -26.50000000000002487, 28.04134375730104622 ) ) ;
#3026 = AXIS2_PLACEMENT_3D ( 'NONE', #1455, #1727, #2791 ) ;
#3027 = ORIENTED_EDGE ( 'NONE', *, *, #1189, .T. ) ;
#3028 = DIRECTION ( 'NONE',  ( 0.000000000000000000, 0.000000000000000000, -1.000000000000000000 ) ) ;
#3029 = CARTESIAN_POINT ( 'NONE',  ( -55.00000000000000000, -55.00000000000000000, 3.000000000000000000 ) ) ;
#3030 = CIRCLE ( 'NONE', #3255, 2.000000000000000000 ) ;
#3031 = EDGE_CURVE ( 'NONE', #822, #2677, #3030, .T. ) ;
#3032 = VERTEX_POINT ( 'NONE', #1160 ) ;
#3033 = VECTOR ( 'NONE', #1294, 1000.000000000000000 ) ;
#3034 = EDGE_LOOP ( 'NONE', ( #1852, #246, #1513, #1236 ) ) ;
#3035 = CARTESIAN_POINT ( 'NONE',  ( 53.13099752524905028, -31.34477641991259489, 1.450000407692237481 ) ) ;
#3036 = FACE_OUTER_BOUND ( 'NONE', #3350, .T. ) ;
#3037 = DIRECTION ( 'NONE',  ( -4.180742545671762101E-15, -4.371140887755362005E-08, -0.9999999999999992228 ) ) ;
#3038 = CARTESIAN_POINT ( 'NONE',  ( -30.49987792968801514, -5.499931269881881413, 1.449999277977991108 ) ) ;
#3039 = DIRECTION ( 'NONE',  ( -1.000000000000000000, 0.000000000000000000, 0.000000000000000000 ) ) ;
#3040 = ADVANCED_FACE ( 'NONE', ( #1689 ), #426, .F. ) ;
#3041 = VERTEX_POINT ( 'NONE', #3047 ) ;
#3042 = FACE_BOUND ( 'NONE', #1980, .T. ) ;
#3043 = LINE ( 'NONE', #3184, #1415 ) ;
#3044 = EDGE_CURVE ( 'NONE', #2374, #2106, #2476, .T. ) ;
#3045 = ORIENTED_EDGE ( 'NONE', *, *, #1597, .T. ) ;
#3046 = CARTESIAN_POINT ( 'NONE',  ( 33.21007646689140813, -50.94007753325929855, 0.000000000000000000 ) ) ;
#3047 = CARTESIAN_POINT ( 'NONE',  ( -59.42498535135182181, 8.414992237443547296, 1.449998669737205370 ) ) ;
#3048 = ORIENTED_EDGE ( 'NONE', *, *, #406, .F. ) ;
#3049 = LINE ( 'NONE', #1711, #1144 ) ;
#3050 = DIRECTION ( 'NONE',  ( -0.000000000000000000, -0.000000000000000000, -1.000000000000000000 ) ) ;
#3051 = CARTESIAN_POINT ( 'NONE',  ( -13.92494201660215225, -53.87510013580300949, 1.450001392524706612 ) ) ;
#3052 = CYLINDRICAL_SURFACE ( 'NONE', #1953, 1.749999999999994671 ) ;
#3053 = DIRECTION ( 'NONE',  ( 1.000000000000000000, 0.000000000000000000, 0.000000000000000000 ) ) ;
#3054 = ORIENTED_EDGE ( 'NONE', *, *, #1979, .F. ) ;
#3055 = FACE_OUTER_BOUND ( 'NONE', #2984, .T. ) ;
#3056 = DIRECTION ( 'NONE',  ( 0.000000000000000000, -0.000000000000000000, 1.000000000000000000 ) ) ;
#3057 = PERSON_AND_ORGANIZATION ( #659, #2589 ) ;
#3058 = ORIENTED_EDGE ( 'NONE', *, *, #1231, .T. ) ;
#3059 = EDGE_CURVE ( 'NONE', #2416, #3032, #1709, .T. ) ;
#3060 = DIRECTION ( 'NONE',  ( 0.000000000000000000, 0.000000000000000000, 1.000000000000000000 ) ) ;
#3061 = CARTESIAN_POINT ( 'NONE',  ( 35.21007646689140813, -52.94007753325929855, 1.450001351653327442 ) ) ;
#3062 = ORIENTED_EDGE ( 'NONE', *, *, #657, .T. ) ;
#3063 = AXIS2_PLACEMENT_3D ( 'NONE', #1569, #2628, #2679 ) ;
#3064 = DIRECTION ( 'NONE',  ( -0.000000000000000000, -0.000000000000000000, -1.000000000000000000 ) ) ;
#3065 = CARTESIAN_POINT ( 'NONE',  ( -55.00000000000000000, -55.00000000000000000, 3.000000000000000000 ) ) ;
#3066 = VECTOR ( 'NONE', #1341, 1000.000000000000000 ) ;
#3067 = ORIENTED_EDGE ( 'NONE', *, *, #2889, .F. ) ;
#3068 = EDGE_CURVE ( 'NONE', #2980, #3278, #649, .T. ) ;
#3069 = CYLINDRICAL_SURFACE ( 'NONE', #2177, 2.000000000000001776 ) ;
#3070 = CARTESIAN_POINT ( 'NONE',  ( -61.00000000000002132, 61.00000000000000000, 3.000000000000000000 ) ) ;
#3071 = VERTEX_POINT ( 'NONE', #2787 ) ;
#3072 = CARTESIAN_POINT ( 'NONE',  ( -61.00000000000002132, 61.00000000000000000, 3.000000000000000000 ) ) ;
#3073 = DIRECTION ( 'NONE',  ( 1.000000000000000000, 2.102695122396129669E-16, 0.000000000000000000 ) ) ;
#3074 = DATE_AND_TIME ( #2016, #2648 ) ;
#3075 = VECTOR ( 'NONE', #3064, 1000.000000000000000 ) ;
#3076 = ORIENTED_EDGE ( 'NONE', *, *, #819, .T. ) ;
#3077 = AXIS2_PLACEMENT_3D ( 'NONE', #1349, #1097, #1147 ) ;
#3078 = DIRECTION ( 'NONE',  ( 1.000000000000000000, -3.035386659626962090E-16, 0.000000000000000000 ) ) ;
#3079 = CARTESIAN_POINT ( 'NONE',  ( 55.67099752524903522, -31.34477664196644398, 1.450000407692233928 ) ) ;
#3080 = VECTOR ( 'NONE', #2580, 1000.000000000000000 ) ;
#3081 = EDGE_CURVE ( 'NONE', #1529, #1317, #983, .T. ) ;
#3082 = ORIENTED_EDGE ( 'NONE', *, *, #470, .F. ) ;
#3083 = CIRCLE ( 'NONE', #980, 1.999999999999996669 ) ;
#3084 = CARTESIAN_POINT ( 'NONE',  ( 4.574954986571961868, -55.32508182525600660, 28.04134375730104622 ) ) ;
#3085 = FACE_OUTER_BOUND ( 'NONE', #2720, .T. ) ;
#3086 = EDGE_CURVE ( 'NONE', #824, #3289, #2201, .T. ) ;
#3087 = AXIS2_PLACEMENT_3D ( 'NONE', #2995, #863, #569 ) ;
#3088 = ORIENTED_EDGE ( 'NONE', *, *, #2881, .F. ) ;
#3089 = DIRECTION ( 'NONE',  ( 0.000000000000000000, 0.000000000000000000, -1.000000000000000000 ) ) ;
#3090 = ORIENTED_EDGE ( 'NONE', *, *, #3273, .T. ) ;
#3091 = EDGE_LOOP ( 'NONE', ( #2765, #2057, #2816, #186, #333, #1823, #1267, #1920 ) ) ;
#3092 = DIRECTION ( 'NONE',  ( 0.000000000000000000, 0.000000000000000000, 1.000000000000000000 ) ) ;
#3093 = LINE ( 'NONE', #1999, #1914 ) ;
#3094 = DATE_TIME_ROLE ( 'classification_date' ) ;
#3095 = ORIENTED_EDGE ( 'NONE', *, *, #1227, .T. ) ;
#3096 = CARTESIAN_POINT ( 'NONE',  ( 13.53999999999997605, -20.54000000000002402, 1.449999935400402062 ) ) ;
#3097 = PLANE ( 'NONE',  #1487 ) ;
#3098 = EDGE_LOOP ( 'NONE', ( #2034, #531, #2595, #686 ) ) ;
#3099 = CARTESIAN_POINT ( 'NONE',  ( -57.67498635059415335, -14.44500776255643437, 0.000000000000000000 ) ) ;
#3100 = CARTESIAN_POINT ( 'NONE',  ( 29.07826691783824913, -17.91882911790084876, 36.80533964865399810 ) ) ;
#3101 = EDGE_LOOP ( 'NONE', ( #1601, #3427, #3435, #2813 ) ) ;
#3102 = EDGE_CURVE ( 'NONE', #2677, #817, #2607, .T. ) ;
#3103 = CYLINDRICAL_SURFACE ( 'NONE', #584, 2.000000000000001776 ) ;
#3104 = VERTEX_POINT ( 'NONE', #2309 ) ;
#3105 = VERTEX_POINT ( 'NONE', #1552 ) ;
#3106 = DIRECTION ( 'NONE',  ( 1.000000000000000000, 0.000000000000000000, 0.000000000000000000 ) ) ;
#3107 = ORIENTED_EDGE ( 'NONE', *, *, #3118, .T. ) ;
#3108 = DIRECTION ( 'NONE',  ( 1.000000000000000000, 0.000000000000000000, 0.000000000000000000 ) ) ;
#3109 = ADVANCED_FACE ( 'NONE', ( #2557 ), #3097, .F. ) ;
#3110 = DIRECTION ( 'NONE',  ( 0.000000000000000000, 1.000000000000000000, 0.000000000000000000 ) ) ;
#3111 = ORIENTED_EDGE ( 'NONE', *, *, #110, .F. ) ;
#3112 = ORIENTED_EDGE ( 'NONE', *, *, #1855, .F. ) ;
#3113 = ORIENTED_EDGE ( 'NONE', *, *, #2339, .T. ) ;
#3114 = DIRECTION ( 'NONE',  ( -1.000000000000000000, 0.000000000000000000, 0.000000000000000000 ) ) ;
#3115 = CARTESIAN_POINT ( 'NONE',  ( 2.074954986571962312, -55.32508182525601370, 0.000000000000000000 ) ) ;
#3116 = EDGE_LOOP ( 'NONE', ( #2289, #272, #296, #3346 ) ) ;
#3117 = CYLINDRICAL_SURFACE ( 'NONE', #3020, 1.750000000000001554 ) ;
#3118 = EDGE_CURVE ( 'NONE', #1285, #1887, #1540, .T. ) ;
#3119 = ORIENTED_EDGE ( 'NONE', *, *, #718, .F. ) ;
#3120 = FACE_BOUND ( 'NONE', #629, .T. ) ;
#3121 = CALENDAR_DATE ( 2024, 1, 3 ) ;
#3122 = VECTOR ( 'NONE', #1390, 1000.000000000000000 ) ;
#3123 = EDGE_CURVE ( 'NONE', #1417, #3104, #3259, .T. ) ;
#3124 = VERTEX_POINT ( 'NONE', #2292 ) ;
#3125 = CARTESIAN_POINT ( 'NONE',  ( 28.96453803689026785, -18.91234094049699976, 36.80533964865399810 ) ) ;
#3126 = VECTOR ( 'NONE', #2255, 1000.000000000000000 ) ;
#3127 = LINE ( 'NONE', #762, #653 ) ;
#3128 = EDGE_LOOP ( 'NONE', ( #839, #2104, #1839, #658 ) ) ;
#3129 = VECTOR ( 'NONE', #1885, 1000.000000000000000 ) ;
#3130 = VERTEX_POINT ( 'NONE', #3163 ) ;
#3131 = CARTESIAN_POINT ( 'NONE',  ( -57.67498635059415335, -14.44500776255643437, 28.04134375730104622 ) ) ;
#3132 = DIRECTION ( 'NONE',  ( 0.000000000000000000, 0.000000000000000000, 1.000000000000000000 ) ) ;
#3133 = DIRECTION ( 'NONE',  ( -1.000000000000000000, 0.000000000000000000, 0.000000000000000000 ) ) ;
#3134 = CIRCLE ( 'NONE', #2409, 4.999999999999997335 ) ;
#3135 = EDGE_CURVE ( 'NONE', #259, #3371, #2109, .T. ) ;
#3136 = ORIENTED_EDGE ( 'NONE', *, *, #690, .F. ) ;
#3137 = AXIS2_PLACEMENT_3D ( 'NONE', #189, #2228, #2297 ) ;
#3138 = DIRECTION ( 'NONE',  ( 1.000000000000000000, 0.000000000000000000, 0.000000000000000000 ) ) ;
#3139 = AXIS2_PLACEMENT_3D ( 'NONE', #1557, #536, #1319 ) ;
#3140 = ORIENTED_EDGE ( 'NONE', *, *, #3291, .T. ) ;
#3141 = CIRCLE ( 'NONE', #544, 2.000000000000003553 ) ;
#3142 = DIRECTION ( 'NONE',  ( -0.000000000000000000, -0.000000000000000000, -1.000000000000000000 ) ) ;
#3143 = EDGE_CURVE ( 'NONE', #2642, #1870, #373, .T. ) ;
#3144 = PERSON_AND_ORGANIZATION ( #659, #2589 ) ;
#3145 = EDGE_LOOP ( 'NONE', ( #2945, #1778, #2785, #1724 ) ) ;
#3146 = LINE ( 'NONE', #2363, #2454 ) ;
#3147 = ADVANCED_FACE ( 'NONE', ( #3429 ), #235, .T. ) ;
#3148 = LINE ( 'NONE', #1055, #1759 ) ;
#3149 = ORIENTED_EDGE ( 'NONE', *, *, #2772, .F. ) ;
#3150 = VERTEX_POINT ( 'NONE', #3376 ) ;
#3151 = EDGE_LOOP ( 'NONE', ( #2008, #1822, #3161, #2423 ) ) ;
#3152 = CARTESIAN_POINT ( 'NONE',  ( 51.38099752524905028, -31.34477641991259489, 28.04134375730104622 ) ) ;
#3153 = LINE ( 'NONE', #1848, #2353 ) ;
#3154 = DIRECTION ( 'NONE',  ( 0.000000000000000000, -0.9999999999999990008, 4.371140888484446938E-08 ) ) ;
#3155 = ORIENTED_EDGE ( 'NONE', *, *, #2024, .T. ) ;
#3156 = VERTEX_POINT ( 'NONE', #2854 ) ;
#3157 = LINE ( 'NONE', #2131, #471 ) ;
#3158 = EDGE_LOOP ( 'NONE', ( #3240, #3054 ) ) ;
#3159 = VERTEX_POINT ( 'NONE', #794 ) ;
#3160 = CYLINDRICAL_SURFACE ( 'NONE', #3294, 2.000000000000000000 ) ;
#3161 = ORIENTED_EDGE ( 'NONE', *, *, #1810, .T. ) ;
#3162 = LINE ( 'NONE', #2108, #1305 ) ;
#3163 = CARTESIAN_POINT ( 'NONE',  ( 38.67810746148602163, -45.40007575682851382, 1.450001022069481671 ) ) ;
#3164 = EDGE_CURVE ( 'NONE', #796, #2913, #476, .T. ) ;
#3165 = EDGE_LOOP ( 'NONE', ( #892, #2376, #2186, #1259 ) ) ;
#3166 = CARTESIAN_POINT ( 'NONE',  ( -13.92494201660204212, -57.37510013580300949, 1.450001545514639778 ) ) ;
#3167 = FACE_OUTER_BOUND ( 'NONE', #2316, .T. ) ;
#3168 = CARTESIAN_POINT ( 'NONE',  ( 47.02500206014519790, -40.76931592906048962, 28.04134375730104622 ) ) ;
#3169 = EDGE_CURVE ( 'NONE', #2572, #2261, #3148, .T. ) ;
#3170 = ORIENTED_EDGE ( 'NONE', *, *, #1287, .T. ) ;
#3171 = CARTESIAN_POINT ( 'NONE',  ( 0.000000000000000000, 26.00000000000002842, 3.000000000000000000 ) ) ;
#3172 = VERTEX_POINT ( 'NONE', #1279 ) ;
#3173 = LINE ( 'NONE', #2920, #1030 ) ;
#3174 = AXIS2_PLACEMENT_3D ( 'NONE', #1555, #1714, #396 ) ;
#3175 = APPROVAL ( #1290, 'UNSPECIFIED' ) ;
#3176 = VECTOR ( 'NONE', #1245, 1000.000000000000000 ) ;
#3177 = VERTEX_POINT ( 'NONE', #1002 ) ;
#3178 = CARTESIAN_POINT ( 'NONE',  ( 30.50012016296399153, -5.499931269881894735, 1.449999277977990886 ) ) ;
#3179 = DIRECTION ( 'NONE',  ( 0.000000000000000000, 1.000000000000000000, 0.000000000000000000 ) ) ;
#3180 = VECTOR ( 'NONE', #490, 1000.000000000000000 ) ;
#3181 = ORIENTED_EDGE ( 'NONE', *, *, #1069, .T. ) ;
#3182 = AXIS2_PLACEMENT_3D ( 'NONE', #1237, #2047, #2844 ) ;
#3183 = DIRECTION ( 'NONE',  ( -0.000000000000000000, 0.000000000000000000, -1.000000000000000000 ) ) ;
#3184 = CARTESIAN_POINT ( 'NONE',  ( 65.99999999999998579, -65.99999999999998579, 0.000000000000000000 ) ) ;
#3185 = LINE ( 'NONE', #2450, #369 ) ;
#3186 = EDGE_CURVE ( 'NONE', #2847, #3156, #2873, .T. ) ;
#3187 = VECTOR ( 'NONE', #245, 1000.000000000000000 ) ;
#3188 = ORIENTED_EDGE ( 'NONE', *, *, #412, .F. ) ;
#3189 = AXIS2_PLACEMENT_3D ( 'NONE', #3035, #935, #1764 ) ;
#3190 = CARTESIAN_POINT ( 'NONE',  ( 33.46453800660104605, -20.13675966251838645, 1.449999862260627825 ) ) ;
#3191 = ADVANCED_FACE ( 'NONE', ( #3393 ), #2041, .F. ) ;
#3192 = AXIS2_PLACEMENT_3D ( 'NONE', #3065, #3050, #139 ) ;
#3193 = ORIENTED_EDGE ( 'NONE', *, *, #31, .T. ) ;
#3194 = DIRECTION ( 'NONE',  ( -1.000000000000000000, 0.000000000000000000, 0.000000000000000000 ) ) ;
#3195 = AXIS2_PLACEMENT_3D ( 'NONE', #3079, #2225, #3308 ) ;
#3196 = EDGE_CURVE ( 'NONE', #2507, #3274, #3127, .T. ) ;
#3197 = VECTOR ( 'NONE', #1945, 1000.000000000000000 ) ;
#3198 = VERTEX_POINT ( 'NONE', #1811 ) ;
#3199 = DIRECTION ( 'NONE',  ( -0.000000000000000000, -0.000000000000000000, -1.000000000000000000 ) ) ;
#3200 = CARTESIAN_POINT ( 'NONE',  ( 0.000000000000000000, -15.99999999999998579, 0.000000000000000000 ) ) ;
#3201 = ORIENTED_EDGE ( 'NONE', *, *, #2149, .F. ) ;
#3202 = ORIENTED_EDGE ( 'NONE', *, *, #1099, .T. ) ;
#3203 = CARTESIAN_POINT ( 'NONE',  ( -18.00012207031303291, -35.50007057189900195, 0.000000000000000000 ) ) ;
#3204 = CARTESIAN_POINT ( 'NONE',  ( -56.25248347830570594, -45.92592313267459048, 28.04134375730104622 ) ) ;
#3205 = DIRECTION ( 'NONE',  ( -0.000000000000000000, -0.000000000000000000, -1.000000000000000000 ) ) ;
#3206 = ORIENTED_EDGE ( 'NONE', *, *, #1197, .F. ) ;
#3207 = CARTESIAN_POINT ( 'NONE',  ( -13.92494201660204212, -53.87510013580300949, 0.000000000000000000 ) ) ;
#3208 = DIRECTION ( 'NONE',  ( -4.180742545671762101E-15, -4.371140887755362005E-08, -0.9999999999999992228 ) ) ;
#3209 = EDGE_CURVE ( 'NONE', #1145, #697, #1539, .T. ) ;
#3210 = CARTESIAN_POINT ( 'NONE',  ( 17.99987792968801870, -35.50007057189900195, 0.000000000000000000 ) ) ;
#3211 = FACE_OUTER_BOUND ( 'NONE', #326, .T. ) ;
#3212 = EDGE_CURVE ( 'NONE', #2507, #1499, #2340, .T. ) ;
#3213 = EDGE_LOOP ( 'NONE', ( #1331, #1177, #1608, #3062 ) ) ;
#3214 = DIRECTION ( 'NONE',  ( 0.000000000000000000, 0.000000000000000000, -1.000000000000000000 ) ) ;
#3215 = CARTESIAN_POINT ( 'NONE',  ( 30.49987792968802225, -35.50007057189900195, 36.80533964865399810 ) ) ;
#3216 = EDGE_CURVE ( 'NONE', #2677, #1545, #2696, .T. ) ;
#3217 = ORIENTED_EDGE ( 'NONE', *, *, #1810, .F. ) ;
#3218 = DIRECTION ( 'NONE',  ( 1.000000000000000000, 0.000000000000000000, 0.000000000000000000 ) ) ;
#3219 = ORIENTED_EDGE ( 'NONE', *, *, #617, .F. ) ;
#3220 = LINE ( 'NONE', #2238, #33 ) ;
#3221 = DIRECTION ( 'NONE',  ( -1.000000000000000000, -2.102695122396129669E-16, 0.000000000000000000 ) ) ;
#3222 = EDGE_LOOP ( 'NONE', ( #2187, #1835, #451, #1451 ) ) ;
#3223 = CARTESIAN_POINT ( 'NONE',  ( 13.53999999999997605, -20.54000000000002757, 28.04134375730104622 ) ) ;
#3224 = CARTESIAN_POINT ( 'NONE',  ( -55.92498635059416046, -14.44500776255643437, 28.04134375730104622 ) ) ;
#3225 = CYLINDRICAL_SURFACE ( 'NONE', #1076, 1.000000000000000888 ) ;
#3226 = DIRECTION ( 'NONE',  ( 0.000000000000000000, 0.000000000000000000, 1.000000000000000000 ) ) ;
#3227 = EDGE_CURVE ( 'NONE', #3159, #875, #23, .T. ) ;
#3228 = EDGE_LOOP ( 'NONE', ( #1562, #2307, #2840, #813 ) ) ;
#3229 = CIRCLE ( 'NONE', #1243, 1.750000000000001554 ) ;
#3230 = DIRECTION ( 'NONE',  ( 0.000000000000000000, -0.000000000000000000, 1.000000000000000000 ) ) ;
#3231 = DIRECTION ( 'NONE',  ( 0.000000000000000000, -0.9999999999999991118, 4.371140884147631631E-08 ) ) ;
#3232 = EDGE_CURVE ( 'NONE', #2032, #2411, #3141, .T. ) ;
#3233 = VECTOR ( 'NONE', #1905, 1000.000000000000000 ) ;
#3234 = ORIENTED_EDGE ( 'NONE', *, *, #3123, .F. ) ;
#3235 = FACE_BOUND ( 'NONE', #3280, .T. ) ;
#3236 = AXIS2_PLACEMENT_3D ( 'NONE', #234, #528, #2643 ) ;
#3237 = ORIENTED_EDGE ( 'NONE', *, *, #3426, .T. ) ;
#3238 = DIRECTION ( 'NONE',  ( 0.000000000000000000, 1.000000000000000000, 0.000000000000000000 ) ) ;
#3239 = AXIS2_PLACEMENT_3D ( 'NONE', #2465, #3023, #2694 ) ;
#3240 = ORIENTED_EDGE ( 'NONE', *, *, #2064, .F. ) ;
#3241 = DIRECTION ( 'NONE',  ( 2.731848123972157184E-15, 1.000000000000000000, -0.000000000000000000 ) ) ;
#3242 = LINE ( 'NONE', #869, #870 ) ;
#3243 = CIRCLE ( 'NONE', #2241, 4.999999999999997335 ) ;
#3244 = DIRECTION ( 'NONE',  ( 1.000000000000000000, 0.000000000000000000, -4.180742545671766046E-15 ) ) ;
#3245 = AXIS2_PLACEMENT_3D ( 'NONE', #1493, #121, #1991 ) ;
#3246 = LINE ( 'NONE', #2936, #1732 ) ;
#3247 = CARTESIAN_POINT ( 'NONE',  ( 2.074954986571962312, -57.07508182525601370, 28.04134375730104622 ) ) ;
#3248 = AXIS2_PLACEMENT_3D ( 'NONE', #2987, #1926, #162 ) ;
#3249 = VERTEX_POINT ( 'NONE', #2191 ) ;
#3250 = ORIENTED_EDGE ( 'NONE', *, *, #307, .T. ) ;
#3251 = AXIS2_PLACEMENT_3D ( 'NONE', #3328, #1472, #2531 ) ;
#3252 = EDGE_CURVE ( 'NONE', #1155, #758, #2173, .T. ) ;
#3253 = LINE ( 'NONE', #876, #1793 ) ;
#3254 = DIRECTION ( 'NONE',  ( -1.000000000000000000, 0.000000000000000000, 0.000000000000000000 ) ) ;
#3255 = AXIS2_PLACEMENT_3D ( 'NONE', #1743, #103, #636 ) ;
#3256 = ORIENTED_EDGE ( 'NONE', *, *, #1398, .F. ) ;
#3257 = EDGE_CURVE ( 'NONE', #227, #1155, #159, .T. ) ;
#3258 = LINE ( 'NONE', #101, #1904 ) ;
#3259 = CIRCLE ( 'NONE', #1594, 12.50000000000000355 ) ;
#3260 = DIRECTION ( 'NONE',  ( -0.000000000000000000, -0.000000000000000000, -1.000000000000000000 ) ) ;
#3261 = ORIENTED_EDGE ( 'NONE', *, *, #882, .F. ) ;
#3262 = CARTESIAN_POINT ( 'NONE',  ( -56.25248347830570594, -31.76592310238539341, 28.04134375730104622 ) ) ;
#3263 = CARTESIAN_POINT ( 'NONE',  ( 50.52500172706440651, -40.76931592906048962, 0.000000000000000000 ) ) ;
#3264 = LINE ( 'NONE', #3277, #2469 ) ;
#3265 = ADVANCED_FACE ( 'NONE', ( #44 ), #1138, .F. ) ;
#3266 = LINE ( 'NONE', #887, #3233 ) ;
#3267 = LINE ( 'NONE', #314, #2908 ) ;
#3268 = ORIENTED_EDGE ( 'NONE', *, *, #783, .F. ) ;
#3269 = DIRECTION ( 'NONE',  ( -0.000000000000000000, 0.000000000000000000, -1.000000000000000000 ) ) ;
#3270 = VERTEX_POINT ( 'NONE', #2446 ) ;
#3271 = DIRECTION ( 'NONE',  ( -1.000000000000000000, 0.000000000000000000, 0.000000000000000000 ) ) ;
#3272 = CARTESIAN_POINT ( 'NONE',  ( 65.99999999999998579, -60.99999999999999289, 3.000000000000000000 ) ) ;
#3273 = EDGE_CURVE ( 'NONE', #1169, #2817, #2038, .T. ) ;
#3274 = VERTEX_POINT ( 'NONE', #2142 ) ;
#3275 = CARTESIAN_POINT ( 'NONE',  ( -58.50000000000000000, -55.00000000000000000, 3.000000000000000000 ) ) ;
#3276 = CARTESIAN_POINT ( 'NONE',  ( 36.50012016296398798, -5.499931335449008252, 3.000000000000000000 ) ) ;
#3277 = CARTESIAN_POINT ( 'NONE',  ( -15.67494201660204389, -55.62510013580300949, 28.04134375730104622 ) ) ;
#3278 = VERTEX_POINT ( 'NONE', #2660 ) ;
#3279 = DIRECTION ( 'NONE',  ( 0.000000000000000000, 0.000000000000000000, 1.000000000000000000 ) ) ;
#3280 = EDGE_LOOP ( 'NONE', ( #3193, #1465 ) ) ;
#3281 = CARTESIAN_POINT ( 'NONE',  ( 55.00000000000000000, 55.00000000000000711, 0.000000000000000000 ) ) ;
#3282 = DIRECTION ( 'NONE',  ( -0.000000000000000000, 0.000000000000000000, -1.000000000000000000 ) ) ;
#3283 =( LENGTH_UNIT ( ) NAMED_UNIT ( * ) SI_UNIT ( .MILLI., .METRE. ) );
#3284 = CC_DESIGN_PERSON_AND_ORGANIZATION_ASSIGNMENT ( #3057, #2240, ( #2381 ) ) ;
#3285 = ORIENTED_EDGE ( 'NONE', *, *, #2107, .F. ) ;
#3286 = DIRECTION ( 'NONE',  ( 1.000000000000000000, 0.000000000000000000, -0.000000000000000000 ) ) ;
#3287 = DIRECTION ( 'NONE',  ( -1.000000000000000000, 0.000000000000000000, 0.000000000000000000 ) ) ;
#3288 = VECTOR ( 'NONE', #1057, 1000.000000000000000 ) ;
#3289 = VERTEX_POINT ( 'NONE', #1087 ) ;
#3290 = CIRCLE ( 'NONE', #1791, 1.749999999999994671 ) ;
#3291 = EDGE_CURVE ( 'NONE', #73, #2049, #2868, .T. ) ;
#3292 = DIRECTION ( 'NONE',  ( -1.000000000000000000, 0.000000000000000000, 0.000000000000000000 ) ) ;
#3293 = CARTESIAN_POINT ( 'NONE',  ( 10.99999999999997513, -18.54000000000002757, 28.04134375730104622 ) ) ;
#3294 = AXIS2_PLACEMENT_3D ( 'NONE', #1875, #1579, #2937 ) ;
#3295 = CARTESIAN_POINT ( 'NONE',  ( 13.53999999999997783, -13.46000000000002927, 1.449999625923625857 ) ) ;
#3296 = DIRECTION ( 'NONE',  ( -0.000000000000000000, -0.000000000000000000, -1.000000000000000000 ) ) ;
#3297 = AXIS2_PLACEMENT_3D ( 'NONE', #664, #2779, #3039 ) ;
#3298 = EDGE_CURVE ( 'NONE', #2932, #1568, #2479, .T. ) ;
#3299 = CARTESIAN_POINT ( 'NONE',  ( -30.49987792968802225, -5.499931335448994929, 3.000000000000000000 ) ) ;
#3300 = AXIS2_PLACEMENT_3D ( 'NONE', #3420, #2865, #2352 ) ;
#3301 = EDGE_LOOP ( 'NONE', ( #1619, #600, #3188, #2609, #94, #2161, #1048, #2103 ) ) ;
#3302 = DIRECTION ( 'NONE',  ( -1.000000000000000000, 0.000000000000000000, 0.000000000000000000 ) ) ;
#3303 = CIRCLE ( 'NONE', #1146, 1.749999999999994671 ) ;
#3304 = DIRECTION ( 'NONE',  ( 0.000000000000000000, -0.9999999999999990008, 4.371140888484446276E-08 ) ) ;
#3305 = AXIS2_PLACEMENT_3D ( 'NONE', #572, #1397, #1384 ) ;
#3306 = VERTEX_POINT ( 'NONE', #2675 ) ;
#3307 = CARTESIAN_POINT ( 'NONE',  ( -66.00000000000001421, -61.00000000000000711, 0.000000000000000000 ) ) ;
#3308 = DIRECTION ( 'NONE',  ( 0.000000000000000000, -0.9999999999999991118, 4.371140887245352218E-08 ) ) ;
#3309 = ORIENTED_EDGE ( 'NONE', *, *, #988, .T. ) ;
#3310 = AXIS2_PLACEMENT_3D ( 'NONE', #1634, #1068, #1616 ) ;
#3311 = CARTESIAN_POINT ( 'NONE',  ( 53.13099752524905028, -29.59477641991259489, 0.000000000000000000 ) ) ;
#3312 = DIRECTION ( 'NONE',  ( 1.000000000000000000, 0.000000000000000000, 0.000000000000000000 ) ) ;
#3313 = DIRECTION ( 'NONE',  ( 0.000000000000000000, -0.9999999999999991118, 4.371140884147631631E-08 ) ) ;
#3314 = CARTESIAN_POINT ( 'NONE',  ( -56.25248347830570594, -31.76592310238539341, 0.000000000000000000 ) ) ;
#3315 = CARTESIAN_POINT ( 'NONE',  ( 37.99999999999998579, 26.00000000000002842, 3.000000000000000000 ) ) ;
#3316 = ADVANCED_FACE ( 'NONE', ( #530 ), #298, .T. ) ;
#3317 = ORIENTED_EDGE ( 'NONE', *, *, #950, .F. ) ;
#3318 = FACE_BOUND ( 'NONE', #1678, .T. ) ;
#3319 = PLANE ( 'NONE',  #1635 ) ;
#3320 =( NAMED_UNIT ( * ) SI_UNIT ( $, .STERADIAN. ) SOLID_ANGLE_UNIT ( ) );
#3321 = EDGE_LOOP ( 'NONE', ( #66, #3058, #583, #2377 ) ) ;
#3322 = DIRECTION ( 'NONE',  ( -0.000000000000000000, -0.000000000000000000, -1.000000000000000000 ) ) ;
#3323 = DIRECTION ( 'NONE',  ( 0.000000000000000000, -0.000000000000000000, -1.000000000000000000 ) ) ;
#3324 = EDGE_CURVE ( 'NONE', #3278, #2665, #990, .T. ) ;
#3325 = ORIENTED_EDGE ( 'NONE', *, *, #3324, .F. ) ;
#3326 = ORIENTED_EDGE ( 'NONE', *, *, #1936, .F. ) ;
#3327 = CARTESIAN_POINT ( 'NONE',  ( 55.00000000000000000, -55.00000000000000000, 3.000000000000000000 ) ) ;
#3328 = CARTESIAN_POINT ( 'NONE',  ( 47.02500206014519790, -33.14931592906049218, 28.04134375730104622 ) ) ;
#3329 = CC_DESIGN_DATE_AND_TIME_ASSIGNMENT ( #3373, #3094, ( #931 ) ) ;
#3330 = ORIENTED_EDGE ( 'NONE', *, *, #3339, .F. ) ;
#3331 = CARTESIAN_POINT ( 'NONE',  ( 0.3249549865719605357, -57.07508182525601370, 1.450001532400356341 ) ) ;
#3332 = CYLINDRICAL_SURFACE ( 'NONE', #83, 12.50000000000000355 ) ;
#3333 = VERTEX_POINT ( 'NONE', #565 ) ;
#3334 = DIRECTION ( 'NONE',  ( 0.000000000000000000, 0.000000000000000000, 1.000000000000000000 ) ) ;
#3335 = LINE ( 'NONE', #2260, #2914 ) ;
#3336 = DIRECTION ( 'NONE',  ( 1.000000000000000000, 0.000000000000000000, 0.000000000000000000 ) ) ;
#3337 = ORIENTED_EDGE ( 'NONE', *, *, #1009, .F. ) ;
#3338 = DIRECTION ( 'NONE',  ( -0.000000000000000000, -0.000000000000000000, 1.000000000000000000 ) ) ;
#3339 = EDGE_CURVE ( 'NONE', #2883, #1015, #2365, .T. ) ;
#3340 = DIRECTION ( 'NONE',  ( 0.000000000000000000, -1.000000000000000000, 0.000000000000000000 ) ) ;
#3341 = EDGE_LOOP ( 'NONE', ( #1559, #1803, #1031, #1206 ) ) ;
#3342 = VECTOR ( 'NONE', #797, 1000.000000000000000 ) ;
#3343 = FACE_OUTER_BOUND ( 'NONE', #3374, .T. ) ;
#3344 = DIRECTION ( 'NONE',  ( -1.000000000000000000, 0.000000000000000000, 0.000000000000000000 ) ) ;
#3345 = AXIS2_PLACEMENT_3D ( 'NONE', #2194, #2434, #3271 ) ;
#3346 = ORIENTED_EDGE ( 'NONE', *, *, #1522, .F. ) ;
#3347 = DIRECTION ( 'NONE',  ( -1.000000000000000000, 0.000000000000000000, 0.000000000000000000 ) ) ;
#3348 = AXIS2_PLACEMENT_3D ( 'NONE', #2729, #112, #3302 ) ;
#3349 = AXIS2_PLACEMENT_3D ( 'NONE', #3247, #71, #2153 ) ;
#3350 = EDGE_LOOP ( 'NONE', ( #2284, #230, #1826, #2236 ) ) ;
#3351 = DIRECTION ( 'NONE',  ( -1.000000000000000000, 0.000000000000000000, 0.000000000000000000 ) ) ;
#3352 = PLANE ( 'NONE',  #150 ) ;
#3353 = VECTOR ( 'NONE', #1383, 1000.000000000000000 ) ;
#3354 = EDGE_LOOP ( 'NONE', ( #1355, #851, #2555, #330 ) ) ;
#3355 = VECTOR ( 'NONE', #2037, 1000.000000000000000 ) ;
#3356 = DIRECTION ( 'NONE',  ( -0.000000000000000000, -0.000000000000000000, -1.000000000000000000 ) ) ;
#3357 = DIRECTION ( 'NONE',  ( -1.000000000000000000, -0.000000000000000000, -0.000000000000000000 ) ) ;
#3358 = VECTOR ( 'NONE', #1420, 1000.000000000000000 ) ;
#3359 = ADVANCED_FACE ( 'NONE', ( #1121 ), #826, .T. ) ;
#3360 = ORIENTED_EDGE ( 'NONE', *, *, #203, .F. ) ;
#3361 = VECTOR ( 'NONE', #2598, 1000.000000000000000 ) ;
#3362 = LINE ( 'NONE', #3311, #1530 ) ;
#3363 = DIRECTION ( 'NONE',  ( -1.000000000000000000, 0.000000000000000000, 0.000000000000000000 ) ) ;
#3364 =( GEOMETRIC_REPRESENTATION_CONTEXT ( 3 ) GLOBAL_UNCERTAINTY_ASSIGNED_CONTEXT ( ( #316 ) ) GLOBAL_UNIT_ASSIGNED_CONTEXT ( ( #3283, #1188, #3320 ) ) REPRESENTATION_CONTEXT ( 'NONE', 'WORKASPACE' ) );
#3365 = EDGE_CURVE ( 'NONE', #1123, #796, #2380, .T. ) ;
#3366 = VERTEX_POINT ( 'NONE', #1913 ) ;
#3367 = DIRECTION ( 'NONE',  ( -4.180742545671762101E-15, -4.371140887755362005E-08, -0.9999999999999992228 ) ) ;
#3368 = AXIS2_PLACEMENT_3D ( 'NONE', #2501, #2000, #2274 ) ;
#3369 = EDGE_CURVE ( 'NONE', #2879, #3249, #266, .T. ) ;
#3370 = ORIENTED_EDGE ( 'NONE', *, *, #3123, .T. ) ;
#3371 = VERTEX_POINT ( 'NONE', #549 ) ;
#3372 = DIRECTION ( 'NONE',  ( 0.000000000000000000, 0.000000000000000000, 1.000000000000000000 ) ) ;
#3373 = DATE_AND_TIME ( #3121, #2761 ) ;
#3374 = EDGE_LOOP ( 'NONE', ( #2366, #3107, #3422, #978 ) ) ;
#3375 = FACE_OUTER_BOUND ( 'NONE', #2996, .T. ) ;
#3376 = CARTESIAN_POINT ( 'NONE',  ( 8.999999999999976907, -18.54000000000002757, 1.449999847977608392 ) ) ;
#3377 = ORIENTED_EDGE ( 'NONE', *, *, #1837, .T. ) ;
#3378 = VERTEX_POINT ( 'NONE', #60 ) ;
#3379 = VERTEX_POINT ( 'NONE', #602 ) ;
#3380 = DIRECTION ( 'NONE',  ( -0.000000000000000000, 1.000000000000000000, -0.000000000000000000 ) ) ;
#3381 = FACE_OUTER_BOUND ( 'NONE', #3222, .T. ) ;
#3382 = ADVANCED_FACE ( 'NONE', ( #1603 ), #1878, .F. ) ;
#3383 = EDGE_LOOP ( 'NONE', ( #1277, #3237, #79, #1965 ) ) ;
#3384 = CARTESIAN_POINT ( 'NONE',  ( 2.074954986571962312, -58.82508182525602081, 28.04134375730104622 ) ) ;
#3385 = EDGE_CURVE ( 'NONE', #680, #2562, #1045, .T. ) ;
#3386 = EDGE_LOOP ( 'NONE', ( #1946, #1653 ) ) ;
#3387 = ORIENTED_EDGE ( 'NONE', *, *, #2633, .F. ) ;
#3388 = CARTESIAN_POINT ( 'NONE',  ( 30.49987792968802225, -35.50007057189900195, 36.80533964865399810 ) ) ;
#3389 = PERSON_AND_ORGANIZATION ( #659, #2589 ) ;
#3390 = ORIENTED_EDGE ( 'NONE', *, *, #3252, .F. ) ;
#3391 = DIRECTION ( 'NONE',  ( -4.180742545671762101E-15, -4.371140887755362005E-08, -0.9999999999999992228 ) ) ;
#3392 = APPROVAL ( #2769, 'UNSPECIFIED' ) ;
#3393 = FACE_OUTER_BOUND ( 'NONE', #3101, .T. ) ;
#3394 = EDGE_LOOP ( 'NONE', ( #1949, #2390, #167, #3119 ) ) ;
#3395 = DIRECTION ( 'NONE',  ( -4.180742545671762101E-15, -4.371140887755362005E-08, -0.9999999999999992228 ) ) ;
#3396 = CARTESIAN_POINT ( 'NONE',  ( 30.50012016296399153, -5.499931269881894735, 1.449999277977990886 ) ) ;
#3397 = DIRECTION ( 'NONE',  ( 0.000000000000000000, -0.9999999999999991118, 4.371140887245352218E-08 ) ) ;
#3398 = ORIENTED_EDGE ( 'NONE', *, *, #2967, .T. ) ;
#3399 = EDGE_CURVE ( 'NONE', #2614, #2382, #350, .T. ) ;
#3400 = FACE_OUTER_BOUND ( 'NONE', #222, .T. ) ;
#3401 = VECTOR ( 'NONE', #677, 1000.000000000000000 ) ;
#3402 = ADVANCED_FACE ( 'NONE', ( #891 ), #907, .F. ) ;
#3403 = VERTEX_POINT ( 'NONE', #1705 ) ;
#3404 = AXIS2_PLACEMENT_3D ( 'NONE', #474, #3078, #184 ) ;
#3405 = CARTESIAN_POINT ( 'NONE',  ( 0.000000000000000000, 48.00000000000002842, 3.000000000000000000 ) ) ;
#3406 = AXIS2_PLACEMENT_3D ( 'NONE', #469, #168, #1515 ) ;
#3407 = ADVANCED_FACE ( 'NONE', ( #422 ), #1684, .T. ) ;
#3408 = ORIENTED_EDGE ( 'NONE', *, *, #3434, .F. ) ;
#3409 = CARTESIAN_POINT ( 'NONE',  ( -30.50012207031303291, -35.50007057189900195, 1.450000589326601252 ) ) ;
#3410 = AXIS2_PLACEMENT_3D ( 'NONE', #1599, #2656, #1338 ) ;
#3411 = CARTESIAN_POINT ( 'NONE',  ( -57.67498535135182181, 8.414992237443547296, 0.000000000000000000 ) ) ;
#3412 = ORIENTED_EDGE ( 'NONE', *, *, #1227, .F. ) ;
#3413 = VECTOR ( 'NONE', #884, 1000.000000000000000 ) ;
#3414 = ORIENTED_EDGE ( 'NONE', *, *, #1382, .T. ) ;
#3415 = DIRECTION ( 'NONE',  ( 0.000000000000000000, 0.000000000000000000, -1.000000000000000000 ) ) ;
#3416 = CARTESIAN_POINT ( 'NONE',  ( -61.00000000000001421, -66.00000000000000000, 0.000000000000000000 ) ) ;
#3417 = CARTESIAN_POINT ( 'NONE',  ( 10.99999999999997513, -11.46000000000003105, 1.449999538500818641 ) ) ;
#3418 = AXIS2_PLACEMENT_3D ( 'NONE', #151, #1225, #1484 ) ;
#3419 = ORIENTED_EDGE ( 'NONE', *, *, #950, .T. ) ;
#3420 = CARTESIAN_POINT ( 'NONE',  ( -30.50012207031303291, -5.499931335448994929, 36.80533964865399810 ) ) ;
#3421 = AXIS2_PLACEMENT_3D ( 'NONE', #14, #881, #29 ) ;
#3422 = ORIENTED_EDGE ( 'NONE', *, *, #829, .F. ) ;
#3423 = AXIS2_PLACEMENT_3D ( 'NONE', #616, #1486, #683 ) ;
#3424 = FACE_OUTER_BOUND ( 'NONE', #1223, .T. ) ;
#3425 = APPROVAL_DATE_TIME ( #2322, #3175 ) ;
#3426 = EDGE_CURVE ( 'NONE', #2665, #2642, #2467, .T. ) ;
#3427 = ORIENTED_EDGE ( 'NONE', *, *, #1936, .T. ) ;
#3428 = DIRECTION ( 'NONE',  ( -1.000000000000000000, 0.000000000000000000, 0.000000000000000000 ) ) ;
#3429 = FACE_OUTER_BOUND ( 'NONE', #914, .T. ) ;
#3430 = EDGE_LOOP ( 'NONE', ( #1604, #2896, #702, #2502, #2626, #1857, #2115, #557, #1760, #497, #2834, #148, #2066 ) ) ;
#3431 = DIRECTION ( 'NONE',  ( -1.000000000000000000, 0.000000000000000000, 0.000000000000000000 ) ) ;
#3432 = LINE ( 'NONE', #535, #3024 ) ;
#3433 = DIRECTION ( 'NONE',  ( 0.9999999999999961142, 8.742277677795539484E-08, -8.002115286624055570E-15 ) ) ;
#3434 = EDGE_CURVE ( 'NONE', #2411, #2932, #927, .T. ) ;
#3435 = ORIENTED_EDGE ( 'NONE', *, *, #1681, .F. ) ;
#3436 = DIRECTION ( 'NONE',  ( -1.000000000000000000, -0.000000000000000000, -0.000000000000000000 ) ) ;
ENDSEC;
END-ISO-10303-21;
